[2026-07-15T10:41:31.569+0000] {processor.py:161} INFO - Started process (PID=1253) to work on /opt/airflow/dags/api_generation_dag1.py
[2026-07-15T10:41:31.571+0000] {processor.py:830} INFO - Processing file /opt/airflow/dags/api_generation_dag1.py for tasks to queue
[2026-07-15T10:41:31.573+0000] {logging_mixin.py:188} INFO - [2026-07-15T10:41:31.572+0000] {dagbag.py:540} INFO - Filling up the DagBag from /opt/airflow/dags/api_generation_dag1.py
[2026-07-15T10:41:31.609+0000] {processor.py:840} INFO - DAG(s) 'api_generation_dag1' retrieved from /opt/airflow/dags/api_generation_dag1.py
[2026-07-15T10:41:31.714+0000] {logging_mixin.py:188} INFO - [2026-07-15T10:41:31.714+0000] {dag.py:3096} INFO - Sync 1 DAGs
[2026-07-15T10:41:31.736+0000] {logging_mixin.py:188} INFO - [2026-07-15T10:41:31.735+0000] {dag.py:3954} INFO - Setting next_dagrun for api_generation_dag1 to 2026-07-15 10:00:00+00:00, run_after=2026-07-15 11:00:00+00:00
[2026-07-15T10:41:31.758+0000] {processor.py:183} INFO - Processing /opt/airflow/dags/api_generation_dag1.py took 0.194 seconds
[2026-07-15T10:42:02.519+0000] {processor.py:161} INFO - Started process (PID=1278) to work on /opt/airflow/dags/api_generation_dag1.py
[2026-07-15T10:42:02.520+0000] {processor.py:830} INFO - Processing file /opt/airflow/dags/api_generation_dag1.py for tasks to queue
[2026-07-15T10:42:02.523+0000] {logging_mixin.py:188} INFO - [2026-07-15T10:42:02.522+0000] {dagbag.py:540} INFO - Filling up the DagBag from /opt/airflow/dags/api_generation_dag1.py
[2026-07-15T10:42:02.550+0000] {processor.py:840} INFO - DAG(s) 'api_generation_dag1' retrieved from /opt/airflow/dags/api_generation_dag1.py
[2026-07-15T10:42:02.578+0000] {logging_mixin.py:188} INFO - [2026-07-15T10:42:02.576+0000] {dag.py:3096} INFO - Sync 1 DAGs
[2026-07-15T10:42:02.606+0000] {logging_mixin.py:188} INFO - [2026-07-15T10:42:02.606+0000] {dag.py:3954} INFO - Setting next_dagrun for api_generation_dag1 to 2026-07-15 10:00:00+00:00, run_after=2026-07-15 11:00:00+00:00
[2026-07-15T10:42:02.629+0000] {processor.py:183} INFO - Processing /opt/airflow/dags/api_generation_dag1.py took 0.118 seconds
[2026-07-15T10:42:33.122+0000] {processor.py:161} INFO - Started process (PID=1303) to work on /opt/airflow/dags/api_generation_dag1.py
[2026-07-15T10:42:33.123+0000] {processor.py:830} INFO - Processing file /opt/airflow/dags/api_generation_dag1.py for tasks to queue
[2026-07-15T10:42:33.126+0000] {logging_mixin.py:188} INFO - [2026-07-15T10:42:33.125+0000] {dagbag.py:540} INFO - Filling up the DagBag from /opt/airflow/dags/api_generation_dag1.py
[2026-07-15T10:42:33.160+0000] {processor.py:840} INFO - DAG(s) 'api_generation_dag1' retrieved from /opt/airflow/dags/api_generation_dag1.py
[2026-07-15T10:42:33.216+0000] {logging_mixin.py:188} INFO - [2026-07-15T10:42:33.215+0000] {dag.py:3096} INFO - Sync 1 DAGs
[2026-07-15T10:42:33.258+0000] {logging_mixin.py:188} INFO - [2026-07-15T10:42:33.258+0000] {dag.py:3954} INFO - Setting next_dagrun for api_generation_dag1 to 2026-07-15 10:00:00+00:00, run_after=2026-07-15 11:00:00+00:00
[2026-07-15T10:42:33.282+0000] {processor.py:183} INFO - Processing /opt/airflow/dags/api_generation_dag1.py took 0.168 seconds
[2026-07-15T10:43:04.186+0000] {processor.py:161} INFO - Started process (PID=1328) to work on /opt/airflow/dags/api_generation_dag1.py
[2026-07-15T10:43:04.188+0000] {processor.py:830} INFO - Processing file /opt/airflow/dags/api_generation_dag1.py for tasks to queue
[2026-07-15T10:43:04.190+0000] {logging_mixin.py:188} INFO - [2026-07-15T10:43:04.190+0000] {dagbag.py:540} INFO - Filling up the DagBag from /opt/airflow/dags/api_generation_dag1.py
[2026-07-15T10:43:04.217+0000] {processor.py:840} INFO - DAG(s) 'api_generation_dag1' retrieved from /opt/airflow/dags/api_generation_dag1.py
[2026-07-15T10:43:04.253+0000] {logging_mixin.py:188} INFO - [2026-07-15T10:43:04.252+0000] {dag.py:3096} INFO - Sync 1 DAGs
[2026-07-15T10:43:04.278+0000] {logging_mixin.py:188} INFO - [2026-07-15T10:43:04.277+0000] {dag.py:3954} INFO - Setting next_dagrun for api_generation_dag1 to 2026-07-15 10:00:00+00:00, run_after=2026-07-15 11:00:00+00:00
[2026-07-15T10:43:04.300+0000] {processor.py:183} INFO - Processing /opt/airflow/dags/api_generation_dag1.py took 0.121 seconds
[2026-07-15T10:43:34.955+0000] {processor.py:161} INFO - Started process (PID=1353) to work on /opt/airflow/dags/api_generation_dag1.py
[2026-07-15T10:43:34.957+0000] {processor.py:830} INFO - Processing file /opt/airflow/dags/api_generation_dag1.py for tasks to queue
[2026-07-15T10:43:34.959+0000] {logging_mixin.py:188} INFO - [2026-07-15T10:43:34.958+0000] {dagbag.py:540} INFO - Filling up the DagBag from /opt/airflow/dags/api_generation_dag1.py
[2026-07-15T10:43:34.983+0000] {processor.py:840} INFO - DAG(s) 'api_generation_dag1' retrieved from /opt/airflow/dags/api_generation_dag1.py
[2026-07-15T10:43:35.009+0000] {logging_mixin.py:188} INFO - [2026-07-15T10:43:35.009+0000] {dag.py:3096} INFO - Sync 1 DAGs
[2026-07-15T10:43:35.033+0000] {logging_mixin.py:188} INFO - [2026-07-15T10:43:35.033+0000] {dag.py:3954} INFO - Setting next_dagrun for api_generation_dag1 to 2026-07-15 10:00:00+00:00, run_after=2026-07-15 11:00:00+00:00
[2026-07-15T10:43:35.051+0000] {processor.py:183} INFO - Processing /opt/airflow/dags/api_generation_dag1.py took 0.103 seconds
[2026-07-15T10:44:05.709+0000] {processor.py:161} INFO - Started process (PID=1378) to work on /opt/airflow/dags/api_generation_dag1.py
[2026-07-15T10:44:05.710+0000] {processor.py:830} INFO - Processing file /opt/airflow/dags/api_generation_dag1.py for tasks to queue
[2026-07-15T10:44:05.712+0000] {logging_mixin.py:188} INFO - [2026-07-15T10:44:05.711+0000] {dagbag.py:540} INFO - Filling up the DagBag from /opt/airflow/dags/api_generation_dag1.py
[2026-07-15T10:44:05.732+0000] {processor.py:840} INFO - DAG(s) 'api_generation_dag1' retrieved from /opt/airflow/dags/api_generation_dag1.py
[2026-07-15T10:44:05.756+0000] {logging_mixin.py:188} INFO - [2026-07-15T10:44:05.756+0000] {dag.py:3096} INFO - Sync 1 DAGs
[2026-07-15T10:44:05.791+0000] {logging_mixin.py:188} INFO - [2026-07-15T10:44:05.791+0000] {dag.py:3954} INFO - Setting next_dagrun for api_generation_dag1 to 2026-07-15 10:00:00+00:00, run_after=2026-07-15 11:00:00+00:00
[2026-07-15T10:44:05.816+0000] {processor.py:183} INFO - Processing /opt/airflow/dags/api_generation_dag1.py took 0.112 seconds
[2026-07-15T10:44:36.478+0000] {processor.py:161} INFO - Started process (PID=1403) to work on /opt/airflow/dags/api_generation_dag1.py
[2026-07-15T10:44:36.480+0000] {processor.py:830} INFO - Processing file /opt/airflow/dags/api_generation_dag1.py for tasks to queue
[2026-07-15T10:44:36.481+0000] {logging_mixin.py:188} INFO - [2026-07-15T10:44:36.481+0000] {dagbag.py:540} INFO - Filling up the DagBag from /opt/airflow/dags/api_generation_dag1.py
[2026-07-15T10:44:36.503+0000] {processor.py:840} INFO - DAG(s) 'api_generation_dag1' retrieved from /opt/airflow/dags/api_generation_dag1.py
[2026-07-15T10:44:36.527+0000] {logging_mixin.py:188} INFO - [2026-07-15T10:44:36.526+0000] {dag.py:3096} INFO - Sync 1 DAGs
[2026-07-15T10:44:36.554+0000] {logging_mixin.py:188} INFO - [2026-07-15T10:44:36.554+0000] {dag.py:3954} INFO - Setting next_dagrun for api_generation_dag1 to 2026-07-15 10:00:00+00:00, run_after=2026-07-15 11:00:00+00:00
[2026-07-15T10:44:36.573+0000] {processor.py:183} INFO - Processing /opt/airflow/dags/api_generation_dag1.py took 0.105 seconds
[2026-07-15T10:45:07.212+0000] {processor.py:161} INFO - Started process (PID=1428) to work on /opt/airflow/dags/api_generation_dag1.py
[2026-07-15T10:45:07.217+0000] {processor.py:830} INFO - Processing file /opt/airflow/dags/api_generation_dag1.py for tasks to queue
[2026-07-15T10:45:07.222+0000] {logging_mixin.py:188} INFO - [2026-07-15T10:45:07.222+0000] {dagbag.py:540} INFO - Filling up the DagBag from /opt/airflow/dags/api_generation_dag1.py
[2026-07-15T10:45:07.258+0000] {processor.py:840} INFO - DAG(s) 'api_generation_dag1' retrieved from /opt/airflow/dags/api_generation_dag1.py
[2026-07-15T10:45:07.291+0000] {logging_mixin.py:188} INFO - [2026-07-15T10:45:07.291+0000] {dag.py:3096} INFO - Sync 1 DAGs
[2026-07-15T10:45:07.319+0000] {logging_mixin.py:188} INFO - [2026-07-15T10:45:07.319+0000] {dag.py:3954} INFO - Setting next_dagrun for api_generation_dag1 to 2026-07-15 10:00:00+00:00, run_after=2026-07-15 11:00:00+00:00
[2026-07-15T10:45:07.343+0000] {processor.py:183} INFO - Processing /opt/airflow/dags/api_generation_dag1.py took 0.138 seconds
[2026-07-15T10:45:38.053+0000] {processor.py:161} INFO - Started process (PID=1453) to work on /opt/airflow/dags/api_generation_dag1.py
[2026-07-15T10:45:38.055+0000] {processor.py:830} INFO - Processing file /opt/airflow/dags/api_generation_dag1.py for tasks to queue
[2026-07-15T10:45:38.057+0000] {logging_mixin.py:188} INFO - [2026-07-15T10:45:38.057+0000] {dagbag.py:540} INFO - Filling up the DagBag from /opt/airflow/dags/api_generation_dag1.py
[2026-07-15T10:45:38.101+0000] {processor.py:840} INFO - DAG(s) 'api_generation_dag1' retrieved from /opt/airflow/dags/api_generation_dag1.py
[2026-07-15T10:45:38.149+0000] {logging_mixin.py:188} INFO - [2026-07-15T10:45:38.149+0000] {dag.py:3096} INFO - Sync 1 DAGs
[2026-07-15T10:45:38.176+0000] {logging_mixin.py:188} INFO - [2026-07-15T10:45:38.176+0000] {dag.py:3954} INFO - Setting next_dagrun for api_generation_dag1 to 2026-07-15 10:00:00+00:00, run_after=2026-07-15 11:00:00+00:00
[2026-07-15T10:45:38.201+0000] {processor.py:183} INFO - Processing /opt/airflow/dags/api_generation_dag1.py took 0.156 seconds
[2026-07-15T10:46:08.810+0000] {processor.py:161} INFO - Started process (PID=1478) to work on /opt/airflow/dags/api_generation_dag1.py
[2026-07-15T10:46:08.812+0000] {processor.py:830} INFO - Processing file /opt/airflow/dags/api_generation_dag1.py for tasks to queue
[2026-07-15T10:46:08.815+0000] {logging_mixin.py:188} INFO - [2026-07-15T10:46:08.813+0000] {dagbag.py:540} INFO - Filling up the DagBag from /opt/airflow/dags/api_generation_dag1.py
[2026-07-15T10:46:08.839+0000] {processor.py:840} INFO - DAG(s) 'api_generation_dag1' retrieved from /opt/airflow/dags/api_generation_dag1.py
[2026-07-15T10:46:08.865+0000] {logging_mixin.py:188} INFO - [2026-07-15T10:46:08.864+0000] {dag.py:3096} INFO - Sync 1 DAGs
[2026-07-15T10:46:08.891+0000] {logging_mixin.py:188} INFO - [2026-07-15T10:46:08.890+0000] {dag.py:3954} INFO - Setting next_dagrun for api_generation_dag1 to 2026-07-15 10:00:00+00:00, run_after=2026-07-15 11:00:00+00:00
[2026-07-15T10:46:08.909+0000] {processor.py:183} INFO - Processing /opt/airflow/dags/api_generation_dag1.py took 0.105 seconds
[2026-07-15T10:46:39.656+0000] {processor.py:161} INFO - Started process (PID=1503) to work on /opt/airflow/dags/api_generation_dag1.py
[2026-07-15T10:46:39.658+0000] {processor.py:830} INFO - Processing file /opt/airflow/dags/api_generation_dag1.py for tasks to queue
[2026-07-15T10:46:39.660+0000] {logging_mixin.py:188} INFO - [2026-07-15T10:46:39.659+0000] {dagbag.py:540} INFO - Filling up the DagBag from /opt/airflow/dags/api_generation_dag1.py
[2026-07-15T10:46:39.686+0000] {processor.py:840} INFO - DAG(s) 'api_generation_dag1' retrieved from /opt/airflow/dags/api_generation_dag1.py
[2026-07-15T10:46:39.716+0000] {logging_mixin.py:188} INFO - [2026-07-15T10:46:39.716+0000] {dag.py:3096} INFO - Sync 1 DAGs
[2026-07-15T10:46:39.744+0000] {logging_mixin.py:188} INFO - [2026-07-15T10:46:39.744+0000] {dag.py:3954} INFO - Setting next_dagrun for api_generation_dag1 to 2026-07-15 10:00:00+00:00, run_after=2026-07-15 11:00:00+00:00
[2026-07-15T10:46:39.768+0000] {processor.py:183} INFO - Processing /opt/airflow/dags/api_generation_dag1.py took 0.118 seconds
[2026-07-15T10:47:10.289+0000] {processor.py:161} INFO - Started process (PID=1528) to work on /opt/airflow/dags/api_generation_dag1.py
[2026-07-15T10:47:10.291+0000] {processor.py:830} INFO - Processing file /opt/airflow/dags/api_generation_dag1.py for tasks to queue
[2026-07-15T10:47:10.293+0000] {logging_mixin.py:188} INFO - [2026-07-15T10:47:10.293+0000] {dagbag.py:540} INFO - Filling up the DagBag from /opt/airflow/dags/api_generation_dag1.py
[2026-07-15T10:47:10.316+0000] {processor.py:840} INFO - DAG(s) 'api_generation_dag1' retrieved from /opt/airflow/dags/api_generation_dag1.py
[2026-07-15T10:47:10.345+0000] {logging_mixin.py:188} INFO - [2026-07-15T10:47:10.345+0000] {dag.py:3096} INFO - Sync 1 DAGs
[2026-07-15T10:47:10.368+0000] {logging_mixin.py:188} INFO - [2026-07-15T10:47:10.367+0000] {dag.py:3954} INFO - Setting next_dagrun for api_generation_dag1 to 2026-07-15 10:00:00+00:00, run_after=2026-07-15 11:00:00+00:00
[2026-07-15T10:47:10.390+0000] {processor.py:183} INFO - Processing /opt/airflow/dags/api_generation_dag1.py took 0.109 seconds
[2026-07-15T10:47:41.110+0000] {processor.py:161} INFO - Started process (PID=1553) to work on /opt/airflow/dags/api_generation_dag1.py
[2026-07-15T10:47:41.111+0000] {processor.py:830} INFO - Processing file /opt/airflow/dags/api_generation_dag1.py for tasks to queue
[2026-07-15T10:47:41.113+0000] {logging_mixin.py:188} INFO - [2026-07-15T10:47:41.113+0000] {dagbag.py:540} INFO - Filling up the DagBag from /opt/airflow/dags/api_generation_dag1.py
[2026-07-15T10:47:41.141+0000] {processor.py:840} INFO - DAG(s) 'api_generation_dag1' retrieved from /opt/airflow/dags/api_generation_dag1.py
[2026-07-15T10:47:41.168+0000] {logging_mixin.py:188} INFO - [2026-07-15T10:47:41.168+0000] {dag.py:3096} INFO - Sync 1 DAGs
[2026-07-15T10:47:41.196+0000] {logging_mixin.py:188} INFO - [2026-07-15T10:47:41.195+0000] {dag.py:3954} INFO - Setting next_dagrun for api_generation_dag1 to 2026-07-15 10:00:00+00:00, run_after=2026-07-15 11:00:00+00:00
[2026-07-15T10:47:41.215+0000] {processor.py:183} INFO - Processing /opt/airflow/dags/api_generation_dag1.py took 0.110 seconds
[2026-07-15T10:48:11.852+0000] {processor.py:161} INFO - Started process (PID=1578) to work on /opt/airflow/dags/api_generation_dag1.py
[2026-07-15T10:48:11.853+0000] {processor.py:830} INFO - Processing file /opt/airflow/dags/api_generation_dag1.py for tasks to queue
[2026-07-15T10:48:11.855+0000] {logging_mixin.py:188} INFO - [2026-07-15T10:48:11.855+0000] {dagbag.py:540} INFO - Filling up the DagBag from /opt/airflow/dags/api_generation_dag1.py
[2026-07-15T10:48:11.878+0000] {processor.py:840} INFO - DAG(s) 'api_generation_dag1' retrieved from /opt/airflow/dags/api_generation_dag1.py
[2026-07-15T10:48:11.901+0000] {logging_mixin.py:188} INFO - [2026-07-15T10:48:11.901+0000] {dag.py:3096} INFO - Sync 1 DAGs
[2026-07-15T10:48:11.928+0000] {logging_mixin.py:188} INFO - [2026-07-15T10:48:11.928+0000] {dag.py:3954} INFO - Setting next_dagrun for api_generation_dag1 to 2026-07-15 10:00:00+00:00, run_after=2026-07-15 11:00:00+00:00
[2026-07-15T10:48:11.946+0000] {processor.py:183} INFO - Processing /opt/airflow/dags/api_generation_dag1.py took 0.099 seconds
[2026-07-15T10:48:42.602+0000] {processor.py:161} INFO - Started process (PID=1603) to work on /opt/airflow/dags/api_generation_dag1.py
[2026-07-15T10:48:42.603+0000] {processor.py:830} INFO - Processing file /opt/airflow/dags/api_generation_dag1.py for tasks to queue
[2026-07-15T10:48:42.604+0000] {logging_mixin.py:188} INFO - [2026-07-15T10:48:42.604+0000] {dagbag.py:540} INFO - Filling up the DagBag from /opt/airflow/dags/api_generation_dag1.py
[2026-07-15T10:48:42.622+0000] {processor.py:840} INFO - DAG(s) 'api_generation_dag1' retrieved from /opt/airflow/dags/api_generation_dag1.py
[2026-07-15T10:48:42.648+0000] {logging_mixin.py:188} INFO - [2026-07-15T10:48:42.648+0000] {dag.py:3096} INFO - Sync 1 DAGs
[2026-07-15T10:48:42.673+0000] {logging_mixin.py:188} INFO - [2026-07-15T10:48:42.673+0000] {dag.py:3954} INFO - Setting next_dagrun for api_generation_dag1 to 2026-07-15 10:00:00+00:00, run_after=2026-07-15 11:00:00+00:00
[2026-07-15T10:48:42.693+0000] {processor.py:183} INFO - Processing /opt/airflow/dags/api_generation_dag1.py took 0.097 seconds
[2026-07-15T10:49:13.425+0000] {processor.py:161} INFO - Started process (PID=1628) to work on /opt/airflow/dags/api_generation_dag1.py
[2026-07-15T10:49:13.427+0000] {processor.py:830} INFO - Processing file /opt/airflow/dags/api_generation_dag1.py for tasks to queue
[2026-07-15T10:49:13.428+0000] {logging_mixin.py:188} INFO - [2026-07-15T10:49:13.428+0000] {dagbag.py:540} INFO - Filling up the DagBag from /opt/airflow/dags/api_generation_dag1.py
[2026-07-15T10:49:13.454+0000] {processor.py:840} INFO - DAG(s) 'api_generation_dag1' retrieved from /opt/airflow/dags/api_generation_dag1.py
[2026-07-15T10:49:13.479+0000] {logging_mixin.py:188} INFO - [2026-07-15T10:49:13.479+0000] {dag.py:3096} INFO - Sync 1 DAGs
[2026-07-15T10:49:13.501+0000] {logging_mixin.py:188} INFO - [2026-07-15T10:49:13.501+0000] {dag.py:3954} INFO - Setting next_dagrun for api_generation_dag1 to 2026-07-15 10:00:00+00:00, run_after=2026-07-15 11:00:00+00:00
[2026-07-15T10:49:13.524+0000] {processor.py:183} INFO - Processing /opt/airflow/dags/api_generation_dag1.py took 0.108 seconds
[2026-07-15T10:49:44.219+0000] {processor.py:161} INFO - Started process (PID=1653) to work on /opt/airflow/dags/api_generation_dag1.py
[2026-07-15T10:49:44.220+0000] {processor.py:830} INFO - Processing file /opt/airflow/dags/api_generation_dag1.py for tasks to queue
[2026-07-15T10:49:44.222+0000] {logging_mixin.py:188} INFO - [2026-07-15T10:49:44.221+0000] {dagbag.py:540} INFO - Filling up the DagBag from /opt/airflow/dags/api_generation_dag1.py
[2026-07-15T10:49:44.248+0000] {processor.py:840} INFO - DAG(s) 'api_generation_dag1' retrieved from /opt/airflow/dags/api_generation_dag1.py
[2026-07-15T10:49:44.289+0000] {logging_mixin.py:188} INFO - [2026-07-15T10:49:44.288+0000] {dag.py:3096} INFO - Sync 1 DAGs
[2026-07-15T10:49:44.319+0000] {logging_mixin.py:188} INFO - [2026-07-15T10:49:44.319+0000] {dag.py:3954} INFO - Setting next_dagrun for api_generation_dag1 to 2026-07-15 10:00:00+00:00, run_after=2026-07-15 11:00:00+00:00
[2026-07-15T10:49:44.344+0000] {processor.py:183} INFO - Processing /opt/airflow/dags/api_generation_dag1.py took 0.132 seconds
[2026-07-15T10:50:15.054+0000] {processor.py:161} INFO - Started process (PID=1678) to work on /opt/airflow/dags/api_generation_dag1.py
[2026-07-15T10:50:15.056+0000] {processor.py:830} INFO - Processing file /opt/airflow/dags/api_generation_dag1.py for tasks to queue
[2026-07-15T10:50:15.058+0000] {logging_mixin.py:188} INFO - [2026-07-15T10:50:15.058+0000] {dagbag.py:540} INFO - Filling up the DagBag from /opt/airflow/dags/api_generation_dag1.py
[2026-07-15T10:50:15.090+0000] {processor.py:840} INFO - DAG(s) 'api_generation_dag1' retrieved from /opt/airflow/dags/api_generation_dag1.py
[2026-07-15T10:50:15.134+0000] {logging_mixin.py:188} INFO - [2026-07-15T10:50:15.133+0000] {dag.py:3096} INFO - Sync 1 DAGs
[2026-07-15T10:50:15.161+0000] {logging_mixin.py:188} INFO - [2026-07-15T10:50:15.161+0000] {dag.py:3954} INFO - Setting next_dagrun for api_generation_dag1 to 2026-07-15 10:00:00+00:00, run_after=2026-07-15 11:00:00+00:00
[2026-07-15T10:50:15.193+0000] {processor.py:183} INFO - Processing /opt/airflow/dags/api_generation_dag1.py took 0.152 seconds
[2026-07-15T10:50:45.794+0000] {processor.py:161} INFO - Started process (PID=1703) to work on /opt/airflow/dags/api_generation_dag1.py
[2026-07-15T10:50:45.795+0000] {processor.py:830} INFO - Processing file /opt/airflow/dags/api_generation_dag1.py for tasks to queue
[2026-07-15T10:50:45.797+0000] {logging_mixin.py:188} INFO - [2026-07-15T10:50:45.797+0000] {dagbag.py:540} INFO - Filling up the DagBag from /opt/airflow/dags/api_generation_dag1.py
[2026-07-15T10:50:45.822+0000] {processor.py:840} INFO - DAG(s) 'api_generation_dag1' retrieved from /opt/airflow/dags/api_generation_dag1.py
[2026-07-15T10:50:45.848+0000] {logging_mixin.py:188} INFO - [2026-07-15T10:50:45.848+0000] {dag.py:3096} INFO - Sync 1 DAGs
[2026-07-15T10:50:45.870+0000] {logging_mixin.py:188} INFO - [2026-07-15T10:50:45.870+0000] {dag.py:3954} INFO - Setting next_dagrun for api_generation_dag1 to 2026-07-15 10:00:00+00:00, run_after=2026-07-15 11:00:00+00:00
[2026-07-15T10:50:45.893+0000] {processor.py:183} INFO - Processing /opt/airflow/dags/api_generation_dag1.py took 0.109 seconds
[2026-07-15T10:51:16.547+0000] {processor.py:161} INFO - Started process (PID=1728) to work on /opt/airflow/dags/api_generation_dag1.py
[2026-07-15T10:51:16.549+0000] {processor.py:830} INFO - Processing file /opt/airflow/dags/api_generation_dag1.py for tasks to queue
[2026-07-15T10:51:16.551+0000] {logging_mixin.py:188} INFO - [2026-07-15T10:51:16.551+0000] {dagbag.py:540} INFO - Filling up the DagBag from /opt/airflow/dags/api_generation_dag1.py
[2026-07-15T10:51:16.574+0000] {processor.py:840} INFO - DAG(s) 'api_generation_dag1' retrieved from /opt/airflow/dags/api_generation_dag1.py
[2026-07-15T10:51:16.602+0000] {logging_mixin.py:188} INFO - [2026-07-15T10:51:16.602+0000] {dag.py:3096} INFO - Sync 1 DAGs
[2026-07-15T10:51:16.625+0000] {logging_mixin.py:188} INFO - [2026-07-15T10:51:16.625+0000] {dag.py:3954} INFO - Setting next_dagrun for api_generation_dag1 to 2026-07-15 10:00:00+00:00, run_after=2026-07-15 11:00:00+00:00
[2026-07-15T10:51:16.645+0000] {processor.py:183} INFO - Processing /opt/airflow/dags/api_generation_dag1.py took 0.104 seconds
[2026-07-15T10:51:47.355+0000] {processor.py:161} INFO - Started process (PID=1753) to work on /opt/airflow/dags/api_generation_dag1.py
[2026-07-15T10:51:47.356+0000] {processor.py:830} INFO - Processing file /opt/airflow/dags/api_generation_dag1.py for tasks to queue
[2026-07-15T10:51:47.358+0000] {logging_mixin.py:188} INFO - [2026-07-15T10:51:47.357+0000] {dagbag.py:540} INFO - Filling up the DagBag from /opt/airflow/dags/api_generation_dag1.py
[2026-07-15T10:51:47.374+0000] {processor.py:840} INFO - DAG(s) 'api_generation_dag1' retrieved from /opt/airflow/dags/api_generation_dag1.py
[2026-07-15T10:51:47.400+0000] {logging_mixin.py:188} INFO - [2026-07-15T10:51:47.400+0000] {dag.py:3096} INFO - Sync 1 DAGs
[2026-07-15T10:51:47.421+0000] {logging_mixin.py:188} INFO - [2026-07-15T10:51:47.421+0000] {dag.py:3954} INFO - Setting next_dagrun for api_generation_dag1 to 2026-07-15 10:00:00+00:00, run_after=2026-07-15 11:00:00+00:00
[2026-07-15T10:51:47.443+0000] {processor.py:183} INFO - Processing /opt/airflow/dags/api_generation_dag1.py took 0.096 seconds
[2026-07-15T10:52:18.235+0000] {processor.py:161} INFO - Started process (PID=1778) to work on /opt/airflow/dags/api_generation_dag1.py
[2026-07-15T10:52:18.237+0000] {processor.py:830} INFO - Processing file /opt/airflow/dags/api_generation_dag1.py for tasks to queue
[2026-07-15T10:52:18.238+0000] {logging_mixin.py:188} INFO - [2026-07-15T10:52:18.238+0000] {dagbag.py:540} INFO - Filling up the DagBag from /opt/airflow/dags/api_generation_dag1.py
[2026-07-15T10:52:18.263+0000] {processor.py:840} INFO - DAG(s) 'api_generation_dag1' retrieved from /opt/airflow/dags/api_generation_dag1.py
[2026-07-15T10:52:18.308+0000] {logging_mixin.py:188} INFO - [2026-07-15T10:52:18.308+0000] {dag.py:3096} INFO - Sync 1 DAGs
[2026-07-15T10:52:18.335+0000] {logging_mixin.py:188} INFO - [2026-07-15T10:52:18.335+0000] {dag.py:3954} INFO - Setting next_dagrun for api_generation_dag1 to 2026-07-15 10:00:00+00:00, run_after=2026-07-15 11:00:00+00:00
[2026-07-15T10:52:18.356+0000] {processor.py:183} INFO - Processing /opt/airflow/dags/api_generation_dag1.py took 0.128 seconds
[2026-07-15T10:52:48.980+0000] {processor.py:161} INFO - Started process (PID=1803) to work on /opt/airflow/dags/api_generation_dag1.py
[2026-07-15T10:52:48.981+0000] {processor.py:830} INFO - Processing file /opt/airflow/dags/api_generation_dag1.py for tasks to queue
[2026-07-15T10:52:48.983+0000] {logging_mixin.py:188} INFO - [2026-07-15T10:52:48.982+0000] {dagbag.py:540} INFO - Filling up the DagBag from /opt/airflow/dags/api_generation_dag1.py
[2026-07-15T10:52:49.006+0000] {processor.py:840} INFO - DAG(s) 'api_generation_dag1' retrieved from /opt/airflow/dags/api_generation_dag1.py
[2026-07-15T10:52:49.031+0000] {logging_mixin.py:188} INFO - [2026-07-15T10:52:49.031+0000] {dag.py:3096} INFO - Sync 1 DAGs
[2026-07-15T10:52:49.053+0000] {logging_mixin.py:188} INFO - [2026-07-15T10:52:49.052+0000] {dag.py:3954} INFO - Setting next_dagrun for api_generation_dag1 to 2026-07-15 10:00:00+00:00, run_after=2026-07-15 11:00:00+00:00
[2026-07-15T10:52:49.073+0000] {processor.py:183} INFO - Processing /opt/airflow/dags/api_generation_dag1.py took 0.101 seconds
[2026-07-15T10:53:19.785+0000] {processor.py:161} INFO - Started process (PID=1828) to work on /opt/airflow/dags/api_generation_dag1.py
[2026-07-15T10:53:19.787+0000] {processor.py:830} INFO - Processing file /opt/airflow/dags/api_generation_dag1.py for tasks to queue
[2026-07-15T10:53:19.791+0000] {logging_mixin.py:188} INFO - [2026-07-15T10:53:19.791+0000] {dagbag.py:540} INFO - Filling up the DagBag from /opt/airflow/dags/api_generation_dag1.py
[2026-07-15T10:53:19.824+0000] {processor.py:840} INFO - DAG(s) 'api_generation_dag1' retrieved from /opt/airflow/dags/api_generation_dag1.py
[2026-07-15T10:53:19.851+0000] {logging_mixin.py:188} INFO - [2026-07-15T10:53:19.851+0000] {dag.py:3096} INFO - Sync 1 DAGs
[2026-07-15T10:53:19.877+0000] {logging_mixin.py:188} INFO - [2026-07-15T10:53:19.877+0000] {dag.py:3954} INFO - Setting next_dagrun for api_generation_dag1 to 2026-07-15 10:00:00+00:00, run_after=2026-07-15 11:00:00+00:00
[2026-07-15T10:53:19.900+0000] {processor.py:183} INFO - Processing /opt/airflow/dags/api_generation_dag1.py took 0.120 seconds
[2026-07-15T10:53:50.546+0000] {processor.py:161} INFO - Started process (PID=1853) to work on /opt/airflow/dags/api_generation_dag1.py
[2026-07-15T10:53:50.548+0000] {processor.py:830} INFO - Processing file /opt/airflow/dags/api_generation_dag1.py for tasks to queue
[2026-07-15T10:53:50.550+0000] {logging_mixin.py:188} INFO - [2026-07-15T10:53:50.550+0000] {dagbag.py:540} INFO - Filling up the DagBag from /opt/airflow/dags/api_generation_dag1.py
[2026-07-15T10:53:50.577+0000] {processor.py:840} INFO - DAG(s) 'api_generation_dag1' retrieved from /opt/airflow/dags/api_generation_dag1.py
[2026-07-15T10:53:50.628+0000] {logging_mixin.py:188} INFO - [2026-07-15T10:53:50.628+0000] {dag.py:3096} INFO - Sync 1 DAGs
[2026-07-15T10:53:50.672+0000] {logging_mixin.py:188} INFO - [2026-07-15T10:53:50.671+0000] {dag.py:3954} INFO - Setting next_dagrun for api_generation_dag1 to 2026-07-15 10:00:00+00:00, run_after=2026-07-15 11:00:00+00:00
[2026-07-15T10:53:50.693+0000] {processor.py:183} INFO - Processing /opt/airflow/dags/api_generation_dag1.py took 0.153 seconds
[2026-07-15T10:54:21.352+0000] {processor.py:161} INFO - Started process (PID=1878) to work on /opt/airflow/dags/api_generation_dag1.py
[2026-07-15T10:54:21.354+0000] {processor.py:830} INFO - Processing file /opt/airflow/dags/api_generation_dag1.py for tasks to queue
[2026-07-15T10:54:21.356+0000] {logging_mixin.py:188} INFO - [2026-07-15T10:54:21.355+0000] {dagbag.py:540} INFO - Filling up the DagBag from /opt/airflow/dags/api_generation_dag1.py
[2026-07-15T10:54:21.376+0000] {processor.py:840} INFO - DAG(s) 'api_generation_dag1' retrieved from /opt/airflow/dags/api_generation_dag1.py
[2026-07-15T10:54:21.407+0000] {logging_mixin.py:188} INFO - [2026-07-15T10:54:21.407+0000] {dag.py:3096} INFO - Sync 1 DAGs
[2026-07-15T10:54:21.436+0000] {logging_mixin.py:188} INFO - [2026-07-15T10:54:21.435+0000] {dag.py:3954} INFO - Setting next_dagrun for api_generation_dag1 to 2026-07-15 10:00:00+00:00, run_after=2026-07-15 11:00:00+00:00
[2026-07-15T10:54:21.460+0000] {processor.py:183} INFO - Processing /opt/airflow/dags/api_generation_dag1.py took 0.116 seconds
[2026-07-15T10:54:52.063+0000] {processor.py:161} INFO - Started process (PID=1903) to work on /opt/airflow/dags/api_generation_dag1.py
[2026-07-15T10:54:52.065+0000] {processor.py:830} INFO - Processing file /opt/airflow/dags/api_generation_dag1.py for tasks to queue
[2026-07-15T10:54:52.068+0000] {logging_mixin.py:188} INFO - [2026-07-15T10:54:52.067+0000] {dagbag.py:540} INFO - Filling up the DagBag from /opt/airflow/dags/api_generation_dag1.py
[2026-07-15T10:54:52.093+0000] {processor.py:840} INFO - DAG(s) 'api_generation_dag1' retrieved from /opt/airflow/dags/api_generation_dag1.py
[2026-07-15T10:54:52.130+0000] {logging_mixin.py:188} INFO - [2026-07-15T10:54:52.129+0000] {dag.py:3096} INFO - Sync 1 DAGs
[2026-07-15T10:54:52.157+0000] {logging_mixin.py:188} INFO - [2026-07-15T10:54:52.157+0000] {dag.py:3954} INFO - Setting next_dagrun for api_generation_dag1 to 2026-07-15 10:00:00+00:00, run_after=2026-07-15 11:00:00+00:00
[2026-07-15T10:54:52.177+0000] {processor.py:183} INFO - Processing /opt/airflow/dags/api_generation_dag1.py took 0.121 seconds
[2026-07-15T10:55:22.963+0000] {processor.py:161} INFO - Started process (PID=1928) to work on /opt/airflow/dags/api_generation_dag1.py
[2026-07-15T10:55:22.965+0000] {processor.py:830} INFO - Processing file /opt/airflow/dags/api_generation_dag1.py for tasks to queue
[2026-07-15T10:55:22.966+0000] {logging_mixin.py:188} INFO - [2026-07-15T10:55:22.966+0000] {dagbag.py:540} INFO - Filling up the DagBag from /opt/airflow/dags/api_generation_dag1.py
[2026-07-15T10:55:22.993+0000] {processor.py:840} INFO - DAG(s) 'api_generation_dag1' retrieved from /opt/airflow/dags/api_generation_dag1.py
[2026-07-15T10:55:23.019+0000] {logging_mixin.py:188} INFO - [2026-07-15T10:55:23.019+0000] {dag.py:3096} INFO - Sync 1 DAGs
[2026-07-15T10:55:23.043+0000] {logging_mixin.py:188} INFO - [2026-07-15T10:55:23.043+0000] {dag.py:3954} INFO - Setting next_dagrun for api_generation_dag1 to 2026-07-15 10:00:00+00:00, run_after=2026-07-15 11:00:00+00:00
[2026-07-15T10:55:23.066+0000] {processor.py:183} INFO - Processing /opt/airflow/dags/api_generation_dag1.py took 0.110 seconds
[2026-07-15T10:55:53.666+0000] {processor.py:161} INFO - Started process (PID=1953) to work on /opt/airflow/dags/api_generation_dag1.py
[2026-07-15T10:55:53.667+0000] {processor.py:830} INFO - Processing file /opt/airflow/dags/api_generation_dag1.py for tasks to queue
[2026-07-15T10:55:53.669+0000] {logging_mixin.py:188} INFO - [2026-07-15T10:55:53.668+0000] {dagbag.py:540} INFO - Filling up the DagBag from /opt/airflow/dags/api_generation_dag1.py
[2026-07-15T10:55:53.686+0000] {processor.py:840} INFO - DAG(s) 'api_generation_dag1' retrieved from /opt/airflow/dags/api_generation_dag1.py
[2026-07-15T10:55:53.714+0000] {logging_mixin.py:188} INFO - [2026-07-15T10:55:53.714+0000] {dag.py:3096} INFO - Sync 1 DAGs
[2026-07-15T10:55:53.751+0000] {logging_mixin.py:188} INFO - [2026-07-15T10:55:53.751+0000] {dag.py:3954} INFO - Setting next_dagrun for api_generation_dag1 to 2026-07-15 10:00:00+00:00, run_after=2026-07-15 11:00:00+00:00
[2026-07-15T10:55:53.785+0000] {processor.py:183} INFO - Processing /opt/airflow/dags/api_generation_dag1.py took 0.125 seconds
[2026-07-15T10:56:24.453+0000] {processor.py:161} INFO - Started process (PID=1978) to work on /opt/airflow/dags/api_generation_dag1.py
[2026-07-15T10:56:24.454+0000] {processor.py:830} INFO - Processing file /opt/airflow/dags/api_generation_dag1.py for tasks to queue
[2026-07-15T10:56:24.456+0000] {logging_mixin.py:188} INFO - [2026-07-15T10:56:24.456+0000] {dagbag.py:540} INFO - Filling up the DagBag from /opt/airflow/dags/api_generation_dag1.py
[2026-07-15T10:56:24.473+0000] {processor.py:840} INFO - DAG(s) 'api_generation_dag1' retrieved from /opt/airflow/dags/api_generation_dag1.py
[2026-07-15T10:56:24.505+0000] {logging_mixin.py:188} INFO - [2026-07-15T10:56:24.504+0000] {dag.py:3096} INFO - Sync 1 DAGs
[2026-07-15T10:56:24.530+0000] {logging_mixin.py:188} INFO - [2026-07-15T10:56:24.530+0000] {dag.py:3954} INFO - Setting next_dagrun for api_generation_dag1 to 2026-07-15 10:00:00+00:00, run_after=2026-07-15 11:00:00+00:00
[2026-07-15T10:56:24.549+0000] {processor.py:183} INFO - Processing /opt/airflow/dags/api_generation_dag1.py took 0.102 seconds
[2026-07-15T10:56:55.335+0000] {processor.py:161} INFO - Started process (PID=2003) to work on /opt/airflow/dags/api_generation_dag1.py
[2026-07-15T10:56:55.337+0000] {processor.py:830} INFO - Processing file /opt/airflow/dags/api_generation_dag1.py for tasks to queue
[2026-07-15T10:56:55.339+0000] {logging_mixin.py:188} INFO - [2026-07-15T10:56:55.338+0000] {dagbag.py:540} INFO - Filling up the DagBag from /opt/airflow/dags/api_generation_dag1.py
[2026-07-15T10:56:55.379+0000] {processor.py:840} INFO - DAG(s) 'api_generation_dag1' retrieved from /opt/airflow/dags/api_generation_dag1.py
[2026-07-15T10:56:55.415+0000] {logging_mixin.py:188} INFO - [2026-07-15T10:56:55.415+0000] {dag.py:3096} INFO - Sync 1 DAGs
[2026-07-15T10:56:55.440+0000] {logging_mixin.py:188} INFO - [2026-07-15T10:56:55.440+0000] {dag.py:3954} INFO - Setting next_dagrun for api_generation_dag1 to 2026-07-15 10:00:00+00:00, run_after=2026-07-15 11:00:00+00:00
[2026-07-15T10:56:55.460+0000] {processor.py:183} INFO - Processing /opt/airflow/dags/api_generation_dag1.py took 0.133 seconds
[2026-07-15T10:57:26.205+0000] {processor.py:161} INFO - Started process (PID=2028) to work on /opt/airflow/dags/api_generation_dag1.py
[2026-07-15T10:57:26.206+0000] {processor.py:830} INFO - Processing file /opt/airflow/dags/api_generation_dag1.py for tasks to queue
[2026-07-15T10:57:26.209+0000] {logging_mixin.py:188} INFO - [2026-07-15T10:57:26.208+0000] {dagbag.py:540} INFO - Filling up the DagBag from /opt/airflow/dags/api_generation_dag1.py
[2026-07-15T10:57:26.235+0000] {processor.py:840} INFO - DAG(s) 'api_generation_dag1' retrieved from /opt/airflow/dags/api_generation_dag1.py
[2026-07-15T10:57:26.261+0000] {logging_mixin.py:188} INFO - [2026-07-15T10:57:26.261+0000] {dag.py:3096} INFO - Sync 1 DAGs
[2026-07-15T10:57:26.284+0000] {logging_mixin.py:188} INFO - [2026-07-15T10:57:26.284+0000] {dag.py:3954} INFO - Setting next_dagrun for api_generation_dag1 to 2026-07-15 10:00:00+00:00, run_after=2026-07-15 11:00:00+00:00
[2026-07-15T10:57:26.306+0000] {processor.py:183} INFO - Processing /opt/airflow/dags/api_generation_dag1.py took 0.108 seconds
[2026-07-15T10:57:56.951+0000] {processor.py:161} INFO - Started process (PID=2053) to work on /opt/airflow/dags/api_generation_dag1.py
[2026-07-15T10:57:56.953+0000] {processor.py:830} INFO - Processing file /opt/airflow/dags/api_generation_dag1.py for tasks to queue
[2026-07-15T10:57:56.955+0000] {logging_mixin.py:188} INFO - [2026-07-15T10:57:56.955+0000] {dagbag.py:540} INFO - Filling up the DagBag from /opt/airflow/dags/api_generation_dag1.py
[2026-07-15T10:57:56.994+0000] {processor.py:840} INFO - DAG(s) 'api_generation_dag1' retrieved from /opt/airflow/dags/api_generation_dag1.py
[2026-07-15T10:57:57.039+0000] {logging_mixin.py:188} INFO - [2026-07-15T10:57:57.039+0000] {dag.py:3096} INFO - Sync 1 DAGs
[2026-07-15T10:57:57.069+0000] {logging_mixin.py:188} INFO - [2026-07-15T10:57:57.069+0000] {dag.py:3954} INFO - Setting next_dagrun for api_generation_dag1 to 2026-07-15 10:00:00+00:00, run_after=2026-07-15 11:00:00+00:00
[2026-07-15T10:57:57.090+0000] {processor.py:183} INFO - Processing /opt/airflow/dags/api_generation_dag1.py took 0.145 seconds
[2026-07-15T10:58:27.739+0000] {processor.py:161} INFO - Started process (PID=2078) to work on /opt/airflow/dags/api_generation_dag1.py
[2026-07-15T10:58:27.740+0000] {processor.py:830} INFO - Processing file /opt/airflow/dags/api_generation_dag1.py for tasks to queue
[2026-07-15T10:58:27.742+0000] {logging_mixin.py:188} INFO - [2026-07-15T10:58:27.742+0000] {dagbag.py:540} INFO - Filling up the DagBag from /opt/airflow/dags/api_generation_dag1.py
[2026-07-15T10:58:27.767+0000] {processor.py:840} INFO - DAG(s) 'api_generation_dag1' retrieved from /opt/airflow/dags/api_generation_dag1.py
[2026-07-15T10:58:27.796+0000] {logging_mixin.py:188} INFO - [2026-07-15T10:58:27.796+0000] {dag.py:3096} INFO - Sync 1 DAGs
[2026-07-15T10:58:27.821+0000] {logging_mixin.py:188} INFO - [2026-07-15T10:58:27.821+0000] {dag.py:3954} INFO - Setting next_dagrun for api_generation_dag1 to 2026-07-15 10:00:00+00:00, run_after=2026-07-15 11:00:00+00:00
[2026-07-15T10:58:27.847+0000] {processor.py:183} INFO - Processing /opt/airflow/dags/api_generation_dag1.py took 0.115 seconds
[2026-07-15T10:58:58.484+0000] {processor.py:161} INFO - Started process (PID=2103) to work on /opt/airflow/dags/api_generation_dag1.py
[2026-07-15T10:58:58.488+0000] {processor.py:830} INFO - Processing file /opt/airflow/dags/api_generation_dag1.py for tasks to queue
[2026-07-15T10:58:58.490+0000] {logging_mixin.py:188} INFO - [2026-07-15T10:58:58.489+0000] {dagbag.py:540} INFO - Filling up the DagBag from /opt/airflow/dags/api_generation_dag1.py
[2026-07-15T10:58:58.521+0000] {processor.py:840} INFO - DAG(s) 'api_generation_dag1' retrieved from /opt/airflow/dags/api_generation_dag1.py
[2026-07-15T10:58:58.566+0000] {logging_mixin.py:188} INFO - [2026-07-15T10:58:58.565+0000] {dag.py:3096} INFO - Sync 1 DAGs
[2026-07-15T10:58:58.603+0000] {logging_mixin.py:188} INFO - [2026-07-15T10:58:58.603+0000] {dag.py:3954} INFO - Setting next_dagrun for api_generation_dag1 to 2026-07-15 10:00:00+00:00, run_after=2026-07-15 11:00:00+00:00
[2026-07-15T10:58:58.630+0000] {processor.py:183} INFO - Processing /opt/airflow/dags/api_generation_dag1.py took 0.153 seconds
[2026-07-15T10:59:29.405+0000] {processor.py:161} INFO - Started process (PID=2128) to work on /opt/airflow/dags/api_generation_dag1.py
[2026-07-15T10:59:29.407+0000] {processor.py:830} INFO - Processing file /opt/airflow/dags/api_generation_dag1.py for tasks to queue
[2026-07-15T10:59:29.411+0000] {logging_mixin.py:188} INFO - [2026-07-15T10:59:29.410+0000] {dagbag.py:540} INFO - Filling up the DagBag from /opt/airflow/dags/api_generation_dag1.py
[2026-07-15T10:59:29.449+0000] {processor.py:840} INFO - DAG(s) 'api_generation_dag1' retrieved from /opt/airflow/dags/api_generation_dag1.py
[2026-07-15T10:59:29.499+0000] {logging_mixin.py:188} INFO - [2026-07-15T10:59:29.499+0000] {dag.py:3096} INFO - Sync 1 DAGs
[2026-07-15T10:59:29.536+0000] {logging_mixin.py:188} INFO - [2026-07-15T10:59:29.535+0000] {dag.py:3954} INFO - Setting next_dagrun for api_generation_dag1 to 2026-07-15 10:00:00+00:00, run_after=2026-07-15 11:00:00+00:00
[2026-07-15T10:59:29.563+0000] {processor.py:183} INFO - Processing /opt/airflow/dags/api_generation_dag1.py took 0.166 seconds
[2026-07-15T11:00:00.253+0000] {processor.py:161} INFO - Started process (PID=2153) to work on /opt/airflow/dags/api_generation_dag1.py
[2026-07-15T11:00:00.254+0000] {processor.py:830} INFO - Processing file /opt/airflow/dags/api_generation_dag1.py for tasks to queue
[2026-07-15T11:00:00.256+0000] {logging_mixin.py:188} INFO - [2026-07-15T11:00:00.256+0000] {dagbag.py:540} INFO - Filling up the DagBag from /opt/airflow/dags/api_generation_dag1.py
[2026-07-15T11:00:00.291+0000] {processor.py:840} INFO - DAG(s) 'api_generation_dag1' retrieved from /opt/airflow/dags/api_generation_dag1.py
[2026-07-15T11:00:00.319+0000] {logging_mixin.py:188} INFO - [2026-07-15T11:00:00.318+0000] {dag.py:3096} INFO - Sync 1 DAGs
[2026-07-15T11:00:00.343+0000] {logging_mixin.py:188} INFO - [2026-07-15T11:00:00.343+0000] {dag.py:3954} INFO - Setting next_dagrun for api_generation_dag1 to 2026-07-15 10:00:00+00:00, run_after=2026-07-15 11:00:00+00:00
[2026-07-15T11:00:00.366+0000] {processor.py:183} INFO - Processing /opt/airflow/dags/api_generation_dag1.py took 0.120 seconds
[2026-07-15T11:00:30.922+0000] {processor.py:161} INFO - Started process (PID=2178) to work on /opt/airflow/dags/api_generation_dag1.py
[2026-07-15T11:00:30.924+0000] {processor.py:830} INFO - Processing file /opt/airflow/dags/api_generation_dag1.py for tasks to queue
[2026-07-15T11:00:30.926+0000] {logging_mixin.py:188} INFO - [2026-07-15T11:00:30.925+0000] {dagbag.py:540} INFO - Filling up the DagBag from /opt/airflow/dags/api_generation_dag1.py
[2026-07-15T11:00:30.957+0000] {processor.py:840} INFO - DAG(s) 'api_generation_dag1' retrieved from /opt/airflow/dags/api_generation_dag1.py
[2026-07-15T11:00:31.007+0000] {logging_mixin.py:188} INFO - [2026-07-15T11:00:31.007+0000] {dag.py:3096} INFO - Sync 1 DAGs
[2026-07-15T11:00:31.046+0000] {logging_mixin.py:188} INFO - [2026-07-15T11:00:31.046+0000] {dag.py:3954} INFO - Setting next_dagrun for api_generation_dag1 to 2026-07-15 10:00:00+00:00, run_after=2026-07-15 11:00:00+00:00
[2026-07-15T11:00:31.066+0000] {processor.py:183} INFO - Processing /opt/airflow/dags/api_generation_dag1.py took 0.152 seconds
[2026-07-15T11:01:01.795+0000] {processor.py:161} INFO - Started process (PID=2203) to work on /opt/airflow/dags/api_generation_dag1.py
[2026-07-15T11:01:01.797+0000] {processor.py:830} INFO - Processing file /opt/airflow/dags/api_generation_dag1.py for tasks to queue
[2026-07-15T11:01:01.798+0000] {logging_mixin.py:188} INFO - [2026-07-15T11:01:01.798+0000] {dagbag.py:540} INFO - Filling up the DagBag from /opt/airflow/dags/api_generation_dag1.py
[2026-07-15T11:01:01.818+0000] {processor.py:840} INFO - DAG(s) 'api_generation_dag1' retrieved from /opt/airflow/dags/api_generation_dag1.py
[2026-07-15T11:01:01.846+0000] {logging_mixin.py:188} INFO - [2026-07-15T11:01:01.846+0000] {dag.py:3096} INFO - Sync 1 DAGs
[2026-07-15T11:01:01.871+0000] {logging_mixin.py:188} INFO - [2026-07-15T11:01:01.870+0000] {dag.py:3954} INFO - Setting next_dagrun for api_generation_dag1 to 2026-07-15 10:00:00+00:00, run_after=2026-07-15 11:00:00+00:00
[2026-07-15T11:01:01.893+0000] {processor.py:183} INFO - Processing /opt/airflow/dags/api_generation_dag1.py took 0.103 seconds
[2026-07-15T11:01:32.563+0000] {processor.py:161} INFO - Started process (PID=2228) to work on /opt/airflow/dags/api_generation_dag1.py
[2026-07-15T11:01:32.564+0000] {processor.py:830} INFO - Processing file /opt/airflow/dags/api_generation_dag1.py for tasks to queue
[2026-07-15T11:01:32.566+0000] {logging_mixin.py:188} INFO - [2026-07-15T11:01:32.566+0000] {dagbag.py:540} INFO - Filling up the DagBag from /opt/airflow/dags/api_generation_dag1.py
[2026-07-15T11:01:32.584+0000] {processor.py:840} INFO - DAG(s) 'api_generation_dag1' retrieved from /opt/airflow/dags/api_generation_dag1.py
[2026-07-15T11:01:32.614+0000] {logging_mixin.py:188} INFO - [2026-07-15T11:01:32.614+0000] {dag.py:3096} INFO - Sync 1 DAGs
[2026-07-15T11:01:32.638+0000] {logging_mixin.py:188} INFO - [2026-07-15T11:01:32.637+0000] {dag.py:3954} INFO - Setting next_dagrun for api_generation_dag1 to 2026-07-15 10:00:00+00:00, run_after=2026-07-15 11:00:00+00:00
[2026-07-15T11:01:32.660+0000] {processor.py:183} INFO - Processing /opt/airflow/dags/api_generation_dag1.py took 0.103 seconds
[2026-07-15T11:02:03.514+0000] {processor.py:161} INFO - Started process (PID=2253) to work on /opt/airflow/dags/api_generation_dag1.py
[2026-07-15T11:02:03.516+0000] {processor.py:830} INFO - Processing file /opt/airflow/dags/api_generation_dag1.py for tasks to queue
[2026-07-15T11:02:03.518+0000] {logging_mixin.py:188} INFO - [2026-07-15T11:02:03.517+0000] {dagbag.py:540} INFO - Filling up the DagBag from /opt/airflow/dags/api_generation_dag1.py
[2026-07-15T11:02:03.544+0000] {processor.py:840} INFO - DAG(s) 'api_generation_dag1' retrieved from /opt/airflow/dags/api_generation_dag1.py
[2026-07-15T11:02:03.576+0000] {logging_mixin.py:188} INFO - [2026-07-15T11:02:03.576+0000] {dag.py:3096} INFO - Sync 1 DAGs
[2026-07-15T11:02:03.600+0000] {logging_mixin.py:188} INFO - [2026-07-15T11:02:03.600+0000] {dag.py:3954} INFO - Setting next_dagrun for api_generation_dag1 to 2026-07-15 10:00:00+00:00, run_after=2026-07-15 11:00:00+00:00
[2026-07-15T11:02:03.618+0000] {processor.py:183} INFO - Processing /opt/airflow/dags/api_generation_dag1.py took 0.114 seconds
[2026-07-15T11:02:34.293+0000] {processor.py:161} INFO - Started process (PID=2278) to work on /opt/airflow/dags/api_generation_dag1.py
[2026-07-15T11:02:34.294+0000] {processor.py:830} INFO - Processing file /opt/airflow/dags/api_generation_dag1.py for tasks to queue
[2026-07-15T11:02:34.297+0000] {logging_mixin.py:188} INFO - [2026-07-15T11:02:34.297+0000] {dagbag.py:540} INFO - Filling up the DagBag from /opt/airflow/dags/api_generation_dag1.py
[2026-07-15T11:02:34.326+0000] {processor.py:840} INFO - DAG(s) 'api_generation_dag1' retrieved from /opt/airflow/dags/api_generation_dag1.py
[2026-07-15T11:02:34.357+0000] {logging_mixin.py:188} INFO - [2026-07-15T11:02:34.357+0000] {dag.py:3096} INFO - Sync 1 DAGs
[2026-07-15T11:02:34.384+0000] {logging_mixin.py:188} INFO - [2026-07-15T11:02:34.383+0000] {dag.py:3954} INFO - Setting next_dagrun for api_generation_dag1 to 2026-07-15 10:00:00+00:00, run_after=2026-07-15 11:00:00+00:00
[2026-07-15T11:02:34.407+0000] {processor.py:183} INFO - Processing /opt/airflow/dags/api_generation_dag1.py took 0.121 seconds
[2026-07-15T11:03:05.096+0000] {processor.py:161} INFO - Started process (PID=2303) to work on /opt/airflow/dags/api_generation_dag1.py
[2026-07-15T11:03:05.099+0000] {processor.py:830} INFO - Processing file /opt/airflow/dags/api_generation_dag1.py for tasks to queue
[2026-07-15T11:03:05.101+0000] {logging_mixin.py:188} INFO - [2026-07-15T11:03:05.101+0000] {dagbag.py:540} INFO - Filling up the DagBag from /opt/airflow/dags/api_generation_dag1.py
[2026-07-15T11:03:05.156+0000] {processor.py:840} INFO - DAG(s) 'api_generation_dag1' retrieved from /opt/airflow/dags/api_generation_dag1.py
[2026-07-15T11:03:05.205+0000] {logging_mixin.py:188} INFO - [2026-07-15T11:03:05.205+0000] {dag.py:3096} INFO - Sync 1 DAGs
[2026-07-15T11:03:05.239+0000] {logging_mixin.py:188} INFO - [2026-07-15T11:03:05.239+0000] {dag.py:3954} INFO - Setting next_dagrun for api_generation_dag1 to 2026-07-15 10:00:00+00:00, run_after=2026-07-15 11:00:00+00:00
[2026-07-15T11:03:05.260+0000] {processor.py:183} INFO - Processing /opt/airflow/dags/api_generation_dag1.py took 0.169 seconds
[2026-07-15T11:03:35.872+0000] {processor.py:161} INFO - Started process (PID=2328) to work on /opt/airflow/dags/api_generation_dag1.py
[2026-07-15T11:03:35.874+0000] {processor.py:830} INFO - Processing file /opt/airflow/dags/api_generation_dag1.py for tasks to queue
[2026-07-15T11:03:35.878+0000] {logging_mixin.py:188} INFO - [2026-07-15T11:03:35.877+0000] {dagbag.py:540} INFO - Filling up the DagBag from /opt/airflow/dags/api_generation_dag1.py
[2026-07-15T11:03:35.910+0000] {processor.py:840} INFO - DAG(s) 'api_generation_dag1' retrieved from /opt/airflow/dags/api_generation_dag1.py
[2026-07-15T11:03:35.943+0000] {logging_mixin.py:188} INFO - [2026-07-15T11:03:35.943+0000] {dag.py:3096} INFO - Sync 1 DAGs
[2026-07-15T11:03:35.967+0000] {logging_mixin.py:188} INFO - [2026-07-15T11:03:35.967+0000] {dag.py:3954} INFO - Setting next_dagrun for api_generation_dag1 to 2026-07-15 10:00:00+00:00, run_after=2026-07-15 11:00:00+00:00
[2026-07-15T11:03:35.988+0000] {processor.py:183} INFO - Processing /opt/airflow/dags/api_generation_dag1.py took 0.123 seconds
[2026-07-15T11:04:06.668+0000] {processor.py:161} INFO - Started process (PID=2353) to work on /opt/airflow/dags/api_generation_dag1.py
[2026-07-15T11:04:06.670+0000] {processor.py:830} INFO - Processing file /opt/airflow/dags/api_generation_dag1.py for tasks to queue
[2026-07-15T11:04:06.673+0000] {logging_mixin.py:188} INFO - [2026-07-15T11:04:06.672+0000] {dagbag.py:540} INFO - Filling up the DagBag from /opt/airflow/dags/api_generation_dag1.py
[2026-07-15T11:04:06.703+0000] {processor.py:840} INFO - DAG(s) 'api_generation_dag1' retrieved from /opt/airflow/dags/api_generation_dag1.py
[2026-07-15T11:04:06.739+0000] {logging_mixin.py:188} INFO - [2026-07-15T11:04:06.738+0000] {dag.py:3096} INFO - Sync 1 DAGs
[2026-07-15T11:04:06.776+0000] {logging_mixin.py:188} INFO - [2026-07-15T11:04:06.776+0000] {dag.py:3954} INFO - Setting next_dagrun for api_generation_dag1 to 2026-07-15 10:00:00+00:00, run_after=2026-07-15 11:00:00+00:00
[2026-07-15T11:04:06.801+0000] {processor.py:183} INFO - Processing /opt/airflow/dags/api_generation_dag1.py took 0.143 seconds
[2026-07-15T11:04:37.476+0000] {processor.py:161} INFO - Started process (PID=2378) to work on /opt/airflow/dags/api_generation_dag1.py
[2026-07-15T11:04:37.478+0000] {processor.py:830} INFO - Processing file /opt/airflow/dags/api_generation_dag1.py for tasks to queue
[2026-07-15T11:04:37.480+0000] {logging_mixin.py:188} INFO - [2026-07-15T11:04:37.479+0000] {dagbag.py:540} INFO - Filling up the DagBag from /opt/airflow/dags/api_generation_dag1.py
[2026-07-15T11:04:37.507+0000] {processor.py:840} INFO - DAG(s) 'api_generation_dag1' retrieved from /opt/airflow/dags/api_generation_dag1.py
[2026-07-15T11:04:37.537+0000] {logging_mixin.py:188} INFO - [2026-07-15T11:04:37.536+0000] {dag.py:3096} INFO - Sync 1 DAGs
[2026-07-15T11:04:37.563+0000] {logging_mixin.py:188} INFO - [2026-07-15T11:04:37.563+0000] {dag.py:3954} INFO - Setting next_dagrun for api_generation_dag1 to 2026-07-15 10:00:00+00:00, run_after=2026-07-15 11:00:00+00:00
[2026-07-15T11:04:37.589+0000] {processor.py:183} INFO - Processing /opt/airflow/dags/api_generation_dag1.py took 0.120 seconds
[2026-07-15T11:05:08.320+0000] {processor.py:161} INFO - Started process (PID=2403) to work on /opt/airflow/dags/api_generation_dag1.py
[2026-07-15T11:05:08.321+0000] {processor.py:830} INFO - Processing file /opt/airflow/dags/api_generation_dag1.py for tasks to queue
[2026-07-15T11:05:08.322+0000] {logging_mixin.py:188} INFO - [2026-07-15T11:05:08.322+0000] {dagbag.py:540} INFO - Filling up the DagBag from /opt/airflow/dags/api_generation_dag1.py
[2026-07-15T11:05:08.345+0000] {processor.py:840} INFO - DAG(s) 'api_generation_dag1' retrieved from /opt/airflow/dags/api_generation_dag1.py
[2026-07-15T11:05:08.373+0000] {logging_mixin.py:188} INFO - [2026-07-15T11:05:08.373+0000] {dag.py:3096} INFO - Sync 1 DAGs
[2026-07-15T11:05:08.402+0000] {logging_mixin.py:188} INFO - [2026-07-15T11:05:08.402+0000] {dag.py:3954} INFO - Setting next_dagrun for api_generation_dag1 to 2026-07-15 10:00:00+00:00, run_after=2026-07-15 11:00:00+00:00
[2026-07-15T11:05:08.431+0000] {processor.py:183} INFO - Processing /opt/airflow/dags/api_generation_dag1.py took 0.118 seconds
[2026-07-15T11:05:39.137+0000] {processor.py:161} INFO - Started process (PID=2428) to work on /opt/airflow/dags/api_generation_dag1.py
[2026-07-15T11:05:39.139+0000] {processor.py:830} INFO - Processing file /opt/airflow/dags/api_generation_dag1.py for tasks to queue
[2026-07-15T11:05:39.141+0000] {logging_mixin.py:188} INFO - [2026-07-15T11:05:39.141+0000] {dagbag.py:540} INFO - Filling up the DagBag from /opt/airflow/dags/api_generation_dag1.py
[2026-07-15T11:05:39.176+0000] {processor.py:840} INFO - DAG(s) 'api_generation_dag1' retrieved from /opt/airflow/dags/api_generation_dag1.py
[2026-07-15T11:05:39.210+0000] {logging_mixin.py:188} INFO - [2026-07-15T11:05:39.209+0000] {dag.py:3096} INFO - Sync 1 DAGs
[2026-07-15T11:05:39.234+0000] {logging_mixin.py:188} INFO - [2026-07-15T11:05:39.234+0000] {dag.py:3954} INFO - Setting next_dagrun for api_generation_dag1 to 2026-07-15 10:00:00+00:00, run_after=2026-07-15 11:00:00+00:00
[2026-07-15T11:05:39.255+0000] {processor.py:183} INFO - Processing /opt/airflow/dags/api_generation_dag1.py took 0.123 seconds
[2026-07-15T11:06:09.871+0000] {processor.py:161} INFO - Started process (PID=2453) to work on /opt/airflow/dags/api_generation_dag1.py
[2026-07-15T11:06:09.873+0000] {processor.py:830} INFO - Processing file /opt/airflow/dags/api_generation_dag1.py for tasks to queue
[2026-07-15T11:06:09.876+0000] {logging_mixin.py:188} INFO - [2026-07-15T11:06:09.875+0000] {dagbag.py:540} INFO - Filling up the DagBag from /opt/airflow/dags/api_generation_dag1.py
[2026-07-15T11:06:09.908+0000] {processor.py:840} INFO - DAG(s) 'api_generation_dag1' retrieved from /opt/airflow/dags/api_generation_dag1.py
[2026-07-15T11:06:09.935+0000] {logging_mixin.py:188} INFO - [2026-07-15T11:06:09.935+0000] {dag.py:3096} INFO - Sync 1 DAGs
[2026-07-15T11:06:09.959+0000] {logging_mixin.py:188} INFO - [2026-07-15T11:06:09.959+0000] {dag.py:3954} INFO - Setting next_dagrun for api_generation_dag1 to 2026-07-15 10:00:00+00:00, run_after=2026-07-15 11:00:00+00:00
[2026-07-15T11:06:09.980+0000] {processor.py:183} INFO - Processing /opt/airflow/dags/api_generation_dag1.py took 0.116 seconds
[2026-07-15T11:06:40.745+0000] {processor.py:161} INFO - Started process (PID=2478) to work on /opt/airflow/dags/api_generation_dag1.py
[2026-07-15T11:06:40.747+0000] {processor.py:830} INFO - Processing file /opt/airflow/dags/api_generation_dag1.py for tasks to queue
[2026-07-15T11:06:40.748+0000] {logging_mixin.py:188} INFO - [2026-07-15T11:06:40.748+0000] {dagbag.py:540} INFO - Filling up the DagBag from /opt/airflow/dags/api_generation_dag1.py
[2026-07-15T11:06:40.767+0000] {processor.py:840} INFO - DAG(s) 'api_generation_dag1' retrieved from /opt/airflow/dags/api_generation_dag1.py
[2026-07-15T11:06:40.792+0000] {logging_mixin.py:188} INFO - [2026-07-15T11:06:40.792+0000] {dag.py:3096} INFO - Sync 1 DAGs
[2026-07-15T11:06:40.812+0000] {logging_mixin.py:188} INFO - [2026-07-15T11:06:40.812+0000] {dag.py:3954} INFO - Setting next_dagrun for api_generation_dag1 to 2026-07-15 10:00:00+00:00, run_after=2026-07-15 11:00:00+00:00
[2026-07-15T11:06:40.829+0000] {processor.py:183} INFO - Processing /opt/airflow/dags/api_generation_dag1.py took 0.089 seconds
[2026-07-15T11:07:11.602+0000] {processor.py:161} INFO - Started process (PID=2503) to work on /opt/airflow/dags/api_generation_dag1.py
[2026-07-15T11:07:11.604+0000] {processor.py:830} INFO - Processing file /opt/airflow/dags/api_generation_dag1.py for tasks to queue
[2026-07-15T11:07:11.607+0000] {logging_mixin.py:188} INFO - [2026-07-15T11:07:11.607+0000] {dagbag.py:540} INFO - Filling up the DagBag from /opt/airflow/dags/api_generation_dag1.py
[2026-07-15T11:07:11.638+0000] {processor.py:840} INFO - DAG(s) 'api_generation_dag1' retrieved from /opt/airflow/dags/api_generation_dag1.py
[2026-07-15T11:07:11.671+0000] {logging_mixin.py:188} INFO - [2026-07-15T11:07:11.671+0000] {dag.py:3096} INFO - Sync 1 DAGs
[2026-07-15T11:07:11.702+0000] {logging_mixin.py:188} INFO - [2026-07-15T11:07:11.701+0000] {dag.py:3954} INFO - Setting next_dagrun for api_generation_dag1 to 2026-07-15 10:00:00+00:00, run_after=2026-07-15 11:00:00+00:00
[2026-07-15T11:07:11.730+0000] {processor.py:183} INFO - Processing /opt/airflow/dags/api_generation_dag1.py took 0.137 seconds
[2026-07-15T11:07:42.322+0000] {processor.py:161} INFO - Started process (PID=2528) to work on /opt/airflow/dags/api_generation_dag1.py
[2026-07-15T11:07:42.325+0000] {processor.py:830} INFO - Processing file /opt/airflow/dags/api_generation_dag1.py for tasks to queue
[2026-07-15T11:07:42.327+0000] {logging_mixin.py:188} INFO - [2026-07-15T11:07:42.327+0000] {dagbag.py:540} INFO - Filling up the DagBag from /opt/airflow/dags/api_generation_dag1.py
[2026-07-15T11:07:42.359+0000] {processor.py:840} INFO - DAG(s) 'api_generation_dag1' retrieved from /opt/airflow/dags/api_generation_dag1.py
[2026-07-15T11:07:42.385+0000] {logging_mixin.py:188} INFO - [2026-07-15T11:07:42.385+0000] {dag.py:3096} INFO - Sync 1 DAGs
[2026-07-15T11:07:42.411+0000] {logging_mixin.py:188} INFO - [2026-07-15T11:07:42.411+0000] {dag.py:3954} INFO - Setting next_dagrun for api_generation_dag1 to 2026-07-15 10:00:00+00:00, run_after=2026-07-15 11:00:00+00:00
[2026-07-15T11:07:42.433+0000] {processor.py:183} INFO - Processing /opt/airflow/dags/api_generation_dag1.py took 0.118 seconds
[2026-07-15T11:08:13.099+0000] {processor.py:161} INFO - Started process (PID=2553) to work on /opt/airflow/dags/api_generation_dag1.py
[2026-07-15T11:08:13.101+0000] {processor.py:830} INFO - Processing file /opt/airflow/dags/api_generation_dag1.py for tasks to queue
[2026-07-15T11:08:13.103+0000] {logging_mixin.py:188} INFO - [2026-07-15T11:08:13.103+0000] {dagbag.py:540} INFO - Filling up the DagBag from /opt/airflow/dags/api_generation_dag1.py
[2026-07-15T11:08:13.127+0000] {processor.py:840} INFO - DAG(s) 'api_generation_dag1' retrieved from /opt/airflow/dags/api_generation_dag1.py
[2026-07-15T11:08:13.157+0000] {logging_mixin.py:188} INFO - [2026-07-15T11:08:13.157+0000] {dag.py:3096} INFO - Sync 1 DAGs
[2026-07-15T11:08:13.184+0000] {logging_mixin.py:188} INFO - [2026-07-15T11:08:13.184+0000] {dag.py:3954} INFO - Setting next_dagrun for api_generation_dag1 to 2026-07-15 10:00:00+00:00, run_after=2026-07-15 11:00:00+00:00
[2026-07-15T11:08:13.209+0000] {processor.py:183} INFO - Processing /opt/airflow/dags/api_generation_dag1.py took 0.118 seconds
[2026-07-15T11:08:43.953+0000] {processor.py:161} INFO - Started process (PID=2578) to work on /opt/airflow/dags/api_generation_dag1.py
[2026-07-15T11:08:43.955+0000] {processor.py:830} INFO - Processing file /opt/airflow/dags/api_generation_dag1.py for tasks to queue
[2026-07-15T11:08:43.956+0000] {logging_mixin.py:188} INFO - [2026-07-15T11:08:43.956+0000] {dagbag.py:540} INFO - Filling up the DagBag from /opt/airflow/dags/api_generation_dag1.py
[2026-07-15T11:08:43.982+0000] {processor.py:840} INFO - DAG(s) 'api_generation_dag1' retrieved from /opt/airflow/dags/api_generation_dag1.py
[2026-07-15T11:08:44.012+0000] {logging_mixin.py:188} INFO - [2026-07-15T11:08:44.012+0000] {dag.py:3096} INFO - Sync 1 DAGs
[2026-07-15T11:08:44.038+0000] {logging_mixin.py:188} INFO - [2026-07-15T11:08:44.037+0000] {dag.py:3954} INFO - Setting next_dagrun for api_generation_dag1 to 2026-07-15 10:00:00+00:00, run_after=2026-07-15 11:00:00+00:00
[2026-07-15T11:08:44.058+0000] {processor.py:183} INFO - Processing /opt/airflow/dags/api_generation_dag1.py took 0.111 seconds
[2026-07-15T11:09:14.916+0000] {processor.py:161} INFO - Started process (PID=2603) to work on /opt/airflow/dags/api_generation_dag1.py
[2026-07-15T11:09:14.918+0000] {processor.py:830} INFO - Processing file /opt/airflow/dags/api_generation_dag1.py for tasks to queue
[2026-07-15T11:09:14.921+0000] {logging_mixin.py:188} INFO - [2026-07-15T11:09:14.921+0000] {dagbag.py:540} INFO - Filling up the DagBag from /opt/airflow/dags/api_generation_dag1.py
[2026-07-15T11:09:14.955+0000] {processor.py:840} INFO - DAG(s) 'api_generation_dag1' retrieved from /opt/airflow/dags/api_generation_dag1.py
[2026-07-15T11:09:15.005+0000] {logging_mixin.py:188} INFO - [2026-07-15T11:09:15.004+0000] {dag.py:3096} INFO - Sync 1 DAGs
[2026-07-15T11:09:15.052+0000] {logging_mixin.py:188} INFO - [2026-07-15T11:09:15.052+0000] {dag.py:3954} INFO - Setting next_dagrun for api_generation_dag1 to 2026-07-15 10:00:00+00:00, run_after=2026-07-15 11:00:00+00:00
[2026-07-15T11:09:15.082+0000] {processor.py:183} INFO - Processing /opt/airflow/dags/api_generation_dag1.py took 0.183 seconds
[2026-07-15T11:09:45.597+0000] {processor.py:161} INFO - Started process (PID=2628) to work on /opt/airflow/dags/api_generation_dag1.py
[2026-07-15T11:09:45.598+0000] {processor.py:830} INFO - Processing file /opt/airflow/dags/api_generation_dag1.py for tasks to queue
[2026-07-15T11:09:45.600+0000] {logging_mixin.py:188} INFO - [2026-07-15T11:09:45.600+0000] {dagbag.py:540} INFO - Filling up the DagBag from /opt/airflow/dags/api_generation_dag1.py
[2026-07-15T11:09:45.617+0000] {processor.py:840} INFO - DAG(s) 'api_generation_dag1' retrieved from /opt/airflow/dags/api_generation_dag1.py
[2026-07-15T11:09:45.646+0000] {logging_mixin.py:188} INFO - [2026-07-15T11:09:45.645+0000] {dag.py:3096} INFO - Sync 1 DAGs
[2026-07-15T11:09:45.666+0000] {logging_mixin.py:188} INFO - [2026-07-15T11:09:45.666+0000] {dag.py:3954} INFO - Setting next_dagrun for api_generation_dag1 to 2026-07-15 10:00:00+00:00, run_after=2026-07-15 11:00:00+00:00
[2026-07-15T11:09:45.687+0000] {processor.py:183} INFO - Processing /opt/airflow/dags/api_generation_dag1.py took 0.096 seconds
[2026-07-15T11:10:16.382+0000] {processor.py:161} INFO - Started process (PID=2653) to work on /opt/airflow/dags/api_generation_dag1.py
[2026-07-15T11:10:16.384+0000] {processor.py:830} INFO - Processing file /opt/airflow/dags/api_generation_dag1.py for tasks to queue
[2026-07-15T11:10:16.386+0000] {logging_mixin.py:188} INFO - [2026-07-15T11:10:16.385+0000] {dagbag.py:540} INFO - Filling up the DagBag from /opt/airflow/dags/api_generation_dag1.py
[2026-07-15T11:10:16.410+0000] {processor.py:840} INFO - DAG(s) 'api_generation_dag1' retrieved from /opt/airflow/dags/api_generation_dag1.py
[2026-07-15T11:10:16.438+0000] {logging_mixin.py:188} INFO - [2026-07-15T11:10:16.438+0000] {dag.py:3096} INFO - Sync 1 DAGs
[2026-07-15T11:10:16.460+0000] {logging_mixin.py:188} INFO - [2026-07-15T11:10:16.460+0000] {dag.py:3954} INFO - Setting next_dagrun for api_generation_dag1 to 2026-07-15 10:00:00+00:00, run_after=2026-07-15 11:00:00+00:00
[2026-07-15T11:10:16.480+0000] {processor.py:183} INFO - Processing /opt/airflow/dags/api_generation_dag1.py took 0.107 seconds
[2026-07-15T11:10:47.228+0000] {processor.py:161} INFO - Started process (PID=2678) to work on /opt/airflow/dags/api_generation_dag1.py
[2026-07-15T11:10:47.230+0000] {processor.py:830} INFO - Processing file /opt/airflow/dags/api_generation_dag1.py for tasks to queue
[2026-07-15T11:10:47.231+0000] {logging_mixin.py:188} INFO - [2026-07-15T11:10:47.231+0000] {dagbag.py:540} INFO - Filling up the DagBag from /opt/airflow/dags/api_generation_dag1.py
[2026-07-15T11:10:47.257+0000] {processor.py:840} INFO - DAG(s) 'api_generation_dag1' retrieved from /opt/airflow/dags/api_generation_dag1.py
[2026-07-15T11:10:47.288+0000] {logging_mixin.py:188} INFO - [2026-07-15T11:10:47.288+0000] {dag.py:3096} INFO - Sync 1 DAGs
[2026-07-15T11:10:47.330+0000] {logging_mixin.py:188} INFO - [2026-07-15T11:10:47.329+0000] {dag.py:3954} INFO - Setting next_dagrun for api_generation_dag1 to 2026-07-15 10:00:00+00:00, run_after=2026-07-15 11:00:00+00:00
[2026-07-15T11:10:47.356+0000] {processor.py:183} INFO - Processing /opt/airflow/dags/api_generation_dag1.py took 0.135 seconds
[2026-07-15T11:11:17.989+0000] {processor.py:161} INFO - Started process (PID=2703) to work on /opt/airflow/dags/api_generation_dag1.py
[2026-07-15T11:11:17.991+0000] {processor.py:830} INFO - Processing file /opt/airflow/dags/api_generation_dag1.py for tasks to queue
[2026-07-15T11:11:17.993+0000] {logging_mixin.py:188} INFO - [2026-07-15T11:11:17.992+0000] {dagbag.py:540} INFO - Filling up the DagBag from /opt/airflow/dags/api_generation_dag1.py
[2026-07-15T11:11:18.018+0000] {processor.py:840} INFO - DAG(s) 'api_generation_dag1' retrieved from /opt/airflow/dags/api_generation_dag1.py
[2026-07-15T11:11:18.050+0000] {logging_mixin.py:188} INFO - [2026-07-15T11:11:18.050+0000] {dag.py:3096} INFO - Sync 1 DAGs
[2026-07-15T11:11:18.084+0000] {logging_mixin.py:188} INFO - [2026-07-15T11:11:18.084+0000] {dag.py:3954} INFO - Setting next_dagrun for api_generation_dag1 to 2026-07-15 10:00:00+00:00, run_after=2026-07-15 11:00:00+00:00
[2026-07-15T11:11:18.107+0000] {processor.py:183} INFO - Processing /opt/airflow/dags/api_generation_dag1.py took 0.127 seconds
[2026-07-15T11:11:48.834+0000] {processor.py:161} INFO - Started process (PID=2728) to work on /opt/airflow/dags/api_generation_dag1.py
[2026-07-15T11:11:48.836+0000] {processor.py:830} INFO - Processing file /opt/airflow/dags/api_generation_dag1.py for tasks to queue
[2026-07-15T11:11:48.838+0000] {logging_mixin.py:188} INFO - [2026-07-15T11:11:48.838+0000] {dagbag.py:540} INFO - Filling up the DagBag from /opt/airflow/dags/api_generation_dag1.py
[2026-07-15T11:11:48.873+0000] {processor.py:840} INFO - DAG(s) 'api_generation_dag1' retrieved from /opt/airflow/dags/api_generation_dag1.py
[2026-07-15T11:11:48.917+0000] {logging_mixin.py:188} INFO - [2026-07-15T11:11:48.916+0000] {dag.py:3096} INFO - Sync 1 DAGs
[2026-07-15T11:11:48.949+0000] {logging_mixin.py:188} INFO - [2026-07-15T11:11:48.948+0000] {dag.py:3954} INFO - Setting next_dagrun for api_generation_dag1 to 2026-07-15 10:00:00+00:00, run_after=2026-07-15 11:00:00+00:00
[2026-07-15T11:11:49.002+0000] {processor.py:183} INFO - Processing /opt/airflow/dags/api_generation_dag1.py took 0.178 seconds
[2026-07-15T11:12:19.766+0000] {processor.py:161} INFO - Started process (PID=2753) to work on /opt/airflow/dags/api_generation_dag1.py
[2026-07-15T11:12:19.767+0000] {processor.py:830} INFO - Processing file /opt/airflow/dags/api_generation_dag1.py for tasks to queue
[2026-07-15T11:12:19.769+0000] {logging_mixin.py:188} INFO - [2026-07-15T11:12:19.769+0000] {dagbag.py:540} INFO - Filling up the DagBag from /opt/airflow/dags/api_generation_dag1.py
[2026-07-15T11:12:19.793+0000] {processor.py:840} INFO - DAG(s) 'api_generation_dag1' retrieved from /opt/airflow/dags/api_generation_dag1.py
[2026-07-15T11:12:19.819+0000] {logging_mixin.py:188} INFO - [2026-07-15T11:12:19.819+0000] {dag.py:3096} INFO - Sync 1 DAGs
[2026-07-15T11:12:19.844+0000] {logging_mixin.py:188} INFO - [2026-07-15T11:12:19.843+0000] {dag.py:3954} INFO - Setting next_dagrun for api_generation_dag1 to 2026-07-15 10:00:00+00:00, run_after=2026-07-15 11:00:00+00:00
[2026-07-15T11:12:19.865+0000] {processor.py:183} INFO - Processing /opt/airflow/dags/api_generation_dag1.py took 0.104 seconds
[2026-07-15T11:12:50.389+0000] {processor.py:161} INFO - Started process (PID=2778) to work on /opt/airflow/dags/api_generation_dag1.py
[2026-07-15T11:12:50.390+0000] {processor.py:830} INFO - Processing file /opt/airflow/dags/api_generation_dag1.py for tasks to queue
[2026-07-15T11:12:50.392+0000] {logging_mixin.py:188} INFO - [2026-07-15T11:12:50.392+0000] {dagbag.py:540} INFO - Filling up the DagBag from /opt/airflow/dags/api_generation_dag1.py
[2026-07-15T11:12:50.422+0000] {processor.py:840} INFO - DAG(s) 'api_generation_dag1' retrieved from /opt/airflow/dags/api_generation_dag1.py
[2026-07-15T11:12:50.448+0000] {logging_mixin.py:188} INFO - [2026-07-15T11:12:50.448+0000] {dag.py:3096} INFO - Sync 1 DAGs
[2026-07-15T11:12:50.470+0000] {logging_mixin.py:188} INFO - [2026-07-15T11:12:50.470+0000] {dag.py:3954} INFO - Setting next_dagrun for api_generation_dag1 to 2026-07-15 10:00:00+00:00, run_after=2026-07-15 11:00:00+00:00
[2026-07-15T11:12:50.488+0000] {processor.py:183} INFO - Processing /opt/airflow/dags/api_generation_dag1.py took 0.105 seconds
[2026-07-15T11:13:21.142+0000] {processor.py:161} INFO - Started process (PID=2803) to work on /opt/airflow/dags/api_generation_dag1.py
[2026-07-15T11:13:21.145+0000] {processor.py:830} INFO - Processing file /opt/airflow/dags/api_generation_dag1.py for tasks to queue
[2026-07-15T11:13:21.148+0000] {logging_mixin.py:188} INFO - [2026-07-15T11:13:21.147+0000] {dagbag.py:540} INFO - Filling up the DagBag from /opt/airflow/dags/api_generation_dag1.py
[2026-07-15T11:13:21.179+0000] {processor.py:840} INFO - DAG(s) 'api_generation_dag1' retrieved from /opt/airflow/dags/api_generation_dag1.py
[2026-07-15T11:13:21.209+0000] {logging_mixin.py:188} INFO - [2026-07-15T11:13:21.209+0000] {dag.py:3096} INFO - Sync 1 DAGs
[2026-07-15T11:13:21.239+0000] {logging_mixin.py:188} INFO - [2026-07-15T11:13:21.239+0000] {dag.py:3954} INFO - Setting next_dagrun for api_generation_dag1 to 2026-07-15 10:00:00+00:00, run_after=2026-07-15 11:00:00+00:00
[2026-07-15T11:13:21.260+0000] {processor.py:183} INFO - Processing /opt/airflow/dags/api_generation_dag1.py took 0.128 seconds
[2026-07-15T11:13:51.365+0000] {processor.py:161} INFO - Started process (PID=2860) to work on /opt/airflow/dags/api_generation_dag1.py
[2026-07-15T11:13:51.368+0000] {processor.py:830} INFO - Processing file /opt/airflow/dags/api_generation_dag1.py for tasks to queue
[2026-07-15T11:13:51.371+0000] {logging_mixin.py:188} INFO - [2026-07-15T11:13:51.370+0000] {dagbag.py:540} INFO - Filling up the DagBag from /opt/airflow/dags/api_generation_dag1.py
[2026-07-15T11:13:51.417+0000] {processor.py:840} INFO - DAG(s) 'api_generation_dag1' retrieved from /opt/airflow/dags/api_generation_dag1.py
[2026-07-15T11:13:51.488+0000] {logging_mixin.py:188} INFO - [2026-07-15T11:13:51.487+0000] {dag.py:3096} INFO - Sync 1 DAGs
[2026-07-15T11:13:51.550+0000] {logging_mixin.py:188} INFO - [2026-07-15T11:13:51.550+0000] {dag.py:3954} INFO - Setting next_dagrun for api_generation_dag1 to 2026-07-15 10:00:00+00:00, run_after=2026-07-15 11:00:00+00:00
[2026-07-15T11:13:51.723+0000] {processor.py:183} INFO - Processing /opt/airflow/dags/api_generation_dag1.py took 0.374 seconds
[2026-07-15T11:14:22.061+0000] {processor.py:161} INFO - Started process (PID=2886) to work on /opt/airflow/dags/api_generation_dag1.py
[2026-07-15T11:14:22.065+0000] {processor.py:830} INFO - Processing file /opt/airflow/dags/api_generation_dag1.py for tasks to queue
[2026-07-15T11:14:22.074+0000] {logging_mixin.py:188} INFO - [2026-07-15T11:14:22.073+0000] {dagbag.py:540} INFO - Filling up the DagBag from /opt/airflow/dags/api_generation_dag1.py
[2026-07-15T11:14:22.113+0000] {processor.py:840} INFO - DAG(s) 'api_generation_dag1' retrieved from /opt/airflow/dags/api_generation_dag1.py
[2026-07-15T11:14:22.177+0000] {logging_mixin.py:188} INFO - [2026-07-15T11:14:22.177+0000] {dag.py:3096} INFO - Sync 1 DAGs
[2026-07-15T11:14:22.260+0000] {logging_mixin.py:188} INFO - [2026-07-15T11:14:22.259+0000] {dag.py:3954} INFO - Setting next_dagrun for api_generation_dag1 to 2026-07-15 10:00:00+00:00, run_after=2026-07-15 11:00:00+00:00
[2026-07-15T11:14:22.320+0000] {processor.py:183} INFO - Processing /opt/airflow/dags/api_generation_dag1.py took 0.277 seconds
[2026-07-15T11:14:53.341+0000] {processor.py:161} INFO - Started process (PID=2911) to work on /opt/airflow/dags/api_generation_dag1.py
[2026-07-15T11:14:53.342+0000] {processor.py:830} INFO - Processing file /opt/airflow/dags/api_generation_dag1.py for tasks to queue
[2026-07-15T11:14:53.345+0000] {logging_mixin.py:188} INFO - [2026-07-15T11:14:53.344+0000] {dagbag.py:540} INFO - Filling up the DagBag from /opt/airflow/dags/api_generation_dag1.py
[2026-07-15T11:14:53.379+0000] {processor.py:840} INFO - DAG(s) 'api_generation_dag1' retrieved from /opt/airflow/dags/api_generation_dag1.py
[2026-07-15T11:14:53.415+0000] {logging_mixin.py:188} INFO - [2026-07-15T11:14:53.415+0000] {dag.py:3096} INFO - Sync 1 DAGs
[2026-07-15T11:14:53.446+0000] {logging_mixin.py:188} INFO - [2026-07-15T11:14:53.446+0000] {dag.py:3954} INFO - Setting next_dagrun for api_generation_dag1 to 2026-07-15 10:00:00+00:00, run_after=2026-07-15 11:00:00+00:00
[2026-07-15T11:14:53.468+0000] {processor.py:183} INFO - Processing /opt/airflow/dags/api_generation_dag1.py took 0.135 seconds
[2026-07-15T11:15:24.135+0000] {processor.py:161} INFO - Started process (PID=2936) to work on /opt/airflow/dags/api_generation_dag1.py
[2026-07-15T11:15:24.137+0000] {processor.py:830} INFO - Processing file /opt/airflow/dags/api_generation_dag1.py for tasks to queue
[2026-07-15T11:15:24.139+0000] {logging_mixin.py:188} INFO - [2026-07-15T11:15:24.139+0000] {dagbag.py:540} INFO - Filling up the DagBag from /opt/airflow/dags/api_generation_dag1.py
[2026-07-15T11:15:24.173+0000] {processor.py:840} INFO - DAG(s) 'api_generation_dag1' retrieved from /opt/airflow/dags/api_generation_dag1.py
[2026-07-15T11:15:24.212+0000] {logging_mixin.py:188} INFO - [2026-07-15T11:15:24.211+0000] {dag.py:3096} INFO - Sync 1 DAGs
[2026-07-15T11:15:24.236+0000] {logging_mixin.py:188} INFO - [2026-07-15T11:15:24.236+0000] {dag.py:3954} INFO - Setting next_dagrun for api_generation_dag1 to 2026-07-15 10:00:00+00:00, run_after=2026-07-15 11:00:00+00:00
[2026-07-15T11:15:24.268+0000] {processor.py:183} INFO - Processing /opt/airflow/dags/api_generation_dag1.py took 0.143 seconds
[2026-07-15T11:15:54.936+0000] {processor.py:161} INFO - Started process (PID=2961) to work on /opt/airflow/dags/api_generation_dag1.py
[2026-07-15T11:15:54.939+0000] {processor.py:830} INFO - Processing file /opt/airflow/dags/api_generation_dag1.py for tasks to queue
[2026-07-15T11:15:54.942+0000] {logging_mixin.py:188} INFO - [2026-07-15T11:15:54.941+0000] {dagbag.py:540} INFO - Filling up the DagBag from /opt/airflow/dags/api_generation_dag1.py
[2026-07-15T11:15:54.972+0000] {processor.py:840} INFO - DAG(s) 'api_generation_dag1' retrieved from /opt/airflow/dags/api_generation_dag1.py
[2026-07-15T11:15:55.009+0000] {logging_mixin.py:188} INFO - [2026-07-15T11:15:55.009+0000] {dag.py:3096} INFO - Sync 1 DAGs
[2026-07-15T11:15:55.031+0000] {logging_mixin.py:188} INFO - [2026-07-15T11:15:55.030+0000] {dag.py:3954} INFO - Setting next_dagrun for api_generation_dag1 to 2026-07-15 10:00:00+00:00, run_after=2026-07-15 11:00:00+00:00
[2026-07-15T11:15:55.052+0000] {processor.py:183} INFO - Processing /opt/airflow/dags/api_generation_dag1.py took 0.129 seconds
[2026-07-15T11:16:25.714+0000] {processor.py:161} INFO - Started process (PID=2999) to work on /opt/airflow/dags/api_generation_dag1.py
[2026-07-15T11:16:25.716+0000] {processor.py:830} INFO - Processing file /opt/airflow/dags/api_generation_dag1.py for tasks to queue
[2026-07-15T11:16:25.718+0000] {logging_mixin.py:188} INFO - [2026-07-15T11:16:25.718+0000] {dagbag.py:540} INFO - Filling up the DagBag from /opt/airflow/dags/api_generation_dag1.py
[2026-07-15T11:16:25.750+0000] {processor.py:840} INFO - DAG(s) 'api_generation_dag1' retrieved from /opt/airflow/dags/api_generation_dag1.py
[2026-07-15T11:16:25.788+0000] {logging_mixin.py:188} INFO - [2026-07-15T11:16:25.787+0000] {dag.py:3096} INFO - Sync 1 DAGs
[2026-07-15T11:16:25.820+0000] {logging_mixin.py:188} INFO - [2026-07-15T11:16:25.819+0000] {dag.py:3954} INFO - Setting next_dagrun for api_generation_dag1 to 2026-07-15 10:00:00+00:00, run_after=2026-07-15 11:00:00+00:00
[2026-07-15T11:16:25.854+0000] {processor.py:183} INFO - Processing /opt/airflow/dags/api_generation_dag1.py took 0.151 seconds
[2026-07-15T11:16:56.783+0000] {processor.py:161} INFO - Started process (PID=3024) to work on /opt/airflow/dags/api_generation_dag1.py
[2026-07-15T11:16:56.786+0000] {processor.py:830} INFO - Processing file /opt/airflow/dags/api_generation_dag1.py for tasks to queue
[2026-07-15T11:16:56.788+0000] {logging_mixin.py:188} INFO - [2026-07-15T11:16:56.788+0000] {dagbag.py:540} INFO - Filling up the DagBag from /opt/airflow/dags/api_generation_dag1.py
[2026-07-15T11:16:56.829+0000] {processor.py:840} INFO - DAG(s) 'api_generation_dag1' retrieved from /opt/airflow/dags/api_generation_dag1.py
[2026-07-15T11:16:56.865+0000] {logging_mixin.py:188} INFO - [2026-07-15T11:16:56.865+0000] {dag.py:3096} INFO - Sync 1 DAGs
[2026-07-15T11:16:56.901+0000] {logging_mixin.py:188} INFO - [2026-07-15T11:16:56.900+0000] {dag.py:3954} INFO - Setting next_dagrun for api_generation_dag1 to 2026-07-15 10:00:00+00:00, run_after=2026-07-15 11:00:00+00:00
[2026-07-15T11:16:56.931+0000] {processor.py:183} INFO - Processing /opt/airflow/dags/api_generation_dag1.py took 0.160 seconds
[2026-07-15T11:17:27.515+0000] {processor.py:161} INFO - Started process (PID=3049) to work on /opt/airflow/dags/api_generation_dag1.py
[2026-07-15T11:17:27.517+0000] {processor.py:830} INFO - Processing file /opt/airflow/dags/api_generation_dag1.py for tasks to queue
[2026-07-15T11:17:27.519+0000] {logging_mixin.py:188} INFO - [2026-07-15T11:17:27.519+0000] {dagbag.py:540} INFO - Filling up the DagBag from /opt/airflow/dags/api_generation_dag1.py
[2026-07-15T11:17:27.547+0000] {processor.py:840} INFO - DAG(s) 'api_generation_dag1' retrieved from /opt/airflow/dags/api_generation_dag1.py
[2026-07-15T11:17:27.626+0000] {logging_mixin.py:188} INFO - [2026-07-15T11:17:27.625+0000] {dag.py:3096} INFO - Sync 1 DAGs
[2026-07-15T11:17:27.664+0000] {logging_mixin.py:188} INFO - [2026-07-15T11:17:27.664+0000] {dag.py:3954} INFO - Setting next_dagrun for api_generation_dag1 to 2026-07-15 10:00:00+00:00, run_after=2026-07-15 11:00:00+00:00
[2026-07-15T11:17:27.687+0000] {processor.py:183} INFO - Processing /opt/airflow/dags/api_generation_dag1.py took 0.182 seconds
[2026-07-15T11:17:58.393+0000] {processor.py:161} INFO - Started process (PID=3087) to work on /opt/airflow/dags/api_generation_dag1.py
[2026-07-15T11:17:58.412+0000] {processor.py:830} INFO - Processing file /opt/airflow/dags/api_generation_dag1.py for tasks to queue
[2026-07-15T11:17:58.424+0000] {logging_mixin.py:188} INFO - [2026-07-15T11:17:58.420+0000] {dagbag.py:540} INFO - Filling up the DagBag from /opt/airflow/dags/api_generation_dag1.py
[2026-07-15T11:17:58.725+0000] {processor.py:840} INFO - DAG(s) 'api_generation_dag1' retrieved from /opt/airflow/dags/api_generation_dag1.py
[2026-07-15T11:17:59.079+0000] {logging_mixin.py:188} INFO - [2026-07-15T11:17:59.077+0000] {dag.py:3096} INFO - Sync 1 DAGs
[2026-07-15T11:17:59.306+0000] {logging_mixin.py:188} INFO - [2026-07-15T11:17:59.306+0000] {dag.py:3954} INFO - Setting next_dagrun for api_generation_dag1 to 2026-07-15 10:00:00+00:00, run_after=2026-07-15 11:00:00+00:00
[2026-07-15T11:17:59.488+0000] {processor.py:183} INFO - Processing /opt/airflow/dags/api_generation_dag1.py took 1.260 seconds
[2026-07-15T11:18:29.777+0000] {processor.py:161} INFO - Started process (PID=3112) to work on /opt/airflow/dags/api_generation_dag1.py
[2026-07-15T11:18:29.780+0000] {processor.py:830} INFO - Processing file /opt/airflow/dags/api_generation_dag1.py for tasks to queue
[2026-07-15T11:18:29.782+0000] {logging_mixin.py:188} INFO - [2026-07-15T11:18:29.781+0000] {dagbag.py:540} INFO - Filling up the DagBag from /opt/airflow/dags/api_generation_dag1.py
[2026-07-15T11:18:29.816+0000] {processor.py:840} INFO - DAG(s) 'api_generation_dag1' retrieved from /opt/airflow/dags/api_generation_dag1.py
[2026-07-15T11:18:29.866+0000] {logging_mixin.py:188} INFO - [2026-07-15T11:18:29.866+0000] {dag.py:3096} INFO - Sync 1 DAGs
[2026-07-15T11:18:29.904+0000] {logging_mixin.py:188} INFO - [2026-07-15T11:18:29.904+0000] {dag.py:3954} INFO - Setting next_dagrun for api_generation_dag1 to 2026-07-15 10:00:00+00:00, run_after=2026-07-15 11:00:00+00:00
[2026-07-15T11:18:29.935+0000] {processor.py:183} INFO - Processing /opt/airflow/dags/api_generation_dag1.py took 0.169 seconds
[2026-07-15T11:19:00.774+0000] {processor.py:161} INFO - Started process (PID=3137) to work on /opt/airflow/dags/api_generation_dag1.py
[2026-07-15T11:19:00.776+0000] {processor.py:830} INFO - Processing file /opt/airflow/dags/api_generation_dag1.py for tasks to queue
[2026-07-15T11:19:00.778+0000] {logging_mixin.py:188} INFO - [2026-07-15T11:19:00.778+0000] {dagbag.py:540} INFO - Filling up the DagBag from /opt/airflow/dags/api_generation_dag1.py
[2026-07-15T11:19:00.811+0000] {processor.py:840} INFO - DAG(s) 'api_generation_dag1' retrieved from /opt/airflow/dags/api_generation_dag1.py
[2026-07-15T11:19:00.852+0000] {logging_mixin.py:188} INFO - [2026-07-15T11:19:00.852+0000] {dag.py:3096} INFO - Sync 1 DAGs
[2026-07-15T11:19:00.884+0000] {logging_mixin.py:188} INFO - [2026-07-15T11:19:00.884+0000] {dag.py:3954} INFO - Setting next_dagrun for api_generation_dag1 to 2026-07-15 10:00:00+00:00, run_after=2026-07-15 11:00:00+00:00
[2026-07-15T11:19:00.912+0000] {processor.py:183} INFO - Processing /opt/airflow/dags/api_generation_dag1.py took 0.148 seconds
[2026-07-15T11:19:31.659+0000] {processor.py:161} INFO - Started process (PID=3162) to work on /opt/airflow/dags/api_generation_dag1.py
[2026-07-15T11:19:31.662+0000] {processor.py:830} INFO - Processing file /opt/airflow/dags/api_generation_dag1.py for tasks to queue
[2026-07-15T11:19:31.664+0000] {logging_mixin.py:188} INFO - [2026-07-15T11:19:31.664+0000] {dagbag.py:540} INFO - Filling up the DagBag from /opt/airflow/dags/api_generation_dag1.py
[2026-07-15T11:19:31.693+0000] {processor.py:840} INFO - DAG(s) 'api_generation_dag1' retrieved from /opt/airflow/dags/api_generation_dag1.py
[2026-07-15T11:19:31.727+0000] {logging_mixin.py:188} INFO - [2026-07-15T11:19:31.726+0000] {dag.py:3096} INFO - Sync 1 DAGs
[2026-07-15T11:19:31.751+0000] {logging_mixin.py:188} INFO - [2026-07-15T11:19:31.751+0000] {dag.py:3954} INFO - Setting next_dagrun for api_generation_dag1 to 2026-07-15 10:00:00+00:00, run_after=2026-07-15 11:00:00+00:00
[2026-07-15T11:19:31.773+0000] {processor.py:183} INFO - Processing /opt/airflow/dags/api_generation_dag1.py took 0.128 seconds
[2026-07-15T11:20:02.392+0000] {processor.py:161} INFO - Started process (PID=3187) to work on /opt/airflow/dags/api_generation_dag1.py
[2026-07-15T11:20:02.394+0000] {processor.py:830} INFO - Processing file /opt/airflow/dags/api_generation_dag1.py for tasks to queue
[2026-07-15T11:20:02.397+0000] {logging_mixin.py:188} INFO - [2026-07-15T11:20:02.396+0000] {dagbag.py:540} INFO - Filling up the DagBag from /opt/airflow/dags/api_generation_dag1.py
[2026-07-15T11:20:02.427+0000] {processor.py:840} INFO - DAG(s) 'api_generation_dag1' retrieved from /opt/airflow/dags/api_generation_dag1.py
[2026-07-15T11:20:02.467+0000] {logging_mixin.py:188} INFO - [2026-07-15T11:20:02.467+0000] {dag.py:3096} INFO - Sync 1 DAGs
[2026-07-15T11:20:02.520+0000] {logging_mixin.py:188} INFO - [2026-07-15T11:20:02.519+0000] {dag.py:3954} INFO - Setting next_dagrun for api_generation_dag1 to 2026-07-15 10:00:00+00:00, run_after=2026-07-15 11:00:00+00:00
[2026-07-15T11:20:02.549+0000] {processor.py:183} INFO - Processing /opt/airflow/dags/api_generation_dag1.py took 0.172 seconds
[2026-07-15T11:20:33.263+0000] {processor.py:161} INFO - Started process (PID=3212) to work on /opt/airflow/dags/api_generation_dag1.py
[2026-07-15T11:20:33.268+0000] {processor.py:830} INFO - Processing file /opt/airflow/dags/api_generation_dag1.py for tasks to queue
[2026-07-15T11:20:33.270+0000] {logging_mixin.py:188} INFO - [2026-07-15T11:20:33.270+0000] {dagbag.py:540} INFO - Filling up the DagBag from /opt/airflow/dags/api_generation_dag1.py
[2026-07-15T11:20:33.292+0000] {processor.py:840} INFO - DAG(s) 'api_generation_dag1' retrieved from /opt/airflow/dags/api_generation_dag1.py
[2026-07-15T11:20:33.324+0000] {logging_mixin.py:188} INFO - [2026-07-15T11:20:33.324+0000] {dag.py:3096} INFO - Sync 1 DAGs
[2026-07-15T11:20:33.349+0000] {logging_mixin.py:188} INFO - [2026-07-15T11:20:33.348+0000] {dag.py:3954} INFO - Setting next_dagrun for api_generation_dag1 to 2026-07-15 10:00:00+00:00, run_after=2026-07-15 11:00:00+00:00
[2026-07-15T11:20:33.372+0000] {processor.py:183} INFO - Processing /opt/airflow/dags/api_generation_dag1.py took 0.118 seconds
[2026-07-15T11:21:04.041+0000] {processor.py:161} INFO - Started process (PID=3237) to work on /opt/airflow/dags/api_generation_dag1.py
[2026-07-15T11:21:04.043+0000] {processor.py:830} INFO - Processing file /opt/airflow/dags/api_generation_dag1.py for tasks to queue
[2026-07-15T11:21:04.045+0000] {logging_mixin.py:188} INFO - [2026-07-15T11:21:04.045+0000] {dagbag.py:540} INFO - Filling up the DagBag from /opt/airflow/dags/api_generation_dag1.py
[2026-07-15T11:21:04.076+0000] {processor.py:840} INFO - DAG(s) 'api_generation_dag1' retrieved from /opt/airflow/dags/api_generation_dag1.py
[2026-07-15T11:21:04.109+0000] {logging_mixin.py:188} INFO - [2026-07-15T11:21:04.109+0000] {dag.py:3096} INFO - Sync 1 DAGs
[2026-07-15T11:21:04.137+0000] {logging_mixin.py:188} INFO - [2026-07-15T11:21:04.137+0000] {dag.py:3954} INFO - Setting next_dagrun for api_generation_dag1 to 2026-07-15 10:00:00+00:00, run_after=2026-07-15 11:00:00+00:00
[2026-07-15T11:21:04.162+0000] {processor.py:183} INFO - Processing /opt/airflow/dags/api_generation_dag1.py took 0.126 seconds
[2026-07-15T11:21:34.780+0000] {processor.py:161} INFO - Started process (PID=3262) to work on /opt/airflow/dags/api_generation_dag1.py
[2026-07-15T11:21:34.782+0000] {processor.py:830} INFO - Processing file /opt/airflow/dags/api_generation_dag1.py for tasks to queue
[2026-07-15T11:21:34.784+0000] {logging_mixin.py:188} INFO - [2026-07-15T11:21:34.783+0000] {dagbag.py:540} INFO - Filling up the DagBag from /opt/airflow/dags/api_generation_dag1.py
[2026-07-15T11:21:34.810+0000] {processor.py:840} INFO - DAG(s) 'api_generation_dag1' retrieved from /opt/airflow/dags/api_generation_dag1.py
[2026-07-15T11:21:34.836+0000] {logging_mixin.py:188} INFO - [2026-07-15T11:21:34.836+0000] {dag.py:3096} INFO - Sync 1 DAGs
[2026-07-15T11:21:34.861+0000] {logging_mixin.py:188} INFO - [2026-07-15T11:21:34.861+0000] {dag.py:3954} INFO - Setting next_dagrun for api_generation_dag1 to 2026-07-15 10:00:00+00:00, run_after=2026-07-15 11:00:00+00:00
[2026-07-15T11:21:34.880+0000] {processor.py:183} INFO - Processing /opt/airflow/dags/api_generation_dag1.py took 0.109 seconds
[2026-07-15T11:22:05.754+0000] {processor.py:161} INFO - Started process (PID=3297) to work on /opt/airflow/dags/api_generation_dag1.py
[2026-07-15T11:22:05.756+0000] {processor.py:830} INFO - Processing file /opt/airflow/dags/api_generation_dag1.py for tasks to queue
[2026-07-15T11:22:05.758+0000] {logging_mixin.py:188} INFO - [2026-07-15T11:22:05.757+0000] {dagbag.py:540} INFO - Filling up the DagBag from /opt/airflow/dags/api_generation_dag1.py
[2026-07-15T11:22:05.786+0000] {processor.py:840} INFO - DAG(s) 'api_generation_dag1' retrieved from /opt/airflow/dags/api_generation_dag1.py
[2026-07-15T11:22:05.815+0000] {logging_mixin.py:188} INFO - [2026-07-15T11:22:05.815+0000] {dag.py:3096} INFO - Sync 1 DAGs
[2026-07-15T11:22:05.838+0000] {logging_mixin.py:188} INFO - [2026-07-15T11:22:05.838+0000] {dag.py:3954} INFO - Setting next_dagrun for api_generation_dag1 to 2026-07-15 10:00:00+00:00, run_after=2026-07-15 11:00:00+00:00
[2026-07-15T11:22:05.860+0000] {processor.py:183} INFO - Processing /opt/airflow/dags/api_generation_dag1.py took 0.112 seconds
[2026-07-15T11:22:36.451+0000] {processor.py:161} INFO - Started process (PID=3322) to work on /opt/airflow/dags/api_generation_dag1.py
[2026-07-15T11:22:36.454+0000] {processor.py:830} INFO - Processing file /opt/airflow/dags/api_generation_dag1.py for tasks to queue
[2026-07-15T11:22:36.455+0000] {logging_mixin.py:188} INFO - [2026-07-15T11:22:36.455+0000] {dagbag.py:540} INFO - Filling up the DagBag from /opt/airflow/dags/api_generation_dag1.py
[2026-07-15T11:22:36.485+0000] {processor.py:840} INFO - DAG(s) 'api_generation_dag1' retrieved from /opt/airflow/dags/api_generation_dag1.py
[2026-07-15T11:22:36.517+0000] {logging_mixin.py:188} INFO - [2026-07-15T11:22:36.516+0000] {dag.py:3096} INFO - Sync 1 DAGs
[2026-07-15T11:22:36.550+0000] {logging_mixin.py:188} INFO - [2026-07-15T11:22:36.550+0000] {dag.py:3954} INFO - Setting next_dagrun for api_generation_dag1 to 2026-07-15 10:00:00+00:00, run_after=2026-07-15 11:00:00+00:00
[2026-07-15T11:22:36.576+0000] {processor.py:183} INFO - Processing /opt/airflow/dags/api_generation_dag1.py took 0.132 seconds
[2026-07-15T11:23:07.202+0000] {processor.py:161} INFO - Started process (PID=3347) to work on /opt/airflow/dags/api_generation_dag1.py
[2026-07-15T11:23:07.203+0000] {processor.py:830} INFO - Processing file /opt/airflow/dags/api_generation_dag1.py for tasks to queue
[2026-07-15T11:23:07.206+0000] {logging_mixin.py:188} INFO - [2026-07-15T11:23:07.206+0000] {dagbag.py:540} INFO - Filling up the DagBag from /opt/airflow/dags/api_generation_dag1.py
[2026-07-15T11:23:07.228+0000] {processor.py:840} INFO - DAG(s) 'api_generation_dag1' retrieved from /opt/airflow/dags/api_generation_dag1.py
[2026-07-15T11:23:07.255+0000] {logging_mixin.py:188} INFO - [2026-07-15T11:23:07.254+0000] {dag.py:3096} INFO - Sync 1 DAGs
[2026-07-15T11:23:07.275+0000] {logging_mixin.py:188} INFO - [2026-07-15T11:23:07.275+0000] {dag.py:3954} INFO - Setting next_dagrun for api_generation_dag1 to 2026-07-15 10:00:00+00:00, run_after=2026-07-15 11:00:00+00:00
[2026-07-15T11:23:07.295+0000] {processor.py:183} INFO - Processing /opt/airflow/dags/api_generation_dag1.py took 0.099 seconds
[2026-07-15T11:23:37.869+0000] {processor.py:161} INFO - Started process (PID=3372) to work on /opt/airflow/dags/api_generation_dag1.py
[2026-07-15T11:23:37.870+0000] {processor.py:830} INFO - Processing file /opt/airflow/dags/api_generation_dag1.py for tasks to queue
[2026-07-15T11:23:37.873+0000] {logging_mixin.py:188} INFO - [2026-07-15T11:23:37.872+0000] {dagbag.py:540} INFO - Filling up the DagBag from /opt/airflow/dags/api_generation_dag1.py
[2026-07-15T11:23:37.894+0000] {processor.py:840} INFO - DAG(s) 'api_generation_dag1' retrieved from /opt/airflow/dags/api_generation_dag1.py
[2026-07-15T11:23:37.927+0000] {logging_mixin.py:188} INFO - [2026-07-15T11:23:37.926+0000] {dag.py:3096} INFO - Sync 1 DAGs
[2026-07-15T11:23:37.955+0000] {logging_mixin.py:188} INFO - [2026-07-15T11:23:37.955+0000] {dag.py:3954} INFO - Setting next_dagrun for api_generation_dag1 to 2026-07-15 10:00:00+00:00, run_after=2026-07-15 11:00:00+00:00
[2026-07-15T11:23:37.979+0000] {processor.py:183} INFO - Processing /opt/airflow/dags/api_generation_dag1.py took 0.117 seconds
[2026-07-15T11:24:08.762+0000] {processor.py:161} INFO - Started process (PID=3419) to work on /opt/airflow/dags/api_generation_dag1.py
[2026-07-15T11:24:08.767+0000] {processor.py:830} INFO - Processing file /opt/airflow/dags/api_generation_dag1.py for tasks to queue
[2026-07-15T11:24:08.770+0000] {logging_mixin.py:188} INFO - [2026-07-15T11:24:08.769+0000] {dagbag.py:540} INFO - Filling up the DagBag from /opt/airflow/dags/api_generation_dag1.py
[2026-07-15T11:24:08.823+0000] {processor.py:840} INFO - DAG(s) 'api_generation_dag1' retrieved from /opt/airflow/dags/api_generation_dag1.py
[2026-07-15T11:24:08.883+0000] {logging_mixin.py:188} INFO - [2026-07-15T11:24:08.882+0000] {dag.py:3096} INFO - Sync 1 DAGs
[2026-07-15T11:24:08.933+0000] {logging_mixin.py:188} INFO - [2026-07-15T11:24:08.932+0000] {dag.py:3954} INFO - Setting next_dagrun for api_generation_dag1 to 2026-07-15 10:00:00+00:00, run_after=2026-07-15 11:00:00+00:00
[2026-07-15T11:24:08.972+0000] {processor.py:183} INFO - Processing /opt/airflow/dags/api_generation_dag1.py took 0.226 seconds
[2026-07-15T11:24:39.860+0000] {processor.py:161} INFO - Started process (PID=3444) to work on /opt/airflow/dags/api_generation_dag1.py
[2026-07-15T11:24:39.862+0000] {processor.py:830} INFO - Processing file /opt/airflow/dags/api_generation_dag1.py for tasks to queue
[2026-07-15T11:24:39.866+0000] {logging_mixin.py:188} INFO - [2026-07-15T11:24:39.865+0000] {dagbag.py:540} INFO - Filling up the DagBag from /opt/airflow/dags/api_generation_dag1.py
[2026-07-15T11:24:39.903+0000] {processor.py:840} INFO - DAG(s) 'api_generation_dag1' retrieved from /opt/airflow/dags/api_generation_dag1.py
[2026-07-15T11:24:39.950+0000] {logging_mixin.py:188} INFO - [2026-07-15T11:24:39.949+0000] {dag.py:3096} INFO - Sync 1 DAGs
[2026-07-15T11:24:39.988+0000] {logging_mixin.py:188} INFO - [2026-07-15T11:24:39.987+0000] {dag.py:3954} INFO - Setting next_dagrun for api_generation_dag1 to 2026-07-15 10:00:00+00:00, run_after=2026-07-15 11:00:00+00:00
[2026-07-15T11:24:40.059+0000] {processor.py:183} INFO - Processing /opt/airflow/dags/api_generation_dag1.py took 0.211 seconds
[2026-07-15T11:25:10.758+0000] {processor.py:161} INFO - Started process (PID=3469) to work on /opt/airflow/dags/api_generation_dag1.py
[2026-07-15T11:25:10.761+0000] {processor.py:830} INFO - Processing file /opt/airflow/dags/api_generation_dag1.py for tasks to queue
[2026-07-15T11:25:10.763+0000] {logging_mixin.py:188} INFO - [2026-07-15T11:25:10.762+0000] {dagbag.py:540} INFO - Filling up the DagBag from /opt/airflow/dags/api_generation_dag1.py
[2026-07-15T11:25:10.795+0000] {processor.py:840} INFO - DAG(s) 'api_generation_dag1' retrieved from /opt/airflow/dags/api_generation_dag1.py
[2026-07-15T11:25:10.844+0000] {logging_mixin.py:188} INFO - [2026-07-15T11:25:10.844+0000] {dag.py:3096} INFO - Sync 1 DAGs
[2026-07-15T11:25:10.871+0000] {logging_mixin.py:188} INFO - [2026-07-15T11:25:10.871+0000] {dag.py:3954} INFO - Setting next_dagrun for api_generation_dag1 to 2026-07-15 10:00:00+00:00, run_after=2026-07-15 11:00:00+00:00
[2026-07-15T11:25:10.898+0000] {processor.py:183} INFO - Processing /opt/airflow/dags/api_generation_dag1.py took 0.149 seconds
[2026-07-15T11:25:41.690+0000] {processor.py:161} INFO - Started process (PID=3494) to work on /opt/airflow/dags/api_generation_dag1.py
[2026-07-15T11:25:41.692+0000] {processor.py:830} INFO - Processing file /opt/airflow/dags/api_generation_dag1.py for tasks to queue
[2026-07-15T11:25:41.693+0000] {logging_mixin.py:188} INFO - [2026-07-15T11:25:41.693+0000] {dagbag.py:540} INFO - Filling up the DagBag from /opt/airflow/dags/api_generation_dag1.py
[2026-07-15T11:25:41.728+0000] {processor.py:840} INFO - DAG(s) 'api_generation_dag1' retrieved from /opt/airflow/dags/api_generation_dag1.py
[2026-07-15T11:25:41.757+0000] {logging_mixin.py:188} INFO - [2026-07-15T11:25:41.756+0000] {dag.py:3096} INFO - Sync 1 DAGs
[2026-07-15T11:25:41.786+0000] {logging_mixin.py:188} INFO - [2026-07-15T11:25:41.786+0000] {dag.py:3954} INFO - Setting next_dagrun for api_generation_dag1 to 2026-07-15 10:00:00+00:00, run_after=2026-07-15 11:00:00+00:00
[2026-07-15T11:25:41.812+0000] {processor.py:183} INFO - Processing /opt/airflow/dags/api_generation_dag1.py took 0.131 seconds
[2026-07-15T11:26:12.440+0000] {processor.py:161} INFO - Started process (PID=3521) to work on /opt/airflow/dags/api_generation_dag1.py
[2026-07-15T11:26:12.444+0000] {processor.py:830} INFO - Processing file /opt/airflow/dags/api_generation_dag1.py for tasks to queue
[2026-07-15T11:26:12.449+0000] {logging_mixin.py:188} INFO - [2026-07-15T11:26:12.448+0000] {dagbag.py:540} INFO - Filling up the DagBag from /opt/airflow/dags/api_generation_dag1.py
[2026-07-15T11:26:12.490+0000] {processor.py:840} INFO - DAG(s) 'api_generation_dag1' retrieved from /opt/airflow/dags/api_generation_dag1.py
[2026-07-15T11:26:12.533+0000] {logging_mixin.py:188} INFO - [2026-07-15T11:26:12.532+0000] {dag.py:3096} INFO - Sync 1 DAGs
[2026-07-15T11:26:12.566+0000] {logging_mixin.py:188} INFO - [2026-07-15T11:26:12.566+0000] {dag.py:3954} INFO - Setting next_dagrun for api_generation_dag1 to 2026-07-15 10:00:00+00:00, run_after=2026-07-15 11:00:00+00:00
[2026-07-15T11:26:12.588+0000] {processor.py:183} INFO - Processing /opt/airflow/dags/api_generation_dag1.py took 0.163 seconds
[2026-07-15T11:26:43.242+0000] {processor.py:161} INFO - Started process (PID=3546) to work on /opt/airflow/dags/api_generation_dag1.py
[2026-07-15T11:26:43.243+0000] {processor.py:830} INFO - Processing file /opt/airflow/dags/api_generation_dag1.py for tasks to queue
[2026-07-15T11:26:43.245+0000] {logging_mixin.py:188} INFO - [2026-07-15T11:26:43.245+0000] {dagbag.py:540} INFO - Filling up the DagBag from /opt/airflow/dags/api_generation_dag1.py
[2026-07-15T11:26:43.278+0000] {processor.py:840} INFO - DAG(s) 'api_generation_dag1' retrieved from /opt/airflow/dags/api_generation_dag1.py
[2026-07-15T11:26:43.310+0000] {logging_mixin.py:188} INFO - [2026-07-15T11:26:43.310+0000] {dag.py:3096} INFO - Sync 1 DAGs
[2026-07-15T11:26:43.341+0000] {logging_mixin.py:188} INFO - [2026-07-15T11:26:43.341+0000] {dag.py:3954} INFO - Setting next_dagrun for api_generation_dag1 to 2026-07-15 10:00:00+00:00, run_after=2026-07-15 11:00:00+00:00
[2026-07-15T11:26:43.362+0000] {processor.py:183} INFO - Processing /opt/airflow/dags/api_generation_dag1.py took 0.126 seconds
[2026-07-15T11:27:14.058+0000] {processor.py:161} INFO - Started process (PID=3571) to work on /opt/airflow/dags/api_generation_dag1.py
[2026-07-15T11:27:14.059+0000] {processor.py:830} INFO - Processing file /opt/airflow/dags/api_generation_dag1.py for tasks to queue
[2026-07-15T11:27:14.061+0000] {logging_mixin.py:188} INFO - [2026-07-15T11:27:14.060+0000] {dagbag.py:540} INFO - Filling up the DagBag from /opt/airflow/dags/api_generation_dag1.py
[2026-07-15T11:27:14.087+0000] {processor.py:840} INFO - DAG(s) 'api_generation_dag1' retrieved from /opt/airflow/dags/api_generation_dag1.py
[2026-07-15T11:27:14.112+0000] {logging_mixin.py:188} INFO - [2026-07-15T11:27:14.112+0000] {dag.py:3096} INFO - Sync 1 DAGs
[2026-07-15T11:27:14.134+0000] {logging_mixin.py:188} INFO - [2026-07-15T11:27:14.134+0000] {dag.py:3954} INFO - Setting next_dagrun for api_generation_dag1 to 2026-07-15 10:00:00+00:00, run_after=2026-07-15 11:00:00+00:00
[2026-07-15T11:27:14.156+0000] {processor.py:183} INFO - Processing /opt/airflow/dags/api_generation_dag1.py took 0.104 seconds
[2026-07-15T11:27:44.783+0000] {processor.py:161} INFO - Started process (PID=3596) to work on /opt/airflow/dags/api_generation_dag1.py
[2026-07-15T11:27:44.785+0000] {processor.py:830} INFO - Processing file /opt/airflow/dags/api_generation_dag1.py for tasks to queue
[2026-07-15T11:27:44.786+0000] {logging_mixin.py:188} INFO - [2026-07-15T11:27:44.786+0000] {dagbag.py:540} INFO - Filling up the DagBag from /opt/airflow/dags/api_generation_dag1.py
[2026-07-15T11:27:44.811+0000] {processor.py:840} INFO - DAG(s) 'api_generation_dag1' retrieved from /opt/airflow/dags/api_generation_dag1.py
[2026-07-15T11:27:44.836+0000] {logging_mixin.py:188} INFO - [2026-07-15T11:27:44.836+0000] {dag.py:3096} INFO - Sync 1 DAGs
[2026-07-15T11:27:44.862+0000] {logging_mixin.py:188} INFO - [2026-07-15T11:27:44.861+0000] {dag.py:3954} INFO - Setting next_dagrun for api_generation_dag1 to 2026-07-15 10:00:00+00:00, run_after=2026-07-15 11:00:00+00:00
[2026-07-15T11:27:44.884+0000] {processor.py:183} INFO - Processing /opt/airflow/dags/api_generation_dag1.py took 0.107 seconds
[2026-07-15T11:28:15.521+0000] {processor.py:161} INFO - Started process (PID=3623) to work on /opt/airflow/dags/api_generation_dag1.py
[2026-07-15T11:28:15.523+0000] {processor.py:830} INFO - Processing file /opt/airflow/dags/api_generation_dag1.py for tasks to queue
[2026-07-15T11:28:15.528+0000] {logging_mixin.py:188} INFO - [2026-07-15T11:28:15.526+0000] {dagbag.py:540} INFO - Filling up the DagBag from /opt/airflow/dags/api_generation_dag1.py
[2026-07-15T11:28:15.565+0000] {processor.py:840} INFO - DAG(s) 'api_generation_dag1' retrieved from /opt/airflow/dags/api_generation_dag1.py
[2026-07-15T11:28:15.610+0000] {logging_mixin.py:188} INFO - [2026-07-15T11:28:15.609+0000] {dag.py:3096} INFO - Sync 1 DAGs
[2026-07-15T11:28:15.672+0000] {logging_mixin.py:188} INFO - [2026-07-15T11:28:15.672+0000] {dag.py:3954} INFO - Setting next_dagrun for api_generation_dag1 to 2026-07-15 10:00:00+00:00, run_after=2026-07-15 11:00:00+00:00
[2026-07-15T11:28:15.693+0000] {processor.py:183} INFO - Processing /opt/airflow/dags/api_generation_dag1.py took 0.181 seconds
[2026-07-15T11:28:46.280+0000] {processor.py:161} INFO - Started process (PID=3648) to work on /opt/airflow/dags/api_generation_dag1.py
[2026-07-15T11:28:46.282+0000] {processor.py:830} INFO - Processing file /opt/airflow/dags/api_generation_dag1.py for tasks to queue
[2026-07-15T11:28:46.284+0000] {logging_mixin.py:188} INFO - [2026-07-15T11:28:46.283+0000] {dagbag.py:540} INFO - Filling up the DagBag from /opt/airflow/dags/api_generation_dag1.py
[2026-07-15T11:28:46.319+0000] {processor.py:840} INFO - DAG(s) 'api_generation_dag1' retrieved from /opt/airflow/dags/api_generation_dag1.py
[2026-07-15T11:28:46.349+0000] {logging_mixin.py:188} INFO - [2026-07-15T11:28:46.348+0000] {dag.py:3096} INFO - Sync 1 DAGs
[2026-07-15T11:28:46.375+0000] {logging_mixin.py:188} INFO - [2026-07-15T11:28:46.375+0000] {dag.py:3954} INFO - Setting next_dagrun for api_generation_dag1 to 2026-07-15 10:00:00+00:00, run_after=2026-07-15 11:00:00+00:00
[2026-07-15T11:28:46.395+0000] {processor.py:183} INFO - Processing /opt/airflow/dags/api_generation_dag1.py took 0.132 seconds
[2026-07-15T11:29:16.978+0000] {processor.py:161} INFO - Started process (PID=3673) to work on /opt/airflow/dags/api_generation_dag1.py
[2026-07-15T11:29:16.980+0000] {processor.py:830} INFO - Processing file /opt/airflow/dags/api_generation_dag1.py for tasks to queue
[2026-07-15T11:29:16.981+0000] {logging_mixin.py:188} INFO - [2026-07-15T11:29:16.981+0000] {dagbag.py:540} INFO - Filling up the DagBag from /opt/airflow/dags/api_generation_dag1.py
[2026-07-15T11:29:17.001+0000] {processor.py:840} INFO - DAG(s) 'api_generation_dag1' retrieved from /opt/airflow/dags/api_generation_dag1.py
[2026-07-15T11:29:17.038+0000] {logging_mixin.py:188} INFO - [2026-07-15T11:29:17.037+0000] {dag.py:3096} INFO - Sync 1 DAGs
[2026-07-15T11:29:17.062+0000] {logging_mixin.py:188} INFO - [2026-07-15T11:29:17.062+0000] {dag.py:3954} INFO - Setting next_dagrun for api_generation_dag1 to 2026-07-15 10:00:00+00:00, run_after=2026-07-15 11:00:00+00:00
[2026-07-15T11:29:17.086+0000] {processor.py:183} INFO - Processing /opt/airflow/dags/api_generation_dag1.py took 0.117 seconds
[2026-07-15T11:29:47.755+0000] {processor.py:161} INFO - Started process (PID=3698) to work on /opt/airflow/dags/api_generation_dag1.py
[2026-07-15T11:29:47.757+0000] {processor.py:830} INFO - Processing file /opt/airflow/dags/api_generation_dag1.py for tasks to queue
[2026-07-15T11:29:47.759+0000] {logging_mixin.py:188} INFO - [2026-07-15T11:29:47.759+0000] {dagbag.py:540} INFO - Filling up the DagBag from /opt/airflow/dags/api_generation_dag1.py
[2026-07-15T11:29:47.791+0000] {processor.py:840} INFO - DAG(s) 'api_generation_dag1' retrieved from /opt/airflow/dags/api_generation_dag1.py
[2026-07-15T11:29:47.833+0000] {logging_mixin.py:188} INFO - [2026-07-15T11:29:47.832+0000] {dag.py:3096} INFO - Sync 1 DAGs
[2026-07-15T11:29:47.870+0000] {logging_mixin.py:188} INFO - [2026-07-15T11:29:47.870+0000] {dag.py:3954} INFO - Setting next_dagrun for api_generation_dag1 to 2026-07-15 10:00:00+00:00, run_after=2026-07-15 11:00:00+00:00
[2026-07-15T11:29:47.895+0000] {processor.py:183} INFO - Processing /opt/airflow/dags/api_generation_dag1.py took 0.151 seconds
[2026-07-15T11:30:18.451+0000] {processor.py:161} INFO - Started process (PID=3723) to work on /opt/airflow/dags/api_generation_dag1.py
[2026-07-15T11:30:18.453+0000] {processor.py:830} INFO - Processing file /opt/airflow/dags/api_generation_dag1.py for tasks to queue
[2026-07-15T11:30:18.454+0000] {logging_mixin.py:188} INFO - [2026-07-15T11:30:18.454+0000] {dagbag.py:540} INFO - Filling up the DagBag from /opt/airflow/dags/api_generation_dag1.py
[2026-07-15T11:30:18.481+0000] {processor.py:840} INFO - DAG(s) 'api_generation_dag1' retrieved from /opt/airflow/dags/api_generation_dag1.py
[2026-07-15T11:30:18.512+0000] {logging_mixin.py:188} INFO - [2026-07-15T11:30:18.512+0000] {dag.py:3096} INFO - Sync 1 DAGs
[2026-07-15T11:30:18.537+0000] {logging_mixin.py:188} INFO - [2026-07-15T11:30:18.537+0000] {dag.py:3954} INFO - Setting next_dagrun for api_generation_dag1 to 2026-07-15 10:00:00+00:00, run_after=2026-07-15 11:00:00+00:00
[2026-07-15T11:30:18.558+0000] {processor.py:183} INFO - Processing /opt/airflow/dags/api_generation_dag1.py took 0.115 seconds
[2026-07-15T11:30:49.177+0000] {processor.py:161} INFO - Started process (PID=3748) to work on /opt/airflow/dags/api_generation_dag1.py
[2026-07-15T11:30:49.181+0000] {processor.py:830} INFO - Processing file /opt/airflow/dags/api_generation_dag1.py for tasks to queue
[2026-07-15T11:30:49.183+0000] {logging_mixin.py:188} INFO - [2026-07-15T11:30:49.182+0000] {dagbag.py:540} INFO - Filling up the DagBag from /opt/airflow/dags/api_generation_dag1.py
[2026-07-15T11:30:49.218+0000] {processor.py:840} INFO - DAG(s) 'api_generation_dag1' retrieved from /opt/airflow/dags/api_generation_dag1.py
[2026-07-15T11:30:49.253+0000] {logging_mixin.py:188} INFO - [2026-07-15T11:30:49.251+0000] {dag.py:3096} INFO - Sync 1 DAGs
[2026-07-15T11:30:49.282+0000] {logging_mixin.py:188} INFO - [2026-07-15T11:30:49.282+0000] {dag.py:3954} INFO - Setting next_dagrun for api_generation_dag1 to 2026-07-15 10:00:00+00:00, run_after=2026-07-15 11:00:00+00:00
[2026-07-15T11:30:49.312+0000] {processor.py:183} INFO - Processing /opt/airflow/dags/api_generation_dag1.py took 0.143 seconds
[2026-07-15T11:31:20.185+0000] {processor.py:161} INFO - Started process (PID=3773) to work on /opt/airflow/dags/api_generation_dag1.py
[2026-07-15T11:31:20.187+0000] {processor.py:830} INFO - Processing file /opt/airflow/dags/api_generation_dag1.py for tasks to queue
[2026-07-15T11:31:20.189+0000] {logging_mixin.py:188} INFO - [2026-07-15T11:31:20.189+0000] {dagbag.py:540} INFO - Filling up the DagBag from /opt/airflow/dags/api_generation_dag1.py
[2026-07-15T11:31:20.220+0000] {processor.py:840} INFO - DAG(s) 'api_generation_dag1' retrieved from /opt/airflow/dags/api_generation_dag1.py
[2026-07-15T11:31:20.253+0000] {logging_mixin.py:188} INFO - [2026-07-15T11:31:20.252+0000] {dag.py:3096} INFO - Sync 1 DAGs
[2026-07-15T11:31:20.285+0000] {logging_mixin.py:188} INFO - [2026-07-15T11:31:20.285+0000] {dag.py:3954} INFO - Setting next_dagrun for api_generation_dag1 to 2026-07-15 10:00:00+00:00, run_after=2026-07-15 11:00:00+00:00
[2026-07-15T11:31:20.311+0000] {processor.py:183} INFO - Processing /opt/airflow/dags/api_generation_dag1.py took 0.135 seconds
[2026-07-15T11:31:51.115+0000] {processor.py:161} INFO - Started process (PID=3798) to work on /opt/airflow/dags/api_generation_dag1.py
[2026-07-15T11:31:51.117+0000] {processor.py:830} INFO - Processing file /opt/airflow/dags/api_generation_dag1.py for tasks to queue
[2026-07-15T11:31:51.119+0000] {logging_mixin.py:188} INFO - [2026-07-15T11:31:51.119+0000] {dagbag.py:540} INFO - Filling up the DagBag from /opt/airflow/dags/api_generation_dag1.py
[2026-07-15T11:31:51.144+0000] {processor.py:840} INFO - DAG(s) 'api_generation_dag1' retrieved from /opt/airflow/dags/api_generation_dag1.py
[2026-07-15T11:31:51.171+0000] {logging_mixin.py:188} INFO - [2026-07-15T11:31:51.170+0000] {dag.py:3096} INFO - Sync 1 DAGs
[2026-07-15T11:31:51.193+0000] {logging_mixin.py:188} INFO - [2026-07-15T11:31:51.193+0000] {dag.py:3954} INFO - Setting next_dagrun for api_generation_dag1 to 2026-07-15 10:00:00+00:00, run_after=2026-07-15 11:00:00+00:00
[2026-07-15T11:31:51.212+0000] {processor.py:183} INFO - Processing /opt/airflow/dags/api_generation_dag1.py took 0.104 seconds
[2026-07-15T11:32:21.814+0000] {processor.py:161} INFO - Started process (PID=3823) to work on /opt/airflow/dags/api_generation_dag1.py
[2026-07-15T11:32:21.815+0000] {processor.py:830} INFO - Processing file /opt/airflow/dags/api_generation_dag1.py for tasks to queue
[2026-07-15T11:32:21.817+0000] {logging_mixin.py:188} INFO - [2026-07-15T11:32:21.817+0000] {dagbag.py:540} INFO - Filling up the DagBag from /opt/airflow/dags/api_generation_dag1.py
[2026-07-15T11:32:21.841+0000] {processor.py:840} INFO - DAG(s) 'api_generation_dag1' retrieved from /opt/airflow/dags/api_generation_dag1.py
[2026-07-15T11:32:21.871+0000] {logging_mixin.py:188} INFO - [2026-07-15T11:32:21.870+0000] {dag.py:3096} INFO - Sync 1 DAGs
[2026-07-15T11:32:21.918+0000] {logging_mixin.py:188} INFO - [2026-07-15T11:32:21.918+0000] {dag.py:3954} INFO - Setting next_dagrun for api_generation_dag1 to 2026-07-15 10:00:00+00:00, run_after=2026-07-15 11:00:00+00:00
[2026-07-15T11:32:21.950+0000] {processor.py:183} INFO - Processing /opt/airflow/dags/api_generation_dag1.py took 0.143 seconds
[2026-07-15T11:32:52.547+0000] {processor.py:161} INFO - Started process (PID=3848) to work on /opt/airflow/dags/api_generation_dag1.py
[2026-07-15T11:32:52.548+0000] {processor.py:830} INFO - Processing file /opt/airflow/dags/api_generation_dag1.py for tasks to queue
[2026-07-15T11:32:52.550+0000] {logging_mixin.py:188} INFO - [2026-07-15T11:32:52.550+0000] {dagbag.py:540} INFO - Filling up the DagBag from /opt/airflow/dags/api_generation_dag1.py
[2026-07-15T11:32:52.576+0000] {processor.py:840} INFO - DAG(s) 'api_generation_dag1' retrieved from /opt/airflow/dags/api_generation_dag1.py
[2026-07-15T11:32:52.605+0000] {logging_mixin.py:188} INFO - [2026-07-15T11:32:52.604+0000] {dag.py:3096} INFO - Sync 1 DAGs
[2026-07-15T11:32:52.628+0000] {logging_mixin.py:188} INFO - [2026-07-15T11:32:52.627+0000] {dag.py:3954} INFO - Setting next_dagrun for api_generation_dag1 to 2026-07-15 10:00:00+00:00, run_after=2026-07-15 11:00:00+00:00
[2026-07-15T11:32:52.649+0000] {processor.py:183} INFO - Processing /opt/airflow/dags/api_generation_dag1.py took 0.109 seconds
[2026-07-15T11:33:23.305+0000] {processor.py:161} INFO - Started process (PID=3873) to work on /opt/airflow/dags/api_generation_dag1.py
[2026-07-15T11:33:23.307+0000] {processor.py:830} INFO - Processing file /opt/airflow/dags/api_generation_dag1.py for tasks to queue
[2026-07-15T11:33:23.309+0000] {logging_mixin.py:188} INFO - [2026-07-15T11:33:23.308+0000] {dagbag.py:540} INFO - Filling up the DagBag from /opt/airflow/dags/api_generation_dag1.py
[2026-07-15T11:33:23.332+0000] {processor.py:840} INFO - DAG(s) 'api_generation_dag1' retrieved from /opt/airflow/dags/api_generation_dag1.py
[2026-07-15T11:33:23.363+0000] {logging_mixin.py:188} INFO - [2026-07-15T11:33:23.363+0000] {dag.py:3096} INFO - Sync 1 DAGs
[2026-07-15T11:33:23.391+0000] {logging_mixin.py:188} INFO - [2026-07-15T11:33:23.391+0000] {dag.py:3954} INFO - Setting next_dagrun for api_generation_dag1 to 2026-07-15 10:00:00+00:00, run_after=2026-07-15 11:00:00+00:00
[2026-07-15T11:33:23.412+0000] {processor.py:183} INFO - Processing /opt/airflow/dags/api_generation_dag1.py took 0.116 seconds
[2026-07-15T11:33:54.043+0000] {processor.py:161} INFO - Started process (PID=3898) to work on /opt/airflow/dags/api_generation_dag1.py
[2026-07-15T11:33:54.045+0000] {processor.py:830} INFO - Processing file /opt/airflow/dags/api_generation_dag1.py for tasks to queue
[2026-07-15T11:33:54.047+0000] {logging_mixin.py:188} INFO - [2026-07-15T11:33:54.047+0000] {dagbag.py:540} INFO - Filling up the DagBag from /opt/airflow/dags/api_generation_dag1.py
[2026-07-15T11:33:54.069+0000] {processor.py:840} INFO - DAG(s) 'api_generation_dag1' retrieved from /opt/airflow/dags/api_generation_dag1.py
[2026-07-15T11:33:54.096+0000] {logging_mixin.py:188} INFO - [2026-07-15T11:33:54.095+0000] {dag.py:3096} INFO - Sync 1 DAGs
[2026-07-15T11:33:54.119+0000] {logging_mixin.py:188} INFO - [2026-07-15T11:33:54.119+0000] {dag.py:3954} INFO - Setting next_dagrun for api_generation_dag1 to 2026-07-15 10:00:00+00:00, run_after=2026-07-15 11:00:00+00:00
[2026-07-15T11:33:54.139+0000] {processor.py:183} INFO - Processing /opt/airflow/dags/api_generation_dag1.py took 0.104 seconds
[2026-07-15T11:34:24.784+0000] {processor.py:161} INFO - Started process (PID=3923) to work on /opt/airflow/dags/api_generation_dag1.py
[2026-07-15T11:34:24.785+0000] {processor.py:830} INFO - Processing file /opt/airflow/dags/api_generation_dag1.py for tasks to queue
[2026-07-15T11:34:24.787+0000] {logging_mixin.py:188} INFO - [2026-07-15T11:34:24.787+0000] {dagbag.py:540} INFO - Filling up the DagBag from /opt/airflow/dags/api_generation_dag1.py
[2026-07-15T11:34:24.814+0000] {processor.py:840} INFO - DAG(s) 'api_generation_dag1' retrieved from /opt/airflow/dags/api_generation_dag1.py
[2026-07-15T11:34:24.843+0000] {logging_mixin.py:188} INFO - [2026-07-15T11:34:24.842+0000] {dag.py:3096} INFO - Sync 1 DAGs
[2026-07-15T11:34:24.868+0000] {logging_mixin.py:188} INFO - [2026-07-15T11:34:24.867+0000] {dag.py:3954} INFO - Setting next_dagrun for api_generation_dag1 to 2026-07-15 10:00:00+00:00, run_after=2026-07-15 11:00:00+00:00
[2026-07-15T11:34:24.891+0000] {processor.py:183} INFO - Processing /opt/airflow/dags/api_generation_dag1.py took 0.114 seconds
[2026-07-15T11:34:55.513+0000] {processor.py:161} INFO - Started process (PID=3948) to work on /opt/airflow/dags/api_generation_dag1.py
[2026-07-15T11:34:55.515+0000] {processor.py:830} INFO - Processing file /opt/airflow/dags/api_generation_dag1.py for tasks to queue
[2026-07-15T11:34:55.516+0000] {logging_mixin.py:188} INFO - [2026-07-15T11:34:55.516+0000] {dagbag.py:540} INFO - Filling up the DagBag from /opt/airflow/dags/api_generation_dag1.py
[2026-07-15T11:34:55.541+0000] {processor.py:840} INFO - DAG(s) 'api_generation_dag1' retrieved from /opt/airflow/dags/api_generation_dag1.py
[2026-07-15T11:34:55.572+0000] {logging_mixin.py:188} INFO - [2026-07-15T11:34:55.572+0000] {dag.py:3096} INFO - Sync 1 DAGs
[2026-07-15T11:34:55.599+0000] {logging_mixin.py:188} INFO - [2026-07-15T11:34:55.598+0000] {dag.py:3954} INFO - Setting next_dagrun for api_generation_dag1 to 2026-07-15 10:00:00+00:00, run_after=2026-07-15 11:00:00+00:00
[2026-07-15T11:34:55.625+0000] {processor.py:183} INFO - Processing /opt/airflow/dags/api_generation_dag1.py took 0.118 seconds
[2026-07-15T11:35:26.354+0000] {processor.py:161} INFO - Started process (PID=3973) to work on /opt/airflow/dags/api_generation_dag1.py
[2026-07-15T11:35:26.356+0000] {processor.py:830} INFO - Processing file /opt/airflow/dags/api_generation_dag1.py for tasks to queue
[2026-07-15T11:35:26.359+0000] {logging_mixin.py:188} INFO - [2026-07-15T11:35:26.358+0000] {dagbag.py:540} INFO - Filling up the DagBag from /opt/airflow/dags/api_generation_dag1.py
[2026-07-15T11:35:26.386+0000] {processor.py:840} INFO - DAG(s) 'api_generation_dag1' retrieved from /opt/airflow/dags/api_generation_dag1.py
[2026-07-15T11:35:26.417+0000] {logging_mixin.py:188} INFO - [2026-07-15T11:35:26.417+0000] {dag.py:3096} INFO - Sync 1 DAGs
[2026-07-15T11:35:26.449+0000] {logging_mixin.py:188} INFO - [2026-07-15T11:35:26.449+0000] {dag.py:3954} INFO - Setting next_dagrun for api_generation_dag1 to 2026-07-15 10:00:00+00:00, run_after=2026-07-15 11:00:00+00:00
[2026-07-15T11:35:26.473+0000] {processor.py:183} INFO - Processing /opt/airflow/dags/api_generation_dag1.py took 0.128 seconds
[2026-07-15T11:35:57.091+0000] {processor.py:161} INFO - Started process (PID=3998) to work on /opt/airflow/dags/api_generation_dag1.py
[2026-07-15T11:35:57.094+0000] {processor.py:830} INFO - Processing file /opt/airflow/dags/api_generation_dag1.py for tasks to queue
[2026-07-15T11:35:57.099+0000] {logging_mixin.py:188} INFO - [2026-07-15T11:35:57.098+0000] {dagbag.py:540} INFO - Filling up the DagBag from /opt/airflow/dags/api_generation_dag1.py
[2026-07-15T11:35:57.137+0000] {processor.py:840} INFO - DAG(s) 'api_generation_dag1' retrieved from /opt/airflow/dags/api_generation_dag1.py
[2026-07-15T11:35:57.173+0000] {logging_mixin.py:188} INFO - [2026-07-15T11:35:57.173+0000] {dag.py:3096} INFO - Sync 1 DAGs
[2026-07-15T11:35:57.208+0000] {logging_mixin.py:188} INFO - [2026-07-15T11:35:57.207+0000] {dag.py:3954} INFO - Setting next_dagrun for api_generation_dag1 to 2026-07-15 10:00:00+00:00, run_after=2026-07-15 11:00:00+00:00
[2026-07-15T11:35:57.263+0000] {processor.py:183} INFO - Processing /opt/airflow/dags/api_generation_dag1.py took 0.187 seconds
[2026-07-15T11:36:27.737+0000] {processor.py:161} INFO - Started process (PID=4023) to work on /opt/airflow/dags/api_generation_dag1.py
[2026-07-15T11:36:27.738+0000] {processor.py:830} INFO - Processing file /opt/airflow/dags/api_generation_dag1.py for tasks to queue
[2026-07-15T11:36:27.740+0000] {logging_mixin.py:188} INFO - [2026-07-15T11:36:27.740+0000] {dagbag.py:540} INFO - Filling up the DagBag from /opt/airflow/dags/api_generation_dag1.py
[2026-07-15T11:36:27.769+0000] {processor.py:840} INFO - DAG(s) 'api_generation_dag1' retrieved from /opt/airflow/dags/api_generation_dag1.py
[2026-07-15T11:36:27.801+0000] {logging_mixin.py:188} INFO - [2026-07-15T11:36:27.800+0000] {dag.py:3096} INFO - Sync 1 DAGs
[2026-07-15T11:36:27.829+0000] {logging_mixin.py:188} INFO - [2026-07-15T11:36:27.829+0000] {dag.py:3954} INFO - Setting next_dagrun for api_generation_dag1 to 2026-07-15 10:00:00+00:00, run_after=2026-07-15 11:00:00+00:00
[2026-07-15T11:36:27.854+0000] {processor.py:183} INFO - Processing /opt/airflow/dags/api_generation_dag1.py took 0.126 seconds
[2026-07-15T11:36:58.570+0000] {processor.py:161} INFO - Started process (PID=4048) to work on /opt/airflow/dags/api_generation_dag1.py
[2026-07-15T11:36:58.571+0000] {processor.py:830} INFO - Processing file /opt/airflow/dags/api_generation_dag1.py for tasks to queue
[2026-07-15T11:36:58.574+0000] {logging_mixin.py:188} INFO - [2026-07-15T11:36:58.573+0000] {dagbag.py:540} INFO - Filling up the DagBag from /opt/airflow/dags/api_generation_dag1.py
[2026-07-15T11:36:58.597+0000] {processor.py:840} INFO - DAG(s) 'api_generation_dag1' retrieved from /opt/airflow/dags/api_generation_dag1.py
[2026-07-15T11:36:58.628+0000] {logging_mixin.py:188} INFO - [2026-07-15T11:36:58.628+0000] {dag.py:3096} INFO - Sync 1 DAGs
[2026-07-15T11:36:58.668+0000] {logging_mixin.py:188} INFO - [2026-07-15T11:36:58.667+0000] {dag.py:3954} INFO - Setting next_dagrun for api_generation_dag1 to 2026-07-15 10:00:00+00:00, run_after=2026-07-15 11:00:00+00:00
[2026-07-15T11:36:58.691+0000] {processor.py:183} INFO - Processing /opt/airflow/dags/api_generation_dag1.py took 0.128 seconds
[2026-07-15T11:37:29.374+0000] {processor.py:161} INFO - Started process (PID=4090) to work on /opt/airflow/dags/api_generation_dag1.py
[2026-07-15T11:37:29.392+0000] {processor.py:830} INFO - Processing file /opt/airflow/dags/api_generation_dag1.py for tasks to queue
[2026-07-15T11:37:29.406+0000] {logging_mixin.py:188} INFO - [2026-07-15T11:37:29.405+0000] {dagbag.py:540} INFO - Filling up the DagBag from /opt/airflow/dags/api_generation_dag1.py
[2026-07-15T11:37:29.467+0000] {processor.py:840} INFO - DAG(s) 'api_generation_dag1' retrieved from /opt/airflow/dags/api_generation_dag1.py
[2026-07-15T11:37:29.554+0000] {logging_mixin.py:188} INFO - [2026-07-15T11:37:29.553+0000] {dag.py:3096} INFO - Sync 1 DAGs
[2026-07-15T11:37:29.656+0000] {logging_mixin.py:188} INFO - [2026-07-15T11:37:29.656+0000] {dag.py:3954} INFO - Setting next_dagrun for api_generation_dag1 to 2026-07-15 10:00:00+00:00, run_after=2026-07-15 11:00:00+00:00
[2026-07-15T11:37:29.726+0000] {processor.py:183} INFO - Processing /opt/airflow/dags/api_generation_dag1.py took 0.370 seconds
[2026-07-15T11:38:00.923+0000] {processor.py:161} INFO - Started process (PID=4115) to work on /opt/airflow/dags/api_generation_dag1.py
[2026-07-15T11:38:00.926+0000] {processor.py:830} INFO - Processing file /opt/airflow/dags/api_generation_dag1.py for tasks to queue
[2026-07-15T11:38:00.935+0000] {logging_mixin.py:188} INFO - [2026-07-15T11:38:00.934+0000] {dagbag.py:540} INFO - Filling up the DagBag from /opt/airflow/dags/api_generation_dag1.py
[2026-07-15T11:38:00.977+0000] {processor.py:840} INFO - DAG(s) 'api_generation_dag1' retrieved from /opt/airflow/dags/api_generation_dag1.py
[2026-07-15T11:38:01.047+0000] {logging_mixin.py:188} INFO - [2026-07-15T11:38:01.045+0000] {dag.py:3096} INFO - Sync 1 DAGs
[2026-07-15T11:38:01.132+0000] {logging_mixin.py:188} INFO - [2026-07-15T11:38:01.132+0000] {dag.py:3954} INFO - Setting next_dagrun for api_generation_dag1 to 2026-07-15 10:00:00+00:00, run_after=2026-07-15 11:00:00+00:00
[2026-07-15T11:38:01.184+0000] {processor.py:183} INFO - Processing /opt/airflow/dags/api_generation_dag1.py took 0.282 seconds
[2026-07-15T11:38:31.324+0000] {processor.py:161} INFO - Started process (PID=4140) to work on /opt/airflow/dags/api_generation_dag1.py
[2026-07-15T11:38:31.326+0000] {processor.py:830} INFO - Processing file /opt/airflow/dags/api_generation_dag1.py for tasks to queue
[2026-07-15T11:38:31.331+0000] {logging_mixin.py:188} INFO - [2026-07-15T11:38:31.330+0000] {dagbag.py:540} INFO - Filling up the DagBag from /opt/airflow/dags/api_generation_dag1.py
[2026-07-15T11:38:31.367+0000] {processor.py:840} INFO - DAG(s) 'api_generation_dag1' retrieved from /opt/airflow/dags/api_generation_dag1.py
[2026-07-15T11:38:31.447+0000] {logging_mixin.py:188} INFO - [2026-07-15T11:38:31.446+0000] {dag.py:3096} INFO - Sync 1 DAGs
[2026-07-15T11:38:31.506+0000] {logging_mixin.py:188} INFO - [2026-07-15T11:38:31.505+0000] {dag.py:3954} INFO - Setting next_dagrun for api_generation_dag1 to 2026-07-15 10:00:00+00:00, run_after=2026-07-15 11:00:00+00:00
[2026-07-15T11:38:31.539+0000] {processor.py:183} INFO - Processing /opt/airflow/dags/api_generation_dag1.py took 0.227 seconds
[2026-07-15T11:39:02.483+0000] {processor.py:161} INFO - Started process (PID=4165) to work on /opt/airflow/dags/api_generation_dag1.py
[2026-07-15T11:39:02.485+0000] {processor.py:830} INFO - Processing file /opt/airflow/dags/api_generation_dag1.py for tasks to queue
[2026-07-15T11:39:02.487+0000] {logging_mixin.py:188} INFO - [2026-07-15T11:39:02.487+0000] {dagbag.py:540} INFO - Filling up the DagBag from /opt/airflow/dags/api_generation_dag1.py
[2026-07-15T11:39:02.523+0000] {processor.py:840} INFO - DAG(s) 'api_generation_dag1' retrieved from /opt/airflow/dags/api_generation_dag1.py
[2026-07-15T11:39:02.574+0000] {logging_mixin.py:188} INFO - [2026-07-15T11:39:02.574+0000] {dag.py:3096} INFO - Sync 1 DAGs
[2026-07-15T11:39:02.617+0000] {logging_mixin.py:188} INFO - [2026-07-15T11:39:02.617+0000] {dag.py:3954} INFO - Setting next_dagrun for api_generation_dag1 to 2026-07-15 10:00:00+00:00, run_after=2026-07-15 11:00:00+00:00
[2026-07-15T11:39:02.650+0000] {processor.py:183} INFO - Processing /opt/airflow/dags/api_generation_dag1.py took 0.181 seconds
[2026-07-15T11:39:32.798+0000] {processor.py:161} INFO - Started process (PID=4204) to work on /opt/airflow/dags/api_generation_dag1.py
[2026-07-15T11:39:32.801+0000] {processor.py:830} INFO - Processing file /opt/airflow/dags/api_generation_dag1.py for tasks to queue
[2026-07-15T11:39:32.805+0000] {logging_mixin.py:188} INFO - [2026-07-15T11:39:32.804+0000] {dagbag.py:540} INFO - Filling up the DagBag from /opt/airflow/dags/api_generation_dag1.py
[2026-07-15T11:39:32.856+0000] {processor.py:840} INFO - DAG(s) 'api_generation_dag1' retrieved from /opt/airflow/dags/api_generation_dag1.py
[2026-07-15T11:39:32.923+0000] {logging_mixin.py:188} INFO - [2026-07-15T11:39:32.923+0000] {dag.py:3096} INFO - Sync 1 DAGs
[2026-07-15T11:39:32.983+0000] {logging_mixin.py:188} INFO - [2026-07-15T11:39:32.982+0000] {dag.py:3954} INFO - Setting next_dagrun for api_generation_dag1 to 2026-07-15 10:00:00+00:00, run_after=2026-07-15 11:00:00+00:00
[2026-07-15T11:39:33.026+0000] {processor.py:183} INFO - Processing /opt/airflow/dags/api_generation_dag1.py took 0.248 seconds
[2026-07-15T11:40:03.296+0000] {processor.py:161} INFO - Started process (PID=4229) to work on /opt/airflow/dags/api_generation_dag1.py
[2026-07-15T11:40:03.305+0000] {processor.py:830} INFO - Processing file /opt/airflow/dags/api_generation_dag1.py for tasks to queue
[2026-07-15T11:40:03.331+0000] {logging_mixin.py:188} INFO - [2026-07-15T11:40:03.325+0000] {dagbag.py:540} INFO - Filling up the DagBag from /opt/airflow/dags/api_generation_dag1.py
[2026-07-15T11:40:03.500+0000] {processor.py:840} INFO - DAG(s) 'api_generation_dag1' retrieved from /opt/airflow/dags/api_generation_dag1.py
[2026-07-15T11:40:03.577+0000] {logging_mixin.py:188} INFO - [2026-07-15T11:40:03.576+0000] {dag.py:3096} INFO - Sync 1 DAGs
[2026-07-15T11:40:03.658+0000] {logging_mixin.py:188} INFO - [2026-07-15T11:40:03.657+0000] {dag.py:3954} INFO - Setting next_dagrun for api_generation_dag1 to 2026-07-15 10:00:00+00:00, run_after=2026-07-15 11:00:00+00:00
[2026-07-15T11:40:03.718+0000] {processor.py:183} INFO - Processing /opt/airflow/dags/api_generation_dag1.py took 0.444 seconds
[2026-07-15T11:40:33.871+0000] {processor.py:161} INFO - Started process (PID=4254) to work on /opt/airflow/dags/api_generation_dag1.py
[2026-07-15T11:40:33.874+0000] {processor.py:830} INFO - Processing file /opt/airflow/dags/api_generation_dag1.py for tasks to queue
[2026-07-15T11:40:33.878+0000] {logging_mixin.py:188} INFO - [2026-07-15T11:40:33.877+0000] {dagbag.py:540} INFO - Filling up the DagBag from /opt/airflow/dags/api_generation_dag1.py
[2026-07-15T11:40:33.922+0000] {processor.py:840} INFO - DAG(s) 'api_generation_dag1' retrieved from /opt/airflow/dags/api_generation_dag1.py
[2026-07-15T11:40:33.985+0000] {logging_mixin.py:188} INFO - [2026-07-15T11:40:33.985+0000] {dag.py:3096} INFO - Sync 1 DAGs
[2026-07-15T11:40:34.045+0000] {logging_mixin.py:188} INFO - [2026-07-15T11:40:34.045+0000] {dag.py:3954} INFO - Setting next_dagrun for api_generation_dag1 to 2026-07-15 10:00:00+00:00, run_after=2026-07-15 11:00:00+00:00
[2026-07-15T11:40:34.085+0000] {processor.py:183} INFO - Processing /opt/airflow/dags/api_generation_dag1.py took 0.233 seconds
[2026-07-15T11:41:04.174+0000] {processor.py:161} INFO - Started process (PID=4279) to work on /opt/airflow/dags/api_generation_dag1.py
[2026-07-15T11:41:04.176+0000] {processor.py:830} INFO - Processing file /opt/airflow/dags/api_generation_dag1.py for tasks to queue
[2026-07-15T11:41:04.179+0000] {logging_mixin.py:188} INFO - [2026-07-15T11:41:04.178+0000] {dagbag.py:540} INFO - Filling up the DagBag from /opt/airflow/dags/api_generation_dag1.py
[2026-07-15T11:41:04.219+0000] {processor.py:840} INFO - DAG(s) 'api_generation_dag1' retrieved from /opt/airflow/dags/api_generation_dag1.py
[2026-07-15T11:41:04.276+0000] {logging_mixin.py:188} INFO - [2026-07-15T11:41:04.276+0000] {dag.py:3096} INFO - Sync 1 DAGs
[2026-07-15T11:41:04.325+0000] {logging_mixin.py:188} INFO - [2026-07-15T11:41:04.325+0000] {dag.py:3954} INFO - Setting next_dagrun for api_generation_dag1 to 2026-07-15 10:00:00+00:00, run_after=2026-07-15 11:00:00+00:00
[2026-07-15T11:41:04.368+0000] {processor.py:183} INFO - Processing /opt/airflow/dags/api_generation_dag1.py took 0.209 seconds
[2026-07-15T11:41:34.690+0000] {processor.py:161} INFO - Started process (PID=4304) to work on /opt/airflow/dags/api_generation_dag1.py
[2026-07-15T11:41:34.694+0000] {processor.py:830} INFO - Processing file /opt/airflow/dags/api_generation_dag1.py for tasks to queue
[2026-07-15T11:41:34.698+0000] {logging_mixin.py:188} INFO - [2026-07-15T11:41:34.697+0000] {dagbag.py:540} INFO - Filling up the DagBag from /opt/airflow/dags/api_generation_dag1.py
[2026-07-15T11:41:34.739+0000] {processor.py:840} INFO - DAG(s) 'api_generation_dag1' retrieved from /opt/airflow/dags/api_generation_dag1.py
[2026-07-15T11:41:34.800+0000] {logging_mixin.py:188} INFO - [2026-07-15T11:41:34.800+0000] {dag.py:3096} INFO - Sync 1 DAGs
[2026-07-15T11:41:34.842+0000] {logging_mixin.py:188} INFO - [2026-07-15T11:41:34.842+0000] {dag.py:3954} INFO - Setting next_dagrun for api_generation_dag1 to 2026-07-15 10:00:00+00:00, run_after=2026-07-15 11:00:00+00:00
[2026-07-15T11:41:34.873+0000] {processor.py:183} INFO - Processing /opt/airflow/dags/api_generation_dag1.py took 0.194 seconds
[2026-07-15T11:42:05.001+0000] {processor.py:161} INFO - Started process (PID=4329) to work on /opt/airflow/dags/api_generation_dag1.py
[2026-07-15T11:42:05.003+0000] {processor.py:830} INFO - Processing file /opt/airflow/dags/api_generation_dag1.py for tasks to queue
[2026-07-15T11:42:05.005+0000] {logging_mixin.py:188} INFO - [2026-07-15T11:42:05.005+0000] {dagbag.py:540} INFO - Filling up the DagBag from /opt/airflow/dags/api_generation_dag1.py
[2026-07-15T11:42:05.031+0000] {processor.py:840} INFO - DAG(s) 'api_generation_dag1' retrieved from /opt/airflow/dags/api_generation_dag1.py
[2026-07-15T11:42:05.068+0000] {logging_mixin.py:188} INFO - [2026-07-15T11:42:05.068+0000] {dag.py:3096} INFO - Sync 1 DAGs
[2026-07-15T11:42:05.104+0000] {logging_mixin.py:188} INFO - [2026-07-15T11:42:05.104+0000] {dag.py:3954} INFO - Setting next_dagrun for api_generation_dag1 to 2026-07-15 10:00:00+00:00, run_after=2026-07-15 11:00:00+00:00
[2026-07-15T11:42:05.141+0000] {processor.py:183} INFO - Processing /opt/airflow/dags/api_generation_dag1.py took 0.149 seconds
[2026-07-15T11:42:35.258+0000] {processor.py:161} INFO - Started process (PID=4354) to work on /opt/airflow/dags/api_generation_dag1.py
[2026-07-15T11:42:35.260+0000] {processor.py:830} INFO - Processing file /opt/airflow/dags/api_generation_dag1.py for tasks to queue
[2026-07-15T11:42:35.262+0000] {logging_mixin.py:188} INFO - [2026-07-15T11:42:35.262+0000] {dagbag.py:540} INFO - Filling up the DagBag from /opt/airflow/dags/api_generation_dag1.py
[2026-07-15T11:42:35.288+0000] {processor.py:840} INFO - DAG(s) 'api_generation_dag1' retrieved from /opt/airflow/dags/api_generation_dag1.py
[2026-07-15T11:42:35.327+0000] {logging_mixin.py:188} INFO - [2026-07-15T11:42:35.327+0000] {dag.py:3096} INFO - Sync 1 DAGs
[2026-07-15T11:42:35.373+0000] {logging_mixin.py:188} INFO - [2026-07-15T11:42:35.372+0000] {dag.py:3954} INFO - Setting next_dagrun for api_generation_dag1 to 2026-07-15 10:00:00+00:00, run_after=2026-07-15 11:00:00+00:00
[2026-07-15T11:42:35.413+0000] {processor.py:183} INFO - Processing /opt/airflow/dags/api_generation_dag1.py took 0.165 seconds
[2026-07-15T11:43:05.542+0000] {processor.py:161} INFO - Started process (PID=4379) to work on /opt/airflow/dags/api_generation_dag1.py
[2026-07-15T11:43:05.545+0000] {processor.py:830} INFO - Processing file /opt/airflow/dags/api_generation_dag1.py for tasks to queue
[2026-07-15T11:43:05.548+0000] {logging_mixin.py:188} INFO - [2026-07-15T11:43:05.548+0000] {dagbag.py:540} INFO - Filling up the DagBag from /opt/airflow/dags/api_generation_dag1.py
[2026-07-15T11:43:05.592+0000] {processor.py:840} INFO - DAG(s) 'api_generation_dag1' retrieved from /opt/airflow/dags/api_generation_dag1.py
[2026-07-15T11:43:05.638+0000] {logging_mixin.py:188} INFO - [2026-07-15T11:43:05.638+0000] {dag.py:3096} INFO - Sync 1 DAGs
[2026-07-15T11:43:05.682+0000] {logging_mixin.py:188} INFO - [2026-07-15T11:43:05.682+0000] {dag.py:3954} INFO - Setting next_dagrun for api_generation_dag1 to 2026-07-15 10:00:00+00:00, run_after=2026-07-15 11:00:00+00:00
[2026-07-15T11:43:05.710+0000] {processor.py:183} INFO - Processing /opt/airflow/dags/api_generation_dag1.py took 0.180 seconds
[2026-07-15T11:43:35.901+0000] {processor.py:161} INFO - Started process (PID=4416) to work on /opt/airflow/dags/api_generation_dag1.py
[2026-07-15T11:43:35.905+0000] {processor.py:830} INFO - Processing file /opt/airflow/dags/api_generation_dag1.py for tasks to queue
[2026-07-15T11:43:35.908+0000] {logging_mixin.py:188} INFO - [2026-07-15T11:43:35.907+0000] {dagbag.py:540} INFO - Filling up the DagBag from /opt/airflow/dags/api_generation_dag1.py
[2026-07-15T11:43:35.946+0000] {processor.py:840} INFO - DAG(s) 'api_generation_dag1' retrieved from /opt/airflow/dags/api_generation_dag1.py
[2026-07-15T11:43:35.994+0000] {logging_mixin.py:188} INFO - [2026-07-15T11:43:35.993+0000] {dag.py:3096} INFO - Sync 1 DAGs
[2026-07-15T11:43:36.045+0000] {logging_mixin.py:188} INFO - [2026-07-15T11:43:36.044+0000] {dag.py:3954} INFO - Setting next_dagrun for api_generation_dag1 to 2026-07-15 10:00:00+00:00, run_after=2026-07-15 11:00:00+00:00
[2026-07-15T11:43:36.075+0000] {processor.py:183} INFO - Processing /opt/airflow/dags/api_generation_dag1.py took 0.187 seconds
[2026-07-15T11:44:06.244+0000] {processor.py:161} INFO - Started process (PID=4441) to work on /opt/airflow/dags/api_generation_dag1.py
[2026-07-15T11:44:06.249+0000] {processor.py:830} INFO - Processing file /opt/airflow/dags/api_generation_dag1.py for tasks to queue
[2026-07-15T11:44:06.253+0000] {logging_mixin.py:188} INFO - [2026-07-15T11:44:06.252+0000] {dagbag.py:540} INFO - Filling up the DagBag from /opt/airflow/dags/api_generation_dag1.py
[2026-07-15T11:44:06.315+0000] {processor.py:840} INFO - DAG(s) 'api_generation_dag1' retrieved from /opt/airflow/dags/api_generation_dag1.py
[2026-07-15T11:44:06.393+0000] {logging_mixin.py:188} INFO - [2026-07-15T11:44:06.392+0000] {dag.py:3096} INFO - Sync 1 DAGs
[2026-07-15T11:44:06.461+0000] {logging_mixin.py:188} INFO - [2026-07-15T11:44:06.460+0000] {dag.py:3954} INFO - Setting next_dagrun for api_generation_dag1 to 2026-07-15 10:00:00+00:00, run_after=2026-07-15 11:00:00+00:00
[2026-07-15T11:44:06.505+0000] {processor.py:183} INFO - Processing /opt/airflow/dags/api_generation_dag1.py took 0.288 seconds
[2026-07-15T11:44:36.945+0000] {processor.py:161} INFO - Started process (PID=4466) to work on /opt/airflow/dags/api_generation_dag1.py
[2026-07-15T11:44:36.949+0000] {processor.py:830} INFO - Processing file /opt/airflow/dags/api_generation_dag1.py for tasks to queue
[2026-07-15T11:44:36.953+0000] {logging_mixin.py:188} INFO - [2026-07-15T11:44:36.952+0000] {dagbag.py:540} INFO - Filling up the DagBag from /opt/airflow/dags/api_generation_dag1.py
[2026-07-15T11:44:37.008+0000] {processor.py:840} INFO - DAG(s) 'api_generation_dag1' retrieved from /opt/airflow/dags/api_generation_dag1.py
[2026-07-15T11:44:37.095+0000] {logging_mixin.py:188} INFO - [2026-07-15T11:44:37.094+0000] {dag.py:3096} INFO - Sync 1 DAGs
[2026-07-15T11:44:37.141+0000] {logging_mixin.py:188} INFO - [2026-07-15T11:44:37.141+0000] {dag.py:3954} INFO - Setting next_dagrun for api_generation_dag1 to 2026-07-15 10:00:00+00:00, run_after=2026-07-15 11:00:00+00:00
[2026-07-15T11:44:37.174+0000] {processor.py:183} INFO - Processing /opt/airflow/dags/api_generation_dag1.py took 0.261 seconds
[2026-07-15T11:45:07.273+0000] {processor.py:161} INFO - Started process (PID=4491) to work on /opt/airflow/dags/api_generation_dag1.py
[2026-07-15T11:45:07.276+0000] {processor.py:830} INFO - Processing file /opt/airflow/dags/api_generation_dag1.py for tasks to queue
[2026-07-15T11:45:07.278+0000] {logging_mixin.py:188} INFO - [2026-07-15T11:45:07.278+0000] {dagbag.py:540} INFO - Filling up the DagBag from /opt/airflow/dags/api_generation_dag1.py
[2026-07-15T11:45:07.318+0000] {processor.py:840} INFO - DAG(s) 'api_generation_dag1' retrieved from /opt/airflow/dags/api_generation_dag1.py
[2026-07-15T11:45:07.379+0000] {logging_mixin.py:188} INFO - [2026-07-15T11:45:07.379+0000] {dag.py:3096} INFO - Sync 1 DAGs
[2026-07-15T11:45:07.445+0000] {logging_mixin.py:188} INFO - [2026-07-15T11:45:07.445+0000] {dag.py:3954} INFO - Setting next_dagrun for api_generation_dag1 to 2026-07-15 10:00:00+00:00, run_after=2026-07-15 11:00:00+00:00
[2026-07-15T11:45:07.487+0000] {processor.py:183} INFO - Processing /opt/airflow/dags/api_generation_dag1.py took 0.232 seconds
[2026-07-15T11:45:37.877+0000] {processor.py:161} INFO - Started process (PID=4516) to work on /opt/airflow/dags/api_generation_dag1.py
[2026-07-15T11:45:37.880+0000] {processor.py:830} INFO - Processing file /opt/airflow/dags/api_generation_dag1.py for tasks to queue
[2026-07-15T11:45:37.883+0000] {logging_mixin.py:188} INFO - [2026-07-15T11:45:37.882+0000] {dagbag.py:540} INFO - Filling up the DagBag from /opt/airflow/dags/api_generation_dag1.py
[2026-07-15T11:45:37.923+0000] {processor.py:840} INFO - DAG(s) 'api_generation_dag1' retrieved from /opt/airflow/dags/api_generation_dag1.py
[2026-07-15T11:45:37.966+0000] {logging_mixin.py:188} INFO - [2026-07-15T11:45:37.965+0000] {dag.py:3096} INFO - Sync 1 DAGs
[2026-07-15T11:45:38.003+0000] {logging_mixin.py:188} INFO - [2026-07-15T11:45:38.003+0000] {dag.py:3954} INFO - Setting next_dagrun for api_generation_dag1 to 2026-07-15 10:00:00+00:00, run_after=2026-07-15 11:00:00+00:00
[2026-07-15T11:45:38.029+0000] {processor.py:183} INFO - Processing /opt/airflow/dags/api_generation_dag1.py took 0.162 seconds
[2026-07-15T11:46:08.934+0000] {processor.py:161} INFO - Started process (PID=4541) to work on /opt/airflow/dags/api_generation_dag1.py
[2026-07-15T11:46:08.936+0000] {processor.py:830} INFO - Processing file /opt/airflow/dags/api_generation_dag1.py for tasks to queue
[2026-07-15T11:46:08.938+0000] {logging_mixin.py:188} INFO - [2026-07-15T11:46:08.938+0000] {dagbag.py:540} INFO - Filling up the DagBag from /opt/airflow/dags/api_generation_dag1.py
[2026-07-15T11:46:08.970+0000] {processor.py:840} INFO - DAG(s) 'api_generation_dag1' retrieved from /opt/airflow/dags/api_generation_dag1.py
[2026-07-15T11:46:09.008+0000] {logging_mixin.py:188} INFO - [2026-07-15T11:46:09.007+0000] {dag.py:3096} INFO - Sync 1 DAGs
[2026-07-15T11:46:09.038+0000] {logging_mixin.py:188} INFO - [2026-07-15T11:46:09.038+0000] {dag.py:3954} INFO - Setting next_dagrun for api_generation_dag1 to 2026-07-15 10:00:00+00:00, run_after=2026-07-15 11:00:00+00:00
[2026-07-15T11:46:09.066+0000] {processor.py:183} INFO - Processing /opt/airflow/dags/api_generation_dag1.py took 0.145 seconds
[2026-07-15T11:46:39.318+0000] {processor.py:161} INFO - Started process (PID=4566) to work on /opt/airflow/dags/api_generation_dag1.py
[2026-07-15T11:46:39.320+0000] {processor.py:830} INFO - Processing file /opt/airflow/dags/api_generation_dag1.py for tasks to queue
[2026-07-15T11:46:39.323+0000] {logging_mixin.py:188} INFO - [2026-07-15T11:46:39.322+0000] {dagbag.py:540} INFO - Filling up the DagBag from /opt/airflow/dags/api_generation_dag1.py
[2026-07-15T11:46:39.354+0000] {processor.py:840} INFO - DAG(s) 'api_generation_dag1' retrieved from /opt/airflow/dags/api_generation_dag1.py
[2026-07-15T11:46:39.410+0000] {logging_mixin.py:188} INFO - [2026-07-15T11:46:39.410+0000] {dag.py:3096} INFO - Sync 1 DAGs
[2026-07-15T11:46:39.474+0000] {logging_mixin.py:188} INFO - [2026-07-15T11:46:39.474+0000] {dag.py:3954} INFO - Setting next_dagrun for api_generation_dag1 to 2026-07-15 10:00:00+00:00, run_after=2026-07-15 11:00:00+00:00
[2026-07-15T11:46:39.516+0000] {processor.py:183} INFO - Processing /opt/airflow/dags/api_generation_dag1.py took 0.207 seconds
[2026-07-15T11:47:09.635+0000] {processor.py:161} INFO - Started process (PID=4591) to work on /opt/airflow/dags/api_generation_dag1.py
[2026-07-15T11:47:09.638+0000] {processor.py:830} INFO - Processing file /opt/airflow/dags/api_generation_dag1.py for tasks to queue
[2026-07-15T11:47:09.643+0000] {logging_mixin.py:188} INFO - [2026-07-15T11:47:09.642+0000] {dagbag.py:540} INFO - Filling up the DagBag from /opt/airflow/dags/api_generation_dag1.py
[2026-07-15T11:47:09.682+0000] {processor.py:840} INFO - DAG(s) 'api_generation_dag1' retrieved from /opt/airflow/dags/api_generation_dag1.py
[2026-07-15T11:47:09.728+0000] {logging_mixin.py:188} INFO - [2026-07-15T11:47:09.728+0000] {dag.py:3096} INFO - Sync 1 DAGs
[2026-07-15T11:47:09.771+0000] {logging_mixin.py:188} INFO - [2026-07-15T11:47:09.771+0000] {dag.py:3954} INFO - Setting next_dagrun for api_generation_dag1 to 2026-07-15 10:00:00+00:00, run_after=2026-07-15 11:00:00+00:00
[2026-07-15T11:47:09.804+0000] {processor.py:183} INFO - Processing /opt/airflow/dags/api_generation_dag1.py took 0.188 seconds
[2026-07-15T11:47:40.428+0000] {processor.py:161} INFO - Started process (PID=4616) to work on /opt/airflow/dags/api_generation_dag1.py
[2026-07-15T11:47:40.430+0000] {processor.py:830} INFO - Processing file /opt/airflow/dags/api_generation_dag1.py for tasks to queue
[2026-07-15T11:47:40.433+0000] {logging_mixin.py:188} INFO - [2026-07-15T11:47:40.432+0000] {dagbag.py:540} INFO - Filling up the DagBag from /opt/airflow/dags/api_generation_dag1.py
[2026-07-15T11:47:40.468+0000] {processor.py:840} INFO - DAG(s) 'api_generation_dag1' retrieved from /opt/airflow/dags/api_generation_dag1.py
[2026-07-15T11:47:40.513+0000] {logging_mixin.py:188} INFO - [2026-07-15T11:47:40.513+0000] {dag.py:3096} INFO - Sync 1 DAGs
[2026-07-15T11:47:40.551+0000] {logging_mixin.py:188} INFO - [2026-07-15T11:47:40.550+0000] {dag.py:3954} INFO - Setting next_dagrun for api_generation_dag1 to 2026-07-15 10:00:00+00:00, run_after=2026-07-15 11:00:00+00:00
[2026-07-15T11:47:40.580+0000] {processor.py:183} INFO - Processing /opt/airflow/dags/api_generation_dag1.py took 0.166 seconds
[2026-07-15T11:48:11.441+0000] {processor.py:161} INFO - Started process (PID=4641) to work on /opt/airflow/dags/api_generation_dag1.py
[2026-07-15T11:48:11.443+0000] {processor.py:830} INFO - Processing file /opt/airflow/dags/api_generation_dag1.py for tasks to queue
[2026-07-15T11:48:11.446+0000] {logging_mixin.py:188} INFO - [2026-07-15T11:48:11.446+0000] {dagbag.py:540} INFO - Filling up the DagBag from /opt/airflow/dags/api_generation_dag1.py
[2026-07-15T11:48:11.488+0000] {processor.py:840} INFO - DAG(s) 'api_generation_dag1' retrieved from /opt/airflow/dags/api_generation_dag1.py
[2026-07-15T11:48:11.529+0000] {logging_mixin.py:188} INFO - [2026-07-15T11:48:11.528+0000] {dag.py:3096} INFO - Sync 1 DAGs
[2026-07-15T11:48:11.570+0000] {logging_mixin.py:188} INFO - [2026-07-15T11:48:11.570+0000] {dag.py:3954} INFO - Setting next_dagrun for api_generation_dag1 to 2026-07-15 10:00:00+00:00, run_after=2026-07-15 11:00:00+00:00
[2026-07-15T11:48:11.601+0000] {processor.py:183} INFO - Processing /opt/airflow/dags/api_generation_dag1.py took 0.171 seconds
[2026-07-15T11:48:42.333+0000] {processor.py:161} INFO - Started process (PID=4666) to work on /opt/airflow/dags/api_generation_dag1.py
[2026-07-15T11:48:42.335+0000] {processor.py:830} INFO - Processing file /opt/airflow/dags/api_generation_dag1.py for tasks to queue
[2026-07-15T11:48:42.338+0000] {logging_mixin.py:188} INFO - [2026-07-15T11:48:42.337+0000] {dagbag.py:540} INFO - Filling up the DagBag from /opt/airflow/dags/api_generation_dag1.py
[2026-07-15T11:48:42.369+0000] {processor.py:840} INFO - DAG(s) 'api_generation_dag1' retrieved from /opt/airflow/dags/api_generation_dag1.py
[2026-07-15T11:48:42.417+0000] {logging_mixin.py:188} INFO - [2026-07-15T11:48:42.417+0000] {dag.py:3096} INFO - Sync 1 DAGs
[2026-07-15T11:48:42.460+0000] {logging_mixin.py:188} INFO - [2026-07-15T11:48:42.460+0000] {dag.py:3954} INFO - Setting next_dagrun for api_generation_dag1 to 2026-07-15 10:00:00+00:00, run_after=2026-07-15 11:00:00+00:00
[2026-07-15T11:48:42.505+0000] {processor.py:183} INFO - Processing /opt/airflow/dags/api_generation_dag1.py took 0.185 seconds
[2026-07-15T11:49:13.271+0000] {processor.py:161} INFO - Started process (PID=4691) to work on /opt/airflow/dags/api_generation_dag1.py
[2026-07-15T11:49:13.273+0000] {processor.py:830} INFO - Processing file /opt/airflow/dags/api_generation_dag1.py for tasks to queue
[2026-07-15T11:49:13.276+0000] {logging_mixin.py:188} INFO - [2026-07-15T11:49:13.275+0000] {dagbag.py:540} INFO - Filling up the DagBag from /opt/airflow/dags/api_generation_dag1.py
[2026-07-15T11:49:13.305+0000] {processor.py:840} INFO - DAG(s) 'api_generation_dag1' retrieved from /opt/airflow/dags/api_generation_dag1.py
[2026-07-15T11:49:13.345+0000] {logging_mixin.py:188} INFO - [2026-07-15T11:49:13.345+0000] {dag.py:3096} INFO - Sync 1 DAGs
[2026-07-15T11:49:13.382+0000] {logging_mixin.py:188} INFO - [2026-07-15T11:49:13.382+0000] {dag.py:3954} INFO - Setting next_dagrun for api_generation_dag1 to 2026-07-15 10:00:00+00:00, run_after=2026-07-15 11:00:00+00:00
[2026-07-15T11:49:13.406+0000] {processor.py:183} INFO - Processing /opt/airflow/dags/api_generation_dag1.py took 0.146 seconds
[2026-07-15T11:49:44.354+0000] {processor.py:161} INFO - Started process (PID=4716) to work on /opt/airflow/dags/api_generation_dag1.py
[2026-07-15T11:49:44.357+0000] {processor.py:830} INFO - Processing file /opt/airflow/dags/api_generation_dag1.py for tasks to queue
[2026-07-15T11:49:44.360+0000] {logging_mixin.py:188} INFO - [2026-07-15T11:49:44.359+0000] {dagbag.py:540} INFO - Filling up the DagBag from /opt/airflow/dags/api_generation_dag1.py
[2026-07-15T11:49:44.394+0000] {processor.py:840} INFO - DAG(s) 'api_generation_dag1' retrieved from /opt/airflow/dags/api_generation_dag1.py
[2026-07-15T11:49:44.446+0000] {logging_mixin.py:188} INFO - [2026-07-15T11:49:44.445+0000] {dag.py:3096} INFO - Sync 1 DAGs
[2026-07-15T11:49:44.483+0000] {logging_mixin.py:188} INFO - [2026-07-15T11:49:44.482+0000] {dag.py:3954} INFO - Setting next_dagrun for api_generation_dag1 to 2026-07-15 10:00:00+00:00, run_after=2026-07-15 11:00:00+00:00
[2026-07-15T11:49:44.512+0000] {processor.py:183} INFO - Processing /opt/airflow/dags/api_generation_dag1.py took 0.165 seconds
[2026-07-15T11:50:15.269+0000] {processor.py:161} INFO - Started process (PID=4741) to work on /opt/airflow/dags/api_generation_dag1.py
[2026-07-15T11:50:15.270+0000] {processor.py:830} INFO - Processing file /opt/airflow/dags/api_generation_dag1.py for tasks to queue
[2026-07-15T11:50:15.272+0000] {logging_mixin.py:188} INFO - [2026-07-15T11:50:15.272+0000] {dagbag.py:540} INFO - Filling up the DagBag from /opt/airflow/dags/api_generation_dag1.py
[2026-07-15T11:50:15.302+0000] {processor.py:840} INFO - DAG(s) 'api_generation_dag1' retrieved from /opt/airflow/dags/api_generation_dag1.py
[2026-07-15T11:50:15.342+0000] {logging_mixin.py:188} INFO - [2026-07-15T11:50:15.342+0000] {dag.py:3096} INFO - Sync 1 DAGs
[2026-07-15T11:50:15.379+0000] {logging_mixin.py:188} INFO - [2026-07-15T11:50:15.379+0000] {dag.py:3954} INFO - Setting next_dagrun for api_generation_dag1 to 2026-07-15 10:00:00+00:00, run_after=2026-07-15 11:00:00+00:00
[2026-07-15T11:50:15.412+0000] {processor.py:183} INFO - Processing /opt/airflow/dags/api_generation_dag1.py took 0.155 seconds
[2026-07-15T11:50:46.220+0000] {processor.py:161} INFO - Started process (PID=4766) to work on /opt/airflow/dags/api_generation_dag1.py
[2026-07-15T11:50:46.222+0000] {processor.py:830} INFO - Processing file /opt/airflow/dags/api_generation_dag1.py for tasks to queue
[2026-07-15T11:50:46.224+0000] {logging_mixin.py:188} INFO - [2026-07-15T11:50:46.223+0000] {dagbag.py:540} INFO - Filling up the DagBag from /opt/airflow/dags/api_generation_dag1.py
[2026-07-15T11:50:46.253+0000] {processor.py:840} INFO - DAG(s) 'api_generation_dag1' retrieved from /opt/airflow/dags/api_generation_dag1.py
[2026-07-15T11:50:46.288+0000] {logging_mixin.py:188} INFO - [2026-07-15T11:50:46.288+0000] {dag.py:3096} INFO - Sync 1 DAGs
[2026-07-15T11:50:46.318+0000] {logging_mixin.py:188} INFO - [2026-07-15T11:50:46.318+0000] {dag.py:3954} INFO - Setting next_dagrun for api_generation_dag1 to 2026-07-15 10:00:00+00:00, run_after=2026-07-15 11:00:00+00:00
[2026-07-15T11:50:46.343+0000] {processor.py:183} INFO - Processing /opt/airflow/dags/api_generation_dag1.py took 0.131 seconds
[2026-07-15T11:51:17.272+0000] {processor.py:161} INFO - Started process (PID=4791) to work on /opt/airflow/dags/api_generation_dag1.py
[2026-07-15T11:51:17.275+0000] {processor.py:830} INFO - Processing file /opt/airflow/dags/api_generation_dag1.py for tasks to queue
[2026-07-15T11:51:17.278+0000] {logging_mixin.py:188} INFO - [2026-07-15T11:51:17.277+0000] {dagbag.py:540} INFO - Filling up the DagBag from /opt/airflow/dags/api_generation_dag1.py
[2026-07-15T11:51:17.315+0000] {processor.py:840} INFO - DAG(s) 'api_generation_dag1' retrieved from /opt/airflow/dags/api_generation_dag1.py
[2026-07-15T11:51:17.358+0000] {logging_mixin.py:188} INFO - [2026-07-15T11:51:17.357+0000] {dag.py:3096} INFO - Sync 1 DAGs
[2026-07-15T11:51:17.398+0000] {logging_mixin.py:188} INFO - [2026-07-15T11:51:17.397+0000] {dag.py:3954} INFO - Setting next_dagrun for api_generation_dag1 to 2026-07-15 10:00:00+00:00, run_after=2026-07-15 11:00:00+00:00
[2026-07-15T11:51:17.428+0000] {processor.py:183} INFO - Processing /opt/airflow/dags/api_generation_dag1.py took 0.168 seconds
[2026-07-15T11:51:47.729+0000] {processor.py:161} INFO - Started process (PID=4819) to work on /opt/airflow/dags/api_generation_dag1.py
[2026-07-15T11:51:47.733+0000] {processor.py:830} INFO - Processing file /opt/airflow/dags/api_generation_dag1.py for tasks to queue
[2026-07-15T11:51:47.735+0000] {logging_mixin.py:188} INFO - [2026-07-15T11:51:47.735+0000] {dagbag.py:540} INFO - Filling up the DagBag from /opt/airflow/dags/api_generation_dag1.py
[2026-07-15T11:51:47.780+0000] {processor.py:840} INFO - DAG(s) 'api_generation_dag1' retrieved from /opt/airflow/dags/api_generation_dag1.py
[2026-07-15T11:51:47.838+0000] {logging_mixin.py:188} INFO - [2026-07-15T11:51:47.837+0000] {dag.py:3096} INFO - Sync 1 DAGs
[2026-07-15T11:51:47.890+0000] {logging_mixin.py:188} INFO - [2026-07-15T11:51:47.889+0000] {dag.py:3954} INFO - Setting next_dagrun for api_generation_dag1 to 2026-07-15 10:00:00+00:00, run_after=2026-07-15 11:00:00+00:00
[2026-07-15T11:51:47.926+0000] {processor.py:183} INFO - Processing /opt/airflow/dags/api_generation_dag1.py took 0.209 seconds
[2026-07-15T11:52:18.613+0000] {processor.py:161} INFO - Started process (PID=4857) to work on /opt/airflow/dags/api_generation_dag1.py
[2026-07-15T11:52:18.617+0000] {processor.py:830} INFO - Processing file /opt/airflow/dags/api_generation_dag1.py for tasks to queue
[2026-07-15T11:52:18.629+0000] {logging_mixin.py:188} INFO - [2026-07-15T11:52:18.625+0000] {dagbag.py:540} INFO - Filling up the DagBag from /opt/airflow/dags/api_generation_dag1.py
[2026-07-15T11:52:18.689+0000] {processor.py:840} INFO - DAG(s) 'api_generation_dag1' retrieved from /opt/airflow/dags/api_generation_dag1.py
[2026-07-15T11:52:18.772+0000] {logging_mixin.py:188} INFO - [2026-07-15T11:52:18.771+0000] {dag.py:3096} INFO - Sync 1 DAGs
[2026-07-15T11:52:18.841+0000] {logging_mixin.py:188} INFO - [2026-07-15T11:52:18.841+0000] {dag.py:3954} INFO - Setting next_dagrun for api_generation_dag1 to 2026-07-15 10:00:00+00:00, run_after=2026-07-15 11:00:00+00:00
[2026-07-15T11:52:18.886+0000] {processor.py:183} INFO - Processing /opt/airflow/dags/api_generation_dag1.py took 0.290 seconds
[2026-07-15T11:52:49.744+0000] {processor.py:161} INFO - Started process (PID=4882) to work on /opt/airflow/dags/api_generation_dag1.py
[2026-07-15T11:52:49.747+0000] {processor.py:830} INFO - Processing file /opt/airflow/dags/api_generation_dag1.py for tasks to queue
[2026-07-15T11:52:49.750+0000] {logging_mixin.py:188} INFO - [2026-07-15T11:52:49.748+0000] {dagbag.py:540} INFO - Filling up the DagBag from /opt/airflow/dags/api_generation_dag1.py
[2026-07-15T11:52:49.803+0000] {processor.py:840} INFO - DAG(s) 'api_generation_dag1' retrieved from /opt/airflow/dags/api_generation_dag1.py
[2026-07-15T11:52:49.908+0000] {logging_mixin.py:188} INFO - [2026-07-15T11:52:49.908+0000] {dag.py:3096} INFO - Sync 1 DAGs
[2026-07-15T11:52:49.952+0000] {logging_mixin.py:188} INFO - [2026-07-15T11:52:49.951+0000] {dag.py:3954} INFO - Setting next_dagrun for api_generation_dag1 to 2026-07-15 10:00:00+00:00, run_after=2026-07-15 11:00:00+00:00
[2026-07-15T11:52:49.989+0000] {processor.py:183} INFO - Processing /opt/airflow/dags/api_generation_dag1.py took 0.268 seconds
[2026-07-15T11:53:20.092+0000] {processor.py:161} INFO - Started process (PID=4907) to work on /opt/airflow/dags/api_generation_dag1.py
[2026-07-15T11:53:20.094+0000] {processor.py:830} INFO - Processing file /opt/airflow/dags/api_generation_dag1.py for tasks to queue
[2026-07-15T11:53:20.097+0000] {logging_mixin.py:188} INFO - [2026-07-15T11:53:20.096+0000] {dagbag.py:540} INFO - Filling up the DagBag from /opt/airflow/dags/api_generation_dag1.py
[2026-07-15T11:53:20.131+0000] {processor.py:840} INFO - DAG(s) 'api_generation_dag1' retrieved from /opt/airflow/dags/api_generation_dag1.py
[2026-07-15T11:53:20.173+0000] {logging_mixin.py:188} INFO - [2026-07-15T11:53:20.173+0000] {dag.py:3096} INFO - Sync 1 DAGs
[2026-07-15T11:53:20.210+0000] {logging_mixin.py:188} INFO - [2026-07-15T11:53:20.209+0000] {dag.py:3954} INFO - Setting next_dagrun for api_generation_dag1 to 2026-07-15 10:00:00+00:00, run_after=2026-07-15 11:00:00+00:00
[2026-07-15T11:53:20.247+0000] {processor.py:183} INFO - Processing /opt/airflow/dags/api_generation_dag1.py took 0.166 seconds
[2026-07-15T11:53:50.362+0000] {processor.py:161} INFO - Started process (PID=4934) to work on /opt/airflow/dags/api_generation_dag1.py
[2026-07-15T11:53:50.365+0000] {processor.py:830} INFO - Processing file /opt/airflow/dags/api_generation_dag1.py for tasks to queue
[2026-07-15T11:53:50.367+0000] {logging_mixin.py:188} INFO - [2026-07-15T11:53:50.367+0000] {dagbag.py:540} INFO - Filling up the DagBag from /opt/airflow/dags/api_generation_dag1.py
[2026-07-15T11:53:50.409+0000] {processor.py:840} INFO - DAG(s) 'api_generation_dag1' retrieved from /opt/airflow/dags/api_generation_dag1.py
[2026-07-15T11:53:50.462+0000] {logging_mixin.py:188} INFO - [2026-07-15T11:53:50.461+0000] {dag.py:3096} INFO - Sync 1 DAGs
[2026-07-15T11:53:50.505+0000] {logging_mixin.py:188} INFO - [2026-07-15T11:53:50.504+0000] {dag.py:3954} INFO - Setting next_dagrun for api_generation_dag1 to 2026-07-15 10:00:00+00:00, run_after=2026-07-15 11:00:00+00:00
[2026-07-15T11:53:50.540+0000] {processor.py:183} INFO - Processing /opt/airflow/dags/api_generation_dag1.py took 0.191 seconds
[2026-07-15T11:54:20.952+0000] {processor.py:161} INFO - Started process (PID=4972) to work on /opt/airflow/dags/api_generation_dag1.py
[2026-07-15T11:54:20.958+0000] {processor.py:830} INFO - Processing file /opt/airflow/dags/api_generation_dag1.py for tasks to queue
[2026-07-15T11:54:20.969+0000] {logging_mixin.py:188} INFO - [2026-07-15T11:54:20.968+0000] {dagbag.py:540} INFO - Filling up the DagBag from /opt/airflow/dags/api_generation_dag1.py
[2026-07-15T11:54:21.039+0000] {processor.py:840} INFO - DAG(s) 'api_generation_dag1' retrieved from /opt/airflow/dags/api_generation_dag1.py
[2026-07-15T11:54:21.168+0000] {logging_mixin.py:188} INFO - [2026-07-15T11:54:21.167+0000] {dag.py:3096} INFO - Sync 1 DAGs
[2026-07-15T11:54:21.243+0000] {logging_mixin.py:188} INFO - [2026-07-15T11:54:21.240+0000] {dag.py:3954} INFO - Setting next_dagrun for api_generation_dag1 to 2026-07-15 10:00:00+00:00, run_after=2026-07-15 11:00:00+00:00
[2026-07-15T11:54:21.290+0000] {processor.py:183} INFO - Processing /opt/airflow/dags/api_generation_dag1.py took 0.364 seconds
[2026-07-15T11:54:51.609+0000] {processor.py:161} INFO - Started process (PID=4997) to work on /opt/airflow/dags/api_generation_dag1.py
[2026-07-15T11:54:51.612+0000] {processor.py:830} INFO - Processing file /opt/airflow/dags/api_generation_dag1.py for tasks to queue
[2026-07-15T11:54:51.615+0000] {logging_mixin.py:188} INFO - [2026-07-15T11:54:51.614+0000] {dagbag.py:540} INFO - Filling up the DagBag from /opt/airflow/dags/api_generation_dag1.py
[2026-07-15T11:54:51.662+0000] {processor.py:840} INFO - DAG(s) 'api_generation_dag1' retrieved from /opt/airflow/dags/api_generation_dag1.py
[2026-07-15T11:54:51.729+0000] {logging_mixin.py:188} INFO - [2026-07-15T11:54:51.728+0000] {dag.py:3096} INFO - Sync 1 DAGs
[2026-07-15T11:54:51.809+0000] {logging_mixin.py:188} INFO - [2026-07-15T11:54:51.809+0000] {dag.py:3954} INFO - Setting next_dagrun for api_generation_dag1 to 2026-07-15 10:00:00+00:00, run_after=2026-07-15 11:00:00+00:00
[2026-07-15T11:54:51.870+0000] {processor.py:183} INFO - Processing /opt/airflow/dags/api_generation_dag1.py took 0.283 seconds
[2026-07-15T11:55:22.247+0000] {processor.py:161} INFO - Started process (PID=5022) to work on /opt/airflow/dags/api_generation_dag1.py
[2026-07-15T11:55:22.249+0000] {processor.py:830} INFO - Processing file /opt/airflow/dags/api_generation_dag1.py for tasks to queue
[2026-07-15T11:55:22.252+0000] {logging_mixin.py:188} INFO - [2026-07-15T11:55:22.251+0000] {dagbag.py:540} INFO - Filling up the DagBag from /opt/airflow/dags/api_generation_dag1.py
[2026-07-15T11:55:22.287+0000] {processor.py:840} INFO - DAG(s) 'api_generation_dag1' retrieved from /opt/airflow/dags/api_generation_dag1.py
[2026-07-15T11:55:22.351+0000] {logging_mixin.py:188} INFO - [2026-07-15T11:55:22.350+0000] {dag.py:3096} INFO - Sync 1 DAGs
[2026-07-15T11:55:22.408+0000] {logging_mixin.py:188} INFO - [2026-07-15T11:55:22.408+0000] {dag.py:3954} INFO - Setting next_dagrun for api_generation_dag1 to 2026-07-15 10:00:00+00:00, run_after=2026-07-15 11:00:00+00:00
[2026-07-15T11:55:22.440+0000] {processor.py:183} INFO - Processing /opt/airflow/dags/api_generation_dag1.py took 0.209 seconds
[2026-07-15T11:55:53.281+0000] {processor.py:161} INFO - Started process (PID=5048) to work on /opt/airflow/dags/api_generation_dag1.py
[2026-07-15T11:55:53.284+0000] {processor.py:830} INFO - Processing file /opt/airflow/dags/api_generation_dag1.py for tasks to queue
[2026-07-15T11:55:53.288+0000] {logging_mixin.py:188} INFO - [2026-07-15T11:55:53.287+0000] {dagbag.py:540} INFO - Filling up the DagBag from /opt/airflow/dags/api_generation_dag1.py
[2026-07-15T11:55:53.325+0000] {processor.py:840} INFO - DAG(s) 'api_generation_dag1' retrieved from /opt/airflow/dags/api_generation_dag1.py
[2026-07-15T11:55:53.386+0000] {logging_mixin.py:188} INFO - [2026-07-15T11:55:53.385+0000] {dag.py:3096} INFO - Sync 1 DAGs
[2026-07-15T11:55:53.432+0000] {logging_mixin.py:188} INFO - [2026-07-15T11:55:53.432+0000] {dag.py:3954} INFO - Setting next_dagrun for api_generation_dag1 to 2026-07-15 10:00:00+00:00, run_after=2026-07-15 11:00:00+00:00
[2026-07-15T11:55:53.461+0000] {processor.py:183} INFO - Processing /opt/airflow/dags/api_generation_dag1.py took 0.196 seconds
[2026-07-15T11:56:24.565+0000] {processor.py:161} INFO - Started process (PID=5085) to work on /opt/airflow/dags/api_generation_dag1.py
[2026-07-15T11:56:24.566+0000] {processor.py:830} INFO - Processing file /opt/airflow/dags/api_generation_dag1.py for tasks to queue
[2026-07-15T11:56:24.569+0000] {logging_mixin.py:188} INFO - [2026-07-15T11:56:24.568+0000] {dagbag.py:540} INFO - Filling up the DagBag from /opt/airflow/dags/api_generation_dag1.py
[2026-07-15T11:56:24.597+0000] {processor.py:840} INFO - DAG(s) 'api_generation_dag1' retrieved from /opt/airflow/dags/api_generation_dag1.py
[2026-07-15T11:56:24.633+0000] {logging_mixin.py:188} INFO - [2026-07-15T11:56:24.632+0000] {dag.py:3096} INFO - Sync 1 DAGs
[2026-07-15T11:56:24.669+0000] {logging_mixin.py:188} INFO - [2026-07-15T11:56:24.669+0000] {dag.py:3954} INFO - Setting next_dagrun for api_generation_dag1 to 2026-07-15 10:00:00+00:00, run_after=2026-07-15 11:00:00+00:00
[2026-07-15T11:56:24.701+0000] {processor.py:183} INFO - Processing /opt/airflow/dags/api_generation_dag1.py took 0.151 seconds
[2026-07-15T11:56:55.747+0000] {processor.py:161} INFO - Started process (PID=5110) to work on /opt/airflow/dags/api_generation_dag1.py
[2026-07-15T11:56:55.750+0000] {processor.py:830} INFO - Processing file /opt/airflow/dags/api_generation_dag1.py for tasks to queue
[2026-07-15T11:56:55.752+0000] {logging_mixin.py:188} INFO - [2026-07-15T11:56:55.751+0000] {dagbag.py:540} INFO - Filling up the DagBag from /opt/airflow/dags/api_generation_dag1.py
[2026-07-15T11:56:55.780+0000] {processor.py:840} INFO - DAG(s) 'api_generation_dag1' retrieved from /opt/airflow/dags/api_generation_dag1.py
[2026-07-15T11:56:55.820+0000] {logging_mixin.py:188} INFO - [2026-07-15T11:56:55.820+0000] {dag.py:3096} INFO - Sync 1 DAGs
[2026-07-15T11:56:55.857+0000] {logging_mixin.py:188} INFO - [2026-07-15T11:56:55.857+0000] {dag.py:3954} INFO - Setting next_dagrun for api_generation_dag1 to 2026-07-15 10:00:00+00:00, run_after=2026-07-15 11:00:00+00:00
[2026-07-15T11:56:55.889+0000] {processor.py:183} INFO - Processing /opt/airflow/dags/api_generation_dag1.py took 0.151 seconds
[2026-07-15T11:57:26.093+0000] {processor.py:161} INFO - Started process (PID=5135) to work on /opt/airflow/dags/api_generation_dag1.py
[2026-07-15T11:57:26.095+0000] {processor.py:830} INFO - Processing file /opt/airflow/dags/api_generation_dag1.py for tasks to queue
[2026-07-15T11:57:26.099+0000] {logging_mixin.py:188} INFO - [2026-07-15T11:57:26.098+0000] {dagbag.py:540} INFO - Filling up the DagBag from /opt/airflow/dags/api_generation_dag1.py
[2026-07-15T11:57:26.134+0000] {processor.py:840} INFO - DAG(s) 'api_generation_dag1' retrieved from /opt/airflow/dags/api_generation_dag1.py
[2026-07-15T11:57:26.169+0000] {logging_mixin.py:188} INFO - [2026-07-15T11:57:26.168+0000] {dag.py:3096} INFO - Sync 1 DAGs
[2026-07-15T11:57:26.204+0000] {logging_mixin.py:188} INFO - [2026-07-15T11:57:26.204+0000] {dag.py:3954} INFO - Setting next_dagrun for api_generation_dag1 to 2026-07-15 10:00:00+00:00, run_after=2026-07-15 11:00:00+00:00
[2026-07-15T11:57:26.232+0000] {processor.py:183} INFO - Processing /opt/airflow/dags/api_generation_dag1.py took 0.148 seconds
[2026-07-15T11:57:56.377+0000] {processor.py:161} INFO - Started process (PID=5160) to work on /opt/airflow/dags/api_generation_dag1.py
[2026-07-15T11:57:56.379+0000] {processor.py:830} INFO - Processing file /opt/airflow/dags/api_generation_dag1.py for tasks to queue
[2026-07-15T11:57:56.382+0000] {logging_mixin.py:188} INFO - [2026-07-15T11:57:56.381+0000] {dagbag.py:540} INFO - Filling up the DagBag from /opt/airflow/dags/api_generation_dag1.py
[2026-07-15T11:57:56.410+0000] {processor.py:840} INFO - DAG(s) 'api_generation_dag1' retrieved from /opt/airflow/dags/api_generation_dag1.py
[2026-07-15T11:57:56.450+0000] {logging_mixin.py:188} INFO - [2026-07-15T11:57:56.450+0000] {dag.py:3096} INFO - Sync 1 DAGs
[2026-07-15T11:57:56.491+0000] {logging_mixin.py:188} INFO - [2026-07-15T11:57:56.491+0000] {dag.py:3954} INFO - Setting next_dagrun for api_generation_dag1 to 2026-07-15 10:00:00+00:00, run_after=2026-07-15 11:00:00+00:00
[2026-07-15T11:57:56.520+0000] {processor.py:183} INFO - Processing /opt/airflow/dags/api_generation_dag1.py took 0.155 seconds
[2026-07-15T11:58:26.688+0000] {processor.py:161} INFO - Started process (PID=5196) to work on /opt/airflow/dags/api_generation_dag1.py
[2026-07-15T11:58:26.691+0000] {processor.py:830} INFO - Processing file /opt/airflow/dags/api_generation_dag1.py for tasks to queue
[2026-07-15T11:58:26.694+0000] {logging_mixin.py:188} INFO - [2026-07-15T11:58:26.693+0000] {dagbag.py:540} INFO - Filling up the DagBag from /opt/airflow/dags/api_generation_dag1.py
[2026-07-15T11:58:26.743+0000] {processor.py:840} INFO - DAG(s) 'api_generation_dag1' retrieved from /opt/airflow/dags/api_generation_dag1.py
[2026-07-15T11:58:26.800+0000] {logging_mixin.py:188} INFO - [2026-07-15T11:58:26.799+0000] {dag.py:3096} INFO - Sync 1 DAGs
[2026-07-15T11:58:26.852+0000] {logging_mixin.py:188} INFO - [2026-07-15T11:58:26.852+0000] {dag.py:3954} INFO - Setting next_dagrun for api_generation_dag1 to 2026-07-15 10:00:00+00:00, run_after=2026-07-15 11:00:00+00:00
[2026-07-15T11:58:26.886+0000] {processor.py:183} INFO - Processing /opt/airflow/dags/api_generation_dag1.py took 0.216 seconds
[2026-07-15T11:58:57.179+0000] {processor.py:161} INFO - Started process (PID=5221) to work on /opt/airflow/dags/api_generation_dag1.py
[2026-07-15T11:58:57.182+0000] {processor.py:830} INFO - Processing file /opt/airflow/dags/api_generation_dag1.py for tasks to queue
[2026-07-15T11:58:57.184+0000] {logging_mixin.py:188} INFO - [2026-07-15T11:58:57.184+0000] {dagbag.py:540} INFO - Filling up the DagBag from /opt/airflow/dags/api_generation_dag1.py
[2026-07-15T11:58:57.215+0000] {processor.py:840} INFO - DAG(s) 'api_generation_dag1' retrieved from /opt/airflow/dags/api_generation_dag1.py
[2026-07-15T11:58:57.252+0000] {logging_mixin.py:188} INFO - [2026-07-15T11:58:57.252+0000] {dag.py:3096} INFO - Sync 1 DAGs
[2026-07-15T11:58:57.289+0000] {logging_mixin.py:188} INFO - [2026-07-15T11:58:57.289+0000] {dag.py:3954} INFO - Setting next_dagrun for api_generation_dag1 to 2026-07-15 10:00:00+00:00, run_after=2026-07-15 11:00:00+00:00
[2026-07-15T11:58:57.330+0000] {processor.py:183} INFO - Processing /opt/airflow/dags/api_generation_dag1.py took 0.161 seconds
[2026-07-15T11:59:27.533+0000] {processor.py:161} INFO - Started process (PID=5246) to work on /opt/airflow/dags/api_generation_dag1.py
[2026-07-15T11:59:27.536+0000] {processor.py:830} INFO - Processing file /opt/airflow/dags/api_generation_dag1.py for tasks to queue
[2026-07-15T11:59:27.539+0000] {logging_mixin.py:188} INFO - [2026-07-15T11:59:27.538+0000] {dagbag.py:540} INFO - Filling up the DagBag from /opt/airflow/dags/api_generation_dag1.py
[2026-07-15T11:59:27.573+0000] {processor.py:840} INFO - DAG(s) 'api_generation_dag1' retrieved from /opt/airflow/dags/api_generation_dag1.py
[2026-07-15T11:59:27.613+0000] {logging_mixin.py:188} INFO - [2026-07-15T11:59:27.613+0000] {dag.py:3096} INFO - Sync 1 DAGs
[2026-07-15T11:59:27.648+0000] {logging_mixin.py:188} INFO - [2026-07-15T11:59:27.648+0000] {dag.py:3954} INFO - Setting next_dagrun for api_generation_dag1 to 2026-07-15 10:00:00+00:00, run_after=2026-07-15 11:00:00+00:00
[2026-07-15T11:59:27.673+0000] {processor.py:183} INFO - Processing /opt/airflow/dags/api_generation_dag1.py took 0.154 seconds
[2026-07-15T11:59:58.738+0000] {processor.py:161} INFO - Started process (PID=5271) to work on /opt/airflow/dags/api_generation_dag1.py
[2026-07-15T11:59:58.741+0000] {processor.py:830} INFO - Processing file /opt/airflow/dags/api_generation_dag1.py for tasks to queue
[2026-07-15T11:59:58.743+0000] {logging_mixin.py:188} INFO - [2026-07-15T11:59:58.743+0000] {dagbag.py:540} INFO - Filling up the DagBag from /opt/airflow/dags/api_generation_dag1.py
[2026-07-15T11:59:58.784+0000] {processor.py:840} INFO - DAG(s) 'api_generation_dag1' retrieved from /opt/airflow/dags/api_generation_dag1.py
[2026-07-15T11:59:58.833+0000] {logging_mixin.py:188} INFO - [2026-07-15T11:59:58.833+0000] {dag.py:3096} INFO - Sync 1 DAGs
[2026-07-15T11:59:58.870+0000] {logging_mixin.py:188} INFO - [2026-07-15T11:59:58.869+0000] {dag.py:3954} INFO - Setting next_dagrun for api_generation_dag1 to 2026-07-15 10:00:00+00:00, run_after=2026-07-15 11:00:00+00:00
[2026-07-15T11:59:58.903+0000] {processor.py:183} INFO - Processing /opt/airflow/dags/api_generation_dag1.py took 0.173 seconds
[2026-07-15T12:00:29.108+0000] {processor.py:161} INFO - Started process (PID=5312) to work on /opt/airflow/dags/api_generation_dag1.py
[2026-07-15T12:00:29.110+0000] {processor.py:830} INFO - Processing file /opt/airflow/dags/api_generation_dag1.py for tasks to queue
[2026-07-15T12:00:29.114+0000] {logging_mixin.py:188} INFO - [2026-07-15T12:00:29.113+0000] {dagbag.py:540} INFO - Filling up the DagBag from /opt/airflow/dags/api_generation_dag1.py
[2026-07-15T12:00:29.150+0000] {processor.py:840} INFO - DAG(s) 'api_generation_dag1' retrieved from /opt/airflow/dags/api_generation_dag1.py
[2026-07-15T12:00:29.214+0000] {logging_mixin.py:188} INFO - [2026-07-15T12:00:29.214+0000] {dag.py:3096} INFO - Sync 1 DAGs
[2026-07-15T12:00:29.266+0000] {logging_mixin.py:188} INFO - [2026-07-15T12:00:29.265+0000] {dag.py:3954} INFO - Setting next_dagrun for api_generation_dag1 to 2026-07-15 11:00:00+00:00, run_after=2026-07-15 12:00:00+00:00
[2026-07-15T12:00:29.306+0000] {processor.py:183} INFO - Processing /opt/airflow/dags/api_generation_dag1.py took 0.218 seconds
[2026-07-15T12:05:50.392+0000] {processor.py:161} INFO - Started process (PID=184) to work on /opt/airflow/dags/api_generation_dag1.py
[2026-07-15T12:05:50.399+0000] {processor.py:830} INFO - Processing file /opt/airflow/dags/api_generation_dag1.py for tasks to queue
[2026-07-15T12:05:50.406+0000] {logging_mixin.py:188} INFO - [2026-07-15T12:05:50.405+0000] {dagbag.py:540} INFO - Filling up the DagBag from /opt/airflow/dags/api_generation_dag1.py
[2026-07-15T12:05:50.491+0000] {processor.py:840} INFO - DAG(s) 'api_generation_dag1' retrieved from /opt/airflow/dags/api_generation_dag1.py
[2026-07-15T12:05:51.062+0000] {logging_mixin.py:188} INFO - [2026-07-15T12:05:51.062+0000] {dag.py:3096} INFO - Sync 1 DAGs
[2026-07-15T12:05:51.144+0000] {logging_mixin.py:188} INFO - [2026-07-15T12:05:51.144+0000] {dag.py:3954} INFO - Setting next_dagrun for api_generation_dag1 to 2026-07-15 11:00:00+00:00, run_after=2026-07-15 12:00:00+00:00
[2026-07-15T12:05:51.200+0000] {processor.py:183} INFO - Processing /opt/airflow/dags/api_generation_dag1.py took 0.855 seconds
[2026-07-15T12:06:21.597+0000] {processor.py:161} INFO - Started process (PID=220) to work on /opt/airflow/dags/api_generation_dag1.py
[2026-07-15T12:06:21.601+0000] {processor.py:830} INFO - Processing file /opt/airflow/dags/api_generation_dag1.py for tasks to queue
[2026-07-15T12:06:21.611+0000] {logging_mixin.py:188} INFO - [2026-07-15T12:06:21.610+0000] {dagbag.py:540} INFO - Filling up the DagBag from /opt/airflow/dags/api_generation_dag1.py
[2026-07-15T12:06:21.672+0000] {processor.py:840} INFO - DAG(s) 'api_generation_dag1' retrieved from /opt/airflow/dags/api_generation_dag1.py
[2026-07-15T12:06:21.708+0000] {logging_mixin.py:188} INFO - [2026-07-15T12:06:21.708+0000] {dag.py:3096} INFO - Sync 1 DAGs
[2026-07-15T12:06:21.794+0000] {logging_mixin.py:188} INFO - [2026-07-15T12:06:21.793+0000] {dag.py:3954} INFO - Setting next_dagrun for api_generation_dag1 to 2026-07-15 11:00:00+00:00, run_after=2026-07-15 12:00:00+00:00
[2026-07-15T12:06:21.853+0000] {processor.py:183} INFO - Processing /opt/airflow/dags/api_generation_dag1.py took 0.275 seconds
[2026-07-15T12:06:52.036+0000] {processor.py:161} INFO - Started process (PID=246) to work on /opt/airflow/dags/api_generation_dag1.py
[2026-07-15T12:06:52.042+0000] {processor.py:830} INFO - Processing file /opt/airflow/dags/api_generation_dag1.py for tasks to queue
[2026-07-15T12:06:52.051+0000] {logging_mixin.py:188} INFO - [2026-07-15T12:06:52.049+0000] {dagbag.py:540} INFO - Filling up the DagBag from /opt/airflow/dags/api_generation_dag1.py
[2026-07-15T12:06:52.124+0000] {processor.py:840} INFO - DAG(s) 'api_generation_dag1' retrieved from /opt/airflow/dags/api_generation_dag1.py
[2026-07-15T12:06:52.585+0000] {logging_mixin.py:188} INFO - [2026-07-15T12:06:52.585+0000] {dag.py:3096} INFO - Sync 1 DAGs
[2026-07-15T12:06:52.640+0000] {logging_mixin.py:188} INFO - [2026-07-15T12:06:52.640+0000] {dag.py:3954} INFO - Setting next_dagrun for api_generation_dag1 to 2026-07-15 11:00:00+00:00, run_after=2026-07-15 12:00:00+00:00
[2026-07-15T12:06:52.693+0000] {processor.py:183} INFO - Processing /opt/airflow/dags/api_generation_dag1.py took 0.679 seconds
[2026-07-15T12:07:23.336+0000] {processor.py:161} INFO - Started process (PID=271) to work on /opt/airflow/dags/api_generation_dag1.py
[2026-07-15T12:07:23.340+0000] {processor.py:830} INFO - Processing file /opt/airflow/dags/api_generation_dag1.py for tasks to queue
[2026-07-15T12:07:23.344+0000] {logging_mixin.py:188} INFO - [2026-07-15T12:07:23.343+0000] {dagbag.py:540} INFO - Filling up the DagBag from /opt/airflow/dags/api_generation_dag1.py
[2026-07-15T12:07:23.400+0000] {processor.py:840} INFO - DAG(s) 'api_generation_dag1' retrieved from /opt/airflow/dags/api_generation_dag1.py
[2026-07-15T12:07:23.467+0000] {logging_mixin.py:188} INFO - [2026-07-15T12:07:23.466+0000] {dag.py:3096} INFO - Sync 1 DAGs
[2026-07-15T12:07:23.517+0000] {logging_mixin.py:188} INFO - [2026-07-15T12:07:23.515+0000] {dag.py:3954} INFO - Setting next_dagrun for api_generation_dag1 to 2026-07-15 11:00:00+00:00, run_after=2026-07-15 12:00:00+00:00
[2026-07-15T12:07:23.563+0000] {processor.py:183} INFO - Processing /opt/airflow/dags/api_generation_dag1.py took 0.247 seconds
[2026-07-15T12:07:53.821+0000] {processor.py:161} INFO - Started process (PID=296) to work on /opt/airflow/dags/api_generation_dag1.py
[2026-07-15T12:07:53.824+0000] {processor.py:830} INFO - Processing file /opt/airflow/dags/api_generation_dag1.py for tasks to queue
[2026-07-15T12:07:53.830+0000] {logging_mixin.py:188} INFO - [2026-07-15T12:07:53.829+0000] {dagbag.py:540} INFO - Filling up the DagBag from /opt/airflow/dags/api_generation_dag1.py
[2026-07-15T12:07:53.874+0000] {processor.py:840} INFO - DAG(s) 'api_generation_dag1' retrieved from /opt/airflow/dags/api_generation_dag1.py
[2026-07-15T12:07:53.934+0000] {logging_mixin.py:188} INFO - [2026-07-15T12:07:53.934+0000] {dag.py:3096} INFO - Sync 1 DAGs
[2026-07-15T12:07:53.997+0000] {logging_mixin.py:188} INFO - [2026-07-15T12:07:53.997+0000] {dag.py:3954} INFO - Setting next_dagrun for api_generation_dag1 to 2026-07-15 11:00:00+00:00, run_after=2026-07-15 12:00:00+00:00
[2026-07-15T12:07:54.048+0000] {processor.py:183} INFO - Processing /opt/airflow/dags/api_generation_dag1.py took 0.247 seconds
[2026-07-15T12:08:24.189+0000] {processor.py:161} INFO - Started process (PID=321) to work on /opt/airflow/dags/api_generation_dag1.py
[2026-07-15T12:08:24.191+0000] {processor.py:830} INFO - Processing file /opt/airflow/dags/api_generation_dag1.py for tasks to queue
[2026-07-15T12:08:24.196+0000] {logging_mixin.py:188} INFO - [2026-07-15T12:08:24.195+0000] {dagbag.py:540} INFO - Filling up the DagBag from /opt/airflow/dags/api_generation_dag1.py
[2026-07-15T12:08:24.239+0000] {processor.py:840} INFO - DAG(s) 'api_generation_dag1' retrieved from /opt/airflow/dags/api_generation_dag1.py
[2026-07-15T12:08:24.291+0000] {logging_mixin.py:188} INFO - [2026-07-15T12:08:24.291+0000] {dag.py:3096} INFO - Sync 1 DAGs
[2026-07-15T12:08:24.343+0000] {logging_mixin.py:188} INFO - [2026-07-15T12:08:24.342+0000] {dag.py:3954} INFO - Setting next_dagrun for api_generation_dag1 to 2026-07-15 11:00:00+00:00, run_after=2026-07-15 12:00:00+00:00
[2026-07-15T12:08:24.389+0000] {processor.py:183} INFO - Processing /opt/airflow/dags/api_generation_dag1.py took 0.215 seconds
[2026-07-15T12:08:54.815+0000] {processor.py:161} INFO - Started process (PID=346) to work on /opt/airflow/dags/api_generation_dag1.py
[2026-07-15T12:08:54.822+0000] {processor.py:830} INFO - Processing file /opt/airflow/dags/api_generation_dag1.py for tasks to queue
[2026-07-15T12:08:54.829+0000] {logging_mixin.py:188} INFO - [2026-07-15T12:08:54.828+0000] {dagbag.py:540} INFO - Filling up the DagBag from /opt/airflow/dags/api_generation_dag1.py
[2026-07-15T12:08:54.898+0000] {processor.py:840} INFO - DAG(s) 'api_generation_dag1' retrieved from /opt/airflow/dags/api_generation_dag1.py
[2026-07-15T12:08:54.999+0000] {logging_mixin.py:188} INFO - [2026-07-15T12:08:54.998+0000] {dag.py:3096} INFO - Sync 1 DAGs
[2026-07-15T12:08:55.089+0000] {logging_mixin.py:188} INFO - [2026-07-15T12:08:55.089+0000] {dag.py:3954} INFO - Setting next_dagrun for api_generation_dag1 to 2026-07-15 11:00:00+00:00, run_after=2026-07-15 12:00:00+00:00
[2026-07-15T12:08:55.155+0000] {processor.py:183} INFO - Processing /opt/airflow/dags/api_generation_dag1.py took 0.358 seconds
[2026-07-15T12:09:26.020+0000] {processor.py:161} INFO - Started process (PID=371) to work on /opt/airflow/dags/api_generation_dag1.py
[2026-07-15T12:09:26.023+0000] {processor.py:830} INFO - Processing file /opt/airflow/dags/api_generation_dag1.py for tasks to queue
[2026-07-15T12:09:26.031+0000] {logging_mixin.py:188} INFO - [2026-07-15T12:09:26.031+0000] {dagbag.py:540} INFO - Filling up the DagBag from /opt/airflow/dags/api_generation_dag1.py
[2026-07-15T12:09:26.095+0000] {processor.py:840} INFO - DAG(s) 'api_generation_dag1' retrieved from /opt/airflow/dags/api_generation_dag1.py
[2026-07-15T12:09:26.166+0000] {logging_mixin.py:188} INFO - [2026-07-15T12:09:26.164+0000] {dag.py:3096} INFO - Sync 1 DAGs
[2026-07-15T12:09:26.217+0000] {logging_mixin.py:188} INFO - [2026-07-15T12:09:26.217+0000] {dag.py:3954} INFO - Setting next_dagrun for api_generation_dag1 to 2026-07-15 11:00:00+00:00, run_after=2026-07-15 12:00:00+00:00
[2026-07-15T12:09:26.254+0000] {processor.py:183} INFO - Processing /opt/airflow/dags/api_generation_dag1.py took 0.249 seconds
[2026-07-15T12:09:56.958+0000] {processor.py:161} INFO - Started process (PID=396) to work on /opt/airflow/dags/api_generation_dag1.py
[2026-07-15T12:09:56.961+0000] {processor.py:830} INFO - Processing file /opt/airflow/dags/api_generation_dag1.py for tasks to queue
[2026-07-15T12:09:56.967+0000] {logging_mixin.py:188} INFO - [2026-07-15T12:09:56.966+0000] {dagbag.py:540} INFO - Filling up the DagBag from /opt/airflow/dags/api_generation_dag1.py
[2026-07-15T12:09:57.002+0000] {processor.py:840} INFO - DAG(s) 'api_generation_dag1' retrieved from /opt/airflow/dags/api_generation_dag1.py
[2026-07-15T12:09:57.050+0000] {logging_mixin.py:188} INFO - [2026-07-15T12:09:57.050+0000] {dag.py:3096} INFO - Sync 1 DAGs
[2026-07-15T12:09:57.138+0000] {logging_mixin.py:188} INFO - [2026-07-15T12:09:57.137+0000] {dag.py:3954} INFO - Setting next_dagrun for api_generation_dag1 to 2026-07-15 11:00:00+00:00, run_after=2026-07-15 12:00:00+00:00
[2026-07-15T12:09:57.207+0000] {processor.py:183} INFO - Processing /opt/airflow/dags/api_generation_dag1.py took 0.258 seconds
[2026-07-15T12:10:27.999+0000] {processor.py:161} INFO - Started process (PID=421) to work on /opt/airflow/dags/api_generation_dag1.py
[2026-07-15T12:10:28.002+0000] {processor.py:830} INFO - Processing file /opt/airflow/dags/api_generation_dag1.py for tasks to queue
[2026-07-15T12:10:28.010+0000] {logging_mixin.py:188} INFO - [2026-07-15T12:10:28.009+0000] {dagbag.py:540} INFO - Filling up the DagBag from /opt/airflow/dags/api_generation_dag1.py
[2026-07-15T12:10:28.051+0000] {processor.py:840} INFO - DAG(s) 'api_generation_dag1' retrieved from /opt/airflow/dags/api_generation_dag1.py
[2026-07-15T12:10:28.119+0000] {logging_mixin.py:188} INFO - [2026-07-15T12:10:28.118+0000] {dag.py:3096} INFO - Sync 1 DAGs
[2026-07-15T12:10:28.173+0000] {logging_mixin.py:188} INFO - [2026-07-15T12:10:28.172+0000] {dag.py:3954} INFO - Setting next_dagrun for api_generation_dag1 to 2026-07-15 11:00:00+00:00, run_after=2026-07-15 12:00:00+00:00
[2026-07-15T12:10:28.208+0000] {processor.py:183} INFO - Processing /opt/airflow/dags/api_generation_dag1.py took 0.229 seconds
[2026-07-15T12:10:59.162+0000] {processor.py:161} INFO - Started process (PID=446) to work on /opt/airflow/dags/api_generation_dag1.py
[2026-07-15T12:10:59.166+0000] {processor.py:830} INFO - Processing file /opt/airflow/dags/api_generation_dag1.py for tasks to queue
[2026-07-15T12:10:59.173+0000] {logging_mixin.py:188} INFO - [2026-07-15T12:10:59.172+0000] {dagbag.py:540} INFO - Filling up the DagBag from /opt/airflow/dags/api_generation_dag1.py
[2026-07-15T12:10:59.240+0000] {processor.py:840} INFO - DAG(s) 'api_generation_dag1' retrieved from /opt/airflow/dags/api_generation_dag1.py
[2026-07-15T12:10:59.330+0000] {logging_mixin.py:188} INFO - [2026-07-15T12:10:59.329+0000] {dag.py:3096} INFO - Sync 1 DAGs
[2026-07-15T12:10:59.419+0000] {logging_mixin.py:188} INFO - [2026-07-15T12:10:59.419+0000] {dag.py:3954} INFO - Setting next_dagrun for api_generation_dag1 to 2026-07-15 11:00:00+00:00, run_after=2026-07-15 12:00:00+00:00
[2026-07-15T12:10:59.497+0000] {processor.py:183} INFO - Processing /opt/airflow/dags/api_generation_dag1.py took 0.351 seconds
[2026-07-15T12:11:30.154+0000] {processor.py:161} INFO - Started process (PID=471) to work on /opt/airflow/dags/api_generation_dag1.py
[2026-07-15T12:11:30.156+0000] {processor.py:830} INFO - Processing file /opt/airflow/dags/api_generation_dag1.py for tasks to queue
[2026-07-15T12:11:30.159+0000] {logging_mixin.py:188} INFO - [2026-07-15T12:11:30.158+0000] {dagbag.py:540} INFO - Filling up the DagBag from /opt/airflow/dags/api_generation_dag1.py
[2026-07-15T12:11:30.190+0000] {processor.py:840} INFO - DAG(s) 'api_generation_dag1' retrieved from /opt/airflow/dags/api_generation_dag1.py
[2026-07-15T12:11:30.233+0000] {logging_mixin.py:188} INFO - [2026-07-15T12:11:30.233+0000] {dag.py:3096} INFO - Sync 1 DAGs
[2026-07-15T12:11:30.272+0000] {logging_mixin.py:188} INFO - [2026-07-15T12:11:30.272+0000] {dag.py:3954} INFO - Setting next_dagrun for api_generation_dag1 to 2026-07-15 11:00:00+00:00, run_after=2026-07-15 12:00:00+00:00
[2026-07-15T12:11:30.305+0000] {processor.py:183} INFO - Processing /opt/airflow/dags/api_generation_dag1.py took 0.159 seconds
[2026-07-15T12:12:01.139+0000] {processor.py:161} INFO - Started process (PID=496) to work on /opt/airflow/dags/api_generation_dag1.py
[2026-07-15T12:12:01.142+0000] {processor.py:830} INFO - Processing file /opt/airflow/dags/api_generation_dag1.py for tasks to queue
[2026-07-15T12:12:01.146+0000] {logging_mixin.py:188} INFO - [2026-07-15T12:12:01.145+0000] {dagbag.py:540} INFO - Filling up the DagBag from /opt/airflow/dags/api_generation_dag1.py
[2026-07-15T12:12:01.176+0000] {processor.py:840} INFO - DAG(s) 'api_generation_dag1' retrieved from /opt/airflow/dags/api_generation_dag1.py
[2026-07-15T12:12:01.211+0000] {logging_mixin.py:188} INFO - [2026-07-15T12:12:01.211+0000] {dag.py:3096} INFO - Sync 1 DAGs
[2026-07-15T12:12:01.246+0000] {logging_mixin.py:188} INFO - [2026-07-15T12:12:01.246+0000] {dag.py:3954} INFO - Setting next_dagrun for api_generation_dag1 to 2026-07-15 11:00:00+00:00, run_after=2026-07-15 12:00:00+00:00
[2026-07-15T12:12:01.274+0000] {processor.py:183} INFO - Processing /opt/airflow/dags/api_generation_dag1.py took 0.145 seconds
[2026-07-15T12:12:32.219+0000] {processor.py:161} INFO - Started process (PID=521) to work on /opt/airflow/dags/api_generation_dag1.py
[2026-07-15T12:12:32.221+0000] {processor.py:830} INFO - Processing file /opt/airflow/dags/api_generation_dag1.py for tasks to queue
[2026-07-15T12:12:32.228+0000] {logging_mixin.py:188} INFO - [2026-07-15T12:12:32.227+0000] {dagbag.py:540} INFO - Filling up the DagBag from /opt/airflow/dags/api_generation_dag1.py
[2026-07-15T12:12:32.348+0000] {processor.py:840} INFO - DAG(s) 'api_generation_dag1' retrieved from /opt/airflow/dags/api_generation_dag1.py
[2026-07-15T12:12:32.418+0000] {logging_mixin.py:188} INFO - [2026-07-15T12:12:32.418+0000] {dag.py:3096} INFO - Sync 1 DAGs
[2026-07-15T12:12:32.486+0000] {logging_mixin.py:188} INFO - [2026-07-15T12:12:32.485+0000] {dag.py:3954} INFO - Setting next_dagrun for api_generation_dag1 to 2026-07-15 11:00:00+00:00, run_after=2026-07-15 12:00:00+00:00
[2026-07-15T12:12:32.547+0000] {processor.py:183} INFO - Processing /opt/airflow/dags/api_generation_dag1.py took 0.343 seconds
[2026-07-15T12:13:02.731+0000] {processor.py:161} INFO - Started process (PID=543) to work on /opt/airflow/dags/api_generation_dag1.py
[2026-07-15T12:13:02.738+0000] {processor.py:830} INFO - Processing file /opt/airflow/dags/api_generation_dag1.py for tasks to queue
[2026-07-15T12:13:02.754+0000] {logging_mixin.py:188} INFO - [2026-07-15T12:13:02.753+0000] {dagbag.py:540} INFO - Filling up the DagBag from /opt/airflow/dags/api_generation_dag1.py
[2026-07-15T12:13:02.863+0000] {processor.py:840} INFO - DAG(s) 'api_generation_dag1' retrieved from /opt/airflow/dags/api_generation_dag1.py
[2026-07-15T12:13:02.977+0000] {logging_mixin.py:188} INFO - [2026-07-15T12:13:02.977+0000] {dag.py:3096} INFO - Sync 1 DAGs
[2026-07-15T12:13:03.055+0000] {logging_mixin.py:188} INFO - [2026-07-15T12:13:03.053+0000] {dag.py:3954} INFO - Setting next_dagrun for api_generation_dag1 to 2026-07-15 11:00:00+00:00, run_after=2026-07-15 12:00:00+00:00
[2026-07-15T12:13:03.120+0000] {processor.py:183} INFO - Processing /opt/airflow/dags/api_generation_dag1.py took 0.409 seconds
[2026-07-15T12:13:33.848+0000] {processor.py:161} INFO - Started process (PID=587) to work on /opt/airflow/dags/api_generation_dag1.py
[2026-07-15T12:13:33.852+0000] {processor.py:830} INFO - Processing file /opt/airflow/dags/api_generation_dag1.py for tasks to queue
[2026-07-15T12:13:33.861+0000] {logging_mixin.py:188} INFO - [2026-07-15T12:13:33.859+0000] {dagbag.py:540} INFO - Filling up the DagBag from /opt/airflow/dags/api_generation_dag1.py
[2026-07-15T12:13:33.920+0000] {processor.py:840} INFO - DAG(s) 'api_generation_dag1' retrieved from /opt/airflow/dags/api_generation_dag1.py
[2026-07-15T12:13:33.997+0000] {logging_mixin.py:188} INFO - [2026-07-15T12:13:33.997+0000] {dag.py:3096} INFO - Sync 1 DAGs
[2026-07-15T12:13:34.065+0000] {logging_mixin.py:188} INFO - [2026-07-15T12:13:34.065+0000] {dag.py:3954} INFO - Setting next_dagrun for api_generation_dag1 to 2026-07-15 11:00:00+00:00, run_after=2026-07-15 12:00:00+00:00
[2026-07-15T12:13:34.122+0000] {processor.py:183} INFO - Processing /opt/airflow/dags/api_generation_dag1.py took 0.295 seconds
[2026-07-15T12:14:04.765+0000] {processor.py:161} INFO - Started process (PID=612) to work on /opt/airflow/dags/api_generation_dag1.py
[2026-07-15T12:14:04.767+0000] {processor.py:830} INFO - Processing file /opt/airflow/dags/api_generation_dag1.py for tasks to queue
[2026-07-15T12:14:04.770+0000] {logging_mixin.py:188} INFO - [2026-07-15T12:14:04.770+0000] {dagbag.py:540} INFO - Filling up the DagBag from /opt/airflow/dags/api_generation_dag1.py
[2026-07-15T12:14:04.796+0000] {processor.py:840} INFO - DAG(s) 'api_generation_dag1' retrieved from /opt/airflow/dags/api_generation_dag1.py
[2026-07-15T12:14:04.829+0000] {logging_mixin.py:188} INFO - [2026-07-15T12:14:04.829+0000] {dag.py:3096} INFO - Sync 1 DAGs
[2026-07-15T12:14:04.858+0000] {logging_mixin.py:188} INFO - [2026-07-15T12:14:04.858+0000] {dag.py:3954} INFO - Setting next_dagrun for api_generation_dag1 to 2026-07-15 11:00:00+00:00, run_after=2026-07-15 12:00:00+00:00
[2026-07-15T12:14:04.887+0000] {processor.py:183} INFO - Processing /opt/airflow/dags/api_generation_dag1.py took 0.130 seconds
[2026-07-15T12:14:35.714+0000] {processor.py:161} INFO - Started process (PID=637) to work on /opt/airflow/dags/api_generation_dag1.py
[2026-07-15T12:14:35.716+0000] {processor.py:830} INFO - Processing file /opt/airflow/dags/api_generation_dag1.py for tasks to queue
[2026-07-15T12:14:35.719+0000] {logging_mixin.py:188} INFO - [2026-07-15T12:14:35.718+0000] {dagbag.py:540} INFO - Filling up the DagBag from /opt/airflow/dags/api_generation_dag1.py
[2026-07-15T12:14:35.749+0000] {processor.py:840} INFO - DAG(s) 'api_generation_dag1' retrieved from /opt/airflow/dags/api_generation_dag1.py
[2026-07-15T12:14:35.785+0000] {logging_mixin.py:188} INFO - [2026-07-15T12:14:35.784+0000] {dag.py:3096} INFO - Sync 1 DAGs
[2026-07-15T12:14:35.817+0000] {logging_mixin.py:188} INFO - [2026-07-15T12:14:35.817+0000] {dag.py:3954} INFO - Setting next_dagrun for api_generation_dag1 to 2026-07-15 11:00:00+00:00, run_after=2026-07-15 12:00:00+00:00
[2026-07-15T12:14:35.845+0000] {processor.py:183} INFO - Processing /opt/airflow/dags/api_generation_dag1.py took 0.140 seconds
[2026-07-15T12:15:06.717+0000] {processor.py:161} INFO - Started process (PID=662) to work on /opt/airflow/dags/api_generation_dag1.py
[2026-07-15T12:15:06.719+0000] {processor.py:830} INFO - Processing file /opt/airflow/dags/api_generation_dag1.py for tasks to queue
[2026-07-15T12:15:06.722+0000] {logging_mixin.py:188} INFO - [2026-07-15T12:15:06.722+0000] {dagbag.py:540} INFO - Filling up the DagBag from /opt/airflow/dags/api_generation_dag1.py
[2026-07-15T12:15:06.747+0000] {processor.py:840} INFO - DAG(s) 'api_generation_dag1' retrieved from /opt/airflow/dags/api_generation_dag1.py
[2026-07-15T12:15:06.777+0000] {logging_mixin.py:188} INFO - [2026-07-15T12:15:06.777+0000] {dag.py:3096} INFO - Sync 1 DAGs
[2026-07-15T12:15:06.803+0000] {logging_mixin.py:188} INFO - [2026-07-15T12:15:06.803+0000] {dag.py:3954} INFO - Setting next_dagrun for api_generation_dag1 to 2026-07-15 11:00:00+00:00, run_after=2026-07-15 12:00:00+00:00
[2026-07-15T12:15:06.829+0000] {processor.py:183} INFO - Processing /opt/airflow/dags/api_generation_dag1.py took 0.121 seconds
[2026-07-15T12:15:37.445+0000] {processor.py:161} INFO - Started process (PID=687) to work on /opt/airflow/dags/api_generation_dag1.py
[2026-07-15T12:15:37.447+0000] {processor.py:830} INFO - Processing file /opt/airflow/dags/api_generation_dag1.py for tasks to queue
[2026-07-15T12:15:37.450+0000] {logging_mixin.py:188} INFO - [2026-07-15T12:15:37.449+0000] {dagbag.py:540} INFO - Filling up the DagBag from /opt/airflow/dags/api_generation_dag1.py
[2026-07-15T12:15:37.472+0000] {processor.py:840} INFO - DAG(s) 'api_generation_dag1' retrieved from /opt/airflow/dags/api_generation_dag1.py
[2026-07-15T12:15:37.507+0000] {logging_mixin.py:188} INFO - [2026-07-15T12:15:37.507+0000] {dag.py:3096} INFO - Sync 1 DAGs
[2026-07-15T12:15:37.535+0000] {logging_mixin.py:188} INFO - [2026-07-15T12:15:37.534+0000] {dag.py:3954} INFO - Setting next_dagrun for api_generation_dag1 to 2026-07-15 11:00:00+00:00, run_after=2026-07-15 12:00:00+00:00
[2026-07-15T12:15:37.562+0000] {processor.py:183} INFO - Processing /opt/airflow/dags/api_generation_dag1.py took 0.125 seconds
[2026-07-15T12:16:08.372+0000] {processor.py:161} INFO - Started process (PID=724) to work on /opt/airflow/dags/api_generation_dag1.py
[2026-07-15T12:16:08.375+0000] {processor.py:830} INFO - Processing file /opt/airflow/dags/api_generation_dag1.py for tasks to queue
[2026-07-15T12:16:08.379+0000] {logging_mixin.py:188} INFO - [2026-07-15T12:16:08.378+0000] {dagbag.py:540} INFO - Filling up the DagBag from /opt/airflow/dags/api_generation_dag1.py
[2026-07-15T12:16:08.425+0000] {processor.py:840} INFO - DAG(s) 'api_generation_dag1' retrieved from /opt/airflow/dags/api_generation_dag1.py
[2026-07-15T12:16:08.490+0000] {logging_mixin.py:188} INFO - [2026-07-15T12:16:08.490+0000] {dag.py:3096} INFO - Sync 1 DAGs
[2026-07-15T12:16:08.553+0000] {logging_mixin.py:188} INFO - [2026-07-15T12:16:08.552+0000] {dag.py:3954} INFO - Setting next_dagrun for api_generation_dag1 to 2026-07-15 11:00:00+00:00, run_after=2026-07-15 12:00:00+00:00
[2026-07-15T12:16:08.601+0000] {processor.py:183} INFO - Processing /opt/airflow/dags/api_generation_dag1.py took 0.245 seconds
[2026-07-15T12:16:38.822+0000] {processor.py:161} INFO - Started process (PID=749) to work on /opt/airflow/dags/api_generation_dag1.py
[2026-07-15T12:16:38.824+0000] {processor.py:830} INFO - Processing file /opt/airflow/dags/api_generation_dag1.py for tasks to queue
[2026-07-15T12:16:38.826+0000] {logging_mixin.py:188} INFO - [2026-07-15T12:16:38.826+0000] {dagbag.py:540} INFO - Filling up the DagBag from /opt/airflow/dags/api_generation_dag1.py
[2026-07-15T12:16:38.847+0000] {processor.py:840} INFO - DAG(s) 'api_generation_dag1' retrieved from /opt/airflow/dags/api_generation_dag1.py
[2026-07-15T12:16:38.876+0000] {logging_mixin.py:188} INFO - [2026-07-15T12:16:38.876+0000] {dag.py:3096} INFO - Sync 1 DAGs
[2026-07-15T12:16:38.901+0000] {logging_mixin.py:188} INFO - [2026-07-15T12:16:38.901+0000] {dag.py:3954} INFO - Setting next_dagrun for api_generation_dag1 to 2026-07-15 11:00:00+00:00, run_after=2026-07-15 12:00:00+00:00
[2026-07-15T12:16:38.928+0000] {processor.py:183} INFO - Processing /opt/airflow/dags/api_generation_dag1.py took 0.114 seconds
[2026-07-15T12:17:09.580+0000] {processor.py:161} INFO - Started process (PID=774) to work on /opt/airflow/dags/api_generation_dag1.py
[2026-07-15T12:17:09.582+0000] {processor.py:830} INFO - Processing file /opt/airflow/dags/api_generation_dag1.py for tasks to queue
[2026-07-15T12:17:09.584+0000] {logging_mixin.py:188} INFO - [2026-07-15T12:17:09.584+0000] {dagbag.py:540} INFO - Filling up the DagBag from /opt/airflow/dags/api_generation_dag1.py
[2026-07-15T12:17:09.605+0000] {processor.py:840} INFO - DAG(s) 'api_generation_dag1' retrieved from /opt/airflow/dags/api_generation_dag1.py
[2026-07-15T12:17:09.634+0000] {logging_mixin.py:188} INFO - [2026-07-15T12:17:09.634+0000] {dag.py:3096} INFO - Sync 1 DAGs
[2026-07-15T12:17:09.659+0000] {logging_mixin.py:188} INFO - [2026-07-15T12:17:09.658+0000] {dag.py:3954} INFO - Setting next_dagrun for api_generation_dag1 to 2026-07-15 11:00:00+00:00, run_after=2026-07-15 12:00:00+00:00
[2026-07-15T12:17:09.683+0000] {processor.py:183} INFO - Processing /opt/airflow/dags/api_generation_dag1.py took 0.111 seconds
[2026-07-15T12:17:40.393+0000] {processor.py:161} INFO - Started process (PID=799) to work on /opt/airflow/dags/api_generation_dag1.py
[2026-07-15T12:17:40.395+0000] {processor.py:830} INFO - Processing file /opt/airflow/dags/api_generation_dag1.py for tasks to queue
[2026-07-15T12:17:40.398+0000] {logging_mixin.py:188} INFO - [2026-07-15T12:17:40.397+0000] {dagbag.py:540} INFO - Filling up the DagBag from /opt/airflow/dags/api_generation_dag1.py
[2026-07-15T12:17:40.418+0000] {processor.py:840} INFO - DAG(s) 'api_generation_dag1' retrieved from /opt/airflow/dags/api_generation_dag1.py
[2026-07-15T12:17:40.445+0000] {logging_mixin.py:188} INFO - [2026-07-15T12:17:40.445+0000] {dag.py:3096} INFO - Sync 1 DAGs
[2026-07-15T12:17:40.469+0000] {logging_mixin.py:188} INFO - [2026-07-15T12:17:40.469+0000] {dag.py:3954} INFO - Setting next_dagrun for api_generation_dag1 to 2026-07-15 11:00:00+00:00, run_after=2026-07-15 12:00:00+00:00
[2026-07-15T12:17:40.493+0000] {processor.py:183} INFO - Processing /opt/airflow/dags/api_generation_dag1.py took 0.107 seconds
[2026-07-15T12:18:11.118+0000] {processor.py:161} INFO - Started process (PID=824) to work on /opt/airflow/dags/api_generation_dag1.py
[2026-07-15T12:18:11.120+0000] {processor.py:830} INFO - Processing file /opt/airflow/dags/api_generation_dag1.py for tasks to queue
[2026-07-15T12:18:11.123+0000] {logging_mixin.py:188} INFO - [2026-07-15T12:18:11.122+0000] {dagbag.py:540} INFO - Filling up the DagBag from /opt/airflow/dags/api_generation_dag1.py
[2026-07-15T12:18:11.143+0000] {processor.py:840} INFO - DAG(s) 'api_generation_dag1' retrieved from /opt/airflow/dags/api_generation_dag1.py
[2026-07-15T12:18:11.169+0000] {logging_mixin.py:188} INFO - [2026-07-15T12:18:11.169+0000] {dag.py:3096} INFO - Sync 1 DAGs
[2026-07-15T12:18:11.194+0000] {logging_mixin.py:188} INFO - [2026-07-15T12:18:11.193+0000] {dag.py:3954} INFO - Setting next_dagrun for api_generation_dag1 to 2026-07-15 11:00:00+00:00, run_after=2026-07-15 12:00:00+00:00
[2026-07-15T12:18:11.219+0000] {processor.py:183} INFO - Processing /opt/airflow/dags/api_generation_dag1.py took 0.109 seconds
[2026-07-15T12:18:41.855+0000] {processor.py:161} INFO - Started process (PID=849) to work on /opt/airflow/dags/api_generation_dag1.py
[2026-07-15T12:18:41.857+0000] {processor.py:830} INFO - Processing file /opt/airflow/dags/api_generation_dag1.py for tasks to queue
[2026-07-15T12:18:41.862+0000] {logging_mixin.py:188} INFO - [2026-07-15T12:18:41.861+0000] {dagbag.py:540} INFO - Filling up the DagBag from /opt/airflow/dags/api_generation_dag1.py
[2026-07-15T12:18:41.893+0000] {processor.py:840} INFO - DAG(s) 'api_generation_dag1' retrieved from /opt/airflow/dags/api_generation_dag1.py
[2026-07-15T12:18:41.939+0000] {logging_mixin.py:188} INFO - [2026-07-15T12:18:41.939+0000] {dag.py:3096} INFO - Sync 1 DAGs
[2026-07-15T12:18:41.984+0000] {logging_mixin.py:188} INFO - [2026-07-15T12:18:41.983+0000] {dag.py:3954} INFO - Setting next_dagrun for api_generation_dag1 to 2026-07-15 11:00:00+00:00, run_after=2026-07-15 12:00:00+00:00
[2026-07-15T12:18:42.019+0000] {processor.py:183} INFO - Processing /opt/airflow/dags/api_generation_dag1.py took 0.174 seconds
[2026-07-15T12:19:12.555+0000] {processor.py:161} INFO - Started process (PID=874) to work on /opt/airflow/dags/api_generation_dag1.py
[2026-07-15T12:19:12.557+0000] {processor.py:830} INFO - Processing file /opt/airflow/dags/api_generation_dag1.py for tasks to queue
[2026-07-15T12:19:12.560+0000] {logging_mixin.py:188} INFO - [2026-07-15T12:19:12.560+0000] {dagbag.py:540} INFO - Filling up the DagBag from /opt/airflow/dags/api_generation_dag1.py
[2026-07-15T12:19:12.586+0000] {processor.py:840} INFO - DAG(s) 'api_generation_dag1' retrieved from /opt/airflow/dags/api_generation_dag1.py
[2026-07-15T12:19:12.619+0000] {logging_mixin.py:188} INFO - [2026-07-15T12:19:12.618+0000] {dag.py:3096} INFO - Sync 1 DAGs
[2026-07-15T12:19:12.642+0000] {logging_mixin.py:188} INFO - [2026-07-15T12:19:12.642+0000] {dag.py:3954} INFO - Setting next_dagrun for api_generation_dag1 to 2026-07-15 11:00:00+00:00, run_after=2026-07-15 12:00:00+00:00
[2026-07-15T12:19:12.665+0000] {processor.py:183} INFO - Processing /opt/airflow/dags/api_generation_dag1.py took 0.116 seconds
[2026-07-15T12:19:43.253+0000] {processor.py:161} INFO - Started process (PID=899) to work on /opt/airflow/dags/api_generation_dag1.py
[2026-07-15T12:19:43.255+0000] {processor.py:830} INFO - Processing file /opt/airflow/dags/api_generation_dag1.py for tasks to queue
[2026-07-15T12:19:43.257+0000] {logging_mixin.py:188} INFO - [2026-07-15T12:19:43.257+0000] {dagbag.py:540} INFO - Filling up the DagBag from /opt/airflow/dags/api_generation_dag1.py
[2026-07-15T12:19:43.277+0000] {processor.py:840} INFO - DAG(s) 'api_generation_dag1' retrieved from /opt/airflow/dags/api_generation_dag1.py
[2026-07-15T12:19:43.309+0000] {logging_mixin.py:188} INFO - [2026-07-15T12:19:43.309+0000] {dag.py:3096} INFO - Sync 1 DAGs
[2026-07-15T12:19:43.336+0000] {logging_mixin.py:188} INFO - [2026-07-15T12:19:43.336+0000] {dag.py:3954} INFO - Setting next_dagrun for api_generation_dag1 to 2026-07-15 11:00:00+00:00, run_after=2026-07-15 12:00:00+00:00
[2026-07-15T12:19:43.361+0000] {processor.py:183} INFO - Processing /opt/airflow/dags/api_generation_dag1.py took 0.115 seconds
[2026-07-15T12:20:14.029+0000] {processor.py:161} INFO - Started process (PID=924) to work on /opt/airflow/dags/api_generation_dag1.py
[2026-07-15T12:20:14.030+0000] {processor.py:830} INFO - Processing file /opt/airflow/dags/api_generation_dag1.py for tasks to queue
[2026-07-15T12:20:14.033+0000] {logging_mixin.py:188} INFO - [2026-07-15T12:20:14.032+0000] {dagbag.py:540} INFO - Filling up the DagBag from /opt/airflow/dags/api_generation_dag1.py
[2026-07-15T12:20:14.053+0000] {processor.py:840} INFO - DAG(s) 'api_generation_dag1' retrieved from /opt/airflow/dags/api_generation_dag1.py
[2026-07-15T12:20:14.083+0000] {logging_mixin.py:188} INFO - [2026-07-15T12:20:14.083+0000] {dag.py:3096} INFO - Sync 1 DAGs
[2026-07-15T12:20:14.107+0000] {logging_mixin.py:188} INFO - [2026-07-15T12:20:14.107+0000] {dag.py:3954} INFO - Setting next_dagrun for api_generation_dag1 to 2026-07-15 11:00:00+00:00, run_after=2026-07-15 12:00:00+00:00
[2026-07-15T12:20:14.135+0000] {processor.py:183} INFO - Processing /opt/airflow/dags/api_generation_dag1.py took 0.113 seconds
[2026-07-15T12:40:08.011+0000] {processor.py:161} INFO - Started process (PID=951) to work on /opt/airflow/dags/api_generation_dag1.py
[2026-07-15T12:40:08.026+0000] {processor.py:830} INFO - Processing file /opt/airflow/dags/api_generation_dag1.py for tasks to queue
[2026-07-15T12:40:08.061+0000] {logging_mixin.py:188} INFO - [2026-07-15T12:40:08.048+0000] {dagbag.py:540} INFO - Filling up the DagBag from /opt/airflow/dags/api_generation_dag1.py
[2026-07-15T12:40:08.211+0000] {processor.py:840} INFO - DAG(s) 'api_generation_dag1' retrieved from /opt/airflow/dags/api_generation_dag1.py
[2026-07-15T12:40:08.268+0000] {logging_mixin.py:188} INFO - [2026-07-15T12:40:08.267+0000] {dag.py:3096} INFO - Sync 1 DAGs
[2026-07-15T12:40:08.304+0000] {logging_mixin.py:188} INFO - [2026-07-15T12:40:08.303+0000] {dag.py:3954} INFO - Setting next_dagrun for api_generation_dag1 to 2026-07-15 11:00:00+00:00, run_after=2026-07-15 12:00:00+00:00
[2026-07-15T12:40:08.335+0000] {processor.py:183} INFO - Processing /opt/airflow/dags/api_generation_dag1.py took 0.354 seconds
[2026-07-15T12:40:39.110+0000] {processor.py:161} INFO - Started process (PID=976) to work on /opt/airflow/dags/api_generation_dag1.py
[2026-07-15T12:40:39.112+0000] {processor.py:830} INFO - Processing file /opt/airflow/dags/api_generation_dag1.py for tasks to queue
[2026-07-15T12:40:39.116+0000] {logging_mixin.py:188} INFO - [2026-07-15T12:40:39.115+0000] {dagbag.py:540} INFO - Filling up the DagBag from /opt/airflow/dags/api_generation_dag1.py
[2026-07-15T12:40:39.146+0000] {processor.py:840} INFO - DAG(s) 'api_generation_dag1' retrieved from /opt/airflow/dags/api_generation_dag1.py
[2026-07-15T12:40:39.171+0000] {logging_mixin.py:188} INFO - [2026-07-15T12:40:39.171+0000] {dag.py:3096} INFO - Sync 1 DAGs
[2026-07-15T12:40:39.201+0000] {logging_mixin.py:188} INFO - [2026-07-15T12:40:39.201+0000] {dag.py:3954} INFO - Setting next_dagrun for api_generation_dag1 to 2026-07-15 11:00:00+00:00, run_after=2026-07-15 12:00:00+00:00
[2026-07-15T12:40:39.232+0000] {processor.py:183} INFO - Processing /opt/airflow/dags/api_generation_dag1.py took 0.129 seconds
[2026-07-15T12:41:09.974+0000] {processor.py:161} INFO - Started process (PID=1001) to work on /opt/airflow/dags/api_generation_dag1.py
[2026-07-15T12:41:09.977+0000] {processor.py:830} INFO - Processing file /opt/airflow/dags/api_generation_dag1.py for tasks to queue
[2026-07-15T12:41:09.981+0000] {logging_mixin.py:188} INFO - [2026-07-15T12:41:09.981+0000] {dagbag.py:540} INFO - Filling up the DagBag from /opt/airflow/dags/api_generation_dag1.py
[2026-07-15T12:41:10.023+0000] {processor.py:840} INFO - DAG(s) 'api_generation_dag1' retrieved from /opt/airflow/dags/api_generation_dag1.py
[2026-07-15T12:41:10.054+0000] {logging_mixin.py:188} INFO - [2026-07-15T12:41:10.054+0000] {dag.py:3096} INFO - Sync 1 DAGs
[2026-07-15T12:41:10.081+0000] {logging_mixin.py:188} INFO - [2026-07-15T12:41:10.081+0000] {dag.py:3954} INFO - Setting next_dagrun for api_generation_dag1 to 2026-07-15 11:00:00+00:00, run_after=2026-07-15 12:00:00+00:00
[2026-07-15T12:41:10.104+0000] {processor.py:183} INFO - Processing /opt/airflow/dags/api_generation_dag1.py took 0.143 seconds
[2026-07-15T12:41:40.862+0000] {processor.py:161} INFO - Started process (PID=1026) to work on /opt/airflow/dags/api_generation_dag1.py
[2026-07-15T12:41:40.865+0000] {processor.py:830} INFO - Processing file /opt/airflow/dags/api_generation_dag1.py for tasks to queue
[2026-07-15T12:41:40.870+0000] {logging_mixin.py:188} INFO - [2026-07-15T12:41:40.869+0000] {dagbag.py:540} INFO - Filling up the DagBag from /opt/airflow/dags/api_generation_dag1.py
[2026-07-15T12:41:40.909+0000] {processor.py:840} INFO - DAG(s) 'api_generation_dag1' retrieved from /opt/airflow/dags/api_generation_dag1.py
[2026-07-15T12:41:40.946+0000] {logging_mixin.py:188} INFO - [2026-07-15T12:41:40.945+0000] {dag.py:3096} INFO - Sync 1 DAGs
[2026-07-15T12:41:40.977+0000] {logging_mixin.py:188} INFO - [2026-07-15T12:41:40.977+0000] {dag.py:3954} INFO - Setting next_dagrun for api_generation_dag1 to 2026-07-15 11:00:00+00:00, run_after=2026-07-15 12:00:00+00:00
[2026-07-15T12:41:41.006+0000] {processor.py:183} INFO - Processing /opt/airflow/dags/api_generation_dag1.py took 0.155 seconds
[2026-07-15T12:42:11.763+0000] {processor.py:161} INFO - Started process (PID=1051) to work on /opt/airflow/dags/api_generation_dag1.py
[2026-07-15T12:42:11.765+0000] {processor.py:830} INFO - Processing file /opt/airflow/dags/api_generation_dag1.py for tasks to queue
[2026-07-15T12:42:11.768+0000] {logging_mixin.py:188} INFO - [2026-07-15T12:42:11.768+0000] {dagbag.py:540} INFO - Filling up the DagBag from /opt/airflow/dags/api_generation_dag1.py
[2026-07-15T12:42:11.801+0000] {processor.py:840} INFO - DAG(s) 'api_generation_dag1' retrieved from /opt/airflow/dags/api_generation_dag1.py
[2026-07-15T12:42:11.842+0000] {logging_mixin.py:188} INFO - [2026-07-15T12:42:11.841+0000] {dag.py:3096} INFO - Sync 1 DAGs
[2026-07-15T12:42:11.871+0000] {logging_mixin.py:188} INFO - [2026-07-15T12:42:11.871+0000] {dag.py:3954} INFO - Setting next_dagrun for api_generation_dag1 to 2026-07-15 11:00:00+00:00, run_after=2026-07-15 12:00:00+00:00
[2026-07-15T12:42:11.897+0000] {processor.py:183} INFO - Processing /opt/airflow/dags/api_generation_dag1.py took 0.144 seconds
[2026-07-15T12:42:42.600+0000] {processor.py:161} INFO - Started process (PID=1076) to work on /opt/airflow/dags/api_generation_dag1.py
[2026-07-15T12:42:42.602+0000] {processor.py:830} INFO - Processing file /opt/airflow/dags/api_generation_dag1.py for tasks to queue
[2026-07-15T12:42:42.605+0000] {logging_mixin.py:188} INFO - [2026-07-15T12:42:42.604+0000] {dagbag.py:540} INFO - Filling up the DagBag from /opt/airflow/dags/api_generation_dag1.py
[2026-07-15T12:42:42.638+0000] {processor.py:840} INFO - DAG(s) 'api_generation_dag1' retrieved from /opt/airflow/dags/api_generation_dag1.py
[2026-07-15T12:42:42.679+0000] {logging_mixin.py:188} INFO - [2026-07-15T12:42:42.679+0000] {dag.py:3096} INFO - Sync 1 DAGs
[2026-07-15T12:42:42.714+0000] {logging_mixin.py:188} INFO - [2026-07-15T12:42:42.714+0000] {dag.py:3954} INFO - Setting next_dagrun for api_generation_dag1 to 2026-07-15 11:00:00+00:00, run_after=2026-07-15 12:00:00+00:00
[2026-07-15T12:42:42.739+0000] {processor.py:183} INFO - Processing /opt/airflow/dags/api_generation_dag1.py took 0.145 seconds
[2026-07-15T12:43:13.540+0000] {processor.py:161} INFO - Started process (PID=1103) to work on /opt/airflow/dags/api_generation_dag1.py
[2026-07-15T12:43:13.541+0000] {processor.py:830} INFO - Processing file /opt/airflow/dags/api_generation_dag1.py for tasks to queue
[2026-07-15T12:43:13.544+0000] {logging_mixin.py:188} INFO - [2026-07-15T12:43:13.544+0000] {dagbag.py:540} INFO - Filling up the DagBag from /opt/airflow/dags/api_generation_dag1.py
[2026-07-15T12:43:13.575+0000] {processor.py:840} INFO - DAG(s) 'api_generation_dag1' retrieved from /opt/airflow/dags/api_generation_dag1.py
[2026-07-15T12:43:13.604+0000] {logging_mixin.py:188} INFO - [2026-07-15T12:43:13.603+0000] {dag.py:3096} INFO - Sync 1 DAGs
[2026-07-15T12:43:13.629+0000] {logging_mixin.py:188} INFO - [2026-07-15T12:43:13.629+0000] {dag.py:3954} INFO - Setting next_dagrun for api_generation_dag1 to 2026-07-15 11:00:00+00:00, run_after=2026-07-15 12:00:00+00:00
[2026-07-15T12:43:13.653+0000] {processor.py:183} INFO - Processing /opt/airflow/dags/api_generation_dag1.py took 0.120 seconds
[2026-07-15T12:43:44.320+0000] {processor.py:161} INFO - Started process (PID=1128) to work on /opt/airflow/dags/api_generation_dag1.py
[2026-07-15T12:43:44.321+0000] {processor.py:830} INFO - Processing file /opt/airflow/dags/api_generation_dag1.py for tasks to queue
[2026-07-15T12:43:44.325+0000] {logging_mixin.py:188} INFO - [2026-07-15T12:43:44.325+0000] {dagbag.py:540} INFO - Filling up the DagBag from /opt/airflow/dags/api_generation_dag1.py
[2026-07-15T12:43:44.351+0000] {processor.py:840} INFO - DAG(s) 'api_generation_dag1' retrieved from /opt/airflow/dags/api_generation_dag1.py
[2026-07-15T12:43:44.384+0000] {logging_mixin.py:188} INFO - [2026-07-15T12:43:44.384+0000] {dag.py:3096} INFO - Sync 1 DAGs
[2026-07-15T12:43:44.416+0000] {logging_mixin.py:188} INFO - [2026-07-15T12:43:44.415+0000] {dag.py:3954} INFO - Setting next_dagrun for api_generation_dag1 to 2026-07-15 11:00:00+00:00, run_after=2026-07-15 12:00:00+00:00
[2026-07-15T12:43:44.441+0000] {processor.py:183} INFO - Processing /opt/airflow/dags/api_generation_dag1.py took 0.128 seconds
[2026-07-15T12:44:15.206+0000] {processor.py:161} INFO - Started process (PID=1153) to work on /opt/airflow/dags/api_generation_dag1.py
[2026-07-15T12:44:15.208+0000] {processor.py:830} INFO - Processing file /opt/airflow/dags/api_generation_dag1.py for tasks to queue
[2026-07-15T12:44:15.212+0000] {logging_mixin.py:188} INFO - [2026-07-15T12:44:15.212+0000] {dagbag.py:540} INFO - Filling up the DagBag from /opt/airflow/dags/api_generation_dag1.py
[2026-07-15T12:44:15.238+0000] {processor.py:840} INFO - DAG(s) 'api_generation_dag1' retrieved from /opt/airflow/dags/api_generation_dag1.py
[2026-07-15T12:44:15.273+0000] {logging_mixin.py:188} INFO - [2026-07-15T12:44:15.272+0000] {dag.py:3096} INFO - Sync 1 DAGs
[2026-07-15T12:44:15.303+0000] {logging_mixin.py:188} INFO - [2026-07-15T12:44:15.302+0000] {dag.py:3954} INFO - Setting next_dagrun for api_generation_dag1 to 2026-07-15 11:00:00+00:00, run_after=2026-07-15 12:00:00+00:00
[2026-07-15T12:44:15.330+0000] {processor.py:183} INFO - Processing /opt/airflow/dags/api_generation_dag1.py took 0.133 seconds
[2026-07-15T12:44:46.106+0000] {processor.py:161} INFO - Started process (PID=1194) to work on /opt/airflow/dags/api_generation_dag1.py
[2026-07-15T12:44:46.110+0000] {processor.py:830} INFO - Processing file /opt/airflow/dags/api_generation_dag1.py for tasks to queue
[2026-07-15T12:44:46.141+0000] {logging_mixin.py:188} INFO - [2026-07-15T12:44:46.140+0000] {dagbag.py:540} INFO - Filling up the DagBag from /opt/airflow/dags/api_generation_dag1.py
[2026-07-15T12:44:46.207+0000] {processor.py:840} INFO - DAG(s) 'api_generation_dag1' retrieved from /opt/airflow/dags/api_generation_dag1.py
[2026-07-15T12:44:46.264+0000] {logging_mixin.py:188} INFO - [2026-07-15T12:44:46.264+0000] {dag.py:3096} INFO - Sync 1 DAGs
[2026-07-15T12:44:46.321+0000] {logging_mixin.py:188} INFO - [2026-07-15T12:44:46.320+0000] {dag.py:3954} INFO - Setting next_dagrun for api_generation_dag1 to 2026-07-15 11:00:00+00:00, run_after=2026-07-15 12:00:00+00:00
[2026-07-15T12:44:46.379+0000] {processor.py:183} INFO - Processing /opt/airflow/dags/api_generation_dag1.py took 0.288 seconds
[2026-07-15T12:45:17.051+0000] {processor.py:161} INFO - Started process (PID=1219) to work on /opt/airflow/dags/api_generation_dag1.py
[2026-07-15T12:45:17.054+0000] {processor.py:830} INFO - Processing file /opt/airflow/dags/api_generation_dag1.py for tasks to queue
[2026-07-15T12:45:17.066+0000] {logging_mixin.py:188} INFO - [2026-07-15T12:45:17.063+0000] {dagbag.py:540} INFO - Filling up the DagBag from /opt/airflow/dags/api_generation_dag1.py
[2026-07-15T12:45:17.131+0000] {processor.py:840} INFO - DAG(s) 'api_generation_dag1' retrieved from /opt/airflow/dags/api_generation_dag1.py
[2026-07-15T12:45:17.180+0000] {logging_mixin.py:188} INFO - [2026-07-15T12:45:17.180+0000] {dag.py:3096} INFO - Sync 1 DAGs
[2026-07-15T12:45:17.229+0000] {logging_mixin.py:188} INFO - [2026-07-15T12:45:17.229+0000] {dag.py:3954} INFO - Setting next_dagrun for api_generation_dag1 to 2026-07-15 11:00:00+00:00, run_after=2026-07-15 12:00:00+00:00
[2026-07-15T12:45:17.269+0000] {processor.py:183} INFO - Processing /opt/airflow/dags/api_generation_dag1.py took 0.240 seconds
[2026-07-15T12:45:48.284+0000] {processor.py:161} INFO - Started process (PID=1244) to work on /opt/airflow/dags/api_generation_dag1.py
[2026-07-15T12:45:48.287+0000] {processor.py:830} INFO - Processing file /opt/airflow/dags/api_generation_dag1.py for tasks to queue
[2026-07-15T12:45:48.291+0000] {logging_mixin.py:188} INFO - [2026-07-15T12:45:48.290+0000] {dagbag.py:540} INFO - Filling up the DagBag from /opt/airflow/dags/api_generation_dag1.py
[2026-07-15T12:45:48.324+0000] {processor.py:840} INFO - DAG(s) 'api_generation_dag1' retrieved from /opt/airflow/dags/api_generation_dag1.py
[2026-07-15T12:45:48.358+0000] {logging_mixin.py:188} INFO - [2026-07-15T12:45:48.358+0000] {dag.py:3096} INFO - Sync 1 DAGs
[2026-07-15T12:45:48.390+0000] {logging_mixin.py:188} INFO - [2026-07-15T12:45:48.390+0000] {dag.py:3954} INFO - Setting next_dagrun for api_generation_dag1 to 2026-07-15 11:00:00+00:00, run_after=2026-07-15 12:00:00+00:00
[2026-07-15T12:45:48.421+0000] {processor.py:183} INFO - Processing /opt/airflow/dags/api_generation_dag1.py took 0.149 seconds
[2026-07-15T12:46:18.697+0000] {processor.py:161} INFO - Started process (PID=1269) to work on /opt/airflow/dags/api_generation_dag1.py
[2026-07-15T12:46:18.700+0000] {processor.py:830} INFO - Processing file /opt/airflow/dags/api_generation_dag1.py for tasks to queue
[2026-07-15T12:46:18.704+0000] {logging_mixin.py:188} INFO - [2026-07-15T12:46:18.704+0000] {dagbag.py:540} INFO - Filling up the DagBag from /opt/airflow/dags/api_generation_dag1.py
[2026-07-15T12:46:18.732+0000] {processor.py:840} INFO - DAG(s) 'api_generation_dag1' retrieved from /opt/airflow/dags/api_generation_dag1.py
[2026-07-15T12:46:18.776+0000] {logging_mixin.py:188} INFO - [2026-07-15T12:46:18.776+0000] {dag.py:3096} INFO - Sync 1 DAGs
[2026-07-15T12:46:18.830+0000] {logging_mixin.py:188} INFO - [2026-07-15T12:46:18.830+0000] {dag.py:3954} INFO - Setting next_dagrun for api_generation_dag1 to 2026-07-15 11:00:00+00:00, run_after=2026-07-15 12:00:00+00:00
[2026-07-15T12:46:18.859+0000] {processor.py:183} INFO - Processing /opt/airflow/dags/api_generation_dag1.py took 0.173 seconds
[2026-07-15T12:46:49.744+0000] {processor.py:161} INFO - Started process (PID=1308) to work on /opt/airflow/dags/api_generation_dag1.py
[2026-07-15T12:46:49.749+0000] {processor.py:830} INFO - Processing file /opt/airflow/dags/api_generation_dag1.py for tasks to queue
[2026-07-15T12:46:49.763+0000] {logging_mixin.py:188} INFO - [2026-07-15T12:46:49.758+0000] {dagbag.py:540} INFO - Filling up the DagBag from /opt/airflow/dags/api_generation_dag1.py
[2026-07-15T12:46:49.819+0000] {processor.py:840} INFO - DAG(s) 'api_generation_dag1' retrieved from /opt/airflow/dags/api_generation_dag1.py
[2026-07-15T12:46:49.900+0000] {logging_mixin.py:188} INFO - [2026-07-15T12:46:49.900+0000] {dag.py:3096} INFO - Sync 1 DAGs
[2026-07-15T12:46:49.966+0000] {logging_mixin.py:188} INFO - [2026-07-15T12:46:49.965+0000] {dag.py:3954} INFO - Setting next_dagrun for api_generation_dag1 to 2026-07-15 11:00:00+00:00, run_after=2026-07-15 12:00:00+00:00
[2026-07-15T12:46:50.018+0000] {processor.py:183} INFO - Processing /opt/airflow/dags/api_generation_dag1.py took 0.315 seconds
[2026-07-15T12:47:20.518+0000] {processor.py:161} INFO - Started process (PID=1333) to work on /opt/airflow/dags/api_generation_dag1.py
[2026-07-15T12:47:20.522+0000] {processor.py:830} INFO - Processing file /opt/airflow/dags/api_generation_dag1.py for tasks to queue
[2026-07-15T12:47:20.529+0000] {logging_mixin.py:188} INFO - [2026-07-15T12:47:20.529+0000] {dagbag.py:540} INFO - Filling up the DagBag from /opt/airflow/dags/api_generation_dag1.py
[2026-07-15T12:47:20.598+0000] {processor.py:840} INFO - DAG(s) 'api_generation_dag1' retrieved from /opt/airflow/dags/api_generation_dag1.py
[2026-07-15T12:47:20.692+0000] {logging_mixin.py:188} INFO - [2026-07-15T12:47:20.691+0000] {dag.py:3096} INFO - Sync 1 DAGs
[2026-07-15T12:47:20.757+0000] {logging_mixin.py:188} INFO - [2026-07-15T12:47:20.757+0000] {dag.py:3954} INFO - Setting next_dagrun for api_generation_dag1 to 2026-07-15 11:00:00+00:00, run_after=2026-07-15 12:00:00+00:00
[2026-07-15T12:47:20.797+0000] {processor.py:183} INFO - Processing /opt/airflow/dags/api_generation_dag1.py took 0.306 seconds
[2026-07-15T12:47:51.020+0000] {processor.py:161} INFO - Started process (PID=1358) to work on /opt/airflow/dags/api_generation_dag1.py
[2026-07-15T12:47:51.025+0000] {processor.py:830} INFO - Processing file /opt/airflow/dags/api_generation_dag1.py for tasks to queue
[2026-07-15T12:47:51.033+0000] {logging_mixin.py:188} INFO - [2026-07-15T12:47:51.032+0000] {dagbag.py:540} INFO - Filling up the DagBag from /opt/airflow/dags/api_generation_dag1.py
[2026-07-15T12:47:51.080+0000] {processor.py:840} INFO - DAG(s) 'api_generation_dag1' retrieved from /opt/airflow/dags/api_generation_dag1.py
[2026-07-15T12:47:51.140+0000] {logging_mixin.py:188} INFO - [2026-07-15T12:47:51.139+0000] {dag.py:3096} INFO - Sync 1 DAGs
[2026-07-15T12:47:51.182+0000] {logging_mixin.py:188} INFO - [2026-07-15T12:47:51.182+0000] {dag.py:3954} INFO - Setting next_dagrun for api_generation_dag1 to 2026-07-15 11:00:00+00:00, run_after=2026-07-15 12:00:00+00:00
[2026-07-15T12:47:51.218+0000] {processor.py:183} INFO - Processing /opt/airflow/dags/api_generation_dag1.py took 0.222 seconds
[2026-07-15T12:48:21.384+0000] {processor.py:161} INFO - Started process (PID=1383) to work on /opt/airflow/dags/api_generation_dag1.py
[2026-07-15T12:48:21.387+0000] {processor.py:830} INFO - Processing file /opt/airflow/dags/api_generation_dag1.py for tasks to queue
[2026-07-15T12:48:21.391+0000] {logging_mixin.py:188} INFO - [2026-07-15T12:48:21.390+0000] {dagbag.py:540} INFO - Filling up the DagBag from /opt/airflow/dags/api_generation_dag1.py
[2026-07-15T12:48:21.438+0000] {processor.py:840} INFO - DAG(s) 'api_generation_dag1' retrieved from /opt/airflow/dags/api_generation_dag1.py
[2026-07-15T12:48:21.497+0000] {logging_mixin.py:188} INFO - [2026-07-15T12:48:21.497+0000] {dag.py:3096} INFO - Sync 1 DAGs
[2026-07-15T12:48:21.573+0000] {logging_mixin.py:188} INFO - [2026-07-15T12:48:21.572+0000] {dag.py:3954} INFO - Setting next_dagrun for api_generation_dag1 to 2026-07-15 11:00:00+00:00, run_after=2026-07-15 12:00:00+00:00
[2026-07-15T12:48:21.618+0000] {processor.py:183} INFO - Processing /opt/airflow/dags/api_generation_dag1.py took 0.253 seconds
[2026-07-15T12:48:51.846+0000] {processor.py:161} INFO - Started process (PID=1421) to work on /opt/airflow/dags/api_generation_dag1.py
[2026-07-15T12:48:51.849+0000] {processor.py:830} INFO - Processing file /opt/airflow/dags/api_generation_dag1.py for tasks to queue
[2026-07-15T12:48:51.855+0000] {logging_mixin.py:188} INFO - [2026-07-15T12:48:51.854+0000] {dagbag.py:540} INFO - Filling up the DagBag from /opt/airflow/dags/api_generation_dag1.py
[2026-07-15T12:48:51.896+0000] {processor.py:840} INFO - DAG(s) 'api_generation_dag1' retrieved from /opt/airflow/dags/api_generation_dag1.py
[2026-07-15T12:48:51.947+0000] {logging_mixin.py:188} INFO - [2026-07-15T12:48:51.946+0000] {dag.py:3096} INFO - Sync 1 DAGs
[2026-07-15T12:48:52.004+0000] {logging_mixin.py:188} INFO - [2026-07-15T12:48:52.004+0000] {dag.py:3954} INFO - Setting next_dagrun for api_generation_dag1 to 2026-07-15 11:00:00+00:00, run_after=2026-07-15 12:00:00+00:00
[2026-07-15T12:48:52.039+0000] {processor.py:183} INFO - Processing /opt/airflow/dags/api_generation_dag1.py took 0.208 seconds
[2026-07-15T12:49:22.379+0000] {processor.py:161} INFO - Started process (PID=1446) to work on /opt/airflow/dags/api_generation_dag1.py
[2026-07-15T12:49:22.383+0000] {processor.py:830} INFO - Processing file /opt/airflow/dags/api_generation_dag1.py for tasks to queue
[2026-07-15T12:49:22.392+0000] {logging_mixin.py:188} INFO - [2026-07-15T12:49:22.390+0000] {dagbag.py:540} INFO - Filling up the DagBag from /opt/airflow/dags/api_generation_dag1.py
[2026-07-15T12:49:22.442+0000] {processor.py:840} INFO - DAG(s) 'api_generation_dag1' retrieved from /opt/airflow/dags/api_generation_dag1.py
[2026-07-15T12:49:22.514+0000] {logging_mixin.py:188} INFO - [2026-07-15T12:49:22.513+0000] {dag.py:3096} INFO - Sync 1 DAGs
[2026-07-15T12:49:22.574+0000] {logging_mixin.py:188} INFO - [2026-07-15T12:49:22.573+0000] {dag.py:3954} INFO - Setting next_dagrun for api_generation_dag1 to 2026-07-15 11:00:00+00:00, run_after=2026-07-15 12:00:00+00:00
[2026-07-15T12:49:22.648+0000] {processor.py:183} INFO - Processing /opt/airflow/dags/api_generation_dag1.py took 0.289 seconds
[2026-07-15T12:49:52.887+0000] {processor.py:161} INFO - Started process (PID=1478) to work on /opt/airflow/dags/api_generation_dag1.py
[2026-07-15T12:49:52.889+0000] {processor.py:830} INFO - Processing file /opt/airflow/dags/api_generation_dag1.py for tasks to queue
[2026-07-15T12:49:52.893+0000] {logging_mixin.py:188} INFO - [2026-07-15T12:49:52.892+0000] {dagbag.py:540} INFO - Filling up the DagBag from /opt/airflow/dags/api_generation_dag1.py
[2026-07-15T12:49:52.925+0000] {processor.py:840} INFO - DAG(s) 'api_generation_dag1' retrieved from /opt/airflow/dags/api_generation_dag1.py
[2026-07-15T12:49:52.966+0000] {logging_mixin.py:188} INFO - [2026-07-15T12:49:52.965+0000] {dag.py:3096} INFO - Sync 1 DAGs
[2026-07-15T12:49:53.001+0000] {logging_mixin.py:188} INFO - [2026-07-15T12:49:53.000+0000] {dag.py:3954} INFO - Setting next_dagrun for api_generation_dag1 to 2026-07-15 11:00:00+00:00, run_after=2026-07-15 12:00:00+00:00
[2026-07-15T12:49:53.028+0000] {processor.py:183} INFO - Processing /opt/airflow/dags/api_generation_dag1.py took 0.156 seconds
[2026-07-15T12:50:23.306+0000] {processor.py:161} INFO - Started process (PID=1503) to work on /opt/airflow/dags/api_generation_dag1.py
[2026-07-15T12:50:23.309+0000] {processor.py:830} INFO - Processing file /opt/airflow/dags/api_generation_dag1.py for tasks to queue
[2026-07-15T12:50:23.314+0000] {logging_mixin.py:188} INFO - [2026-07-15T12:50:23.313+0000] {dagbag.py:540} INFO - Filling up the DagBag from /opt/airflow/dags/api_generation_dag1.py
[2026-07-15T12:50:23.346+0000] {processor.py:840} INFO - DAG(s) 'api_generation_dag1' retrieved from /opt/airflow/dags/api_generation_dag1.py
[2026-07-15T12:50:23.385+0000] {logging_mixin.py:188} INFO - [2026-07-15T12:50:23.385+0000] {dag.py:3096} INFO - Sync 1 DAGs
[2026-07-15T12:50:23.417+0000] {logging_mixin.py:188} INFO - [2026-07-15T12:50:23.416+0000] {dag.py:3954} INFO - Setting next_dagrun for api_generation_dag1 to 2026-07-15 11:00:00+00:00, run_after=2026-07-15 12:00:00+00:00
[2026-07-15T12:50:23.450+0000] {processor.py:183} INFO - Processing /opt/airflow/dags/api_generation_dag1.py took 0.158 seconds
[2026-07-15T12:50:53.520+0000] {processor.py:161} INFO - Started process (PID=1528) to work on /opt/airflow/dags/api_generation_dag1.py
[2026-07-15T12:50:53.522+0000] {processor.py:830} INFO - Processing file /opt/airflow/dags/api_generation_dag1.py for tasks to queue
[2026-07-15T12:50:53.528+0000] {logging_mixin.py:188} INFO - [2026-07-15T12:50:53.527+0000] {dagbag.py:540} INFO - Filling up the DagBag from /opt/airflow/dags/api_generation_dag1.py
[2026-07-15T12:50:53.570+0000] {processor.py:840} INFO - DAG(s) 'api_generation_dag1' retrieved from /opt/airflow/dags/api_generation_dag1.py
[2026-07-15T12:50:53.648+0000] {logging_mixin.py:188} INFO - [2026-07-15T12:50:53.647+0000] {dag.py:3096} INFO - Sync 1 DAGs
[2026-07-15T12:50:53.689+0000] {logging_mixin.py:188} INFO - [2026-07-15T12:50:53.689+0000] {dag.py:3954} INFO - Setting next_dagrun for api_generation_dag1 to 2026-07-15 11:00:00+00:00, run_after=2026-07-15 12:00:00+00:00
[2026-07-15T12:50:53.735+0000] {processor.py:183} INFO - Processing /opt/airflow/dags/api_generation_dag1.py took 0.225 seconds
[2026-07-15T12:51:24.045+0000] {processor.py:161} INFO - Started process (PID=1553) to work on /opt/airflow/dags/api_generation_dag1.py
[2026-07-15T12:51:24.050+0000] {processor.py:830} INFO - Processing file /opt/airflow/dags/api_generation_dag1.py for tasks to queue
[2026-07-15T12:51:24.056+0000] {logging_mixin.py:188} INFO - [2026-07-15T12:51:24.055+0000] {dagbag.py:540} INFO - Filling up the DagBag from /opt/airflow/dags/api_generation_dag1.py
[2026-07-15T12:51:24.093+0000] {processor.py:840} INFO - DAG(s) 'api_generation_dag1' retrieved from /opt/airflow/dags/api_generation_dag1.py
[2026-07-15T12:51:24.136+0000] {logging_mixin.py:188} INFO - [2026-07-15T12:51:24.136+0000] {dag.py:3096} INFO - Sync 1 DAGs
[2026-07-15T12:51:24.176+0000] {logging_mixin.py:188} INFO - [2026-07-15T12:51:24.175+0000] {dag.py:3954} INFO - Setting next_dagrun for api_generation_dag1 to 2026-07-15 11:00:00+00:00, run_after=2026-07-15 12:00:00+00:00
[2026-07-15T12:51:24.211+0000] {processor.py:183} INFO - Processing /opt/airflow/dags/api_generation_dag1.py took 0.184 seconds
[2026-07-15T12:51:54.358+0000] {processor.py:161} INFO - Started process (PID=1578) to work on /opt/airflow/dags/api_generation_dag1.py
[2026-07-15T12:51:54.360+0000] {processor.py:830} INFO - Processing file /opt/airflow/dags/api_generation_dag1.py for tasks to queue
[2026-07-15T12:51:54.365+0000] {logging_mixin.py:188} INFO - [2026-07-15T12:51:54.364+0000] {dagbag.py:540} INFO - Filling up the DagBag from /opt/airflow/dags/api_generation_dag1.py
[2026-07-15T12:51:54.396+0000] {processor.py:840} INFO - DAG(s) 'api_generation_dag1' retrieved from /opt/airflow/dags/api_generation_dag1.py
[2026-07-15T12:51:54.431+0000] {logging_mixin.py:188} INFO - [2026-07-15T12:51:54.431+0000] {dag.py:3096} INFO - Sync 1 DAGs
[2026-07-15T12:51:54.465+0000] {logging_mixin.py:188} INFO - [2026-07-15T12:51:54.465+0000] {dag.py:3954} INFO - Setting next_dagrun for api_generation_dag1 to 2026-07-15 11:00:00+00:00, run_after=2026-07-15 12:00:00+00:00
[2026-07-15T12:51:54.494+0000] {processor.py:183} INFO - Processing /opt/airflow/dags/api_generation_dag1.py took 0.145 seconds
[2026-07-15T12:52:25.376+0000] {processor.py:161} INFO - Started process (PID=1603) to work on /opt/airflow/dags/api_generation_dag1.py
[2026-07-15T12:52:25.379+0000] {processor.py:830} INFO - Processing file /opt/airflow/dags/api_generation_dag1.py for tasks to queue
[2026-07-15T12:52:25.384+0000] {logging_mixin.py:188} INFO - [2026-07-15T12:52:25.383+0000] {dagbag.py:540} INFO - Filling up the DagBag from /opt/airflow/dags/api_generation_dag1.py
[2026-07-15T12:52:25.415+0000] {processor.py:840} INFO - DAG(s) 'api_generation_dag1' retrieved from /opt/airflow/dags/api_generation_dag1.py
[2026-07-15T12:52:25.459+0000] {logging_mixin.py:188} INFO - [2026-07-15T12:52:25.459+0000] {dag.py:3096} INFO - Sync 1 DAGs
[2026-07-15T12:52:25.492+0000] {logging_mixin.py:188} INFO - [2026-07-15T12:52:25.491+0000] {dag.py:3954} INFO - Setting next_dagrun for api_generation_dag1 to 2026-07-15 11:00:00+00:00, run_after=2026-07-15 12:00:00+00:00
[2026-07-15T12:52:25.522+0000] {processor.py:183} INFO - Processing /opt/airflow/dags/api_generation_dag1.py took 0.157 seconds
[2026-07-15T12:52:55.785+0000] {processor.py:161} INFO - Started process (PID=1628) to work on /opt/airflow/dags/api_generation_dag1.py
[2026-07-15T12:52:55.787+0000] {processor.py:830} INFO - Processing file /opt/airflow/dags/api_generation_dag1.py for tasks to queue
[2026-07-15T12:52:55.790+0000] {logging_mixin.py:188} INFO - [2026-07-15T12:52:55.790+0000] {dagbag.py:540} INFO - Filling up the DagBag from /opt/airflow/dags/api_generation_dag1.py
[2026-07-15T12:52:55.819+0000] {processor.py:840} INFO - DAG(s) 'api_generation_dag1' retrieved from /opt/airflow/dags/api_generation_dag1.py
[2026-07-15T12:52:55.856+0000] {logging_mixin.py:188} INFO - [2026-07-15T12:52:55.856+0000] {dag.py:3096} INFO - Sync 1 DAGs
[2026-07-15T12:52:55.894+0000] {logging_mixin.py:188} INFO - [2026-07-15T12:52:55.894+0000] {dag.py:3954} INFO - Setting next_dagrun for api_generation_dag1 to 2026-07-15 11:00:00+00:00, run_after=2026-07-15 12:00:00+00:00
[2026-07-15T12:52:55.929+0000] {processor.py:183} INFO - Processing /opt/airflow/dags/api_generation_dag1.py took 0.152 seconds
[2026-07-15T12:53:26.091+0000] {processor.py:161} INFO - Started process (PID=1653) to work on /opt/airflow/dags/api_generation_dag1.py
[2026-07-15T12:53:26.094+0000] {processor.py:830} INFO - Processing file /opt/airflow/dags/api_generation_dag1.py for tasks to queue
[2026-07-15T12:53:26.098+0000] {logging_mixin.py:188} INFO - [2026-07-15T12:53:26.098+0000] {dagbag.py:540} INFO - Filling up the DagBag from /opt/airflow/dags/api_generation_dag1.py
[2026-07-15T12:53:26.130+0000] {processor.py:840} INFO - DAG(s) 'api_generation_dag1' retrieved from /opt/airflow/dags/api_generation_dag1.py
[2026-07-15T12:53:26.165+0000] {logging_mixin.py:188} INFO - [2026-07-15T12:53:26.165+0000] {dag.py:3096} INFO - Sync 1 DAGs
[2026-07-15T12:53:26.196+0000] {logging_mixin.py:188} INFO - [2026-07-15T12:53:26.195+0000] {dag.py:3954} INFO - Setting next_dagrun for api_generation_dag1 to 2026-07-15 11:00:00+00:00, run_after=2026-07-15 12:00:00+00:00
[2026-07-15T12:53:26.226+0000] {processor.py:183} INFO - Processing /opt/airflow/dags/api_generation_dag1.py took 0.145 seconds
[2026-07-15T12:53:56.469+0000] {processor.py:161} INFO - Started process (PID=1678) to work on /opt/airflow/dags/api_generation_dag1.py
[2026-07-15T12:53:56.471+0000] {processor.py:830} INFO - Processing file /opt/airflow/dags/api_generation_dag1.py for tasks to queue
[2026-07-15T12:53:56.475+0000] {logging_mixin.py:188} INFO - [2026-07-15T12:53:56.474+0000] {dagbag.py:540} INFO - Filling up the DagBag from /opt/airflow/dags/api_generation_dag1.py
[2026-07-15T12:53:56.507+0000] {processor.py:840} INFO - DAG(s) 'api_generation_dag1' retrieved from /opt/airflow/dags/api_generation_dag1.py
[2026-07-15T12:53:56.543+0000] {logging_mixin.py:188} INFO - [2026-07-15T12:53:56.543+0000] {dag.py:3096} INFO - Sync 1 DAGs
[2026-07-15T12:53:56.576+0000] {logging_mixin.py:188} INFO - [2026-07-15T12:53:56.575+0000] {dag.py:3954} INFO - Setting next_dagrun for api_generation_dag1 to 2026-07-15 11:00:00+00:00, run_after=2026-07-15 12:00:00+00:00
[2026-07-15T12:53:56.607+0000] {processor.py:183} INFO - Processing /opt/airflow/dags/api_generation_dag1.py took 0.148 seconds
[2026-07-15T12:54:26.750+0000] {processor.py:161} INFO - Started process (PID=1703) to work on /opt/airflow/dags/api_generation_dag1.py
[2026-07-15T12:54:26.752+0000] {processor.py:830} INFO - Processing file /opt/airflow/dags/api_generation_dag1.py for tasks to queue
[2026-07-15T12:54:26.756+0000] {logging_mixin.py:188} INFO - [2026-07-15T12:54:26.756+0000] {dagbag.py:540} INFO - Filling up the DagBag from /opt/airflow/dags/api_generation_dag1.py
[2026-07-15T12:54:26.790+0000] {processor.py:840} INFO - DAG(s) 'api_generation_dag1' retrieved from /opt/airflow/dags/api_generation_dag1.py
[2026-07-15T12:54:26.827+0000] {logging_mixin.py:188} INFO - [2026-07-15T12:54:26.826+0000] {dag.py:3096} INFO - Sync 1 DAGs
[2026-07-15T12:54:26.861+0000] {logging_mixin.py:188} INFO - [2026-07-15T12:54:26.861+0000] {dag.py:3954} INFO - Setting next_dagrun for api_generation_dag1 to 2026-07-15 11:00:00+00:00, run_after=2026-07-15 12:00:00+00:00
[2026-07-15T12:54:26.893+0000] {processor.py:183} INFO - Processing /opt/airflow/dags/api_generation_dag1.py took 0.151 seconds
[2026-07-15T12:54:57.058+0000] {processor.py:161} INFO - Started process (PID=1728) to work on /opt/airflow/dags/api_generation_dag1.py
[2026-07-15T12:54:57.063+0000] {processor.py:830} INFO - Processing file /opt/airflow/dags/api_generation_dag1.py for tasks to queue
[2026-07-15T12:54:57.067+0000] {logging_mixin.py:188} INFO - [2026-07-15T12:54:57.066+0000] {dagbag.py:540} INFO - Filling up the DagBag from /opt/airflow/dags/api_generation_dag1.py
[2026-07-15T12:54:57.105+0000] {processor.py:840} INFO - DAG(s) 'api_generation_dag1' retrieved from /opt/airflow/dags/api_generation_dag1.py
[2026-07-15T12:54:57.151+0000] {logging_mixin.py:188} INFO - [2026-07-15T12:54:57.151+0000] {dag.py:3096} INFO - Sync 1 DAGs
[2026-07-15T12:54:57.186+0000] {logging_mixin.py:188} INFO - [2026-07-15T12:54:57.186+0000] {dag.py:3954} INFO - Setting next_dagrun for api_generation_dag1 to 2026-07-15 11:00:00+00:00, run_after=2026-07-15 12:00:00+00:00
[2026-07-15T12:54:57.218+0000] {processor.py:183} INFO - Processing /opt/airflow/dags/api_generation_dag1.py took 0.175 seconds
[2026-07-15T12:55:27.516+0000] {processor.py:161} INFO - Started process (PID=1753) to work on /opt/airflow/dags/api_generation_dag1.py
[2026-07-15T12:55:27.521+0000] {processor.py:830} INFO - Processing file /opt/airflow/dags/api_generation_dag1.py for tasks to queue
[2026-07-15T12:55:27.525+0000] {logging_mixin.py:188} INFO - [2026-07-15T12:55:27.524+0000] {dagbag.py:540} INFO - Filling up the DagBag from /opt/airflow/dags/api_generation_dag1.py
[2026-07-15T12:55:27.564+0000] {processor.py:840} INFO - DAG(s) 'api_generation_dag1' retrieved from /opt/airflow/dags/api_generation_dag1.py
[2026-07-15T12:55:27.601+0000] {logging_mixin.py:188} INFO - [2026-07-15T12:55:27.600+0000] {dag.py:3096} INFO - Sync 1 DAGs
[2026-07-15T12:55:27.641+0000] {logging_mixin.py:188} INFO - [2026-07-15T12:55:27.640+0000] {dag.py:3954} INFO - Setting next_dagrun for api_generation_dag1 to 2026-07-15 11:00:00+00:00, run_after=2026-07-15 12:00:00+00:00
[2026-07-15T12:55:27.677+0000] {processor.py:183} INFO - Processing /opt/airflow/dags/api_generation_dag1.py took 0.171 seconds
[2026-07-15T12:55:57.868+0000] {processor.py:161} INFO - Started process (PID=1778) to work on /opt/airflow/dags/api_generation_dag1.py
[2026-07-15T12:55:57.871+0000] {processor.py:830} INFO - Processing file /opt/airflow/dags/api_generation_dag1.py for tasks to queue
[2026-07-15T12:55:57.877+0000] {logging_mixin.py:188} INFO - [2026-07-15T12:55:57.877+0000] {dagbag.py:540} INFO - Filling up the DagBag from /opt/airflow/dags/api_generation_dag1.py
[2026-07-15T12:55:57.909+0000] {processor.py:840} INFO - DAG(s) 'api_generation_dag1' retrieved from /opt/airflow/dags/api_generation_dag1.py
[2026-07-15T12:55:57.944+0000] {logging_mixin.py:188} INFO - [2026-07-15T12:55:57.944+0000] {dag.py:3096} INFO - Sync 1 DAGs
[2026-07-15T12:55:57.983+0000] {logging_mixin.py:188} INFO - [2026-07-15T12:55:57.982+0000] {dag.py:3954} INFO - Setting next_dagrun for api_generation_dag1 to 2026-07-15 11:00:00+00:00, run_after=2026-07-15 12:00:00+00:00
[2026-07-15T12:55:58.010+0000] {processor.py:183} INFO - Processing /opt/airflow/dags/api_generation_dag1.py took 0.150 seconds
[2026-07-15T12:56:28.151+0000] {processor.py:161} INFO - Started process (PID=1803) to work on /opt/airflow/dags/api_generation_dag1.py
[2026-07-15T12:56:28.153+0000] {processor.py:830} INFO - Processing file /opt/airflow/dags/api_generation_dag1.py for tasks to queue
[2026-07-15T12:56:28.156+0000] {logging_mixin.py:188} INFO - [2026-07-15T12:56:28.156+0000] {dagbag.py:540} INFO - Filling up the DagBag from /opt/airflow/dags/api_generation_dag1.py
[2026-07-15T12:56:28.189+0000] {processor.py:840} INFO - DAG(s) 'api_generation_dag1' retrieved from /opt/airflow/dags/api_generation_dag1.py
[2026-07-15T12:56:28.224+0000] {logging_mixin.py:188} INFO - [2026-07-15T12:56:28.224+0000] {dag.py:3096} INFO - Sync 1 DAGs
[2026-07-15T12:56:28.260+0000] {logging_mixin.py:188} INFO - [2026-07-15T12:56:28.260+0000] {dag.py:3954} INFO - Setting next_dagrun for api_generation_dag1 to 2026-07-15 11:00:00+00:00, run_after=2026-07-15 12:00:00+00:00
[2026-07-15T12:56:28.288+0000] {processor.py:183} INFO - Processing /opt/airflow/dags/api_generation_dag1.py took 0.145 seconds
[2026-07-15T12:56:59.178+0000] {processor.py:161} INFO - Started process (PID=1828) to work on /opt/airflow/dags/api_generation_dag1.py
[2026-07-15T12:56:59.180+0000] {processor.py:830} INFO - Processing file /opt/airflow/dags/api_generation_dag1.py for tasks to queue
[2026-07-15T12:56:59.185+0000] {logging_mixin.py:188} INFO - [2026-07-15T12:56:59.185+0000] {dagbag.py:540} INFO - Filling up the DagBag from /opt/airflow/dags/api_generation_dag1.py
[2026-07-15T12:56:59.218+0000] {processor.py:840} INFO - DAG(s) 'api_generation_dag1' retrieved from /opt/airflow/dags/api_generation_dag1.py
[2026-07-15T12:56:59.250+0000] {logging_mixin.py:188} INFO - [2026-07-15T12:56:59.250+0000] {dag.py:3096} INFO - Sync 1 DAGs
[2026-07-15T12:56:59.285+0000] {logging_mixin.py:188} INFO - [2026-07-15T12:56:59.285+0000] {dag.py:3954} INFO - Setting next_dagrun for api_generation_dag1 to 2026-07-15 11:00:00+00:00, run_after=2026-07-15 12:00:00+00:00
[2026-07-15T12:56:59.320+0000] {processor.py:183} INFO - Processing /opt/airflow/dags/api_generation_dag1.py took 0.152 seconds
[2026-07-15T12:57:29.557+0000] {processor.py:161} INFO - Started process (PID=1853) to work on /opt/airflow/dags/api_generation_dag1.py
[2026-07-15T12:57:29.560+0000] {processor.py:830} INFO - Processing file /opt/airflow/dags/api_generation_dag1.py for tasks to queue
[2026-07-15T12:57:29.564+0000] {logging_mixin.py:188} INFO - [2026-07-15T12:57:29.564+0000] {dagbag.py:540} INFO - Filling up the DagBag from /opt/airflow/dags/api_generation_dag1.py
[2026-07-15T12:57:29.596+0000] {processor.py:840} INFO - DAG(s) 'api_generation_dag1' retrieved from /opt/airflow/dags/api_generation_dag1.py
[2026-07-15T12:57:29.629+0000] {logging_mixin.py:188} INFO - [2026-07-15T12:57:29.629+0000] {dag.py:3096} INFO - Sync 1 DAGs
[2026-07-15T12:57:29.664+0000] {logging_mixin.py:188} INFO - [2026-07-15T12:57:29.664+0000] {dag.py:3954} INFO - Setting next_dagrun for api_generation_dag1 to 2026-07-15 11:00:00+00:00, run_after=2026-07-15 12:00:00+00:00
[2026-07-15T12:57:29.692+0000] {processor.py:183} INFO - Processing /opt/airflow/dags/api_generation_dag1.py took 0.144 seconds
[2026-07-15T12:57:59.784+0000] {processor.py:161} INFO - Started process (PID=1878) to work on /opt/airflow/dags/api_generation_dag1.py
[2026-07-15T12:57:59.786+0000] {processor.py:830} INFO - Processing file /opt/airflow/dags/api_generation_dag1.py for tasks to queue
[2026-07-15T12:57:59.790+0000] {logging_mixin.py:188} INFO - [2026-07-15T12:57:59.790+0000] {dagbag.py:540} INFO - Filling up the DagBag from /opt/airflow/dags/api_generation_dag1.py
[2026-07-15T12:57:59.819+0000] {processor.py:840} INFO - DAG(s) 'api_generation_dag1' retrieved from /opt/airflow/dags/api_generation_dag1.py
[2026-07-15T12:57:59.853+0000] {logging_mixin.py:188} INFO - [2026-07-15T12:57:59.852+0000] {dag.py:3096} INFO - Sync 1 DAGs
[2026-07-15T12:57:59.886+0000] {logging_mixin.py:188} INFO - [2026-07-15T12:57:59.886+0000] {dag.py:3954} INFO - Setting next_dagrun for api_generation_dag1 to 2026-07-15 11:00:00+00:00, run_after=2026-07-15 12:00:00+00:00
[2026-07-15T12:57:59.917+0000] {processor.py:183} INFO - Processing /opt/airflow/dags/api_generation_dag1.py took 0.144 seconds
[2026-07-15T12:58:30.044+0000] {processor.py:161} INFO - Started process (PID=1918) to work on /opt/airflow/dags/api_generation_dag1.py
[2026-07-15T12:58:30.046+0000] {processor.py:830} INFO - Processing file /opt/airflow/dags/api_generation_dag1.py for tasks to queue
[2026-07-15T12:58:30.052+0000] {logging_mixin.py:188} INFO - [2026-07-15T12:58:30.051+0000] {dagbag.py:540} INFO - Filling up the DagBag from /opt/airflow/dags/api_generation_dag1.py
[2026-07-15T12:58:30.101+0000] {processor.py:840} INFO - DAG(s) 'api_generation_dag1' retrieved from /opt/airflow/dags/api_generation_dag1.py
[2026-07-15T12:58:30.154+0000] {logging_mixin.py:188} INFO - [2026-07-15T12:58:30.154+0000] {dag.py:3096} INFO - Sync 1 DAGs
[2026-07-15T12:58:30.215+0000] {logging_mixin.py:188} INFO - [2026-07-15T12:58:30.214+0000] {dag.py:3954} INFO - Setting next_dagrun for api_generation_dag1 to 2026-07-15 11:00:00+00:00, run_after=2026-07-15 12:00:00+00:00
[2026-07-15T12:58:30.274+0000] {processor.py:183} INFO - Processing /opt/airflow/dags/api_generation_dag1.py took 0.244 seconds
[2026-07-15T12:59:00.962+0000] {processor.py:161} INFO - Started process (PID=2011) to work on /opt/airflow/dags/api_generation_dag1.py
[2026-07-15T12:59:00.965+0000] {processor.py:830} INFO - Processing file /opt/airflow/dags/api_generation_dag1.py for tasks to queue
[2026-07-15T12:59:00.978+0000] {logging_mixin.py:188} INFO - [2026-07-15T12:59:00.973+0000] {dagbag.py:540} INFO - Filling up the DagBag from /opt/airflow/dags/api_generation_dag1.py
[2026-07-15T12:59:01.145+0000] {processor.py:840} INFO - DAG(s) 'api_generation_dag1' retrieved from /opt/airflow/dags/api_generation_dag1.py
[2026-07-15T12:59:01.335+0000] {logging_mixin.py:188} INFO - [2026-07-15T12:59:01.334+0000] {dag.py:3096} INFO - Sync 1 DAGs
[2026-07-15T12:59:01.533+0000] {logging_mixin.py:188} INFO - [2026-07-15T12:59:01.532+0000] {dag.py:3954} INFO - Setting next_dagrun for api_generation_dag1 to 2026-07-15 11:00:00+00:00, run_after=2026-07-15 12:00:00+00:00
[2026-07-15T12:59:01.628+0000] {processor.py:183} INFO - Processing /opt/airflow/dags/api_generation_dag1.py took 0.755 seconds
[2026-07-15T12:59:32.462+0000] {processor.py:161} INFO - Started process (PID=2047) to work on /opt/airflow/dags/api_generation_dag1.py
[2026-07-15T12:59:32.474+0000] {processor.py:830} INFO - Processing file /opt/airflow/dags/api_generation_dag1.py for tasks to queue
[2026-07-15T12:59:32.495+0000] {logging_mixin.py:188} INFO - [2026-07-15T12:59:32.493+0000] {dagbag.py:540} INFO - Filling up the DagBag from /opt/airflow/dags/api_generation_dag1.py
[2026-07-15T12:59:32.624+0000] {processor.py:840} INFO - DAG(s) 'api_generation_dag1' retrieved from /opt/airflow/dags/api_generation_dag1.py
[2026-07-15T12:59:32.998+0000] {logging_mixin.py:188} INFO - [2026-07-15T12:59:32.998+0000] {dag.py:3096} INFO - Sync 1 DAGs
[2026-07-15T12:59:33.277+0000] {logging_mixin.py:188} INFO - [2026-07-15T12:59:33.277+0000] {dag.py:3954} INFO - Setting next_dagrun for api_generation_dag1 to 2026-07-15 11:00:00+00:00, run_after=2026-07-15 12:00:00+00:00
[2026-07-15T12:59:33.432+0000] {processor.py:183} INFO - Processing /opt/airflow/dags/api_generation_dag1.py took 1.023 seconds
[2026-07-15T13:00:03.924+0000] {processor.py:161} INFO - Started process (PID=2074) to work on /opt/airflow/dags/api_generation_dag1.py
[2026-07-15T13:00:03.949+0000] {processor.py:830} INFO - Processing file /opt/airflow/dags/api_generation_dag1.py for tasks to queue
[2026-07-15T13:00:03.971+0000] {logging_mixin.py:188} INFO - [2026-07-15T13:00:03.969+0000] {dagbag.py:540} INFO - Filling up the DagBag from /opt/airflow/dags/api_generation_dag1.py
[2026-07-15T13:00:04.268+0000] {processor.py:840} INFO - DAG(s) 'api_generation_dag1' retrieved from /opt/airflow/dags/api_generation_dag1.py
[2026-07-15T13:00:04.734+0000] {logging_mixin.py:188} INFO - [2026-07-15T13:00:04.733+0000] {dag.py:3096} INFO - Sync 1 DAGs
[2026-07-15T13:00:05.069+0000] {logging_mixin.py:188} INFO - [2026-07-15T13:00:05.069+0000] {dag.py:3954} INFO - Setting next_dagrun for api_generation_dag1 to 2026-07-15 12:00:00+00:00, run_after=2026-07-15 13:00:00+00:00
[2026-07-15T13:00:05.250+0000] {processor.py:183} INFO - Processing /opt/airflow/dags/api_generation_dag1.py took 1.497 seconds
[2026-07-15T13:00:35.984+0000] {processor.py:161} INFO - Started process (PID=2115) to work on /opt/airflow/dags/api_generation_dag1.py
[2026-07-15T13:00:35.989+0000] {processor.py:830} INFO - Processing file /opt/airflow/dags/api_generation_dag1.py for tasks to queue
[2026-07-15T13:00:36.051+0000] {logging_mixin.py:188} INFO - [2026-07-15T13:00:36.038+0000] {dagbag.py:540} INFO - Filling up the DagBag from /opt/airflow/dags/api_generation_dag1.py
[2026-07-15T13:00:36.561+0000] {processor.py:840} INFO - DAG(s) 'api_generation_dag1' retrieved from /opt/airflow/dags/api_generation_dag1.py
[2026-07-15T13:00:38.535+0000] {logging_mixin.py:188} INFO - [2026-07-15T13:00:38.522+0000] {dag.py:3096} INFO - Sync 1 DAGs
[2026-07-15T13:00:39.655+0000] {logging_mixin.py:188} INFO - [2026-07-15T13:00:39.583+0000] {dag.py:3954} INFO - Setting next_dagrun for api_generation_dag1 to 2026-07-15 12:00:00+00:00, run_after=2026-07-15 13:00:00+00:00
[2026-07-15T13:00:40.306+0000] {processor.py:183} INFO - Processing /opt/airflow/dags/api_generation_dag1.py took 4.533 seconds
[2026-07-15T13:03:42.808+0000] {processor.py:161} INFO - Started process (PID=2143) to work on /opt/airflow/dags/api_generation_dag1.py
[2026-07-15T13:03:42.939+0000] {processor.py:830} INFO - Processing file /opt/airflow/dags/api_generation_dag1.py for tasks to queue
[2026-07-15T13:03:43.560+0000] {logging_mixin.py:188} INFO - [2026-07-15T13:03:43.391+0000] {dagbag.py:540} INFO - Filling up the DagBag from /opt/airflow/dags/api_generation_dag1.py
[2026-07-15T13:03:47.121+0000] {processor.py:840} INFO - DAG(s) 'api_generation_dag1' retrieved from /opt/airflow/dags/api_generation_dag1.py
[2026-07-15T13:03:50.337+0000] {logging_mixin.py:188} INFO - [2026-07-15T13:03:50.330+0000] {dag.py:3096} INFO - Sync 1 DAGs
[2026-07-15T13:03:51.054+0000] {logging_mixin.py:188} INFO - [2026-07-15T13:03:51.052+0000] {dag.py:3954} INFO - Setting next_dagrun for api_generation_dag1 to 2026-07-15 12:00:00+00:00, run_after=2026-07-15 13:00:00+00:00
[2026-07-15T13:03:51.541+0000] {processor.py:183} INFO - Processing /opt/airflow/dags/api_generation_dag1.py took 10.245 seconds
[2026-07-15T13:04:22.190+0000] {processor.py:161} INFO - Started process (PID=2182) to work on /opt/airflow/dags/api_generation_dag1.py
[2026-07-15T13:04:22.202+0000] {processor.py:830} INFO - Processing file /opt/airflow/dags/api_generation_dag1.py for tasks to queue
[2026-07-15T13:04:22.217+0000] {logging_mixin.py:188} INFO - [2026-07-15T13:04:22.216+0000] {dagbag.py:540} INFO - Filling up the DagBag from /opt/airflow/dags/api_generation_dag1.py
[2026-07-15T13:04:22.305+0000] {processor.py:840} INFO - DAG(s) 'api_generation_dag1' retrieved from /opt/airflow/dags/api_generation_dag1.py
[2026-07-15T13:04:22.480+0000] {logging_mixin.py:188} INFO - [2026-07-15T13:04:22.479+0000] {dag.py:3096} INFO - Sync 1 DAGs
[2026-07-15T13:04:22.667+0000] {logging_mixin.py:188} INFO - [2026-07-15T13:04:22.666+0000] {dag.py:3954} INFO - Setting next_dagrun for api_generation_dag1 to 2026-07-15 12:00:00+00:00, run_after=2026-07-15 13:00:00+00:00
[2026-07-15T13:04:22.773+0000] {processor.py:183} INFO - Processing /opt/airflow/dags/api_generation_dag1.py took 0.615 seconds
[2026-07-15T13:25:22.563+0000] {processor.py:161} INFO - Started process (PID=2216) to work on /opt/airflow/dags/api_generation_dag1.py
[2026-07-15T13:25:22.593+0000] {processor.py:830} INFO - Processing file /opt/airflow/dags/api_generation_dag1.py for tasks to queue
[2026-07-15T13:25:22.612+0000] {logging_mixin.py:188} INFO - [2026-07-15T13:25:22.611+0000] {dagbag.py:540} INFO - Filling up the DagBag from /opt/airflow/dags/api_generation_dag1.py
[2026-07-15T13:25:23.400+0000] {processor.py:840} INFO - DAG(s) 'api_generation_dag1' retrieved from /opt/airflow/dags/api_generation_dag1.py
[2026-07-15T13:25:23.846+0000] {logging_mixin.py:188} INFO - [2026-07-15T13:25:23.845+0000] {dag.py:3096} INFO - Sync 1 DAGs
[2026-07-15T13:25:24.354+0000] {logging_mixin.py:188} INFO - [2026-07-15T13:25:24.353+0000] {dag.py:3954} INFO - Setting next_dagrun for api_generation_dag1 to 2026-07-15 12:00:00+00:00, run_after=2026-07-15 13:00:00+00:00
[2026-07-15T13:25:24.549+0000] {processor.py:183} INFO - Processing /opt/airflow/dags/api_generation_dag1.py took 2.048 seconds
[2026-07-15T13:25:55.687+0000] {processor.py:161} INFO - Started process (PID=2292) to work on /opt/airflow/dags/api_generation_dag1.py
[2026-07-15T13:25:55.696+0000] {processor.py:830} INFO - Processing file /opt/airflow/dags/api_generation_dag1.py for tasks to queue
[2026-07-15T13:25:55.844+0000] {logging_mixin.py:188} INFO - [2026-07-15T13:25:55.839+0000] {dagbag.py:540} INFO - Filling up the DagBag from /opt/airflow/dags/api_generation_dag1.py
[2026-07-15T13:25:56.513+0000] {processor.py:840} INFO - DAG(s) 'api_generation_dag1' retrieved from /opt/airflow/dags/api_generation_dag1.py
[2026-07-15T13:25:57.616+0000] {logging_mixin.py:188} INFO - [2026-07-15T13:25:57.615+0000] {dag.py:3096} INFO - Sync 1 DAGs
[2026-07-15T13:25:58.400+0000] {logging_mixin.py:188} INFO - [2026-07-15T13:25:58.397+0000] {dag.py:3954} INFO - Setting next_dagrun for api_generation_dag1 to 2026-07-15 12:00:00+00:00, run_after=2026-07-15 13:00:00+00:00
[2026-07-15T13:25:58.992+0000] {processor.py:183} INFO - Processing /opt/airflow/dags/api_generation_dag1.py took 3.606 seconds
[2026-07-15T13:26:29.534+0000] {processor.py:161} INFO - Started process (PID=2316) to work on /opt/airflow/dags/api_generation_dag1.py
[2026-07-15T13:26:29.542+0000] {processor.py:830} INFO - Processing file /opt/airflow/dags/api_generation_dag1.py for tasks to queue
[2026-07-15T13:26:29.557+0000] {logging_mixin.py:188} INFO - [2026-07-15T13:26:29.555+0000] {dagbag.py:540} INFO - Filling up the DagBag from /opt/airflow/dags/api_generation_dag1.py
[2026-07-15T13:26:29.739+0000] {processor.py:840} INFO - DAG(s) 'api_generation_dag1' retrieved from /opt/airflow/dags/api_generation_dag1.py
[2026-07-15T13:26:29.968+0000] {logging_mixin.py:188} INFO - [2026-07-15T13:26:29.967+0000] {dag.py:3096} INFO - Sync 1 DAGs
[2026-07-15T13:26:30.129+0000] {logging_mixin.py:188} INFO - [2026-07-15T13:26:30.129+0000] {dag.py:3954} INFO - Setting next_dagrun for api_generation_dag1 to 2026-07-15 12:00:00+00:00, run_after=2026-07-15 13:00:00+00:00
[2026-07-15T13:26:30.441+0000] {processor.py:183} INFO - Processing /opt/airflow/dags/api_generation_dag1.py took 0.937 seconds
[2026-07-15T13:27:01.286+0000] {processor.py:161} INFO - Started process (PID=2341) to work on /opt/airflow/dags/api_generation_dag1.py
[2026-07-15T13:27:01.295+0000] {processor.py:830} INFO - Processing file /opt/airflow/dags/api_generation_dag1.py for tasks to queue
[2026-07-15T13:27:01.308+0000] {logging_mixin.py:188} INFO - [2026-07-15T13:27:01.306+0000] {dagbag.py:540} INFO - Filling up the DagBag from /opt/airflow/dags/api_generation_dag1.py
[2026-07-15T13:27:01.617+0000] {processor.py:840} INFO - DAG(s) 'api_generation_dag1' retrieved from /opt/airflow/dags/api_generation_dag1.py
[2026-07-15T13:27:01.938+0000] {logging_mixin.py:188} INFO - [2026-07-15T13:27:01.938+0000] {dag.py:3096} INFO - Sync 1 DAGs
[2026-07-15T13:27:03.076+0000] {logging_mixin.py:188} INFO - [2026-07-15T13:27:03.075+0000] {dag.py:3954} INFO - Setting next_dagrun for api_generation_dag1 to 2026-07-15 12:00:00+00:00, run_after=2026-07-15 13:00:00+00:00
[2026-07-15T13:27:03.308+0000] {processor.py:183} INFO - Processing /opt/airflow/dags/api_generation_dag1.py took 2.072 seconds
[2026-07-15T13:27:34.085+0000] {processor.py:161} INFO - Started process (PID=2373) to work on /opt/airflow/dags/api_generation_dag1.py
[2026-07-15T13:27:34.097+0000] {processor.py:830} INFO - Processing file /opt/airflow/dags/api_generation_dag1.py for tasks to queue
[2026-07-15T13:27:34.126+0000] {logging_mixin.py:188} INFO - [2026-07-15T13:27:34.125+0000] {dagbag.py:540} INFO - Filling up the DagBag from /opt/airflow/dags/api_generation_dag1.py
[2026-07-15T13:27:34.430+0000] {processor.py:840} INFO - DAG(s) 'api_generation_dag1' retrieved from /opt/airflow/dags/api_generation_dag1.py
[2026-07-15T13:27:34.622+0000] {logging_mixin.py:188} INFO - [2026-07-15T13:27:34.622+0000] {dag.py:3096} INFO - Sync 1 DAGs
[2026-07-15T13:27:34.979+0000] {logging_mixin.py:188} INFO - [2026-07-15T13:27:34.979+0000] {dag.py:3954} INFO - Setting next_dagrun for api_generation_dag1 to 2026-07-15 12:00:00+00:00, run_after=2026-07-15 13:00:00+00:00
[2026-07-15T13:27:35.146+0000] {processor.py:183} INFO - Processing /opt/airflow/dags/api_generation_dag1.py took 1.101 seconds
[2026-07-15T13:28:06.814+0000] {processor.py:161} INFO - Started process (PID=2397) to work on /opt/airflow/dags/api_generation_dag1.py
[2026-07-15T13:28:06.905+0000] {processor.py:830} INFO - Processing file /opt/airflow/dags/api_generation_dag1.py for tasks to queue
[2026-07-15T13:28:07.211+0000] {logging_mixin.py:188} INFO - [2026-07-15T13:28:06.992+0000] {dagbag.py:540} INFO - Filling up the DagBag from /opt/airflow/dags/api_generation_dag1.py
[2026-07-15T13:28:10.447+0000] {processor.py:840} INFO - DAG(s) 'api_generation_dag1' retrieved from /opt/airflow/dags/api_generation_dag1.py
[2026-07-15T13:28:47.641+0000] {processor.py:186} ERROR - Got an exception! Propagating...
Traceback (most recent call last):
  File "/home/airflow/.local/lib/python3.12/site-packages/sqlalchemy/engine/base.py", line 3371, in _wrap_pool_connect
    return fn()
           ^^^^
  File "/home/airflow/.local/lib/python3.12/site-packages/sqlalchemy/pool/base.py", line 327, in connect
    return _ConnectionFairy._checkout(self)
           ^^^^^^^^^^^^^^^^^^^^^^^^^^^^^^^^
  File "/home/airflow/.local/lib/python3.12/site-packages/sqlalchemy/pool/base.py", line 894, in _checkout
    fairy = _ConnectionRecord.checkout(pool)
            ^^^^^^^^^^^^^^^^^^^^^^^^^^^^^^^^
  File "/home/airflow/.local/lib/python3.12/site-packages/sqlalchemy/pool/base.py", line 493, in checkout
    rec = pool._do_get()
          ^^^^^^^^^^^^^^
  File "/home/airflow/.local/lib/python3.12/site-packages/sqlalchemy/pool/impl.py", line 145, in _do_get
    with util.safe_reraise():
  File "/home/airflow/.local/lib/python3.12/site-packages/sqlalchemy/util/langhelpers.py", line 70, in __exit__
    compat.raise_(
  File "/home/airflow/.local/lib/python3.12/site-packages/sqlalchemy/util/compat.py", line 211, in raise_
    raise exception
  File "/home/airflow/.local/lib/python3.12/site-packages/sqlalchemy/pool/impl.py", line 143, in _do_get
    return self._create_connection()
           ^^^^^^^^^^^^^^^^^^^^^^^^^
  File "/home/airflow/.local/lib/python3.12/site-packages/sqlalchemy/pool/base.py", line 273, in _create_connection
    return _ConnectionRecord(self)
           ^^^^^^^^^^^^^^^^^^^^^^^
  File "/home/airflow/.local/lib/python3.12/site-packages/sqlalchemy/pool/base.py", line 388, in __init__
    self.__connect()
  File "/home/airflow/.local/lib/python3.12/site-packages/sqlalchemy/pool/base.py", line 690, in __connect
    with util.safe_reraise():
  File "/home/airflow/.local/lib/python3.12/site-packages/sqlalchemy/util/langhelpers.py", line 70, in __exit__
    compat.raise_(
  File "/home/airflow/.local/lib/python3.12/site-packages/sqlalchemy/util/compat.py", line 211, in raise_
    raise exception
  File "/home/airflow/.local/lib/python3.12/site-packages/sqlalchemy/pool/base.py", line 686, in __connect
    self.dbapi_connection = connection = pool._invoke_creator(self)
                                         ^^^^^^^^^^^^^^^^^^^^^^^^^^
  File "/home/airflow/.local/lib/python3.12/site-packages/sqlalchemy/engine/create.py", line 574, in connect
    return dialect.connect(*cargs, **cparams)
           ^^^^^^^^^^^^^^^^^^^^^^^^^^^^^^^^^^
  File "/home/airflow/.local/lib/python3.12/site-packages/sqlalchemy/engine/default.py", line 598, in connect
    return self.dbapi.connect(*cargs, **cparams)
           ^^^^^^^^^^^^^^^^^^^^^^^^^^^^^^^^^^^^^
  File "/home/airflow/.local/lib/python3.12/site-packages/psycopg2/__init__.py", line 122, in connect
    conn = _connect(dsn, connection_factory=connection_factory, **kwasync)
           ^^^^^^^^^^^^^^^^^^^^^^^^^^^^^^^^^^^^^^^^^^^^^^^^^^^^^^^^^^^^^^^
psycopg2.OperationalError: could not translate host name "postgres" to address: Temporary failure in name resolution


The above exception was the direct cause of the following exception:

Traceback (most recent call last):
  File "/home/airflow/.local/lib/python3.12/site-packages/airflow/dag_processing/processor.py", line 182, in _run_file_processor
    _handle_dag_file_processing()
  File "/home/airflow/.local/lib/python3.12/site-packages/airflow/dag_processing/processor.py", line 163, in _handle_dag_file_processing
    result: tuple[int, int] = dag_file_processor.process_file(
                              ^^^^^^^^^^^^^^^^^^^^^^^^^^^^^^^^
  File "/home/airflow/.local/lib/python3.12/site-packages/airflow/utils/session.py", line 79, in wrapper
    return func(*args, session=session, **kwargs)
           ^^^^^^^^^^^^^^^^^^^^^^^^^^^^^^^^^^^^^^
  File "/home/airflow/.local/lib/python3.12/site-packages/airflow/dag_processing/processor.py", line 859, in process_file
    serialize_errors = DagFileProcessor.save_dag_to_db(
                       ^^^^^^^^^^^^^^^^^^^^^^^^^^^^^^^^
  File "/home/airflow/.local/lib/python3.12/site-packages/airflow/api_internal/internal_api_call.py", line 115, in wrapper
    return func(*args, **kwargs)
           ^^^^^^^^^^^^^^^^^^^^^
  File "/home/airflow/.local/lib/python3.12/site-packages/airflow/utils/session.py", line 79, in wrapper
    return func(*args, session=session, **kwargs)
           ^^^^^^^^^^^^^^^^^^^^^^^^^^^^^^^^^^^^^^
  File "/home/airflow/.local/lib/python3.12/site-packages/airflow/dag_processing/processor.py", line 895, in save_dag_to_db
    import_errors = DagBag._sync_to_db(dags=dags, processor_subdir=dag_directory, session=session)
                    ^^^^^^^^^^^^^^^^^^^^^^^^^^^^^^^^^^^^^^^^^^^^^^^^^^^^^^^^^^^^^^^^^^^^^^^^^^^^^^
  File "/home/airflow/.local/lib/python3.12/site-packages/airflow/utils/session.py", line 76, in wrapper
    return func(*args, **kwargs)
           ^^^^^^^^^^^^^^^^^^^^^
  File "/home/airflow/.local/lib/python3.12/site-packages/airflow/models/dagbag.py", line 659, in _sync_to_db
    for attempt in run_with_db_retries(logger=log):
  File "/home/airflow/.local/lib/python3.12/site-packages/tenacity/__init__.py", line 347, in __iter__
    do = self.iter(retry_state=retry_state)
         ^^^^^^^^^^^^^^^^^^^^^^^^^^^^^^^^^^
  File "/home/airflow/.local/lib/python3.12/site-packages/tenacity/__init__.py", line 325, in iter
    raise retry_exc.reraise()
          ^^^^^^^^^^^^^^^^^^^
  File "/home/airflow/.local/lib/python3.12/site-packages/tenacity/__init__.py", line 158, in reraise
    raise self.last_attempt.result()
          ^^^^^^^^^^^^^^^^^^^^^^^^^^
  File "/usr/local/lib/python3.12/concurrent/futures/_base.py", line 449, in result
    return self.__get_result()
           ^^^^^^^^^^^^^^^^^^^
  File "/usr/local/lib/python3.12/concurrent/futures/_base.py", line 401, in __get_result
    raise self._exception
  File "/home/airflow/.local/lib/python3.12/site-packages/airflow/models/dagbag.py", line 672, in _sync_to_db
    _serialize_dag_capturing_errors(dag, session, processor_subdir)
  File "/home/airflow/.local/lib/python3.12/site-packages/airflow/models/dagbag.py", line 637, in _serialize_dag_capturing_errors
    dag_was_updated = SerializedDagModel.write_dag(
                      ^^^^^^^^^^^^^^^^^^^^^^^^^^^^^
  File "/home/airflow/.local/lib/python3.12/site-packages/airflow/utils/session.py", line 76, in wrapper
    return func(*args, **kwargs)
           ^^^^^^^^^^^^^^^^^^^^^
  File "/home/airflow/.local/lib/python3.12/site-packages/airflow/models/serialized_dag.py", line 158, in write_dag
    if session.scalar(
       ^^^^^^^^^^^^^^^
  File "/home/airflow/.local/lib/python3.12/site-packages/sqlalchemy/orm/session.py", line 1747, in scalar
    return self.execute(
           ^^^^^^^^^^^^^
  File "/home/airflow/.local/lib/python3.12/site-packages/sqlalchemy/orm/session.py", line 1716, in execute
    conn = self._connection_for_bind(bind)
           ^^^^^^^^^^^^^^^^^^^^^^^^^^^^^^^
  File "/home/airflow/.local/lib/python3.12/site-packages/sqlalchemy/orm/session.py", line 1555, in _connection_for_bind
    return self._transaction._connection_for_bind(
           ^^^^^^^^^^^^^^^^^^^^^^^^^^^^^^^^^^^^^^^
  File "/home/airflow/.local/lib/python3.12/site-packages/sqlalchemy/orm/session.py", line 750, in _connection_for_bind
    conn = bind.connect()
           ^^^^^^^^^^^^^^
  File "/home/airflow/.local/lib/python3.12/site-packages/sqlalchemy/future/engine.py", line 412, in connect
    return super(Engine, self).connect()
           ^^^^^^^^^^^^^^^^^^^^^^^^^^^^^
  File "/home/airflow/.local/lib/python3.12/site-packages/sqlalchemy/engine/base.py", line 3325, in connect
    return self._connection_cls(self, close_with_result=close_with_result)
           ^^^^^^^^^^^^^^^^^^^^^^^^^^^^^^^^^^^^^^^^^^^^^^^^^^^^^^^^^^^^^^^
  File "/home/airflow/.local/lib/python3.12/site-packages/sqlalchemy/engine/base.py", line 96, in __init__
    else engine.raw_connection()
         ^^^^^^^^^^^^^^^^^^^^^^^
  File "/home/airflow/.local/lib/python3.12/site-packages/sqlalchemy/engine/base.py", line 3404, in raw_connection
    return self._wrap_pool_connect(self.pool.connect, _connection)
           ^^^^^^^^^^^^^^^^^^^^^^^^^^^^^^^^^^^^^^^^^^^^^^^^^^^^^^^
  File "/home/airflow/.local/lib/python3.12/site-packages/sqlalchemy/engine/base.py", line 3374, in _wrap_pool_connect
    Connection._handle_dbapi_exception_noconnection(
  File "/home/airflow/.local/lib/python3.12/site-packages/sqlalchemy/engine/base.py", line 2208, in _handle_dbapi_exception_noconnection
    util.raise_(
  File "/home/airflow/.local/lib/python3.12/site-packages/sqlalchemy/util/compat.py", line 211, in raise_
    raise exception
  File "/home/airflow/.local/lib/python3.12/site-packages/sqlalchemy/engine/base.py", line 3371, in _wrap_pool_connect
    return fn()
           ^^^^
  File "/home/airflow/.local/lib/python3.12/site-packages/sqlalchemy/pool/base.py", line 327, in connect
    return _ConnectionFairy._checkout(self)
           ^^^^^^^^^^^^^^^^^^^^^^^^^^^^^^^^
  File "/home/airflow/.local/lib/python3.12/site-packages/sqlalchemy/pool/base.py", line 894, in _checkout
    fairy = _ConnectionRecord.checkout(pool)
            ^^^^^^^^^^^^^^^^^^^^^^^^^^^^^^^^
  File "/home/airflow/.local/lib/python3.12/site-packages/sqlalchemy/pool/base.py", line 493, in checkout
    rec = pool._do_get()
          ^^^^^^^^^^^^^^
  File "/home/airflow/.local/lib/python3.12/site-packages/sqlalchemy/pool/impl.py", line 145, in _do_get
    with util.safe_reraise():
  File "/home/airflow/.local/lib/python3.12/site-packages/sqlalchemy/util/langhelpers.py", line 70, in __exit__
    compat.raise_(
  File "/home/airflow/.local/lib/python3.12/site-packages/sqlalchemy/util/compat.py", line 211, in raise_
    raise exception
  File "/home/airflow/.local/lib/python3.12/site-packages/sqlalchemy/pool/impl.py", line 143, in _do_get
    return self._create_connection()
           ^^^^^^^^^^^^^^^^^^^^^^^^^
  File "/home/airflow/.local/lib/python3.12/site-packages/sqlalchemy/pool/base.py", line 273, in _create_connection
    return _ConnectionRecord(self)
           ^^^^^^^^^^^^^^^^^^^^^^^
  File "/home/airflow/.local/lib/python3.12/site-packages/sqlalchemy/pool/base.py", line 388, in __init__
    self.__connect()
  File "/home/airflow/.local/lib/python3.12/site-packages/sqlalchemy/pool/base.py", line 690, in __connect
    with util.safe_reraise():
  File "/home/airflow/.local/lib/python3.12/site-packages/sqlalchemy/util/langhelpers.py", line 70, in __exit__
    compat.raise_(
  File "/home/airflow/.local/lib/python3.12/site-packages/sqlalchemy/util/compat.py", line 211, in raise_
    raise exception
  File "/home/airflow/.local/lib/python3.12/site-packages/sqlalchemy/pool/base.py", line 686, in __connect
    self.dbapi_connection = connection = pool._invoke_creator(self)
                                         ^^^^^^^^^^^^^^^^^^^^^^^^^^
  File "/home/airflow/.local/lib/python3.12/site-packages/sqlalchemy/engine/create.py", line 574, in connect
    return dialect.connect(*cargs, **cparams)
           ^^^^^^^^^^^^^^^^^^^^^^^^^^^^^^^^^^
  File "/home/airflow/.local/lib/python3.12/site-packages/sqlalchemy/engine/default.py", line 598, in connect
    return self.dbapi.connect(*cargs, **cparams)
           ^^^^^^^^^^^^^^^^^^^^^^^^^^^^^^^^^^^^^
  File "/home/airflow/.local/lib/python3.12/site-packages/psycopg2/__init__.py", line 122, in connect
    conn = _connect(dsn, connection_factory=connection_factory, **kwasync)
           ^^^^^^^^^^^^^^^^^^^^^^^^^^^^^^^^^^^^^^^^^^^^^^^^^^^^^^^^^^^^^^^
sqlalchemy.exc.OperationalError: (psycopg2.OperationalError) could not translate host name "postgres" to address: Temporary failure in name resolution

(Background on this error at: https://sqlalche.me/e/14/e3q8)
[2026-07-15T13:33:02.296+0000] {processor.py:161} INFO - Started process (PID=2423) to work on /opt/airflow/dags/api_generation_dag1.py
[2026-07-15T13:33:02.300+0000] {processor.py:830} INFO - Processing file /opt/airflow/dags/api_generation_dag1.py for tasks to queue
[2026-07-15T13:33:02.304+0000] {logging_mixin.py:188} INFO - [2026-07-15T13:33:02.303+0000] {dagbag.py:540} INFO - Filling up the DagBag from /opt/airflow/dags/api_generation_dag1.py
[2026-07-15T13:33:02.366+0000] {processor.py:840} INFO - DAG(s) 'api_generation_dag1' retrieved from /opt/airflow/dags/api_generation_dag1.py
[2026-07-15T13:33:02.852+0000] {logging_mixin.py:188} INFO - [2026-07-15T13:33:02.849+0000] {dag.py:3096} INFO - Sync 1 DAGs
[2026-07-15T13:33:02.915+0000] {logging_mixin.py:188} INFO - [2026-07-15T13:33:02.914+0000] {dag.py:3954} INFO - Setting next_dagrun for api_generation_dag1 to 2026-07-15 12:00:00+00:00, run_after=2026-07-15 13:00:00+00:00
[2026-07-15T13:33:02.981+0000] {processor.py:183} INFO - Processing /opt/airflow/dags/api_generation_dag1.py took 0.726 seconds
[2026-07-15T13:33:33.844+0000] {processor.py:161} INFO - Started process (PID=2448) to work on /opt/airflow/dags/api_generation_dag1.py
[2026-07-15T13:33:33.847+0000] {processor.py:830} INFO - Processing file /opt/airflow/dags/api_generation_dag1.py for tasks to queue
[2026-07-15T13:33:33.849+0000] {logging_mixin.py:188} INFO - [2026-07-15T13:33:33.848+0000] {dagbag.py:540} INFO - Filling up the DagBag from /opt/airflow/dags/api_generation_dag1.py
[2026-07-15T13:33:33.881+0000] {processor.py:840} INFO - DAG(s) 'api_generation_dag1' retrieved from /opt/airflow/dags/api_generation_dag1.py
[2026-07-15T13:33:33.903+0000] {logging_mixin.py:188} INFO - [2026-07-15T13:33:33.903+0000] {dag.py:3096} INFO - Sync 1 DAGs
[2026-07-15T13:33:33.949+0000] {logging_mixin.py:188} INFO - [2026-07-15T13:33:33.949+0000] {dag.py:3954} INFO - Setting next_dagrun for api_generation_dag1 to 2026-07-15 12:00:00+00:00, run_after=2026-07-15 13:00:00+00:00
[2026-07-15T13:33:33.982+0000] {processor.py:183} INFO - Processing /opt/airflow/dags/api_generation_dag1.py took 0.153 seconds
[2026-07-15T13:34:04.335+0000] {processor.py:161} INFO - Started process (PID=2473) to work on /opt/airflow/dags/api_generation_dag1.py
[2026-07-15T13:34:04.337+0000] {processor.py:830} INFO - Processing file /opt/airflow/dags/api_generation_dag1.py for tasks to queue
[2026-07-15T13:34:04.341+0000] {logging_mixin.py:188} INFO - [2026-07-15T13:34:04.340+0000] {dagbag.py:540} INFO - Filling up the DagBag from /opt/airflow/dags/api_generation_dag1.py
[2026-07-15T13:34:04.377+0000] {processor.py:840} INFO - DAG(s) 'api_generation_dag1' retrieved from /opt/airflow/dags/api_generation_dag1.py
[2026-07-15T13:34:04.559+0000] {logging_mixin.py:188} INFO - [2026-07-15T13:34:04.558+0000] {dag.py:3096} INFO - Sync 1 DAGs
[2026-07-15T13:34:04.594+0000] {logging_mixin.py:188} INFO - [2026-07-15T13:34:04.594+0000] {dag.py:3954} INFO - Setting next_dagrun for api_generation_dag1 to 2026-07-15 12:00:00+00:00, run_after=2026-07-15 13:00:00+00:00
[2026-07-15T13:34:04.627+0000] {processor.py:183} INFO - Processing /opt/airflow/dags/api_generation_dag1.py took 0.310 seconds
[2026-07-15T13:34:34.905+0000] {processor.py:161} INFO - Started process (PID=2498) to work on /opt/airflow/dags/api_generation_dag1.py
[2026-07-15T13:34:34.907+0000] {processor.py:830} INFO - Processing file /opt/airflow/dags/api_generation_dag1.py for tasks to queue
[2026-07-15T13:34:34.911+0000] {logging_mixin.py:188} INFO - [2026-07-15T13:34:34.909+0000] {dagbag.py:540} INFO - Filling up the DagBag from /opt/airflow/dags/api_generation_dag1.py
[2026-07-15T13:34:34.960+0000] {processor.py:840} INFO - DAG(s) 'api_generation_dag1' retrieved from /opt/airflow/dags/api_generation_dag1.py
[2026-07-15T13:34:35.019+0000] {logging_mixin.py:188} INFO - [2026-07-15T13:34:35.018+0000] {dag.py:3096} INFO - Sync 1 DAGs
[2026-07-15T13:34:35.072+0000] {logging_mixin.py:188} INFO - [2026-07-15T13:34:35.072+0000] {dag.py:3954} INFO - Setting next_dagrun for api_generation_dag1 to 2026-07-15 12:00:00+00:00, run_after=2026-07-15 13:00:00+00:00
[2026-07-15T13:34:35.126+0000] {processor.py:183} INFO - Processing /opt/airflow/dags/api_generation_dag1.py took 0.237 seconds
[2026-07-15T13:35:05.274+0000] {processor.py:161} INFO - Started process (PID=2523) to work on /opt/airflow/dags/api_generation_dag1.py
[2026-07-15T13:35:05.277+0000] {processor.py:830} INFO - Processing file /opt/airflow/dags/api_generation_dag1.py for tasks to queue
[2026-07-15T13:35:05.280+0000] {logging_mixin.py:188} INFO - [2026-07-15T13:35:05.279+0000] {dagbag.py:540} INFO - Filling up the DagBag from /opt/airflow/dags/api_generation_dag1.py
[2026-07-15T13:35:05.329+0000] {processor.py:840} INFO - DAG(s) 'api_generation_dag1' retrieved from /opt/airflow/dags/api_generation_dag1.py
[2026-07-15T13:35:05.360+0000] {logging_mixin.py:188} INFO - [2026-07-15T13:35:05.359+0000] {dag.py:3096} INFO - Sync 1 DAGs
[2026-07-15T13:35:05.426+0000] {logging_mixin.py:188} INFO - [2026-07-15T13:35:05.426+0000] {dag.py:3954} INFO - Setting next_dagrun for api_generation_dag1 to 2026-07-15 12:00:00+00:00, run_after=2026-07-15 13:00:00+00:00
[2026-07-15T13:35:05.482+0000] {processor.py:183} INFO - Processing /opt/airflow/dags/api_generation_dag1.py took 0.223 seconds
[2026-07-15T13:35:35.851+0000] {processor.py:161} INFO - Started process (PID=2548) to work on /opt/airflow/dags/api_generation_dag1.py
[2026-07-15T13:35:35.853+0000] {processor.py:830} INFO - Processing file /opt/airflow/dags/api_generation_dag1.py for tasks to queue
[2026-07-15T13:35:35.856+0000] {logging_mixin.py:188} INFO - [2026-07-15T13:35:35.856+0000] {dagbag.py:540} INFO - Filling up the DagBag from /opt/airflow/dags/api_generation_dag1.py
[2026-07-15T13:35:35.891+0000] {processor.py:840} INFO - DAG(s) 'api_generation_dag1' retrieved from /opt/airflow/dags/api_generation_dag1.py
[2026-07-15T13:35:36.064+0000] {logging_mixin.py:188} INFO - [2026-07-15T13:35:36.064+0000] {dag.py:3096} INFO - Sync 1 DAGs
[2026-07-15T13:35:36.098+0000] {logging_mixin.py:188} INFO - [2026-07-15T13:35:36.098+0000] {dag.py:3954} INFO - Setting next_dagrun for api_generation_dag1 to 2026-07-15 12:00:00+00:00, run_after=2026-07-15 13:00:00+00:00
[2026-07-15T13:35:36.132+0000] {processor.py:183} INFO - Processing /opt/airflow/dags/api_generation_dag1.py took 0.292 seconds
[2026-07-15T13:36:06.316+0000] {processor.py:161} INFO - Started process (PID=2573) to work on /opt/airflow/dags/api_generation_dag1.py
[2026-07-15T13:36:06.318+0000] {processor.py:830} INFO - Processing file /opt/airflow/dags/api_generation_dag1.py for tasks to queue
[2026-07-15T13:36:06.320+0000] {logging_mixin.py:188} INFO - [2026-07-15T13:36:06.319+0000] {dagbag.py:540} INFO - Filling up the DagBag from /opt/airflow/dags/api_generation_dag1.py
[2026-07-15T13:36:06.356+0000] {processor.py:840} INFO - DAG(s) 'api_generation_dag1' retrieved from /opt/airflow/dags/api_generation_dag1.py
[2026-07-15T13:36:06.402+0000] {logging_mixin.py:188} INFO - [2026-07-15T13:36:06.401+0000] {dag.py:3096} INFO - Sync 1 DAGs
[2026-07-15T13:36:06.446+0000] {logging_mixin.py:188} INFO - [2026-07-15T13:36:06.446+0000] {dag.py:3954} INFO - Setting next_dagrun for api_generation_dag1 to 2026-07-15 12:00:00+00:00, run_after=2026-07-15 13:00:00+00:00
[2026-07-15T13:36:06.481+0000] {processor.py:183} INFO - Processing /opt/airflow/dags/api_generation_dag1.py took 0.176 seconds
[2026-07-15T13:36:36.743+0000] {processor.py:161} INFO - Started process (PID=2598) to work on /opt/airflow/dags/api_generation_dag1.py
[2026-07-15T13:36:36.746+0000] {processor.py:830} INFO - Processing file /opt/airflow/dags/api_generation_dag1.py for tasks to queue
[2026-07-15T13:36:36.749+0000] {logging_mixin.py:188} INFO - [2026-07-15T13:36:36.748+0000] {dagbag.py:540} INFO - Filling up the DagBag from /opt/airflow/dags/api_generation_dag1.py
[2026-07-15T13:36:36.783+0000] {processor.py:840} INFO - DAG(s) 'api_generation_dag1' retrieved from /opt/airflow/dags/api_generation_dag1.py
[2026-07-15T13:36:36.835+0000] {logging_mixin.py:188} INFO - [2026-07-15T13:36:36.834+0000] {dag.py:3096} INFO - Sync 1 DAGs
[2026-07-15T13:36:36.877+0000] {logging_mixin.py:188} INFO - [2026-07-15T13:36:36.877+0000] {dag.py:3954} INFO - Setting next_dagrun for api_generation_dag1 to 2026-07-15 12:00:00+00:00, run_after=2026-07-15 13:00:00+00:00
[2026-07-15T13:36:36.912+0000] {processor.py:183} INFO - Processing /opt/airflow/dags/api_generation_dag1.py took 0.185 seconds
[2026-07-15T13:37:07.045+0000] {processor.py:161} INFO - Started process (PID=2623) to work on /opt/airflow/dags/api_generation_dag1.py
[2026-07-15T13:37:07.048+0000] {processor.py:830} INFO - Processing file /opt/airflow/dags/api_generation_dag1.py for tasks to queue
[2026-07-15T13:37:07.050+0000] {logging_mixin.py:188} INFO - [2026-07-15T13:37:07.050+0000] {dagbag.py:540} INFO - Filling up the DagBag from /opt/airflow/dags/api_generation_dag1.py
[2026-07-15T13:37:07.086+0000] {processor.py:840} INFO - DAG(s) 'api_generation_dag1' retrieved from /opt/airflow/dags/api_generation_dag1.py
[2026-07-15T13:37:07.135+0000] {logging_mixin.py:188} INFO - [2026-07-15T13:37:07.135+0000] {dag.py:3096} INFO - Sync 1 DAGs
[2026-07-15T13:37:07.206+0000] {logging_mixin.py:188} INFO - [2026-07-15T13:37:07.205+0000] {dag.py:3954} INFO - Setting next_dagrun for api_generation_dag1 to 2026-07-15 12:00:00+00:00, run_after=2026-07-15 13:00:00+00:00
[2026-07-15T13:37:07.252+0000] {processor.py:183} INFO - Processing /opt/airflow/dags/api_generation_dag1.py took 0.220 seconds
[2026-07-15T13:37:37.466+0000] {processor.py:161} INFO - Started process (PID=2648) to work on /opt/airflow/dags/api_generation_dag1.py
[2026-07-15T13:37:37.470+0000] {processor.py:830} INFO - Processing file /opt/airflow/dags/api_generation_dag1.py for tasks to queue
[2026-07-15T13:37:37.475+0000] {logging_mixin.py:188} INFO - [2026-07-15T13:37:37.473+0000] {dagbag.py:540} INFO - Filling up the DagBag from /opt/airflow/dags/api_generation_dag1.py
[2026-07-15T13:37:37.522+0000] {processor.py:840} INFO - DAG(s) 'api_generation_dag1' retrieved from /opt/airflow/dags/api_generation_dag1.py
[2026-07-15T13:37:37.565+0000] {logging_mixin.py:188} INFO - [2026-07-15T13:37:37.565+0000] {dag.py:3096} INFO - Sync 1 DAGs
[2026-07-15T13:37:37.606+0000] {logging_mixin.py:188} INFO - [2026-07-15T13:37:37.605+0000] {dag.py:3954} INFO - Setting next_dagrun for api_generation_dag1 to 2026-07-15 12:00:00+00:00, run_after=2026-07-15 13:00:00+00:00
[2026-07-15T13:37:37.636+0000] {processor.py:183} INFO - Processing /opt/airflow/dags/api_generation_dag1.py took 0.187 seconds
[2026-07-15T13:38:07.787+0000] {processor.py:161} INFO - Started process (PID=2673) to work on /opt/airflow/dags/api_generation_dag1.py
[2026-07-15T13:38:07.790+0000] {processor.py:830} INFO - Processing file /opt/airflow/dags/api_generation_dag1.py for tasks to queue
[2026-07-15T13:38:07.793+0000] {logging_mixin.py:188} INFO - [2026-07-15T13:38:07.791+0000] {dagbag.py:540} INFO - Filling up the DagBag from /opt/airflow/dags/api_generation_dag1.py
[2026-07-15T13:38:07.829+0000] {processor.py:840} INFO - DAG(s) 'api_generation_dag1' retrieved from /opt/airflow/dags/api_generation_dag1.py
[2026-07-15T13:38:07.878+0000] {logging_mixin.py:188} INFO - [2026-07-15T13:38:07.878+0000] {dag.py:3096} INFO - Sync 1 DAGs
[2026-07-15T13:38:07.921+0000] {logging_mixin.py:188} INFO - [2026-07-15T13:38:07.921+0000] {dag.py:3954} INFO - Setting next_dagrun for api_generation_dag1 to 2026-07-15 12:00:00+00:00, run_after=2026-07-15 13:00:00+00:00
[2026-07-15T13:38:07.971+0000] {processor.py:183} INFO - Processing /opt/airflow/dags/api_generation_dag1.py took 0.199 seconds
[2026-07-15T13:38:38.238+0000] {processor.py:161} INFO - Started process (PID=2698) to work on /opt/airflow/dags/api_generation_dag1.py
[2026-07-15T13:38:38.240+0000] {processor.py:830} INFO - Processing file /opt/airflow/dags/api_generation_dag1.py for tasks to queue
[2026-07-15T13:38:38.243+0000] {logging_mixin.py:188} INFO - [2026-07-15T13:38:38.242+0000] {dagbag.py:540} INFO - Filling up the DagBag from /opt/airflow/dags/api_generation_dag1.py
[2026-07-15T13:38:38.288+0000] {processor.py:840} INFO - DAG(s) 'api_generation_dag1' retrieved from /opt/airflow/dags/api_generation_dag1.py
[2026-07-15T13:38:38.331+0000] {logging_mixin.py:188} INFO - [2026-07-15T13:38:38.330+0000] {dag.py:3096} INFO - Sync 1 DAGs
[2026-07-15T13:38:38.374+0000] {logging_mixin.py:188} INFO - [2026-07-15T13:38:38.373+0000] {dag.py:3954} INFO - Setting next_dagrun for api_generation_dag1 to 2026-07-15 12:00:00+00:00, run_after=2026-07-15 13:00:00+00:00
[2026-07-15T13:38:38.404+0000] {processor.py:183} INFO - Processing /opt/airflow/dags/api_generation_dag1.py took 0.183 seconds
[2026-07-15T13:39:08.552+0000] {processor.py:161} INFO - Started process (PID=2723) to work on /opt/airflow/dags/api_generation_dag1.py
[2026-07-15T13:39:08.555+0000] {processor.py:830} INFO - Processing file /opt/airflow/dags/api_generation_dag1.py for tasks to queue
[2026-07-15T13:39:08.558+0000] {logging_mixin.py:188} INFO - [2026-07-15T13:39:08.557+0000] {dagbag.py:540} INFO - Filling up the DagBag from /opt/airflow/dags/api_generation_dag1.py
[2026-07-15T13:39:08.594+0000] {processor.py:840} INFO - DAG(s) 'api_generation_dag1' retrieved from /opt/airflow/dags/api_generation_dag1.py
[2026-07-15T13:39:08.640+0000] {logging_mixin.py:188} INFO - [2026-07-15T13:39:08.639+0000] {dag.py:3096} INFO - Sync 1 DAGs
[2026-07-15T13:39:08.682+0000] {logging_mixin.py:188} INFO - [2026-07-15T13:39:08.682+0000] {dag.py:3954} INFO - Setting next_dagrun for api_generation_dag1 to 2026-07-15 12:00:00+00:00, run_after=2026-07-15 13:00:00+00:00
[2026-07-15T13:39:08.714+0000] {processor.py:183} INFO - Processing /opt/airflow/dags/api_generation_dag1.py took 0.174 seconds
[2026-07-15T13:39:38.911+0000] {processor.py:161} INFO - Started process (PID=2748) to work on /opt/airflow/dags/api_generation_dag1.py
[2026-07-15T13:39:38.913+0000] {processor.py:830} INFO - Processing file /opt/airflow/dags/api_generation_dag1.py for tasks to queue
[2026-07-15T13:39:38.916+0000] {logging_mixin.py:188} INFO - [2026-07-15T13:39:38.915+0000] {dagbag.py:540} INFO - Filling up the DagBag from /opt/airflow/dags/api_generation_dag1.py
[2026-07-15T13:39:38.952+0000] {processor.py:840} INFO - DAG(s) 'api_generation_dag1' retrieved from /opt/airflow/dags/api_generation_dag1.py
[2026-07-15T13:39:39.006+0000] {logging_mixin.py:188} INFO - [2026-07-15T13:39:39.006+0000] {dag.py:3096} INFO - Sync 1 DAGs
[2026-07-15T13:39:39.049+0000] {logging_mixin.py:188} INFO - [2026-07-15T13:39:39.048+0000] {dag.py:3954} INFO - Setting next_dagrun for api_generation_dag1 to 2026-07-15 12:00:00+00:00, run_after=2026-07-15 13:00:00+00:00
[2026-07-15T13:39:39.081+0000] {processor.py:183} INFO - Processing /opt/airflow/dags/api_generation_dag1.py took 0.180 seconds
[2026-07-15T13:40:09.352+0000] {processor.py:161} INFO - Started process (PID=2773) to work on /opt/airflow/dags/api_generation_dag1.py
[2026-07-15T13:40:09.356+0000] {processor.py:830} INFO - Processing file /opt/airflow/dags/api_generation_dag1.py for tasks to queue
[2026-07-15T13:40:09.359+0000] {logging_mixin.py:188} INFO - [2026-07-15T13:40:09.358+0000] {dagbag.py:540} INFO - Filling up the DagBag from /opt/airflow/dags/api_generation_dag1.py
[2026-07-15T13:40:09.402+0000] {processor.py:840} INFO - DAG(s) 'api_generation_dag1' retrieved from /opt/airflow/dags/api_generation_dag1.py
[2026-07-15T13:40:09.464+0000] {logging_mixin.py:188} INFO - [2026-07-15T13:40:09.464+0000] {dag.py:3096} INFO - Sync 1 DAGs
[2026-07-15T13:40:09.513+0000] {logging_mixin.py:188} INFO - [2026-07-15T13:40:09.513+0000] {dag.py:3954} INFO - Setting next_dagrun for api_generation_dag1 to 2026-07-15 12:00:00+00:00, run_after=2026-07-15 13:00:00+00:00
[2026-07-15T13:40:09.550+0000] {processor.py:183} INFO - Processing /opt/airflow/dags/api_generation_dag1.py took 0.213 seconds
[2026-07-15T13:40:39.965+0000] {processor.py:161} INFO - Started process (PID=2798) to work on /opt/airflow/dags/api_generation_dag1.py
[2026-07-15T13:40:39.967+0000] {processor.py:830} INFO - Processing file /opt/airflow/dags/api_generation_dag1.py for tasks to queue
[2026-07-15T13:40:39.969+0000] {logging_mixin.py:188} INFO - [2026-07-15T13:40:39.969+0000] {dagbag.py:540} INFO - Filling up the DagBag from /opt/airflow/dags/api_generation_dag1.py
[2026-07-15T13:40:40.022+0000] {processor.py:840} INFO - DAG(s) 'api_generation_dag1' retrieved from /opt/airflow/dags/api_generation_dag1.py
[2026-07-15T13:40:40.100+0000] {logging_mixin.py:188} INFO - [2026-07-15T13:40:40.100+0000] {dag.py:3096} INFO - Sync 1 DAGs
[2026-07-15T13:40:40.177+0000] {logging_mixin.py:188} INFO - [2026-07-15T13:40:40.176+0000] {dag.py:3954} INFO - Setting next_dagrun for api_generation_dag1 to 2026-07-15 12:00:00+00:00, run_after=2026-07-15 13:00:00+00:00
[2026-07-15T13:40:40.241+0000] {processor.py:183} INFO - Processing /opt/airflow/dags/api_generation_dag1.py took 0.292 seconds
[2026-07-15T13:41:10.567+0000] {processor.py:161} INFO - Started process (PID=2825) to work on /opt/airflow/dags/api_generation_dag1.py
[2026-07-15T13:41:10.572+0000] {processor.py:830} INFO - Processing file /opt/airflow/dags/api_generation_dag1.py for tasks to queue
[2026-07-15T13:41:10.575+0000] {logging_mixin.py:188} INFO - [2026-07-15T13:41:10.574+0000] {dagbag.py:540} INFO - Filling up the DagBag from /opt/airflow/dags/api_generation_dag1.py
[2026-07-15T13:41:10.625+0000] {processor.py:840} INFO - DAG(s) 'api_generation_dag1' retrieved from /opt/airflow/dags/api_generation_dag1.py
[2026-07-15T13:41:10.713+0000] {logging_mixin.py:188} INFO - [2026-07-15T13:41:10.712+0000] {dag.py:3096} INFO - Sync 1 DAGs
[2026-07-15T13:41:10.778+0000] {logging_mixin.py:188} INFO - [2026-07-15T13:41:10.777+0000] {dag.py:3954} INFO - Setting next_dagrun for api_generation_dag1 to 2026-07-15 12:00:00+00:00, run_after=2026-07-15 13:00:00+00:00
[2026-07-15T13:41:10.820+0000] {processor.py:183} INFO - Processing /opt/airflow/dags/api_generation_dag1.py took 0.266 seconds
[2026-07-15T13:41:41.443+0000] {processor.py:161} INFO - Started process (PID=2848) to work on /opt/airflow/dags/api_generation_dag1.py
[2026-07-15T13:41:41.447+0000] {processor.py:830} INFO - Processing file /opt/airflow/dags/api_generation_dag1.py for tasks to queue
[2026-07-15T13:41:41.451+0000] {logging_mixin.py:188} INFO - [2026-07-15T13:41:41.450+0000] {dagbag.py:540} INFO - Filling up the DagBag from /opt/airflow/dags/api_generation_dag1.py
[2026-07-15T13:41:41.508+0000] {processor.py:840} INFO - DAG(s) 'api_generation_dag1' retrieved from /opt/airflow/dags/api_generation_dag1.py
[2026-07-15T13:41:41.574+0000] {logging_mixin.py:188} INFO - [2026-07-15T13:41:41.574+0000] {dag.py:3096} INFO - Sync 1 DAGs
[2026-07-15T13:41:41.625+0000] {logging_mixin.py:188} INFO - [2026-07-15T13:41:41.625+0000] {dag.py:3954} INFO - Setting next_dagrun for api_generation_dag1 to 2026-07-15 12:00:00+00:00, run_after=2026-07-15 13:00:00+00:00
[2026-07-15T13:41:41.657+0000] {processor.py:183} INFO - Processing /opt/airflow/dags/api_generation_dag1.py took 0.235 seconds
[2026-07-15T13:42:12.487+0000] {processor.py:161} INFO - Started process (PID=2873) to work on /opt/airflow/dags/api_generation_dag1.py
[2026-07-15T13:42:12.490+0000] {processor.py:830} INFO - Processing file /opt/airflow/dags/api_generation_dag1.py for tasks to queue
[2026-07-15T13:42:12.493+0000] {logging_mixin.py:188} INFO - [2026-07-15T13:42:12.492+0000] {dagbag.py:540} INFO - Filling up the DagBag from /opt/airflow/dags/api_generation_dag1.py
[2026-07-15T13:42:12.541+0000] {processor.py:840} INFO - DAG(s) 'api_generation_dag1' retrieved from /opt/airflow/dags/api_generation_dag1.py
[2026-07-15T13:42:12.602+0000] {logging_mixin.py:188} INFO - [2026-07-15T13:42:12.602+0000] {dag.py:3096} INFO - Sync 1 DAGs
[2026-07-15T13:42:12.660+0000] {logging_mixin.py:188} INFO - [2026-07-15T13:42:12.659+0000] {dag.py:3954} INFO - Setting next_dagrun for api_generation_dag1 to 2026-07-15 12:00:00+00:00, run_after=2026-07-15 13:00:00+00:00
[2026-07-15T13:42:12.698+0000] {processor.py:183} INFO - Processing /opt/airflow/dags/api_generation_dag1.py took 0.231 seconds
[2026-07-15T13:42:43.491+0000] {processor.py:161} INFO - Started process (PID=2898) to work on /opt/airflow/dags/api_generation_dag1.py
[2026-07-15T13:42:43.494+0000] {processor.py:830} INFO - Processing file /opt/airflow/dags/api_generation_dag1.py for tasks to queue
[2026-07-15T13:42:43.496+0000] {logging_mixin.py:188} INFO - [2026-07-15T13:42:43.496+0000] {dagbag.py:540} INFO - Filling up the DagBag from /opt/airflow/dags/api_generation_dag1.py
[2026-07-15T13:42:43.531+0000] {processor.py:840} INFO - DAG(s) 'api_generation_dag1' retrieved from /opt/airflow/dags/api_generation_dag1.py
[2026-07-15T13:42:43.577+0000] {logging_mixin.py:188} INFO - [2026-07-15T13:42:43.577+0000] {dag.py:3096} INFO - Sync 1 DAGs
[2026-07-15T13:42:43.616+0000] {logging_mixin.py:188} INFO - [2026-07-15T13:42:43.615+0000] {dag.py:3954} INFO - Setting next_dagrun for api_generation_dag1 to 2026-07-15 12:00:00+00:00, run_after=2026-07-15 13:00:00+00:00
[2026-07-15T13:42:43.647+0000] {processor.py:183} INFO - Processing /opt/airflow/dags/api_generation_dag1.py took 0.173 seconds
[2026-07-15T13:43:13.795+0000] {processor.py:161} INFO - Started process (PID=2923) to work on /opt/airflow/dags/api_generation_dag1.py
[2026-07-15T13:43:13.797+0000] {processor.py:830} INFO - Processing file /opt/airflow/dags/api_generation_dag1.py for tasks to queue
[2026-07-15T13:43:13.802+0000] {logging_mixin.py:188} INFO - [2026-07-15T13:43:13.801+0000] {dagbag.py:540} INFO - Filling up the DagBag from /opt/airflow/dags/api_generation_dag1.py
[2026-07-15T13:43:13.837+0000] {processor.py:840} INFO - DAG(s) 'api_generation_dag1' retrieved from /opt/airflow/dags/api_generation_dag1.py
[2026-07-15T13:43:13.887+0000] {logging_mixin.py:188} INFO - [2026-07-15T13:43:13.887+0000] {dag.py:3096} INFO - Sync 1 DAGs
[2026-07-15T13:43:13.933+0000] {logging_mixin.py:188} INFO - [2026-07-15T13:43:13.932+0000] {dag.py:3954} INFO - Setting next_dagrun for api_generation_dag1 to 2026-07-15 12:00:00+00:00, run_after=2026-07-15 13:00:00+00:00
[2026-07-15T13:43:13.966+0000] {processor.py:183} INFO - Processing /opt/airflow/dags/api_generation_dag1.py took 0.181 seconds
[2026-07-15T13:43:44.896+0000] {processor.py:161} INFO - Started process (PID=2948) to work on /opt/airflow/dags/api_generation_dag1.py
[2026-07-15T13:43:44.899+0000] {processor.py:830} INFO - Processing file /opt/airflow/dags/api_generation_dag1.py for tasks to queue
[2026-07-15T13:43:44.902+0000] {logging_mixin.py:188} INFO - [2026-07-15T13:43:44.901+0000] {dagbag.py:540} INFO - Filling up the DagBag from /opt/airflow/dags/api_generation_dag1.py
[2026-07-15T13:43:44.938+0000] {processor.py:840} INFO - DAG(s) 'api_generation_dag1' retrieved from /opt/airflow/dags/api_generation_dag1.py
[2026-07-15T13:43:44.985+0000] {logging_mixin.py:188} INFO - [2026-07-15T13:43:44.984+0000] {dag.py:3096} INFO - Sync 1 DAGs
[2026-07-15T13:43:45.038+0000] {logging_mixin.py:188} INFO - [2026-07-15T13:43:45.037+0000] {dag.py:3954} INFO - Setting next_dagrun for api_generation_dag1 to 2026-07-15 12:00:00+00:00, run_after=2026-07-15 13:00:00+00:00
[2026-07-15T13:43:45.086+0000] {processor.py:183} INFO - Processing /opt/airflow/dags/api_generation_dag1.py took 0.201 seconds
[2026-07-15T13:44:15.887+0000] {processor.py:161} INFO - Started process (PID=2973) to work on /opt/airflow/dags/api_generation_dag1.py
[2026-07-15T13:44:15.892+0000] {processor.py:830} INFO - Processing file /opt/airflow/dags/api_generation_dag1.py for tasks to queue
[2026-07-15T13:44:15.896+0000] {logging_mixin.py:188} INFO - [2026-07-15T13:44:15.894+0000] {dagbag.py:540} INFO - Filling up the DagBag from /opt/airflow/dags/api_generation_dag1.py
[2026-07-15T13:44:15.936+0000] {processor.py:840} INFO - DAG(s) 'api_generation_dag1' retrieved from /opt/airflow/dags/api_generation_dag1.py
[2026-07-15T13:44:15.984+0000] {logging_mixin.py:188} INFO - [2026-07-15T13:44:15.983+0000] {dag.py:3096} INFO - Sync 1 DAGs
[2026-07-15T13:44:16.029+0000] {logging_mixin.py:188} INFO - [2026-07-15T13:44:16.029+0000] {dag.py:3954} INFO - Setting next_dagrun for api_generation_dag1 to 2026-07-15 12:00:00+00:00, run_after=2026-07-15 13:00:00+00:00
[2026-07-15T13:44:16.065+0000] {processor.py:183} INFO - Processing /opt/airflow/dags/api_generation_dag1.py took 0.191 seconds
[2026-07-15T13:44:46.336+0000] {processor.py:161} INFO - Started process (PID=2998) to work on /opt/airflow/dags/api_generation_dag1.py
[2026-07-15T13:44:46.338+0000] {processor.py:830} INFO - Processing file /opt/airflow/dags/api_generation_dag1.py for tasks to queue
[2026-07-15T13:44:46.341+0000] {logging_mixin.py:188} INFO - [2026-07-15T13:44:46.340+0000] {dagbag.py:540} INFO - Filling up the DagBag from /opt/airflow/dags/api_generation_dag1.py
[2026-07-15T13:44:46.373+0000] {processor.py:840} INFO - DAG(s) 'api_generation_dag1' retrieved from /opt/airflow/dags/api_generation_dag1.py
[2026-07-15T13:44:46.426+0000] {logging_mixin.py:188} INFO - [2026-07-15T13:44:46.425+0000] {dag.py:3096} INFO - Sync 1 DAGs
[2026-07-15T13:44:46.474+0000] {logging_mixin.py:188} INFO - [2026-07-15T13:44:46.474+0000] {dag.py:3954} INFO - Setting next_dagrun for api_generation_dag1 to 2026-07-15 12:00:00+00:00, run_after=2026-07-15 13:00:00+00:00
[2026-07-15T13:44:46.512+0000] {processor.py:183} INFO - Processing /opt/airflow/dags/api_generation_dag1.py took 0.187 seconds
[2026-07-15T13:45:16.651+0000] {processor.py:161} INFO - Started process (PID=3023) to work on /opt/airflow/dags/api_generation_dag1.py
[2026-07-15T13:45:16.653+0000] {processor.py:830} INFO - Processing file /opt/airflow/dags/api_generation_dag1.py for tasks to queue
[2026-07-15T13:45:16.656+0000] {logging_mixin.py:188} INFO - [2026-07-15T13:45:16.655+0000] {dagbag.py:540} INFO - Filling up the DagBag from /opt/airflow/dags/api_generation_dag1.py
[2026-07-15T13:45:16.692+0000] {processor.py:840} INFO - DAG(s) 'api_generation_dag1' retrieved from /opt/airflow/dags/api_generation_dag1.py
[2026-07-15T13:45:16.747+0000] {logging_mixin.py:188} INFO - [2026-07-15T13:45:16.746+0000] {dag.py:3096} INFO - Sync 1 DAGs
[2026-07-15T13:45:16.788+0000] {logging_mixin.py:188} INFO - [2026-07-15T13:45:16.788+0000] {dag.py:3954} INFO - Setting next_dagrun for api_generation_dag1 to 2026-07-15 12:00:00+00:00, run_after=2026-07-15 13:00:00+00:00
[2026-07-15T13:45:16.822+0000] {processor.py:183} INFO - Processing /opt/airflow/dags/api_generation_dag1.py took 0.183 seconds
[2026-07-15T13:45:47.676+0000] {processor.py:161} INFO - Started process (PID=3048) to work on /opt/airflow/dags/api_generation_dag1.py
[2026-07-15T13:45:47.678+0000] {processor.py:830} INFO - Processing file /opt/airflow/dags/api_generation_dag1.py for tasks to queue
[2026-07-15T13:45:47.680+0000] {logging_mixin.py:188} INFO - [2026-07-15T13:45:47.680+0000] {dagbag.py:540} INFO - Filling up the DagBag from /opt/airflow/dags/api_generation_dag1.py
[2026-07-15T13:45:47.708+0000] {processor.py:840} INFO - DAG(s) 'api_generation_dag1' retrieved from /opt/airflow/dags/api_generation_dag1.py
[2026-07-15T13:45:47.750+0000] {logging_mixin.py:188} INFO - [2026-07-15T13:45:47.749+0000] {dag.py:3096} INFO - Sync 1 DAGs
[2026-07-15T13:45:47.800+0000] {logging_mixin.py:188} INFO - [2026-07-15T13:45:47.800+0000] {dag.py:3954} INFO - Setting next_dagrun for api_generation_dag1 to 2026-07-15 12:00:00+00:00, run_after=2026-07-15 13:00:00+00:00
[2026-07-15T13:45:47.837+0000] {processor.py:183} INFO - Processing /opt/airflow/dags/api_generation_dag1.py took 0.172 seconds
[2026-07-15T13:46:18.429+0000] {processor.py:161} INFO - Started process (PID=3073) to work on /opt/airflow/dags/api_generation_dag1.py
[2026-07-15T13:46:18.432+0000] {processor.py:830} INFO - Processing file /opt/airflow/dags/api_generation_dag1.py for tasks to queue
[2026-07-15T13:46:18.434+0000] {logging_mixin.py:188} INFO - [2026-07-15T13:46:18.434+0000] {dagbag.py:540} INFO - Filling up the DagBag from /opt/airflow/dags/api_generation_dag1.py
[2026-07-15T13:46:18.466+0000] {processor.py:840} INFO - DAG(s) 'api_generation_dag1' retrieved from /opt/airflow/dags/api_generation_dag1.py
[2026-07-15T13:46:18.507+0000] {logging_mixin.py:188} INFO - [2026-07-15T13:46:18.507+0000] {dag.py:3096} INFO - Sync 1 DAGs
[2026-07-15T13:46:18.543+0000] {logging_mixin.py:188} INFO - [2026-07-15T13:46:18.543+0000] {dag.py:3954} INFO - Setting next_dagrun for api_generation_dag1 to 2026-07-15 12:00:00+00:00, run_after=2026-07-15 13:00:00+00:00
[2026-07-15T13:46:18.573+0000] {processor.py:183} INFO - Processing /opt/airflow/dags/api_generation_dag1.py took 0.156 seconds
[2026-07-15T13:46:48.963+0000] {processor.py:161} INFO - Started process (PID=3098) to work on /opt/airflow/dags/api_generation_dag1.py
[2026-07-15T13:46:48.964+0000] {processor.py:830} INFO - Processing file /opt/airflow/dags/api_generation_dag1.py for tasks to queue
[2026-07-15T13:46:48.966+0000] {logging_mixin.py:188} INFO - [2026-07-15T13:46:48.966+0000] {dagbag.py:540} INFO - Filling up the DagBag from /opt/airflow/dags/api_generation_dag1.py
[2026-07-15T13:46:48.996+0000] {processor.py:840} INFO - DAG(s) 'api_generation_dag1' retrieved from /opt/airflow/dags/api_generation_dag1.py
[2026-07-15T13:46:49.055+0000] {logging_mixin.py:188} INFO - [2026-07-15T13:46:49.055+0000] {dag.py:3096} INFO - Sync 1 DAGs
[2026-07-15T13:46:49.095+0000] {logging_mixin.py:188} INFO - [2026-07-15T13:46:49.095+0000] {dag.py:3954} INFO - Setting next_dagrun for api_generation_dag1 to 2026-07-15 12:00:00+00:00, run_after=2026-07-15 13:00:00+00:00
[2026-07-15T13:46:49.114+0000] {processor.py:183} INFO - Processing /opt/airflow/dags/api_generation_dag1.py took 0.159 seconds
[2026-07-15T14:09:23.705+0000] {processor.py:161} INFO - Started process (PID=205) to work on /opt/airflow/dags/api_generation_dag1.py
[2026-07-15T14:09:23.708+0000] {processor.py:830} INFO - Processing file /opt/airflow/dags/api_generation_dag1.py for tasks to queue
[2026-07-15T14:09:23.712+0000] {logging_mixin.py:188} INFO - [2026-07-15T14:09:23.712+0000] {dagbag.py:540} INFO - Filling up the DagBag from /opt/airflow/dags/api_generation_dag1.py
[2026-07-15T14:09:23.745+0000] {processor.py:840} INFO - DAG(s) 'api_generation_dag1' retrieved from /opt/airflow/dags/api_generation_dag1.py
[2026-07-15T14:09:24.194+0000] {logging_mixin.py:188} INFO - [2026-07-15T14:09:24.193+0000] {dag.py:3096} INFO - Sync 1 DAGs
[2026-07-15T14:09:24.232+0000] {logging_mixin.py:188} INFO - [2026-07-15T14:09:24.232+0000] {dag.py:3954} INFO - Setting next_dagrun for api_generation_dag1 to 2026-07-15 13:00:00+00:00, run_after=2026-07-15 14:00:00+00:00
[2026-07-15T14:09:24.268+0000] {processor.py:183} INFO - Processing /opt/airflow/dags/api_generation_dag1.py took 0.575 seconds
[2026-07-15T14:09:54.436+0000] {processor.py:161} INFO - Started process (PID=230) to work on /opt/airflow/dags/api_generation_dag1.py
[2026-07-15T14:09:54.437+0000] {processor.py:830} INFO - Processing file /opt/airflow/dags/api_generation_dag1.py for tasks to queue
[2026-07-15T14:09:54.440+0000] {logging_mixin.py:188} INFO - [2026-07-15T14:09:54.439+0000] {dagbag.py:540} INFO - Filling up the DagBag from /opt/airflow/dags/api_generation_dag1.py
[2026-07-15T14:09:54.468+0000] {processor.py:840} INFO - DAG(s) 'api_generation_dag1' retrieved from /opt/airflow/dags/api_generation_dag1.py
[2026-07-15T14:09:54.485+0000] {logging_mixin.py:188} INFO - [2026-07-15T14:09:54.485+0000] {dag.py:3096} INFO - Sync 1 DAGs
[2026-07-15T14:09:54.514+0000] {logging_mixin.py:188} INFO - [2026-07-15T14:09:54.514+0000] {dag.py:3954} INFO - Setting next_dagrun for api_generation_dag1 to 2026-07-15 13:00:00+00:00, run_after=2026-07-15 14:00:00+00:00
[2026-07-15T14:09:54.539+0000] {processor.py:183} INFO - Processing /opt/airflow/dags/api_generation_dag1.py took 0.110 seconds
[2026-07-15T14:10:24.934+0000] {processor.py:161} INFO - Started process (PID=263) to work on /opt/airflow/dags/api_generation_dag1.py
[2026-07-15T14:10:24.935+0000] {processor.py:830} INFO - Processing file /opt/airflow/dags/api_generation_dag1.py for tasks to queue
[2026-07-15T14:10:24.938+0000] {logging_mixin.py:188} INFO - [2026-07-15T14:10:24.938+0000] {dagbag.py:540} INFO - Filling up the DagBag from /opt/airflow/dags/api_generation_dag1.py
[2026-07-15T14:10:24.967+0000] {processor.py:840} INFO - DAG(s) 'api_generation_dag1' retrieved from /opt/airflow/dags/api_generation_dag1.py
[2026-07-15T14:10:25.196+0000] {logging_mixin.py:188} INFO - [2026-07-15T14:10:25.196+0000] {dag.py:3096} INFO - Sync 1 DAGs
[2026-07-15T14:10:25.243+0000] {logging_mixin.py:188} INFO - [2026-07-15T14:10:25.242+0000] {dag.py:3954} INFO - Setting next_dagrun for api_generation_dag1 to 2026-07-15 13:00:00+00:00, run_after=2026-07-15 14:00:00+00:00
[2026-07-15T14:10:25.279+0000] {processor.py:183} INFO - Processing /opt/airflow/dags/api_generation_dag1.py took 0.354 seconds
[2026-07-15T14:10:55.557+0000] {processor.py:161} INFO - Started process (PID=312) to work on /opt/airflow/dags/api_generation_dag1.py
[2026-07-15T14:10:55.562+0000] {processor.py:830} INFO - Processing file /opt/airflow/dags/api_generation_dag1.py for tasks to queue
[2026-07-15T14:10:55.570+0000] {logging_mixin.py:188} INFO - [2026-07-15T14:10:55.569+0000] {dagbag.py:540} INFO - Filling up the DagBag from /opt/airflow/dags/api_generation_dag1.py
[2026-07-15T14:10:55.646+0000] {processor.py:840} INFO - DAG(s) 'api_generation_dag1' retrieved from /opt/airflow/dags/api_generation_dag1.py
[2026-07-15T14:10:55.712+0000] {logging_mixin.py:188} INFO - [2026-07-15T14:10:55.712+0000] {dag.py:3096} INFO - Sync 1 DAGs
[2026-07-15T14:10:55.772+0000] {logging_mixin.py:188} INFO - [2026-07-15T14:10:55.772+0000] {dag.py:3954} INFO - Setting next_dagrun for api_generation_dag1 to 2026-07-15 13:00:00+00:00, run_after=2026-07-15 14:00:00+00:00
[2026-07-15T14:10:55.842+0000] {processor.py:183} INFO - Processing /opt/airflow/dags/api_generation_dag1.py took 0.309 seconds
[2026-07-15T14:11:26.566+0000] {processor.py:161} INFO - Started process (PID=337) to work on /opt/airflow/dags/api_generation_dag1.py
[2026-07-15T14:11:26.568+0000] {processor.py:830} INFO - Processing file /opt/airflow/dags/api_generation_dag1.py for tasks to queue
[2026-07-15T14:11:26.572+0000] {logging_mixin.py:188} INFO - [2026-07-15T14:11:26.571+0000] {dagbag.py:540} INFO - Filling up the DagBag from /opt/airflow/dags/api_generation_dag1.py
[2026-07-15T14:11:26.609+0000] {processor.py:840} INFO - DAG(s) 'api_generation_dag1' retrieved from /opt/airflow/dags/api_generation_dag1.py
[2026-07-15T14:11:26.658+0000] {logging_mixin.py:188} INFO - [2026-07-15T14:11:26.658+0000] {dag.py:3096} INFO - Sync 1 DAGs
[2026-07-15T14:11:26.701+0000] {logging_mixin.py:188} INFO - [2026-07-15T14:11:26.700+0000] {dag.py:3954} INFO - Setting next_dagrun for api_generation_dag1 to 2026-07-15 13:00:00+00:00, run_after=2026-07-15 14:00:00+00:00
[2026-07-15T14:11:26.734+0000] {processor.py:183} INFO - Processing /opt/airflow/dags/api_generation_dag1.py took 0.180 seconds
[2026-07-15T14:11:57.142+0000] {processor.py:161} INFO - Started process (PID=362) to work on /opt/airflow/dags/api_generation_dag1.py
[2026-07-15T14:11:57.143+0000] {processor.py:830} INFO - Processing file /opt/airflow/dags/api_generation_dag1.py for tasks to queue
[2026-07-15T14:11:57.147+0000] {logging_mixin.py:188} INFO - [2026-07-15T14:11:57.147+0000] {dagbag.py:540} INFO - Filling up the DagBag from /opt/airflow/dags/api_generation_dag1.py
[2026-07-15T14:11:57.165+0000] {processor.py:840} INFO - DAG(s) 'api_generation_dag1' retrieved from /opt/airflow/dags/api_generation_dag1.py
[2026-07-15T14:11:57.194+0000] {logging_mixin.py:188} INFO - [2026-07-15T14:11:57.194+0000] {dag.py:3096} INFO - Sync 1 DAGs
[2026-07-15T14:11:57.221+0000] {logging_mixin.py:188} INFO - [2026-07-15T14:11:57.220+0000] {dag.py:3954} INFO - Setting next_dagrun for api_generation_dag1 to 2026-07-15 13:00:00+00:00, run_after=2026-07-15 14:00:00+00:00
[2026-07-15T14:11:57.243+0000] {processor.py:183} INFO - Processing /opt/airflow/dags/api_generation_dag1.py took 0.109 seconds
[2026-07-15T14:12:27.748+0000] {processor.py:161} INFO - Started process (PID=387) to work on /opt/airflow/dags/api_generation_dag1.py
[2026-07-15T14:12:27.749+0000] {processor.py:830} INFO - Processing file /opt/airflow/dags/api_generation_dag1.py for tasks to queue
[2026-07-15T14:12:27.752+0000] {logging_mixin.py:188} INFO - [2026-07-15T14:12:27.751+0000] {dagbag.py:540} INFO - Filling up the DagBag from /opt/airflow/dags/api_generation_dag1.py
[2026-07-15T14:12:27.769+0000] {processor.py:840} INFO - DAG(s) 'api_generation_dag1' retrieved from /opt/airflow/dags/api_generation_dag1.py
[2026-07-15T14:12:27.799+0000] {logging_mixin.py:188} INFO - [2026-07-15T14:12:27.799+0000] {dag.py:3096} INFO - Sync 1 DAGs
[2026-07-15T14:12:27.829+0000] {logging_mixin.py:188} INFO - [2026-07-15T14:12:27.829+0000] {dag.py:3954} INFO - Setting next_dagrun for api_generation_dag1 to 2026-07-15 13:00:00+00:00, run_after=2026-07-15 14:00:00+00:00
[2026-07-15T14:12:27.864+0000] {processor.py:183} INFO - Processing /opt/airflow/dags/api_generation_dag1.py took 0.123 seconds
[2026-07-15T14:12:58.282+0000] {processor.py:161} INFO - Started process (PID=426) to work on /opt/airflow/dags/api_generation_dag1.py
[2026-07-15T14:12:58.283+0000] {processor.py:830} INFO - Processing file /opt/airflow/dags/api_generation_dag1.py for tasks to queue
[2026-07-15T14:12:58.287+0000] {logging_mixin.py:188} INFO - [2026-07-15T14:12:58.287+0000] {dagbag.py:540} INFO - Filling up the DagBag from /opt/airflow/dags/api_generation_dag1.py
[2026-07-15T14:12:58.324+0000] {processor.py:840} INFO - DAG(s) 'api_generation_dag1' retrieved from /opt/airflow/dags/api_generation_dag1.py
[2026-07-15T14:12:58.364+0000] {logging_mixin.py:188} INFO - [2026-07-15T14:12:58.363+0000] {dag.py:3096} INFO - Sync 1 DAGs
[2026-07-15T14:12:58.400+0000] {logging_mixin.py:188} INFO - [2026-07-15T14:12:58.400+0000] {dag.py:3954} INFO - Setting next_dagrun for api_generation_dag1 to 2026-07-15 13:00:00+00:00, run_after=2026-07-15 14:00:00+00:00
[2026-07-15T14:12:58.430+0000] {processor.py:183} INFO - Processing /opt/airflow/dags/api_generation_dag1.py took 0.158 seconds
[2026-07-15T14:13:29.137+0000] {processor.py:161} INFO - Started process (PID=451) to work on /opt/airflow/dags/api_generation_dag1.py
[2026-07-15T14:13:29.138+0000] {processor.py:830} INFO - Processing file /opt/airflow/dags/api_generation_dag1.py for tasks to queue
[2026-07-15T14:13:29.140+0000] {logging_mixin.py:188} INFO - [2026-07-15T14:13:29.140+0000] {dagbag.py:540} INFO - Filling up the DagBag from /opt/airflow/dags/api_generation_dag1.py
[2026-07-15T14:13:29.163+0000] {processor.py:840} INFO - DAG(s) 'api_generation_dag1' retrieved from /opt/airflow/dags/api_generation_dag1.py
[2026-07-15T14:13:29.196+0000] {logging_mixin.py:188} INFO - [2026-07-15T14:13:29.196+0000] {dag.py:3096} INFO - Sync 1 DAGs
[2026-07-15T14:13:29.224+0000] {logging_mixin.py:188} INFO - [2026-07-15T14:13:29.224+0000] {dag.py:3954} INFO - Setting next_dagrun for api_generation_dag1 to 2026-07-15 13:00:00+00:00, run_after=2026-07-15 14:00:00+00:00
[2026-07-15T14:13:29.246+0000] {processor.py:183} INFO - Processing /opt/airflow/dags/api_generation_dag1.py took 0.119 seconds
[2026-07-15T14:13:59.712+0000] {processor.py:161} INFO - Started process (PID=476) to work on /opt/airflow/dags/api_generation_dag1.py
[2026-07-15T14:13:59.714+0000] {processor.py:830} INFO - Processing file /opt/airflow/dags/api_generation_dag1.py for tasks to queue
[2026-07-15T14:13:59.717+0000] {logging_mixin.py:188} INFO - [2026-07-15T14:13:59.717+0000] {dagbag.py:540} INFO - Filling up the DagBag from /opt/airflow/dags/api_generation_dag1.py
[2026-07-15T14:13:59.741+0000] {processor.py:840} INFO - DAG(s) 'api_generation_dag1' retrieved from /opt/airflow/dags/api_generation_dag1.py
[2026-07-15T14:13:59.780+0000] {logging_mixin.py:188} INFO - [2026-07-15T14:13:59.779+0000] {dag.py:3096} INFO - Sync 1 DAGs
[2026-07-15T14:13:59.818+0000] {logging_mixin.py:188} INFO - [2026-07-15T14:13:59.817+0000] {dag.py:3954} INFO - Setting next_dagrun for api_generation_dag1 to 2026-07-15 13:00:00+00:00, run_after=2026-07-15 14:00:00+00:00
[2026-07-15T14:13:59.845+0000] {processor.py:183} INFO - Processing /opt/airflow/dags/api_generation_dag1.py took 0.143 seconds
[2026-07-15T14:14:30.588+0000] {processor.py:161} INFO - Started process (PID=503) to work on /opt/airflow/dags/api_generation_dag1.py
[2026-07-15T14:14:30.590+0000] {processor.py:830} INFO - Processing file /opt/airflow/dags/api_generation_dag1.py for tasks to queue
[2026-07-15T14:14:30.592+0000] {logging_mixin.py:188} INFO - [2026-07-15T14:14:30.592+0000] {dagbag.py:540} INFO - Filling up the DagBag from /opt/airflow/dags/api_generation_dag1.py
[2026-07-15T14:14:30.610+0000] {processor.py:840} INFO - DAG(s) 'api_generation_dag1' retrieved from /opt/airflow/dags/api_generation_dag1.py
[2026-07-15T14:14:30.638+0000] {logging_mixin.py:188} INFO - [2026-07-15T14:14:30.638+0000] {dag.py:3096} INFO - Sync 1 DAGs
[2026-07-15T14:14:30.662+0000] {logging_mixin.py:188} INFO - [2026-07-15T14:14:30.662+0000] {dag.py:3954} INFO - Setting next_dagrun for api_generation_dag1 to 2026-07-15 13:00:00+00:00, run_after=2026-07-15 14:00:00+00:00
[2026-07-15T14:14:30.686+0000] {processor.py:183} INFO - Processing /opt/airflow/dags/api_generation_dag1.py took 0.104 seconds
[2026-07-15T14:15:01.163+0000] {processor.py:161} INFO - Started process (PID=530) to work on /opt/airflow/dags/api_generation_dag1.py
[2026-07-15T14:15:01.165+0000] {processor.py:830} INFO - Processing file /opt/airflow/dags/api_generation_dag1.py for tasks to queue
[2026-07-15T14:15:01.167+0000] {logging_mixin.py:188} INFO - [2026-07-15T14:15:01.167+0000] {dagbag.py:540} INFO - Filling up the DagBag from /opt/airflow/dags/api_generation_dag1.py
[2026-07-15T14:15:01.183+0000] {processor.py:840} INFO - DAG(s) 'api_generation_dag1' retrieved from /opt/airflow/dags/api_generation_dag1.py
[2026-07-15T14:15:01.209+0000] {logging_mixin.py:188} INFO - [2026-07-15T14:15:01.209+0000] {dag.py:3096} INFO - Sync 1 DAGs
[2026-07-15T14:15:01.235+0000] {logging_mixin.py:188} INFO - [2026-07-15T14:15:01.234+0000] {dag.py:3954} INFO - Setting next_dagrun for api_generation_dag1 to 2026-07-15 13:00:00+00:00, run_after=2026-07-15 14:00:00+00:00
[2026-07-15T14:15:01.257+0000] {processor.py:183} INFO - Processing /opt/airflow/dags/api_generation_dag1.py took 0.101 seconds
[2026-07-15T14:15:31.660+0000] {processor.py:161} INFO - Started process (PID=555) to work on /opt/airflow/dags/api_generation_dag1.py
[2026-07-15T14:15:31.661+0000] {processor.py:830} INFO - Processing file /opt/airflow/dags/api_generation_dag1.py for tasks to queue
[2026-07-15T14:15:31.663+0000] {logging_mixin.py:188} INFO - [2026-07-15T14:15:31.663+0000] {dagbag.py:540} INFO - Filling up the DagBag from /opt/airflow/dags/api_generation_dag1.py
[2026-07-15T14:15:31.680+0000] {processor.py:840} INFO - DAG(s) 'api_generation_dag1' retrieved from /opt/airflow/dags/api_generation_dag1.py
[2026-07-15T14:15:31.705+0000] {logging_mixin.py:188} INFO - [2026-07-15T14:15:31.705+0000] {dag.py:3096} INFO - Sync 1 DAGs
[2026-07-15T14:15:31.730+0000] {logging_mixin.py:188} INFO - [2026-07-15T14:15:31.729+0000] {dag.py:3954} INFO - Setting next_dagrun for api_generation_dag1 to 2026-07-15 13:00:00+00:00, run_after=2026-07-15 14:00:00+00:00
[2026-07-15T14:15:31.752+0000] {processor.py:183} INFO - Processing /opt/airflow/dags/api_generation_dag1.py took 0.098 seconds
[2026-07-15T14:16:02.266+0000] {processor.py:161} INFO - Started process (PID=580) to work on /opt/airflow/dags/api_generation_dag1.py
[2026-07-15T14:16:02.267+0000] {processor.py:830} INFO - Processing file /opt/airflow/dags/api_generation_dag1.py for tasks to queue
[2026-07-15T14:16:02.269+0000] {logging_mixin.py:188} INFO - [2026-07-15T14:16:02.269+0000] {dagbag.py:540} INFO - Filling up the DagBag from /opt/airflow/dags/api_generation_dag1.py
[2026-07-15T14:16:02.286+0000] {processor.py:840} INFO - DAG(s) 'api_generation_dag1' retrieved from /opt/airflow/dags/api_generation_dag1.py
[2026-07-15T14:16:02.317+0000] {logging_mixin.py:188} INFO - [2026-07-15T14:16:02.317+0000] {dag.py:3096} INFO - Sync 1 DAGs
[2026-07-15T14:16:02.342+0000] {logging_mixin.py:188} INFO - [2026-07-15T14:16:02.342+0000] {dag.py:3954} INFO - Setting next_dagrun for api_generation_dag1 to 2026-07-15 13:00:00+00:00, run_after=2026-07-15 14:00:00+00:00
[2026-07-15T14:16:02.366+0000] {processor.py:183} INFO - Processing /opt/airflow/dags/api_generation_dag1.py took 0.112 seconds
[2026-07-15T14:16:32.934+0000] {processor.py:161} INFO - Started process (PID=605) to work on /opt/airflow/dags/api_generation_dag1.py
[2026-07-15T14:16:32.935+0000] {processor.py:830} INFO - Processing file /opt/airflow/dags/api_generation_dag1.py for tasks to queue
[2026-07-15T14:16:32.937+0000] {logging_mixin.py:188} INFO - [2026-07-15T14:16:32.937+0000] {dagbag.py:540} INFO - Filling up the DagBag from /opt/airflow/dags/api_generation_dag1.py
[2026-07-15T14:16:32.954+0000] {processor.py:840} INFO - DAG(s) 'api_generation_dag1' retrieved from /opt/airflow/dags/api_generation_dag1.py
[2026-07-15T14:16:32.978+0000] {logging_mixin.py:188} INFO - [2026-07-15T14:16:32.977+0000] {dag.py:3096} INFO - Sync 1 DAGs
[2026-07-15T14:16:33.000+0000] {logging_mixin.py:188} INFO - [2026-07-15T14:16:33.000+0000] {dag.py:3954} INFO - Setting next_dagrun for api_generation_dag1 to 2026-07-15 13:00:00+00:00, run_after=2026-07-15 14:00:00+00:00
[2026-07-15T14:16:33.023+0000] {processor.py:183} INFO - Processing /opt/airflow/dags/api_generation_dag1.py took 0.104 seconds
[2026-07-15T14:17:03.541+0000] {processor.py:161} INFO - Started process (PID=632) to work on /opt/airflow/dags/api_generation_dag1.py
[2026-07-15T14:17:03.542+0000] {processor.py:830} INFO - Processing file /opt/airflow/dags/api_generation_dag1.py for tasks to queue
[2026-07-15T14:17:03.545+0000] {logging_mixin.py:188} INFO - [2026-07-15T14:17:03.545+0000] {dagbag.py:540} INFO - Filling up the DagBag from /opt/airflow/dags/api_generation_dag1.py
[2026-07-15T14:17:03.563+0000] {processor.py:840} INFO - DAG(s) 'api_generation_dag1' retrieved from /opt/airflow/dags/api_generation_dag1.py
[2026-07-15T14:17:03.593+0000] {logging_mixin.py:188} INFO - [2026-07-15T14:17:03.593+0000] {dag.py:3096} INFO - Sync 1 DAGs
[2026-07-15T14:17:03.620+0000] {logging_mixin.py:188} INFO - [2026-07-15T14:17:03.620+0000] {dag.py:3954} INFO - Setting next_dagrun for api_generation_dag1 to 2026-07-15 13:00:00+00:00, run_after=2026-07-15 14:00:00+00:00
[2026-07-15T14:17:03.649+0000] {processor.py:183} INFO - Processing /opt/airflow/dags/api_generation_dag1.py took 0.116 seconds
[2026-07-15T14:17:34.166+0000] {processor.py:161} INFO - Started process (PID=657) to work on /opt/airflow/dags/api_generation_dag1.py
[2026-07-15T14:17:34.167+0000] {processor.py:830} INFO - Processing file /opt/airflow/dags/api_generation_dag1.py for tasks to queue
[2026-07-15T14:17:34.170+0000] {logging_mixin.py:188} INFO - [2026-07-15T14:17:34.170+0000] {dagbag.py:540} INFO - Filling up the DagBag from /opt/airflow/dags/api_generation_dag1.py
[2026-07-15T14:17:34.190+0000] {processor.py:840} INFO - DAG(s) 'api_generation_dag1' retrieved from /opt/airflow/dags/api_generation_dag1.py
[2026-07-15T14:17:34.212+0000] {logging_mixin.py:188} INFO - [2026-07-15T14:17:34.212+0000] {dag.py:3096} INFO - Sync 1 DAGs
[2026-07-15T14:17:34.233+0000] {logging_mixin.py:188} INFO - [2026-07-15T14:17:34.233+0000] {dag.py:3954} INFO - Setting next_dagrun for api_generation_dag1 to 2026-07-15 13:00:00+00:00, run_after=2026-07-15 14:00:00+00:00
[2026-07-15T14:17:34.258+0000] {processor.py:183} INFO - Processing /opt/airflow/dags/api_generation_dag1.py took 0.098 seconds
[2026-07-15T14:18:04.691+0000] {processor.py:161} INFO - Started process (PID=682) to work on /opt/airflow/dags/api_generation_dag1.py
[2026-07-15T14:18:04.692+0000] {processor.py:830} INFO - Processing file /opt/airflow/dags/api_generation_dag1.py for tasks to queue
[2026-07-15T14:18:04.695+0000] {logging_mixin.py:188} INFO - [2026-07-15T14:18:04.694+0000] {dagbag.py:540} INFO - Filling up the DagBag from /opt/airflow/dags/api_generation_dag1.py
[2026-07-15T14:18:04.710+0000] {processor.py:840} INFO - DAG(s) 'api_generation_dag1' retrieved from /opt/airflow/dags/api_generation_dag1.py
[2026-07-15T14:18:04.735+0000] {logging_mixin.py:188} INFO - [2026-07-15T14:18:04.734+0000] {dag.py:3096} INFO - Sync 1 DAGs
[2026-07-15T14:18:04.756+0000] {logging_mixin.py:188} INFO - [2026-07-15T14:18:04.755+0000] {dag.py:3954} INFO - Setting next_dagrun for api_generation_dag1 to 2026-07-15 13:00:00+00:00, run_after=2026-07-15 14:00:00+00:00
[2026-07-15T14:18:04.777+0000] {processor.py:183} INFO - Processing /opt/airflow/dags/api_generation_dag1.py took 0.092 seconds
[2026-07-15T14:18:35.244+0000] {processor.py:161} INFO - Started process (PID=707) to work on /opt/airflow/dags/api_generation_dag1.py
[2026-07-15T14:18:35.245+0000] {processor.py:830} INFO - Processing file /opt/airflow/dags/api_generation_dag1.py for tasks to queue
[2026-07-15T14:18:35.247+0000] {logging_mixin.py:188} INFO - [2026-07-15T14:18:35.247+0000] {dagbag.py:540} INFO - Filling up the DagBag from /opt/airflow/dags/api_generation_dag1.py
[2026-07-15T14:18:35.262+0000] {processor.py:840} INFO - DAG(s) 'api_generation_dag1' retrieved from /opt/airflow/dags/api_generation_dag1.py
[2026-07-15T14:18:35.287+0000] {logging_mixin.py:188} INFO - [2026-07-15T14:18:35.287+0000] {dag.py:3096} INFO - Sync 1 DAGs
[2026-07-15T14:18:35.314+0000] {logging_mixin.py:188} INFO - [2026-07-15T14:18:35.314+0000] {dag.py:3954} INFO - Setting next_dagrun for api_generation_dag1 to 2026-07-15 13:00:00+00:00, run_after=2026-07-15 14:00:00+00:00
[2026-07-15T14:18:35.336+0000] {processor.py:183} INFO - Processing /opt/airflow/dags/api_generation_dag1.py took 0.098 seconds
[2026-07-15T14:19:05.740+0000] {processor.py:161} INFO - Started process (PID=732) to work on /opt/airflow/dags/api_generation_dag1.py
[2026-07-15T14:19:05.741+0000] {processor.py:830} INFO - Processing file /opt/airflow/dags/api_generation_dag1.py for tasks to queue
[2026-07-15T14:19:05.742+0000] {logging_mixin.py:188} INFO - [2026-07-15T14:19:05.742+0000] {dagbag.py:540} INFO - Filling up the DagBag from /opt/airflow/dags/api_generation_dag1.py
[2026-07-15T14:19:05.758+0000] {processor.py:840} INFO - DAG(s) 'api_generation_dag1' retrieved from /opt/airflow/dags/api_generation_dag1.py
[2026-07-15T14:19:05.783+0000] {logging_mixin.py:188} INFO - [2026-07-15T14:19:05.783+0000] {dag.py:3096} INFO - Sync 1 DAGs
[2026-07-15T14:19:05.805+0000] {logging_mixin.py:188} INFO - [2026-07-15T14:19:05.805+0000] {dag.py:3954} INFO - Setting next_dagrun for api_generation_dag1 to 2026-07-15 13:00:00+00:00, run_after=2026-07-15 14:00:00+00:00
[2026-07-15T14:19:05.826+0000] {processor.py:183} INFO - Processing /opt/airflow/dags/api_generation_dag1.py took 0.092 seconds
[2026-07-15T14:19:36.348+0000] {processor.py:161} INFO - Started process (PID=757) to work on /opt/airflow/dags/api_generation_dag1.py
[2026-07-15T14:19:36.350+0000] {processor.py:830} INFO - Processing file /opt/airflow/dags/api_generation_dag1.py for tasks to queue
[2026-07-15T14:19:36.352+0000] {logging_mixin.py:188} INFO - [2026-07-15T14:19:36.352+0000] {dagbag.py:540} INFO - Filling up the DagBag from /opt/airflow/dags/api_generation_dag1.py
[2026-07-15T14:19:36.373+0000] {processor.py:840} INFO - DAG(s) 'api_generation_dag1' retrieved from /opt/airflow/dags/api_generation_dag1.py
[2026-07-15T14:19:36.412+0000] {logging_mixin.py:188} INFO - [2026-07-15T14:19:36.411+0000] {dag.py:3096} INFO - Sync 1 DAGs
[2026-07-15T14:19:36.438+0000] {logging_mixin.py:188} INFO - [2026-07-15T14:19:36.437+0000] {dag.py:3954} INFO - Setting next_dagrun for api_generation_dag1 to 2026-07-15 13:00:00+00:00, run_after=2026-07-15 14:00:00+00:00
[2026-07-15T14:19:36.462+0000] {processor.py:183} INFO - Processing /opt/airflow/dags/api_generation_dag1.py took 0.121 seconds
[2026-07-15T14:20:06.945+0000] {processor.py:161} INFO - Started process (PID=782) to work on /opt/airflow/dags/api_generation_dag1.py
[2026-07-15T14:20:06.947+0000] {processor.py:830} INFO - Processing file /opt/airflow/dags/api_generation_dag1.py for tasks to queue
[2026-07-15T14:20:06.949+0000] {logging_mixin.py:188} INFO - [2026-07-15T14:20:06.949+0000] {dagbag.py:540} INFO - Filling up the DagBag from /opt/airflow/dags/api_generation_dag1.py
[2026-07-15T14:20:06.965+0000] {processor.py:840} INFO - DAG(s) 'api_generation_dag1' retrieved from /opt/airflow/dags/api_generation_dag1.py
[2026-07-15T14:20:06.990+0000] {logging_mixin.py:188} INFO - [2026-07-15T14:20:06.990+0000] {dag.py:3096} INFO - Sync 1 DAGs
[2026-07-15T14:20:07.012+0000] {logging_mixin.py:188} INFO - [2026-07-15T14:20:07.011+0000] {dag.py:3954} INFO - Setting next_dagrun for api_generation_dag1 to 2026-07-15 13:00:00+00:00, run_after=2026-07-15 14:00:00+00:00
[2026-07-15T14:20:07.036+0000] {processor.py:183} INFO - Processing /opt/airflow/dags/api_generation_dag1.py took 0.097 seconds
[2026-07-15T14:20:37.571+0000] {processor.py:161} INFO - Started process (PID=824) to work on /opt/airflow/dags/api_generation_dag1.py
[2026-07-15T14:20:37.576+0000] {processor.py:830} INFO - Processing file /opt/airflow/dags/api_generation_dag1.py for tasks to queue
[2026-07-15T14:20:37.586+0000] {logging_mixin.py:188} INFO - [2026-07-15T14:20:37.585+0000] {dagbag.py:540} INFO - Filling up the DagBag from /opt/airflow/dags/api_generation_dag1.py
[2026-07-15T14:20:37.634+0000] {processor.py:840} INFO - DAG(s) 'api_generation_dag1' retrieved from /opt/airflow/dags/api_generation_dag1.py
[2026-07-15T14:20:37.701+0000] {logging_mixin.py:188} INFO - [2026-07-15T14:20:37.700+0000] {dag.py:3096} INFO - Sync 1 DAGs
[2026-07-15T14:20:37.795+0000] {logging_mixin.py:188} INFO - [2026-07-15T14:20:37.794+0000] {dag.py:3954} INFO - Setting next_dagrun for api_generation_dag1 to 2026-07-15 13:00:00+00:00, run_after=2026-07-15 14:00:00+00:00
[2026-07-15T14:20:37.833+0000] {processor.py:183} INFO - Processing /opt/airflow/dags/api_generation_dag1.py took 0.288 seconds
[2026-07-15T14:21:08.390+0000] {processor.py:161} INFO - Started process (PID=849) to work on /opt/airflow/dags/api_generation_dag1.py
[2026-07-15T14:21:08.392+0000] {processor.py:830} INFO - Processing file /opt/airflow/dags/api_generation_dag1.py for tasks to queue
[2026-07-15T14:21:08.402+0000] {logging_mixin.py:188} INFO - [2026-07-15T14:21:08.399+0000] {dagbag.py:540} INFO - Filling up the DagBag from /opt/airflow/dags/api_generation_dag1.py
[2026-07-15T14:21:08.423+0000] {processor.py:840} INFO - DAG(s) 'api_generation_dag1' retrieved from /opt/airflow/dags/api_generation_dag1.py
[2026-07-15T14:21:08.490+0000] {logging_mixin.py:188} INFO - [2026-07-15T14:21:08.490+0000] {dag.py:3096} INFO - Sync 1 DAGs
[2026-07-15T14:21:08.548+0000] {logging_mixin.py:188} INFO - [2026-07-15T14:21:08.548+0000] {dag.py:3954} INFO - Setting next_dagrun for api_generation_dag1 to 2026-07-15 13:00:00+00:00, run_after=2026-07-15 14:00:00+00:00
[2026-07-15T14:21:08.590+0000] {processor.py:183} INFO - Processing /opt/airflow/dags/api_generation_dag1.py took 0.209 seconds
[2026-07-15T14:21:39.202+0000] {processor.py:161} INFO - Started process (PID=874) to work on /opt/airflow/dags/api_generation_dag1.py
[2026-07-15T14:21:39.203+0000] {processor.py:830} INFO - Processing file /opt/airflow/dags/api_generation_dag1.py for tasks to queue
[2026-07-15T14:21:39.205+0000] {logging_mixin.py:188} INFO - [2026-07-15T14:21:39.205+0000] {dagbag.py:540} INFO - Filling up the DagBag from /opt/airflow/dags/api_generation_dag1.py
[2026-07-15T14:21:39.226+0000] {processor.py:840} INFO - DAG(s) 'api_generation_dag1' retrieved from /opt/airflow/dags/api_generation_dag1.py
[2026-07-15T14:21:39.255+0000] {logging_mixin.py:188} INFO - [2026-07-15T14:21:39.254+0000] {dag.py:3096} INFO - Sync 1 DAGs
[2026-07-15T14:21:39.281+0000] {logging_mixin.py:188} INFO - [2026-07-15T14:21:39.281+0000] {dag.py:3954} INFO - Setting next_dagrun for api_generation_dag1 to 2026-07-15 13:00:00+00:00, run_after=2026-07-15 14:00:00+00:00
[2026-07-15T14:21:39.304+0000] {processor.py:183} INFO - Processing /opt/airflow/dags/api_generation_dag1.py took 0.112 seconds
[2026-07-15T14:22:09.935+0000] {processor.py:161} INFO - Started process (PID=913) to work on /opt/airflow/dags/api_generation_dag1.py
[2026-07-15T14:22:09.940+0000] {processor.py:830} INFO - Processing file /opt/airflow/dags/api_generation_dag1.py for tasks to queue
[2026-07-15T14:22:09.946+0000] {logging_mixin.py:188} INFO - [2026-07-15T14:22:09.945+0000] {dagbag.py:540} INFO - Filling up the DagBag from /opt/airflow/dags/api_generation_dag1.py
[2026-07-15T14:22:09.994+0000] {processor.py:840} INFO - DAG(s) 'api_generation_dag1' retrieved from /opt/airflow/dags/api_generation_dag1.py
[2026-07-15T14:22:10.076+0000] {logging_mixin.py:188} INFO - [2026-07-15T14:22:10.076+0000] {dag.py:3096} INFO - Sync 1 DAGs
[2026-07-15T14:22:10.138+0000] {logging_mixin.py:188} INFO - [2026-07-15T14:22:10.137+0000] {dag.py:3954} INFO - Setting next_dagrun for api_generation_dag1 to 2026-07-15 13:00:00+00:00, run_after=2026-07-15 14:00:00+00:00
[2026-07-15T14:22:10.218+0000] {processor.py:183} INFO - Processing /opt/airflow/dags/api_generation_dag1.py took 0.302 seconds
[2026-07-15T14:22:40.531+0000] {processor.py:161} INFO - Started process (PID=938) to work on /opt/airflow/dags/api_generation_dag1.py
[2026-07-15T14:22:40.533+0000] {processor.py:830} INFO - Processing file /opt/airflow/dags/api_generation_dag1.py for tasks to queue
[2026-07-15T14:22:40.545+0000] {logging_mixin.py:188} INFO - [2026-07-15T14:22:40.544+0000] {dagbag.py:540} INFO - Filling up the DagBag from /opt/airflow/dags/api_generation_dag1.py
[2026-07-15T14:22:40.601+0000] {processor.py:840} INFO - DAG(s) 'api_generation_dag1' retrieved from /opt/airflow/dags/api_generation_dag1.py
[2026-07-15T14:22:40.706+0000] {logging_mixin.py:188} INFO - [2026-07-15T14:22:40.706+0000] {dag.py:3096} INFO - Sync 1 DAGs
[2026-07-15T14:22:40.792+0000] {logging_mixin.py:188} INFO - [2026-07-15T14:22:40.792+0000] {dag.py:3954} INFO - Setting next_dagrun for api_generation_dag1 to 2026-07-15 13:00:00+00:00, run_after=2026-07-15 14:00:00+00:00
[2026-07-15T14:22:40.903+0000] {processor.py:183} INFO - Processing /opt/airflow/dags/api_generation_dag1.py took 0.388 seconds
[2026-07-15T14:23:11.275+0000] {processor.py:161} INFO - Started process (PID=963) to work on /opt/airflow/dags/api_generation_dag1.py
[2026-07-15T14:23:11.278+0000] {processor.py:830} INFO - Processing file /opt/airflow/dags/api_generation_dag1.py for tasks to queue
[2026-07-15T14:23:11.282+0000] {logging_mixin.py:188} INFO - [2026-07-15T14:23:11.281+0000] {dagbag.py:540} INFO - Filling up the DagBag from /opt/airflow/dags/api_generation_dag1.py
[2026-07-15T14:23:11.319+0000] {processor.py:840} INFO - DAG(s) 'api_generation_dag1' retrieved from /opt/airflow/dags/api_generation_dag1.py
[2026-07-15T14:23:11.370+0000] {logging_mixin.py:188} INFO - [2026-07-15T14:23:11.369+0000] {dag.py:3096} INFO - Sync 1 DAGs
[2026-07-15T14:23:11.413+0000] {logging_mixin.py:188} INFO - [2026-07-15T14:23:11.413+0000] {dag.py:3954} INFO - Setting next_dagrun for api_generation_dag1 to 2026-07-15 13:00:00+00:00, run_after=2026-07-15 14:00:00+00:00
[2026-07-15T14:23:11.449+0000] {processor.py:183} INFO - Processing /opt/airflow/dags/api_generation_dag1.py took 0.186 seconds
[2026-07-15T14:23:41.872+0000] {processor.py:161} INFO - Started process (PID=988) to work on /opt/airflow/dags/api_generation_dag1.py
[2026-07-15T14:23:41.876+0000] {processor.py:830} INFO - Processing file /opt/airflow/dags/api_generation_dag1.py for tasks to queue
[2026-07-15T14:23:41.882+0000] {logging_mixin.py:188} INFO - [2026-07-15T14:23:41.882+0000] {dagbag.py:540} INFO - Filling up the DagBag from /opt/airflow/dags/api_generation_dag1.py
[2026-07-15T14:23:41.943+0000] {processor.py:840} INFO - DAG(s) 'api_generation_dag1' retrieved from /opt/airflow/dags/api_generation_dag1.py
[2026-07-15T14:23:42.014+0000] {logging_mixin.py:188} INFO - [2026-07-15T14:23:42.014+0000] {dag.py:3096} INFO - Sync 1 DAGs
[2026-07-15T14:23:42.087+0000] {logging_mixin.py:188} INFO - [2026-07-15T14:23:42.087+0000] {dag.py:3954} INFO - Setting next_dagrun for api_generation_dag1 to 2026-07-15 13:00:00+00:00, run_after=2026-07-15 14:00:00+00:00
[2026-07-15T14:23:42.138+0000] {processor.py:183} INFO - Processing /opt/airflow/dags/api_generation_dag1.py took 0.284 seconds
[2026-07-15T14:24:12.827+0000] {processor.py:161} INFO - Started process (PID=1027) to work on /opt/airflow/dags/api_generation_dag1.py
[2026-07-15T14:24:12.829+0000] {processor.py:830} INFO - Processing file /opt/airflow/dags/api_generation_dag1.py for tasks to queue
[2026-07-15T14:24:12.833+0000] {logging_mixin.py:188} INFO - [2026-07-15T14:24:12.833+0000] {dagbag.py:540} INFO - Filling up the DagBag from /opt/airflow/dags/api_generation_dag1.py
[2026-07-15T14:24:12.870+0000] {processor.py:840} INFO - DAG(s) 'api_generation_dag1' retrieved from /opt/airflow/dags/api_generation_dag1.py
[2026-07-15T14:24:12.914+0000] {logging_mixin.py:188} INFO - [2026-07-15T14:24:12.914+0000] {dag.py:3096} INFO - Sync 1 DAGs
[2026-07-15T14:24:12.955+0000] {logging_mixin.py:188} INFO - [2026-07-15T14:24:12.953+0000] {dag.py:3954} INFO - Setting next_dagrun for api_generation_dag1 to 2026-07-15 13:00:00+00:00, run_after=2026-07-15 14:00:00+00:00
[2026-07-15T14:24:13.004+0000] {processor.py:183} INFO - Processing /opt/airflow/dags/api_generation_dag1.py took 0.189 seconds
[2026-07-15T14:47:17.457+0000] {processor.py:161} INFO - Started process (PID=1052) to work on /opt/airflow/dags/api_generation_dag1.py
[2026-07-15T14:47:17.487+0000] {processor.py:830} INFO - Processing file /opt/airflow/dags/api_generation_dag1.py for tasks to queue
[2026-07-15T14:47:17.513+0000] {logging_mixin.py:188} INFO - [2026-07-15T14:47:17.504+0000] {dagbag.py:540} INFO - Filling up the DagBag from /opt/airflow/dags/api_generation_dag1.py
[2026-07-15T14:47:17.638+0000] {processor.py:840} INFO - DAG(s) 'api_generation_dag1' retrieved from /opt/airflow/dags/api_generation_dag1.py
[2026-07-15T14:47:17.825+0000] {logging_mixin.py:188} INFO - [2026-07-15T14:47:17.824+0000] {dag.py:3096} INFO - Sync 1 DAGs
[2026-07-15T14:47:17.930+0000] {logging_mixin.py:188} INFO - [2026-07-15T14:47:17.929+0000] {dag.py:3954} INFO - Setting next_dagrun for api_generation_dag1 to 2026-07-15 13:00:00+00:00, run_after=2026-07-15 14:00:00+00:00
[2026-07-15T14:47:17.984+0000] {processor.py:183} INFO - Processing /opt/airflow/dags/api_generation_dag1.py took 0.553 seconds
[2026-07-15T15:14:24.484+0000] {processor.py:161} INFO - Started process (PID=1082) to work on /opt/airflow/dags/api_generation_dag1.py
[2026-07-15T15:14:24.490+0000] {processor.py:830} INFO - Processing file /opt/airflow/dags/api_generation_dag1.py for tasks to queue
[2026-07-15T15:14:24.498+0000] {logging_mixin.py:188} INFO - [2026-07-15T15:14:24.497+0000] {dagbag.py:540} INFO - Filling up the DagBag from /opt/airflow/dags/api_generation_dag1.py
[2026-07-15T15:14:24.542+0000] {processor.py:840} INFO - DAG(s) 'api_generation_dag1' retrieved from /opt/airflow/dags/api_generation_dag1.py
[2026-07-15T15:14:24.605+0000] {logging_mixin.py:188} INFO - [2026-07-15T15:14:24.605+0000] {dag.py:3096} INFO - Sync 1 DAGs
[2026-07-15T15:14:24.714+0000] {logging_mixin.py:188} INFO - [2026-07-15T15:14:24.713+0000] {dag.py:3954} INFO - Setting next_dagrun for api_generation_dag1 to 2026-07-15 14:00:00+00:00, run_after=2026-07-15 15:00:00+00:00
[2026-07-15T15:14:24.808+0000] {processor.py:183} INFO - Processing /opt/airflow/dags/api_generation_dag1.py took 0.345 seconds
[2026-07-15T15:14:55.484+0000] {processor.py:161} INFO - Started process (PID=1124) to work on /opt/airflow/dags/api_generation_dag1.py
[2026-07-15T15:14:55.487+0000] {processor.py:830} INFO - Processing file /opt/airflow/dags/api_generation_dag1.py for tasks to queue
[2026-07-15T15:14:55.551+0000] {logging_mixin.py:188} INFO - [2026-07-15T15:14:55.496+0000] {dagbag.py:540} INFO - Filling up the DagBag from /opt/airflow/dags/api_generation_dag1.py
[2026-07-15T15:14:55.719+0000] {processor.py:840} INFO - DAG(s) 'api_generation_dag1' retrieved from /opt/airflow/dags/api_generation_dag1.py
[2026-07-15T15:14:55.954+0000] {logging_mixin.py:188} INFO - [2026-07-15T15:14:55.954+0000] {dag.py:3096} INFO - Sync 1 DAGs
[2026-07-15T15:14:56.150+0000] {logging_mixin.py:188} INFO - [2026-07-15T15:14:56.149+0000] {dag.py:3954} INFO - Setting next_dagrun for api_generation_dag1 to 2026-07-15 14:00:00+00:00, run_after=2026-07-15 15:00:00+00:00
[2026-07-15T15:14:56.242+0000] {processor.py:183} INFO - Processing /opt/airflow/dags/api_generation_dag1.py took 0.786 seconds
[2026-07-15T15:15:26.828+0000] {processor.py:161} INFO - Started process (PID=1149) to work on /opt/airflow/dags/api_generation_dag1.py
[2026-07-15T15:15:26.843+0000] {processor.py:830} INFO - Processing file /opt/airflow/dags/api_generation_dag1.py for tasks to queue
[2026-07-15T15:15:26.854+0000] {logging_mixin.py:188} INFO - [2026-07-15T15:15:26.853+0000] {dagbag.py:540} INFO - Filling up the DagBag from /opt/airflow/dags/api_generation_dag1.py
[2026-07-15T15:15:27.010+0000] {processor.py:840} INFO - DAG(s) 'api_generation_dag1' retrieved from /opt/airflow/dags/api_generation_dag1.py
[2026-07-15T15:15:27.498+0000] {logging_mixin.py:188} INFO - [2026-07-15T15:15:27.498+0000] {dag.py:3096} INFO - Sync 1 DAGs
[2026-07-15T15:15:27.950+0000] {logging_mixin.py:188} INFO - [2026-07-15T15:15:27.946+0000] {dag.py:3954} INFO - Setting next_dagrun for api_generation_dag1 to 2026-07-15 14:00:00+00:00, run_after=2026-07-15 15:00:00+00:00
[2026-07-15T15:15:28.354+0000] {processor.py:183} INFO - Processing /opt/airflow/dags/api_generation_dag1.py took 1.592 seconds
[2026-07-15T15:15:58.852+0000] {processor.py:161} INFO - Started process (PID=1172) to work on /opt/airflow/dags/api_generation_dag1.py
[2026-07-15T15:15:58.858+0000] {processor.py:830} INFO - Processing file /opt/airflow/dags/api_generation_dag1.py for tasks to queue
[2026-07-15T15:15:58.894+0000] {logging_mixin.py:188} INFO - [2026-07-15T15:15:58.892+0000] {dagbag.py:540} INFO - Filling up the DagBag from /opt/airflow/dags/api_generation_dag1.py
[2026-07-15T15:15:58.983+0000] {processor.py:840} INFO - DAG(s) 'api_generation_dag1' retrieved from /opt/airflow/dags/api_generation_dag1.py
[2026-07-15T15:15:59.170+0000] {logging_mixin.py:188} INFO - [2026-07-15T15:15:59.169+0000] {dag.py:3096} INFO - Sync 1 DAGs
[2026-07-15T15:15:59.309+0000] {logging_mixin.py:188} INFO - [2026-07-15T15:15:59.309+0000] {dag.py:3954} INFO - Setting next_dagrun for api_generation_dag1 to 2026-07-15 14:00:00+00:00, run_after=2026-07-15 15:00:00+00:00
[2026-07-15T15:15:59.369+0000] {processor.py:183} INFO - Processing /opt/airflow/dags/api_generation_dag1.py took 0.597 seconds
[2026-07-15T15:16:29.554+0000] {processor.py:161} INFO - Started process (PID=1205) to work on /opt/airflow/dags/api_generation_dag1.py
[2026-07-15T15:16:29.556+0000] {processor.py:830} INFO - Processing file /opt/airflow/dags/api_generation_dag1.py for tasks to queue
[2026-07-15T15:16:29.560+0000] {logging_mixin.py:188} INFO - [2026-07-15T15:16:29.559+0000] {dagbag.py:540} INFO - Filling up the DagBag from /opt/airflow/dags/api_generation_dag1.py
[2026-07-15T15:16:29.590+0000] {processor.py:840} INFO - DAG(s) 'api_generation_dag1' retrieved from /opt/airflow/dags/api_generation_dag1.py
[2026-07-15T15:16:29.650+0000] {logging_mixin.py:188} INFO - [2026-07-15T15:16:29.650+0000] {dag.py:3096} INFO - Sync 1 DAGs
[2026-07-15T15:16:29.681+0000] {logging_mixin.py:188} INFO - [2026-07-15T15:16:29.680+0000] {dag.py:3954} INFO - Setting next_dagrun for api_generation_dag1 to 2026-07-15 14:00:00+00:00, run_after=2026-07-15 15:00:00+00:00
[2026-07-15T15:16:29.705+0000] {processor.py:183} INFO - Processing /opt/airflow/dags/api_generation_dag1.py took 0.162 seconds
[2026-07-15T15:16:59.866+0000] {processor.py:161} INFO - Started process (PID=1247) to work on /opt/airflow/dags/api_generation_dag1.py
[2026-07-15T15:16:59.868+0000] {processor.py:830} INFO - Processing file /opt/airflow/dags/api_generation_dag1.py for tasks to queue
[2026-07-15T15:16:59.871+0000] {logging_mixin.py:188} INFO - [2026-07-15T15:16:59.871+0000] {dagbag.py:540} INFO - Filling up the DagBag from /opt/airflow/dags/api_generation_dag1.py
[2026-07-15T15:16:59.902+0000] {processor.py:840} INFO - DAG(s) 'api_generation_dag1' retrieved from /opt/airflow/dags/api_generation_dag1.py
[2026-07-15T15:16:59.942+0000] {logging_mixin.py:188} INFO - [2026-07-15T15:16:59.941+0000] {dag.py:3096} INFO - Sync 1 DAGs
[2026-07-15T15:16:59.975+0000] {logging_mixin.py:188} INFO - [2026-07-15T15:16:59.974+0000] {dag.py:3954} INFO - Setting next_dagrun for api_generation_dag1 to 2026-07-15 14:00:00+00:00, run_after=2026-07-15 15:00:00+00:00
[2026-07-15T15:17:00.000+0000] {processor.py:183} INFO - Processing /opt/airflow/dags/api_generation_dag1.py took 0.144 seconds
[2026-07-15T15:17:30.180+0000] {processor.py:161} INFO - Started process (PID=1270) to work on /opt/airflow/dags/api_generation_dag1.py
[2026-07-15T15:17:30.185+0000] {processor.py:830} INFO - Processing file /opt/airflow/dags/api_generation_dag1.py for tasks to queue
[2026-07-15T15:17:30.199+0000] {logging_mixin.py:188} INFO - [2026-07-15T15:17:30.198+0000] {dagbag.py:540} INFO - Filling up the DagBag from /opt/airflow/dags/api_generation_dag1.py
[2026-07-15T15:17:30.275+0000] {processor.py:840} INFO - DAG(s) 'api_generation_dag1' retrieved from /opt/airflow/dags/api_generation_dag1.py
[2026-07-15T15:17:30.355+0000] {logging_mixin.py:188} INFO - [2026-07-15T15:17:30.355+0000] {dag.py:3096} INFO - Sync 1 DAGs
[2026-07-15T15:17:30.433+0000] {logging_mixin.py:188} INFO - [2026-07-15T15:17:30.433+0000] {dag.py:3954} INFO - Setting next_dagrun for api_generation_dag1 to 2026-07-15 14:00:00+00:00, run_after=2026-07-15 15:00:00+00:00
[2026-07-15T15:17:30.491+0000] {processor.py:183} INFO - Processing /opt/airflow/dags/api_generation_dag1.py took 0.339 seconds
[2026-07-15T15:18:00.855+0000] {processor.py:161} INFO - Started process (PID=1295) to work on /opt/airflow/dags/api_generation_dag1.py
[2026-07-15T15:18:00.866+0000] {processor.py:830} INFO - Processing file /opt/airflow/dags/api_generation_dag1.py for tasks to queue
[2026-07-15T15:18:00.883+0000] {logging_mixin.py:188} INFO - [2026-07-15T15:18:00.881+0000] {dagbag.py:540} INFO - Filling up the DagBag from /opt/airflow/dags/api_generation_dag1.py
[2026-07-15T15:18:00.967+0000] {processor.py:840} INFO - DAG(s) 'api_generation_dag1' retrieved from /opt/airflow/dags/api_generation_dag1.py
[2026-07-15T15:18:01.073+0000] {logging_mixin.py:188} INFO - [2026-07-15T15:18:01.073+0000] {dag.py:3096} INFO - Sync 1 DAGs
[2026-07-15T15:18:01.156+0000] {logging_mixin.py:188} INFO - [2026-07-15T15:18:01.155+0000] {dag.py:3954} INFO - Setting next_dagrun for api_generation_dag1 to 2026-07-15 14:00:00+00:00, run_after=2026-07-15 15:00:00+00:00
[2026-07-15T15:18:01.217+0000] {processor.py:183} INFO - Processing /opt/airflow/dags/api_generation_dag1.py took 0.412 seconds
[2026-07-15T15:18:31.629+0000] {processor.py:161} INFO - Started process (PID=1322) to work on /opt/airflow/dags/api_generation_dag1.py
[2026-07-15T15:18:31.634+0000] {processor.py:830} INFO - Processing file /opt/airflow/dags/api_generation_dag1.py for tasks to queue
[2026-07-15T15:18:31.641+0000] {logging_mixin.py:188} INFO - [2026-07-15T15:18:31.640+0000] {dagbag.py:540} INFO - Filling up the DagBag from /opt/airflow/dags/api_generation_dag1.py
[2026-07-15T15:18:31.686+0000] {processor.py:840} INFO - DAG(s) 'api_generation_dag1' retrieved from /opt/airflow/dags/api_generation_dag1.py
[2026-07-15T15:18:31.771+0000] {logging_mixin.py:188} INFO - [2026-07-15T15:18:31.765+0000] {dag.py:3096} INFO - Sync 1 DAGs
[2026-07-15T15:18:31.877+0000] {logging_mixin.py:188} INFO - [2026-07-15T15:18:31.877+0000] {dag.py:3954} INFO - Setting next_dagrun for api_generation_dag1 to 2026-07-15 14:00:00+00:00, run_after=2026-07-15 15:00:00+00:00
[2026-07-15T15:18:31.939+0000] {processor.py:183} INFO - Processing /opt/airflow/dags/api_generation_dag1.py took 0.326 seconds
[2026-07-15T15:19:02.334+0000] {processor.py:161} INFO - Started process (PID=1358) to work on /opt/airflow/dags/api_generation_dag1.py
[2026-07-15T15:19:02.338+0000] {processor.py:830} INFO - Processing file /opt/airflow/dags/api_generation_dag1.py for tasks to queue
[2026-07-15T15:19:02.346+0000] {logging_mixin.py:188} INFO - [2026-07-15T15:19:02.345+0000] {dagbag.py:540} INFO - Filling up the DagBag from /opt/airflow/dags/api_generation_dag1.py
[2026-07-15T15:19:02.426+0000] {processor.py:840} INFO - DAG(s) 'api_generation_dag1' retrieved from /opt/airflow/dags/api_generation_dag1.py
[2026-07-15T15:19:02.514+0000] {logging_mixin.py:188} INFO - [2026-07-15T15:19:02.513+0000] {dag.py:3096} INFO - Sync 1 DAGs
[2026-07-15T15:19:02.583+0000] {logging_mixin.py:188} INFO - [2026-07-15T15:19:02.582+0000] {dag.py:3954} INFO - Setting next_dagrun for api_generation_dag1 to 2026-07-15 14:00:00+00:00, run_after=2026-07-15 15:00:00+00:00
[2026-07-15T15:19:02.638+0000] {processor.py:183} INFO - Processing /opt/airflow/dags/api_generation_dag1.py took 0.328 seconds
[2026-07-15T15:19:33.457+0000] {processor.py:161} INFO - Started process (PID=1383) to work on /opt/airflow/dags/api_generation_dag1.py
[2026-07-15T15:19:33.460+0000] {processor.py:830} INFO - Processing file /opt/airflow/dags/api_generation_dag1.py for tasks to queue
[2026-07-15T15:19:33.468+0000] {logging_mixin.py:188} INFO - [2026-07-15T15:19:33.467+0000] {dagbag.py:540} INFO - Filling up the DagBag from /opt/airflow/dags/api_generation_dag1.py
[2026-07-15T15:19:33.525+0000] {processor.py:840} INFO - DAG(s) 'api_generation_dag1' retrieved from /opt/airflow/dags/api_generation_dag1.py
[2026-07-15T15:19:33.604+0000] {logging_mixin.py:188} INFO - [2026-07-15T15:19:33.603+0000] {dag.py:3096} INFO - Sync 1 DAGs
[2026-07-15T15:19:33.671+0000] {logging_mixin.py:188} INFO - [2026-07-15T15:19:33.670+0000] {dag.py:3954} INFO - Setting next_dagrun for api_generation_dag1 to 2026-07-15 14:00:00+00:00, run_after=2026-07-15 15:00:00+00:00
[2026-07-15T15:19:33.721+0000] {processor.py:183} INFO - Processing /opt/airflow/dags/api_generation_dag1.py took 0.283 seconds
[2026-07-15T15:20:04.203+0000] {processor.py:161} INFO - Started process (PID=1408) to work on /opt/airflow/dags/api_generation_dag1.py
[2026-07-15T15:20:04.209+0000] {processor.py:830} INFO - Processing file /opt/airflow/dags/api_generation_dag1.py for tasks to queue
[2026-07-15T15:20:04.216+0000] {logging_mixin.py:188} INFO - [2026-07-15T15:20:04.214+0000] {dagbag.py:540} INFO - Filling up the DagBag from /opt/airflow/dags/api_generation_dag1.py
[2026-07-15T15:20:04.273+0000] {processor.py:840} INFO - DAG(s) 'api_generation_dag1' retrieved from /opt/airflow/dags/api_generation_dag1.py
[2026-07-15T15:20:04.363+0000] {logging_mixin.py:188} INFO - [2026-07-15T15:20:04.362+0000] {dag.py:3096} INFO - Sync 1 DAGs
[2026-07-15T15:20:04.446+0000] {logging_mixin.py:188} INFO - [2026-07-15T15:20:04.441+0000] {dag.py:3954} INFO - Setting next_dagrun for api_generation_dag1 to 2026-07-15 14:00:00+00:00, run_after=2026-07-15 15:00:00+00:00
[2026-07-15T15:20:04.527+0000] {processor.py:183} INFO - Processing /opt/airflow/dags/api_generation_dag1.py took 0.347 seconds
[2026-07-15T15:20:35.531+0000] {processor.py:161} INFO - Started process (PID=1433) to work on /opt/airflow/dags/api_generation_dag1.py
[2026-07-15T15:20:35.554+0000] {processor.py:830} INFO - Processing file /opt/airflow/dags/api_generation_dag1.py for tasks to queue
[2026-07-15T15:20:35.573+0000] {logging_mixin.py:188} INFO - [2026-07-15T15:20:35.572+0000] {dagbag.py:540} INFO - Filling up the DagBag from /opt/airflow/dags/api_generation_dag1.py
[2026-07-15T15:20:35.680+0000] {processor.py:840} INFO - DAG(s) 'api_generation_dag1' retrieved from /opt/airflow/dags/api_generation_dag1.py
[2026-07-15T15:20:35.793+0000] {logging_mixin.py:188} INFO - [2026-07-15T15:20:35.792+0000] {dag.py:3096} INFO - Sync 1 DAGs
[2026-07-15T15:20:35.867+0000] {logging_mixin.py:188} INFO - [2026-07-15T15:20:35.867+0000] {dag.py:3954} INFO - Setting next_dagrun for api_generation_dag1 to 2026-07-15 14:00:00+00:00, run_after=2026-07-15 15:00:00+00:00
[2026-07-15T15:20:35.922+0000] {processor.py:183} INFO - Processing /opt/airflow/dags/api_generation_dag1.py took 0.411 seconds
[2026-07-15T15:21:06.358+0000] {processor.py:161} INFO - Started process (PID=1458) to work on /opt/airflow/dags/api_generation_dag1.py
[2026-07-15T15:21:06.361+0000] {processor.py:830} INFO - Processing file /opt/airflow/dags/api_generation_dag1.py for tasks to queue
[2026-07-15T15:21:06.367+0000] {logging_mixin.py:188} INFO - [2026-07-15T15:21:06.366+0000] {dagbag.py:540} INFO - Filling up the DagBag from /opt/airflow/dags/api_generation_dag1.py
[2026-07-15T15:21:06.407+0000] {processor.py:840} INFO - DAG(s) 'api_generation_dag1' retrieved from /opt/airflow/dags/api_generation_dag1.py
[2026-07-15T15:21:06.453+0000] {logging_mixin.py:188} INFO - [2026-07-15T15:21:06.452+0000] {dag.py:3096} INFO - Sync 1 DAGs
[2026-07-15T15:21:06.495+0000] {logging_mixin.py:188} INFO - [2026-07-15T15:21:06.494+0000] {dag.py:3954} INFO - Setting next_dagrun for api_generation_dag1 to 2026-07-15 14:00:00+00:00, run_after=2026-07-15 15:00:00+00:00
[2026-07-15T15:21:06.538+0000] {processor.py:183} INFO - Processing /opt/airflow/dags/api_generation_dag1.py took 0.193 seconds
[2026-07-15T15:21:36.978+0000] {processor.py:161} INFO - Started process (PID=1489) to work on /opt/airflow/dags/api_generation_dag1.py
[2026-07-15T15:21:36.980+0000] {processor.py:830} INFO - Processing file /opt/airflow/dags/api_generation_dag1.py for tasks to queue
[2026-07-15T15:21:36.983+0000] {logging_mixin.py:188} INFO - [2026-07-15T15:21:36.983+0000] {dagbag.py:540} INFO - Filling up the DagBag from /opt/airflow/dags/api_generation_dag1.py
[2026-07-15T15:21:37.006+0000] {processor.py:840} INFO - DAG(s) 'api_generation_dag1' retrieved from /opt/airflow/dags/api_generation_dag1.py
[2026-07-15T15:21:37.036+0000] {logging_mixin.py:188} INFO - [2026-07-15T15:21:37.036+0000] {dag.py:3096} INFO - Sync 1 DAGs
[2026-07-15T15:21:37.067+0000] {logging_mixin.py:188} INFO - [2026-07-15T15:21:37.066+0000] {dag.py:3954} INFO - Setting next_dagrun for api_generation_dag1 to 2026-07-15 14:00:00+00:00, run_after=2026-07-15 15:00:00+00:00
[2026-07-15T15:21:37.096+0000] {processor.py:183} INFO - Processing /opt/airflow/dags/api_generation_dag1.py took 0.129 seconds
[2026-07-15T15:22:07.500+0000] {processor.py:161} INFO - Started process (PID=1514) to work on /opt/airflow/dags/api_generation_dag1.py
[2026-07-15T15:22:07.501+0000] {processor.py:830} INFO - Processing file /opt/airflow/dags/api_generation_dag1.py for tasks to queue
[2026-07-15T15:22:07.504+0000] {logging_mixin.py:188} INFO - [2026-07-15T15:22:07.503+0000] {dagbag.py:540} INFO - Filling up the DagBag from /opt/airflow/dags/api_generation_dag1.py
[2026-07-15T15:22:07.525+0000] {processor.py:840} INFO - DAG(s) 'api_generation_dag1' retrieved from /opt/airflow/dags/api_generation_dag1.py
[2026-07-15T15:22:07.557+0000] {logging_mixin.py:188} INFO - [2026-07-15T15:22:07.556+0000] {dag.py:3096} INFO - Sync 1 DAGs
[2026-07-15T15:22:07.587+0000] {logging_mixin.py:188} INFO - [2026-07-15T15:22:07.587+0000] {dag.py:3954} INFO - Setting next_dagrun for api_generation_dag1 to 2026-07-15 14:00:00+00:00, run_after=2026-07-15 15:00:00+00:00
[2026-07-15T15:22:07.625+0000] {processor.py:183} INFO - Processing /opt/airflow/dags/api_generation_dag1.py took 0.133 seconds
[2026-07-15T15:22:38.038+0000] {processor.py:161} INFO - Started process (PID=1539) to work on /opt/airflow/dags/api_generation_dag1.py
[2026-07-15T15:22:38.040+0000] {processor.py:830} INFO - Processing file /opt/airflow/dags/api_generation_dag1.py for tasks to queue
[2026-07-15T15:22:38.043+0000] {logging_mixin.py:188} INFO - [2026-07-15T15:22:38.042+0000] {dagbag.py:540} INFO - Filling up the DagBag from /opt/airflow/dags/api_generation_dag1.py
[2026-07-15T15:22:38.064+0000] {processor.py:840} INFO - DAG(s) 'api_generation_dag1' retrieved from /opt/airflow/dags/api_generation_dag1.py
[2026-07-15T15:22:38.094+0000] {logging_mixin.py:188} INFO - [2026-07-15T15:22:38.093+0000] {dag.py:3096} INFO - Sync 1 DAGs
[2026-07-15T15:22:38.123+0000] {logging_mixin.py:188} INFO - [2026-07-15T15:22:38.122+0000] {dag.py:3954} INFO - Setting next_dagrun for api_generation_dag1 to 2026-07-15 14:00:00+00:00, run_after=2026-07-15 15:00:00+00:00
[2026-07-15T15:22:38.147+0000] {processor.py:183} INFO - Processing /opt/airflow/dags/api_generation_dag1.py took 0.120 seconds
[2026-07-15T15:23:08.704+0000] {processor.py:161} INFO - Started process (PID=1564) to work on /opt/airflow/dags/api_generation_dag1.py
[2026-07-15T15:23:08.706+0000] {processor.py:830} INFO - Processing file /opt/airflow/dags/api_generation_dag1.py for tasks to queue
[2026-07-15T15:23:08.710+0000] {logging_mixin.py:188} INFO - [2026-07-15T15:23:08.710+0000] {dagbag.py:540} INFO - Filling up the DagBag from /opt/airflow/dags/api_generation_dag1.py
[2026-07-15T15:23:08.730+0000] {processor.py:840} INFO - DAG(s) 'api_generation_dag1' retrieved from /opt/airflow/dags/api_generation_dag1.py
[2026-07-15T15:23:08.763+0000] {logging_mixin.py:188} INFO - [2026-07-15T15:23:08.762+0000] {dag.py:3096} INFO - Sync 1 DAGs
[2026-07-15T15:23:08.790+0000] {logging_mixin.py:188} INFO - [2026-07-15T15:23:08.790+0000] {dag.py:3954} INFO - Setting next_dagrun for api_generation_dag1 to 2026-07-15 14:00:00+00:00, run_after=2026-07-15 15:00:00+00:00
[2026-07-15T15:23:08.816+0000] {processor.py:183} INFO - Processing /opt/airflow/dags/api_generation_dag1.py took 0.119 seconds
[2026-07-15T15:23:39.182+0000] {processor.py:161} INFO - Started process (PID=1589) to work on /opt/airflow/dags/api_generation_dag1.py
[2026-07-15T15:23:39.183+0000] {processor.py:830} INFO - Processing file /opt/airflow/dags/api_generation_dag1.py for tasks to queue
[2026-07-15T15:23:39.185+0000] {logging_mixin.py:188} INFO - [2026-07-15T15:23:39.185+0000] {dagbag.py:540} INFO - Filling up the DagBag from /opt/airflow/dags/api_generation_dag1.py
[2026-07-15T15:23:39.206+0000] {processor.py:840} INFO - DAG(s) 'api_generation_dag1' retrieved from /opt/airflow/dags/api_generation_dag1.py
[2026-07-15T15:23:39.232+0000] {logging_mixin.py:188} INFO - [2026-07-15T15:23:39.232+0000] {dag.py:3096} INFO - Sync 1 DAGs
[2026-07-15T15:23:39.258+0000] {logging_mixin.py:188} INFO - [2026-07-15T15:23:39.258+0000] {dag.py:3954} INFO - Setting next_dagrun for api_generation_dag1 to 2026-07-15 14:00:00+00:00, run_after=2026-07-15 15:00:00+00:00
[2026-07-15T15:23:39.280+0000] {processor.py:183} INFO - Processing /opt/airflow/dags/api_generation_dag1.py took 0.106 seconds
[2026-07-15T15:24:09.899+0000] {processor.py:161} INFO - Started process (PID=1614) to work on /opt/airflow/dags/api_generation_dag1.py
[2026-07-15T15:24:09.900+0000] {processor.py:830} INFO - Processing file /opt/airflow/dags/api_generation_dag1.py for tasks to queue
[2026-07-15T15:24:09.903+0000] {logging_mixin.py:188} INFO - [2026-07-15T15:24:09.902+0000] {dagbag.py:540} INFO - Filling up the DagBag from /opt/airflow/dags/api_generation_dag1.py
[2026-07-15T15:24:09.921+0000] {processor.py:840} INFO - DAG(s) 'api_generation_dag1' retrieved from /opt/airflow/dags/api_generation_dag1.py
[2026-07-15T15:24:09.948+0000] {logging_mixin.py:188} INFO - [2026-07-15T15:24:09.948+0000] {dag.py:3096} INFO - Sync 1 DAGs
[2026-07-15T15:24:09.974+0000] {logging_mixin.py:188} INFO - [2026-07-15T15:24:09.974+0000] {dag.py:3954} INFO - Setting next_dagrun for api_generation_dag1 to 2026-07-15 14:00:00+00:00, run_after=2026-07-15 15:00:00+00:00
[2026-07-15T15:24:09.997+0000] {processor.py:183} INFO - Processing /opt/airflow/dags/api_generation_dag1.py took 0.104 seconds
[2026-07-15T15:24:40.615+0000] {processor.py:161} INFO - Started process (PID=1639) to work on /opt/airflow/dags/api_generation_dag1.py
[2026-07-15T15:24:40.616+0000] {processor.py:830} INFO - Processing file /opt/airflow/dags/api_generation_dag1.py for tasks to queue
[2026-07-15T15:24:40.618+0000] {logging_mixin.py:188} INFO - [2026-07-15T15:24:40.618+0000] {dagbag.py:540} INFO - Filling up the DagBag from /opt/airflow/dags/api_generation_dag1.py
[2026-07-15T15:24:40.636+0000] {processor.py:840} INFO - DAG(s) 'api_generation_dag1' retrieved from /opt/airflow/dags/api_generation_dag1.py
[2026-07-15T15:24:40.661+0000] {logging_mixin.py:188} INFO - [2026-07-15T15:24:40.660+0000] {dag.py:3096} INFO - Sync 1 DAGs
[2026-07-15T15:24:40.684+0000] {logging_mixin.py:188} INFO - [2026-07-15T15:24:40.684+0000] {dag.py:3954} INFO - Setting next_dagrun for api_generation_dag1 to 2026-07-15 14:00:00+00:00, run_after=2026-07-15 15:00:00+00:00
[2026-07-15T15:24:40.705+0000] {processor.py:183} INFO - Processing /opt/airflow/dags/api_generation_dag1.py took 0.098 seconds
[2026-07-15T15:25:11.129+0000] {processor.py:161} INFO - Started process (PID=1664) to work on /opt/airflow/dags/api_generation_dag1.py
[2026-07-15T15:25:11.130+0000] {processor.py:830} INFO - Processing file /opt/airflow/dags/api_generation_dag1.py for tasks to queue
[2026-07-15T15:25:11.133+0000] {logging_mixin.py:188} INFO - [2026-07-15T15:25:11.133+0000] {dagbag.py:540} INFO - Filling up the DagBag from /opt/airflow/dags/api_generation_dag1.py
[2026-07-15T15:25:11.154+0000] {processor.py:840} INFO - DAG(s) 'api_generation_dag1' retrieved from /opt/airflow/dags/api_generation_dag1.py
[2026-07-15T15:25:11.179+0000] {logging_mixin.py:188} INFO - [2026-07-15T15:25:11.179+0000] {dag.py:3096} INFO - Sync 1 DAGs
[2026-07-15T15:25:11.201+0000] {logging_mixin.py:188} INFO - [2026-07-15T15:25:11.201+0000] {dag.py:3954} INFO - Setting next_dagrun for api_generation_dag1 to 2026-07-15 14:00:00+00:00, run_after=2026-07-15 15:00:00+00:00
[2026-07-15T15:25:11.223+0000] {processor.py:183} INFO - Processing /opt/airflow/dags/api_generation_dag1.py took 0.101 seconds
[2026-07-15T15:25:41.801+0000] {processor.py:161} INFO - Started process (PID=1689) to work on /opt/airflow/dags/api_generation_dag1.py
[2026-07-15T15:25:41.802+0000] {processor.py:830} INFO - Processing file /opt/airflow/dags/api_generation_dag1.py for tasks to queue
[2026-07-15T15:25:41.806+0000] {logging_mixin.py:188} INFO - [2026-07-15T15:25:41.805+0000] {dagbag.py:540} INFO - Filling up the DagBag from /opt/airflow/dags/api_generation_dag1.py
[2026-07-15T15:25:41.835+0000] {processor.py:840} INFO - DAG(s) 'api_generation_dag1' retrieved from /opt/airflow/dags/api_generation_dag1.py
[2026-07-15T15:25:41.886+0000] {logging_mixin.py:188} INFO - [2026-07-15T15:25:41.886+0000] {dag.py:3096} INFO - Sync 1 DAGs
[2026-07-15T15:25:41.918+0000] {logging_mixin.py:188} INFO - [2026-07-15T15:25:41.917+0000] {dag.py:3954} INFO - Setting next_dagrun for api_generation_dag1 to 2026-07-15 14:00:00+00:00, run_after=2026-07-15 15:00:00+00:00
[2026-07-15T15:25:41.953+0000] {processor.py:183} INFO - Processing /opt/airflow/dags/api_generation_dag1.py took 0.163 seconds
[2026-07-15T15:26:12.374+0000] {processor.py:161} INFO - Started process (PID=1714) to work on /opt/airflow/dags/api_generation_dag1.py
[2026-07-15T15:26:12.376+0000] {processor.py:830} INFO - Processing file /opt/airflow/dags/api_generation_dag1.py for tasks to queue
[2026-07-15T15:26:12.378+0000] {logging_mixin.py:188} INFO - [2026-07-15T15:26:12.378+0000] {dagbag.py:540} INFO - Filling up the DagBag from /opt/airflow/dags/api_generation_dag1.py
[2026-07-15T15:26:12.396+0000] {processor.py:840} INFO - DAG(s) 'api_generation_dag1' retrieved from /opt/airflow/dags/api_generation_dag1.py
[2026-07-15T15:26:12.425+0000] {logging_mixin.py:188} INFO - [2026-07-15T15:26:12.425+0000] {dag.py:3096} INFO - Sync 1 DAGs
[2026-07-15T15:26:12.449+0000] {logging_mixin.py:188} INFO - [2026-07-15T15:26:12.448+0000] {dag.py:3954} INFO - Setting next_dagrun for api_generation_dag1 to 2026-07-15 14:00:00+00:00, run_after=2026-07-15 15:00:00+00:00
[2026-07-15T15:26:12.473+0000] {processor.py:183} INFO - Processing /opt/airflow/dags/api_generation_dag1.py took 0.105 seconds
[2026-07-15T15:26:42.981+0000] {processor.py:161} INFO - Started process (PID=1739) to work on /opt/airflow/dags/api_generation_dag1.py
[2026-07-15T15:26:42.983+0000] {processor.py:830} INFO - Processing file /opt/airflow/dags/api_generation_dag1.py for tasks to queue
[2026-07-15T15:26:42.986+0000] {logging_mixin.py:188} INFO - [2026-07-15T15:26:42.985+0000] {dagbag.py:540} INFO - Filling up the DagBag from /opt/airflow/dags/api_generation_dag1.py
[2026-07-15T15:26:43.003+0000] {processor.py:840} INFO - DAG(s) 'api_generation_dag1' retrieved from /opt/airflow/dags/api_generation_dag1.py
[2026-07-15T15:26:43.032+0000] {logging_mixin.py:188} INFO - [2026-07-15T15:26:43.032+0000] {dag.py:3096} INFO - Sync 1 DAGs
[2026-07-15T15:26:43.079+0000] {logging_mixin.py:188} INFO - [2026-07-15T15:26:43.078+0000] {dag.py:3954} INFO - Setting next_dagrun for api_generation_dag1 to 2026-07-15 14:00:00+00:00, run_after=2026-07-15 15:00:00+00:00
[2026-07-15T15:26:43.128+0000] {processor.py:183} INFO - Processing /opt/airflow/dags/api_generation_dag1.py took 0.154 seconds
[2026-07-15T15:27:13.489+0000] {processor.py:161} INFO - Started process (PID=1764) to work on /opt/airflow/dags/api_generation_dag1.py
[2026-07-15T15:27:13.490+0000] {processor.py:830} INFO - Processing file /opt/airflow/dags/api_generation_dag1.py for tasks to queue
[2026-07-15T15:27:13.493+0000] {logging_mixin.py:188} INFO - [2026-07-15T15:27:13.492+0000] {dagbag.py:540} INFO - Filling up the DagBag from /opt/airflow/dags/api_generation_dag1.py
[2026-07-15T15:27:13.511+0000] {processor.py:840} INFO - DAG(s) 'api_generation_dag1' retrieved from /opt/airflow/dags/api_generation_dag1.py
[2026-07-15T15:27:13.545+0000] {logging_mixin.py:188} INFO - [2026-07-15T15:27:13.544+0000] {dag.py:3096} INFO - Sync 1 DAGs
[2026-07-15T15:27:13.577+0000] {logging_mixin.py:188} INFO - [2026-07-15T15:27:13.576+0000] {dag.py:3954} INFO - Setting next_dagrun for api_generation_dag1 to 2026-07-15 14:00:00+00:00, run_after=2026-07-15 15:00:00+00:00
[2026-07-15T15:27:13.605+0000] {processor.py:183} INFO - Processing /opt/airflow/dags/api_generation_dag1.py took 0.123 seconds
[2026-07-15T15:27:44.083+0000] {processor.py:161} INFO - Started process (PID=1789) to work on /opt/airflow/dags/api_generation_dag1.py
[2026-07-15T15:27:44.084+0000] {processor.py:830} INFO - Processing file /opt/airflow/dags/api_generation_dag1.py for tasks to queue
[2026-07-15T15:27:44.088+0000] {logging_mixin.py:188} INFO - [2026-07-15T15:27:44.087+0000] {dagbag.py:540} INFO - Filling up the DagBag from /opt/airflow/dags/api_generation_dag1.py
[2026-07-15T15:27:44.110+0000] {processor.py:840} INFO - DAG(s) 'api_generation_dag1' retrieved from /opt/airflow/dags/api_generation_dag1.py
[2026-07-15T15:27:44.137+0000] {logging_mixin.py:188} INFO - [2026-07-15T15:27:44.136+0000] {dag.py:3096} INFO - Sync 1 DAGs
[2026-07-15T15:27:44.166+0000] {logging_mixin.py:188} INFO - [2026-07-15T15:27:44.166+0000] {dag.py:3954} INFO - Setting next_dagrun for api_generation_dag1 to 2026-07-15 14:00:00+00:00, run_after=2026-07-15 15:00:00+00:00
[2026-07-15T15:27:44.203+0000] {processor.py:183} INFO - Processing /opt/airflow/dags/api_generation_dag1.py took 0.130 seconds
[2026-07-15T15:28:14.698+0000] {processor.py:161} INFO - Started process (PID=1814) to work on /opt/airflow/dags/api_generation_dag1.py
[2026-07-15T15:28:14.699+0000] {processor.py:830} INFO - Processing file /opt/airflow/dags/api_generation_dag1.py for tasks to queue
[2026-07-15T15:28:14.702+0000] {logging_mixin.py:188} INFO - [2026-07-15T15:28:14.701+0000] {dagbag.py:540} INFO - Filling up the DagBag from /opt/airflow/dags/api_generation_dag1.py
[2026-07-15T15:28:14.720+0000] {processor.py:840} INFO - DAG(s) 'api_generation_dag1' retrieved from /opt/airflow/dags/api_generation_dag1.py
[2026-07-15T15:28:14.744+0000] {logging_mixin.py:188} INFO - [2026-07-15T15:28:14.744+0000] {dag.py:3096} INFO - Sync 1 DAGs
[2026-07-15T15:28:14.767+0000] {logging_mixin.py:188} INFO - [2026-07-15T15:28:14.766+0000] {dag.py:3954} INFO - Setting next_dagrun for api_generation_dag1 to 2026-07-15 14:00:00+00:00, run_after=2026-07-15 15:00:00+00:00
[2026-07-15T15:28:14.789+0000] {processor.py:183} INFO - Processing /opt/airflow/dags/api_generation_dag1.py took 0.097 seconds
[2026-07-15T15:28:45.206+0000] {processor.py:161} INFO - Started process (PID=1839) to work on /opt/airflow/dags/api_generation_dag1.py
[2026-07-15T15:28:45.208+0000] {processor.py:830} INFO - Processing file /opt/airflow/dags/api_generation_dag1.py for tasks to queue
[2026-07-15T15:28:45.211+0000] {logging_mixin.py:188} INFO - [2026-07-15T15:28:45.210+0000] {dagbag.py:540} INFO - Filling up the DagBag from /opt/airflow/dags/api_generation_dag1.py
[2026-07-15T15:28:45.235+0000] {processor.py:840} INFO - DAG(s) 'api_generation_dag1' retrieved from /opt/airflow/dags/api_generation_dag1.py
[2026-07-15T15:28:45.274+0000] {logging_mixin.py:188} INFO - [2026-07-15T15:28:45.274+0000] {dag.py:3096} INFO - Sync 1 DAGs
[2026-07-15T15:28:45.308+0000] {logging_mixin.py:188} INFO - [2026-07-15T15:28:45.308+0000] {dag.py:3954} INFO - Setting next_dagrun for api_generation_dag1 to 2026-07-15 14:00:00+00:00, run_after=2026-07-15 15:00:00+00:00
[2026-07-15T15:28:45.340+0000] {processor.py:183} INFO - Processing /opt/airflow/dags/api_generation_dag1.py took 0.143 seconds
[2026-07-15T15:29:15.856+0000] {processor.py:161} INFO - Started process (PID=1864) to work on /opt/airflow/dags/api_generation_dag1.py
[2026-07-15T15:29:15.860+0000] {processor.py:830} INFO - Processing file /opt/airflow/dags/api_generation_dag1.py for tasks to queue
[2026-07-15T15:29:15.871+0000] {logging_mixin.py:188} INFO - [2026-07-15T15:29:15.870+0000] {dagbag.py:540} INFO - Filling up the DagBag from /opt/airflow/dags/api_generation_dag1.py
[2026-07-15T15:29:15.934+0000] {processor.py:840} INFO - DAG(s) 'api_generation_dag1' retrieved from /opt/airflow/dags/api_generation_dag1.py
[2026-07-15T15:29:16.035+0000] {logging_mixin.py:188} INFO - [2026-07-15T15:29:16.035+0000] {dag.py:3096} INFO - Sync 1 DAGs
[2026-07-15T15:29:16.136+0000] {logging_mixin.py:188} INFO - [2026-07-15T15:29:16.135+0000] {dag.py:3954} INFO - Setting next_dagrun for api_generation_dag1 to 2026-07-15 14:00:00+00:00, run_after=2026-07-15 15:00:00+00:00
[2026-07-15T15:29:16.210+0000] {processor.py:183} INFO - Processing /opt/airflow/dags/api_generation_dag1.py took 0.365 seconds
[2026-07-15T15:29:47.051+0000] {processor.py:161} INFO - Started process (PID=1889) to work on /opt/airflow/dags/api_generation_dag1.py
[2026-07-15T15:29:47.055+0000] {processor.py:830} INFO - Processing file /opt/airflow/dags/api_generation_dag1.py for tasks to queue
[2026-07-15T15:29:47.059+0000] {logging_mixin.py:188} INFO - [2026-07-15T15:29:47.059+0000] {dagbag.py:540} INFO - Filling up the DagBag from /opt/airflow/dags/api_generation_dag1.py
[2026-07-15T15:29:47.097+0000] {processor.py:840} INFO - DAG(s) 'api_generation_dag1' retrieved from /opt/airflow/dags/api_generation_dag1.py
[2026-07-15T15:29:47.144+0000] {logging_mixin.py:188} INFO - [2026-07-15T15:29:47.143+0000] {dag.py:3096} INFO - Sync 1 DAGs
[2026-07-15T15:29:47.185+0000] {logging_mixin.py:188} INFO - [2026-07-15T15:29:47.184+0000] {dag.py:3954} INFO - Setting next_dagrun for api_generation_dag1 to 2026-07-15 14:00:00+00:00, run_after=2026-07-15 15:00:00+00:00
[2026-07-15T15:29:47.212+0000] {processor.py:183} INFO - Processing /opt/airflow/dags/api_generation_dag1.py took 0.177 seconds
[2026-07-15T15:30:17.657+0000] {processor.py:161} INFO - Started process (PID=1914) to work on /opt/airflow/dags/api_generation_dag1.py
[2026-07-15T15:30:17.658+0000] {processor.py:830} INFO - Processing file /opt/airflow/dags/api_generation_dag1.py for tasks to queue
[2026-07-15T15:30:17.661+0000] {logging_mixin.py:188} INFO - [2026-07-15T15:30:17.661+0000] {dagbag.py:540} INFO - Filling up the DagBag from /opt/airflow/dags/api_generation_dag1.py
[2026-07-15T15:30:17.687+0000] {processor.py:840} INFO - DAG(s) 'api_generation_dag1' retrieved from /opt/airflow/dags/api_generation_dag1.py
[2026-07-15T15:30:17.724+0000] {logging_mixin.py:188} INFO - [2026-07-15T15:30:17.723+0000] {dag.py:3096} INFO - Sync 1 DAGs
[2026-07-15T15:30:17.753+0000] {logging_mixin.py:188} INFO - [2026-07-15T15:30:17.753+0000] {dag.py:3954} INFO - Setting next_dagrun for api_generation_dag1 to 2026-07-15 14:00:00+00:00, run_after=2026-07-15 15:00:00+00:00
[2026-07-15T15:30:17.775+0000] {processor.py:183} INFO - Processing /opt/airflow/dags/api_generation_dag1.py took 0.125 seconds
[2026-07-15T15:42:49.572+0000] {processor.py:161} INFO - Started process (PID=208) to work on /opt/airflow/dags/api_generation_dag1.py
[2026-07-15T15:42:49.577+0000] {processor.py:830} INFO - Processing file /opt/airflow/dags/api_generation_dag1.py for tasks to queue
[2026-07-15T15:42:49.585+0000] {logging_mixin.py:188} INFO - [2026-07-15T15:42:49.584+0000] {dagbag.py:540} INFO - Filling up the DagBag from /opt/airflow/dags/api_generation_dag1.py
[2026-07-15T15:42:49.638+0000] {processor.py:840} INFO - DAG(s) 'api_generation_dag1' retrieved from /opt/airflow/dags/api_generation_dag1.py
[2026-07-15T15:42:50.201+0000] {logging_mixin.py:188} INFO - [2026-07-15T15:42:50.200+0000] {dag.py:3096} INFO - Sync 1 DAGs
[2026-07-15T15:42:50.241+0000] {logging_mixin.py:188} INFO - [2026-07-15T15:42:50.240+0000] {dag.py:3954} INFO - Setting next_dagrun for api_generation_dag1 to 2026-07-15 14:00:00+00:00, run_after=2026-07-15 15:00:00+00:00
[2026-07-15T15:42:50.279+0000] {processor.py:183} INFO - Processing /opt/airflow/dags/api_generation_dag1.py took 0.725 seconds
[2026-07-15T15:43:20.823+0000] {processor.py:161} INFO - Started process (PID=233) to work on /opt/airflow/dags/api_generation_dag1.py
[2026-07-15T15:43:20.826+0000] {processor.py:830} INFO - Processing file /opt/airflow/dags/api_generation_dag1.py for tasks to queue
[2026-07-15T15:43:20.834+0000] {logging_mixin.py:188} INFO - [2026-07-15T15:43:20.832+0000] {dagbag.py:540} INFO - Filling up the DagBag from /opt/airflow/dags/api_generation_dag1.py
[2026-07-15T15:43:20.881+0000] {processor.py:840} INFO - DAG(s) 'api_generation_dag1' retrieved from /opt/airflow/dags/api_generation_dag1.py
[2026-07-15T15:43:20.948+0000] {logging_mixin.py:188} INFO - [2026-07-15T15:43:20.948+0000] {dag.py:3096} INFO - Sync 1 DAGs
[2026-07-15T15:43:21.009+0000] {logging_mixin.py:188} INFO - [2026-07-15T15:43:21.008+0000] {dag.py:3954} INFO - Setting next_dagrun for api_generation_dag1 to 2026-07-15 14:00:00+00:00, run_after=2026-07-15 15:00:00+00:00
[2026-07-15T15:43:21.069+0000] {processor.py:183} INFO - Processing /opt/airflow/dags/api_generation_dag1.py took 0.267 seconds
[2026-07-15T15:43:51.496+0000] {processor.py:161} INFO - Started process (PID=258) to work on /opt/airflow/dags/api_generation_dag1.py
[2026-07-15T15:43:51.498+0000] {processor.py:830} INFO - Processing file /opt/airflow/dags/api_generation_dag1.py for tasks to queue
[2026-07-15T15:43:51.503+0000] {logging_mixin.py:188} INFO - [2026-07-15T15:43:51.502+0000] {dagbag.py:540} INFO - Filling up the DagBag from /opt/airflow/dags/api_generation_dag1.py
[2026-07-15T15:43:51.529+0000] {processor.py:840} INFO - DAG(s) 'api_generation_dag1' retrieved from /opt/airflow/dags/api_generation_dag1.py
[2026-07-15T15:43:51.549+0000] {logging_mixin.py:188} INFO - [2026-07-15T15:43:51.549+0000] {dag.py:3096} INFO - Sync 1 DAGs
[2026-07-15T15:43:51.594+0000] {logging_mixin.py:188} INFO - [2026-07-15T15:43:51.594+0000] {dag.py:3954} INFO - Setting next_dagrun for api_generation_dag1 to 2026-07-15 14:00:00+00:00, run_after=2026-07-15 15:00:00+00:00
[2026-07-15T15:43:51.628+0000] {processor.py:183} INFO - Processing /opt/airflow/dags/api_generation_dag1.py took 0.140 seconds
[2026-07-15T15:44:22.431+0000] {processor.py:161} INFO - Started process (PID=283) to work on /opt/airflow/dags/api_generation_dag1.py
[2026-07-15T15:44:22.433+0000] {processor.py:830} INFO - Processing file /opt/airflow/dags/api_generation_dag1.py for tasks to queue
[2026-07-15T15:44:22.439+0000] {logging_mixin.py:188} INFO - [2026-07-15T15:44:22.437+0000] {dagbag.py:540} INFO - Filling up the DagBag from /opt/airflow/dags/api_generation_dag1.py
[2026-07-15T15:44:22.476+0000] {processor.py:840} INFO - DAG(s) 'api_generation_dag1' retrieved from /opt/airflow/dags/api_generation_dag1.py
[2026-07-15T15:44:22.784+0000] {logging_mixin.py:188} INFO - [2026-07-15T15:44:22.783+0000] {dag.py:3096} INFO - Sync 1 DAGs
[2026-07-15T15:44:22.819+0000] {logging_mixin.py:188} INFO - [2026-07-15T15:44:22.819+0000] {dag.py:3954} INFO - Setting next_dagrun for api_generation_dag1 to 2026-07-15 14:00:00+00:00, run_after=2026-07-15 15:00:00+00:00
[2026-07-15T15:44:22.852+0000] {processor.py:183} INFO - Processing /opt/airflow/dags/api_generation_dag1.py took 0.432 seconds
[2026-07-15T15:44:53.012+0000] {processor.py:161} INFO - Started process (PID=308) to work on /opt/airflow/dags/api_generation_dag1.py
[2026-07-15T15:44:53.016+0000] {processor.py:830} INFO - Processing file /opt/airflow/dags/api_generation_dag1.py for tasks to queue
[2026-07-15T15:44:53.021+0000] {logging_mixin.py:188} INFO - [2026-07-15T15:44:53.020+0000] {dagbag.py:540} INFO - Filling up the DagBag from /opt/airflow/dags/api_generation_dag1.py
[2026-07-15T15:44:53.069+0000] {processor.py:840} INFO - DAG(s) 'api_generation_dag1' retrieved from /opt/airflow/dags/api_generation_dag1.py
[2026-07-15T15:44:53.136+0000] {logging_mixin.py:188} INFO - [2026-07-15T15:44:53.135+0000] {dag.py:3096} INFO - Sync 1 DAGs
[2026-07-15T15:44:53.194+0000] {logging_mixin.py:188} INFO - [2026-07-15T15:44:53.194+0000] {dag.py:3954} INFO - Setting next_dagrun for api_generation_dag1 to 2026-07-15 14:00:00+00:00, run_after=2026-07-15 15:00:00+00:00
[2026-07-15T15:44:53.235+0000] {processor.py:183} INFO - Processing /opt/airflow/dags/api_generation_dag1.py took 0.241 seconds
[2026-07-15T15:45:24.165+0000] {processor.py:161} INFO - Started process (PID=333) to work on /opt/airflow/dags/api_generation_dag1.py
[2026-07-15T15:45:24.172+0000] {processor.py:830} INFO - Processing file /opt/airflow/dags/api_generation_dag1.py for tasks to queue
[2026-07-15T15:45:24.177+0000] {logging_mixin.py:188} INFO - [2026-07-15T15:45:24.176+0000] {dagbag.py:540} INFO - Filling up the DagBag from /opt/airflow/dags/api_generation_dag1.py
[2026-07-15T15:45:24.214+0000] {processor.py:840} INFO - DAG(s) 'api_generation_dag1' retrieved from /opt/airflow/dags/api_generation_dag1.py
[2026-07-15T15:45:24.266+0000] {logging_mixin.py:188} INFO - [2026-07-15T15:45:24.266+0000] {dag.py:3096} INFO - Sync 1 DAGs
[2026-07-15T15:45:24.315+0000] {logging_mixin.py:188} INFO - [2026-07-15T15:45:24.315+0000] {dag.py:3954} INFO - Setting next_dagrun for api_generation_dag1 to 2026-07-15 14:00:00+00:00, run_after=2026-07-15 15:00:00+00:00
[2026-07-15T15:45:24.352+0000] {processor.py:183} INFO - Processing /opt/airflow/dags/api_generation_dag1.py took 0.200 seconds
[2026-07-15T15:45:54.632+0000] {processor.py:161} INFO - Started process (PID=358) to work on /opt/airflow/dags/api_generation_dag1.py
[2026-07-15T15:45:54.637+0000] {processor.py:830} INFO - Processing file /opt/airflow/dags/api_generation_dag1.py for tasks to queue
[2026-07-15T15:45:54.642+0000] {logging_mixin.py:188} INFO - [2026-07-15T15:45:54.641+0000] {dagbag.py:540} INFO - Filling up the DagBag from /opt/airflow/dags/api_generation_dag1.py
[2026-07-15T15:45:54.718+0000] {processor.py:840} INFO - DAG(s) 'api_generation_dag1' retrieved from /opt/airflow/dags/api_generation_dag1.py
[2026-07-15T15:45:54.805+0000] {logging_mixin.py:188} INFO - [2026-07-15T15:45:54.805+0000] {dag.py:3096} INFO - Sync 1 DAGs
[2026-07-15T15:45:54.874+0000] {logging_mixin.py:188} INFO - [2026-07-15T15:45:54.874+0000] {dag.py:3954} INFO - Setting next_dagrun for api_generation_dag1 to 2026-07-15 14:00:00+00:00, run_after=2026-07-15 15:00:00+00:00
[2026-07-15T15:45:54.956+0000] {processor.py:183} INFO - Processing /opt/airflow/dags/api_generation_dag1.py took 0.338 seconds
[2026-07-15T15:46:25.272+0000] {processor.py:161} INFO - Started process (PID=383) to work on /opt/airflow/dags/api_generation_dag1.py
[2026-07-15T15:46:25.274+0000] {processor.py:830} INFO - Processing file /opt/airflow/dags/api_generation_dag1.py for tasks to queue
[2026-07-15T15:46:25.277+0000] {logging_mixin.py:188} INFO - [2026-07-15T15:46:25.277+0000] {dagbag.py:540} INFO - Filling up the DagBag from /opt/airflow/dags/api_generation_dag1.py
[2026-07-15T15:46:25.309+0000] {processor.py:840} INFO - DAG(s) 'api_generation_dag1' retrieved from /opt/airflow/dags/api_generation_dag1.py
[2026-07-15T15:46:25.352+0000] {logging_mixin.py:188} INFO - [2026-07-15T15:46:25.351+0000] {dag.py:3096} INFO - Sync 1 DAGs
[2026-07-15T15:46:25.389+0000] {logging_mixin.py:188} INFO - [2026-07-15T15:46:25.389+0000] {dag.py:3954} INFO - Setting next_dagrun for api_generation_dag1 to 2026-07-15 14:00:00+00:00, run_after=2026-07-15 15:00:00+00:00
[2026-07-15T15:46:25.420+0000] {processor.py:183} INFO - Processing /opt/airflow/dags/api_generation_dag1.py took 0.158 seconds
[2026-07-15T15:46:55.909+0000] {processor.py:161} INFO - Started process (PID=408) to work on /opt/airflow/dags/api_generation_dag1.py
[2026-07-15T15:46:55.910+0000] {processor.py:830} INFO - Processing file /opt/airflow/dags/api_generation_dag1.py for tasks to queue
[2026-07-15T15:46:55.913+0000] {logging_mixin.py:188} INFO - [2026-07-15T15:46:55.913+0000] {dagbag.py:540} INFO - Filling up the DagBag from /opt/airflow/dags/api_generation_dag1.py
[2026-07-15T15:46:55.932+0000] {processor.py:840} INFO - DAG(s) 'api_generation_dag1' retrieved from /opt/airflow/dags/api_generation_dag1.py
[2026-07-15T15:46:55.961+0000] {logging_mixin.py:188} INFO - [2026-07-15T15:46:55.961+0000] {dag.py:3096} INFO - Sync 1 DAGs
[2026-07-15T15:46:55.987+0000] {logging_mixin.py:188} INFO - [2026-07-15T15:46:55.987+0000] {dag.py:3954} INFO - Setting next_dagrun for api_generation_dag1 to 2026-07-15 14:00:00+00:00, run_after=2026-07-15 15:00:00+00:00
[2026-07-15T15:46:56.011+0000] {processor.py:183} INFO - Processing /opt/airflow/dags/api_generation_dag1.py took 0.108 seconds
[2026-07-15T15:47:26.621+0000] {processor.py:161} INFO - Started process (PID=433) to work on /opt/airflow/dags/api_generation_dag1.py
[2026-07-15T15:47:26.623+0000] {processor.py:830} INFO - Processing file /opt/airflow/dags/api_generation_dag1.py for tasks to queue
[2026-07-15T15:47:26.627+0000] {logging_mixin.py:188} INFO - [2026-07-15T15:47:26.626+0000] {dagbag.py:540} INFO - Filling up the DagBag from /opt/airflow/dags/api_generation_dag1.py
[2026-07-15T15:47:26.656+0000] {processor.py:840} INFO - DAG(s) 'api_generation_dag1' retrieved from /opt/airflow/dags/api_generation_dag1.py
[2026-07-15T15:47:26.698+0000] {logging_mixin.py:188} INFO - [2026-07-15T15:47:26.698+0000] {dag.py:3096} INFO - Sync 1 DAGs
[2026-07-15T15:47:26.734+0000] {logging_mixin.py:188} INFO - [2026-07-15T15:47:26.734+0000] {dag.py:3954} INFO - Setting next_dagrun for api_generation_dag1 to 2026-07-15 14:00:00+00:00, run_after=2026-07-15 15:00:00+00:00
[2026-07-15T15:47:26.768+0000] {processor.py:183} INFO - Processing /opt/airflow/dags/api_generation_dag1.py took 0.157 seconds
[2026-07-15T15:47:57.304+0000] {processor.py:161} INFO - Started process (PID=475) to work on /opt/airflow/dags/api_generation_dag1.py
[2026-07-15T15:47:57.311+0000] {processor.py:830} INFO - Processing file /opt/airflow/dags/api_generation_dag1.py for tasks to queue
[2026-07-15T15:47:57.316+0000] {logging_mixin.py:188} INFO - [2026-07-15T15:47:57.315+0000] {dagbag.py:540} INFO - Filling up the DagBag from /opt/airflow/dags/api_generation_dag1.py
[2026-07-15T15:47:57.410+0000] {processor.py:840} INFO - DAG(s) 'api_generation_dag1' retrieved from /opt/airflow/dags/api_generation_dag1.py
[2026-07-15T15:47:57.616+0000] {logging_mixin.py:188} INFO - [2026-07-15T15:47:57.615+0000] {dag.py:3096} INFO - Sync 1 DAGs
[2026-07-15T15:47:57.751+0000] {logging_mixin.py:188} INFO - [2026-07-15T15:47:57.751+0000] {dag.py:3954} INFO - Setting next_dagrun for api_generation_dag1 to 2026-07-15 14:00:00+00:00, run_after=2026-07-15 15:00:00+00:00
[2026-07-15T15:47:57.840+0000] {processor.py:183} INFO - Processing /opt/airflow/dags/api_generation_dag1.py took 0.559 seconds
[2026-07-15T15:48:28.916+0000] {processor.py:161} INFO - Started process (PID=500) to work on /opt/airflow/dags/api_generation_dag1.py
[2026-07-15T15:48:28.924+0000] {processor.py:830} INFO - Processing file /opt/airflow/dags/api_generation_dag1.py for tasks to queue
[2026-07-15T15:48:28.940+0000] {logging_mixin.py:188} INFO - [2026-07-15T15:48:28.939+0000] {dagbag.py:540} INFO - Filling up the DagBag from /opt/airflow/dags/api_generation_dag1.py
[2026-07-15T15:48:29.131+0000] {processor.py:840} INFO - DAG(s) 'api_generation_dag1' retrieved from /opt/airflow/dags/api_generation_dag1.py
[2026-07-15T15:48:29.340+0000] {logging_mixin.py:188} INFO - [2026-07-15T15:48:29.339+0000] {dag.py:3096} INFO - Sync 1 DAGs
[2026-07-15T15:48:29.593+0000] {logging_mixin.py:188} INFO - [2026-07-15T15:48:29.592+0000] {dag.py:3954} INFO - Setting next_dagrun for api_generation_dag1 to 2026-07-15 14:00:00+00:00, run_after=2026-07-15 15:00:00+00:00
[2026-07-15T15:48:29.704+0000] {processor.py:183} INFO - Processing /opt/airflow/dags/api_generation_dag1.py took 0.934 seconds
[2026-07-15T15:49:00.374+0000] {processor.py:161} INFO - Started process (PID=525) to work on /opt/airflow/dags/api_generation_dag1.py
[2026-07-15T15:49:00.393+0000] {processor.py:830} INFO - Processing file /opt/airflow/dags/api_generation_dag1.py for tasks to queue
[2026-07-15T15:49:00.427+0000] {logging_mixin.py:188} INFO - [2026-07-15T15:49:00.426+0000] {dagbag.py:540} INFO - Filling up the DagBag from /opt/airflow/dags/api_generation_dag1.py
[2026-07-15T15:49:00.661+0000] {processor.py:840} INFO - DAG(s) 'api_generation_dag1' retrieved from /opt/airflow/dags/api_generation_dag1.py
[2026-07-15T15:49:00.865+0000] {logging_mixin.py:188} INFO - [2026-07-15T15:49:00.864+0000] {dag.py:3096} INFO - Sync 1 DAGs
[2026-07-15T15:49:00.998+0000] {logging_mixin.py:188} INFO - [2026-07-15T15:49:00.997+0000] {dag.py:3954} INFO - Setting next_dagrun for api_generation_dag1 to 2026-07-15 14:00:00+00:00, run_after=2026-07-15 15:00:00+00:00
[2026-07-15T15:49:01.113+0000] {processor.py:183} INFO - Processing /opt/airflow/dags/api_generation_dag1.py took 0.805 seconds
[2026-07-15T15:49:32.026+0000] {processor.py:161} INFO - Started process (PID=550) to work on /opt/airflow/dags/api_generation_dag1.py
[2026-07-15T15:49:32.033+0000] {processor.py:830} INFO - Processing file /opt/airflow/dags/api_generation_dag1.py for tasks to queue
[2026-07-15T15:49:32.044+0000] {logging_mixin.py:188} INFO - [2026-07-15T15:49:32.043+0000] {dagbag.py:540} INFO - Filling up the DagBag from /opt/airflow/dags/api_generation_dag1.py
[2026-07-15T15:49:32.095+0000] {processor.py:840} INFO - DAG(s) 'api_generation_dag1' retrieved from /opt/airflow/dags/api_generation_dag1.py
[2026-07-15T15:49:32.240+0000] {logging_mixin.py:188} INFO - [2026-07-15T15:49:32.240+0000] {dag.py:3096} INFO - Sync 1 DAGs
[2026-07-15T15:49:32.372+0000] {logging_mixin.py:188} INFO - [2026-07-15T15:49:32.372+0000] {dag.py:3954} INFO - Setting next_dagrun for api_generation_dag1 to 2026-07-15 14:00:00+00:00, run_after=2026-07-15 15:00:00+00:00
[2026-07-15T15:49:32.468+0000] {processor.py:183} INFO - Processing /opt/airflow/dags/api_generation_dag1.py took 0.480 seconds
[2026-07-15T15:50:02.762+0000] {processor.py:161} INFO - Started process (PID=575) to work on /opt/airflow/dags/api_generation_dag1.py
[2026-07-15T15:50:02.764+0000] {processor.py:830} INFO - Processing file /opt/airflow/dags/api_generation_dag1.py for tasks to queue
[2026-07-15T15:50:02.768+0000] {logging_mixin.py:188} INFO - [2026-07-15T15:50:02.767+0000] {dagbag.py:540} INFO - Filling up the DagBag from /opt/airflow/dags/api_generation_dag1.py
[2026-07-15T15:50:02.791+0000] {processor.py:840} INFO - DAG(s) 'api_generation_dag1' retrieved from /opt/airflow/dags/api_generation_dag1.py
[2026-07-15T15:50:02.825+0000] {logging_mixin.py:188} INFO - [2026-07-15T15:50:02.825+0000] {dag.py:3096} INFO - Sync 1 DAGs
[2026-07-15T15:50:02.857+0000] {logging_mixin.py:188} INFO - [2026-07-15T15:50:02.857+0000] {dag.py:3954} INFO - Setting next_dagrun for api_generation_dag1 to 2026-07-15 14:00:00+00:00, run_after=2026-07-15 15:00:00+00:00
[2026-07-15T15:50:02.889+0000] {processor.py:183} INFO - Processing /opt/airflow/dags/api_generation_dag1.py took 0.133 seconds
[2026-07-15T18:45:50.655+0000] {processor.py:161} INFO - Started process (PID=604) to work on /opt/airflow/dags/api_generation_dag1.py
[2026-07-15T18:45:50.673+0000] {processor.py:830} INFO - Processing file /opt/airflow/dags/api_generation_dag1.py for tasks to queue
[2026-07-15T18:45:50.690+0000] {logging_mixin.py:188} INFO - [2026-07-15T18:45:50.689+0000] {dagbag.py:540} INFO - Filling up the DagBag from /opt/airflow/dags/api_generation_dag1.py
[2026-07-15T18:45:50.956+0000] {processor.py:840} INFO - DAG(s) 'api_generation_dag1' retrieved from /opt/airflow/dags/api_generation_dag1.py
[2026-07-15T18:45:51.102+0000] {logging_mixin.py:188} INFO - [2026-07-15T18:45:51.101+0000] {dag.py:3096} INFO - Sync 1 DAGs
[2026-07-15T18:45:51.230+0000] {logging_mixin.py:188} INFO - [2026-07-15T18:45:51.230+0000] {dag.py:3954} INFO - Setting next_dagrun for api_generation_dag1 to 2026-07-15 17:00:00+00:00, run_after=2026-07-15 18:00:00+00:00
[2026-07-15T18:45:51.315+0000] {processor.py:183} INFO - Processing /opt/airflow/dags/api_generation_dag1.py took 0.737 seconds
