[2026-07-15T10:36:31.433+0000] {processor.py:161} INFO - Started process (PID=998) to work on /opt/airflow/dags/bronze_dag2.py
[2026-07-15T10:36:31.435+0000] {processor.py:830} INFO - Processing file /opt/airflow/dags/bronze_dag2.py for tasks to queue
[2026-07-15T10:36:31.437+0000] {logging_mixin.py:188} INFO - [2026-07-15T10:36:31.436+0000] {dagbag.py:540} INFO - Filling up the DagBag from /opt/airflow/dags/bronze_dag2.py
[2026-07-15T10:36:31.472+0000] {processor.py:840} INFO - DAG(s) 'bronze_dag2' retrieved from /opt/airflow/dags/bronze_dag2.py
[2026-07-15T10:36:31.593+0000] {logging_mixin.py:188} INFO - [2026-07-15T10:36:31.592+0000] {override.py:1829} INFO - Created Permission View: can edit on DAG:bronze_dag2
[2026-07-15T10:36:31.602+0000] {logging_mixin.py:188} INFO - [2026-07-15T10:36:31.602+0000] {override.py:1829} INFO - Created Permission View: can delete on DAG:bronze_dag2
[2026-07-15T10:36:31.610+0000] {logging_mixin.py:188} INFO - [2026-07-15T10:36:31.610+0000] {override.py:1829} INFO - Created Permission View: can read on DAG:bronze_dag2
[2026-07-15T10:36:31.611+0000] {logging_mixin.py:188} INFO - [2026-07-15T10:36:31.611+0000] {dag.py:3096} INFO - Sync 1 DAGs
[2026-07-15T10:36:31.621+0000] {logging_mixin.py:188} INFO - [2026-07-15T10:36:31.621+0000] {dag.py:3118} INFO - Creating ORM DAG for bronze_dag2
[2026-07-15T10:36:31.631+0000] {logging_mixin.py:188} INFO - [2026-07-15T10:36:31.631+0000] {dag.py:3954} INFO - Setting next_dagrun for bronze_dag2 to 2026-07-15 09:00:00+00:00, run_after=2026-07-15 10:00:00+00:00
[2026-07-15T10:36:31.656+0000] {processor.py:183} INFO - Processing /opt/airflow/dags/bronze_dag2.py took 0.233 seconds
[2026-07-15T10:37:02.002+0000] {processor.py:161} INFO - Started process (PID=1072) to work on /opt/airflow/dags/bronze_dag2.py
[2026-07-15T10:37:02.004+0000] {processor.py:830} INFO - Processing file /opt/airflow/dags/bronze_dag2.py for tasks to queue
[2026-07-15T10:37:02.006+0000] {logging_mixin.py:188} INFO - [2026-07-15T10:37:02.005+0000] {dagbag.py:540} INFO - Filling up the DagBag from /opt/airflow/dags/bronze_dag2.py
[2026-07-15T10:37:02.035+0000] {processor.py:840} INFO - DAG(s) 'bronze_dag2' retrieved from /opt/airflow/dags/bronze_dag2.py
[2026-07-15T10:37:02.090+0000] {logging_mixin.py:188} INFO - [2026-07-15T10:37:02.090+0000] {dag.py:3096} INFO - Sync 1 DAGs
[2026-07-15T10:37:02.134+0000] {logging_mixin.py:188} INFO - [2026-07-15T10:37:02.134+0000] {dag.py:3954} INFO - Setting next_dagrun for bronze_dag2 to 2026-07-15 10:00:00+00:00, run_after=2026-07-15 11:00:00+00:00
[2026-07-15T10:37:02.171+0000] {processor.py:183} INFO - Processing /opt/airflow/dags/bronze_dag2.py took 0.182 seconds
[2026-07-15T10:37:32.686+0000] {processor.py:161} INFO - Started process (PID=1097) to work on /opt/airflow/dags/bronze_dag2.py
[2026-07-15T10:37:32.688+0000] {processor.py:830} INFO - Processing file /opt/airflow/dags/bronze_dag2.py for tasks to queue
[2026-07-15T10:37:32.689+0000] {logging_mixin.py:188} INFO - [2026-07-15T10:37:32.689+0000] {dagbag.py:540} INFO - Filling up the DagBag from /opt/airflow/dags/bronze_dag2.py
[2026-07-15T10:37:32.709+0000] {processor.py:840} INFO - DAG(s) 'bronze_dag2' retrieved from /opt/airflow/dags/bronze_dag2.py
[2026-07-15T10:37:32.743+0000] {logging_mixin.py:188} INFO - [2026-07-15T10:37:32.743+0000] {dag.py:3096} INFO - Sync 1 DAGs
[2026-07-15T10:37:32.773+0000] {logging_mixin.py:188} INFO - [2026-07-15T10:37:32.773+0000] {dag.py:3954} INFO - Setting next_dagrun for bronze_dag2 to 2026-07-15 10:00:00+00:00, run_after=2026-07-15 11:00:00+00:00
[2026-07-15T10:37:32.796+0000] {processor.py:183} INFO - Processing /opt/airflow/dags/bronze_dag2.py took 0.119 seconds
[2026-07-15T10:38:03.392+0000] {processor.py:161} INFO - Started process (PID=1122) to work on /opt/airflow/dags/bronze_dag2.py
[2026-07-15T10:38:03.393+0000] {processor.py:830} INFO - Processing file /opt/airflow/dags/bronze_dag2.py for tasks to queue
[2026-07-15T10:38:03.395+0000] {logging_mixin.py:188} INFO - [2026-07-15T10:38:03.395+0000] {dagbag.py:540} INFO - Filling up the DagBag from /opt/airflow/dags/bronze_dag2.py
[2026-07-15T10:38:03.413+0000] {processor.py:840} INFO - DAG(s) 'bronze_dag2' retrieved from /opt/airflow/dags/bronze_dag2.py
[2026-07-15T10:38:03.443+0000] {logging_mixin.py:188} INFO - [2026-07-15T10:38:03.443+0000] {dag.py:3096} INFO - Sync 1 DAGs
[2026-07-15T10:38:03.475+0000] {logging_mixin.py:188} INFO - [2026-07-15T10:38:03.475+0000] {dag.py:3954} INFO - Setting next_dagrun for bronze_dag2 to 2026-07-15 10:00:00+00:00, run_after=2026-07-15 11:00:00+00:00
[2026-07-15T10:38:03.502+0000] {processor.py:183} INFO - Processing /opt/airflow/dags/bronze_dag2.py took 0.116 seconds
[2026-07-15T10:38:34.235+0000] {processor.py:161} INFO - Started process (PID=1141) to work on /opt/airflow/dags/bronze_dag2.py
[2026-07-15T10:38:34.237+0000] {processor.py:830} INFO - Processing file /opt/airflow/dags/bronze_dag2.py for tasks to queue
[2026-07-15T10:38:34.239+0000] {logging_mixin.py:188} INFO - [2026-07-15T10:38:34.239+0000] {dagbag.py:540} INFO - Filling up the DagBag from /opt/airflow/dags/bronze_dag2.py
[2026-07-15T10:38:34.268+0000] {processor.py:840} INFO - DAG(s) 'bronze_dag2' retrieved from /opt/airflow/dags/bronze_dag2.py
[2026-07-15T10:38:34.311+0000] {logging_mixin.py:188} INFO - [2026-07-15T10:38:34.310+0000] {dag.py:3096} INFO - Sync 1 DAGs
[2026-07-15T10:38:34.356+0000] {logging_mixin.py:188} INFO - [2026-07-15T10:38:34.356+0000] {dag.py:3954} INFO - Setting next_dagrun for bronze_dag2 to 2026-07-15 10:00:00+00:00, run_after=2026-07-15 11:00:00+00:00
[2026-07-15T10:38:34.391+0000] {processor.py:183} INFO - Processing /opt/airflow/dags/bronze_dag2.py took 0.166 seconds
[2026-07-15T10:39:04.893+0000] {processor.py:161} INFO - Started process (PID=1163) to work on /opt/airflow/dags/bronze_dag2.py
[2026-07-15T10:39:04.894+0000] {processor.py:830} INFO - Processing file /opt/airflow/dags/bronze_dag2.py for tasks to queue
[2026-07-15T10:39:04.895+0000] {logging_mixin.py:188} INFO - [2026-07-15T10:39:04.895+0000] {dagbag.py:540} INFO - Filling up the DagBag from /opt/airflow/dags/bronze_dag2.py
[2026-07-15T10:39:04.911+0000] {processor.py:840} INFO - DAG(s) 'bronze_dag2' retrieved from /opt/airflow/dags/bronze_dag2.py
[2026-07-15T10:39:04.934+0000] {logging_mixin.py:188} INFO - [2026-07-15T10:39:04.934+0000] {dag.py:3096} INFO - Sync 1 DAGs
[2026-07-15T10:39:04.953+0000] {logging_mixin.py:188} INFO - [2026-07-15T10:39:04.953+0000] {dag.py:3954} INFO - Setting next_dagrun for bronze_dag2 to 2026-07-15 10:00:00+00:00, run_after=2026-07-15 11:00:00+00:00
[2026-07-15T10:39:04.970+0000] {processor.py:183} INFO - Processing /opt/airflow/dags/bronze_dag2.py took 0.083 seconds
[2026-07-15T10:39:35.431+0000] {processor.py:161} INFO - Started process (PID=1183) to work on /opt/airflow/dags/bronze_dag2.py
[2026-07-15T10:39:35.432+0000] {processor.py:830} INFO - Processing file /opt/airflow/dags/bronze_dag2.py for tasks to queue
[2026-07-15T10:39:35.434+0000] {logging_mixin.py:188} INFO - [2026-07-15T10:39:35.433+0000] {dagbag.py:540} INFO - Filling up the DagBag from /opt/airflow/dags/bronze_dag2.py
[2026-07-15T10:39:35.452+0000] {processor.py:840} INFO - DAG(s) 'bronze_dag2' retrieved from /opt/airflow/dags/bronze_dag2.py
[2026-07-15T10:39:35.487+0000] {logging_mixin.py:188} INFO - [2026-07-15T10:39:35.487+0000] {dag.py:3096} INFO - Sync 1 DAGs
[2026-07-15T10:39:35.528+0000] {logging_mixin.py:188} INFO - [2026-07-15T10:39:35.527+0000] {dag.py:3954} INFO - Setting next_dagrun for bronze_dag2 to 2026-07-15 10:00:00+00:00, run_after=2026-07-15 11:00:00+00:00
[2026-07-15T10:39:35.557+0000] {processor.py:183} INFO - Processing /opt/airflow/dags/bronze_dag2.py took 0.131 seconds
[2026-07-15T10:40:06.002+0000] {processor.py:161} INFO - Started process (PID=1203) to work on /opt/airflow/dags/bronze_dag2.py
[2026-07-15T10:40:06.003+0000] {processor.py:830} INFO - Processing file /opt/airflow/dags/bronze_dag2.py for tasks to queue
[2026-07-15T10:40:06.004+0000] {logging_mixin.py:188} INFO - [2026-07-15T10:40:06.004+0000] {dagbag.py:540} INFO - Filling up the DagBag from /opt/airflow/dags/bronze_dag2.py
[2026-07-15T10:40:06.018+0000] {processor.py:840} INFO - DAG(s) 'bronze_dag2' retrieved from /opt/airflow/dags/bronze_dag2.py
[2026-07-15T10:40:06.042+0000] {logging_mixin.py:188} INFO - [2026-07-15T10:40:06.041+0000] {dag.py:3096} INFO - Sync 1 DAGs
[2026-07-15T10:40:06.061+0000] {logging_mixin.py:188} INFO - [2026-07-15T10:40:06.060+0000] {dag.py:3954} INFO - Setting next_dagrun for bronze_dag2 to 2026-07-15 10:00:00+00:00, run_after=2026-07-15 11:00:00+00:00
[2026-07-15T10:40:06.079+0000] {processor.py:183} INFO - Processing /opt/airflow/dags/bronze_dag2.py took 0.082 seconds
[2026-07-15T10:40:36.552+0000] {processor.py:161} INFO - Started process (PID=1223) to work on /opt/airflow/dags/bronze_dag2.py
[2026-07-15T10:40:36.553+0000] {processor.py:830} INFO - Processing file /opt/airflow/dags/bronze_dag2.py for tasks to queue
[2026-07-15T10:40:36.555+0000] {logging_mixin.py:188} INFO - [2026-07-15T10:40:36.554+0000] {dagbag.py:540} INFO - Filling up the DagBag from /opt/airflow/dags/bronze_dag2.py
[2026-07-15T10:40:36.571+0000] {processor.py:840} INFO - DAG(s) 'bronze_dag2' retrieved from /opt/airflow/dags/bronze_dag2.py
[2026-07-15T10:40:36.596+0000] {logging_mixin.py:188} INFO - [2026-07-15T10:40:36.596+0000] {dag.py:3096} INFO - Sync 1 DAGs
[2026-07-15T10:40:36.615+0000] {logging_mixin.py:188} INFO - [2026-07-15T10:40:36.615+0000] {dag.py:3954} INFO - Setting next_dagrun for bronze_dag2 to 2026-07-15 10:00:00+00:00, run_after=2026-07-15 11:00:00+00:00
[2026-07-15T10:40:36.631+0000] {processor.py:183} INFO - Processing /opt/airflow/dags/bronze_dag2.py took 0.086 seconds
[2026-07-15T10:41:07.154+0000] {processor.py:161} INFO - Started process (PID=1243) to work on /opt/airflow/dags/bronze_dag2.py
[2026-07-15T10:41:07.155+0000] {processor.py:830} INFO - Processing file /opt/airflow/dags/bronze_dag2.py for tasks to queue
[2026-07-15T10:41:07.156+0000] {logging_mixin.py:188} INFO - [2026-07-15T10:41:07.156+0000] {dagbag.py:540} INFO - Filling up the DagBag from /opt/airflow/dags/bronze_dag2.py
[2026-07-15T10:41:07.171+0000] {processor.py:840} INFO - DAG(s) 'bronze_dag2' retrieved from /opt/airflow/dags/bronze_dag2.py
[2026-07-15T10:41:07.196+0000] {logging_mixin.py:188} INFO - [2026-07-15T10:41:07.195+0000] {dag.py:3096} INFO - Sync 1 DAGs
[2026-07-15T10:41:07.304+0000] {logging_mixin.py:188} INFO - [2026-07-15T10:41:07.287+0000] {dag.py:3954} INFO - Setting next_dagrun for bronze_dag2 to 2026-07-15 10:00:00+00:00, run_after=2026-07-15 11:00:00+00:00
[2026-07-15T10:41:07.425+0000] {processor.py:183} INFO - Processing /opt/airflow/dags/bronze_dag2.py took 0.277 seconds
[2026-07-15T10:41:38.023+0000] {processor.py:161} INFO - Started process (PID=1268) to work on /opt/airflow/dags/bronze_dag2.py
[2026-07-15T10:41:38.024+0000] {processor.py:830} INFO - Processing file /opt/airflow/dags/bronze_dag2.py for tasks to queue
[2026-07-15T10:41:38.026+0000] {logging_mixin.py:188} INFO - [2026-07-15T10:41:38.025+0000] {dagbag.py:540} INFO - Filling up the DagBag from /opt/airflow/dags/bronze_dag2.py
[2026-07-15T10:41:38.045+0000] {processor.py:840} INFO - DAG(s) 'bronze_dag2' retrieved from /opt/airflow/dags/bronze_dag2.py
[2026-07-15T10:41:38.083+0000] {logging_mixin.py:188} INFO - [2026-07-15T10:41:38.083+0000] {dag.py:3096} INFO - Sync 1 DAGs
[2026-07-15T10:41:38.110+0000] {logging_mixin.py:188} INFO - [2026-07-15T10:41:38.109+0000] {dag.py:3954} INFO - Setting next_dagrun for bronze_dag2 to 2026-07-15 10:00:00+00:00, run_after=2026-07-15 11:00:00+00:00
[2026-07-15T10:41:38.134+0000] {processor.py:183} INFO - Processing /opt/airflow/dags/bronze_dag2.py took 0.118 seconds
[2026-07-15T10:42:08.815+0000] {processor.py:161} INFO - Started process (PID=1293) to work on /opt/airflow/dags/bronze_dag2.py
[2026-07-15T10:42:08.816+0000] {processor.py:830} INFO - Processing file /opt/airflow/dags/bronze_dag2.py for tasks to queue
[2026-07-15T10:42:08.818+0000] {logging_mixin.py:188} INFO - [2026-07-15T10:42:08.818+0000] {dagbag.py:540} INFO - Filling up the DagBag from /opt/airflow/dags/bronze_dag2.py
[2026-07-15T10:42:08.841+0000] {processor.py:840} INFO - DAG(s) 'bronze_dag2' retrieved from /opt/airflow/dags/bronze_dag2.py
[2026-07-15T10:42:08.869+0000] {logging_mixin.py:188} INFO - [2026-07-15T10:42:08.869+0000] {dag.py:3096} INFO - Sync 1 DAGs
[2026-07-15T10:42:08.894+0000] {logging_mixin.py:188} INFO - [2026-07-15T10:42:08.894+0000] {dag.py:3954} INFO - Setting next_dagrun for bronze_dag2 to 2026-07-15 10:00:00+00:00, run_after=2026-07-15 11:00:00+00:00
[2026-07-15T10:42:08.915+0000] {processor.py:183} INFO - Processing /opt/airflow/dags/bronze_dag2.py took 0.106 seconds
[2026-07-15T10:42:39.635+0000] {processor.py:161} INFO - Started process (PID=1318) to work on /opt/airflow/dags/bronze_dag2.py
[2026-07-15T10:42:39.637+0000] {processor.py:830} INFO - Processing file /opt/airflow/dags/bronze_dag2.py for tasks to queue
[2026-07-15T10:42:39.640+0000] {logging_mixin.py:188} INFO - [2026-07-15T10:42:39.639+0000] {dagbag.py:540} INFO - Filling up the DagBag from /opt/airflow/dags/bronze_dag2.py
[2026-07-15T10:42:39.678+0000] {processor.py:840} INFO - DAG(s) 'bronze_dag2' retrieved from /opt/airflow/dags/bronze_dag2.py
[2026-07-15T10:42:39.719+0000] {logging_mixin.py:188} INFO - [2026-07-15T10:42:39.719+0000] {dag.py:3096} INFO - Sync 1 DAGs
[2026-07-15T10:42:39.760+0000] {logging_mixin.py:188} INFO - [2026-07-15T10:42:39.759+0000] {dag.py:3954} INFO - Setting next_dagrun for bronze_dag2 to 2026-07-15 10:00:00+00:00, run_after=2026-07-15 11:00:00+00:00
[2026-07-15T10:42:39.796+0000] {processor.py:183} INFO - Processing /opt/airflow/dags/bronze_dag2.py took 0.170 seconds
[2026-07-15T10:43:10.473+0000] {processor.py:161} INFO - Started process (PID=1343) to work on /opt/airflow/dags/bronze_dag2.py
[2026-07-15T10:43:10.475+0000] {processor.py:830} INFO - Processing file /opt/airflow/dags/bronze_dag2.py for tasks to queue
[2026-07-15T10:43:10.476+0000] {logging_mixin.py:188} INFO - [2026-07-15T10:43:10.476+0000] {dagbag.py:540} INFO - Filling up the DagBag from /opt/airflow/dags/bronze_dag2.py
[2026-07-15T10:43:10.500+0000] {processor.py:840} INFO - DAG(s) 'bronze_dag2' retrieved from /opt/airflow/dags/bronze_dag2.py
[2026-07-15T10:43:10.529+0000] {logging_mixin.py:188} INFO - [2026-07-15T10:43:10.528+0000] {dag.py:3096} INFO - Sync 1 DAGs
[2026-07-15T10:43:10.549+0000] {logging_mixin.py:188} INFO - [2026-07-15T10:43:10.549+0000] {dag.py:3954} INFO - Setting next_dagrun for bronze_dag2 to 2026-07-15 10:00:00+00:00, run_after=2026-07-15 11:00:00+00:00
[2026-07-15T10:43:10.567+0000] {processor.py:183} INFO - Processing /opt/airflow/dags/bronze_dag2.py took 0.101 seconds
[2026-07-15T10:43:41.233+0000] {processor.py:161} INFO - Started process (PID=1368) to work on /opt/airflow/dags/bronze_dag2.py
[2026-07-15T10:43:41.235+0000] {processor.py:830} INFO - Processing file /opt/airflow/dags/bronze_dag2.py for tasks to queue
[2026-07-15T10:43:41.236+0000] {logging_mixin.py:188} INFO - [2026-07-15T10:43:41.236+0000] {dagbag.py:540} INFO - Filling up the DagBag from /opt/airflow/dags/bronze_dag2.py
[2026-07-15T10:43:41.259+0000] {processor.py:840} INFO - DAG(s) 'bronze_dag2' retrieved from /opt/airflow/dags/bronze_dag2.py
[2026-07-15T10:43:41.285+0000] {logging_mixin.py:188} INFO - [2026-07-15T10:43:41.285+0000] {dag.py:3096} INFO - Sync 1 DAGs
[2026-07-15T10:43:41.306+0000] {logging_mixin.py:188} INFO - [2026-07-15T10:43:41.306+0000] {dag.py:3954} INFO - Setting next_dagrun for bronze_dag2 to 2026-07-15 10:00:00+00:00, run_after=2026-07-15 11:00:00+00:00
[2026-07-15T10:43:41.327+0000] {processor.py:183} INFO - Processing /opt/airflow/dags/bronze_dag2.py took 0.099 seconds
[2026-07-15T10:44:11.997+0000] {processor.py:161} INFO - Started process (PID=1393) to work on /opt/airflow/dags/bronze_dag2.py
[2026-07-15T10:44:11.998+0000] {processor.py:830} INFO - Processing file /opt/airflow/dags/bronze_dag2.py for tasks to queue
[2026-07-15T10:44:12.000+0000] {logging_mixin.py:188} INFO - [2026-07-15T10:44:11.999+0000] {dagbag.py:540} INFO - Filling up the DagBag from /opt/airflow/dags/bronze_dag2.py
[2026-07-15T10:44:12.019+0000] {processor.py:840} INFO - DAG(s) 'bronze_dag2' retrieved from /opt/airflow/dags/bronze_dag2.py
[2026-07-15T10:44:12.045+0000] {logging_mixin.py:188} INFO - [2026-07-15T10:44:12.045+0000] {dag.py:3096} INFO - Sync 1 DAGs
[2026-07-15T10:44:12.066+0000] {logging_mixin.py:188} INFO - [2026-07-15T10:44:12.066+0000] {dag.py:3954} INFO - Setting next_dagrun for bronze_dag2 to 2026-07-15 10:00:00+00:00, run_after=2026-07-15 11:00:00+00:00
[2026-07-15T10:44:12.087+0000] {processor.py:183} INFO - Processing /opt/airflow/dags/bronze_dag2.py took 0.097 seconds
[2026-07-15T10:44:42.782+0000] {processor.py:161} INFO - Started process (PID=1418) to work on /opt/airflow/dags/bronze_dag2.py
[2026-07-15T10:44:42.784+0000] {processor.py:830} INFO - Processing file /opt/airflow/dags/bronze_dag2.py for tasks to queue
[2026-07-15T10:44:42.785+0000] {logging_mixin.py:188} INFO - [2026-07-15T10:44:42.785+0000] {dagbag.py:540} INFO - Filling up the DagBag from /opt/airflow/dags/bronze_dag2.py
[2026-07-15T10:44:42.802+0000] {processor.py:840} INFO - DAG(s) 'bronze_dag2' retrieved from /opt/airflow/dags/bronze_dag2.py
[2026-07-15T10:44:42.825+0000] {logging_mixin.py:188} INFO - [2026-07-15T10:44:42.825+0000] {dag.py:3096} INFO - Sync 1 DAGs
[2026-07-15T10:44:42.847+0000] {logging_mixin.py:188} INFO - [2026-07-15T10:44:42.847+0000] {dag.py:3954} INFO - Setting next_dagrun for bronze_dag2 to 2026-07-15 10:00:00+00:00, run_after=2026-07-15 11:00:00+00:00
[2026-07-15T10:44:42.866+0000] {processor.py:183} INFO - Processing /opt/airflow/dags/bronze_dag2.py took 0.088 seconds
[2026-07-15T10:45:13.555+0000] {processor.py:161} INFO - Started process (PID=1443) to work on /opt/airflow/dags/bronze_dag2.py
[2026-07-15T10:45:13.556+0000] {processor.py:830} INFO - Processing file /opt/airflow/dags/bronze_dag2.py for tasks to queue
[2026-07-15T10:45:13.558+0000] {logging_mixin.py:188} INFO - [2026-07-15T10:45:13.558+0000] {dagbag.py:540} INFO - Filling up the DagBag from /opt/airflow/dags/bronze_dag2.py
[2026-07-15T10:45:13.579+0000] {processor.py:840} INFO - DAG(s) 'bronze_dag2' retrieved from /opt/airflow/dags/bronze_dag2.py
[2026-07-15T10:45:13.610+0000] {logging_mixin.py:188} INFO - [2026-07-15T10:45:13.610+0000] {dag.py:3096} INFO - Sync 1 DAGs
[2026-07-15T10:45:13.635+0000] {logging_mixin.py:188} INFO - [2026-07-15T10:45:13.635+0000] {dag.py:3954} INFO - Setting next_dagrun for bronze_dag2 to 2026-07-15 10:00:00+00:00, run_after=2026-07-15 11:00:00+00:00
[2026-07-15T10:45:13.653+0000] {processor.py:183} INFO - Processing /opt/airflow/dags/bronze_dag2.py took 0.104 seconds
[2026-07-15T10:45:44.321+0000] {processor.py:161} INFO - Started process (PID=1468) to work on /opt/airflow/dags/bronze_dag2.py
[2026-07-15T10:45:44.323+0000] {processor.py:830} INFO - Processing file /opt/airflow/dags/bronze_dag2.py for tasks to queue
[2026-07-15T10:45:44.324+0000] {logging_mixin.py:188} INFO - [2026-07-15T10:45:44.324+0000] {dagbag.py:540} INFO - Filling up the DagBag from /opt/airflow/dags/bronze_dag2.py
[2026-07-15T10:45:44.345+0000] {processor.py:840} INFO - DAG(s) 'bronze_dag2' retrieved from /opt/airflow/dags/bronze_dag2.py
[2026-07-15T10:45:44.373+0000] {logging_mixin.py:188} INFO - [2026-07-15T10:45:44.373+0000] {dag.py:3096} INFO - Sync 1 DAGs
[2026-07-15T10:45:44.397+0000] {logging_mixin.py:188} INFO - [2026-07-15T10:45:44.397+0000] {dag.py:3954} INFO - Setting next_dagrun for bronze_dag2 to 2026-07-15 10:00:00+00:00, run_after=2026-07-15 11:00:00+00:00
[2026-07-15T10:45:44.417+0000] {processor.py:183} INFO - Processing /opt/airflow/dags/bronze_dag2.py took 0.102 seconds
[2026-07-15T10:46:15.070+0000] {processor.py:161} INFO - Started process (PID=1493) to work on /opt/airflow/dags/bronze_dag2.py
[2026-07-15T10:46:15.072+0000] {processor.py:830} INFO - Processing file /opt/airflow/dags/bronze_dag2.py for tasks to queue
[2026-07-15T10:46:15.074+0000] {logging_mixin.py:188} INFO - [2026-07-15T10:46:15.074+0000] {dagbag.py:540} INFO - Filling up the DagBag from /opt/airflow/dags/bronze_dag2.py
[2026-07-15T10:46:15.095+0000] {processor.py:840} INFO - DAG(s) 'bronze_dag2' retrieved from /opt/airflow/dags/bronze_dag2.py
[2026-07-15T10:46:15.121+0000] {logging_mixin.py:188} INFO - [2026-07-15T10:46:15.121+0000] {dag.py:3096} INFO - Sync 1 DAGs
[2026-07-15T10:46:15.143+0000] {logging_mixin.py:188} INFO - [2026-07-15T10:46:15.143+0000] {dag.py:3954} INFO - Setting next_dagrun for bronze_dag2 to 2026-07-15 10:00:00+00:00, run_after=2026-07-15 11:00:00+00:00
[2026-07-15T10:46:15.163+0000] {processor.py:183} INFO - Processing /opt/airflow/dags/bronze_dag2.py took 0.099 seconds
[2026-07-15T10:46:45.972+0000] {processor.py:161} INFO - Started process (PID=1518) to work on /opt/airflow/dags/bronze_dag2.py
[2026-07-15T10:46:45.978+0000] {processor.py:830} INFO - Processing file /opt/airflow/dags/bronze_dag2.py for tasks to queue
[2026-07-15T10:46:45.981+0000] {logging_mixin.py:188} INFO - [2026-07-15T10:46:45.980+0000] {dagbag.py:540} INFO - Filling up the DagBag from /opt/airflow/dags/bronze_dag2.py
[2026-07-15T10:46:46.028+0000] {processor.py:840} INFO - DAG(s) 'bronze_dag2' retrieved from /opt/airflow/dags/bronze_dag2.py
[2026-07-15T10:46:46.097+0000] {logging_mixin.py:188} INFO - [2026-07-15T10:46:46.097+0000] {dag.py:3096} INFO - Sync 1 DAGs
[2026-07-15T10:46:46.149+0000] {logging_mixin.py:188} INFO - [2026-07-15T10:46:46.148+0000] {dag.py:3954} INFO - Setting next_dagrun for bronze_dag2 to 2026-07-15 10:00:00+00:00, run_after=2026-07-15 11:00:00+00:00
[2026-07-15T10:46:46.184+0000] {processor.py:183} INFO - Processing /opt/airflow/dags/bronze_dag2.py took 0.227 seconds
[2026-07-15T10:47:16.581+0000] {processor.py:161} INFO - Started process (PID=1543) to work on /opt/airflow/dags/bronze_dag2.py
[2026-07-15T10:47:16.583+0000] {processor.py:830} INFO - Processing file /opt/airflow/dags/bronze_dag2.py for tasks to queue
[2026-07-15T10:47:16.585+0000] {logging_mixin.py:188} INFO - [2026-07-15T10:47:16.584+0000] {dagbag.py:540} INFO - Filling up the DagBag from /opt/airflow/dags/bronze_dag2.py
[2026-07-15T10:47:16.608+0000] {processor.py:840} INFO - DAG(s) 'bronze_dag2' retrieved from /opt/airflow/dags/bronze_dag2.py
[2026-07-15T10:47:16.637+0000] {logging_mixin.py:188} INFO - [2026-07-15T10:47:16.637+0000] {dag.py:3096} INFO - Sync 1 DAGs
[2026-07-15T10:47:16.666+0000] {logging_mixin.py:188} INFO - [2026-07-15T10:47:16.665+0000] {dag.py:3954} INFO - Setting next_dagrun for bronze_dag2 to 2026-07-15 10:00:00+00:00, run_after=2026-07-15 11:00:00+00:00
[2026-07-15T10:47:16.690+0000] {processor.py:183} INFO - Processing /opt/airflow/dags/bronze_dag2.py took 0.119 seconds
[2026-07-15T10:47:47.379+0000] {processor.py:161} INFO - Started process (PID=1568) to work on /opt/airflow/dags/bronze_dag2.py
[2026-07-15T10:47:47.381+0000] {processor.py:830} INFO - Processing file /opt/airflow/dags/bronze_dag2.py for tasks to queue
[2026-07-15T10:47:47.382+0000] {logging_mixin.py:188} INFO - [2026-07-15T10:47:47.382+0000] {dagbag.py:540} INFO - Filling up the DagBag from /opt/airflow/dags/bronze_dag2.py
[2026-07-15T10:47:47.400+0000] {processor.py:840} INFO - DAG(s) 'bronze_dag2' retrieved from /opt/airflow/dags/bronze_dag2.py
[2026-07-15T10:47:47.423+0000] {logging_mixin.py:188} INFO - [2026-07-15T10:47:47.423+0000] {dag.py:3096} INFO - Sync 1 DAGs
[2026-07-15T10:47:47.444+0000] {logging_mixin.py:188} INFO - [2026-07-15T10:47:47.444+0000] {dag.py:3954} INFO - Setting next_dagrun for bronze_dag2 to 2026-07-15 10:00:00+00:00, run_after=2026-07-15 11:00:00+00:00
[2026-07-15T10:47:47.461+0000] {processor.py:183} INFO - Processing /opt/airflow/dags/bronze_dag2.py took 0.088 seconds
[2026-07-15T10:48:18.147+0000] {processor.py:161} INFO - Started process (PID=1593) to work on /opt/airflow/dags/bronze_dag2.py
[2026-07-15T10:48:18.149+0000] {processor.py:830} INFO - Processing file /opt/airflow/dags/bronze_dag2.py for tasks to queue
[2026-07-15T10:48:18.151+0000] {logging_mixin.py:188} INFO - [2026-07-15T10:48:18.151+0000] {dagbag.py:540} INFO - Filling up the DagBag from /opt/airflow/dags/bronze_dag2.py
[2026-07-15T10:48:18.173+0000] {processor.py:840} INFO - DAG(s) 'bronze_dag2' retrieved from /opt/airflow/dags/bronze_dag2.py
[2026-07-15T10:48:18.200+0000] {logging_mixin.py:188} INFO - [2026-07-15T10:48:18.200+0000] {dag.py:3096} INFO - Sync 1 DAGs
[2026-07-15T10:48:18.225+0000] {logging_mixin.py:188} INFO - [2026-07-15T10:48:18.225+0000] {dag.py:3954} INFO - Setting next_dagrun for bronze_dag2 to 2026-07-15 10:00:00+00:00, run_after=2026-07-15 11:00:00+00:00
[2026-07-15T10:48:18.248+0000] {processor.py:183} INFO - Processing /opt/airflow/dags/bronze_dag2.py took 0.107 seconds
[2026-07-15T10:48:48.975+0000] {processor.py:161} INFO - Started process (PID=1618) to work on /opt/airflow/dags/bronze_dag2.py
[2026-07-15T10:48:48.976+0000] {processor.py:830} INFO - Processing file /opt/airflow/dags/bronze_dag2.py for tasks to queue
[2026-07-15T10:48:48.978+0000] {logging_mixin.py:188} INFO - [2026-07-15T10:48:48.977+0000] {dagbag.py:540} INFO - Filling up the DagBag from /opt/airflow/dags/bronze_dag2.py
[2026-07-15T10:48:48.996+0000] {processor.py:840} INFO - DAG(s) 'bronze_dag2' retrieved from /opt/airflow/dags/bronze_dag2.py
[2026-07-15T10:48:49.024+0000] {logging_mixin.py:188} INFO - [2026-07-15T10:48:49.024+0000] {dag.py:3096} INFO - Sync 1 DAGs
[2026-07-15T10:48:49.046+0000] {logging_mixin.py:188} INFO - [2026-07-15T10:48:49.046+0000] {dag.py:3954} INFO - Setting next_dagrun for bronze_dag2 to 2026-07-15 10:00:00+00:00, run_after=2026-07-15 11:00:00+00:00
[2026-07-15T10:48:49.065+0000] {processor.py:183} INFO - Processing /opt/airflow/dags/bronze_dag2.py took 0.097 seconds
[2026-07-15T10:49:19.720+0000] {processor.py:161} INFO - Started process (PID=1643) to work on /opt/airflow/dags/bronze_dag2.py
[2026-07-15T10:49:19.721+0000] {processor.py:830} INFO - Processing file /opt/airflow/dags/bronze_dag2.py for tasks to queue
[2026-07-15T10:49:19.723+0000] {logging_mixin.py:188} INFO - [2026-07-15T10:49:19.723+0000] {dagbag.py:540} INFO - Filling up the DagBag from /opt/airflow/dags/bronze_dag2.py
[2026-07-15T10:49:19.751+0000] {processor.py:840} INFO - DAG(s) 'bronze_dag2' retrieved from /opt/airflow/dags/bronze_dag2.py
[2026-07-15T10:49:19.778+0000] {logging_mixin.py:188} INFO - [2026-07-15T10:49:19.778+0000] {dag.py:3096} INFO - Sync 1 DAGs
[2026-07-15T10:49:19.800+0000] {logging_mixin.py:188} INFO - [2026-07-15T10:49:19.800+0000] {dag.py:3954} INFO - Setting next_dagrun for bronze_dag2 to 2026-07-15 10:00:00+00:00, run_after=2026-07-15 11:00:00+00:00
[2026-07-15T10:49:19.819+0000] {processor.py:183} INFO - Processing /opt/airflow/dags/bronze_dag2.py took 0.106 seconds
[2026-07-15T10:49:50.567+0000] {processor.py:161} INFO - Started process (PID=1668) to work on /opt/airflow/dags/bronze_dag2.py
[2026-07-15T10:49:50.569+0000] {processor.py:830} INFO - Processing file /opt/airflow/dags/bronze_dag2.py for tasks to queue
[2026-07-15T10:49:50.570+0000] {logging_mixin.py:188} INFO - [2026-07-15T10:49:50.570+0000] {dagbag.py:540} INFO - Filling up the DagBag from /opt/airflow/dags/bronze_dag2.py
[2026-07-15T10:49:50.593+0000] {processor.py:840} INFO - DAG(s) 'bronze_dag2' retrieved from /opt/airflow/dags/bronze_dag2.py
[2026-07-15T10:49:50.620+0000] {logging_mixin.py:188} INFO - [2026-07-15T10:49:50.619+0000] {dag.py:3096} INFO - Sync 1 DAGs
[2026-07-15T10:49:50.644+0000] {logging_mixin.py:188} INFO - [2026-07-15T10:49:50.644+0000] {dag.py:3954} INFO - Setting next_dagrun for bronze_dag2 to 2026-07-15 10:00:00+00:00, run_after=2026-07-15 11:00:00+00:00
[2026-07-15T10:49:50.662+0000] {processor.py:183} INFO - Processing /opt/airflow/dags/bronze_dag2.py took 0.101 seconds
[2026-07-15T10:50:21.306+0000] {processor.py:161} INFO - Started process (PID=1693) to work on /opt/airflow/dags/bronze_dag2.py
[2026-07-15T10:50:21.308+0000] {processor.py:830} INFO - Processing file /opt/airflow/dags/bronze_dag2.py for tasks to queue
[2026-07-15T10:50:21.310+0000] {logging_mixin.py:188} INFO - [2026-07-15T10:50:21.310+0000] {dagbag.py:540} INFO - Filling up the DagBag from /opt/airflow/dags/bronze_dag2.py
[2026-07-15T10:50:21.331+0000] {processor.py:840} INFO - DAG(s) 'bronze_dag2' retrieved from /opt/airflow/dags/bronze_dag2.py
[2026-07-15T10:50:21.358+0000] {logging_mixin.py:188} INFO - [2026-07-15T10:50:21.358+0000] {dag.py:3096} INFO - Sync 1 DAGs
[2026-07-15T10:50:21.385+0000] {logging_mixin.py:188} INFO - [2026-07-15T10:50:21.385+0000] {dag.py:3954} INFO - Setting next_dagrun for bronze_dag2 to 2026-07-15 10:00:00+00:00, run_after=2026-07-15 11:00:00+00:00
[2026-07-15T10:50:21.405+0000] {processor.py:183} INFO - Processing /opt/airflow/dags/bronze_dag2.py took 0.106 seconds
[2026-07-15T10:50:52.076+0000] {processor.py:161} INFO - Started process (PID=1718) to work on /opt/airflow/dags/bronze_dag2.py
[2026-07-15T10:50:52.078+0000] {processor.py:830} INFO - Processing file /opt/airflow/dags/bronze_dag2.py for tasks to queue
[2026-07-15T10:50:52.080+0000] {logging_mixin.py:188} INFO - [2026-07-15T10:50:52.079+0000] {dagbag.py:540} INFO - Filling up the DagBag from /opt/airflow/dags/bronze_dag2.py
[2026-07-15T10:50:52.101+0000] {processor.py:840} INFO - DAG(s) 'bronze_dag2' retrieved from /opt/airflow/dags/bronze_dag2.py
[2026-07-15T10:50:52.127+0000] {logging_mixin.py:188} INFO - [2026-07-15T10:50:52.126+0000] {dag.py:3096} INFO - Sync 1 DAGs
[2026-07-15T10:50:52.149+0000] {logging_mixin.py:188} INFO - [2026-07-15T10:50:52.149+0000] {dag.py:3954} INFO - Setting next_dagrun for bronze_dag2 to 2026-07-15 10:00:00+00:00, run_after=2026-07-15 11:00:00+00:00
[2026-07-15T10:50:52.174+0000] {processor.py:183} INFO - Processing /opt/airflow/dags/bronze_dag2.py took 0.105 seconds
[2026-07-15T10:51:22.873+0000] {processor.py:161} INFO - Started process (PID=1743) to work on /opt/airflow/dags/bronze_dag2.py
[2026-07-15T10:51:22.874+0000] {processor.py:830} INFO - Processing file /opt/airflow/dags/bronze_dag2.py for tasks to queue
[2026-07-15T10:51:22.876+0000] {logging_mixin.py:188} INFO - [2026-07-15T10:51:22.875+0000] {dagbag.py:540} INFO - Filling up the DagBag from /opt/airflow/dags/bronze_dag2.py
[2026-07-15T10:51:22.894+0000] {processor.py:840} INFO - DAG(s) 'bronze_dag2' retrieved from /opt/airflow/dags/bronze_dag2.py
[2026-07-15T10:51:22.922+0000] {logging_mixin.py:188} INFO - [2026-07-15T10:51:22.922+0000] {dag.py:3096} INFO - Sync 1 DAGs
[2026-07-15T10:51:22.944+0000] {logging_mixin.py:188} INFO - [2026-07-15T10:51:22.944+0000] {dag.py:3954} INFO - Setting next_dagrun for bronze_dag2 to 2026-07-15 10:00:00+00:00, run_after=2026-07-15 11:00:00+00:00
[2026-07-15T10:51:22.962+0000] {processor.py:183} INFO - Processing /opt/airflow/dags/bronze_dag2.py took 0.096 seconds
[2026-07-15T10:51:53.741+0000] {processor.py:161} INFO - Started process (PID=1768) to work on /opt/airflow/dags/bronze_dag2.py
[2026-07-15T10:51:53.743+0000] {processor.py:830} INFO - Processing file /opt/airflow/dags/bronze_dag2.py for tasks to queue
[2026-07-15T10:51:53.744+0000] {logging_mixin.py:188} INFO - [2026-07-15T10:51:53.744+0000] {dagbag.py:540} INFO - Filling up the DagBag from /opt/airflow/dags/bronze_dag2.py
[2026-07-15T10:51:53.762+0000] {processor.py:840} INFO - DAG(s) 'bronze_dag2' retrieved from /opt/airflow/dags/bronze_dag2.py
[2026-07-15T10:51:53.786+0000] {logging_mixin.py:188} INFO - [2026-07-15T10:51:53.786+0000] {dag.py:3096} INFO - Sync 1 DAGs
[2026-07-15T10:51:53.808+0000] {logging_mixin.py:188} INFO - [2026-07-15T10:51:53.808+0000] {dag.py:3954} INFO - Setting next_dagrun for bronze_dag2 to 2026-07-15 10:00:00+00:00, run_after=2026-07-15 11:00:00+00:00
[2026-07-15T10:51:53.826+0000] {processor.py:183} INFO - Processing /opt/airflow/dags/bronze_dag2.py took 0.090 seconds
[2026-07-15T10:52:24.483+0000] {processor.py:161} INFO - Started process (PID=1793) to work on /opt/airflow/dags/bronze_dag2.py
[2026-07-15T10:52:24.485+0000] {processor.py:830} INFO - Processing file /opt/airflow/dags/bronze_dag2.py for tasks to queue
[2026-07-15T10:52:24.487+0000] {logging_mixin.py:188} INFO - [2026-07-15T10:52:24.487+0000] {dagbag.py:540} INFO - Filling up the DagBag from /opt/airflow/dags/bronze_dag2.py
[2026-07-15T10:52:24.513+0000] {processor.py:840} INFO - DAG(s) 'bronze_dag2' retrieved from /opt/airflow/dags/bronze_dag2.py
[2026-07-15T10:52:24.543+0000] {logging_mixin.py:188} INFO - [2026-07-15T10:52:24.543+0000] {dag.py:3096} INFO - Sync 1 DAGs
[2026-07-15T10:52:24.569+0000] {logging_mixin.py:188} INFO - [2026-07-15T10:52:24.569+0000] {dag.py:3954} INFO - Setting next_dagrun for bronze_dag2 to 2026-07-15 10:00:00+00:00, run_after=2026-07-15 11:00:00+00:00
[2026-07-15T10:52:24.588+0000] {processor.py:183} INFO - Processing /opt/airflow/dags/bronze_dag2.py took 0.112 seconds
[2026-07-15T10:52:55.284+0000] {processor.py:161} INFO - Started process (PID=1818) to work on /opt/airflow/dags/bronze_dag2.py
[2026-07-15T10:52:55.285+0000] {processor.py:830} INFO - Processing file /opt/airflow/dags/bronze_dag2.py for tasks to queue
[2026-07-15T10:52:55.287+0000] {logging_mixin.py:188} INFO - [2026-07-15T10:52:55.286+0000] {dagbag.py:540} INFO - Filling up the DagBag from /opt/airflow/dags/bronze_dag2.py
[2026-07-15T10:52:55.304+0000] {processor.py:840} INFO - DAG(s) 'bronze_dag2' retrieved from /opt/airflow/dags/bronze_dag2.py
[2026-07-15T10:52:55.328+0000] {logging_mixin.py:188} INFO - [2026-07-15T10:52:55.328+0000] {dag.py:3096} INFO - Sync 1 DAGs
[2026-07-15T10:52:55.349+0000] {logging_mixin.py:188} INFO - [2026-07-15T10:52:55.349+0000] {dag.py:3954} INFO - Setting next_dagrun for bronze_dag2 to 2026-07-15 10:00:00+00:00, run_after=2026-07-15 11:00:00+00:00
[2026-07-15T10:52:55.368+0000] {processor.py:183} INFO - Processing /opt/airflow/dags/bronze_dag2.py took 0.089 seconds
[2026-07-15T10:53:26.061+0000] {processor.py:161} INFO - Started process (PID=1843) to work on /opt/airflow/dags/bronze_dag2.py
[2026-07-15T10:53:26.063+0000] {processor.py:830} INFO - Processing file /opt/airflow/dags/bronze_dag2.py for tasks to queue
[2026-07-15T10:53:26.064+0000] {logging_mixin.py:188} INFO - [2026-07-15T10:53:26.064+0000] {dagbag.py:540} INFO - Filling up the DagBag from /opt/airflow/dags/bronze_dag2.py
[2026-07-15T10:53:26.088+0000] {processor.py:840} INFO - DAG(s) 'bronze_dag2' retrieved from /opt/airflow/dags/bronze_dag2.py
[2026-07-15T10:53:26.117+0000] {logging_mixin.py:188} INFO - [2026-07-15T10:53:26.117+0000] {dag.py:3096} INFO - Sync 1 DAGs
[2026-07-15T10:53:26.140+0000] {logging_mixin.py:188} INFO - [2026-07-15T10:53:26.140+0000] {dag.py:3954} INFO - Setting next_dagrun for bronze_dag2 to 2026-07-15 10:00:00+00:00, run_after=2026-07-15 11:00:00+00:00
[2026-07-15T10:53:26.166+0000] {processor.py:183} INFO - Processing /opt/airflow/dags/bronze_dag2.py took 0.111 seconds
[2026-07-15T10:53:56.856+0000] {processor.py:161} INFO - Started process (PID=1868) to work on /opt/airflow/dags/bronze_dag2.py
[2026-07-15T10:53:56.858+0000] {processor.py:830} INFO - Processing file /opt/airflow/dags/bronze_dag2.py for tasks to queue
[2026-07-15T10:53:56.859+0000] {logging_mixin.py:188} INFO - [2026-07-15T10:53:56.859+0000] {dagbag.py:540} INFO - Filling up the DagBag from /opt/airflow/dags/bronze_dag2.py
[2026-07-15T10:53:56.880+0000] {processor.py:840} INFO - DAG(s) 'bronze_dag2' retrieved from /opt/airflow/dags/bronze_dag2.py
[2026-07-15T10:53:56.906+0000] {logging_mixin.py:188} INFO - [2026-07-15T10:53:56.906+0000] {dag.py:3096} INFO - Sync 1 DAGs
[2026-07-15T10:53:56.966+0000] {logging_mixin.py:188} INFO - [2026-07-15T10:53:56.965+0000] {dag.py:3954} INFO - Setting next_dagrun for bronze_dag2 to 2026-07-15 10:00:00+00:00, run_after=2026-07-15 11:00:00+00:00
[2026-07-15T10:53:56.997+0000] {processor.py:183} INFO - Processing /opt/airflow/dags/bronze_dag2.py took 0.146 seconds
[2026-07-15T10:54:27.620+0000] {processor.py:161} INFO - Started process (PID=1893) to work on /opt/airflow/dags/bronze_dag2.py
[2026-07-15T10:54:27.622+0000] {processor.py:830} INFO - Processing file /opt/airflow/dags/bronze_dag2.py for tasks to queue
[2026-07-15T10:54:27.623+0000] {logging_mixin.py:188} INFO - [2026-07-15T10:54:27.623+0000] {dagbag.py:540} INFO - Filling up the DagBag from /opt/airflow/dags/bronze_dag2.py
[2026-07-15T10:54:27.649+0000] {processor.py:840} INFO - DAG(s) 'bronze_dag2' retrieved from /opt/airflow/dags/bronze_dag2.py
[2026-07-15T10:54:27.674+0000] {logging_mixin.py:188} INFO - [2026-07-15T10:54:27.674+0000] {dag.py:3096} INFO - Sync 1 DAGs
[2026-07-15T10:54:27.699+0000] {logging_mixin.py:188} INFO - [2026-07-15T10:54:27.699+0000] {dag.py:3954} INFO - Setting next_dagrun for bronze_dag2 to 2026-07-15 10:00:00+00:00, run_after=2026-07-15 11:00:00+00:00
[2026-07-15T10:54:27.722+0000] {processor.py:183} INFO - Processing /opt/airflow/dags/bronze_dag2.py took 0.108 seconds
[2026-07-15T10:54:58.442+0000] {processor.py:161} INFO - Started process (PID=1918) to work on /opt/airflow/dags/bronze_dag2.py
[2026-07-15T10:54:58.444+0000] {processor.py:830} INFO - Processing file /opt/airflow/dags/bronze_dag2.py for tasks to queue
[2026-07-15T10:54:58.446+0000] {logging_mixin.py:188} INFO - [2026-07-15T10:54:58.445+0000] {dagbag.py:540} INFO - Filling up the DagBag from /opt/airflow/dags/bronze_dag2.py
[2026-07-15T10:54:58.479+0000] {processor.py:840} INFO - DAG(s) 'bronze_dag2' retrieved from /opt/airflow/dags/bronze_dag2.py
[2026-07-15T10:54:58.514+0000] {logging_mixin.py:188} INFO - [2026-07-15T10:54:58.514+0000] {dag.py:3096} INFO - Sync 1 DAGs
[2026-07-15T10:54:58.547+0000] {logging_mixin.py:188} INFO - [2026-07-15T10:54:58.546+0000] {dag.py:3954} INFO - Setting next_dagrun for bronze_dag2 to 2026-07-15 10:00:00+00:00, run_after=2026-07-15 11:00:00+00:00
[2026-07-15T10:54:58.572+0000] {processor.py:183} INFO - Processing /opt/airflow/dags/bronze_dag2.py took 0.137 seconds
[2026-07-15T10:55:29.222+0000] {processor.py:161} INFO - Started process (PID=1943) to work on /opt/airflow/dags/bronze_dag2.py
[2026-07-15T10:55:29.224+0000] {processor.py:830} INFO - Processing file /opt/airflow/dags/bronze_dag2.py for tasks to queue
[2026-07-15T10:55:29.225+0000] {logging_mixin.py:188} INFO - [2026-07-15T10:55:29.225+0000] {dagbag.py:540} INFO - Filling up the DagBag from /opt/airflow/dags/bronze_dag2.py
[2026-07-15T10:55:29.250+0000] {processor.py:840} INFO - DAG(s) 'bronze_dag2' retrieved from /opt/airflow/dags/bronze_dag2.py
[2026-07-15T10:55:29.279+0000] {logging_mixin.py:188} INFO - [2026-07-15T10:55:29.279+0000] {dag.py:3096} INFO - Sync 1 DAGs
[2026-07-15T10:55:29.307+0000] {logging_mixin.py:188} INFO - [2026-07-15T10:55:29.307+0000] {dag.py:3954} INFO - Setting next_dagrun for bronze_dag2 to 2026-07-15 10:00:00+00:00, run_after=2026-07-15 11:00:00+00:00
[2026-07-15T10:55:29.333+0000] {processor.py:183} INFO - Processing /opt/airflow/dags/bronze_dag2.py took 0.118 seconds
[2026-07-15T10:55:59.973+0000] {processor.py:161} INFO - Started process (PID=1968) to work on /opt/airflow/dags/bronze_dag2.py
[2026-07-15T10:55:59.975+0000] {processor.py:830} INFO - Processing file /opt/airflow/dags/bronze_dag2.py for tasks to queue
[2026-07-15T10:55:59.977+0000] {logging_mixin.py:188} INFO - [2026-07-15T10:55:59.976+0000] {dagbag.py:540} INFO - Filling up the DagBag from /opt/airflow/dags/bronze_dag2.py
[2026-07-15T10:56:00.001+0000] {processor.py:840} INFO - DAG(s) 'bronze_dag2' retrieved from /opt/airflow/dags/bronze_dag2.py
[2026-07-15T10:56:00.034+0000] {logging_mixin.py:188} INFO - [2026-07-15T10:56:00.034+0000] {dag.py:3096} INFO - Sync 1 DAGs
[2026-07-15T10:56:00.057+0000] {logging_mixin.py:188} INFO - [2026-07-15T10:56:00.057+0000] {dag.py:3954} INFO - Setting next_dagrun for bronze_dag2 to 2026-07-15 10:00:00+00:00, run_after=2026-07-15 11:00:00+00:00
[2026-07-15T10:56:00.080+0000] {processor.py:183} INFO - Processing /opt/airflow/dags/bronze_dag2.py took 0.116 seconds
[2026-07-15T10:56:30.808+0000] {processor.py:161} INFO - Started process (PID=1993) to work on /opt/airflow/dags/bronze_dag2.py
[2026-07-15T10:56:30.810+0000] {processor.py:830} INFO - Processing file /opt/airflow/dags/bronze_dag2.py for tasks to queue
[2026-07-15T10:56:30.812+0000] {logging_mixin.py:188} INFO - [2026-07-15T10:56:30.812+0000] {dagbag.py:540} INFO - Filling up the DagBag from /opt/airflow/dags/bronze_dag2.py
[2026-07-15T10:56:30.832+0000] {processor.py:840} INFO - DAG(s) 'bronze_dag2' retrieved from /opt/airflow/dags/bronze_dag2.py
[2026-07-15T10:56:30.857+0000] {logging_mixin.py:188} INFO - [2026-07-15T10:56:30.857+0000] {dag.py:3096} INFO - Sync 1 DAGs
[2026-07-15T10:56:30.880+0000] {logging_mixin.py:188} INFO - [2026-07-15T10:56:30.880+0000] {dag.py:3954} INFO - Setting next_dagrun for bronze_dag2 to 2026-07-15 10:00:00+00:00, run_after=2026-07-15 11:00:00+00:00
[2026-07-15T10:56:30.898+0000] {processor.py:183} INFO - Processing /opt/airflow/dags/bronze_dag2.py took 0.096 seconds
[2026-07-15T10:57:01.709+0000] {processor.py:161} INFO - Started process (PID=2018) to work on /opt/airflow/dags/bronze_dag2.py
[2026-07-15T10:57:01.711+0000] {processor.py:830} INFO - Processing file /opt/airflow/dags/bronze_dag2.py for tasks to queue
[2026-07-15T10:57:01.713+0000] {logging_mixin.py:188} INFO - [2026-07-15T10:57:01.712+0000] {dagbag.py:540} INFO - Filling up the DagBag from /opt/airflow/dags/bronze_dag2.py
[2026-07-15T10:57:01.735+0000] {processor.py:840} INFO - DAG(s) 'bronze_dag2' retrieved from /opt/airflow/dags/bronze_dag2.py
[2026-07-15T10:57:01.767+0000] {logging_mixin.py:188} INFO - [2026-07-15T10:57:01.766+0000] {dag.py:3096} INFO - Sync 1 DAGs
[2026-07-15T10:57:01.788+0000] {logging_mixin.py:188} INFO - [2026-07-15T10:57:01.788+0000] {dag.py:3954} INFO - Setting next_dagrun for bronze_dag2 to 2026-07-15 10:00:00+00:00, run_after=2026-07-15 11:00:00+00:00
[2026-07-15T10:57:01.806+0000] {processor.py:183} INFO - Processing /opt/airflow/dags/bronze_dag2.py took 0.103 seconds
[2026-07-15T10:57:32.528+0000] {processor.py:161} INFO - Started process (PID=2043) to work on /opt/airflow/dags/bronze_dag2.py
[2026-07-15T10:57:32.529+0000] {processor.py:830} INFO - Processing file /opt/airflow/dags/bronze_dag2.py for tasks to queue
[2026-07-15T10:57:32.531+0000] {logging_mixin.py:188} INFO - [2026-07-15T10:57:32.531+0000] {dagbag.py:540} INFO - Filling up the DagBag from /opt/airflow/dags/bronze_dag2.py
[2026-07-15T10:57:32.559+0000] {processor.py:840} INFO - DAG(s) 'bronze_dag2' retrieved from /opt/airflow/dags/bronze_dag2.py
[2026-07-15T10:57:32.587+0000] {logging_mixin.py:188} INFO - [2026-07-15T10:57:32.587+0000] {dag.py:3096} INFO - Sync 1 DAGs
[2026-07-15T10:57:32.609+0000] {logging_mixin.py:188} INFO - [2026-07-15T10:57:32.608+0000] {dag.py:3954} INFO - Setting next_dagrun for bronze_dag2 to 2026-07-15 10:00:00+00:00, run_after=2026-07-15 11:00:00+00:00
[2026-07-15T10:57:32.624+0000] {processor.py:183} INFO - Processing /opt/airflow/dags/bronze_dag2.py took 0.103 seconds
[2026-07-15T10:58:03.270+0000] {processor.py:161} INFO - Started process (PID=2068) to work on /opt/airflow/dags/bronze_dag2.py
[2026-07-15T10:58:03.274+0000] {processor.py:830} INFO - Processing file /opt/airflow/dags/bronze_dag2.py for tasks to queue
[2026-07-15T10:58:03.277+0000] {logging_mixin.py:188} INFO - [2026-07-15T10:58:03.277+0000] {dagbag.py:540} INFO - Filling up the DagBag from /opt/airflow/dags/bronze_dag2.py
[2026-07-15T10:58:03.308+0000] {processor.py:840} INFO - DAG(s) 'bronze_dag2' retrieved from /opt/airflow/dags/bronze_dag2.py
[2026-07-15T10:58:03.348+0000] {logging_mixin.py:188} INFO - [2026-07-15T10:58:03.347+0000] {dag.py:3096} INFO - Sync 1 DAGs
[2026-07-15T10:58:03.377+0000] {logging_mixin.py:188} INFO - [2026-07-15T10:58:03.377+0000] {dag.py:3954} INFO - Setting next_dagrun for bronze_dag2 to 2026-07-15 10:00:00+00:00, run_after=2026-07-15 11:00:00+00:00
[2026-07-15T10:58:03.396+0000] {processor.py:183} INFO - Processing /opt/airflow/dags/bronze_dag2.py took 0.135 seconds
[2026-07-15T10:58:34.198+0000] {processor.py:161} INFO - Started process (PID=2093) to work on /opt/airflow/dags/bronze_dag2.py
[2026-07-15T10:58:34.201+0000] {processor.py:830} INFO - Processing file /opt/airflow/dags/bronze_dag2.py for tasks to queue
[2026-07-15T10:58:34.208+0000] {logging_mixin.py:188} INFO - [2026-07-15T10:58:34.206+0000] {dagbag.py:540} INFO - Filling up the DagBag from /opt/airflow/dags/bronze_dag2.py
[2026-07-15T10:58:34.241+0000] {processor.py:840} INFO - DAG(s) 'bronze_dag2' retrieved from /opt/airflow/dags/bronze_dag2.py
[2026-07-15T10:58:34.272+0000] {logging_mixin.py:188} INFO - [2026-07-15T10:58:34.271+0000] {dag.py:3096} INFO - Sync 1 DAGs
[2026-07-15T10:58:34.301+0000] {logging_mixin.py:188} INFO - [2026-07-15T10:58:34.301+0000] {dag.py:3954} INFO - Setting next_dagrun for bronze_dag2 to 2026-07-15 10:00:00+00:00, run_after=2026-07-15 11:00:00+00:00
[2026-07-15T10:58:34.329+0000] {processor.py:183} INFO - Processing /opt/airflow/dags/bronze_dag2.py took 0.140 seconds
[2026-07-15T10:59:04.897+0000] {processor.py:161} INFO - Started process (PID=2118) to work on /opt/airflow/dags/bronze_dag2.py
[2026-07-15T10:59:04.898+0000] {processor.py:830} INFO - Processing file /opt/airflow/dags/bronze_dag2.py for tasks to queue
[2026-07-15T10:59:04.900+0000] {logging_mixin.py:188} INFO - [2026-07-15T10:59:04.899+0000] {dagbag.py:540} INFO - Filling up the DagBag from /opt/airflow/dags/bronze_dag2.py
[2026-07-15T10:59:04.920+0000] {processor.py:840} INFO - DAG(s) 'bronze_dag2' retrieved from /opt/airflow/dags/bronze_dag2.py
[2026-07-15T10:59:04.952+0000] {logging_mixin.py:188} INFO - [2026-07-15T10:59:04.952+0000] {dag.py:3096} INFO - Sync 1 DAGs
[2026-07-15T10:59:04.977+0000] {logging_mixin.py:188} INFO - [2026-07-15T10:59:04.976+0000] {dag.py:3954} INFO - Setting next_dagrun for bronze_dag2 to 2026-07-15 10:00:00+00:00, run_after=2026-07-15 11:00:00+00:00
[2026-07-15T10:59:04.997+0000] {processor.py:183} INFO - Processing /opt/airflow/dags/bronze_dag2.py took 0.106 seconds
[2026-07-15T10:59:35.768+0000] {processor.py:161} INFO - Started process (PID=2143) to work on /opt/airflow/dags/bronze_dag2.py
[2026-07-15T10:59:35.771+0000] {processor.py:830} INFO - Processing file /opt/airflow/dags/bronze_dag2.py for tasks to queue
[2026-07-15T10:59:35.773+0000] {logging_mixin.py:188} INFO - [2026-07-15T10:59:35.773+0000] {dagbag.py:540} INFO - Filling up the DagBag from /opt/airflow/dags/bronze_dag2.py
[2026-07-15T10:59:35.800+0000] {processor.py:840} INFO - DAG(s) 'bronze_dag2' retrieved from /opt/airflow/dags/bronze_dag2.py
[2026-07-15T10:59:35.836+0000] {logging_mixin.py:188} INFO - [2026-07-15T10:59:35.836+0000] {dag.py:3096} INFO - Sync 1 DAGs
[2026-07-15T10:59:35.861+0000] {logging_mixin.py:188} INFO - [2026-07-15T10:59:35.861+0000] {dag.py:3954} INFO - Setting next_dagrun for bronze_dag2 to 2026-07-15 10:00:00+00:00, run_after=2026-07-15 11:00:00+00:00
[2026-07-15T10:59:35.881+0000] {processor.py:183} INFO - Processing /opt/airflow/dags/bronze_dag2.py took 0.121 seconds
[2026-07-15T11:00:06.554+0000] {processor.py:161} INFO - Started process (PID=2168) to work on /opt/airflow/dags/bronze_dag2.py
[2026-07-15T11:00:06.556+0000] {processor.py:830} INFO - Processing file /opt/airflow/dags/bronze_dag2.py for tasks to queue
[2026-07-15T11:00:06.557+0000] {logging_mixin.py:188} INFO - [2026-07-15T11:00:06.557+0000] {dagbag.py:540} INFO - Filling up the DagBag from /opt/airflow/dags/bronze_dag2.py
[2026-07-15T11:00:06.587+0000] {processor.py:840} INFO - DAG(s) 'bronze_dag2' retrieved from /opt/airflow/dags/bronze_dag2.py
[2026-07-15T11:00:06.627+0000] {logging_mixin.py:188} INFO - [2026-07-15T11:00:06.626+0000] {dag.py:3096} INFO - Sync 1 DAGs
[2026-07-15T11:00:06.658+0000] {logging_mixin.py:188} INFO - [2026-07-15T11:00:06.658+0000] {dag.py:3954} INFO - Setting next_dagrun for bronze_dag2 to 2026-07-15 10:00:00+00:00, run_after=2026-07-15 11:00:00+00:00
[2026-07-15T11:00:06.679+0000] {processor.py:183} INFO - Processing /opt/airflow/dags/bronze_dag2.py took 0.140 seconds
[2026-07-15T11:00:37.329+0000] {processor.py:161} INFO - Started process (PID=2191) to work on /opt/airflow/dags/bronze_dag2.py
[2026-07-15T11:00:37.331+0000] {processor.py:830} INFO - Processing file /opt/airflow/dags/bronze_dag2.py for tasks to queue
[2026-07-15T11:00:37.335+0000] {logging_mixin.py:188} INFO - [2026-07-15T11:00:37.334+0000] {dagbag.py:540} INFO - Filling up the DagBag from /opt/airflow/dags/bronze_dag2.py
[2026-07-15T11:00:37.375+0000] {processor.py:840} INFO - DAG(s) 'bronze_dag2' retrieved from /opt/airflow/dags/bronze_dag2.py
[2026-07-15T11:00:37.403+0000] {logging_mixin.py:188} INFO - [2026-07-15T11:00:37.403+0000] {dag.py:3096} INFO - Sync 1 DAGs
[2026-07-15T11:00:37.429+0000] {logging_mixin.py:188} INFO - [2026-07-15T11:00:37.428+0000] {dag.py:3954} INFO - Setting next_dagrun for bronze_dag2 to 2026-07-15 10:00:00+00:00, run_after=2026-07-15 11:00:00+00:00
[2026-07-15T11:00:37.449+0000] {processor.py:183} INFO - Processing /opt/airflow/dags/bronze_dag2.py took 0.135 seconds
[2026-07-15T11:01:08.107+0000] {processor.py:161} INFO - Started process (PID=2218) to work on /opt/airflow/dags/bronze_dag2.py
[2026-07-15T11:01:08.108+0000] {processor.py:830} INFO - Processing file /opt/airflow/dags/bronze_dag2.py for tasks to queue
[2026-07-15T11:01:08.111+0000] {logging_mixin.py:188} INFO - [2026-07-15T11:01:08.110+0000] {dagbag.py:540} INFO - Filling up the DagBag from /opt/airflow/dags/bronze_dag2.py
[2026-07-15T11:01:08.134+0000] {processor.py:840} INFO - DAG(s) 'bronze_dag2' retrieved from /opt/airflow/dags/bronze_dag2.py
[2026-07-15T11:01:08.160+0000] {logging_mixin.py:188} INFO - [2026-07-15T11:01:08.160+0000] {dag.py:3096} INFO - Sync 1 DAGs
[2026-07-15T11:01:08.181+0000] {logging_mixin.py:188} INFO - [2026-07-15T11:01:08.181+0000] {dag.py:3954} INFO - Setting next_dagrun for bronze_dag2 to 2026-07-15 10:00:00+00:00, run_after=2026-07-15 11:00:00+00:00
[2026-07-15T11:01:08.203+0000] {processor.py:183} INFO - Processing /opt/airflow/dags/bronze_dag2.py took 0.102 seconds
[2026-07-15T11:01:39.059+0000] {processor.py:161} INFO - Started process (PID=2243) to work on /opt/airflow/dags/bronze_dag2.py
[2026-07-15T11:01:39.062+0000] {processor.py:830} INFO - Processing file /opt/airflow/dags/bronze_dag2.py for tasks to queue
[2026-07-15T11:01:39.064+0000] {logging_mixin.py:188} INFO - [2026-07-15T11:01:39.064+0000] {dagbag.py:540} INFO - Filling up the DagBag from /opt/airflow/dags/bronze_dag2.py
[2026-07-15T11:01:39.108+0000] {processor.py:840} INFO - DAG(s) 'bronze_dag2' retrieved from /opt/airflow/dags/bronze_dag2.py
[2026-07-15T11:01:39.144+0000] {logging_mixin.py:188} INFO - [2026-07-15T11:01:39.144+0000] {dag.py:3096} INFO - Sync 1 DAGs
[2026-07-15T11:01:39.172+0000] {logging_mixin.py:188} INFO - [2026-07-15T11:01:39.172+0000] {dag.py:3954} INFO - Setting next_dagrun for bronze_dag2 to 2026-07-15 10:00:00+00:00, run_after=2026-07-15 11:00:00+00:00
[2026-07-15T11:01:39.193+0000] {processor.py:183} INFO - Processing /opt/airflow/dags/bronze_dag2.py took 0.143 seconds
[2026-07-15T11:02:09.830+0000] {processor.py:161} INFO - Started process (PID=2268) to work on /opt/airflow/dags/bronze_dag2.py
[2026-07-15T11:02:09.832+0000] {processor.py:830} INFO - Processing file /opt/airflow/dags/bronze_dag2.py for tasks to queue
[2026-07-15T11:02:09.834+0000] {logging_mixin.py:188} INFO - [2026-07-15T11:02:09.834+0000] {dagbag.py:540} INFO - Filling up the DagBag from /opt/airflow/dags/bronze_dag2.py
[2026-07-15T11:02:09.858+0000] {processor.py:840} INFO - DAG(s) 'bronze_dag2' retrieved from /opt/airflow/dags/bronze_dag2.py
[2026-07-15T11:02:09.886+0000] {logging_mixin.py:188} INFO - [2026-07-15T11:02:09.885+0000] {dag.py:3096} INFO - Sync 1 DAGs
[2026-07-15T11:02:09.913+0000] {logging_mixin.py:188} INFO - [2026-07-15T11:02:09.913+0000] {dag.py:3954} INFO - Setting next_dagrun for bronze_dag2 to 2026-07-15 10:00:00+00:00, run_after=2026-07-15 11:00:00+00:00
[2026-07-15T11:02:09.938+0000] {processor.py:183} INFO - Processing /opt/airflow/dags/bronze_dag2.py took 0.114 seconds
[2026-07-15T11:02:40.609+0000] {processor.py:161} INFO - Started process (PID=2293) to work on /opt/airflow/dags/bronze_dag2.py
[2026-07-15T11:02:40.612+0000] {processor.py:830} INFO - Processing file /opt/airflow/dags/bronze_dag2.py for tasks to queue
[2026-07-15T11:02:40.614+0000] {logging_mixin.py:188} INFO - [2026-07-15T11:02:40.613+0000] {dagbag.py:540} INFO - Filling up the DagBag from /opt/airflow/dags/bronze_dag2.py
[2026-07-15T11:02:40.639+0000] {processor.py:840} INFO - DAG(s) 'bronze_dag2' retrieved from /opt/airflow/dags/bronze_dag2.py
[2026-07-15T11:02:40.677+0000] {logging_mixin.py:188} INFO - [2026-07-15T11:02:40.677+0000] {dag.py:3096} INFO - Sync 1 DAGs
[2026-07-15T11:02:40.704+0000] {logging_mixin.py:188} INFO - [2026-07-15T11:02:40.704+0000] {dag.py:3954} INFO - Setting next_dagrun for bronze_dag2 to 2026-07-15 10:00:00+00:00, run_after=2026-07-15 11:00:00+00:00
[2026-07-15T11:02:40.725+0000] {processor.py:183} INFO - Processing /opt/airflow/dags/bronze_dag2.py took 0.123 seconds
[2026-07-15T11:03:11.371+0000] {processor.py:161} INFO - Started process (PID=2318) to work on /opt/airflow/dags/bronze_dag2.py
[2026-07-15T11:03:11.373+0000] {processor.py:830} INFO - Processing file /opt/airflow/dags/bronze_dag2.py for tasks to queue
[2026-07-15T11:03:11.374+0000] {logging_mixin.py:188} INFO - [2026-07-15T11:03:11.374+0000] {dagbag.py:540} INFO - Filling up the DagBag from /opt/airflow/dags/bronze_dag2.py
[2026-07-15T11:03:11.402+0000] {processor.py:840} INFO - DAG(s) 'bronze_dag2' retrieved from /opt/airflow/dags/bronze_dag2.py
[2026-07-15T11:03:11.430+0000] {logging_mixin.py:188} INFO - [2026-07-15T11:03:11.430+0000] {dag.py:3096} INFO - Sync 1 DAGs
[2026-07-15T11:03:11.454+0000] {logging_mixin.py:188} INFO - [2026-07-15T11:03:11.453+0000] {dag.py:3954} INFO - Setting next_dagrun for bronze_dag2 to 2026-07-15 10:00:00+00:00, run_after=2026-07-15 11:00:00+00:00
[2026-07-15T11:03:11.474+0000] {processor.py:183} INFO - Processing /opt/airflow/dags/bronze_dag2.py took 0.110 seconds
[2026-07-15T11:03:42.186+0000] {processor.py:161} INFO - Started process (PID=2343) to work on /opt/airflow/dags/bronze_dag2.py
[2026-07-15T11:03:42.188+0000] {processor.py:830} INFO - Processing file /opt/airflow/dags/bronze_dag2.py for tasks to queue
[2026-07-15T11:03:42.191+0000] {logging_mixin.py:188} INFO - [2026-07-15T11:03:42.191+0000] {dagbag.py:540} INFO - Filling up the DagBag from /opt/airflow/dags/bronze_dag2.py
[2026-07-15T11:03:42.225+0000] {processor.py:840} INFO - DAG(s) 'bronze_dag2' retrieved from /opt/airflow/dags/bronze_dag2.py
[2026-07-15T11:03:42.259+0000] {logging_mixin.py:188} INFO - [2026-07-15T11:03:42.259+0000] {dag.py:3096} INFO - Sync 1 DAGs
[2026-07-15T11:03:42.287+0000] {logging_mixin.py:188} INFO - [2026-07-15T11:03:42.287+0000] {dag.py:3954} INFO - Setting next_dagrun for bronze_dag2 to 2026-07-15 10:00:00+00:00, run_after=2026-07-15 11:00:00+00:00
[2026-07-15T11:03:42.304+0000] {processor.py:183} INFO - Processing /opt/airflow/dags/bronze_dag2.py took 0.127 seconds
[2026-07-15T11:04:13.027+0000] {processor.py:161} INFO - Started process (PID=2368) to work on /opt/airflow/dags/bronze_dag2.py
[2026-07-15T11:04:13.030+0000] {processor.py:830} INFO - Processing file /opt/airflow/dags/bronze_dag2.py for tasks to queue
[2026-07-15T11:04:13.033+0000] {logging_mixin.py:188} INFO - [2026-07-15T11:04:13.032+0000] {dagbag.py:540} INFO - Filling up the DagBag from /opt/airflow/dags/bronze_dag2.py
[2026-07-15T11:04:13.062+0000] {processor.py:840} INFO - DAG(s) 'bronze_dag2' retrieved from /opt/airflow/dags/bronze_dag2.py
[2026-07-15T11:04:13.096+0000] {logging_mixin.py:188} INFO - [2026-07-15T11:04:13.095+0000] {dag.py:3096} INFO - Sync 1 DAGs
[2026-07-15T11:04:13.125+0000] {logging_mixin.py:188} INFO - [2026-07-15T11:04:13.125+0000] {dag.py:3954} INFO - Setting next_dagrun for bronze_dag2 to 2026-07-15 10:00:00+00:00, run_after=2026-07-15 11:00:00+00:00
[2026-07-15T11:04:13.147+0000] {processor.py:183} INFO - Processing /opt/airflow/dags/bronze_dag2.py took 0.127 seconds
[2026-07-15T11:04:43.833+0000] {processor.py:161} INFO - Started process (PID=2393) to work on /opt/airflow/dags/bronze_dag2.py
[2026-07-15T11:04:43.835+0000] {processor.py:830} INFO - Processing file /opt/airflow/dags/bronze_dag2.py for tasks to queue
[2026-07-15T11:04:43.838+0000] {logging_mixin.py:188} INFO - [2026-07-15T11:04:43.837+0000] {dagbag.py:540} INFO - Filling up the DagBag from /opt/airflow/dags/bronze_dag2.py
[2026-07-15T11:04:43.866+0000] {processor.py:840} INFO - DAG(s) 'bronze_dag2' retrieved from /opt/airflow/dags/bronze_dag2.py
[2026-07-15T11:04:43.898+0000] {logging_mixin.py:188} INFO - [2026-07-15T11:04:43.897+0000] {dag.py:3096} INFO - Sync 1 DAGs
[2026-07-15T11:04:43.929+0000] {logging_mixin.py:188} INFO - [2026-07-15T11:04:43.929+0000] {dag.py:3954} INFO - Setting next_dagrun for bronze_dag2 to 2026-07-15 10:00:00+00:00, run_after=2026-07-15 11:00:00+00:00
[2026-07-15T11:04:43.957+0000] {processor.py:183} INFO - Processing /opt/airflow/dags/bronze_dag2.py took 0.132 seconds
[2026-07-15T11:05:14.620+0000] {processor.py:161} INFO - Started process (PID=2418) to work on /opt/airflow/dags/bronze_dag2.py
[2026-07-15T11:05:14.622+0000] {processor.py:830} INFO - Processing file /opt/airflow/dags/bronze_dag2.py for tasks to queue
[2026-07-15T11:05:14.624+0000] {logging_mixin.py:188} INFO - [2026-07-15T11:05:14.623+0000] {dagbag.py:540} INFO - Filling up the DagBag from /opt/airflow/dags/bronze_dag2.py
[2026-07-15T11:05:14.648+0000] {processor.py:840} INFO - DAG(s) 'bronze_dag2' retrieved from /opt/airflow/dags/bronze_dag2.py
[2026-07-15T11:05:14.678+0000] {logging_mixin.py:188} INFO - [2026-07-15T11:05:14.678+0000] {dag.py:3096} INFO - Sync 1 DAGs
[2026-07-15T11:05:14.703+0000] {logging_mixin.py:188} INFO - [2026-07-15T11:05:14.703+0000] {dag.py:3954} INFO - Setting next_dagrun for bronze_dag2 to 2026-07-15 10:00:00+00:00, run_after=2026-07-15 11:00:00+00:00
[2026-07-15T11:05:14.723+0000] {processor.py:183} INFO - Processing /opt/airflow/dags/bronze_dag2.py took 0.109 seconds
[2026-07-15T11:05:45.377+0000] {processor.py:161} INFO - Started process (PID=2443) to work on /opt/airflow/dags/bronze_dag2.py
[2026-07-15T11:05:45.378+0000] {processor.py:830} INFO - Processing file /opt/airflow/dags/bronze_dag2.py for tasks to queue
[2026-07-15T11:05:45.380+0000] {logging_mixin.py:188} INFO - [2026-07-15T11:05:45.380+0000] {dagbag.py:540} INFO - Filling up the DagBag from /opt/airflow/dags/bronze_dag2.py
[2026-07-15T11:05:45.403+0000] {processor.py:840} INFO - DAG(s) 'bronze_dag2' retrieved from /opt/airflow/dags/bronze_dag2.py
[2026-07-15T11:05:45.429+0000] {logging_mixin.py:188} INFO - [2026-07-15T11:05:45.429+0000] {dag.py:3096} INFO - Sync 1 DAGs
[2026-07-15T11:05:45.452+0000] {logging_mixin.py:188} INFO - [2026-07-15T11:05:45.452+0000] {dag.py:3954} INFO - Setting next_dagrun for bronze_dag2 to 2026-07-15 10:00:00+00:00, run_after=2026-07-15 11:00:00+00:00
[2026-07-15T11:05:45.469+0000] {processor.py:183} INFO - Processing /opt/airflow/dags/bronze_dag2.py took 0.098 seconds
[2026-07-15T11:06:16.197+0000] {processor.py:161} INFO - Started process (PID=2468) to work on /opt/airflow/dags/bronze_dag2.py
[2026-07-15T11:06:16.200+0000] {processor.py:830} INFO - Processing file /opt/airflow/dags/bronze_dag2.py for tasks to queue
[2026-07-15T11:06:16.202+0000] {logging_mixin.py:188} INFO - [2026-07-15T11:06:16.201+0000] {dagbag.py:540} INFO - Filling up the DagBag from /opt/airflow/dags/bronze_dag2.py
[2026-07-15T11:06:16.232+0000] {processor.py:840} INFO - DAG(s) 'bronze_dag2' retrieved from /opt/airflow/dags/bronze_dag2.py
[2026-07-15T11:06:16.267+0000] {logging_mixin.py:188} INFO - [2026-07-15T11:06:16.267+0000] {dag.py:3096} INFO - Sync 1 DAGs
[2026-07-15T11:06:16.300+0000] {logging_mixin.py:188} INFO - [2026-07-15T11:06:16.300+0000] {dag.py:3954} INFO - Setting next_dagrun for bronze_dag2 to 2026-07-15 10:00:00+00:00, run_after=2026-07-15 11:00:00+00:00
[2026-07-15T11:06:16.324+0000] {processor.py:183} INFO - Processing /opt/airflow/dags/bronze_dag2.py took 0.133 seconds
[2026-07-15T11:06:47.132+0000] {processor.py:161} INFO - Started process (PID=2493) to work on /opt/airflow/dags/bronze_dag2.py
[2026-07-15T11:06:47.133+0000] {processor.py:830} INFO - Processing file /opt/airflow/dags/bronze_dag2.py for tasks to queue
[2026-07-15T11:06:47.135+0000] {logging_mixin.py:188} INFO - [2026-07-15T11:06:47.135+0000] {dagbag.py:540} INFO - Filling up the DagBag from /opt/airflow/dags/bronze_dag2.py
[2026-07-15T11:06:47.158+0000] {processor.py:840} INFO - DAG(s) 'bronze_dag2' retrieved from /opt/airflow/dags/bronze_dag2.py
[2026-07-15T11:06:47.190+0000] {logging_mixin.py:188} INFO - [2026-07-15T11:06:47.189+0000] {dag.py:3096} INFO - Sync 1 DAGs
[2026-07-15T11:06:47.217+0000] {logging_mixin.py:188} INFO - [2026-07-15T11:06:47.216+0000] {dag.py:3954} INFO - Setting next_dagrun for bronze_dag2 to 2026-07-15 10:00:00+00:00, run_after=2026-07-15 11:00:00+00:00
[2026-07-15T11:06:47.240+0000] {processor.py:183} INFO - Processing /opt/airflow/dags/bronze_dag2.py took 0.114 seconds
[2026-07-15T11:07:17.867+0000] {processor.py:161} INFO - Started process (PID=2518) to work on /opt/airflow/dags/bronze_dag2.py
[2026-07-15T11:07:17.869+0000] {processor.py:830} INFO - Processing file /opt/airflow/dags/bronze_dag2.py for tasks to queue
[2026-07-15T11:07:17.871+0000] {logging_mixin.py:188} INFO - [2026-07-15T11:07:17.870+0000] {dagbag.py:540} INFO - Filling up the DagBag from /opt/airflow/dags/bronze_dag2.py
[2026-07-15T11:07:17.911+0000] {processor.py:840} INFO - DAG(s) 'bronze_dag2' retrieved from /opt/airflow/dags/bronze_dag2.py
[2026-07-15T11:07:17.947+0000] {logging_mixin.py:188} INFO - [2026-07-15T11:07:17.947+0000] {dag.py:3096} INFO - Sync 1 DAGs
[2026-07-15T11:07:17.976+0000] {logging_mixin.py:188} INFO - [2026-07-15T11:07:17.976+0000] {dag.py:3954} INFO - Setting next_dagrun for bronze_dag2 to 2026-07-15 10:00:00+00:00, run_after=2026-07-15 11:00:00+00:00
[2026-07-15T11:07:18.002+0000] {processor.py:183} INFO - Processing /opt/airflow/dags/bronze_dag2.py took 0.142 seconds
[2026-07-15T11:07:48.639+0000] {processor.py:161} INFO - Started process (PID=2543) to work on /opt/airflow/dags/bronze_dag2.py
[2026-07-15T11:07:48.640+0000] {processor.py:830} INFO - Processing file /opt/airflow/dags/bronze_dag2.py for tasks to queue
[2026-07-15T11:07:48.642+0000] {logging_mixin.py:188} INFO - [2026-07-15T11:07:48.642+0000] {dagbag.py:540} INFO - Filling up the DagBag from /opt/airflow/dags/bronze_dag2.py
[2026-07-15T11:07:48.664+0000] {processor.py:840} INFO - DAG(s) 'bronze_dag2' retrieved from /opt/airflow/dags/bronze_dag2.py
[2026-07-15T11:07:48.690+0000] {logging_mixin.py:188} INFO - [2026-07-15T11:07:48.690+0000] {dag.py:3096} INFO - Sync 1 DAGs
[2026-07-15T11:07:48.714+0000] {logging_mixin.py:188} INFO - [2026-07-15T11:07:48.714+0000] {dag.py:3954} INFO - Setting next_dagrun for bronze_dag2 to 2026-07-15 10:00:00+00:00, run_after=2026-07-15 11:00:00+00:00
[2026-07-15T11:07:48.734+0000] {processor.py:183} INFO - Processing /opt/airflow/dags/bronze_dag2.py took 0.102 seconds
[2026-07-15T11:08:19.491+0000] {processor.py:161} INFO - Started process (PID=2568) to work on /opt/airflow/dags/bronze_dag2.py
[2026-07-15T11:08:19.493+0000] {processor.py:830} INFO - Processing file /opt/airflow/dags/bronze_dag2.py for tasks to queue
[2026-07-15T11:08:19.495+0000] {logging_mixin.py:188} INFO - [2026-07-15T11:08:19.495+0000] {dagbag.py:540} INFO - Filling up the DagBag from /opt/airflow/dags/bronze_dag2.py
[2026-07-15T11:08:19.517+0000] {processor.py:840} INFO - DAG(s) 'bronze_dag2' retrieved from /opt/airflow/dags/bronze_dag2.py
[2026-07-15T11:08:19.543+0000] {logging_mixin.py:188} INFO - [2026-07-15T11:08:19.543+0000] {dag.py:3096} INFO - Sync 1 DAGs
[2026-07-15T11:08:19.567+0000] {logging_mixin.py:188} INFO - [2026-07-15T11:08:19.567+0000] {dag.py:3954} INFO - Setting next_dagrun for bronze_dag2 to 2026-07-15 10:00:00+00:00, run_after=2026-07-15 11:00:00+00:00
[2026-07-15T11:08:19.586+0000] {processor.py:183} INFO - Processing /opt/airflow/dags/bronze_dag2.py took 0.103 seconds
[2026-07-15T11:08:50.303+0000] {processor.py:161} INFO - Started process (PID=2593) to work on /opt/airflow/dags/bronze_dag2.py
[2026-07-15T11:08:50.305+0000] {processor.py:830} INFO - Processing file /opt/airflow/dags/bronze_dag2.py for tasks to queue
[2026-07-15T11:08:50.307+0000] {logging_mixin.py:188} INFO - [2026-07-15T11:08:50.307+0000] {dagbag.py:540} INFO - Filling up the DagBag from /opt/airflow/dags/bronze_dag2.py
[2026-07-15T11:08:50.332+0000] {processor.py:840} INFO - DAG(s) 'bronze_dag2' retrieved from /opt/airflow/dags/bronze_dag2.py
[2026-07-15T11:08:50.366+0000] {logging_mixin.py:188} INFO - [2026-07-15T11:08:50.366+0000] {dag.py:3096} INFO - Sync 1 DAGs
[2026-07-15T11:08:50.399+0000] {logging_mixin.py:188} INFO - [2026-07-15T11:08:50.399+0000] {dag.py:3954} INFO - Setting next_dagrun for bronze_dag2 to 2026-07-15 10:00:00+00:00, run_after=2026-07-15 11:00:00+00:00
[2026-07-15T11:08:50.421+0000] {processor.py:183} INFO - Processing /opt/airflow/dags/bronze_dag2.py took 0.126 seconds
[2026-07-15T11:09:21.263+0000] {processor.py:161} INFO - Started process (PID=2618) to work on /opt/airflow/dags/bronze_dag2.py
[2026-07-15T11:09:21.264+0000] {processor.py:830} INFO - Processing file /opt/airflow/dags/bronze_dag2.py for tasks to queue
[2026-07-15T11:09:21.267+0000] {logging_mixin.py:188} INFO - [2026-07-15T11:09:21.266+0000] {dagbag.py:540} INFO - Filling up the DagBag from /opt/airflow/dags/bronze_dag2.py
[2026-07-15T11:09:21.289+0000] {processor.py:840} INFO - DAG(s) 'bronze_dag2' retrieved from /opt/airflow/dags/bronze_dag2.py
[2026-07-15T11:09:21.318+0000] {logging_mixin.py:188} INFO - [2026-07-15T11:09:21.318+0000] {dag.py:3096} INFO - Sync 1 DAGs
[2026-07-15T11:09:21.344+0000] {logging_mixin.py:188} INFO - [2026-07-15T11:09:21.344+0000] {dag.py:3954} INFO - Setting next_dagrun for bronze_dag2 to 2026-07-15 10:00:00+00:00, run_after=2026-07-15 11:00:00+00:00
[2026-07-15T11:09:21.369+0000] {processor.py:183} INFO - Processing /opt/airflow/dags/bronze_dag2.py took 0.112 seconds
[2026-07-15T11:09:51.937+0000] {processor.py:161} INFO - Started process (PID=2643) to work on /opt/airflow/dags/bronze_dag2.py
[2026-07-15T11:09:51.939+0000] {processor.py:830} INFO - Processing file /opt/airflow/dags/bronze_dag2.py for tasks to queue
[2026-07-15T11:09:51.941+0000] {logging_mixin.py:188} INFO - [2026-07-15T11:09:51.940+0000] {dagbag.py:540} INFO - Filling up the DagBag from /opt/airflow/dags/bronze_dag2.py
[2026-07-15T11:09:51.962+0000] {processor.py:840} INFO - DAG(s) 'bronze_dag2' retrieved from /opt/airflow/dags/bronze_dag2.py
[2026-07-15T11:09:51.986+0000] {logging_mixin.py:188} INFO - [2026-07-15T11:09:51.986+0000] {dag.py:3096} INFO - Sync 1 DAGs
[2026-07-15T11:09:52.010+0000] {logging_mixin.py:188} INFO - [2026-07-15T11:09:52.010+0000] {dag.py:3954} INFO - Setting next_dagrun for bronze_dag2 to 2026-07-15 10:00:00+00:00, run_after=2026-07-15 11:00:00+00:00
[2026-07-15T11:09:52.028+0000] {processor.py:183} INFO - Processing /opt/airflow/dags/bronze_dag2.py took 0.099 seconds
[2026-07-15T11:10:22.731+0000] {processor.py:161} INFO - Started process (PID=2668) to work on /opt/airflow/dags/bronze_dag2.py
[2026-07-15T11:10:22.733+0000] {processor.py:830} INFO - Processing file /opt/airflow/dags/bronze_dag2.py for tasks to queue
[2026-07-15T11:10:22.735+0000] {logging_mixin.py:188} INFO - [2026-07-15T11:10:22.735+0000] {dagbag.py:540} INFO - Filling up the DagBag from /opt/airflow/dags/bronze_dag2.py
[2026-07-15T11:10:22.756+0000] {processor.py:840} INFO - DAG(s) 'bronze_dag2' retrieved from /opt/airflow/dags/bronze_dag2.py
[2026-07-15T11:10:22.781+0000] {logging_mixin.py:188} INFO - [2026-07-15T11:10:22.781+0000] {dag.py:3096} INFO - Sync 1 DAGs
[2026-07-15T11:10:22.805+0000] {logging_mixin.py:188} INFO - [2026-07-15T11:10:22.804+0000] {dag.py:3954} INFO - Setting next_dagrun for bronze_dag2 to 2026-07-15 10:00:00+00:00, run_after=2026-07-15 11:00:00+00:00
[2026-07-15T11:10:22.824+0000] {processor.py:183} INFO - Processing /opt/airflow/dags/bronze_dag2.py took 0.101 seconds
[2026-07-15T11:10:53.526+0000] {processor.py:161} INFO - Started process (PID=2693) to work on /opt/airflow/dags/bronze_dag2.py
[2026-07-15T11:10:53.528+0000] {processor.py:830} INFO - Processing file /opt/airflow/dags/bronze_dag2.py for tasks to queue
[2026-07-15T11:10:53.530+0000] {logging_mixin.py:188} INFO - [2026-07-15T11:10:53.530+0000] {dagbag.py:540} INFO - Filling up the DagBag from /opt/airflow/dags/bronze_dag2.py
[2026-07-15T11:10:53.555+0000] {processor.py:840} INFO - DAG(s) 'bronze_dag2' retrieved from /opt/airflow/dags/bronze_dag2.py
[2026-07-15T11:10:53.589+0000] {logging_mixin.py:188} INFO - [2026-07-15T11:10:53.589+0000] {dag.py:3096} INFO - Sync 1 DAGs
[2026-07-15T11:10:53.618+0000] {logging_mixin.py:188} INFO - [2026-07-15T11:10:53.617+0000] {dag.py:3954} INFO - Setting next_dagrun for bronze_dag2 to 2026-07-15 10:00:00+00:00, run_after=2026-07-15 11:00:00+00:00
[2026-07-15T11:10:53.640+0000] {processor.py:183} INFO - Processing /opt/airflow/dags/bronze_dag2.py took 0.121 seconds
[2026-07-15T11:11:24.301+0000] {processor.py:161} INFO - Started process (PID=2718) to work on /opt/airflow/dags/bronze_dag2.py
[2026-07-15T11:11:24.303+0000] {processor.py:830} INFO - Processing file /opt/airflow/dags/bronze_dag2.py for tasks to queue
[2026-07-15T11:11:24.305+0000] {logging_mixin.py:188} INFO - [2026-07-15T11:11:24.305+0000] {dagbag.py:540} INFO - Filling up the DagBag from /opt/airflow/dags/bronze_dag2.py
[2026-07-15T11:11:24.332+0000] {processor.py:840} INFO - DAG(s) 'bronze_dag2' retrieved from /opt/airflow/dags/bronze_dag2.py
[2026-07-15T11:11:24.365+0000] {logging_mixin.py:188} INFO - [2026-07-15T11:11:24.364+0000] {dag.py:3096} INFO - Sync 1 DAGs
[2026-07-15T11:11:24.391+0000] {logging_mixin.py:188} INFO - [2026-07-15T11:11:24.391+0000] {dag.py:3954} INFO - Setting next_dagrun for bronze_dag2 to 2026-07-15 10:00:00+00:00, run_after=2026-07-15 11:00:00+00:00
[2026-07-15T11:11:24.411+0000] {processor.py:183} INFO - Processing /opt/airflow/dags/bronze_dag2.py took 0.116 seconds
[2026-07-15T11:11:55.272+0000] {processor.py:161} INFO - Started process (PID=2743) to work on /opt/airflow/dags/bronze_dag2.py
[2026-07-15T11:11:55.274+0000] {processor.py:830} INFO - Processing file /opt/airflow/dags/bronze_dag2.py for tasks to queue
[2026-07-15T11:11:55.276+0000] {logging_mixin.py:188} INFO - [2026-07-15T11:11:55.275+0000] {dagbag.py:540} INFO - Filling up the DagBag from /opt/airflow/dags/bronze_dag2.py
[2026-07-15T11:11:55.300+0000] {processor.py:840} INFO - DAG(s) 'bronze_dag2' retrieved from /opt/airflow/dags/bronze_dag2.py
[2026-07-15T11:11:55.336+0000] {logging_mixin.py:188} INFO - [2026-07-15T11:11:55.335+0000] {dag.py:3096} INFO - Sync 1 DAGs
[2026-07-15T11:11:55.384+0000] {logging_mixin.py:188} INFO - [2026-07-15T11:11:55.383+0000] {dag.py:3954} INFO - Setting next_dagrun for bronze_dag2 to 2026-07-15 10:00:00+00:00, run_after=2026-07-15 11:00:00+00:00
[2026-07-15T11:11:55.415+0000] {processor.py:183} INFO - Processing /opt/airflow/dags/bronze_dag2.py took 0.150 seconds
[2026-07-15T11:12:26.067+0000] {processor.py:161} INFO - Started process (PID=2768) to work on /opt/airflow/dags/bronze_dag2.py
[2026-07-15T11:12:26.069+0000] {processor.py:830} INFO - Processing file /opt/airflow/dags/bronze_dag2.py for tasks to queue
[2026-07-15T11:12:26.071+0000] {logging_mixin.py:188} INFO - [2026-07-15T11:12:26.071+0000] {dagbag.py:540} INFO - Filling up the DagBag from /opt/airflow/dags/bronze_dag2.py
[2026-07-15T11:12:26.097+0000] {processor.py:840} INFO - DAG(s) 'bronze_dag2' retrieved from /opt/airflow/dags/bronze_dag2.py
[2026-07-15T11:12:26.130+0000] {logging_mixin.py:188} INFO - [2026-07-15T11:12:26.129+0000] {dag.py:3096} INFO - Sync 1 DAGs
[2026-07-15T11:12:26.159+0000] {logging_mixin.py:188} INFO - [2026-07-15T11:12:26.158+0000] {dag.py:3954} INFO - Setting next_dagrun for bronze_dag2 to 2026-07-15 10:00:00+00:00, run_after=2026-07-15 11:00:00+00:00
[2026-07-15T11:12:26.188+0000] {processor.py:183} INFO - Processing /opt/airflow/dags/bronze_dag2.py took 0.129 seconds
[2026-07-15T11:12:56.638+0000] {processor.py:161} INFO - Started process (PID=2791) to work on /opt/airflow/dags/bronze_dag2.py
[2026-07-15T11:12:56.640+0000] {processor.py:830} INFO - Processing file /opt/airflow/dags/bronze_dag2.py for tasks to queue
[2026-07-15T11:12:56.642+0000] {logging_mixin.py:188} INFO - [2026-07-15T11:12:56.642+0000] {dagbag.py:540} INFO - Filling up the DagBag from /opt/airflow/dags/bronze_dag2.py
[2026-07-15T11:12:56.665+0000] {processor.py:840} INFO - DAG(s) 'bronze_dag2' retrieved from /opt/airflow/dags/bronze_dag2.py
[2026-07-15T11:12:56.698+0000] {logging_mixin.py:188} INFO - [2026-07-15T11:12:56.698+0000] {dag.py:3096} INFO - Sync 1 DAGs
[2026-07-15T11:12:56.729+0000] {logging_mixin.py:188} INFO - [2026-07-15T11:12:56.729+0000] {dag.py:3954} INFO - Setting next_dagrun for bronze_dag2 to 2026-07-15 10:00:00+00:00, run_after=2026-07-15 11:00:00+00:00
[2026-07-15T11:12:56.750+0000] {processor.py:183} INFO - Processing /opt/airflow/dags/bronze_dag2.py took 0.123 seconds
[2026-07-15T11:13:27.444+0000] {processor.py:161} INFO - Started process (PID=2818) to work on /opt/airflow/dags/bronze_dag2.py
[2026-07-15T11:13:27.447+0000] {processor.py:830} INFO - Processing file /opt/airflow/dags/bronze_dag2.py for tasks to queue
[2026-07-15T11:13:27.448+0000] {logging_mixin.py:188} INFO - [2026-07-15T11:13:27.448+0000] {dagbag.py:540} INFO - Filling up the DagBag from /opt/airflow/dags/bronze_dag2.py
[2026-07-15T11:13:27.472+0000] {processor.py:840} INFO - DAG(s) 'bronze_dag2' retrieved from /opt/airflow/dags/bronze_dag2.py
[2026-07-15T11:13:27.505+0000] {logging_mixin.py:188} INFO - [2026-07-15T11:13:27.505+0000] {dag.py:3096} INFO - Sync 1 DAGs
[2026-07-15T11:13:27.530+0000] {logging_mixin.py:188} INFO - [2026-07-15T11:13:27.530+0000] {dag.py:3954} INFO - Setting next_dagrun for bronze_dag2 to 2026-07-15 10:00:00+00:00, run_after=2026-07-15 11:00:00+00:00
[2026-07-15T11:13:27.552+0000] {processor.py:183} INFO - Processing /opt/airflow/dags/bronze_dag2.py took 0.114 seconds
[2026-07-15T11:13:58.034+0000] {processor.py:161} INFO - Started process (PID=2875) to work on /opt/airflow/dags/bronze_dag2.py
[2026-07-15T11:13:58.046+0000] {processor.py:830} INFO - Processing file /opt/airflow/dags/bronze_dag2.py for tasks to queue
[2026-07-15T11:13:58.054+0000] {logging_mixin.py:188} INFO - [2026-07-15T11:13:58.052+0000] {dagbag.py:540} INFO - Filling up the DagBag from /opt/airflow/dags/bronze_dag2.py
[2026-07-15T11:13:58.237+0000] {processor.py:840} INFO - DAG(s) 'bronze_dag2' retrieved from /opt/airflow/dags/bronze_dag2.py
[2026-07-15T11:13:58.357+0000] {logging_mixin.py:188} INFO - [2026-07-15T11:13:58.357+0000] {dag.py:3096} INFO - Sync 1 DAGs
[2026-07-15T11:13:58.446+0000] {logging_mixin.py:188} INFO - [2026-07-15T11:13:58.445+0000] {dag.py:3954} INFO - Setting next_dagrun for bronze_dag2 to 2026-07-15 10:00:00+00:00, run_after=2026-07-15 11:00:00+00:00
[2026-07-15T11:13:58.508+0000] {processor.py:183} INFO - Processing /opt/airflow/dags/bronze_dag2.py took 0.509 seconds
[2026-07-15T11:14:28.835+0000] {processor.py:161} INFO - Started process (PID=2900) to work on /opt/airflow/dags/bronze_dag2.py
[2026-07-15T11:14:28.842+0000] {processor.py:830} INFO - Processing file /opt/airflow/dags/bronze_dag2.py for tasks to queue
[2026-07-15T11:14:28.845+0000] {logging_mixin.py:188} INFO - [2026-07-15T11:14:28.844+0000] {dagbag.py:540} INFO - Filling up the DagBag from /opt/airflow/dags/bronze_dag2.py
[2026-07-15T11:14:28.890+0000] {processor.py:840} INFO - DAG(s) 'bronze_dag2' retrieved from /opt/airflow/dags/bronze_dag2.py
[2026-07-15T11:14:28.940+0000] {logging_mixin.py:188} INFO - [2026-07-15T11:14:28.940+0000] {dag.py:3096} INFO - Sync 1 DAGs
[2026-07-15T11:14:28.985+0000] {logging_mixin.py:188} INFO - [2026-07-15T11:14:28.985+0000] {dag.py:3954} INFO - Setting next_dagrun for bronze_dag2 to 2026-07-15 10:00:00+00:00, run_after=2026-07-15 11:00:00+00:00
[2026-07-15T11:14:29.021+0000] {processor.py:183} INFO - Processing /opt/airflow/dags/bronze_dag2.py took 0.198 seconds
[2026-07-15T11:14:59.642+0000] {processor.py:161} INFO - Started process (PID=2926) to work on /opt/airflow/dags/bronze_dag2.py
[2026-07-15T11:14:59.644+0000] {processor.py:830} INFO - Processing file /opt/airflow/dags/bronze_dag2.py for tasks to queue
[2026-07-15T11:14:59.646+0000] {logging_mixin.py:188} INFO - [2026-07-15T11:14:59.646+0000] {dagbag.py:540} INFO - Filling up the DagBag from /opt/airflow/dags/bronze_dag2.py
[2026-07-15T11:14:59.673+0000] {processor.py:840} INFO - DAG(s) 'bronze_dag2' retrieved from /opt/airflow/dags/bronze_dag2.py
[2026-07-15T11:14:59.708+0000] {logging_mixin.py:188} INFO - [2026-07-15T11:14:59.707+0000] {dag.py:3096} INFO - Sync 1 DAGs
[2026-07-15T11:14:59.736+0000] {logging_mixin.py:188} INFO - [2026-07-15T11:14:59.736+0000] {dag.py:3954} INFO - Setting next_dagrun for bronze_dag2 to 2026-07-15 10:00:00+00:00, run_after=2026-07-15 11:00:00+00:00
[2026-07-15T11:14:59.760+0000] {processor.py:183} INFO - Processing /opt/airflow/dags/bronze_dag2.py took 0.125 seconds
[2026-07-15T11:15:30.468+0000] {processor.py:161} INFO - Started process (PID=2951) to work on /opt/airflow/dags/bronze_dag2.py
[2026-07-15T11:15:30.471+0000] {processor.py:830} INFO - Processing file /opt/airflow/dags/bronze_dag2.py for tasks to queue
[2026-07-15T11:15:30.473+0000] {logging_mixin.py:188} INFO - [2026-07-15T11:15:30.472+0000] {dagbag.py:540} INFO - Filling up the DagBag from /opt/airflow/dags/bronze_dag2.py
[2026-07-15T11:15:30.504+0000] {processor.py:840} INFO - DAG(s) 'bronze_dag2' retrieved from /opt/airflow/dags/bronze_dag2.py
[2026-07-15T11:15:30.545+0000] {logging_mixin.py:188} INFO - [2026-07-15T11:15:30.545+0000] {dag.py:3096} INFO - Sync 1 DAGs
[2026-07-15T11:15:30.575+0000] {logging_mixin.py:188} INFO - [2026-07-15T11:15:30.575+0000] {dag.py:3954} INFO - Setting next_dagrun for bronze_dag2 to 2026-07-15 10:00:00+00:00, run_after=2026-07-15 11:00:00+00:00
[2026-07-15T11:15:30.602+0000] {processor.py:183} INFO - Processing /opt/airflow/dags/bronze_dag2.py took 0.142 seconds
[2026-07-15T11:16:01.203+0000] {processor.py:161} INFO - Started process (PID=2976) to work on /opt/airflow/dags/bronze_dag2.py
[2026-07-15T11:16:01.204+0000] {processor.py:830} INFO - Processing file /opt/airflow/dags/bronze_dag2.py for tasks to queue
[2026-07-15T11:16:01.207+0000] {logging_mixin.py:188} INFO - [2026-07-15T11:16:01.206+0000] {dagbag.py:540} INFO - Filling up the DagBag from /opt/airflow/dags/bronze_dag2.py
[2026-07-15T11:16:01.248+0000] {processor.py:840} INFO - DAG(s) 'bronze_dag2' retrieved from /opt/airflow/dags/bronze_dag2.py
[2026-07-15T11:16:01.287+0000] {logging_mixin.py:188} INFO - [2026-07-15T11:16:01.287+0000] {dag.py:3096} INFO - Sync 1 DAGs
[2026-07-15T11:16:01.310+0000] {logging_mixin.py:188} INFO - [2026-07-15T11:16:01.310+0000] {dag.py:3954} INFO - Setting next_dagrun for bronze_dag2 to 2026-07-15 10:00:00+00:00, run_after=2026-07-15 11:00:00+00:00
[2026-07-15T11:16:01.331+0000] {processor.py:183} INFO - Processing /opt/airflow/dags/bronze_dag2.py took 0.137 seconds
[2026-07-15T11:16:32.187+0000] {processor.py:161} INFO - Started process (PID=3014) to work on /opt/airflow/dags/bronze_dag2.py
[2026-07-15T11:16:32.189+0000] {processor.py:830} INFO - Processing file /opt/airflow/dags/bronze_dag2.py for tasks to queue
[2026-07-15T11:16:32.191+0000] {logging_mixin.py:188} INFO - [2026-07-15T11:16:32.191+0000] {dagbag.py:540} INFO - Filling up the DagBag from /opt/airflow/dags/bronze_dag2.py
[2026-07-15T11:16:32.223+0000] {processor.py:840} INFO - DAG(s) 'bronze_dag2' retrieved from /opt/airflow/dags/bronze_dag2.py
[2026-07-15T11:16:32.265+0000] {logging_mixin.py:188} INFO - [2026-07-15T11:16:32.265+0000] {dag.py:3096} INFO - Sync 1 DAGs
[2026-07-15T11:16:32.304+0000] {logging_mixin.py:188} INFO - [2026-07-15T11:16:32.303+0000] {dag.py:3954} INFO - Setting next_dagrun for bronze_dag2 to 2026-07-15 10:00:00+00:00, run_after=2026-07-15 11:00:00+00:00
[2026-07-15T11:16:32.335+0000] {processor.py:183} INFO - Processing /opt/airflow/dags/bronze_dag2.py took 0.158 seconds
[2026-07-15T11:17:03.194+0000] {processor.py:161} INFO - Started process (PID=3039) to work on /opt/airflow/dags/bronze_dag2.py
[2026-07-15T11:17:03.197+0000] {processor.py:830} INFO - Processing file /opt/airflow/dags/bronze_dag2.py for tasks to queue
[2026-07-15T11:17:03.200+0000] {logging_mixin.py:188} INFO - [2026-07-15T11:17:03.199+0000] {dagbag.py:540} INFO - Filling up the DagBag from /opt/airflow/dags/bronze_dag2.py
[2026-07-15T11:17:03.237+0000] {processor.py:840} INFO - DAG(s) 'bronze_dag2' retrieved from /opt/airflow/dags/bronze_dag2.py
[2026-07-15T11:17:03.281+0000] {logging_mixin.py:188} INFO - [2026-07-15T11:17:03.281+0000] {dag.py:3096} INFO - Sync 1 DAGs
[2026-07-15T11:17:03.326+0000] {logging_mixin.py:188} INFO - [2026-07-15T11:17:03.325+0000] {dag.py:3954} INFO - Setting next_dagrun for bronze_dag2 to 2026-07-15 10:00:00+00:00, run_after=2026-07-15 11:00:00+00:00
[2026-07-15T11:17:03.369+0000] {processor.py:183} INFO - Processing /opt/airflow/dags/bronze_dag2.py took 0.184 seconds
[2026-07-15T11:17:34.071+0000] {processor.py:161} INFO - Started process (PID=3064) to work on /opt/airflow/dags/bronze_dag2.py
[2026-07-15T11:17:34.073+0000] {processor.py:830} INFO - Processing file /opt/airflow/dags/bronze_dag2.py for tasks to queue
[2026-07-15T11:17:34.076+0000] {logging_mixin.py:188} INFO - [2026-07-15T11:17:34.075+0000] {dagbag.py:540} INFO - Filling up the DagBag from /opt/airflow/dags/bronze_dag2.py
[2026-07-15T11:17:34.109+0000] {processor.py:840} INFO - DAG(s) 'bronze_dag2' retrieved from /opt/airflow/dags/bronze_dag2.py
[2026-07-15T11:17:34.153+0000] {logging_mixin.py:188} INFO - [2026-07-15T11:17:34.153+0000] {dag.py:3096} INFO - Sync 1 DAGs
[2026-07-15T11:17:34.190+0000] {logging_mixin.py:188} INFO - [2026-07-15T11:17:34.190+0000] {dag.py:3954} INFO - Setting next_dagrun for bronze_dag2 to 2026-07-15 10:00:00+00:00, run_after=2026-07-15 11:00:00+00:00
[2026-07-15T11:17:34.225+0000] {processor.py:183} INFO - Processing /opt/airflow/dags/bronze_dag2.py took 0.165 seconds
[2026-07-15T11:18:05.065+0000] {processor.py:161} INFO - Started process (PID=3100) to work on /opt/airflow/dags/bronze_dag2.py
[2026-07-15T11:18:05.067+0000] {processor.py:830} INFO - Processing file /opt/airflow/dags/bronze_dag2.py for tasks to queue
[2026-07-15T11:18:05.071+0000] {logging_mixin.py:188} INFO - [2026-07-15T11:18:05.069+0000] {dagbag.py:540} INFO - Filling up the DagBag from /opt/airflow/dags/bronze_dag2.py
[2026-07-15T11:18:05.118+0000] {processor.py:840} INFO - DAG(s) 'bronze_dag2' retrieved from /opt/airflow/dags/bronze_dag2.py
[2026-07-15T11:18:05.215+0000] {logging_mixin.py:188} INFO - [2026-07-15T11:18:05.215+0000] {dag.py:3096} INFO - Sync 1 DAGs
[2026-07-15T11:18:05.404+0000] {logging_mixin.py:188} INFO - [2026-07-15T11:18:05.403+0000] {dag.py:3954} INFO - Setting next_dagrun for bronze_dag2 to 2026-07-15 10:00:00+00:00, run_after=2026-07-15 11:00:00+00:00
[2026-07-15T11:18:05.479+0000] {processor.py:183} INFO - Processing /opt/airflow/dags/bronze_dag2.py took 0.433 seconds
[2026-07-15T11:18:36.286+0000] {processor.py:161} INFO - Started process (PID=3127) to work on /opt/airflow/dags/bronze_dag2.py
[2026-07-15T11:18:36.289+0000] {processor.py:830} INFO - Processing file /opt/airflow/dags/bronze_dag2.py for tasks to queue
[2026-07-15T11:18:36.292+0000] {logging_mixin.py:188} INFO - [2026-07-15T11:18:36.291+0000] {dagbag.py:540} INFO - Filling up the DagBag from /opt/airflow/dags/bronze_dag2.py
[2026-07-15T11:18:36.324+0000] {processor.py:840} INFO - DAG(s) 'bronze_dag2' retrieved from /opt/airflow/dags/bronze_dag2.py
[2026-07-15T11:18:36.357+0000] {logging_mixin.py:188} INFO - [2026-07-15T11:18:36.357+0000] {dag.py:3096} INFO - Sync 1 DAGs
[2026-07-15T11:18:36.385+0000] {logging_mixin.py:188} INFO - [2026-07-15T11:18:36.385+0000] {dag.py:3954} INFO - Setting next_dagrun for bronze_dag2 to 2026-07-15 10:00:00+00:00, run_after=2026-07-15 11:00:00+00:00
[2026-07-15T11:18:36.410+0000] {processor.py:183} INFO - Processing /opt/airflow/dags/bronze_dag2.py took 0.136 seconds
[2026-07-15T11:19:07.058+0000] {processor.py:161} INFO - Started process (PID=3152) to work on /opt/airflow/dags/bronze_dag2.py
[2026-07-15T11:19:07.060+0000] {processor.py:830} INFO - Processing file /opt/airflow/dags/bronze_dag2.py for tasks to queue
[2026-07-15T11:19:07.063+0000] {logging_mixin.py:188} INFO - [2026-07-15T11:19:07.062+0000] {dagbag.py:540} INFO - Filling up the DagBag from /opt/airflow/dags/bronze_dag2.py
[2026-07-15T11:19:07.088+0000] {processor.py:840} INFO - DAG(s) 'bronze_dag2' retrieved from /opt/airflow/dags/bronze_dag2.py
[2026-07-15T11:19:07.122+0000] {logging_mixin.py:188} INFO - [2026-07-15T11:19:07.121+0000] {dag.py:3096} INFO - Sync 1 DAGs
[2026-07-15T11:19:07.151+0000] {logging_mixin.py:188} INFO - [2026-07-15T11:19:07.151+0000] {dag.py:3954} INFO - Setting next_dagrun for bronze_dag2 to 2026-07-15 10:00:00+00:00, run_after=2026-07-15 11:00:00+00:00
[2026-07-15T11:19:07.174+0000] {processor.py:183} INFO - Processing /opt/airflow/dags/bronze_dag2.py took 0.123 seconds
[2026-07-15T11:19:37.924+0000] {processor.py:161} INFO - Started process (PID=3177) to work on /opt/airflow/dags/bronze_dag2.py
[2026-07-15T11:19:37.928+0000] {processor.py:830} INFO - Processing file /opt/airflow/dags/bronze_dag2.py for tasks to queue
[2026-07-15T11:19:37.931+0000] {logging_mixin.py:188} INFO - [2026-07-15T11:19:37.930+0000] {dagbag.py:540} INFO - Filling up the DagBag from /opt/airflow/dags/bronze_dag2.py
[2026-07-15T11:19:37.962+0000] {processor.py:840} INFO - DAG(s) 'bronze_dag2' retrieved from /opt/airflow/dags/bronze_dag2.py
[2026-07-15T11:19:38.001+0000] {logging_mixin.py:188} INFO - [2026-07-15T11:19:38.000+0000] {dag.py:3096} INFO - Sync 1 DAGs
[2026-07-15T11:19:38.044+0000] {logging_mixin.py:188} INFO - [2026-07-15T11:19:38.043+0000] {dag.py:3954} INFO - Setting next_dagrun for bronze_dag2 to 2026-07-15 10:00:00+00:00, run_after=2026-07-15 11:00:00+00:00
[2026-07-15T11:19:38.071+0000] {processor.py:183} INFO - Processing /opt/airflow/dags/bronze_dag2.py took 0.160 seconds
[2026-07-15T11:20:08.821+0000] {processor.py:161} INFO - Started process (PID=3202) to work on /opt/airflow/dags/bronze_dag2.py
[2026-07-15T11:20:08.824+0000] {processor.py:830} INFO - Processing file /opt/airflow/dags/bronze_dag2.py for tasks to queue
[2026-07-15T11:20:08.826+0000] {logging_mixin.py:188} INFO - [2026-07-15T11:20:08.826+0000] {dagbag.py:540} INFO - Filling up the DagBag from /opt/airflow/dags/bronze_dag2.py
[2026-07-15T11:20:08.855+0000] {processor.py:840} INFO - DAG(s) 'bronze_dag2' retrieved from /opt/airflow/dags/bronze_dag2.py
[2026-07-15T11:20:08.883+0000] {logging_mixin.py:188} INFO - [2026-07-15T11:20:08.883+0000] {dag.py:3096} INFO - Sync 1 DAGs
[2026-07-15T11:20:08.912+0000] {logging_mixin.py:188} INFO - [2026-07-15T11:20:08.912+0000] {dag.py:3954} INFO - Setting next_dagrun for bronze_dag2 to 2026-07-15 10:00:00+00:00, run_after=2026-07-15 11:00:00+00:00
[2026-07-15T11:20:08.940+0000] {processor.py:183} INFO - Processing /opt/airflow/dags/bronze_dag2.py took 0.130 seconds
[2026-07-15T11:20:39.521+0000] {processor.py:161} INFO - Started process (PID=3227) to work on /opt/airflow/dags/bronze_dag2.py
[2026-07-15T11:20:39.523+0000] {processor.py:830} INFO - Processing file /opt/airflow/dags/bronze_dag2.py for tasks to queue
[2026-07-15T11:20:39.526+0000] {logging_mixin.py:188} INFO - [2026-07-15T11:20:39.525+0000] {dagbag.py:540} INFO - Filling up the DagBag from /opt/airflow/dags/bronze_dag2.py
[2026-07-15T11:20:39.557+0000] {processor.py:840} INFO - DAG(s) 'bronze_dag2' retrieved from /opt/airflow/dags/bronze_dag2.py
[2026-07-15T11:20:39.590+0000] {logging_mixin.py:188} INFO - [2026-07-15T11:20:39.590+0000] {dag.py:3096} INFO - Sync 1 DAGs
[2026-07-15T11:20:39.620+0000] {logging_mixin.py:188} INFO - [2026-07-15T11:20:39.619+0000] {dag.py:3954} INFO - Setting next_dagrun for bronze_dag2 to 2026-07-15 10:00:00+00:00, run_after=2026-07-15 11:00:00+00:00
[2026-07-15T11:20:39.648+0000] {processor.py:183} INFO - Processing /opt/airflow/dags/bronze_dag2.py took 0.141 seconds
[2026-07-15T11:21:10.315+0000] {processor.py:161} INFO - Started process (PID=3252) to work on /opt/airflow/dags/bronze_dag2.py
[2026-07-15T11:21:10.317+0000] {processor.py:830} INFO - Processing file /opt/airflow/dags/bronze_dag2.py for tasks to queue
[2026-07-15T11:21:10.321+0000] {logging_mixin.py:188} INFO - [2026-07-15T11:21:10.320+0000] {dagbag.py:540} INFO - Filling up the DagBag from /opt/airflow/dags/bronze_dag2.py
[2026-07-15T11:21:10.352+0000] {processor.py:840} INFO - DAG(s) 'bronze_dag2' retrieved from /opt/airflow/dags/bronze_dag2.py
[2026-07-15T11:21:10.382+0000] {logging_mixin.py:188} INFO - [2026-07-15T11:21:10.381+0000] {dag.py:3096} INFO - Sync 1 DAGs
[2026-07-15T11:21:10.407+0000] {logging_mixin.py:188} INFO - [2026-07-15T11:21:10.407+0000] {dag.py:3954} INFO - Setting next_dagrun for bronze_dag2 to 2026-07-15 10:00:00+00:00, run_after=2026-07-15 11:00:00+00:00
[2026-07-15T11:21:10.430+0000] {processor.py:183} INFO - Processing /opt/airflow/dags/bronze_dag2.py took 0.124 seconds
[2026-07-15T11:21:41.111+0000] {processor.py:161} INFO - Started process (PID=3277) to work on /opt/airflow/dags/bronze_dag2.py
[2026-07-15T11:21:41.113+0000] {processor.py:830} INFO - Processing file /opt/airflow/dags/bronze_dag2.py for tasks to queue
[2026-07-15T11:21:41.115+0000] {logging_mixin.py:188} INFO - [2026-07-15T11:21:41.115+0000] {dagbag.py:540} INFO - Filling up the DagBag from /opt/airflow/dags/bronze_dag2.py
[2026-07-15T11:21:41.150+0000] {processor.py:840} INFO - DAG(s) 'bronze_dag2' retrieved from /opt/airflow/dags/bronze_dag2.py
[2026-07-15T11:21:41.188+0000] {logging_mixin.py:188} INFO - [2026-07-15T11:21:41.188+0000] {dag.py:3096} INFO - Sync 1 DAGs
[2026-07-15T11:21:41.211+0000] {logging_mixin.py:188} INFO - [2026-07-15T11:21:41.211+0000] {dag.py:3954} INFO - Setting next_dagrun for bronze_dag2 to 2026-07-15 10:00:00+00:00, run_after=2026-07-15 11:00:00+00:00
[2026-07-15T11:21:41.230+0000] {processor.py:183} INFO - Processing /opt/airflow/dags/bronze_dag2.py took 0.128 seconds
[2026-07-15T11:22:11.977+0000] {processor.py:161} INFO - Started process (PID=3312) to work on /opt/airflow/dags/bronze_dag2.py
[2026-07-15T11:22:11.979+0000] {processor.py:830} INFO - Processing file /opt/airflow/dags/bronze_dag2.py for tasks to queue
[2026-07-15T11:22:11.981+0000] {logging_mixin.py:188} INFO - [2026-07-15T11:22:11.980+0000] {dagbag.py:540} INFO - Filling up the DagBag from /opt/airflow/dags/bronze_dag2.py
[2026-07-15T11:22:12.006+0000] {processor.py:840} INFO - DAG(s) 'bronze_dag2' retrieved from /opt/airflow/dags/bronze_dag2.py
[2026-07-15T11:22:12.035+0000] {logging_mixin.py:188} INFO - [2026-07-15T11:22:12.034+0000] {dag.py:3096} INFO - Sync 1 DAGs
[2026-07-15T11:22:12.058+0000] {logging_mixin.py:188} INFO - [2026-07-15T11:22:12.058+0000] {dag.py:3954} INFO - Setting next_dagrun for bronze_dag2 to 2026-07-15 10:00:00+00:00, run_after=2026-07-15 11:00:00+00:00
[2026-07-15T11:22:12.087+0000] {processor.py:183} INFO - Processing /opt/airflow/dags/bronze_dag2.py took 0.117 seconds
[2026-07-15T11:22:42.749+0000] {processor.py:161} INFO - Started process (PID=3337) to work on /opt/airflow/dags/bronze_dag2.py
[2026-07-15T11:22:42.751+0000] {processor.py:830} INFO - Processing file /opt/airflow/dags/bronze_dag2.py for tasks to queue
[2026-07-15T11:22:42.753+0000] {logging_mixin.py:188} INFO - [2026-07-15T11:22:42.753+0000] {dagbag.py:540} INFO - Filling up the DagBag from /opt/airflow/dags/bronze_dag2.py
[2026-07-15T11:22:42.784+0000] {processor.py:840} INFO - DAG(s) 'bronze_dag2' retrieved from /opt/airflow/dags/bronze_dag2.py
[2026-07-15T11:22:42.816+0000] {logging_mixin.py:188} INFO - [2026-07-15T11:22:42.816+0000] {dag.py:3096} INFO - Sync 1 DAGs
[2026-07-15T11:22:42.846+0000] {logging_mixin.py:188} INFO - [2026-07-15T11:22:42.846+0000] {dag.py:3954} INFO - Setting next_dagrun for bronze_dag2 to 2026-07-15 10:00:00+00:00, run_after=2026-07-15 11:00:00+00:00
[2026-07-15T11:22:42.870+0000] {processor.py:183} INFO - Processing /opt/airflow/dags/bronze_dag2.py took 0.128 seconds
[2026-07-15T11:23:13.416+0000] {processor.py:161} INFO - Started process (PID=3362) to work on /opt/airflow/dags/bronze_dag2.py
[2026-07-15T11:23:13.418+0000] {processor.py:830} INFO - Processing file /opt/airflow/dags/bronze_dag2.py for tasks to queue
[2026-07-15T11:23:13.419+0000] {logging_mixin.py:188} INFO - [2026-07-15T11:23:13.419+0000] {dagbag.py:540} INFO - Filling up the DagBag from /opt/airflow/dags/bronze_dag2.py
[2026-07-15T11:23:13.450+0000] {processor.py:840} INFO - DAG(s) 'bronze_dag2' retrieved from /opt/airflow/dags/bronze_dag2.py
[2026-07-15T11:23:13.491+0000] {logging_mixin.py:188} INFO - [2026-07-15T11:23:13.491+0000] {dag.py:3096} INFO - Sync 1 DAGs
[2026-07-15T11:23:13.516+0000] {logging_mixin.py:188} INFO - [2026-07-15T11:23:13.515+0000] {dag.py:3954} INFO - Setting next_dagrun for bronze_dag2 to 2026-07-15 10:00:00+00:00, run_after=2026-07-15 11:00:00+00:00
[2026-07-15T11:23:13.538+0000] {processor.py:183} INFO - Processing /opt/airflow/dags/bronze_dag2.py took 0.130 seconds
[2026-07-15T11:23:44.159+0000] {processor.py:161} INFO - Started process (PID=3390) to work on /opt/airflow/dags/bronze_dag2.py
[2026-07-15T11:23:44.161+0000] {processor.py:830} INFO - Processing file /opt/airflow/dags/bronze_dag2.py for tasks to queue
[2026-07-15T11:23:44.163+0000] {logging_mixin.py:188} INFO - [2026-07-15T11:23:44.162+0000] {dagbag.py:540} INFO - Filling up the DagBag from /opt/airflow/dags/bronze_dag2.py
[2026-07-15T11:23:44.190+0000] {processor.py:840} INFO - DAG(s) 'bronze_dag2' retrieved from /opt/airflow/dags/bronze_dag2.py
[2026-07-15T11:23:44.222+0000] {logging_mixin.py:188} INFO - [2026-07-15T11:23:44.222+0000] {dag.py:3096} INFO - Sync 1 DAGs
[2026-07-15T11:23:44.253+0000] {logging_mixin.py:188} INFO - [2026-07-15T11:23:44.253+0000] {dag.py:3954} INFO - Setting next_dagrun for bronze_dag2 to 2026-07-15 10:00:00+00:00, run_after=2026-07-15 11:00:00+00:00
[2026-07-15T11:23:44.275+0000] {processor.py:183} INFO - Processing /opt/airflow/dags/bronze_dag2.py took 0.124 seconds
[2026-07-15T11:24:15.145+0000] {processor.py:161} INFO - Started process (PID=3434) to work on /opt/airflow/dags/bronze_dag2.py
[2026-07-15T11:24:15.148+0000] {processor.py:830} INFO - Processing file /opt/airflow/dags/bronze_dag2.py for tasks to queue
[2026-07-15T11:24:15.152+0000] {logging_mixin.py:188} INFO - [2026-07-15T11:24:15.151+0000] {dagbag.py:540} INFO - Filling up the DagBag from /opt/airflow/dags/bronze_dag2.py
[2026-07-15T11:24:15.195+0000] {processor.py:840} INFO - DAG(s) 'bronze_dag2' retrieved from /opt/airflow/dags/bronze_dag2.py
[2026-07-15T11:24:15.278+0000] {logging_mixin.py:188} INFO - [2026-07-15T11:24:15.277+0000] {dag.py:3096} INFO - Sync 1 DAGs
[2026-07-15T11:24:15.343+0000] {logging_mixin.py:188} INFO - [2026-07-15T11:24:15.342+0000] {dag.py:3954} INFO - Setting next_dagrun for bronze_dag2 to 2026-07-15 10:00:00+00:00, run_after=2026-07-15 11:00:00+00:00
[2026-07-15T11:24:15.386+0000] {processor.py:183} INFO - Processing /opt/airflow/dags/bronze_dag2.py took 0.260 seconds
[2026-07-15T11:24:46.233+0000] {processor.py:161} INFO - Started process (PID=3459) to work on /opt/airflow/dags/bronze_dag2.py
[2026-07-15T11:24:46.234+0000] {processor.py:830} INFO - Processing file /opt/airflow/dags/bronze_dag2.py for tasks to queue
[2026-07-15T11:24:46.237+0000] {logging_mixin.py:188} INFO - [2026-07-15T11:24:46.236+0000] {dagbag.py:540} INFO - Filling up the DagBag from /opt/airflow/dags/bronze_dag2.py
[2026-07-15T11:24:46.263+0000] {processor.py:840} INFO - DAG(s) 'bronze_dag2' retrieved from /opt/airflow/dags/bronze_dag2.py
[2026-07-15T11:24:46.296+0000] {logging_mixin.py:188} INFO - [2026-07-15T11:24:46.296+0000] {dag.py:3096} INFO - Sync 1 DAGs
[2026-07-15T11:24:46.329+0000] {logging_mixin.py:188} INFO - [2026-07-15T11:24:46.329+0000] {dag.py:3954} INFO - Setting next_dagrun for bronze_dag2 to 2026-07-15 10:00:00+00:00, run_after=2026-07-15 11:00:00+00:00
[2026-07-15T11:24:46.352+0000] {processor.py:183} INFO - Processing /opt/airflow/dags/bronze_dag2.py took 0.129 seconds
[2026-07-15T11:25:17.108+0000] {processor.py:161} INFO - Started process (PID=3484) to work on /opt/airflow/dags/bronze_dag2.py
[2026-07-15T11:25:17.111+0000] {processor.py:830} INFO - Processing file /opt/airflow/dags/bronze_dag2.py for tasks to queue
[2026-07-15T11:25:17.115+0000] {logging_mixin.py:188} INFO - [2026-07-15T11:25:17.114+0000] {dagbag.py:540} INFO - Filling up the DagBag from /opt/airflow/dags/bronze_dag2.py
[2026-07-15T11:25:17.162+0000] {processor.py:840} INFO - DAG(s) 'bronze_dag2' retrieved from /opt/airflow/dags/bronze_dag2.py
[2026-07-15T11:25:17.210+0000] {logging_mixin.py:188} INFO - [2026-07-15T11:25:17.210+0000] {dag.py:3096} INFO - Sync 1 DAGs
[2026-07-15T11:25:17.238+0000] {logging_mixin.py:188} INFO - [2026-07-15T11:25:17.238+0000] {dag.py:3954} INFO - Setting next_dagrun for bronze_dag2 to 2026-07-15 10:00:00+00:00, run_after=2026-07-15 11:00:00+00:00
[2026-07-15T11:25:17.266+0000] {processor.py:183} INFO - Processing /opt/airflow/dags/bronze_dag2.py took 0.167 seconds
[2026-07-15T11:25:47.964+0000] {processor.py:161} INFO - Started process (PID=3511) to work on /opt/airflow/dags/bronze_dag2.py
[2026-07-15T11:25:47.966+0000] {processor.py:830} INFO - Processing file /opt/airflow/dags/bronze_dag2.py for tasks to queue
[2026-07-15T11:25:47.968+0000] {logging_mixin.py:188} INFO - [2026-07-15T11:25:47.968+0000] {dagbag.py:540} INFO - Filling up the DagBag from /opt/airflow/dags/bronze_dag2.py
[2026-07-15T11:25:47.988+0000] {processor.py:840} INFO - DAG(s) 'bronze_dag2' retrieved from /opt/airflow/dags/bronze_dag2.py
[2026-07-15T11:25:48.021+0000] {logging_mixin.py:188} INFO - [2026-07-15T11:25:48.020+0000] {dag.py:3096} INFO - Sync 1 DAGs
[2026-07-15T11:25:48.046+0000] {logging_mixin.py:188} INFO - [2026-07-15T11:25:48.046+0000] {dag.py:3954} INFO - Setting next_dagrun for bronze_dag2 to 2026-07-15 10:00:00+00:00, run_after=2026-07-15 11:00:00+00:00
[2026-07-15T11:25:48.070+0000] {processor.py:183} INFO - Processing /opt/airflow/dags/bronze_dag2.py took 0.113 seconds
[2026-07-15T11:26:18.703+0000] {processor.py:161} INFO - Started process (PID=3536) to work on /opt/airflow/dags/bronze_dag2.py
[2026-07-15T11:26:18.704+0000] {processor.py:830} INFO - Processing file /opt/airflow/dags/bronze_dag2.py for tasks to queue
[2026-07-15T11:26:18.706+0000] {logging_mixin.py:188} INFO - [2026-07-15T11:26:18.705+0000] {dagbag.py:540} INFO - Filling up the DagBag from /opt/airflow/dags/bronze_dag2.py
[2026-07-15T11:26:18.721+0000] {processor.py:840} INFO - DAG(s) 'bronze_dag2' retrieved from /opt/airflow/dags/bronze_dag2.py
[2026-07-15T11:26:18.753+0000] {logging_mixin.py:188} INFO - [2026-07-15T11:26:18.752+0000] {dag.py:3096} INFO - Sync 1 DAGs
[2026-07-15T11:26:18.782+0000] {logging_mixin.py:188} INFO - [2026-07-15T11:26:18.782+0000] {dag.py:3954} INFO - Setting next_dagrun for bronze_dag2 to 2026-07-15 10:00:00+00:00, run_after=2026-07-15 11:00:00+00:00
[2026-07-15T11:26:18.800+0000] {processor.py:183} INFO - Processing /opt/airflow/dags/bronze_dag2.py took 0.103 seconds
[2026-07-15T11:26:49.577+0000] {processor.py:161} INFO - Started process (PID=3561) to work on /opt/airflow/dags/bronze_dag2.py
[2026-07-15T11:26:49.578+0000] {processor.py:830} INFO - Processing file /opt/airflow/dags/bronze_dag2.py for tasks to queue
[2026-07-15T11:26:49.580+0000] {logging_mixin.py:188} INFO - [2026-07-15T11:26:49.580+0000] {dagbag.py:540} INFO - Filling up the DagBag from /opt/airflow/dags/bronze_dag2.py
[2026-07-15T11:26:49.604+0000] {processor.py:840} INFO - DAG(s) 'bronze_dag2' retrieved from /opt/airflow/dags/bronze_dag2.py
[2026-07-15T11:26:49.629+0000] {logging_mixin.py:188} INFO - [2026-07-15T11:26:49.629+0000] {dag.py:3096} INFO - Sync 1 DAGs
[2026-07-15T11:26:49.662+0000] {logging_mixin.py:188} INFO - [2026-07-15T11:26:49.662+0000] {dag.py:3954} INFO - Setting next_dagrun for bronze_dag2 to 2026-07-15 10:00:00+00:00, run_after=2026-07-15 11:00:00+00:00
[2026-07-15T11:26:49.681+0000] {processor.py:183} INFO - Processing /opt/airflow/dags/bronze_dag2.py took 0.114 seconds
[2026-07-15T11:27:20.332+0000] {processor.py:161} INFO - Started process (PID=3586) to work on /opt/airflow/dags/bronze_dag2.py
[2026-07-15T11:27:20.333+0000] {processor.py:830} INFO - Processing file /opt/airflow/dags/bronze_dag2.py for tasks to queue
[2026-07-15T11:27:20.335+0000] {logging_mixin.py:188} INFO - [2026-07-15T11:27:20.335+0000] {dagbag.py:540} INFO - Filling up the DagBag from /opt/airflow/dags/bronze_dag2.py
[2026-07-15T11:27:20.358+0000] {processor.py:840} INFO - DAG(s) 'bronze_dag2' retrieved from /opt/airflow/dags/bronze_dag2.py
[2026-07-15T11:27:20.385+0000] {logging_mixin.py:188} INFO - [2026-07-15T11:27:20.385+0000] {dag.py:3096} INFO - Sync 1 DAGs
[2026-07-15T11:27:20.407+0000] {logging_mixin.py:188} INFO - [2026-07-15T11:27:20.407+0000] {dag.py:3954} INFO - Setting next_dagrun for bronze_dag2 to 2026-07-15 10:00:00+00:00, run_after=2026-07-15 11:00:00+00:00
[2026-07-15T11:27:20.428+0000] {processor.py:183} INFO - Processing /opt/airflow/dags/bronze_dag2.py took 0.101 seconds
[2026-07-15T11:27:51.012+0000] {processor.py:161} INFO - Started process (PID=3613) to work on /opt/airflow/dags/bronze_dag2.py
[2026-07-15T11:27:51.013+0000] {processor.py:830} INFO - Processing file /opt/airflow/dags/bronze_dag2.py for tasks to queue
[2026-07-15T11:27:51.015+0000] {logging_mixin.py:188} INFO - [2026-07-15T11:27:51.014+0000] {dagbag.py:540} INFO - Filling up the DagBag from /opt/airflow/dags/bronze_dag2.py
[2026-07-15T11:27:51.039+0000] {processor.py:840} INFO - DAG(s) 'bronze_dag2' retrieved from /opt/airflow/dags/bronze_dag2.py
[2026-07-15T11:27:51.066+0000] {logging_mixin.py:188} INFO - [2026-07-15T11:27:51.066+0000] {dag.py:3096} INFO - Sync 1 DAGs
[2026-07-15T11:27:51.095+0000] {logging_mixin.py:188} INFO - [2026-07-15T11:27:51.095+0000] {dag.py:3954} INFO - Setting next_dagrun for bronze_dag2 to 2026-07-15 10:00:00+00:00, run_after=2026-07-15 11:00:00+00:00
[2026-07-15T11:27:51.114+0000] {processor.py:183} INFO - Processing /opt/airflow/dags/bronze_dag2.py took 0.109 seconds
[2026-07-15T11:28:21.807+0000] {processor.py:161} INFO - Started process (PID=3638) to work on /opt/airflow/dags/bronze_dag2.py
[2026-07-15T11:28:21.809+0000] {processor.py:830} INFO - Processing file /opt/airflow/dags/bronze_dag2.py for tasks to queue
[2026-07-15T11:28:21.812+0000] {logging_mixin.py:188} INFO - [2026-07-15T11:28:21.812+0000] {dagbag.py:540} INFO - Filling up the DagBag from /opt/airflow/dags/bronze_dag2.py
[2026-07-15T11:28:21.845+0000] {processor.py:840} INFO - DAG(s) 'bronze_dag2' retrieved from /opt/airflow/dags/bronze_dag2.py
[2026-07-15T11:28:21.877+0000] {logging_mixin.py:188} INFO - [2026-07-15T11:28:21.876+0000] {dag.py:3096} INFO - Sync 1 DAGs
[2026-07-15T11:28:21.902+0000] {logging_mixin.py:188} INFO - [2026-07-15T11:28:21.902+0000] {dag.py:3954} INFO - Setting next_dagrun for bronze_dag2 to 2026-07-15 10:00:00+00:00, run_after=2026-07-15 11:00:00+00:00
[2026-07-15T11:28:21.925+0000] {processor.py:183} INFO - Processing /opt/airflow/dags/bronze_dag2.py took 0.126 seconds
[2026-07-15T11:28:52.521+0000] {processor.py:161} INFO - Started process (PID=3663) to work on /opt/airflow/dags/bronze_dag2.py
[2026-07-15T11:28:52.526+0000] {processor.py:830} INFO - Processing file /opt/airflow/dags/bronze_dag2.py for tasks to queue
[2026-07-15T11:28:52.528+0000] {logging_mixin.py:188} INFO - [2026-07-15T11:28:52.528+0000] {dagbag.py:540} INFO - Filling up the DagBag from /opt/airflow/dags/bronze_dag2.py
[2026-07-15T11:28:52.560+0000] {processor.py:840} INFO - DAG(s) 'bronze_dag2' retrieved from /opt/airflow/dags/bronze_dag2.py
[2026-07-15T11:28:52.606+0000] {logging_mixin.py:188} INFO - [2026-07-15T11:28:52.606+0000] {dag.py:3096} INFO - Sync 1 DAGs
[2026-07-15T11:28:52.637+0000] {logging_mixin.py:188} INFO - [2026-07-15T11:28:52.636+0000] {dag.py:3954} INFO - Setting next_dagrun for bronze_dag2 to 2026-07-15 10:00:00+00:00, run_after=2026-07-15 11:00:00+00:00
[2026-07-15T11:28:52.659+0000] {processor.py:183} INFO - Processing /opt/airflow/dags/bronze_dag2.py took 0.146 seconds
[2026-07-15T11:29:23.205+0000] {processor.py:161} INFO - Started process (PID=3688) to work on /opt/airflow/dags/bronze_dag2.py
[2026-07-15T11:29:23.206+0000] {processor.py:830} INFO - Processing file /opt/airflow/dags/bronze_dag2.py for tasks to queue
[2026-07-15T11:29:23.208+0000] {logging_mixin.py:188} INFO - [2026-07-15T11:29:23.208+0000] {dagbag.py:540} INFO - Filling up the DagBag from /opt/airflow/dags/bronze_dag2.py
[2026-07-15T11:29:23.227+0000] {processor.py:840} INFO - DAG(s) 'bronze_dag2' retrieved from /opt/airflow/dags/bronze_dag2.py
[2026-07-15T11:29:23.255+0000] {logging_mixin.py:188} INFO - [2026-07-15T11:29:23.255+0000] {dag.py:3096} INFO - Sync 1 DAGs
[2026-07-15T11:29:23.279+0000] {logging_mixin.py:188} INFO - [2026-07-15T11:29:23.279+0000] {dag.py:3954} INFO - Setting next_dagrun for bronze_dag2 to 2026-07-15 10:00:00+00:00, run_after=2026-07-15 11:00:00+00:00
[2026-07-15T11:29:23.299+0000] {processor.py:183} INFO - Processing /opt/airflow/dags/bronze_dag2.py took 0.101 seconds
[2026-07-15T11:29:54.021+0000] {processor.py:161} INFO - Started process (PID=3713) to work on /opt/airflow/dags/bronze_dag2.py
[2026-07-15T11:29:54.024+0000] {processor.py:830} INFO - Processing file /opt/airflow/dags/bronze_dag2.py for tasks to queue
[2026-07-15T11:29:54.025+0000] {logging_mixin.py:188} INFO - [2026-07-15T11:29:54.025+0000] {dagbag.py:540} INFO - Filling up the DagBag from /opt/airflow/dags/bronze_dag2.py
[2026-07-15T11:29:54.057+0000] {processor.py:840} INFO - DAG(s) 'bronze_dag2' retrieved from /opt/airflow/dags/bronze_dag2.py
[2026-07-15T11:29:54.089+0000] {logging_mixin.py:188} INFO - [2026-07-15T11:29:54.088+0000] {dag.py:3096} INFO - Sync 1 DAGs
[2026-07-15T11:29:54.113+0000] {logging_mixin.py:188} INFO - [2026-07-15T11:29:54.112+0000] {dag.py:3954} INFO - Setting next_dagrun for bronze_dag2 to 2026-07-15 10:00:00+00:00, run_after=2026-07-15 11:00:00+00:00
[2026-07-15T11:29:54.131+0000] {processor.py:183} INFO - Processing /opt/airflow/dags/bronze_dag2.py took 0.119 seconds
[2026-07-15T11:30:24.680+0000] {processor.py:161} INFO - Started process (PID=3738) to work on /opt/airflow/dags/bronze_dag2.py
[2026-07-15T11:30:24.684+0000] {processor.py:830} INFO - Processing file /opt/airflow/dags/bronze_dag2.py for tasks to queue
[2026-07-15T11:30:24.685+0000] {logging_mixin.py:188} INFO - [2026-07-15T11:30:24.685+0000] {dagbag.py:540} INFO - Filling up the DagBag from /opt/airflow/dags/bronze_dag2.py
[2026-07-15T11:30:24.716+0000] {processor.py:840} INFO - DAG(s) 'bronze_dag2' retrieved from /opt/airflow/dags/bronze_dag2.py
[2026-07-15T11:30:24.750+0000] {logging_mixin.py:188} INFO - [2026-07-15T11:30:24.750+0000] {dag.py:3096} INFO - Sync 1 DAGs
[2026-07-15T11:30:24.776+0000] {logging_mixin.py:188} INFO - [2026-07-15T11:30:24.776+0000] {dag.py:3954} INFO - Setting next_dagrun for bronze_dag2 to 2026-07-15 10:00:00+00:00, run_after=2026-07-15 11:00:00+00:00
[2026-07-15T11:30:24.802+0000] {processor.py:183} INFO - Processing /opt/airflow/dags/bronze_dag2.py took 0.130 seconds
[2026-07-15T11:30:55.669+0000] {processor.py:161} INFO - Started process (PID=3763) to work on /opt/airflow/dags/bronze_dag2.py
[2026-07-15T11:30:55.671+0000] {processor.py:830} INFO - Processing file /opt/airflow/dags/bronze_dag2.py for tasks to queue
[2026-07-15T11:30:55.673+0000] {logging_mixin.py:188} INFO - [2026-07-15T11:30:55.673+0000] {dagbag.py:540} INFO - Filling up the DagBag from /opt/airflow/dags/bronze_dag2.py
[2026-07-15T11:30:55.704+0000] {processor.py:840} INFO - DAG(s) 'bronze_dag2' retrieved from /opt/airflow/dags/bronze_dag2.py
[2026-07-15T11:30:55.731+0000] {logging_mixin.py:188} INFO - [2026-07-15T11:30:55.731+0000] {dag.py:3096} INFO - Sync 1 DAGs
[2026-07-15T11:30:55.766+0000] {logging_mixin.py:188} INFO - [2026-07-15T11:30:55.766+0000] {dag.py:3954} INFO - Setting next_dagrun for bronze_dag2 to 2026-07-15 10:00:00+00:00, run_after=2026-07-15 11:00:00+00:00
[2026-07-15T11:30:55.791+0000] {processor.py:183} INFO - Processing /opt/airflow/dags/bronze_dag2.py took 0.129 seconds
[2026-07-15T11:31:26.496+0000] {processor.py:161} INFO - Started process (PID=3788) to work on /opt/airflow/dags/bronze_dag2.py
[2026-07-15T11:31:26.498+0000] {processor.py:830} INFO - Processing file /opt/airflow/dags/bronze_dag2.py for tasks to queue
[2026-07-15T11:31:26.500+0000] {logging_mixin.py:188} INFO - [2026-07-15T11:31:26.499+0000] {dagbag.py:540} INFO - Filling up the DagBag from /opt/airflow/dags/bronze_dag2.py
[2026-07-15T11:31:26.536+0000] {processor.py:840} INFO - DAG(s) 'bronze_dag2' retrieved from /opt/airflow/dags/bronze_dag2.py
[2026-07-15T11:31:26.571+0000] {logging_mixin.py:188} INFO - [2026-07-15T11:31:26.570+0000] {dag.py:3096} INFO - Sync 1 DAGs
[2026-07-15T11:31:26.598+0000] {logging_mixin.py:188} INFO - [2026-07-15T11:31:26.598+0000] {dag.py:3954} INFO - Setting next_dagrun for bronze_dag2 to 2026-07-15 10:00:00+00:00, run_after=2026-07-15 11:00:00+00:00
[2026-07-15T11:31:26.622+0000] {processor.py:183} INFO - Processing /opt/airflow/dags/bronze_dag2.py took 0.135 seconds
[2026-07-15T11:31:57.325+0000] {processor.py:161} INFO - Started process (PID=3813) to work on /opt/airflow/dags/bronze_dag2.py
[2026-07-15T11:31:57.327+0000] {processor.py:830} INFO - Processing file /opt/airflow/dags/bronze_dag2.py for tasks to queue
[2026-07-15T11:31:57.329+0000] {logging_mixin.py:188} INFO - [2026-07-15T11:31:57.329+0000] {dagbag.py:540} INFO - Filling up the DagBag from /opt/airflow/dags/bronze_dag2.py
[2026-07-15T11:31:57.358+0000] {processor.py:840} INFO - DAG(s) 'bronze_dag2' retrieved from /opt/airflow/dags/bronze_dag2.py
[2026-07-15T11:31:57.385+0000] {logging_mixin.py:188} INFO - [2026-07-15T11:31:57.385+0000] {dag.py:3096} INFO - Sync 1 DAGs
[2026-07-15T11:31:57.409+0000] {logging_mixin.py:188} INFO - [2026-07-15T11:31:57.409+0000] {dag.py:3954} INFO - Setting next_dagrun for bronze_dag2 to 2026-07-15 10:00:00+00:00, run_after=2026-07-15 11:00:00+00:00
[2026-07-15T11:31:57.428+0000] {processor.py:183} INFO - Processing /opt/airflow/dags/bronze_dag2.py took 0.111 seconds
[2026-07-15T11:32:28.139+0000] {processor.py:161} INFO - Started process (PID=3838) to work on /opt/airflow/dags/bronze_dag2.py
[2026-07-15T11:32:28.141+0000] {processor.py:830} INFO - Processing file /opt/airflow/dags/bronze_dag2.py for tasks to queue
[2026-07-15T11:32:28.143+0000] {logging_mixin.py:188} INFO - [2026-07-15T11:32:28.143+0000] {dagbag.py:540} INFO - Filling up the DagBag from /opt/airflow/dags/bronze_dag2.py
[2026-07-15T11:32:28.169+0000] {processor.py:840} INFO - DAG(s) 'bronze_dag2' retrieved from /opt/airflow/dags/bronze_dag2.py
[2026-07-15T11:32:28.219+0000] {logging_mixin.py:188} INFO - [2026-07-15T11:32:28.218+0000] {dag.py:3096} INFO - Sync 1 DAGs
[2026-07-15T11:32:28.265+0000] {logging_mixin.py:188} INFO - [2026-07-15T11:32:28.264+0000] {dag.py:3954} INFO - Setting next_dagrun for bronze_dag2 to 2026-07-15 10:00:00+00:00, run_after=2026-07-15 11:00:00+00:00
[2026-07-15T11:32:28.292+0000] {processor.py:183} INFO - Processing /opt/airflow/dags/bronze_dag2.py took 0.162 seconds
[2026-07-15T11:32:58.822+0000] {processor.py:161} INFO - Started process (PID=3863) to work on /opt/airflow/dags/bronze_dag2.py
[2026-07-15T11:32:58.824+0000] {processor.py:830} INFO - Processing file /opt/airflow/dags/bronze_dag2.py for tasks to queue
[2026-07-15T11:32:58.825+0000] {logging_mixin.py:188} INFO - [2026-07-15T11:32:58.825+0000] {dagbag.py:540} INFO - Filling up the DagBag from /opt/airflow/dags/bronze_dag2.py
[2026-07-15T11:32:58.852+0000] {processor.py:840} INFO - DAG(s) 'bronze_dag2' retrieved from /opt/airflow/dags/bronze_dag2.py
[2026-07-15T11:32:58.879+0000] {logging_mixin.py:188} INFO - [2026-07-15T11:32:58.879+0000] {dag.py:3096} INFO - Sync 1 DAGs
[2026-07-15T11:32:58.904+0000] {logging_mixin.py:188} INFO - [2026-07-15T11:32:58.904+0000] {dag.py:3954} INFO - Setting next_dagrun for bronze_dag2 to 2026-07-15 10:00:00+00:00, run_after=2026-07-15 11:00:00+00:00
[2026-07-15T11:32:58.925+0000] {processor.py:183} INFO - Processing /opt/airflow/dags/bronze_dag2.py took 0.112 seconds
[2026-07-15T11:33:29.578+0000] {processor.py:161} INFO - Started process (PID=3888) to work on /opt/airflow/dags/bronze_dag2.py
[2026-07-15T11:33:29.579+0000] {processor.py:830} INFO - Processing file /opt/airflow/dags/bronze_dag2.py for tasks to queue
[2026-07-15T11:33:29.581+0000] {logging_mixin.py:188} INFO - [2026-07-15T11:33:29.581+0000] {dagbag.py:540} INFO - Filling up the DagBag from /opt/airflow/dags/bronze_dag2.py
[2026-07-15T11:33:29.610+0000] {processor.py:840} INFO - DAG(s) 'bronze_dag2' retrieved from /opt/airflow/dags/bronze_dag2.py
[2026-07-15T11:33:29.637+0000] {logging_mixin.py:188} INFO - [2026-07-15T11:33:29.637+0000] {dag.py:3096} INFO - Sync 1 DAGs
[2026-07-15T11:33:29.662+0000] {logging_mixin.py:188} INFO - [2026-07-15T11:33:29.662+0000] {dag.py:3954} INFO - Setting next_dagrun for bronze_dag2 to 2026-07-15 10:00:00+00:00, run_after=2026-07-15 11:00:00+00:00
[2026-07-15T11:33:29.687+0000] {processor.py:183} INFO - Processing /opt/airflow/dags/bronze_dag2.py took 0.117 seconds
[2026-07-15T11:34:00.257+0000] {processor.py:161} INFO - Started process (PID=3913) to work on /opt/airflow/dags/bronze_dag2.py
[2026-07-15T11:34:00.258+0000] {processor.py:830} INFO - Processing file /opt/airflow/dags/bronze_dag2.py for tasks to queue
[2026-07-15T11:34:00.260+0000] {logging_mixin.py:188} INFO - [2026-07-15T11:34:00.260+0000] {dagbag.py:540} INFO - Filling up the DagBag from /opt/airflow/dags/bronze_dag2.py
[2026-07-15T11:34:00.288+0000] {processor.py:840} INFO - DAG(s) 'bronze_dag2' retrieved from /opt/airflow/dags/bronze_dag2.py
[2026-07-15T11:34:00.318+0000] {logging_mixin.py:188} INFO - [2026-07-15T11:34:00.317+0000] {dag.py:3096} INFO - Sync 1 DAGs
[2026-07-15T11:34:00.350+0000] {logging_mixin.py:188} INFO - [2026-07-15T11:34:00.350+0000] {dag.py:3954} INFO - Setting next_dagrun for bronze_dag2 to 2026-07-15 10:00:00+00:00, run_after=2026-07-15 11:00:00+00:00
[2026-07-15T11:34:00.372+0000] {processor.py:183} INFO - Processing /opt/airflow/dags/bronze_dag2.py took 0.123 seconds
[2026-07-15T11:34:31.009+0000] {processor.py:161} INFO - Started process (PID=3938) to work on /opt/airflow/dags/bronze_dag2.py
[2026-07-15T11:34:31.011+0000] {processor.py:830} INFO - Processing file /opt/airflow/dags/bronze_dag2.py for tasks to queue
[2026-07-15T11:34:31.013+0000] {logging_mixin.py:188} INFO - [2026-07-15T11:34:31.012+0000] {dagbag.py:540} INFO - Filling up the DagBag from /opt/airflow/dags/bronze_dag2.py
[2026-07-15T11:34:31.032+0000] {processor.py:840} INFO - DAG(s) 'bronze_dag2' retrieved from /opt/airflow/dags/bronze_dag2.py
[2026-07-15T11:34:31.067+0000] {logging_mixin.py:188} INFO - [2026-07-15T11:34:31.067+0000] {dag.py:3096} INFO - Sync 1 DAGs
[2026-07-15T11:34:31.108+0000] {logging_mixin.py:188} INFO - [2026-07-15T11:34:31.107+0000] {dag.py:3954} INFO - Setting next_dagrun for bronze_dag2 to 2026-07-15 10:00:00+00:00, run_after=2026-07-15 11:00:00+00:00
[2026-07-15T11:34:31.131+0000] {processor.py:183} INFO - Processing /opt/airflow/dags/bronze_dag2.py took 0.128 seconds
[2026-07-15T11:35:01.895+0000] {processor.py:161} INFO - Started process (PID=3963) to work on /opt/airflow/dags/bronze_dag2.py
[2026-07-15T11:35:01.897+0000] {processor.py:830} INFO - Processing file /opt/airflow/dags/bronze_dag2.py for tasks to queue
[2026-07-15T11:35:01.900+0000] {logging_mixin.py:188} INFO - [2026-07-15T11:35:01.899+0000] {dagbag.py:540} INFO - Filling up the DagBag from /opt/airflow/dags/bronze_dag2.py
[2026-07-15T11:35:01.933+0000] {processor.py:840} INFO - DAG(s) 'bronze_dag2' retrieved from /opt/airflow/dags/bronze_dag2.py
[2026-07-15T11:35:01.965+0000] {logging_mixin.py:188} INFO - [2026-07-15T11:35:01.965+0000] {dag.py:3096} INFO - Sync 1 DAGs
[2026-07-15T11:35:01.990+0000] {logging_mixin.py:188} INFO - [2026-07-15T11:35:01.990+0000] {dag.py:3954} INFO - Setting next_dagrun for bronze_dag2 to 2026-07-15 10:00:00+00:00, run_after=2026-07-15 11:00:00+00:00
[2026-07-15T11:35:02.011+0000] {processor.py:183} INFO - Processing /opt/airflow/dags/bronze_dag2.py took 0.128 seconds
[2026-07-15T11:35:32.606+0000] {processor.py:161} INFO - Started process (PID=3988) to work on /opt/airflow/dags/bronze_dag2.py
[2026-07-15T11:35:32.607+0000] {processor.py:830} INFO - Processing file /opt/airflow/dags/bronze_dag2.py for tasks to queue
[2026-07-15T11:35:32.609+0000] {logging_mixin.py:188} INFO - [2026-07-15T11:35:32.609+0000] {dagbag.py:540} INFO - Filling up the DagBag from /opt/airflow/dags/bronze_dag2.py
[2026-07-15T11:35:32.636+0000] {processor.py:840} INFO - DAG(s) 'bronze_dag2' retrieved from /opt/airflow/dags/bronze_dag2.py
[2026-07-15T11:35:32.667+0000] {logging_mixin.py:188} INFO - [2026-07-15T11:35:32.666+0000] {dag.py:3096} INFO - Sync 1 DAGs
[2026-07-15T11:35:32.694+0000] {logging_mixin.py:188} INFO - [2026-07-15T11:35:32.694+0000] {dag.py:3954} INFO - Setting next_dagrun for bronze_dag2 to 2026-07-15 10:00:00+00:00, run_after=2026-07-15 11:00:00+00:00
[2026-07-15T11:35:32.718+0000] {processor.py:183} INFO - Processing /opt/airflow/dags/bronze_dag2.py took 0.122 seconds
[2026-07-15T11:36:03.260+0000] {processor.py:161} INFO - Started process (PID=4013) to work on /opt/airflow/dags/bronze_dag2.py
[2026-07-15T11:36:03.261+0000] {processor.py:830} INFO - Processing file /opt/airflow/dags/bronze_dag2.py for tasks to queue
[2026-07-15T11:36:03.263+0000] {logging_mixin.py:188} INFO - [2026-07-15T11:36:03.263+0000] {dagbag.py:540} INFO - Filling up the DagBag from /opt/airflow/dags/bronze_dag2.py
[2026-07-15T11:36:03.289+0000] {processor.py:840} INFO - DAG(s) 'bronze_dag2' retrieved from /opt/airflow/dags/bronze_dag2.py
[2026-07-15T11:36:03.319+0000] {logging_mixin.py:188} INFO - [2026-07-15T11:36:03.319+0000] {dag.py:3096} INFO - Sync 1 DAGs
[2026-07-15T11:36:03.340+0000] {logging_mixin.py:188} INFO - [2026-07-15T11:36:03.340+0000] {dag.py:3954} INFO - Setting next_dagrun for bronze_dag2 to 2026-07-15 10:00:00+00:00, run_after=2026-07-15 11:00:00+00:00
[2026-07-15T11:36:03.365+0000] {processor.py:183} INFO - Processing /opt/airflow/dags/bronze_dag2.py took 0.111 seconds
[2026-07-15T11:36:33.985+0000] {processor.py:161} INFO - Started process (PID=4038) to work on /opt/airflow/dags/bronze_dag2.py
[2026-07-15T11:36:33.987+0000] {processor.py:830} INFO - Processing file /opt/airflow/dags/bronze_dag2.py for tasks to queue
[2026-07-15T11:36:33.989+0000] {logging_mixin.py:188} INFO - [2026-07-15T11:36:33.988+0000] {dagbag.py:540} INFO - Filling up the DagBag from /opt/airflow/dags/bronze_dag2.py
[2026-07-15T11:36:34.015+0000] {processor.py:840} INFO - DAG(s) 'bronze_dag2' retrieved from /opt/airflow/dags/bronze_dag2.py
[2026-07-15T11:36:34.043+0000] {logging_mixin.py:188} INFO - [2026-07-15T11:36:34.043+0000] {dag.py:3096} INFO - Sync 1 DAGs
[2026-07-15T11:36:34.068+0000] {logging_mixin.py:188} INFO - [2026-07-15T11:36:34.068+0000] {dag.py:3954} INFO - Setting next_dagrun for bronze_dag2 to 2026-07-15 10:00:00+00:00, run_after=2026-07-15 11:00:00+00:00
[2026-07-15T11:36:34.091+0000] {processor.py:183} INFO - Processing /opt/airflow/dags/bronze_dag2.py took 0.113 seconds
[2026-07-15T11:37:04.819+0000] {processor.py:161} INFO - Started process (PID=4063) to work on /opt/airflow/dags/bronze_dag2.py
[2026-07-15T11:37:04.821+0000] {processor.py:830} INFO - Processing file /opt/airflow/dags/bronze_dag2.py for tasks to queue
[2026-07-15T11:37:04.823+0000] {logging_mixin.py:188} INFO - [2026-07-15T11:37:04.823+0000] {dagbag.py:540} INFO - Filling up the DagBag from /opt/airflow/dags/bronze_dag2.py
[2026-07-15T11:37:04.849+0000] {processor.py:840} INFO - DAG(s) 'bronze_dag2' retrieved from /opt/airflow/dags/bronze_dag2.py
[2026-07-15T11:37:04.881+0000] {logging_mixin.py:188} INFO - [2026-07-15T11:37:04.881+0000] {dag.py:3096} INFO - Sync 1 DAGs
[2026-07-15T11:37:04.906+0000] {logging_mixin.py:188} INFO - [2026-07-15T11:37:04.906+0000] {dag.py:3954} INFO - Setting next_dagrun for bronze_dag2 to 2026-07-15 10:00:00+00:00, run_after=2026-07-15 11:00:00+00:00
[2026-07-15T11:37:04.930+0000] {processor.py:183} INFO - Processing /opt/airflow/dags/bronze_dag2.py took 0.117 seconds
[2026-07-15T11:37:35.213+0000] {processor.py:161} INFO - Started process (PID=4105) to work on /opt/airflow/dags/bronze_dag2.py
[2026-07-15T11:37:35.216+0000] {processor.py:830} INFO - Processing file /opt/airflow/dags/bronze_dag2.py for tasks to queue
[2026-07-15T11:37:35.219+0000] {logging_mixin.py:188} INFO - [2026-07-15T11:37:35.218+0000] {dagbag.py:540} INFO - Filling up the DagBag from /opt/airflow/dags/bronze_dag2.py
[2026-07-15T11:37:35.260+0000] {processor.py:840} INFO - DAG(s) 'bronze_dag2' retrieved from /opt/airflow/dags/bronze_dag2.py
[2026-07-15T11:37:35.307+0000] {logging_mixin.py:188} INFO - [2026-07-15T11:37:35.306+0000] {dag.py:3096} INFO - Sync 1 DAGs
[2026-07-15T11:37:35.352+0000] {logging_mixin.py:188} INFO - [2026-07-15T11:37:35.351+0000] {dag.py:3954} INFO - Setting next_dagrun for bronze_dag2 to 2026-07-15 10:00:00+00:00, run_after=2026-07-15 11:00:00+00:00
[2026-07-15T11:37:35.388+0000] {processor.py:183} INFO - Processing /opt/airflow/dags/bronze_dag2.py took 0.186 seconds
[2026-07-15T11:38:05.982+0000] {processor.py:161} INFO - Started process (PID=4130) to work on /opt/airflow/dags/bronze_dag2.py
[2026-07-15T11:38:05.996+0000] {processor.py:830} INFO - Processing file /opt/airflow/dags/bronze_dag2.py for tasks to queue
[2026-07-15T11:38:06.001+0000] {logging_mixin.py:188} INFO - [2026-07-15T11:38:05.999+0000] {dagbag.py:540} INFO - Filling up the DagBag from /opt/airflow/dags/bronze_dag2.py
[2026-07-15T11:38:06.103+0000] {processor.py:840} INFO - DAG(s) 'bronze_dag2' retrieved from /opt/airflow/dags/bronze_dag2.py
[2026-07-15T11:38:06.278+0000] {logging_mixin.py:188} INFO - [2026-07-15T11:38:06.278+0000] {dag.py:3096} INFO - Sync 1 DAGs
[2026-07-15T11:38:06.404+0000] {logging_mixin.py:188} INFO - [2026-07-15T11:38:06.403+0000] {dag.py:3954} INFO - Setting next_dagrun for bronze_dag2 to 2026-07-15 10:00:00+00:00, run_after=2026-07-15 11:00:00+00:00
[2026-07-15T11:38:06.472+0000] {processor.py:183} INFO - Processing /opt/airflow/dags/bronze_dag2.py took 0.540 seconds
[2026-07-15T11:38:36.757+0000] {processor.py:161} INFO - Started process (PID=4155) to work on /opt/airflow/dags/bronze_dag2.py
[2026-07-15T11:38:36.760+0000] {processor.py:830} INFO - Processing file /opt/airflow/dags/bronze_dag2.py for tasks to queue
[2026-07-15T11:38:36.763+0000] {logging_mixin.py:188} INFO - [2026-07-15T11:38:36.762+0000] {dagbag.py:540} INFO - Filling up the DagBag from /opt/airflow/dags/bronze_dag2.py
[2026-07-15T11:38:36.795+0000] {processor.py:840} INFO - DAG(s) 'bronze_dag2' retrieved from /opt/airflow/dags/bronze_dag2.py
[2026-07-15T11:38:36.838+0000] {logging_mixin.py:188} INFO - [2026-07-15T11:38:36.837+0000] {dag.py:3096} INFO - Sync 1 DAGs
[2026-07-15T11:38:36.877+0000] {logging_mixin.py:188} INFO - [2026-07-15T11:38:36.877+0000] {dag.py:3954} INFO - Setting next_dagrun for bronze_dag2 to 2026-07-15 10:00:00+00:00, run_after=2026-07-15 11:00:00+00:00
[2026-07-15T11:38:36.909+0000] {processor.py:183} INFO - Processing /opt/airflow/dags/bronze_dag2.py took 0.162 seconds
[2026-07-15T11:39:07.113+0000] {processor.py:161} INFO - Started process (PID=4180) to work on /opt/airflow/dags/bronze_dag2.py
[2026-07-15T11:39:07.117+0000] {processor.py:830} INFO - Processing file /opt/airflow/dags/bronze_dag2.py for tasks to queue
[2026-07-15T11:39:07.120+0000] {logging_mixin.py:188} INFO - [2026-07-15T11:39:07.119+0000] {dagbag.py:540} INFO - Filling up the DagBag from /opt/airflow/dags/bronze_dag2.py
[2026-07-15T11:39:07.151+0000] {processor.py:840} INFO - DAG(s) 'bronze_dag2' retrieved from /opt/airflow/dags/bronze_dag2.py
[2026-07-15T11:39:07.198+0000] {logging_mixin.py:188} INFO - [2026-07-15T11:39:07.197+0000] {dag.py:3096} INFO - Sync 1 DAGs
[2026-07-15T11:39:07.237+0000] {logging_mixin.py:188} INFO - [2026-07-15T11:39:07.237+0000] {dag.py:3954} INFO - Setting next_dagrun for bronze_dag2 to 2026-07-15 10:00:00+00:00, run_after=2026-07-15 11:00:00+00:00
[2026-07-15T11:39:07.277+0000] {processor.py:183} INFO - Processing /opt/airflow/dags/bronze_dag2.py took 0.178 seconds
[2026-07-15T11:39:37.579+0000] {processor.py:161} INFO - Started process (PID=4219) to work on /opt/airflow/dags/bronze_dag2.py
[2026-07-15T11:39:37.582+0000] {processor.py:830} INFO - Processing file /opt/airflow/dags/bronze_dag2.py for tasks to queue
[2026-07-15T11:39:37.584+0000] {logging_mixin.py:188} INFO - [2026-07-15T11:39:37.583+0000] {dagbag.py:540} INFO - Filling up the DagBag from /opt/airflow/dags/bronze_dag2.py
[2026-07-15T11:39:37.619+0000] {processor.py:840} INFO - DAG(s) 'bronze_dag2' retrieved from /opt/airflow/dags/bronze_dag2.py
[2026-07-15T11:39:37.663+0000] {logging_mixin.py:188} INFO - [2026-07-15T11:39:37.662+0000] {dag.py:3096} INFO - Sync 1 DAGs
[2026-07-15T11:39:37.718+0000] {logging_mixin.py:188} INFO - [2026-07-15T11:39:37.717+0000] {dag.py:3954} INFO - Setting next_dagrun for bronze_dag2 to 2026-07-15 10:00:00+00:00, run_after=2026-07-15 11:00:00+00:00
[2026-07-15T11:39:37.766+0000] {processor.py:183} INFO - Processing /opt/airflow/dags/bronze_dag2.py took 0.218 seconds
[2026-07-15T11:40:08.063+0000] {processor.py:161} INFO - Started process (PID=4244) to work on /opt/airflow/dags/bronze_dag2.py
[2026-07-15T11:40:08.065+0000] {processor.py:830} INFO - Processing file /opt/airflow/dags/bronze_dag2.py for tasks to queue
[2026-07-15T11:40:08.069+0000] {logging_mixin.py:188} INFO - [2026-07-15T11:40:08.068+0000] {dagbag.py:540} INFO - Filling up the DagBag from /opt/airflow/dags/bronze_dag2.py
[2026-07-15T11:40:08.115+0000] {processor.py:840} INFO - DAG(s) 'bronze_dag2' retrieved from /opt/airflow/dags/bronze_dag2.py
[2026-07-15T11:40:08.212+0000] {logging_mixin.py:188} INFO - [2026-07-15T11:40:08.210+0000] {dag.py:3096} INFO - Sync 1 DAGs
[2026-07-15T11:40:08.334+0000] {logging_mixin.py:188} INFO - [2026-07-15T11:40:08.332+0000] {dag.py:3954} INFO - Setting next_dagrun for bronze_dag2 to 2026-07-15 10:00:00+00:00, run_after=2026-07-15 11:00:00+00:00
[2026-07-15T11:40:08.424+0000] {processor.py:183} INFO - Processing /opt/airflow/dags/bronze_dag2.py took 0.376 seconds
[2026-07-15T11:40:38.569+0000] {processor.py:161} INFO - Started process (PID=4269) to work on /opt/airflow/dags/bronze_dag2.py
[2026-07-15T11:40:38.571+0000] {processor.py:830} INFO - Processing file /opt/airflow/dags/bronze_dag2.py for tasks to queue
[2026-07-15T11:40:38.574+0000] {logging_mixin.py:188} INFO - [2026-07-15T11:40:38.573+0000] {dagbag.py:540} INFO - Filling up the DagBag from /opt/airflow/dags/bronze_dag2.py
[2026-07-15T11:40:38.619+0000] {processor.py:840} INFO - DAG(s) 'bronze_dag2' retrieved from /opt/airflow/dags/bronze_dag2.py
[2026-07-15T11:40:38.680+0000] {logging_mixin.py:188} INFO - [2026-07-15T11:40:38.679+0000] {dag.py:3096} INFO - Sync 1 DAGs
[2026-07-15T11:40:38.733+0000] {logging_mixin.py:188} INFO - [2026-07-15T11:40:38.733+0000] {dag.py:3954} INFO - Setting next_dagrun for bronze_dag2 to 2026-07-15 10:00:00+00:00, run_after=2026-07-15 11:00:00+00:00
[2026-07-15T11:40:38.774+0000] {processor.py:183} INFO - Processing /opt/airflow/dags/bronze_dag2.py took 0.219 seconds
[2026-07-15T11:41:09.647+0000] {processor.py:161} INFO - Started process (PID=4294) to work on /opt/airflow/dags/bronze_dag2.py
[2026-07-15T11:41:09.649+0000] {processor.py:830} INFO - Processing file /opt/airflow/dags/bronze_dag2.py for tasks to queue
[2026-07-15T11:41:09.651+0000] {logging_mixin.py:188} INFO - [2026-07-15T11:41:09.650+0000] {dagbag.py:540} INFO - Filling up the DagBag from /opt/airflow/dags/bronze_dag2.py
[2026-07-15T11:41:09.688+0000] {processor.py:840} INFO - DAG(s) 'bronze_dag2' retrieved from /opt/airflow/dags/bronze_dag2.py
[2026-07-15T11:41:09.769+0000] {logging_mixin.py:188} INFO - [2026-07-15T11:41:09.768+0000] {dag.py:3096} INFO - Sync 1 DAGs
[2026-07-15T11:41:09.817+0000] {logging_mixin.py:188} INFO - [2026-07-15T11:41:09.817+0000] {dag.py:3954} INFO - Setting next_dagrun for bronze_dag2 to 2026-07-15 10:00:00+00:00, run_after=2026-07-15 11:00:00+00:00
[2026-07-15T11:41:09.869+0000] {processor.py:183} INFO - Processing /opt/airflow/dags/bronze_dag2.py took 0.236 seconds
[2026-07-15T11:41:40.163+0000] {processor.py:161} INFO - Started process (PID=4319) to work on /opt/airflow/dags/bronze_dag2.py
[2026-07-15T11:41:40.166+0000] {processor.py:830} INFO - Processing file /opt/airflow/dags/bronze_dag2.py for tasks to queue
[2026-07-15T11:41:40.168+0000] {logging_mixin.py:188} INFO - [2026-07-15T11:41:40.167+0000] {dagbag.py:540} INFO - Filling up the DagBag from /opt/airflow/dags/bronze_dag2.py
[2026-07-15T11:41:40.200+0000] {processor.py:840} INFO - DAG(s) 'bronze_dag2' retrieved from /opt/airflow/dags/bronze_dag2.py
[2026-07-15T11:41:40.237+0000] {logging_mixin.py:188} INFO - [2026-07-15T11:41:40.237+0000] {dag.py:3096} INFO - Sync 1 DAGs
[2026-07-15T11:41:40.271+0000] {logging_mixin.py:188} INFO - [2026-07-15T11:41:40.270+0000] {dag.py:3954} INFO - Setting next_dagrun for bronze_dag2 to 2026-07-15 10:00:00+00:00, run_after=2026-07-15 11:00:00+00:00
[2026-07-15T11:41:40.297+0000] {processor.py:183} INFO - Processing /opt/airflow/dags/bronze_dag2.py took 0.144 seconds
[2026-07-15T11:42:10.576+0000] {processor.py:161} INFO - Started process (PID=4344) to work on /opt/airflow/dags/bronze_dag2.py
[2026-07-15T11:42:10.578+0000] {processor.py:830} INFO - Processing file /opt/airflow/dags/bronze_dag2.py for tasks to queue
[2026-07-15T11:42:10.581+0000] {logging_mixin.py:188} INFO - [2026-07-15T11:42:10.580+0000] {dagbag.py:540} INFO - Filling up the DagBag from /opt/airflow/dags/bronze_dag2.py
[2026-07-15T11:42:10.614+0000] {processor.py:840} INFO - DAG(s) 'bronze_dag2' retrieved from /opt/airflow/dags/bronze_dag2.py
[2026-07-15T11:42:10.655+0000] {logging_mixin.py:188} INFO - [2026-07-15T11:42:10.655+0000] {dag.py:3096} INFO - Sync 1 DAGs
[2026-07-15T11:42:10.691+0000] {logging_mixin.py:188} INFO - [2026-07-15T11:42:10.691+0000] {dag.py:3954} INFO - Setting next_dagrun for bronze_dag2 to 2026-07-15 10:00:00+00:00, run_after=2026-07-15 11:00:00+00:00
[2026-07-15T11:42:10.720+0000] {processor.py:183} INFO - Processing /opt/airflow/dags/bronze_dag2.py took 0.156 seconds
[2026-07-15T11:42:40.798+0000] {processor.py:161} INFO - Started process (PID=4369) to work on /opt/airflow/dags/bronze_dag2.py
[2026-07-15T11:42:40.800+0000] {processor.py:830} INFO - Processing file /opt/airflow/dags/bronze_dag2.py for tasks to queue
[2026-07-15T11:42:40.803+0000] {logging_mixin.py:188} INFO - [2026-07-15T11:42:40.802+0000] {dagbag.py:540} INFO - Filling up the DagBag from /opt/airflow/dags/bronze_dag2.py
[2026-07-15T11:42:40.852+0000] {processor.py:840} INFO - DAG(s) 'bronze_dag2' retrieved from /opt/airflow/dags/bronze_dag2.py
[2026-07-15T11:42:40.919+0000] {logging_mixin.py:188} INFO - [2026-07-15T11:42:40.918+0000] {dag.py:3096} INFO - Sync 1 DAGs
[2026-07-15T11:42:40.967+0000] {logging_mixin.py:188} INFO - [2026-07-15T11:42:40.966+0000] {dag.py:3954} INFO - Setting next_dagrun for bronze_dag2 to 2026-07-15 10:00:00+00:00, run_after=2026-07-15 11:00:00+00:00
[2026-07-15T11:42:41.002+0000] {processor.py:183} INFO - Processing /opt/airflow/dags/bronze_dag2.py took 0.217 seconds
[2026-07-15T11:43:11.090+0000] {processor.py:161} INFO - Started process (PID=4394) to work on /opt/airflow/dags/bronze_dag2.py
[2026-07-15T11:43:11.092+0000] {processor.py:830} INFO - Processing file /opt/airflow/dags/bronze_dag2.py for tasks to queue
[2026-07-15T11:43:11.095+0000] {logging_mixin.py:188} INFO - [2026-07-15T11:43:11.094+0000] {dagbag.py:540} INFO - Filling up the DagBag from /opt/airflow/dags/bronze_dag2.py
[2026-07-15T11:43:11.133+0000] {processor.py:840} INFO - DAG(s) 'bronze_dag2' retrieved from /opt/airflow/dags/bronze_dag2.py
[2026-07-15T11:43:11.173+0000] {logging_mixin.py:188} INFO - [2026-07-15T11:43:11.172+0000] {dag.py:3096} INFO - Sync 1 DAGs
[2026-07-15T11:43:11.206+0000] {logging_mixin.py:188} INFO - [2026-07-15T11:43:11.206+0000] {dag.py:3954} INFO - Setting next_dagrun for bronze_dag2 to 2026-07-15 10:00:00+00:00, run_after=2026-07-15 11:00:00+00:00
[2026-07-15T11:43:11.236+0000] {processor.py:183} INFO - Processing /opt/airflow/dags/bronze_dag2.py took 0.155 seconds
[2026-07-15T11:43:41.501+0000] {processor.py:161} INFO - Started process (PID=4431) to work on /opt/airflow/dags/bronze_dag2.py
[2026-07-15T11:43:41.504+0000] {processor.py:830} INFO - Processing file /opt/airflow/dags/bronze_dag2.py for tasks to queue
[2026-07-15T11:43:41.507+0000] {logging_mixin.py:188} INFO - [2026-07-15T11:43:41.506+0000] {dagbag.py:540} INFO - Filling up the DagBag from /opt/airflow/dags/bronze_dag2.py
[2026-07-15T11:43:41.544+0000] {processor.py:840} INFO - DAG(s) 'bronze_dag2' retrieved from /opt/airflow/dags/bronze_dag2.py
[2026-07-15T11:43:41.605+0000] {logging_mixin.py:188} INFO - [2026-07-15T11:43:41.604+0000] {dag.py:3096} INFO - Sync 1 DAGs
[2026-07-15T11:43:41.663+0000] {logging_mixin.py:188} INFO - [2026-07-15T11:43:41.662+0000] {dag.py:3954} INFO - Setting next_dagrun for bronze_dag2 to 2026-07-15 10:00:00+00:00, run_after=2026-07-15 11:00:00+00:00
[2026-07-15T11:43:41.710+0000] {processor.py:183} INFO - Processing /opt/airflow/dags/bronze_dag2.py took 0.221 seconds
[2026-07-15T11:44:12.308+0000] {processor.py:161} INFO - Started process (PID=4459) to work on /opt/airflow/dags/bronze_dag2.py
[2026-07-15T11:44:12.311+0000] {processor.py:830} INFO - Processing file /opt/airflow/dags/bronze_dag2.py for tasks to queue
[2026-07-15T11:44:12.315+0000] {logging_mixin.py:188} INFO - [2026-07-15T11:44:12.314+0000] {dagbag.py:540} INFO - Filling up the DagBag from /opt/airflow/dags/bronze_dag2.py
[2026-07-15T11:44:12.373+0000] {processor.py:840} INFO - DAG(s) 'bronze_dag2' retrieved from /opt/airflow/dags/bronze_dag2.py
[2026-07-15T11:44:12.443+0000] {logging_mixin.py:188} INFO - [2026-07-15T11:44:12.443+0000] {dag.py:3096} INFO - Sync 1 DAGs
[2026-07-15T11:44:12.503+0000] {logging_mixin.py:188} INFO - [2026-07-15T11:44:12.502+0000] {dag.py:3954} INFO - Setting next_dagrun for bronze_dag2 to 2026-07-15 10:00:00+00:00, run_after=2026-07-15 11:00:00+00:00
[2026-07-15T11:44:12.550+0000] {processor.py:183} INFO - Processing /opt/airflow/dags/bronze_dag2.py took 0.260 seconds
[2026-07-15T11:44:42.702+0000] {processor.py:161} INFO - Started process (PID=4484) to work on /opt/airflow/dags/bronze_dag2.py
[2026-07-15T11:44:42.706+0000] {processor.py:830} INFO - Processing file /opt/airflow/dags/bronze_dag2.py for tasks to queue
[2026-07-15T11:44:42.709+0000] {logging_mixin.py:188} INFO - [2026-07-15T11:44:42.708+0000] {dagbag.py:540} INFO - Filling up the DagBag from /opt/airflow/dags/bronze_dag2.py
[2026-07-15T11:44:42.749+0000] {processor.py:840} INFO - DAG(s) 'bronze_dag2' retrieved from /opt/airflow/dags/bronze_dag2.py
[2026-07-15T11:44:42.831+0000] {logging_mixin.py:188} INFO - [2026-07-15T11:44:42.831+0000] {dag.py:3096} INFO - Sync 1 DAGs
[2026-07-15T11:44:42.888+0000] {logging_mixin.py:188} INFO - [2026-07-15T11:44:42.886+0000] {dag.py:3954} INFO - Setting next_dagrun for bronze_dag2 to 2026-07-15 10:00:00+00:00, run_after=2026-07-15 11:00:00+00:00
[2026-07-15T11:44:42.937+0000] {processor.py:183} INFO - Processing /opt/airflow/dags/bronze_dag2.py took 0.259 seconds
[2026-07-15T11:45:14.013+0000] {processor.py:161} INFO - Started process (PID=4509) to work on /opt/airflow/dags/bronze_dag2.py
[2026-07-15T11:45:14.016+0000] {processor.py:830} INFO - Processing file /opt/airflow/dags/bronze_dag2.py for tasks to queue
[2026-07-15T11:45:14.018+0000] {logging_mixin.py:188} INFO - [2026-07-15T11:45:14.017+0000] {dagbag.py:540} INFO - Filling up the DagBag from /opt/airflow/dags/bronze_dag2.py
[2026-07-15T11:45:14.065+0000] {processor.py:840} INFO - DAG(s) 'bronze_dag2' retrieved from /opt/airflow/dags/bronze_dag2.py
[2026-07-15T11:45:14.145+0000] {logging_mixin.py:188} INFO - [2026-07-15T11:45:14.145+0000] {dag.py:3096} INFO - Sync 1 DAGs
[2026-07-15T11:45:14.222+0000] {logging_mixin.py:188} INFO - [2026-07-15T11:45:14.221+0000] {dag.py:3954} INFO - Setting next_dagrun for bronze_dag2 to 2026-07-15 10:00:00+00:00, run_after=2026-07-15 11:00:00+00:00
[2026-07-15T11:45:14.268+0000] {processor.py:183} INFO - Processing /opt/airflow/dags/bronze_dag2.py took 0.270 seconds
[2026-07-15T11:45:44.444+0000] {processor.py:161} INFO - Started process (PID=4534) to work on /opt/airflow/dags/bronze_dag2.py
[2026-07-15T11:45:44.446+0000] {processor.py:830} INFO - Processing file /opt/airflow/dags/bronze_dag2.py for tasks to queue
[2026-07-15T11:45:44.448+0000] {logging_mixin.py:188} INFO - [2026-07-15T11:45:44.448+0000] {dagbag.py:540} INFO - Filling up the DagBag from /opt/airflow/dags/bronze_dag2.py
[2026-07-15T11:45:44.479+0000] {processor.py:840} INFO - DAG(s) 'bronze_dag2' retrieved from /opt/airflow/dags/bronze_dag2.py
[2026-07-15T11:45:44.521+0000] {logging_mixin.py:188} INFO - [2026-07-15T11:45:44.521+0000] {dag.py:3096} INFO - Sync 1 DAGs
[2026-07-15T11:45:44.559+0000] {logging_mixin.py:188} INFO - [2026-07-15T11:45:44.559+0000] {dag.py:3954} INFO - Setting next_dagrun for bronze_dag2 to 2026-07-15 10:00:00+00:00, run_after=2026-07-15 11:00:00+00:00
[2026-07-15T11:45:44.586+0000] {processor.py:183} INFO - Processing /opt/airflow/dags/bronze_dag2.py took 0.155 seconds
[2026-07-15T11:46:14.741+0000] {processor.py:161} INFO - Started process (PID=4559) to work on /opt/airflow/dags/bronze_dag2.py
[2026-07-15T11:46:14.742+0000] {processor.py:830} INFO - Processing file /opt/airflow/dags/bronze_dag2.py for tasks to queue
[2026-07-15T11:46:14.746+0000] {logging_mixin.py:188} INFO - [2026-07-15T11:46:14.745+0000] {dagbag.py:540} INFO - Filling up the DagBag from /opt/airflow/dags/bronze_dag2.py
[2026-07-15T11:46:14.779+0000] {processor.py:840} INFO - DAG(s) 'bronze_dag2' retrieved from /opt/airflow/dags/bronze_dag2.py
[2026-07-15T11:46:14.829+0000] {logging_mixin.py:188} INFO - [2026-07-15T11:46:14.829+0000] {dag.py:3096} INFO - Sync 1 DAGs
[2026-07-15T11:46:14.863+0000] {logging_mixin.py:188} INFO - [2026-07-15T11:46:14.863+0000] {dag.py:3954} INFO - Setting next_dagrun for bronze_dag2 to 2026-07-15 10:00:00+00:00, run_after=2026-07-15 11:00:00+00:00
[2026-07-15T11:46:14.891+0000] {processor.py:183} INFO - Processing /opt/airflow/dags/bronze_dag2.py took 0.160 seconds
[2026-07-15T11:46:45.054+0000] {processor.py:161} INFO - Started process (PID=4584) to work on /opt/airflow/dags/bronze_dag2.py
[2026-07-15T11:46:45.057+0000] {processor.py:830} INFO - Processing file /opt/airflow/dags/bronze_dag2.py for tasks to queue
[2026-07-15T11:46:45.059+0000] {logging_mixin.py:188} INFO - [2026-07-15T11:46:45.058+0000] {dagbag.py:540} INFO - Filling up the DagBag from /opt/airflow/dags/bronze_dag2.py
[2026-07-15T11:46:45.093+0000] {processor.py:840} INFO - DAG(s) 'bronze_dag2' retrieved from /opt/airflow/dags/bronze_dag2.py
[2026-07-15T11:46:45.133+0000] {logging_mixin.py:188} INFO - [2026-07-15T11:46:45.132+0000] {dag.py:3096} INFO - Sync 1 DAGs
[2026-07-15T11:46:45.165+0000] {logging_mixin.py:188} INFO - [2026-07-15T11:46:45.165+0000] {dag.py:3954} INFO - Setting next_dagrun for bronze_dag2 to 2026-07-15 10:00:00+00:00, run_after=2026-07-15 11:00:00+00:00
[2026-07-15T11:46:45.196+0000] {processor.py:183} INFO - Processing /opt/airflow/dags/bronze_dag2.py took 0.160 seconds
[2026-07-15T11:47:15.964+0000] {processor.py:161} INFO - Started process (PID=4609) to work on /opt/airflow/dags/bronze_dag2.py
[2026-07-15T11:47:15.966+0000] {processor.py:830} INFO - Processing file /opt/airflow/dags/bronze_dag2.py for tasks to queue
[2026-07-15T11:47:15.969+0000] {logging_mixin.py:188} INFO - [2026-07-15T11:47:15.968+0000] {dagbag.py:540} INFO - Filling up the DagBag from /opt/airflow/dags/bronze_dag2.py
[2026-07-15T11:47:16.000+0000] {processor.py:840} INFO - DAG(s) 'bronze_dag2' retrieved from /opt/airflow/dags/bronze_dag2.py
[2026-07-15T11:47:16.041+0000] {logging_mixin.py:188} INFO - [2026-07-15T11:47:16.041+0000] {dag.py:3096} INFO - Sync 1 DAGs
[2026-07-15T11:47:16.083+0000] {logging_mixin.py:188} INFO - [2026-07-15T11:47:16.082+0000] {dag.py:3954} INFO - Setting next_dagrun for bronze_dag2 to 2026-07-15 10:00:00+00:00, run_after=2026-07-15 11:00:00+00:00
[2026-07-15T11:47:16.112+0000] {processor.py:183} INFO - Processing /opt/airflow/dags/bronze_dag2.py took 0.160 seconds
[2026-07-15T11:47:46.939+0000] {processor.py:161} INFO - Started process (PID=4634) to work on /opt/airflow/dags/bronze_dag2.py
[2026-07-15T11:47:46.941+0000] {processor.py:830} INFO - Processing file /opt/airflow/dags/bronze_dag2.py for tasks to queue
[2026-07-15T11:47:46.943+0000] {logging_mixin.py:188} INFO - [2026-07-15T11:47:46.942+0000] {dagbag.py:540} INFO - Filling up the DagBag from /opt/airflow/dags/bronze_dag2.py
[2026-07-15T11:47:46.972+0000] {processor.py:840} INFO - DAG(s) 'bronze_dag2' retrieved from /opt/airflow/dags/bronze_dag2.py
[2026-07-15T11:47:47.010+0000] {logging_mixin.py:188} INFO - [2026-07-15T11:47:47.010+0000] {dag.py:3096} INFO - Sync 1 DAGs
[2026-07-15T11:47:47.045+0000] {logging_mixin.py:188} INFO - [2026-07-15T11:47:47.045+0000] {dag.py:3954} INFO - Setting next_dagrun for bronze_dag2 to 2026-07-15 10:00:00+00:00, run_after=2026-07-15 11:00:00+00:00
[2026-07-15T11:47:47.077+0000] {processor.py:183} INFO - Processing /opt/airflow/dags/bronze_dag2.py took 0.148 seconds
[2026-07-15T11:48:17.829+0000] {processor.py:161} INFO - Started process (PID=4659) to work on /opt/airflow/dags/bronze_dag2.py
[2026-07-15T11:48:17.831+0000] {processor.py:830} INFO - Processing file /opt/airflow/dags/bronze_dag2.py for tasks to queue
[2026-07-15T11:48:17.834+0000] {logging_mixin.py:188} INFO - [2026-07-15T11:48:17.833+0000] {dagbag.py:540} INFO - Filling up the DagBag from /opt/airflow/dags/bronze_dag2.py
[2026-07-15T11:48:17.877+0000] {processor.py:840} INFO - DAG(s) 'bronze_dag2' retrieved from /opt/airflow/dags/bronze_dag2.py
[2026-07-15T11:48:17.925+0000] {logging_mixin.py:188} INFO - [2026-07-15T11:48:17.925+0000] {dag.py:3096} INFO - Sync 1 DAGs
[2026-07-15T11:48:17.965+0000] {logging_mixin.py:188} INFO - [2026-07-15T11:48:17.965+0000] {dag.py:3954} INFO - Setting next_dagrun for bronze_dag2 to 2026-07-15 10:00:00+00:00, run_after=2026-07-15 11:00:00+00:00
[2026-07-15T11:48:17.994+0000] {processor.py:183} INFO - Processing /opt/airflow/dags/bronze_dag2.py took 0.176 seconds
[2026-07-15T11:48:48.732+0000] {processor.py:161} INFO - Started process (PID=4684) to work on /opt/airflow/dags/bronze_dag2.py
[2026-07-15T11:48:48.735+0000] {processor.py:830} INFO - Processing file /opt/airflow/dags/bronze_dag2.py for tasks to queue
[2026-07-15T11:48:48.737+0000] {logging_mixin.py:188} INFO - [2026-07-15T11:48:48.736+0000] {dagbag.py:540} INFO - Filling up the DagBag from /opt/airflow/dags/bronze_dag2.py
[2026-07-15T11:48:48.782+0000] {processor.py:840} INFO - DAG(s) 'bronze_dag2' retrieved from /opt/airflow/dags/bronze_dag2.py
[2026-07-15T11:48:48.832+0000] {logging_mixin.py:188} INFO - [2026-07-15T11:48:48.831+0000] {dag.py:3096} INFO - Sync 1 DAGs
[2026-07-15T11:48:48.886+0000] {logging_mixin.py:188} INFO - [2026-07-15T11:48:48.886+0000] {dag.py:3954} INFO - Setting next_dagrun for bronze_dag2 to 2026-07-15 10:00:00+00:00, run_after=2026-07-15 11:00:00+00:00
[2026-07-15T11:48:48.924+0000] {processor.py:183} INFO - Processing /opt/airflow/dags/bronze_dag2.py took 0.217 seconds
[2026-07-15T11:49:19.662+0000] {processor.py:161} INFO - Started process (PID=4709) to work on /opt/airflow/dags/bronze_dag2.py
[2026-07-15T11:49:19.664+0000] {processor.py:830} INFO - Processing file /opt/airflow/dags/bronze_dag2.py for tasks to queue
[2026-07-15T11:49:19.666+0000] {logging_mixin.py:188} INFO - [2026-07-15T11:49:19.666+0000] {dagbag.py:540} INFO - Filling up the DagBag from /opt/airflow/dags/bronze_dag2.py
[2026-07-15T11:49:19.703+0000] {processor.py:840} INFO - DAG(s) 'bronze_dag2' retrieved from /opt/airflow/dags/bronze_dag2.py
[2026-07-15T11:49:19.752+0000] {logging_mixin.py:188} INFO - [2026-07-15T11:49:19.751+0000] {dag.py:3096} INFO - Sync 1 DAGs
[2026-07-15T11:49:19.786+0000] {logging_mixin.py:188} INFO - [2026-07-15T11:49:19.785+0000] {dag.py:3954} INFO - Setting next_dagrun for bronze_dag2 to 2026-07-15 10:00:00+00:00, run_after=2026-07-15 11:00:00+00:00
[2026-07-15T11:49:19.816+0000] {processor.py:183} INFO - Processing /opt/airflow/dags/bronze_dag2.py took 0.166 seconds
[2026-07-15T11:49:50.825+0000] {processor.py:161} INFO - Started process (PID=4734) to work on /opt/airflow/dags/bronze_dag2.py
[2026-07-15T11:49:50.828+0000] {processor.py:830} INFO - Processing file /opt/airflow/dags/bronze_dag2.py for tasks to queue
[2026-07-15T11:49:50.831+0000] {logging_mixin.py:188} INFO - [2026-07-15T11:49:50.830+0000] {dagbag.py:540} INFO - Filling up the DagBag from /opt/airflow/dags/bronze_dag2.py
[2026-07-15T11:49:50.864+0000] {processor.py:840} INFO - DAG(s) 'bronze_dag2' retrieved from /opt/airflow/dags/bronze_dag2.py
[2026-07-15T11:49:50.909+0000] {logging_mixin.py:188} INFO - [2026-07-15T11:49:50.909+0000] {dag.py:3096} INFO - Sync 1 DAGs
[2026-07-15T11:49:50.955+0000] {logging_mixin.py:188} INFO - [2026-07-15T11:49:50.955+0000] {dag.py:3954} INFO - Setting next_dagrun for bronze_dag2 to 2026-07-15 10:00:00+00:00, run_after=2026-07-15 11:00:00+00:00
[2026-07-15T11:49:50.991+0000] {processor.py:183} INFO - Processing /opt/airflow/dags/bronze_dag2.py took 0.178 seconds
[2026-07-15T11:50:21.586+0000] {processor.py:161} INFO - Started process (PID=4759) to work on /opt/airflow/dags/bronze_dag2.py
[2026-07-15T11:50:21.589+0000] {processor.py:830} INFO - Processing file /opt/airflow/dags/bronze_dag2.py for tasks to queue
[2026-07-15T11:50:21.591+0000] {logging_mixin.py:188} INFO - [2026-07-15T11:50:21.591+0000] {dagbag.py:540} INFO - Filling up the DagBag from /opt/airflow/dags/bronze_dag2.py
[2026-07-15T11:50:21.632+0000] {processor.py:840} INFO - DAG(s) 'bronze_dag2' retrieved from /opt/airflow/dags/bronze_dag2.py
[2026-07-15T11:50:21.689+0000] {logging_mixin.py:188} INFO - [2026-07-15T11:50:21.688+0000] {dag.py:3096} INFO - Sync 1 DAGs
[2026-07-15T11:50:21.740+0000] {logging_mixin.py:188} INFO - [2026-07-15T11:50:21.740+0000] {dag.py:3954} INFO - Setting next_dagrun for bronze_dag2 to 2026-07-15 10:00:00+00:00, run_after=2026-07-15 11:00:00+00:00
[2026-07-15T11:50:21.784+0000] {processor.py:183} INFO - Processing /opt/airflow/dags/bronze_dag2.py took 0.214 seconds
[2026-07-15T11:50:52.608+0000] {processor.py:161} INFO - Started process (PID=4784) to work on /opt/airflow/dags/bronze_dag2.py
[2026-07-15T11:50:52.610+0000] {processor.py:830} INFO - Processing file /opt/airflow/dags/bronze_dag2.py for tasks to queue
[2026-07-15T11:50:52.613+0000] {logging_mixin.py:188} INFO - [2026-07-15T11:50:52.612+0000] {dagbag.py:540} INFO - Filling up the DagBag from /opt/airflow/dags/bronze_dag2.py
[2026-07-15T11:50:52.645+0000] {processor.py:840} INFO - DAG(s) 'bronze_dag2' retrieved from /opt/airflow/dags/bronze_dag2.py
[2026-07-15T11:50:52.700+0000] {logging_mixin.py:188} INFO - [2026-07-15T11:50:52.700+0000] {dag.py:3096} INFO - Sync 1 DAGs
[2026-07-15T11:50:52.748+0000] {logging_mixin.py:188} INFO - [2026-07-15T11:50:52.748+0000] {dag.py:3954} INFO - Setting next_dagrun for bronze_dag2 to 2026-07-15 10:00:00+00:00, run_after=2026-07-15 11:00:00+00:00
[2026-07-15T11:50:52.844+0000] {processor.py:183} INFO - Processing /opt/airflow/dags/bronze_dag2.py took 0.250 seconds
[2026-07-15T11:51:23.855+0000] {processor.py:161} INFO - Started process (PID=4809) to work on /opt/airflow/dags/bronze_dag2.py
[2026-07-15T11:51:23.864+0000] {processor.py:830} INFO - Processing file /opt/airflow/dags/bronze_dag2.py for tasks to queue
[2026-07-15T11:51:23.870+0000] {logging_mixin.py:188} INFO - [2026-07-15T11:51:23.869+0000] {dagbag.py:540} INFO - Filling up the DagBag from /opt/airflow/dags/bronze_dag2.py
[2026-07-15T11:51:24.006+0000] {processor.py:840} INFO - DAG(s) 'bronze_dag2' retrieved from /opt/airflow/dags/bronze_dag2.py
[2026-07-15T11:51:24.098+0000] {logging_mixin.py:188} INFO - [2026-07-15T11:51:24.097+0000] {dag.py:3096} INFO - Sync 1 DAGs
[2026-07-15T11:51:24.152+0000] {logging_mixin.py:188} INFO - [2026-07-15T11:51:24.152+0000] {dag.py:3954} INFO - Setting next_dagrun for bronze_dag2 to 2026-07-15 10:00:00+00:00, run_after=2026-07-15 11:00:00+00:00
[2026-07-15T11:51:24.179+0000] {processor.py:183} INFO - Processing /opt/airflow/dags/bronze_dag2.py took 0.342 seconds
[2026-07-15T11:51:55.188+0000] {processor.py:161} INFO - Started process (PID=4850) to work on /opt/airflow/dags/bronze_dag2.py
[2026-07-15T11:51:55.191+0000] {processor.py:830} INFO - Processing file /opt/airflow/dags/bronze_dag2.py for tasks to queue
[2026-07-15T11:51:55.193+0000] {logging_mixin.py:188} INFO - [2026-07-15T11:51:55.192+0000] {dagbag.py:540} INFO - Filling up the DagBag from /opt/airflow/dags/bronze_dag2.py
[2026-07-15T11:51:55.230+0000] {processor.py:840} INFO - DAG(s) 'bronze_dag2' retrieved from /opt/airflow/dags/bronze_dag2.py
[2026-07-15T11:51:55.278+0000] {logging_mixin.py:188} INFO - [2026-07-15T11:51:55.277+0000] {dag.py:3096} INFO - Sync 1 DAGs
[2026-07-15T11:51:55.323+0000] {logging_mixin.py:188} INFO - [2026-07-15T11:51:55.322+0000] {dag.py:3954} INFO - Setting next_dagrun for bronze_dag2 to 2026-07-15 10:00:00+00:00, run_after=2026-07-15 11:00:00+00:00
[2026-07-15T11:51:55.359+0000] {processor.py:183} INFO - Processing /opt/airflow/dags/bronze_dag2.py took 0.185 seconds
[2026-07-15T11:52:26.145+0000] {processor.py:161} INFO - Started process (PID=4875) to work on /opt/airflow/dags/bronze_dag2.py
[2026-07-15T11:52:26.150+0000] {processor.py:830} INFO - Processing file /opt/airflow/dags/bronze_dag2.py for tasks to queue
[2026-07-15T11:52:26.161+0000] {logging_mixin.py:188} INFO - [2026-07-15T11:52:26.161+0000] {dagbag.py:540} INFO - Filling up the DagBag from /opt/airflow/dags/bronze_dag2.py
[2026-07-15T11:52:26.239+0000] {processor.py:840} INFO - DAG(s) 'bronze_dag2' retrieved from /opt/airflow/dags/bronze_dag2.py
[2026-07-15T11:52:26.325+0000] {logging_mixin.py:188} INFO - [2026-07-15T11:52:26.324+0000] {dag.py:3096} INFO - Sync 1 DAGs
[2026-07-15T11:52:26.465+0000] {logging_mixin.py:188} INFO - [2026-07-15T11:52:26.460+0000] {dag.py:3954} INFO - Setting next_dagrun for bronze_dag2 to 2026-07-15 10:00:00+00:00, run_after=2026-07-15 11:00:00+00:00
[2026-07-15T11:52:26.524+0000] {processor.py:183} INFO - Processing /opt/airflow/dags/bronze_dag2.py took 0.401 seconds
[2026-07-15T11:52:57.413+0000] {processor.py:161} INFO - Started process (PID=4900) to work on /opt/airflow/dags/bronze_dag2.py
[2026-07-15T11:52:57.420+0000] {processor.py:830} INFO - Processing file /opt/airflow/dags/bronze_dag2.py for tasks to queue
[2026-07-15T11:52:57.425+0000] {logging_mixin.py:188} INFO - [2026-07-15T11:52:57.422+0000] {dagbag.py:540} INFO - Filling up the DagBag from /opt/airflow/dags/bronze_dag2.py
[2026-07-15T11:52:57.466+0000] {processor.py:840} INFO - DAG(s) 'bronze_dag2' retrieved from /opt/airflow/dags/bronze_dag2.py
[2026-07-15T11:52:57.568+0000] {logging_mixin.py:188} INFO - [2026-07-15T11:52:57.567+0000] {dag.py:3096} INFO - Sync 1 DAGs
[2026-07-15T11:52:57.634+0000] {logging_mixin.py:188} INFO - [2026-07-15T11:52:57.634+0000] {dag.py:3954} INFO - Setting next_dagrun for bronze_dag2 to 2026-07-15 10:00:00+00:00, run_after=2026-07-15 11:00:00+00:00
[2026-07-15T11:52:57.681+0000] {processor.py:183} INFO - Processing /opt/airflow/dags/bronze_dag2.py took 0.287 seconds
[2026-07-15T11:53:28.742+0000] {processor.py:161} INFO - Started process (PID=4925) to work on /opt/airflow/dags/bronze_dag2.py
[2026-07-15T11:53:28.748+0000] {processor.py:830} INFO - Processing file /opt/airflow/dags/bronze_dag2.py for tasks to queue
[2026-07-15T11:53:28.753+0000] {logging_mixin.py:188} INFO - [2026-07-15T11:53:28.751+0000] {dagbag.py:540} INFO - Filling up the DagBag from /opt/airflow/dags/bronze_dag2.py
[2026-07-15T11:53:28.808+0000] {processor.py:840} INFO - DAG(s) 'bronze_dag2' retrieved from /opt/airflow/dags/bronze_dag2.py
[2026-07-15T11:53:28.866+0000] {logging_mixin.py:188} INFO - [2026-07-15T11:53:28.865+0000] {dag.py:3096} INFO - Sync 1 DAGs
[2026-07-15T11:53:28.936+0000] {logging_mixin.py:188} INFO - [2026-07-15T11:53:28.935+0000] {dag.py:3954} INFO - Setting next_dagrun for bronze_dag2 to 2026-07-15 10:00:00+00:00, run_after=2026-07-15 11:00:00+00:00
[2026-07-15T11:53:28.977+0000] {processor.py:183} INFO - Processing /opt/airflow/dags/bronze_dag2.py took 0.252 seconds
[2026-07-15T11:53:59.348+0000] {processor.py:161} INFO - Started process (PID=4965) to work on /opt/airflow/dags/bronze_dag2.py
[2026-07-15T11:53:59.362+0000] {processor.py:830} INFO - Processing file /opt/airflow/dags/bronze_dag2.py for tasks to queue
[2026-07-15T11:53:59.365+0000] {logging_mixin.py:188} INFO - [2026-07-15T11:53:59.364+0000] {dagbag.py:540} INFO - Filling up the DagBag from /opt/airflow/dags/bronze_dag2.py
[2026-07-15T11:53:59.404+0000] {processor.py:840} INFO - DAG(s) 'bronze_dag2' retrieved from /opt/airflow/dags/bronze_dag2.py
[2026-07-15T11:53:59.480+0000] {logging_mixin.py:188} INFO - [2026-07-15T11:53:59.479+0000] {dag.py:3096} INFO - Sync 1 DAGs
[2026-07-15T11:53:59.553+0000] {logging_mixin.py:188} INFO - [2026-07-15T11:53:59.553+0000] {dag.py:3954} INFO - Setting next_dagrun for bronze_dag2 to 2026-07-15 10:00:00+00:00, run_after=2026-07-15 11:00:00+00:00
[2026-07-15T11:53:59.596+0000] {processor.py:183} INFO - Processing /opt/airflow/dags/bronze_dag2.py took 0.300 seconds
[2026-07-15T11:54:29.939+0000] {processor.py:161} INFO - Started process (PID=4990) to work on /opt/airflow/dags/bronze_dag2.py
[2026-07-15T11:54:29.953+0000] {processor.py:830} INFO - Processing file /opt/airflow/dags/bronze_dag2.py for tasks to queue
[2026-07-15T11:54:29.959+0000] {logging_mixin.py:188} INFO - [2026-07-15T11:54:29.958+0000] {dagbag.py:540} INFO - Filling up the DagBag from /opt/airflow/dags/bronze_dag2.py
[2026-07-15T11:54:30.024+0000] {processor.py:840} INFO - DAG(s) 'bronze_dag2' retrieved from /opt/airflow/dags/bronze_dag2.py
[2026-07-15T11:54:30.091+0000] {logging_mixin.py:188} INFO - [2026-07-15T11:54:30.090+0000] {dag.py:3096} INFO - Sync 1 DAGs
[2026-07-15T11:54:30.155+0000] {logging_mixin.py:188} INFO - [2026-07-15T11:54:30.155+0000] {dag.py:3954} INFO - Setting next_dagrun for bronze_dag2 to 2026-07-15 10:00:00+00:00, run_after=2026-07-15 11:00:00+00:00
[2026-07-15T11:54:30.207+0000] {processor.py:183} INFO - Processing /opt/airflow/dags/bronze_dag2.py took 0.313 seconds
[2026-07-15T11:55:00.665+0000] {processor.py:161} INFO - Started process (PID=5015) to work on /opt/airflow/dags/bronze_dag2.py
[2026-07-15T11:55:00.668+0000] {processor.py:830} INFO - Processing file /opt/airflow/dags/bronze_dag2.py for tasks to queue
[2026-07-15T11:55:00.671+0000] {logging_mixin.py:188} INFO - [2026-07-15T11:55:00.670+0000] {dagbag.py:540} INFO - Filling up the DagBag from /opt/airflow/dags/bronze_dag2.py
[2026-07-15T11:55:00.737+0000] {processor.py:840} INFO - DAG(s) 'bronze_dag2' retrieved from /opt/airflow/dags/bronze_dag2.py
[2026-07-15T11:55:00.839+0000] {logging_mixin.py:188} INFO - [2026-07-15T11:55:00.838+0000] {dag.py:3096} INFO - Sync 1 DAGs
[2026-07-15T11:55:00.910+0000] {logging_mixin.py:188} INFO - [2026-07-15T11:55:00.910+0000] {dag.py:3954} INFO - Setting next_dagrun for bronze_dag2 to 2026-07-15 10:00:00+00:00, run_after=2026-07-15 11:00:00+00:00
[2026-07-15T11:55:00.967+0000] {processor.py:183} INFO - Processing /opt/airflow/dags/bronze_dag2.py took 0.336 seconds
[2026-07-15T11:55:31.976+0000] {processor.py:161} INFO - Started process (PID=5040) to work on /opt/airflow/dags/bronze_dag2.py
[2026-07-15T11:55:31.978+0000] {processor.py:830} INFO - Processing file /opt/airflow/dags/bronze_dag2.py for tasks to queue
[2026-07-15T11:55:31.981+0000] {logging_mixin.py:188} INFO - [2026-07-15T11:55:31.980+0000] {dagbag.py:540} INFO - Filling up the DagBag from /opt/airflow/dags/bronze_dag2.py
[2026-07-15T11:55:32.031+0000] {processor.py:840} INFO - DAG(s) 'bronze_dag2' retrieved from /opt/airflow/dags/bronze_dag2.py
[2026-07-15T11:55:32.094+0000] {logging_mixin.py:188} INFO - [2026-07-15T11:55:32.093+0000] {dag.py:3096} INFO - Sync 1 DAGs
[2026-07-15T11:55:32.139+0000] {logging_mixin.py:188} INFO - [2026-07-15T11:55:32.138+0000] {dag.py:3954} INFO - Setting next_dagrun for bronze_dag2 to 2026-07-15 10:00:00+00:00, run_after=2026-07-15 11:00:00+00:00
[2026-07-15T11:55:32.171+0000] {processor.py:183} INFO - Processing /opt/airflow/dags/bronze_dag2.py took 0.213 seconds
[2026-07-15T11:56:02.898+0000] {processor.py:161} INFO - Started process (PID=5078) to work on /opt/airflow/dags/bronze_dag2.py
[2026-07-15T11:56:02.900+0000] {processor.py:830} INFO - Processing file /opt/airflow/dags/bronze_dag2.py for tasks to queue
[2026-07-15T11:56:02.903+0000] {logging_mixin.py:188} INFO - [2026-07-15T11:56:02.902+0000] {dagbag.py:540} INFO - Filling up the DagBag from /opt/airflow/dags/bronze_dag2.py
[2026-07-15T11:56:02.953+0000] {processor.py:840} INFO - DAG(s) 'bronze_dag2' retrieved from /opt/airflow/dags/bronze_dag2.py
[2026-07-15T11:56:03.039+0000] {logging_mixin.py:188} INFO - [2026-07-15T11:56:03.039+0000] {dag.py:3096} INFO - Sync 1 DAGs
[2026-07-15T11:56:03.115+0000] {logging_mixin.py:188} INFO - [2026-07-15T11:56:03.115+0000] {dag.py:3954} INFO - Setting next_dagrun for bronze_dag2 to 2026-07-15 10:00:00+00:00, run_after=2026-07-15 11:00:00+00:00
[2026-07-15T11:56:03.157+0000] {processor.py:183} INFO - Processing /opt/airflow/dags/bronze_dag2.py took 0.274 seconds
[2026-07-15T11:56:34.021+0000] {processor.py:161} INFO - Started process (PID=5103) to work on /opt/airflow/dags/bronze_dag2.py
[2026-07-15T11:56:34.023+0000] {processor.py:830} INFO - Processing file /opt/airflow/dags/bronze_dag2.py for tasks to queue
[2026-07-15T11:56:34.026+0000] {logging_mixin.py:188} INFO - [2026-07-15T11:56:34.025+0000] {dagbag.py:540} INFO - Filling up the DagBag from /opt/airflow/dags/bronze_dag2.py
[2026-07-15T11:56:34.058+0000] {processor.py:840} INFO - DAG(s) 'bronze_dag2' retrieved from /opt/airflow/dags/bronze_dag2.py
[2026-07-15T11:56:34.096+0000] {logging_mixin.py:188} INFO - [2026-07-15T11:56:34.096+0000] {dag.py:3096} INFO - Sync 1 DAGs
[2026-07-15T11:56:34.131+0000] {logging_mixin.py:188} INFO - [2026-07-15T11:56:34.131+0000] {dag.py:3954} INFO - Setting next_dagrun for bronze_dag2 to 2026-07-15 10:00:00+00:00, run_after=2026-07-15 11:00:00+00:00
[2026-07-15T11:56:34.166+0000] {processor.py:183} INFO - Processing /opt/airflow/dags/bronze_dag2.py took 0.155 seconds
[2026-07-15T11:57:04.445+0000] {processor.py:161} INFO - Started process (PID=5128) to work on /opt/airflow/dags/bronze_dag2.py
[2026-07-15T11:57:04.448+0000] {processor.py:830} INFO - Processing file /opt/airflow/dags/bronze_dag2.py for tasks to queue
[2026-07-15T11:57:04.450+0000] {logging_mixin.py:188} INFO - [2026-07-15T11:57:04.449+0000] {dagbag.py:540} INFO - Filling up the DagBag from /opt/airflow/dags/bronze_dag2.py
[2026-07-15T11:57:04.482+0000] {processor.py:840} INFO - DAG(s) 'bronze_dag2' retrieved from /opt/airflow/dags/bronze_dag2.py
[2026-07-15T11:57:04.525+0000] {logging_mixin.py:188} INFO - [2026-07-15T11:57:04.524+0000] {dag.py:3096} INFO - Sync 1 DAGs
[2026-07-15T11:57:04.561+0000] {logging_mixin.py:188} INFO - [2026-07-15T11:57:04.561+0000] {dag.py:3954} INFO - Setting next_dagrun for bronze_dag2 to 2026-07-15 10:00:00+00:00, run_after=2026-07-15 11:00:00+00:00
[2026-07-15T11:57:04.591+0000] {processor.py:183} INFO - Processing /opt/airflow/dags/bronze_dag2.py took 0.159 seconds
[2026-07-15T11:57:34.915+0000] {processor.py:161} INFO - Started process (PID=5155) to work on /opt/airflow/dags/bronze_dag2.py
[2026-07-15T11:57:34.917+0000] {processor.py:830} INFO - Processing file /opt/airflow/dags/bronze_dag2.py for tasks to queue
[2026-07-15T11:57:34.920+0000] {logging_mixin.py:188} INFO - [2026-07-15T11:57:34.919+0000] {dagbag.py:540} INFO - Filling up the DagBag from /opt/airflow/dags/bronze_dag2.py
[2026-07-15T11:57:34.949+0000] {processor.py:840} INFO - DAG(s) 'bronze_dag2' retrieved from /opt/airflow/dags/bronze_dag2.py
[2026-07-15T11:57:35.000+0000] {logging_mixin.py:188} INFO - [2026-07-15T11:57:35.000+0000] {dag.py:3096} INFO - Sync 1 DAGs
[2026-07-15T11:57:35.040+0000] {logging_mixin.py:188} INFO - [2026-07-15T11:57:35.039+0000] {dag.py:3954} INFO - Setting next_dagrun for bronze_dag2 to 2026-07-15 10:00:00+00:00, run_after=2026-07-15 11:00:00+00:00
[2026-07-15T11:57:35.076+0000] {processor.py:183} INFO - Processing /opt/airflow/dags/bronze_dag2.py took 0.172 seconds
[2026-07-15T11:58:05.278+0000] {processor.py:161} INFO - Started process (PID=5180) to work on /opt/airflow/dags/bronze_dag2.py
[2026-07-15T11:58:05.280+0000] {processor.py:830} INFO - Processing file /opt/airflow/dags/bronze_dag2.py for tasks to queue
[2026-07-15T11:58:05.282+0000] {logging_mixin.py:188} INFO - [2026-07-15T11:58:05.282+0000] {dagbag.py:540} INFO - Filling up the DagBag from /opt/airflow/dags/bronze_dag2.py
[2026-07-15T11:58:05.309+0000] {processor.py:840} INFO - DAG(s) 'bronze_dag2' retrieved from /opt/airflow/dags/bronze_dag2.py
[2026-07-15T11:58:05.345+0000] {logging_mixin.py:188} INFO - [2026-07-15T11:58:05.344+0000] {dag.py:3096} INFO - Sync 1 DAGs
[2026-07-15T11:58:05.377+0000] {logging_mixin.py:188} INFO - [2026-07-15T11:58:05.377+0000] {dag.py:3954} INFO - Setting next_dagrun for bronze_dag2 to 2026-07-15 10:00:00+00:00, run_after=2026-07-15 11:00:00+00:00
[2026-07-15T11:58:05.410+0000] {processor.py:183} INFO - Processing /opt/airflow/dags/bronze_dag2.py took 0.140 seconds
[2026-07-15T11:58:35.579+0000] {processor.py:161} INFO - Started process (PID=5216) to work on /opt/airflow/dags/bronze_dag2.py
[2026-07-15T11:58:35.582+0000] {processor.py:830} INFO - Processing file /opt/airflow/dags/bronze_dag2.py for tasks to queue
[2026-07-15T11:58:35.585+0000] {logging_mixin.py:188} INFO - [2026-07-15T11:58:35.584+0000] {dagbag.py:540} INFO - Filling up the DagBag from /opt/airflow/dags/bronze_dag2.py
[2026-07-15T11:58:35.620+0000] {processor.py:840} INFO - DAG(s) 'bronze_dag2' retrieved from /opt/airflow/dags/bronze_dag2.py
[2026-07-15T11:58:35.671+0000] {logging_mixin.py:188} INFO - [2026-07-15T11:58:35.671+0000] {dag.py:3096} INFO - Sync 1 DAGs
[2026-07-15T11:58:35.710+0000] {logging_mixin.py:188} INFO - [2026-07-15T11:58:35.710+0000] {dag.py:3954} INFO - Setting next_dagrun for bronze_dag2 to 2026-07-15 10:00:00+00:00, run_after=2026-07-15 11:00:00+00:00
[2026-07-15T11:58:35.751+0000] {processor.py:183} INFO - Processing /opt/airflow/dags/bronze_dag2.py took 0.184 seconds
[2026-07-15T11:59:05.867+0000] {processor.py:161} INFO - Started process (PID=5241) to work on /opt/airflow/dags/bronze_dag2.py
[2026-07-15T11:59:05.869+0000] {processor.py:830} INFO - Processing file /opt/airflow/dags/bronze_dag2.py for tasks to queue
[2026-07-15T11:59:05.872+0000] {logging_mixin.py:188} INFO - [2026-07-15T11:59:05.871+0000] {dagbag.py:540} INFO - Filling up the DagBag from /opt/airflow/dags/bronze_dag2.py
[2026-07-15T11:59:05.908+0000] {processor.py:840} INFO - DAG(s) 'bronze_dag2' retrieved from /opt/airflow/dags/bronze_dag2.py
[2026-07-15T11:59:05.952+0000] {logging_mixin.py:188} INFO - [2026-07-15T11:59:05.952+0000] {dag.py:3096} INFO - Sync 1 DAGs
[2026-07-15T11:59:05.989+0000] {logging_mixin.py:188} INFO - [2026-07-15T11:59:05.988+0000] {dag.py:3954} INFO - Setting next_dagrun for bronze_dag2 to 2026-07-15 10:00:00+00:00, run_after=2026-07-15 11:00:00+00:00
[2026-07-15T11:59:06.023+0000] {processor.py:183} INFO - Processing /opt/airflow/dags/bronze_dag2.py took 0.169 seconds
[2026-07-15T11:59:36.107+0000] {processor.py:161} INFO - Started process (PID=5264) to work on /opt/airflow/dags/bronze_dag2.py
[2026-07-15T11:59:36.110+0000] {processor.py:830} INFO - Processing file /opt/airflow/dags/bronze_dag2.py for tasks to queue
[2026-07-15T11:59:36.112+0000] {logging_mixin.py:188} INFO - [2026-07-15T11:59:36.111+0000] {dagbag.py:540} INFO - Filling up the DagBag from /opt/airflow/dags/bronze_dag2.py
[2026-07-15T11:59:36.145+0000] {processor.py:840} INFO - DAG(s) 'bronze_dag2' retrieved from /opt/airflow/dags/bronze_dag2.py
[2026-07-15T11:59:36.197+0000] {logging_mixin.py:188} INFO - [2026-07-15T11:59:36.196+0000] {dag.py:3096} INFO - Sync 1 DAGs
[2026-07-15T11:59:36.234+0000] {logging_mixin.py:188} INFO - [2026-07-15T11:59:36.233+0000] {dag.py:3954} INFO - Setting next_dagrun for bronze_dag2 to 2026-07-15 10:00:00+00:00, run_after=2026-07-15 11:00:00+00:00
[2026-07-15T11:59:36.257+0000] {processor.py:183} INFO - Processing /opt/airflow/dags/bronze_dag2.py took 0.165 seconds
[2026-07-15T12:00:06.595+0000] {processor.py:161} INFO - Started process (PID=5295) to work on /opt/airflow/dags/bronze_dag2.py
[2026-07-15T12:00:06.599+0000] {processor.py:830} INFO - Processing file /opt/airflow/dags/bronze_dag2.py for tasks to queue
[2026-07-15T12:00:06.602+0000] {logging_mixin.py:188} INFO - [2026-07-15T12:00:06.601+0000] {dagbag.py:540} INFO - Filling up the DagBag from /opt/airflow/dags/bronze_dag2.py
[2026-07-15T12:00:06.643+0000] {processor.py:840} INFO - DAG(s) 'bronze_dag2' retrieved from /opt/airflow/dags/bronze_dag2.py
[2026-07-15T12:00:06.686+0000] {logging_mixin.py:188} INFO - [2026-07-15T12:00:06.686+0000] {dag.py:3096} INFO - Sync 1 DAGs
[2026-07-15T12:00:06.732+0000] {logging_mixin.py:188} INFO - [2026-07-15T12:00:06.732+0000] {dag.py:3954} INFO - Setting next_dagrun for bronze_dag2 to 2026-07-15 11:00:00+00:00, run_after=2026-07-15 12:00:00+00:00
[2026-07-15T12:00:06.764+0000] {processor.py:183} INFO - Processing /opt/airflow/dags/bronze_dag2.py took 0.186 seconds
[2026-07-15T12:00:36.950+0000] {processor.py:161} INFO - Started process (PID=5330) to work on /opt/airflow/dags/bronze_dag2.py
[2026-07-15T12:00:36.954+0000] {processor.py:830} INFO - Processing file /opt/airflow/dags/bronze_dag2.py for tasks to queue
[2026-07-15T12:00:36.961+0000] {logging_mixin.py:188} INFO - [2026-07-15T12:00:36.960+0000] {dagbag.py:540} INFO - Filling up the DagBag from /opt/airflow/dags/bronze_dag2.py
[2026-07-15T12:00:37.009+0000] {processor.py:840} INFO - DAG(s) 'bronze_dag2' retrieved from /opt/airflow/dags/bronze_dag2.py
[2026-07-15T12:00:37.084+0000] {logging_mixin.py:188} INFO - [2026-07-15T12:00:37.084+0000] {dag.py:3096} INFO - Sync 1 DAGs
[2026-07-15T12:00:37.163+0000] {logging_mixin.py:188} INFO - [2026-07-15T12:00:37.158+0000] {dag.py:3954} INFO - Setting next_dagrun for bronze_dag2 to 2026-07-15 11:00:00+00:00, run_after=2026-07-15 12:00:00+00:00
[2026-07-15T12:00:37.208+0000] {processor.py:183} INFO - Processing /opt/airflow/dags/bronze_dag2.py took 0.282 seconds
[2026-07-15T12:05:52.596+0000] {processor.py:161} INFO - Started process (PID=210) to work on /opt/airflow/dags/bronze_dag2.py
[2026-07-15T12:05:52.601+0000] {processor.py:830} INFO - Processing file /opt/airflow/dags/bronze_dag2.py for tasks to queue
[2026-07-15T12:05:52.610+0000] {logging_mixin.py:188} INFO - [2026-07-15T12:05:52.608+0000] {dagbag.py:540} INFO - Filling up the DagBag from /opt/airflow/dags/bronze_dag2.py
[2026-07-15T12:05:52.696+0000] {processor.py:840} INFO - DAG(s) 'bronze_dag2' retrieved from /opt/airflow/dags/bronze_dag2.py
[2026-07-15T12:05:53.131+0000] {logging_mixin.py:188} INFO - [2026-07-15T12:05:53.130+0000] {dag.py:3096} INFO - Sync 1 DAGs
[2026-07-15T12:05:53.189+0000] {logging_mixin.py:188} INFO - [2026-07-15T12:05:53.188+0000] {dag.py:3954} INFO - Setting next_dagrun for bronze_dag2 to 2026-07-15 11:00:00+00:00, run_after=2026-07-15 12:00:00+00:00
[2026-07-15T12:05:53.246+0000] {processor.py:183} INFO - Processing /opt/airflow/dags/bronze_dag2.py took 0.675 seconds
[2026-07-15T12:06:24.052+0000] {processor.py:161} INFO - Started process (PID=237) to work on /opt/airflow/dags/bronze_dag2.py
[2026-07-15T12:06:24.056+0000] {processor.py:830} INFO - Processing file /opt/airflow/dags/bronze_dag2.py for tasks to queue
[2026-07-15T12:06:24.065+0000] {logging_mixin.py:188} INFO - [2026-07-15T12:06:24.064+0000] {dagbag.py:540} INFO - Filling up the DagBag from /opt/airflow/dags/bronze_dag2.py
[2026-07-15T12:06:24.109+0000] {processor.py:840} INFO - DAG(s) 'bronze_dag2' retrieved from /opt/airflow/dags/bronze_dag2.py
[2026-07-15T12:06:24.147+0000] {logging_mixin.py:188} INFO - [2026-07-15T12:06:24.140+0000] {dag.py:3096} INFO - Sync 1 DAGs
[2026-07-15T12:06:24.195+0000] {logging_mixin.py:188} INFO - [2026-07-15T12:06:24.195+0000] {dag.py:3954} INFO - Setting next_dagrun for bronze_dag2 to 2026-07-15 11:00:00+00:00, run_after=2026-07-15 12:00:00+00:00
[2026-07-15T12:06:24.232+0000] {processor.py:183} INFO - Processing /opt/airflow/dags/bronze_dag2.py took 0.190 seconds
[2026-07-15T12:06:54.583+0000] {processor.py:161} INFO - Started process (PID=261) to work on /opt/airflow/dags/bronze_dag2.py
[2026-07-15T12:06:54.595+0000] {processor.py:830} INFO - Processing file /opt/airflow/dags/bronze_dag2.py for tasks to queue
[2026-07-15T12:06:54.606+0000] {logging_mixin.py:188} INFO - [2026-07-15T12:06:54.605+0000] {dagbag.py:540} INFO - Filling up the DagBag from /opt/airflow/dags/bronze_dag2.py
[2026-07-15T12:06:54.697+0000] {processor.py:840} INFO - DAG(s) 'bronze_dag2' retrieved from /opt/airflow/dags/bronze_dag2.py
[2026-07-15T12:06:54.981+0000] {logging_mixin.py:188} INFO - [2026-07-15T12:06:54.974+0000] {dag.py:3096} INFO - Sync 1 DAGs
[2026-07-15T12:06:55.043+0000] {logging_mixin.py:188} INFO - [2026-07-15T12:06:55.043+0000] {dag.py:3954} INFO - Setting next_dagrun for bronze_dag2 to 2026-07-15 11:00:00+00:00, run_after=2026-07-15 12:00:00+00:00
[2026-07-15T12:06:55.089+0000] {processor.py:183} INFO - Processing /opt/airflow/dags/bronze_dag2.py took 0.559 seconds
[2026-07-15T12:07:25.326+0000] {processor.py:161} INFO - Started process (PID=288) to work on /opt/airflow/dags/bronze_dag2.py
[2026-07-15T12:07:25.328+0000] {processor.py:830} INFO - Processing file /opt/airflow/dags/bronze_dag2.py for tasks to queue
[2026-07-15T12:07:25.333+0000] {logging_mixin.py:188} INFO - [2026-07-15T12:07:25.332+0000] {dagbag.py:540} INFO - Filling up the DagBag from /opt/airflow/dags/bronze_dag2.py
[2026-07-15T12:07:25.365+0000] {processor.py:840} INFO - DAG(s) 'bronze_dag2' retrieved from /opt/airflow/dags/bronze_dag2.py
[2026-07-15T12:07:25.418+0000] {logging_mixin.py:188} INFO - [2026-07-15T12:07:25.418+0000] {dag.py:3096} INFO - Sync 1 DAGs
[2026-07-15T12:07:25.454+0000] {logging_mixin.py:188} INFO - [2026-07-15T12:07:25.454+0000] {dag.py:3954} INFO - Setting next_dagrun for bronze_dag2 to 2026-07-15 11:00:00+00:00, run_after=2026-07-15 12:00:00+00:00
[2026-07-15T12:07:25.485+0000] {processor.py:183} INFO - Processing /opt/airflow/dags/bronze_dag2.py took 0.166 seconds
[2026-07-15T12:07:55.649+0000] {processor.py:161} INFO - Started process (PID=313) to work on /opt/airflow/dags/bronze_dag2.py
[2026-07-15T12:07:55.652+0000] {processor.py:830} INFO - Processing file /opt/airflow/dags/bronze_dag2.py for tasks to queue
[2026-07-15T12:07:55.656+0000] {logging_mixin.py:188} INFO - [2026-07-15T12:07:55.655+0000] {dagbag.py:540} INFO - Filling up the DagBag from /opt/airflow/dags/bronze_dag2.py
[2026-07-15T12:07:55.695+0000] {processor.py:840} INFO - DAG(s) 'bronze_dag2' retrieved from /opt/airflow/dags/bronze_dag2.py
[2026-07-15T12:07:55.744+0000] {logging_mixin.py:188} INFO - [2026-07-15T12:07:55.744+0000] {dag.py:3096} INFO - Sync 1 DAGs
[2026-07-15T12:07:55.790+0000] {logging_mixin.py:188} INFO - [2026-07-15T12:07:55.790+0000] {dag.py:3954} INFO - Setting next_dagrun for bronze_dag2 to 2026-07-15 11:00:00+00:00, run_after=2026-07-15 12:00:00+00:00
[2026-07-15T12:07:55.821+0000] {processor.py:183} INFO - Processing /opt/airflow/dags/bronze_dag2.py took 0.182 seconds
[2026-07-15T12:08:26.193+0000] {processor.py:161} INFO - Started process (PID=338) to work on /opt/airflow/dags/bronze_dag2.py
[2026-07-15T12:08:26.196+0000] {processor.py:830} INFO - Processing file /opt/airflow/dags/bronze_dag2.py for tasks to queue
[2026-07-15T12:08:26.199+0000] {logging_mixin.py:188} INFO - [2026-07-15T12:08:26.199+0000] {dagbag.py:540} INFO - Filling up the DagBag from /opt/airflow/dags/bronze_dag2.py
[2026-07-15T12:08:26.241+0000] {processor.py:840} INFO - DAG(s) 'bronze_dag2' retrieved from /opt/airflow/dags/bronze_dag2.py
[2026-07-15T12:08:26.288+0000] {logging_mixin.py:188} INFO - [2026-07-15T12:08:26.287+0000] {dag.py:3096} INFO - Sync 1 DAGs
[2026-07-15T12:08:26.329+0000] {logging_mixin.py:188} INFO - [2026-07-15T12:08:26.329+0000] {dag.py:3954} INFO - Setting next_dagrun for bronze_dag2 to 2026-07-15 11:00:00+00:00, run_after=2026-07-15 12:00:00+00:00
[2026-07-15T12:08:26.356+0000] {processor.py:183} INFO - Processing /opt/airflow/dags/bronze_dag2.py took 0.171 seconds
[2026-07-15T12:08:57.000+0000] {processor.py:161} INFO - Started process (PID=363) to work on /opt/airflow/dags/bronze_dag2.py
[2026-07-15T12:08:57.007+0000] {processor.py:830} INFO - Processing file /opt/airflow/dags/bronze_dag2.py for tasks to queue
[2026-07-15T12:08:57.015+0000] {logging_mixin.py:188} INFO - [2026-07-15T12:08:57.014+0000] {dagbag.py:540} INFO - Filling up the DagBag from /opt/airflow/dags/bronze_dag2.py
[2026-07-15T12:08:57.101+0000] {processor.py:840} INFO - DAG(s) 'bronze_dag2' retrieved from /opt/airflow/dags/bronze_dag2.py
[2026-07-15T12:08:57.210+0000] {logging_mixin.py:188} INFO - [2026-07-15T12:08:57.208+0000] {dag.py:3096} INFO - Sync 1 DAGs
[2026-07-15T12:08:57.347+0000] {logging_mixin.py:188} INFO - [2026-07-15T12:08:57.340+0000] {dag.py:3954} INFO - Setting next_dagrun for bronze_dag2 to 2026-07-15 11:00:00+00:00, run_after=2026-07-15 12:00:00+00:00
[2026-07-15T12:08:57.467+0000] {processor.py:183} INFO - Processing /opt/airflow/dags/bronze_dag2.py took 0.490 seconds
[2026-07-15T12:09:28.461+0000] {processor.py:161} INFO - Started process (PID=388) to work on /opt/airflow/dags/bronze_dag2.py
[2026-07-15T12:09:28.464+0000] {processor.py:830} INFO - Processing file /opt/airflow/dags/bronze_dag2.py for tasks to queue
[2026-07-15T12:09:28.470+0000] {logging_mixin.py:188} INFO - [2026-07-15T12:09:28.469+0000] {dagbag.py:540} INFO - Filling up the DagBag from /opt/airflow/dags/bronze_dag2.py
[2026-07-15T12:09:28.500+0000] {processor.py:840} INFO - DAG(s) 'bronze_dag2' retrieved from /opt/airflow/dags/bronze_dag2.py
[2026-07-15T12:09:28.537+0000] {logging_mixin.py:188} INFO - [2026-07-15T12:09:28.537+0000] {dag.py:3096} INFO - Sync 1 DAGs
[2026-07-15T12:09:28.573+0000] {logging_mixin.py:188} INFO - [2026-07-15T12:09:28.573+0000] {dag.py:3954} INFO - Setting next_dagrun for bronze_dag2 to 2026-07-15 11:00:00+00:00, run_after=2026-07-15 12:00:00+00:00
[2026-07-15T12:09:28.606+0000] {processor.py:183} INFO - Processing /opt/airflow/dags/bronze_dag2.py took 0.152 seconds
[2026-07-15T12:09:59.355+0000] {processor.py:161} INFO - Started process (PID=413) to work on /opt/airflow/dags/bronze_dag2.py
[2026-07-15T12:09:59.358+0000] {processor.py:830} INFO - Processing file /opt/airflow/dags/bronze_dag2.py for tasks to queue
[2026-07-15T12:09:59.363+0000] {logging_mixin.py:188} INFO - [2026-07-15T12:09:59.362+0000] {dagbag.py:540} INFO - Filling up the DagBag from /opt/airflow/dags/bronze_dag2.py
[2026-07-15T12:09:59.406+0000] {processor.py:840} INFO - DAG(s) 'bronze_dag2' retrieved from /opt/airflow/dags/bronze_dag2.py
[2026-07-15T12:09:59.445+0000] {logging_mixin.py:188} INFO - [2026-07-15T12:09:59.444+0000] {dag.py:3096} INFO - Sync 1 DAGs
[2026-07-15T12:09:59.493+0000] {logging_mixin.py:188} INFO - [2026-07-15T12:09:59.493+0000] {dag.py:3954} INFO - Setting next_dagrun for bronze_dag2 to 2026-07-15 11:00:00+00:00, run_after=2026-07-15 12:00:00+00:00
[2026-07-15T12:09:59.559+0000] {processor.py:183} INFO - Processing /opt/airflow/dags/bronze_dag2.py took 0.212 seconds
[2026-07-15T12:10:30.337+0000] {processor.py:161} INFO - Started process (PID=438) to work on /opt/airflow/dags/bronze_dag2.py
[2026-07-15T12:10:30.339+0000] {processor.py:830} INFO - Processing file /opt/airflow/dags/bronze_dag2.py for tasks to queue
[2026-07-15T12:10:30.344+0000] {logging_mixin.py:188} INFO - [2026-07-15T12:10:30.343+0000] {dagbag.py:540} INFO - Filling up the DagBag from /opt/airflow/dags/bronze_dag2.py
[2026-07-15T12:10:30.382+0000] {processor.py:840} INFO - DAG(s) 'bronze_dag2' retrieved from /opt/airflow/dags/bronze_dag2.py
[2026-07-15T12:10:30.426+0000] {logging_mixin.py:188} INFO - [2026-07-15T12:10:30.425+0000] {dag.py:3096} INFO - Sync 1 DAGs
[2026-07-15T12:10:30.466+0000] {logging_mixin.py:188} INFO - [2026-07-15T12:10:30.466+0000] {dag.py:3954} INFO - Setting next_dagrun for bronze_dag2 to 2026-07-15 11:00:00+00:00, run_after=2026-07-15 12:00:00+00:00
[2026-07-15T12:10:30.502+0000] {processor.py:183} INFO - Processing /opt/airflow/dags/bronze_dag2.py took 0.176 seconds
[2026-07-15T12:11:00.651+0000] {processor.py:161} INFO - Started process (PID=463) to work on /opt/airflow/dags/bronze_dag2.py
[2026-07-15T12:11:00.654+0000] {processor.py:830} INFO - Processing file /opt/airflow/dags/bronze_dag2.py for tasks to queue
[2026-07-15T12:11:00.658+0000] {logging_mixin.py:188} INFO - [2026-07-15T12:11:00.657+0000] {dagbag.py:540} INFO - Filling up the DagBag from /opt/airflow/dags/bronze_dag2.py
[2026-07-15T12:11:00.697+0000] {processor.py:840} INFO - DAG(s) 'bronze_dag2' retrieved from /opt/airflow/dags/bronze_dag2.py
[2026-07-15T12:11:00.751+0000] {logging_mixin.py:188} INFO - [2026-07-15T12:11:00.750+0000] {dag.py:3096} INFO - Sync 1 DAGs
[2026-07-15T12:11:00.798+0000] {logging_mixin.py:188} INFO - [2026-07-15T12:11:00.798+0000] {dag.py:3954} INFO - Setting next_dagrun for bronze_dag2 to 2026-07-15 11:00:00+00:00, run_after=2026-07-15 12:00:00+00:00
[2026-07-15T12:11:00.848+0000] {processor.py:183} INFO - Processing /opt/airflow/dags/bronze_dag2.py took 0.208 seconds
[2026-07-15T12:11:31.426+0000] {processor.py:161} INFO - Started process (PID=486) to work on /opt/airflow/dags/bronze_dag2.py
[2026-07-15T12:11:31.429+0000] {processor.py:830} INFO - Processing file /opt/airflow/dags/bronze_dag2.py for tasks to queue
[2026-07-15T12:11:31.435+0000] {logging_mixin.py:188} INFO - [2026-07-15T12:11:31.434+0000] {dagbag.py:540} INFO - Filling up the DagBag from /opt/airflow/dags/bronze_dag2.py
[2026-07-15T12:11:31.470+0000] {processor.py:840} INFO - DAG(s) 'bronze_dag2' retrieved from /opt/airflow/dags/bronze_dag2.py
[2026-07-15T12:11:31.515+0000] {logging_mixin.py:188} INFO - [2026-07-15T12:11:31.514+0000] {dag.py:3096} INFO - Sync 1 DAGs
[2026-07-15T12:11:31.556+0000] {logging_mixin.py:188} INFO - [2026-07-15T12:11:31.556+0000] {dag.py:3954} INFO - Setting next_dagrun for bronze_dag2 to 2026-07-15 11:00:00+00:00, run_after=2026-07-15 12:00:00+00:00
[2026-07-15T12:11:31.588+0000] {processor.py:183} INFO - Processing /opt/airflow/dags/bronze_dag2.py took 0.173 seconds
[2026-07-15T12:12:02.404+0000] {processor.py:161} INFO - Started process (PID=511) to work on /opt/airflow/dags/bronze_dag2.py
[2026-07-15T12:12:02.407+0000] {processor.py:830} INFO - Processing file /opt/airflow/dags/bronze_dag2.py for tasks to queue
[2026-07-15T12:12:02.414+0000] {logging_mixin.py:188} INFO - [2026-07-15T12:12:02.412+0000] {dagbag.py:540} INFO - Filling up the DagBag from /opt/airflow/dags/bronze_dag2.py
[2026-07-15T12:12:02.463+0000] {processor.py:840} INFO - DAG(s) 'bronze_dag2' retrieved from /opt/airflow/dags/bronze_dag2.py
[2026-07-15T12:12:02.516+0000] {logging_mixin.py:188} INFO - [2026-07-15T12:12:02.515+0000] {dag.py:3096} INFO - Sync 1 DAGs
[2026-07-15T12:12:02.570+0000] {logging_mixin.py:188} INFO - [2026-07-15T12:12:02.570+0000] {dag.py:3954} INFO - Setting next_dagrun for bronze_dag2 to 2026-07-15 11:00:00+00:00, run_after=2026-07-15 12:00:00+00:00
[2026-07-15T12:12:02.608+0000] {processor.py:183} INFO - Processing /opt/airflow/dags/bronze_dag2.py took 0.215 seconds
[2026-07-15T12:12:33.075+0000] {processor.py:161} INFO - Started process (PID=536) to work on /opt/airflow/dags/bronze_dag2.py
[2026-07-15T12:12:33.080+0000] {processor.py:830} INFO - Processing file /opt/airflow/dags/bronze_dag2.py for tasks to queue
[2026-07-15T12:12:33.095+0000] {logging_mixin.py:188} INFO - [2026-07-15T12:12:33.094+0000] {dagbag.py:540} INFO - Filling up the DagBag from /opt/airflow/dags/bronze_dag2.py
[2026-07-15T12:12:33.202+0000] {processor.py:840} INFO - DAG(s) 'bronze_dag2' retrieved from /opt/airflow/dags/bronze_dag2.py
[2026-07-15T12:12:33.294+0000] {logging_mixin.py:188} INFO - [2026-07-15T12:12:33.293+0000] {dag.py:3096} INFO - Sync 1 DAGs
[2026-07-15T12:12:33.358+0000] {logging_mixin.py:188} INFO - [2026-07-15T12:12:33.358+0000] {dag.py:3954} INFO - Setting next_dagrun for bronze_dag2 to 2026-07-15 11:00:00+00:00, run_after=2026-07-15 12:00:00+00:00
[2026-07-15T12:12:33.410+0000] {processor.py:183} INFO - Processing /opt/airflow/dags/bronze_dag2.py took 0.354 seconds
[2026-07-15T12:13:03.823+0000] {processor.py:161} INFO - Started process (PID=561) to work on /opt/airflow/dags/bronze_dag2.py
[2026-07-15T12:13:03.827+0000] {processor.py:830} INFO - Processing file /opt/airflow/dags/bronze_dag2.py for tasks to queue
[2026-07-15T12:13:03.839+0000] {logging_mixin.py:188} INFO - [2026-07-15T12:13:03.838+0000] {dagbag.py:540} INFO - Filling up the DagBag from /opt/airflow/dags/bronze_dag2.py
[2026-07-15T12:13:03.954+0000] {processor.py:840} INFO - DAG(s) 'bronze_dag2' retrieved from /opt/airflow/dags/bronze_dag2.py
[2026-07-15T12:13:04.070+0000] {logging_mixin.py:188} INFO - [2026-07-15T12:13:04.069+0000] {dag.py:3096} INFO - Sync 1 DAGs
[2026-07-15T12:13:04.177+0000] {logging_mixin.py:188} INFO - [2026-07-15T12:13:04.176+0000] {dag.py:3954} INFO - Setting next_dagrun for bronze_dag2 to 2026-07-15 11:00:00+00:00, run_after=2026-07-15 12:00:00+00:00
[2026-07-15T12:13:04.316+0000] {processor.py:183} INFO - Processing /opt/airflow/dags/bronze_dag2.py took 0.517 seconds
[2026-07-15T12:13:34.641+0000] {processor.py:161} INFO - Started process (PID=602) to work on /opt/airflow/dags/bronze_dag2.py
[2026-07-15T12:13:34.646+0000] {processor.py:830} INFO - Processing file /opt/airflow/dags/bronze_dag2.py for tasks to queue
[2026-07-15T12:13:34.664+0000] {logging_mixin.py:188} INFO - [2026-07-15T12:13:34.663+0000] {dagbag.py:540} INFO - Filling up the DagBag from /opt/airflow/dags/bronze_dag2.py
[2026-07-15T12:13:34.729+0000] {processor.py:840} INFO - DAG(s) 'bronze_dag2' retrieved from /opt/airflow/dags/bronze_dag2.py
[2026-07-15T12:13:34.807+0000] {logging_mixin.py:188} INFO - [2026-07-15T12:13:34.805+0000] {dag.py:3096} INFO - Sync 1 DAGs
[2026-07-15T12:13:34.890+0000] {logging_mixin.py:188} INFO - [2026-07-15T12:13:34.889+0000] {dag.py:3954} INFO - Setting next_dagrun for bronze_dag2 to 2026-07-15 11:00:00+00:00, run_after=2026-07-15 12:00:00+00:00
[2026-07-15T12:13:34.950+0000] {processor.py:183} INFO - Processing /opt/airflow/dags/bronze_dag2.py took 0.331 seconds
[2026-07-15T12:14:05.131+0000] {processor.py:161} INFO - Started process (PID=627) to work on /opt/airflow/dags/bronze_dag2.py
[2026-07-15T12:14:05.133+0000] {processor.py:830} INFO - Processing file /opt/airflow/dags/bronze_dag2.py for tasks to queue
[2026-07-15T12:14:05.137+0000] {logging_mixin.py:188} INFO - [2026-07-15T12:14:05.136+0000] {dagbag.py:540} INFO - Filling up the DagBag from /opt/airflow/dags/bronze_dag2.py
[2026-07-15T12:14:05.158+0000] {processor.py:840} INFO - DAG(s) 'bronze_dag2' retrieved from /opt/airflow/dags/bronze_dag2.py
[2026-07-15T12:14:05.195+0000] {logging_mixin.py:188} INFO - [2026-07-15T12:14:05.194+0000] {dag.py:3096} INFO - Sync 1 DAGs
[2026-07-15T12:14:05.248+0000] {logging_mixin.py:188} INFO - [2026-07-15T12:14:05.247+0000] {dag.py:3954} INFO - Setting next_dagrun for bronze_dag2 to 2026-07-15 11:00:00+00:00, run_after=2026-07-15 12:00:00+00:00
[2026-07-15T12:14:05.291+0000] {processor.py:183} INFO - Processing /opt/airflow/dags/bronze_dag2.py took 0.168 seconds
[2026-07-15T12:14:36.080+0000] {processor.py:161} INFO - Started process (PID=652) to work on /opt/airflow/dags/bronze_dag2.py
[2026-07-15T12:14:36.081+0000] {processor.py:830} INFO - Processing file /opt/airflow/dags/bronze_dag2.py for tasks to queue
[2026-07-15T12:14:36.085+0000] {logging_mixin.py:188} INFO - [2026-07-15T12:14:36.084+0000] {dagbag.py:540} INFO - Filling up the DagBag from /opt/airflow/dags/bronze_dag2.py
[2026-07-15T12:14:36.109+0000] {processor.py:840} INFO - DAG(s) 'bronze_dag2' retrieved from /opt/airflow/dags/bronze_dag2.py
[2026-07-15T12:14:36.144+0000] {logging_mixin.py:188} INFO - [2026-07-15T12:14:36.143+0000] {dag.py:3096} INFO - Sync 1 DAGs
[2026-07-15T12:14:36.174+0000] {logging_mixin.py:188} INFO - [2026-07-15T12:14:36.173+0000] {dag.py:3954} INFO - Setting next_dagrun for bronze_dag2 to 2026-07-15 11:00:00+00:00, run_after=2026-07-15 12:00:00+00:00
[2026-07-15T12:14:36.201+0000] {processor.py:183} INFO - Processing /opt/airflow/dags/bronze_dag2.py took 0.130 seconds
[2026-07-15T12:15:07.055+0000] {processor.py:161} INFO - Started process (PID=677) to work on /opt/airflow/dags/bronze_dag2.py
[2026-07-15T12:15:07.056+0000] {processor.py:830} INFO - Processing file /opt/airflow/dags/bronze_dag2.py for tasks to queue
[2026-07-15T12:15:07.061+0000] {logging_mixin.py:188} INFO - [2026-07-15T12:15:07.060+0000] {dagbag.py:540} INFO - Filling up the DagBag from /opt/airflow/dags/bronze_dag2.py
[2026-07-15T12:15:07.086+0000] {processor.py:840} INFO - DAG(s) 'bronze_dag2' retrieved from /opt/airflow/dags/bronze_dag2.py
[2026-07-15T12:15:07.122+0000] {logging_mixin.py:188} INFO - [2026-07-15T12:15:07.121+0000] {dag.py:3096} INFO - Sync 1 DAGs
[2026-07-15T12:15:07.156+0000] {logging_mixin.py:188} INFO - [2026-07-15T12:15:07.156+0000] {dag.py:3954} INFO - Setting next_dagrun for bronze_dag2 to 2026-07-15 11:00:00+00:00, run_after=2026-07-15 12:00:00+00:00
[2026-07-15T12:15:07.223+0000] {processor.py:183} INFO - Processing /opt/airflow/dags/bronze_dag2.py took 0.176 seconds
[2026-07-15T12:15:37.789+0000] {processor.py:161} INFO - Started process (PID=702) to work on /opt/airflow/dags/bronze_dag2.py
[2026-07-15T12:15:37.790+0000] {processor.py:830} INFO - Processing file /opt/airflow/dags/bronze_dag2.py for tasks to queue
[2026-07-15T12:15:37.793+0000] {logging_mixin.py:188} INFO - [2026-07-15T12:15:37.792+0000] {dagbag.py:540} INFO - Filling up the DagBag from /opt/airflow/dags/bronze_dag2.py
[2026-07-15T12:15:37.813+0000] {processor.py:840} INFO - DAG(s) 'bronze_dag2' retrieved from /opt/airflow/dags/bronze_dag2.py
[2026-07-15T12:15:37.844+0000] {logging_mixin.py:188} INFO - [2026-07-15T12:15:37.844+0000] {dag.py:3096} INFO - Sync 1 DAGs
[2026-07-15T12:15:37.868+0000] {logging_mixin.py:188} INFO - [2026-07-15T12:15:37.868+0000] {dag.py:3954} INFO - Setting next_dagrun for bronze_dag2 to 2026-07-15 11:00:00+00:00, run_after=2026-07-15 12:00:00+00:00
[2026-07-15T12:15:37.890+0000] {processor.py:183} INFO - Processing /opt/airflow/dags/bronze_dag2.py took 0.109 seconds
[2026-07-15T12:16:09.045+0000] {processor.py:161} INFO - Started process (PID=739) to work on /opt/airflow/dags/bronze_dag2.py
[2026-07-15T12:16:09.058+0000] {processor.py:830} INFO - Processing file /opt/airflow/dags/bronze_dag2.py for tasks to queue
[2026-07-15T12:16:09.085+0000] {logging_mixin.py:188} INFO - [2026-07-15T12:16:09.084+0000] {dagbag.py:540} INFO - Filling up the DagBag from /opt/airflow/dags/bronze_dag2.py
[2026-07-15T12:16:09.139+0000] {processor.py:840} INFO - DAG(s) 'bronze_dag2' retrieved from /opt/airflow/dags/bronze_dag2.py
[2026-07-15T12:16:09.222+0000] {logging_mixin.py:188} INFO - [2026-07-15T12:16:09.222+0000] {dag.py:3096} INFO - Sync 1 DAGs
[2026-07-15T12:16:09.283+0000] {logging_mixin.py:188} INFO - [2026-07-15T12:16:09.282+0000] {dag.py:3954} INFO - Setting next_dagrun for bronze_dag2 to 2026-07-15 11:00:00+00:00, run_after=2026-07-15 12:00:00+00:00
[2026-07-15T12:16:09.349+0000] {processor.py:183} INFO - Processing /opt/airflow/dags/bronze_dag2.py took 0.326 seconds
[2026-07-15T12:16:40.031+0000] {processor.py:161} INFO - Started process (PID=764) to work on /opt/airflow/dags/bronze_dag2.py
[2026-07-15T12:16:40.033+0000] {processor.py:830} INFO - Processing file /opt/airflow/dags/bronze_dag2.py for tasks to queue
[2026-07-15T12:16:40.038+0000] {logging_mixin.py:188} INFO - [2026-07-15T12:16:40.037+0000] {dagbag.py:540} INFO - Filling up the DagBag from /opt/airflow/dags/bronze_dag2.py
[2026-07-15T12:16:40.087+0000] {processor.py:840} INFO - DAG(s) 'bronze_dag2' retrieved from /opt/airflow/dags/bronze_dag2.py
[2026-07-15T12:16:40.134+0000] {logging_mixin.py:188} INFO - [2026-07-15T12:16:40.134+0000] {dag.py:3096} INFO - Sync 1 DAGs
[2026-07-15T12:16:40.183+0000] {logging_mixin.py:188} INFO - [2026-07-15T12:16:40.183+0000] {dag.py:3954} INFO - Setting next_dagrun for bronze_dag2 to 2026-07-15 11:00:00+00:00, run_after=2026-07-15 12:00:00+00:00
[2026-07-15T12:16:40.222+0000] {processor.py:183} INFO - Processing /opt/airflow/dags/bronze_dag2.py took 0.205 seconds
[2026-07-15T12:17:10.770+0000] {processor.py:161} INFO - Started process (PID=789) to work on /opt/airflow/dags/bronze_dag2.py
[2026-07-15T12:17:10.772+0000] {processor.py:830} INFO - Processing file /opt/airflow/dags/bronze_dag2.py for tasks to queue
[2026-07-15T12:17:10.775+0000] {logging_mixin.py:188} INFO - [2026-07-15T12:17:10.774+0000] {dagbag.py:540} INFO - Filling up the DagBag from /opt/airflow/dags/bronze_dag2.py
[2026-07-15T12:17:10.796+0000] {processor.py:840} INFO - DAG(s) 'bronze_dag2' retrieved from /opt/airflow/dags/bronze_dag2.py
[2026-07-15T12:17:10.824+0000] {logging_mixin.py:188} INFO - [2026-07-15T12:17:10.824+0000] {dag.py:3096} INFO - Sync 1 DAGs
[2026-07-15T12:17:10.851+0000] {logging_mixin.py:188} INFO - [2026-07-15T12:17:10.850+0000] {dag.py:3954} INFO - Setting next_dagrun for bronze_dag2 to 2026-07-15 11:00:00+00:00, run_after=2026-07-15 12:00:00+00:00
[2026-07-15T12:17:10.878+0000] {processor.py:183} INFO - Processing /opt/airflow/dags/bronze_dag2.py took 0.115 seconds
[2026-07-15T12:17:41.581+0000] {processor.py:161} INFO - Started process (PID=814) to work on /opt/airflow/dags/bronze_dag2.py
[2026-07-15T12:17:41.583+0000] {processor.py:830} INFO - Processing file /opt/airflow/dags/bronze_dag2.py for tasks to queue
[2026-07-15T12:17:41.585+0000] {logging_mixin.py:188} INFO - [2026-07-15T12:17:41.584+0000] {dagbag.py:540} INFO - Filling up the DagBag from /opt/airflow/dags/bronze_dag2.py
[2026-07-15T12:17:41.603+0000] {processor.py:840} INFO - DAG(s) 'bronze_dag2' retrieved from /opt/airflow/dags/bronze_dag2.py
[2026-07-15T12:17:41.628+0000] {logging_mixin.py:188} INFO - [2026-07-15T12:17:41.628+0000] {dag.py:3096} INFO - Sync 1 DAGs
[2026-07-15T12:17:41.652+0000] {logging_mixin.py:188} INFO - [2026-07-15T12:17:41.652+0000] {dag.py:3954} INFO - Setting next_dagrun for bronze_dag2 to 2026-07-15 11:00:00+00:00, run_after=2026-07-15 12:00:00+00:00
[2026-07-15T12:17:41.679+0000] {processor.py:183} INFO - Processing /opt/airflow/dags/bronze_dag2.py took 0.104 seconds
[2026-07-15T12:18:12.352+0000] {processor.py:161} INFO - Started process (PID=839) to work on /opt/airflow/dags/bronze_dag2.py
[2026-07-15T12:18:12.353+0000] {processor.py:830} INFO - Processing file /opt/airflow/dags/bronze_dag2.py for tasks to queue
[2026-07-15T12:18:12.356+0000] {logging_mixin.py:188} INFO - [2026-07-15T12:18:12.355+0000] {dagbag.py:540} INFO - Filling up the DagBag from /opt/airflow/dags/bronze_dag2.py
[2026-07-15T12:18:12.379+0000] {processor.py:840} INFO - DAG(s) 'bronze_dag2' retrieved from /opt/airflow/dags/bronze_dag2.py
[2026-07-15T12:18:12.411+0000] {logging_mixin.py:188} INFO - [2026-07-15T12:18:12.410+0000] {dag.py:3096} INFO - Sync 1 DAGs
[2026-07-15T12:18:12.439+0000] {logging_mixin.py:188} INFO - [2026-07-15T12:18:12.439+0000] {dag.py:3954} INFO - Setting next_dagrun for bronze_dag2 to 2026-07-15 11:00:00+00:00, run_after=2026-07-15 12:00:00+00:00
[2026-07-15T12:18:12.464+0000] {processor.py:183} INFO - Processing /opt/airflow/dags/bronze_dag2.py took 0.120 seconds
[2026-07-15T12:18:43.116+0000] {processor.py:161} INFO - Started process (PID=864) to work on /opt/airflow/dags/bronze_dag2.py
[2026-07-15T12:18:43.118+0000] {processor.py:830} INFO - Processing file /opt/airflow/dags/bronze_dag2.py for tasks to queue
[2026-07-15T12:18:43.121+0000] {logging_mixin.py:188} INFO - [2026-07-15T12:18:43.120+0000] {dagbag.py:540} INFO - Filling up the DagBag from /opt/airflow/dags/bronze_dag2.py
[2026-07-15T12:18:43.142+0000] {processor.py:840} INFO - DAG(s) 'bronze_dag2' retrieved from /opt/airflow/dags/bronze_dag2.py
[2026-07-15T12:18:43.169+0000] {logging_mixin.py:188} INFO - [2026-07-15T12:18:43.168+0000] {dag.py:3096} INFO - Sync 1 DAGs
[2026-07-15T12:18:43.193+0000] {logging_mixin.py:188} INFO - [2026-07-15T12:18:43.193+0000] {dag.py:3954} INFO - Setting next_dagrun for bronze_dag2 to 2026-07-15 11:00:00+00:00, run_after=2026-07-15 12:00:00+00:00
[2026-07-15T12:18:43.218+0000] {processor.py:183} INFO - Processing /opt/airflow/dags/bronze_dag2.py took 0.109 seconds
[2026-07-15T12:19:13.751+0000] {processor.py:161} INFO - Started process (PID=889) to work on /opt/airflow/dags/bronze_dag2.py
[2026-07-15T12:19:13.753+0000] {processor.py:830} INFO - Processing file /opt/airflow/dags/bronze_dag2.py for tasks to queue
[2026-07-15T12:19:13.755+0000] {logging_mixin.py:188} INFO - [2026-07-15T12:19:13.755+0000] {dagbag.py:540} INFO - Filling up the DagBag from /opt/airflow/dags/bronze_dag2.py
[2026-07-15T12:19:13.775+0000] {processor.py:840} INFO - DAG(s) 'bronze_dag2' retrieved from /opt/airflow/dags/bronze_dag2.py
[2026-07-15T12:19:13.801+0000] {logging_mixin.py:188} INFO - [2026-07-15T12:19:13.801+0000] {dag.py:3096} INFO - Sync 1 DAGs
[2026-07-15T12:19:13.827+0000] {logging_mixin.py:188} INFO - [2026-07-15T12:19:13.827+0000] {dag.py:3954} INFO - Setting next_dagrun for bronze_dag2 to 2026-07-15 11:00:00+00:00, run_after=2026-07-15 12:00:00+00:00
[2026-07-15T12:19:13.852+0000] {processor.py:183} INFO - Processing /opt/airflow/dags/bronze_dag2.py took 0.107 seconds
[2026-07-15T12:19:44.454+0000] {processor.py:161} INFO - Started process (PID=914) to work on /opt/airflow/dags/bronze_dag2.py
[2026-07-15T12:19:44.455+0000] {processor.py:830} INFO - Processing file /opt/airflow/dags/bronze_dag2.py for tasks to queue
[2026-07-15T12:19:44.458+0000] {logging_mixin.py:188} INFO - [2026-07-15T12:19:44.457+0000] {dagbag.py:540} INFO - Filling up the DagBag from /opt/airflow/dags/bronze_dag2.py
[2026-07-15T12:19:44.478+0000] {processor.py:840} INFO - DAG(s) 'bronze_dag2' retrieved from /opt/airflow/dags/bronze_dag2.py
[2026-07-15T12:19:44.507+0000] {logging_mixin.py:188} INFO - [2026-07-15T12:19:44.506+0000] {dag.py:3096} INFO - Sync 1 DAGs
[2026-07-15T12:19:44.530+0000] {logging_mixin.py:188} INFO - [2026-07-15T12:19:44.530+0000] {dag.py:3954} INFO - Setting next_dagrun for bronze_dag2 to 2026-07-15 11:00:00+00:00, run_after=2026-07-15 12:00:00+00:00
[2026-07-15T12:19:44.555+0000] {processor.py:183} INFO - Processing /opt/airflow/dags/bronze_dag2.py took 0.109 seconds
[2026-07-15T12:20:15.219+0000] {processor.py:161} INFO - Started process (PID=939) to work on /opt/airflow/dags/bronze_dag2.py
[2026-07-15T12:20:15.220+0000] {processor.py:830} INFO - Processing file /opt/airflow/dags/bronze_dag2.py for tasks to queue
[2026-07-15T12:20:15.223+0000] {logging_mixin.py:188} INFO - [2026-07-15T12:20:15.222+0000] {dagbag.py:540} INFO - Filling up the DagBag from /opt/airflow/dags/bronze_dag2.py
[2026-07-15T12:20:15.242+0000] {processor.py:840} INFO - DAG(s) 'bronze_dag2' retrieved from /opt/airflow/dags/bronze_dag2.py
[2026-07-15T12:20:15.271+0000] {logging_mixin.py:188} INFO - [2026-07-15T12:20:15.271+0000] {dag.py:3096} INFO - Sync 1 DAGs
[2026-07-15T12:20:15.296+0000] {logging_mixin.py:188} INFO - [2026-07-15T12:20:15.295+0000] {dag.py:3954} INFO - Setting next_dagrun for bronze_dag2 to 2026-07-15 11:00:00+00:00, run_after=2026-07-15 12:00:00+00:00
[2026-07-15T12:20:15.322+0000] {processor.py:183} INFO - Processing /opt/airflow/dags/bronze_dag2.py took 0.108 seconds
[2026-07-15T12:40:08.567+0000] {processor.py:161} INFO - Started process (PID=966) to work on /opt/airflow/dags/bronze_dag2.py
[2026-07-15T12:40:08.568+0000] {processor.py:830} INFO - Processing file /opt/airflow/dags/bronze_dag2.py for tasks to queue
[2026-07-15T12:40:08.570+0000] {logging_mixin.py:188} INFO - [2026-07-15T12:40:08.570+0000] {dagbag.py:540} INFO - Filling up the DagBag from /opt/airflow/dags/bronze_dag2.py
[2026-07-15T12:40:08.596+0000] {processor.py:840} INFO - DAG(s) 'bronze_dag2' retrieved from /opt/airflow/dags/bronze_dag2.py
[2026-07-15T12:40:08.637+0000] {logging_mixin.py:188} INFO - [2026-07-15T12:40:08.636+0000] {dag.py:3096} INFO - Sync 1 DAGs
[2026-07-15T12:40:08.676+0000] {logging_mixin.py:188} INFO - [2026-07-15T12:40:08.675+0000] {dag.py:3954} INFO - Setting next_dagrun for bronze_dag2 to 2026-07-15 11:00:00+00:00, run_after=2026-07-15 12:00:00+00:00
[2026-07-15T12:40:08.701+0000] {processor.py:183} INFO - Processing /opt/airflow/dags/bronze_dag2.py took 0.140 seconds
[2026-07-15T12:40:39.500+0000] {processor.py:161} INFO - Started process (PID=993) to work on /opt/airflow/dags/bronze_dag2.py
[2026-07-15T12:40:39.502+0000] {processor.py:830} INFO - Processing file /opt/airflow/dags/bronze_dag2.py for tasks to queue
[2026-07-15T12:40:39.505+0000] {logging_mixin.py:188} INFO - [2026-07-15T12:40:39.505+0000] {dagbag.py:540} INFO - Filling up the DagBag from /opt/airflow/dags/bronze_dag2.py
[2026-07-15T12:40:39.537+0000] {processor.py:840} INFO - DAG(s) 'bronze_dag2' retrieved from /opt/airflow/dags/bronze_dag2.py
[2026-07-15T12:40:39.578+0000] {logging_mixin.py:188} INFO - [2026-07-15T12:40:39.577+0000] {dag.py:3096} INFO - Sync 1 DAGs
[2026-07-15T12:40:39.605+0000] {logging_mixin.py:188} INFO - [2026-07-15T12:40:39.605+0000] {dag.py:3954} INFO - Setting next_dagrun for bronze_dag2 to 2026-07-15 11:00:00+00:00, run_after=2026-07-15 12:00:00+00:00
[2026-07-15T12:40:39.626+0000] {processor.py:183} INFO - Processing /opt/airflow/dags/bronze_dag2.py took 0.132 seconds
[2026-07-15T12:41:10.375+0000] {processor.py:161} INFO - Started process (PID=1016) to work on /opt/airflow/dags/bronze_dag2.py
[2026-07-15T12:41:10.377+0000] {processor.py:830} INFO - Processing file /opt/airflow/dags/bronze_dag2.py for tasks to queue
[2026-07-15T12:41:10.381+0000] {logging_mixin.py:188} INFO - [2026-07-15T12:41:10.380+0000] {dagbag.py:540} INFO - Filling up the DagBag from /opt/airflow/dags/bronze_dag2.py
[2026-07-15T12:41:10.411+0000] {processor.py:840} INFO - DAG(s) 'bronze_dag2' retrieved from /opt/airflow/dags/bronze_dag2.py
[2026-07-15T12:41:10.468+0000] {logging_mixin.py:188} INFO - [2026-07-15T12:41:10.467+0000] {dag.py:3096} INFO - Sync 1 DAGs
[2026-07-15T12:41:10.545+0000] {logging_mixin.py:188} INFO - [2026-07-15T12:41:10.545+0000] {dag.py:3954} INFO - Setting next_dagrun for bronze_dag2 to 2026-07-15 11:00:00+00:00, run_after=2026-07-15 12:00:00+00:00
[2026-07-15T12:41:10.611+0000] {processor.py:183} INFO - Processing /opt/airflow/dags/bronze_dag2.py took 0.245 seconds
[2026-07-15T12:41:41.331+0000] {processor.py:161} INFO - Started process (PID=1043) to work on /opt/airflow/dags/bronze_dag2.py
[2026-07-15T12:41:41.333+0000] {processor.py:830} INFO - Processing file /opt/airflow/dags/bronze_dag2.py for tasks to queue
[2026-07-15T12:41:41.336+0000] {logging_mixin.py:188} INFO - [2026-07-15T12:41:41.335+0000] {dagbag.py:540} INFO - Filling up the DagBag from /opt/airflow/dags/bronze_dag2.py
[2026-07-15T12:41:41.359+0000] {processor.py:840} INFO - DAG(s) 'bronze_dag2' retrieved from /opt/airflow/dags/bronze_dag2.py
[2026-07-15T12:41:41.400+0000] {logging_mixin.py:188} INFO - [2026-07-15T12:41:41.399+0000] {dag.py:3096} INFO - Sync 1 DAGs
[2026-07-15T12:41:41.435+0000] {logging_mixin.py:188} INFO - [2026-07-15T12:41:41.435+0000] {dag.py:3954} INFO - Setting next_dagrun for bronze_dag2 to 2026-07-15 11:00:00+00:00, run_after=2026-07-15 12:00:00+00:00
[2026-07-15T12:41:41.459+0000] {processor.py:183} INFO - Processing /opt/airflow/dags/bronze_dag2.py took 0.135 seconds
[2026-07-15T12:42:12.173+0000] {processor.py:161} INFO - Started process (PID=1066) to work on /opt/airflow/dags/bronze_dag2.py
[2026-07-15T12:42:12.174+0000] {processor.py:830} INFO - Processing file /opt/airflow/dags/bronze_dag2.py for tasks to queue
[2026-07-15T12:42:12.177+0000] {logging_mixin.py:188} INFO - [2026-07-15T12:42:12.177+0000] {dagbag.py:540} INFO - Filling up the DagBag from /opt/airflow/dags/bronze_dag2.py
[2026-07-15T12:42:12.205+0000] {processor.py:840} INFO - DAG(s) 'bronze_dag2' retrieved from /opt/airflow/dags/bronze_dag2.py
[2026-07-15T12:42:12.239+0000] {logging_mixin.py:188} INFO - [2026-07-15T12:42:12.238+0000] {dag.py:3096} INFO - Sync 1 DAGs
[2026-07-15T12:42:12.265+0000] {logging_mixin.py:188} INFO - [2026-07-15T12:42:12.265+0000] {dag.py:3954} INFO - Setting next_dagrun for bronze_dag2 to 2026-07-15 11:00:00+00:00, run_after=2026-07-15 12:00:00+00:00
[2026-07-15T12:42:12.287+0000] {processor.py:183} INFO - Processing /opt/airflow/dags/bronze_dag2.py took 0.125 seconds
[2026-07-15T12:42:43.010+0000] {processor.py:161} INFO - Started process (PID=1091) to work on /opt/airflow/dags/bronze_dag2.py
[2026-07-15T12:42:43.012+0000] {processor.py:830} INFO - Processing file /opt/airflow/dags/bronze_dag2.py for tasks to queue
[2026-07-15T12:42:43.014+0000] {logging_mixin.py:188} INFO - [2026-07-15T12:42:43.014+0000] {dagbag.py:540} INFO - Filling up the DagBag from /opt/airflow/dags/bronze_dag2.py
[2026-07-15T12:42:43.039+0000] {processor.py:840} INFO - DAG(s) 'bronze_dag2' retrieved from /opt/airflow/dags/bronze_dag2.py
[2026-07-15T12:42:43.066+0000] {logging_mixin.py:188} INFO - [2026-07-15T12:42:43.066+0000] {dag.py:3096} INFO - Sync 1 DAGs
[2026-07-15T12:42:43.098+0000] {logging_mixin.py:188} INFO - [2026-07-15T12:42:43.097+0000] {dag.py:3954} INFO - Setting next_dagrun for bronze_dag2 to 2026-07-15 11:00:00+00:00, run_after=2026-07-15 12:00:00+00:00
[2026-07-15T12:42:43.124+0000] {processor.py:183} INFO - Processing /opt/airflow/dags/bronze_dag2.py took 0.120 seconds
[2026-07-15T12:43:13.716+0000] {processor.py:161} INFO - Started process (PID=1116) to work on /opt/airflow/dags/bronze_dag2.py
[2026-07-15T12:43:13.718+0000] {processor.py:830} INFO - Processing file /opt/airflow/dags/bronze_dag2.py for tasks to queue
[2026-07-15T12:43:13.720+0000] {logging_mixin.py:188} INFO - [2026-07-15T12:43:13.720+0000] {dagbag.py:540} INFO - Filling up the DagBag from /opt/airflow/dags/bronze_dag2.py
[2026-07-15T12:43:13.740+0000] {processor.py:840} INFO - DAG(s) 'bronze_dag2' retrieved from /opt/airflow/dags/bronze_dag2.py
[2026-07-15T12:43:13.766+0000] {logging_mixin.py:188} INFO - [2026-07-15T12:43:13.766+0000] {dag.py:3096} INFO - Sync 1 DAGs
[2026-07-15T12:43:13.790+0000] {logging_mixin.py:188} INFO - [2026-07-15T12:43:13.790+0000] {dag.py:3954} INFO - Setting next_dagrun for bronze_dag2 to 2026-07-15 11:00:00+00:00, run_after=2026-07-15 12:00:00+00:00
[2026-07-15T12:43:13.811+0000] {processor.py:183} INFO - Processing /opt/airflow/dags/bronze_dag2.py took 0.100 seconds
[2026-07-15T12:43:44.626+0000] {processor.py:161} INFO - Started process (PID=1143) to work on /opt/airflow/dags/bronze_dag2.py
[2026-07-15T12:43:44.628+0000] {processor.py:830} INFO - Processing file /opt/airflow/dags/bronze_dag2.py for tasks to queue
[2026-07-15T12:43:44.631+0000] {logging_mixin.py:188} INFO - [2026-07-15T12:43:44.631+0000] {dagbag.py:540} INFO - Filling up the DagBag from /opt/airflow/dags/bronze_dag2.py
[2026-07-15T12:43:44.665+0000] {processor.py:840} INFO - DAG(s) 'bronze_dag2' retrieved from /opt/airflow/dags/bronze_dag2.py
[2026-07-15T12:43:44.711+0000] {logging_mixin.py:188} INFO - [2026-07-15T12:43:44.710+0000] {dag.py:3096} INFO - Sync 1 DAGs
[2026-07-15T12:43:44.740+0000] {logging_mixin.py:188} INFO - [2026-07-15T12:43:44.738+0000] {dag.py:3954} INFO - Setting next_dagrun for bronze_dag2 to 2026-07-15 11:00:00+00:00, run_after=2026-07-15 12:00:00+00:00
[2026-07-15T12:43:44.770+0000] {processor.py:183} INFO - Processing /opt/airflow/dags/bronze_dag2.py took 0.150 seconds
[2026-07-15T12:44:15.404+0000] {processor.py:161} INFO - Started process (PID=1166) to work on /opt/airflow/dags/bronze_dag2.py
[2026-07-15T12:44:15.406+0000] {processor.py:830} INFO - Processing file /opt/airflow/dags/bronze_dag2.py for tasks to queue
[2026-07-15T12:44:15.409+0000] {logging_mixin.py:188} INFO - [2026-07-15T12:44:15.408+0000] {dagbag.py:540} INFO - Filling up the DagBag from /opt/airflow/dags/bronze_dag2.py
[2026-07-15T12:44:15.442+0000] {processor.py:840} INFO - DAG(s) 'bronze_dag2' retrieved from /opt/airflow/dags/bronze_dag2.py
[2026-07-15T12:44:15.500+0000] {logging_mixin.py:188} INFO - [2026-07-15T12:44:15.500+0000] {dag.py:3096} INFO - Sync 1 DAGs
[2026-07-15T12:44:15.552+0000] {logging_mixin.py:188} INFO - [2026-07-15T12:44:15.552+0000] {dag.py:3954} INFO - Setting next_dagrun for bronze_dag2 to 2026-07-15 11:00:00+00:00, run_after=2026-07-15 12:00:00+00:00
[2026-07-15T12:44:15.585+0000] {processor.py:183} INFO - Processing /opt/airflow/dags/bronze_dag2.py took 0.190 seconds
[2026-07-15T12:44:47.096+0000] {processor.py:161} INFO - Started process (PID=1209) to work on /opt/airflow/dags/bronze_dag2.py
[2026-07-15T12:44:47.103+0000] {processor.py:830} INFO - Processing file /opt/airflow/dags/bronze_dag2.py for tasks to queue
[2026-07-15T12:44:47.110+0000] {logging_mixin.py:188} INFO - [2026-07-15T12:44:47.109+0000] {dagbag.py:540} INFO - Filling up the DagBag from /opt/airflow/dags/bronze_dag2.py
[2026-07-15T12:44:47.179+0000] {processor.py:840} INFO - DAG(s) 'bronze_dag2' retrieved from /opt/airflow/dags/bronze_dag2.py
[2026-07-15T12:44:47.297+0000] {logging_mixin.py:188} INFO - [2026-07-15T12:44:47.284+0000] {dag.py:3096} INFO - Sync 1 DAGs
[2026-07-15T12:44:47.449+0000] {logging_mixin.py:188} INFO - [2026-07-15T12:44:47.444+0000] {dag.py:3954} INFO - Setting next_dagrun for bronze_dag2 to 2026-07-15 11:00:00+00:00, run_after=2026-07-15 12:00:00+00:00
[2026-07-15T12:44:47.495+0000] {processor.py:183} INFO - Processing /opt/airflow/dags/bronze_dag2.py took 0.418 seconds
[2026-07-15T12:45:18.437+0000] {processor.py:161} INFO - Started process (PID=1234) to work on /opt/airflow/dags/bronze_dag2.py
[2026-07-15T12:45:18.439+0000] {processor.py:830} INFO - Processing file /opt/airflow/dags/bronze_dag2.py for tasks to queue
[2026-07-15T12:45:18.444+0000] {logging_mixin.py:188} INFO - [2026-07-15T12:45:18.443+0000] {dagbag.py:540} INFO - Filling up the DagBag from /opt/airflow/dags/bronze_dag2.py
[2026-07-15T12:45:18.494+0000] {processor.py:840} INFO - DAG(s) 'bronze_dag2' retrieved from /opt/airflow/dags/bronze_dag2.py
[2026-07-15T12:45:18.548+0000] {logging_mixin.py:188} INFO - [2026-07-15T12:45:18.547+0000] {dag.py:3096} INFO - Sync 1 DAGs
[2026-07-15T12:45:18.604+0000] {logging_mixin.py:188} INFO - [2026-07-15T12:45:18.603+0000] {dag.py:3954} INFO - Setting next_dagrun for bronze_dag2 to 2026-07-15 11:00:00+00:00, run_after=2026-07-15 12:00:00+00:00
[2026-07-15T12:45:18.649+0000] {processor.py:183} INFO - Processing /opt/airflow/dags/bronze_dag2.py took 0.223 seconds
[2026-07-15T12:45:49.588+0000] {processor.py:161} INFO - Started process (PID=1259) to work on /opt/airflow/dags/bronze_dag2.py
[2026-07-15T12:45:49.591+0000] {processor.py:830} INFO - Processing file /opt/airflow/dags/bronze_dag2.py for tasks to queue
[2026-07-15T12:45:49.597+0000] {logging_mixin.py:188} INFO - [2026-07-15T12:45:49.595+0000] {dagbag.py:540} INFO - Filling up the DagBag from /opt/airflow/dags/bronze_dag2.py
[2026-07-15T12:45:49.650+0000] {processor.py:840} INFO - DAG(s) 'bronze_dag2' retrieved from /opt/airflow/dags/bronze_dag2.py
[2026-07-15T12:45:49.695+0000] {logging_mixin.py:188} INFO - [2026-07-15T12:45:49.695+0000] {dag.py:3096} INFO - Sync 1 DAGs
[2026-07-15T12:45:49.762+0000] {logging_mixin.py:188} INFO - [2026-07-15T12:45:49.761+0000] {dag.py:3954} INFO - Setting next_dagrun for bronze_dag2 to 2026-07-15 11:00:00+00:00, run_after=2026-07-15 12:00:00+00:00
[2026-07-15T12:45:49.804+0000] {processor.py:183} INFO - Processing /opt/airflow/dags/bronze_dag2.py took 0.228 seconds
[2026-07-15T12:46:20.026+0000] {processor.py:161} INFO - Started process (PID=1284) to work on /opt/airflow/dags/bronze_dag2.py
[2026-07-15T12:46:20.030+0000] {processor.py:830} INFO - Processing file /opt/airflow/dags/bronze_dag2.py for tasks to queue
[2026-07-15T12:46:20.036+0000] {logging_mixin.py:188} INFO - [2026-07-15T12:46:20.035+0000] {dagbag.py:540} INFO - Filling up the DagBag from /opt/airflow/dags/bronze_dag2.py
[2026-07-15T12:46:20.100+0000] {processor.py:840} INFO - DAG(s) 'bronze_dag2' retrieved from /opt/airflow/dags/bronze_dag2.py
[2026-07-15T12:46:20.146+0000] {logging_mixin.py:188} INFO - [2026-07-15T12:46:20.146+0000] {dag.py:3096} INFO - Sync 1 DAGs
[2026-07-15T12:46:20.184+0000] {logging_mixin.py:188} INFO - [2026-07-15T12:46:20.184+0000] {dag.py:3954} INFO - Setting next_dagrun for bronze_dag2 to 2026-07-15 11:00:00+00:00, run_after=2026-07-15 12:00:00+00:00
[2026-07-15T12:46:20.216+0000] {processor.py:183} INFO - Processing /opt/airflow/dags/bronze_dag2.py took 0.205 seconds
[2026-07-15T12:46:50.541+0000] {processor.py:161} INFO - Started process (PID=1323) to work on /opt/airflow/dags/bronze_dag2.py
[2026-07-15T12:46:50.547+0000] {processor.py:830} INFO - Processing file /opt/airflow/dags/bronze_dag2.py for tasks to queue
[2026-07-15T12:46:50.555+0000] {logging_mixin.py:188} INFO - [2026-07-15T12:46:50.554+0000] {dagbag.py:540} INFO - Filling up the DagBag from /opt/airflow/dags/bronze_dag2.py
[2026-07-15T12:46:50.620+0000] {processor.py:840} INFO - DAG(s) 'bronze_dag2' retrieved from /opt/airflow/dags/bronze_dag2.py
[2026-07-15T12:46:50.689+0000] {logging_mixin.py:188} INFO - [2026-07-15T12:46:50.688+0000] {dag.py:3096} INFO - Sync 1 DAGs
[2026-07-15T12:46:50.841+0000] {logging_mixin.py:188} INFO - [2026-07-15T12:46:50.841+0000] {dag.py:3954} INFO - Setting next_dagrun for bronze_dag2 to 2026-07-15 11:00:00+00:00, run_after=2026-07-15 12:00:00+00:00
[2026-07-15T12:46:50.894+0000] {processor.py:183} INFO - Processing /opt/airflow/dags/bronze_dag2.py took 0.373 seconds
[2026-07-15T12:47:21.308+0000] {processor.py:161} INFO - Started process (PID=1348) to work on /opt/airflow/dags/bronze_dag2.py
[2026-07-15T12:47:21.312+0000] {processor.py:830} INFO - Processing file /opt/airflow/dags/bronze_dag2.py for tasks to queue
[2026-07-15T12:47:21.319+0000] {logging_mixin.py:188} INFO - [2026-07-15T12:47:21.317+0000] {dagbag.py:540} INFO - Filling up the DagBag from /opt/airflow/dags/bronze_dag2.py
[2026-07-15T12:47:21.375+0000] {processor.py:840} INFO - DAG(s) 'bronze_dag2' retrieved from /opt/airflow/dags/bronze_dag2.py
[2026-07-15T12:47:21.452+0000] {logging_mixin.py:188} INFO - [2026-07-15T12:47:21.451+0000] {dag.py:3096} INFO - Sync 1 DAGs
[2026-07-15T12:47:21.516+0000] {logging_mixin.py:188} INFO - [2026-07-15T12:47:21.516+0000] {dag.py:3954} INFO - Setting next_dagrun for bronze_dag2 to 2026-07-15 11:00:00+00:00, run_after=2026-07-15 12:00:00+00:00
[2026-07-15T12:47:21.565+0000] {processor.py:183} INFO - Processing /opt/airflow/dags/bronze_dag2.py took 0.274 seconds
[2026-07-15T12:47:51.678+0000] {processor.py:161} INFO - Started process (PID=1373) to work on /opt/airflow/dags/bronze_dag2.py
[2026-07-15T12:47:51.681+0000] {processor.py:830} INFO - Processing file /opt/airflow/dags/bronze_dag2.py for tasks to queue
[2026-07-15T12:47:51.687+0000] {logging_mixin.py:188} INFO - [2026-07-15T12:47:51.687+0000] {dagbag.py:540} INFO - Filling up the DagBag from /opt/airflow/dags/bronze_dag2.py
[2026-07-15T12:47:51.732+0000] {processor.py:840} INFO - DAG(s) 'bronze_dag2' retrieved from /opt/airflow/dags/bronze_dag2.py
[2026-07-15T12:47:51.789+0000] {logging_mixin.py:188} INFO - [2026-07-15T12:47:51.789+0000] {dag.py:3096} INFO - Sync 1 DAGs
[2026-07-15T12:47:51.838+0000] {logging_mixin.py:188} INFO - [2026-07-15T12:47:51.837+0000] {dag.py:3954} INFO - Setting next_dagrun for bronze_dag2 to 2026-07-15 11:00:00+00:00, run_after=2026-07-15 12:00:00+00:00
[2026-07-15T12:47:51.885+0000] {processor.py:183} INFO - Processing /opt/airflow/dags/bronze_dag2.py took 0.221 seconds
[2026-07-15T12:48:21.995+0000] {processor.py:161} INFO - Started process (PID=1398) to work on /opt/airflow/dags/bronze_dag2.py
[2026-07-15T12:48:21.999+0000] {processor.py:830} INFO - Processing file /opt/airflow/dags/bronze_dag2.py for tasks to queue
[2026-07-15T12:48:22.004+0000] {logging_mixin.py:188} INFO - [2026-07-15T12:48:22.004+0000] {dagbag.py:540} INFO - Filling up the DagBag from /opt/airflow/dags/bronze_dag2.py
[2026-07-15T12:48:22.045+0000] {processor.py:840} INFO - DAG(s) 'bronze_dag2' retrieved from /opt/airflow/dags/bronze_dag2.py
[2026-07-15T12:48:22.092+0000] {logging_mixin.py:188} INFO - [2026-07-15T12:48:22.092+0000] {dag.py:3096} INFO - Sync 1 DAGs
[2026-07-15T12:48:22.134+0000] {logging_mixin.py:188} INFO - [2026-07-15T12:48:22.134+0000] {dag.py:3954} INFO - Setting next_dagrun for bronze_dag2 to 2026-07-15 11:00:00+00:00, run_after=2026-07-15 12:00:00+00:00
[2026-07-15T12:48:22.182+0000] {processor.py:183} INFO - Processing /opt/airflow/dags/bronze_dag2.py took 0.198 seconds
[2026-07-15T12:48:52.379+0000] {processor.py:161} INFO - Started process (PID=1436) to work on /opt/airflow/dags/bronze_dag2.py
[2026-07-15T12:48:52.382+0000] {processor.py:830} INFO - Processing file /opt/airflow/dags/bronze_dag2.py for tasks to queue
[2026-07-15T12:48:52.389+0000] {logging_mixin.py:188} INFO - [2026-07-15T12:48:52.388+0000] {dagbag.py:540} INFO - Filling up the DagBag from /opt/airflow/dags/bronze_dag2.py
[2026-07-15T12:48:52.432+0000] {processor.py:840} INFO - DAG(s) 'bronze_dag2' retrieved from /opt/airflow/dags/bronze_dag2.py
[2026-07-15T12:48:52.487+0000] {logging_mixin.py:188} INFO - [2026-07-15T12:48:52.486+0000] {dag.py:3096} INFO - Sync 1 DAGs
[2026-07-15T12:48:52.535+0000] {logging_mixin.py:188} INFO - [2026-07-15T12:48:52.535+0000] {dag.py:3954} INFO - Setting next_dagrun for bronze_dag2 to 2026-07-15 11:00:00+00:00, run_after=2026-07-15 12:00:00+00:00
[2026-07-15T12:48:52.577+0000] {processor.py:183} INFO - Processing /opt/airflow/dags/bronze_dag2.py took 0.207 seconds
[2026-07-15T12:49:23.103+0000] {processor.py:161} INFO - Started process (PID=1461) to work on /opt/airflow/dags/bronze_dag2.py
[2026-07-15T12:49:23.112+0000] {processor.py:830} INFO - Processing file /opt/airflow/dags/bronze_dag2.py for tasks to queue
[2026-07-15T12:49:23.133+0000] {logging_mixin.py:188} INFO - [2026-07-15T12:49:23.131+0000] {dagbag.py:540} INFO - Filling up the DagBag from /opt/airflow/dags/bronze_dag2.py
[2026-07-15T12:49:23.166+0000] {processor.py:840} INFO - DAG(s) 'bronze_dag2' retrieved from /opt/airflow/dags/bronze_dag2.py
[2026-07-15T12:49:23.224+0000] {logging_mixin.py:188} INFO - [2026-07-15T12:49:23.223+0000] {dag.py:3096} INFO - Sync 1 DAGs
[2026-07-15T12:49:23.283+0000] {logging_mixin.py:188} INFO - [2026-07-15T12:49:23.283+0000] {dag.py:3954} INFO - Setting next_dagrun for bronze_dag2 to 2026-07-15 11:00:00+00:00, run_after=2026-07-15 12:00:00+00:00
[2026-07-15T12:49:23.324+0000] {processor.py:183} INFO - Processing /opt/airflow/dags/bronze_dag2.py took 0.244 seconds
[2026-07-15T12:49:54.128+0000] {processor.py:161} INFO - Started process (PID=1493) to work on /opt/airflow/dags/bronze_dag2.py
[2026-07-15T12:49:54.130+0000] {processor.py:830} INFO - Processing file /opt/airflow/dags/bronze_dag2.py for tasks to queue
[2026-07-15T12:49:54.136+0000] {logging_mixin.py:188} INFO - [2026-07-15T12:49:54.136+0000] {dagbag.py:540} INFO - Filling up the DagBag from /opt/airflow/dags/bronze_dag2.py
[2026-07-15T12:49:54.167+0000] {processor.py:840} INFO - DAG(s) 'bronze_dag2' retrieved from /opt/airflow/dags/bronze_dag2.py
[2026-07-15T12:49:54.204+0000] {logging_mixin.py:188} INFO - [2026-07-15T12:49:54.203+0000] {dag.py:3096} INFO - Sync 1 DAGs
[2026-07-15T12:49:54.236+0000] {logging_mixin.py:188} INFO - [2026-07-15T12:49:54.236+0000] {dag.py:3954} INFO - Setting next_dagrun for bronze_dag2 to 2026-07-15 11:00:00+00:00, run_after=2026-07-15 12:00:00+00:00
[2026-07-15T12:49:54.270+0000] {processor.py:183} INFO - Processing /opt/airflow/dags/bronze_dag2.py took 0.150 seconds
[2026-07-15T12:50:24.590+0000] {processor.py:161} INFO - Started process (PID=1518) to work on /opt/airflow/dags/bronze_dag2.py
[2026-07-15T12:50:24.592+0000] {processor.py:830} INFO - Processing file /opt/airflow/dags/bronze_dag2.py for tasks to queue
[2026-07-15T12:50:24.596+0000] {logging_mixin.py:188} INFO - [2026-07-15T12:50:24.595+0000] {dagbag.py:540} INFO - Filling up the DagBag from /opt/airflow/dags/bronze_dag2.py
[2026-07-15T12:50:24.632+0000] {processor.py:840} INFO - DAG(s) 'bronze_dag2' retrieved from /opt/airflow/dags/bronze_dag2.py
[2026-07-15T12:50:24.667+0000] {logging_mixin.py:188} INFO - [2026-07-15T12:50:24.667+0000] {dag.py:3096} INFO - Sync 1 DAGs
[2026-07-15T12:50:24.703+0000] {logging_mixin.py:188} INFO - [2026-07-15T12:50:24.703+0000] {dag.py:3954} INFO - Setting next_dagrun for bronze_dag2 to 2026-07-15 11:00:00+00:00, run_after=2026-07-15 12:00:00+00:00
[2026-07-15T12:50:24.735+0000] {processor.py:183} INFO - Processing /opt/airflow/dags/bronze_dag2.py took 0.156 seconds
[2026-07-15T12:50:54.870+0000] {processor.py:161} INFO - Started process (PID=1543) to work on /opt/airflow/dags/bronze_dag2.py
[2026-07-15T12:50:54.873+0000] {processor.py:830} INFO - Processing file /opt/airflow/dags/bronze_dag2.py for tasks to queue
[2026-07-15T12:50:54.879+0000] {logging_mixin.py:188} INFO - [2026-07-15T12:50:54.878+0000] {dagbag.py:540} INFO - Filling up the DagBag from /opt/airflow/dags/bronze_dag2.py
[2026-07-15T12:50:54.908+0000] {processor.py:840} INFO - DAG(s) 'bronze_dag2' retrieved from /opt/airflow/dags/bronze_dag2.py
[2026-07-15T12:50:54.953+0000] {logging_mixin.py:188} INFO - [2026-07-15T12:50:54.953+0000] {dag.py:3096} INFO - Sync 1 DAGs
[2026-07-15T12:50:54.990+0000] {logging_mixin.py:188} INFO - [2026-07-15T12:50:54.990+0000] {dag.py:3954} INFO - Setting next_dagrun for bronze_dag2 to 2026-07-15 11:00:00+00:00, run_after=2026-07-15 12:00:00+00:00
[2026-07-15T12:50:55.020+0000] {processor.py:183} INFO - Processing /opt/airflow/dags/bronze_dag2.py took 0.165 seconds
[2026-07-15T12:51:25.597+0000] {processor.py:161} INFO - Started process (PID=1568) to work on /opt/airflow/dags/bronze_dag2.py
[2026-07-15T12:51:25.600+0000] {processor.py:830} INFO - Processing file /opt/airflow/dags/bronze_dag2.py for tasks to queue
[2026-07-15T12:51:25.606+0000] {logging_mixin.py:188} INFO - [2026-07-15T12:51:25.605+0000] {dagbag.py:540} INFO - Filling up the DagBag from /opt/airflow/dags/bronze_dag2.py
[2026-07-15T12:51:25.637+0000] {processor.py:840} INFO - DAG(s) 'bronze_dag2' retrieved from /opt/airflow/dags/bronze_dag2.py
[2026-07-15T12:51:25.668+0000] {logging_mixin.py:188} INFO - [2026-07-15T12:51:25.668+0000] {dag.py:3096} INFO - Sync 1 DAGs
[2026-07-15T12:51:25.705+0000] {logging_mixin.py:188} INFO - [2026-07-15T12:51:25.704+0000] {dag.py:3954} INFO - Setting next_dagrun for bronze_dag2 to 2026-07-15 11:00:00+00:00, run_after=2026-07-15 12:00:00+00:00
[2026-07-15T12:51:25.732+0000] {processor.py:183} INFO - Processing /opt/airflow/dags/bronze_dag2.py took 0.146 seconds
[2026-07-15T12:51:56.630+0000] {processor.py:161} INFO - Started process (PID=1593) to work on /opt/airflow/dags/bronze_dag2.py
[2026-07-15T12:51:56.632+0000] {processor.py:830} INFO - Processing file /opt/airflow/dags/bronze_dag2.py for tasks to queue
[2026-07-15T12:51:56.636+0000] {logging_mixin.py:188} INFO - [2026-07-15T12:51:56.636+0000] {dagbag.py:540} INFO - Filling up the DagBag from /opt/airflow/dags/bronze_dag2.py
[2026-07-15T12:51:56.667+0000] {processor.py:840} INFO - DAG(s) 'bronze_dag2' retrieved from /opt/airflow/dags/bronze_dag2.py
[2026-07-15T12:51:56.702+0000] {logging_mixin.py:188} INFO - [2026-07-15T12:51:56.702+0000] {dag.py:3096} INFO - Sync 1 DAGs
[2026-07-15T12:51:56.736+0000] {logging_mixin.py:188} INFO - [2026-07-15T12:51:56.736+0000] {dag.py:3954} INFO - Setting next_dagrun for bronze_dag2 to 2026-07-15 11:00:00+00:00, run_after=2026-07-15 12:00:00+00:00
[2026-07-15T12:51:56.765+0000] {processor.py:183} INFO - Processing /opt/airflow/dags/bronze_dag2.py took 0.144 seconds
[2026-07-15T12:52:27.806+0000] {processor.py:161} INFO - Started process (PID=1618) to work on /opt/airflow/dags/bronze_dag2.py
[2026-07-15T12:52:27.808+0000] {processor.py:830} INFO - Processing file /opt/airflow/dags/bronze_dag2.py for tasks to queue
[2026-07-15T12:52:27.813+0000] {logging_mixin.py:188} INFO - [2026-07-15T12:52:27.812+0000] {dagbag.py:540} INFO - Filling up the DagBag from /opt/airflow/dags/bronze_dag2.py
[2026-07-15T12:52:27.840+0000] {processor.py:840} INFO - DAG(s) 'bronze_dag2' retrieved from /opt/airflow/dags/bronze_dag2.py
[2026-07-15T12:52:27.875+0000] {logging_mixin.py:188} INFO - [2026-07-15T12:52:27.875+0000] {dag.py:3096} INFO - Sync 1 DAGs
[2026-07-15T12:52:27.908+0000] {logging_mixin.py:188} INFO - [2026-07-15T12:52:27.908+0000] {dag.py:3954} INFO - Setting next_dagrun for bronze_dag2 to 2026-07-15 11:00:00+00:00, run_after=2026-07-15 12:00:00+00:00
[2026-07-15T12:52:27.935+0000] {processor.py:183} INFO - Processing /opt/airflow/dags/bronze_dag2.py took 0.138 seconds
[2026-07-15T12:52:58.095+0000] {processor.py:161} INFO - Started process (PID=1643) to work on /opt/airflow/dags/bronze_dag2.py
[2026-07-15T12:52:58.097+0000] {processor.py:830} INFO - Processing file /opt/airflow/dags/bronze_dag2.py for tasks to queue
[2026-07-15T12:52:58.101+0000] {logging_mixin.py:188} INFO - [2026-07-15T12:52:58.100+0000] {dagbag.py:540} INFO - Filling up the DagBag from /opt/airflow/dags/bronze_dag2.py
[2026-07-15T12:52:58.135+0000] {processor.py:840} INFO - DAG(s) 'bronze_dag2' retrieved from /opt/airflow/dags/bronze_dag2.py
[2026-07-15T12:52:58.176+0000] {logging_mixin.py:188} INFO - [2026-07-15T12:52:58.176+0000] {dag.py:3096} INFO - Sync 1 DAGs
[2026-07-15T12:52:58.209+0000] {logging_mixin.py:188} INFO - [2026-07-15T12:52:58.209+0000] {dag.py:3954} INFO - Setting next_dagrun for bronze_dag2 to 2026-07-15 11:00:00+00:00, run_after=2026-07-15 12:00:00+00:00
[2026-07-15T12:52:58.235+0000] {processor.py:183} INFO - Processing /opt/airflow/dags/bronze_dag2.py took 0.148 seconds
[2026-07-15T12:53:28.438+0000] {processor.py:161} INFO - Started process (PID=1668) to work on /opt/airflow/dags/bronze_dag2.py
[2026-07-15T12:53:28.441+0000] {processor.py:830} INFO - Processing file /opt/airflow/dags/bronze_dag2.py for tasks to queue
[2026-07-15T12:53:28.444+0000] {logging_mixin.py:188} INFO - [2026-07-15T12:53:28.444+0000] {dagbag.py:540} INFO - Filling up the DagBag from /opt/airflow/dags/bronze_dag2.py
[2026-07-15T12:53:28.475+0000] {processor.py:840} INFO - DAG(s) 'bronze_dag2' retrieved from /opt/airflow/dags/bronze_dag2.py
[2026-07-15T12:53:28.505+0000] {logging_mixin.py:188} INFO - [2026-07-15T12:53:28.505+0000] {dag.py:3096} INFO - Sync 1 DAGs
[2026-07-15T12:53:28.539+0000] {logging_mixin.py:188} INFO - [2026-07-15T12:53:28.538+0000] {dag.py:3954} INFO - Setting next_dagrun for bronze_dag2 to 2026-07-15 11:00:00+00:00, run_after=2026-07-15 12:00:00+00:00
[2026-07-15T12:53:28.584+0000] {processor.py:183} INFO - Processing /opt/airflow/dags/bronze_dag2.py took 0.152 seconds
[2026-07-15T12:53:58.792+0000] {processor.py:161} INFO - Started process (PID=1693) to work on /opt/airflow/dags/bronze_dag2.py
[2026-07-15T12:53:58.794+0000] {processor.py:830} INFO - Processing file /opt/airflow/dags/bronze_dag2.py for tasks to queue
[2026-07-15T12:53:58.798+0000] {logging_mixin.py:188} INFO - [2026-07-15T12:53:58.797+0000] {dagbag.py:540} INFO - Filling up the DagBag from /opt/airflow/dags/bronze_dag2.py
[2026-07-15T12:53:58.827+0000] {processor.py:840} INFO - DAG(s) 'bronze_dag2' retrieved from /opt/airflow/dags/bronze_dag2.py
[2026-07-15T12:53:58.862+0000] {logging_mixin.py:188} INFO - [2026-07-15T12:53:58.862+0000] {dag.py:3096} INFO - Sync 1 DAGs
[2026-07-15T12:53:58.896+0000] {logging_mixin.py:188} INFO - [2026-07-15T12:53:58.895+0000] {dag.py:3954} INFO - Setting next_dagrun for bronze_dag2 to 2026-07-15 11:00:00+00:00, run_after=2026-07-15 12:00:00+00:00
[2026-07-15T12:53:58.929+0000] {processor.py:183} INFO - Processing /opt/airflow/dags/bronze_dag2.py took 0.145 seconds
[2026-07-15T12:54:29.046+0000] {processor.py:161} INFO - Started process (PID=1718) to work on /opt/airflow/dags/bronze_dag2.py
[2026-07-15T12:54:29.048+0000] {processor.py:830} INFO - Processing file /opt/airflow/dags/bronze_dag2.py for tasks to queue
[2026-07-15T12:54:29.052+0000] {logging_mixin.py:188} INFO - [2026-07-15T12:54:29.051+0000] {dagbag.py:540} INFO - Filling up the DagBag from /opt/airflow/dags/bronze_dag2.py
[2026-07-15T12:54:29.090+0000] {processor.py:840} INFO - DAG(s) 'bronze_dag2' retrieved from /opt/airflow/dags/bronze_dag2.py
[2026-07-15T12:54:29.135+0000] {logging_mixin.py:188} INFO - [2026-07-15T12:54:29.134+0000] {dag.py:3096} INFO - Sync 1 DAGs
[2026-07-15T12:54:29.176+0000] {logging_mixin.py:188} INFO - [2026-07-15T12:54:29.176+0000] {dag.py:3954} INFO - Setting next_dagrun for bronze_dag2 to 2026-07-15 11:00:00+00:00, run_after=2026-07-15 12:00:00+00:00
[2026-07-15T12:54:29.211+0000] {processor.py:183} INFO - Processing /opt/airflow/dags/bronze_dag2.py took 0.173 seconds
[2026-07-15T12:54:59.326+0000] {processor.py:161} INFO - Started process (PID=1743) to work on /opt/airflow/dags/bronze_dag2.py
[2026-07-15T12:54:59.329+0000] {processor.py:830} INFO - Processing file /opt/airflow/dags/bronze_dag2.py for tasks to queue
[2026-07-15T12:54:59.334+0000] {logging_mixin.py:188} INFO - [2026-07-15T12:54:59.333+0000] {dagbag.py:540} INFO - Filling up the DagBag from /opt/airflow/dags/bronze_dag2.py
[2026-07-15T12:54:59.364+0000] {processor.py:840} INFO - DAG(s) 'bronze_dag2' retrieved from /opt/airflow/dags/bronze_dag2.py
[2026-07-15T12:54:59.394+0000] {logging_mixin.py:188} INFO - [2026-07-15T12:54:59.394+0000] {dag.py:3096} INFO - Sync 1 DAGs
[2026-07-15T12:54:59.432+0000] {logging_mixin.py:188} INFO - [2026-07-15T12:54:59.431+0000] {dag.py:3954} INFO - Setting next_dagrun for bronze_dag2 to 2026-07-15 11:00:00+00:00, run_after=2026-07-15 12:00:00+00:00
[2026-07-15T12:54:59.462+0000] {processor.py:183} INFO - Processing /opt/airflow/dags/bronze_dag2.py took 0.142 seconds
[2026-07-15T12:55:29.796+0000] {processor.py:161} INFO - Started process (PID=1768) to work on /opt/airflow/dags/bronze_dag2.py
[2026-07-15T12:55:29.799+0000] {processor.py:830} INFO - Processing file /opt/airflow/dags/bronze_dag2.py for tasks to queue
[2026-07-15T12:55:29.804+0000] {logging_mixin.py:188} INFO - [2026-07-15T12:55:29.804+0000] {dagbag.py:540} INFO - Filling up the DagBag from /opt/airflow/dags/bronze_dag2.py
[2026-07-15T12:55:29.833+0000] {processor.py:840} INFO - DAG(s) 'bronze_dag2' retrieved from /opt/airflow/dags/bronze_dag2.py
[2026-07-15T12:55:29.872+0000] {logging_mixin.py:188} INFO - [2026-07-15T12:55:29.872+0000] {dag.py:3096} INFO - Sync 1 DAGs
[2026-07-15T12:55:29.906+0000] {logging_mixin.py:188} INFO - [2026-07-15T12:55:29.906+0000] {dag.py:3954} INFO - Setting next_dagrun for bronze_dag2 to 2026-07-15 11:00:00+00:00, run_after=2026-07-15 12:00:00+00:00
[2026-07-15T12:55:29.937+0000] {processor.py:183} INFO - Processing /opt/airflow/dags/bronze_dag2.py took 0.148 seconds
[2026-07-15T12:56:00.179+0000] {processor.py:161} INFO - Started process (PID=1793) to work on /opt/airflow/dags/bronze_dag2.py
[2026-07-15T12:56:00.181+0000] {processor.py:830} INFO - Processing file /opt/airflow/dags/bronze_dag2.py for tasks to queue
[2026-07-15T12:56:00.185+0000] {logging_mixin.py:188} INFO - [2026-07-15T12:56:00.185+0000] {dagbag.py:540} INFO - Filling up the DagBag from /opt/airflow/dags/bronze_dag2.py
[2026-07-15T12:56:00.214+0000] {processor.py:840} INFO - DAG(s) 'bronze_dag2' retrieved from /opt/airflow/dags/bronze_dag2.py
[2026-07-15T12:56:00.253+0000] {logging_mixin.py:188} INFO - [2026-07-15T12:56:00.252+0000] {dag.py:3096} INFO - Sync 1 DAGs
[2026-07-15T12:56:00.287+0000] {logging_mixin.py:188} INFO - [2026-07-15T12:56:00.286+0000] {dag.py:3954} INFO - Setting next_dagrun for bronze_dag2 to 2026-07-15 11:00:00+00:00, run_after=2026-07-15 12:00:00+00:00
[2026-07-15T12:56:00.317+0000] {processor.py:183} INFO - Processing /opt/airflow/dags/bronze_dag2.py took 0.148 seconds
[2026-07-15T12:56:30.434+0000] {processor.py:161} INFO - Started process (PID=1818) to work on /opt/airflow/dags/bronze_dag2.py
[2026-07-15T12:56:30.437+0000] {processor.py:830} INFO - Processing file /opt/airflow/dags/bronze_dag2.py for tasks to queue
[2026-07-15T12:56:30.440+0000] {logging_mixin.py:188} INFO - [2026-07-15T12:56:30.440+0000] {dagbag.py:540} INFO - Filling up the DagBag from /opt/airflow/dags/bronze_dag2.py
[2026-07-15T12:56:30.471+0000] {processor.py:840} INFO - DAG(s) 'bronze_dag2' retrieved from /opt/airflow/dags/bronze_dag2.py
[2026-07-15T12:56:30.503+0000] {logging_mixin.py:188} INFO - [2026-07-15T12:56:30.503+0000] {dag.py:3096} INFO - Sync 1 DAGs
[2026-07-15T12:56:30.539+0000] {logging_mixin.py:188} INFO - [2026-07-15T12:56:30.539+0000] {dag.py:3954} INFO - Setting next_dagrun for bronze_dag2 to 2026-07-15 11:00:00+00:00, run_after=2026-07-15 12:00:00+00:00
[2026-07-15T12:56:30.570+0000] {processor.py:183} INFO - Processing /opt/airflow/dags/bronze_dag2.py took 0.143 seconds
[2026-07-15T12:57:01.499+0000] {processor.py:161} INFO - Started process (PID=1843) to work on /opt/airflow/dags/bronze_dag2.py
[2026-07-15T12:57:01.501+0000] {processor.py:830} INFO - Processing file /opt/airflow/dags/bronze_dag2.py for tasks to queue
[2026-07-15T12:57:01.505+0000] {logging_mixin.py:188} INFO - [2026-07-15T12:57:01.504+0000] {dagbag.py:540} INFO - Filling up the DagBag from /opt/airflow/dags/bronze_dag2.py
[2026-07-15T12:57:01.533+0000] {processor.py:840} INFO - DAG(s) 'bronze_dag2' retrieved from /opt/airflow/dags/bronze_dag2.py
[2026-07-15T12:57:01.584+0000] {logging_mixin.py:188} INFO - [2026-07-15T12:57:01.584+0000] {dag.py:3096} INFO - Sync 1 DAGs
[2026-07-15T12:57:01.644+0000] {logging_mixin.py:188} INFO - [2026-07-15T12:57:01.644+0000] {dag.py:3954} INFO - Setting next_dagrun for bronze_dag2 to 2026-07-15 11:00:00+00:00, run_after=2026-07-15 12:00:00+00:00
[2026-07-15T12:57:01.685+0000] {processor.py:183} INFO - Processing /opt/airflow/dags/bronze_dag2.py took 0.196 seconds
[2026-07-15T12:57:31.810+0000] {processor.py:161} INFO - Started process (PID=1868) to work on /opt/airflow/dags/bronze_dag2.py
[2026-07-15T12:57:31.812+0000] {processor.py:830} INFO - Processing file /opt/airflow/dags/bronze_dag2.py for tasks to queue
[2026-07-15T12:57:31.817+0000] {logging_mixin.py:188} INFO - [2026-07-15T12:57:31.816+0000] {dagbag.py:540} INFO - Filling up the DagBag from /opt/airflow/dags/bronze_dag2.py
[2026-07-15T12:57:31.859+0000] {processor.py:840} INFO - DAG(s) 'bronze_dag2' retrieved from /opt/airflow/dags/bronze_dag2.py
[2026-07-15T12:57:31.903+0000] {logging_mixin.py:188} INFO - [2026-07-15T12:57:31.903+0000] {dag.py:3096} INFO - Sync 1 DAGs
[2026-07-15T12:57:31.946+0000] {logging_mixin.py:188} INFO - [2026-07-15T12:57:31.945+0000] {dag.py:3954} INFO - Setting next_dagrun for bronze_dag2 to 2026-07-15 11:00:00+00:00, run_after=2026-07-15 12:00:00+00:00
[2026-07-15T12:57:31.971+0000] {processor.py:183} INFO - Processing /opt/airflow/dags/bronze_dag2.py took 0.176 seconds
[2026-07-15T12:58:02.051+0000] {processor.py:161} INFO - Started process (PID=1893) to work on /opt/airflow/dags/bronze_dag2.py
[2026-07-15T12:58:02.053+0000] {processor.py:830} INFO - Processing file /opt/airflow/dags/bronze_dag2.py for tasks to queue
[2026-07-15T12:58:02.057+0000] {logging_mixin.py:188} INFO - [2026-07-15T12:58:02.056+0000] {dagbag.py:540} INFO - Filling up the DagBag from /opt/airflow/dags/bronze_dag2.py
[2026-07-15T12:58:02.092+0000] {processor.py:840} INFO - DAG(s) 'bronze_dag2' retrieved from /opt/airflow/dags/bronze_dag2.py
[2026-07-15T12:58:02.131+0000] {logging_mixin.py:188} INFO - [2026-07-15T12:58:02.131+0000] {dag.py:3096} INFO - Sync 1 DAGs
[2026-07-15T12:58:02.168+0000] {logging_mixin.py:188} INFO - [2026-07-15T12:58:02.168+0000] {dag.py:3954} INFO - Setting next_dagrun for bronze_dag2 to 2026-07-15 11:00:00+00:00, run_after=2026-07-15 12:00:00+00:00
[2026-07-15T12:58:02.197+0000] {processor.py:183} INFO - Processing /opt/airflow/dags/bronze_dag2.py took 0.158 seconds
[2026-07-15T12:58:33.016+0000] {processor.py:161} INFO - Started process (PID=1936) to work on /opt/airflow/dags/bronze_dag2.py
[2026-07-15T12:58:33.021+0000] {processor.py:830} INFO - Processing file /opt/airflow/dags/bronze_dag2.py for tasks to queue
[2026-07-15T12:58:33.031+0000] {logging_mixin.py:188} INFO - [2026-07-15T12:58:33.028+0000] {dagbag.py:540} INFO - Filling up the DagBag from /opt/airflow/dags/bronze_dag2.py
[2026-07-15T12:58:33.186+0000] {processor.py:840} INFO - DAG(s) 'bronze_dag2' retrieved from /opt/airflow/dags/bronze_dag2.py
[2026-07-15T12:58:33.282+0000] {logging_mixin.py:188} INFO - [2026-07-15T12:58:33.281+0000] {dag.py:3096} INFO - Sync 1 DAGs
[2026-07-15T12:58:33.398+0000] {logging_mixin.py:188} INFO - [2026-07-15T12:58:33.397+0000] {dag.py:3954} INFO - Setting next_dagrun for bronze_dag2 to 2026-07-15 11:00:00+00:00, run_after=2026-07-15 12:00:00+00:00
[2026-07-15T12:58:33.475+0000] {processor.py:183} INFO - Processing /opt/airflow/dags/bronze_dag2.py took 0.491 seconds
[2026-07-15T12:59:03.834+0000] {processor.py:161} INFO - Started process (PID=2026) to work on /opt/airflow/dags/bronze_dag2.py
[2026-07-15T12:59:03.837+0000] {processor.py:830} INFO - Processing file /opt/airflow/dags/bronze_dag2.py for tasks to queue
[2026-07-15T12:59:03.850+0000] {logging_mixin.py:188} INFO - [2026-07-15T12:59:03.849+0000] {dagbag.py:540} INFO - Filling up the DagBag from /opt/airflow/dags/bronze_dag2.py
[2026-07-15T12:59:03.935+0000] {processor.py:840} INFO - DAG(s) 'bronze_dag2' retrieved from /opt/airflow/dags/bronze_dag2.py
[2026-07-15T12:59:04.143+0000] {logging_mixin.py:188} INFO - [2026-07-15T12:59:04.142+0000] {dag.py:3096} INFO - Sync 1 DAGs
[2026-07-15T12:59:04.631+0000] {logging_mixin.py:188} INFO - [2026-07-15T12:59:04.630+0000] {dag.py:3954} INFO - Setting next_dagrun for bronze_dag2 to 2026-07-15 11:00:00+00:00, run_after=2026-07-15 12:00:00+00:00
[2026-07-15T12:59:04.993+0000] {processor.py:183} INFO - Processing /opt/airflow/dags/bronze_dag2.py took 1.186 seconds
[2026-07-15T12:59:35.899+0000] {processor.py:161} INFO - Started process (PID=2060) to work on /opt/airflow/dags/bronze_dag2.py
[2026-07-15T12:59:35.936+0000] {processor.py:830} INFO - Processing file /opt/airflow/dags/bronze_dag2.py for tasks to queue
[2026-07-15T12:59:35.945+0000] {logging_mixin.py:188} INFO - [2026-07-15T12:59:35.944+0000] {dagbag.py:540} INFO - Filling up the DagBag from /opt/airflow/dags/bronze_dag2.py
[2026-07-15T12:59:36.036+0000] {processor.py:840} INFO - DAG(s) 'bronze_dag2' retrieved from /opt/airflow/dags/bronze_dag2.py
[2026-07-15T12:59:36.141+0000] {logging_mixin.py:188} INFO - [2026-07-15T12:59:36.141+0000] {dag.py:3096} INFO - Sync 1 DAGs
[2026-07-15T12:59:36.225+0000] {logging_mixin.py:188} INFO - [2026-07-15T12:59:36.225+0000] {dag.py:3954} INFO - Setting next_dagrun for bronze_dag2 to 2026-07-15 11:00:00+00:00, run_after=2026-07-15 12:00:00+00:00
[2026-07-15T12:59:36.312+0000] {processor.py:183} INFO - Processing /opt/airflow/dags/bronze_dag2.py took 0.454 seconds
[2026-07-15T13:00:07.103+0000] {processor.py:161} INFO - Started process (PID=2088) to work on /opt/airflow/dags/bronze_dag2.py
[2026-07-15T13:00:07.112+0000] {processor.py:830} INFO - Processing file /opt/airflow/dags/bronze_dag2.py for tasks to queue
[2026-07-15T13:00:07.126+0000] {logging_mixin.py:188} INFO - [2026-07-15T13:00:07.125+0000] {dagbag.py:540} INFO - Filling up the DagBag from /opt/airflow/dags/bronze_dag2.py
[2026-07-15T13:00:07.274+0000] {processor.py:840} INFO - DAG(s) 'bronze_dag2' retrieved from /opt/airflow/dags/bronze_dag2.py
[2026-07-15T13:00:07.389+0000] {logging_mixin.py:188} INFO - [2026-07-15T13:00:07.389+0000] {dag.py:3096} INFO - Sync 1 DAGs
[2026-07-15T13:00:07.513+0000] {logging_mixin.py:188} INFO - [2026-07-15T13:00:07.512+0000] {dag.py:3954} INFO - Setting next_dagrun for bronze_dag2 to 2026-07-15 12:00:00+00:00, run_after=2026-07-15 13:00:00+00:00
[2026-07-15T13:00:07.569+0000] {processor.py:183} INFO - Processing /opt/airflow/dags/bronze_dag2.py took 0.509 seconds
[2026-07-15T13:00:41.784+0000] {processor.py:161} INFO - Started process (PID=2128) to work on /opt/airflow/dags/bronze_dag2.py
[2026-07-15T13:00:41.847+0000] {processor.py:830} INFO - Processing file /opt/airflow/dags/bronze_dag2.py for tasks to queue
[2026-07-15T13:00:41.886+0000] {logging_mixin.py:188} INFO - [2026-07-15T13:00:41.856+0000] {dagbag.py:540} INFO - Filling up the DagBag from /opt/airflow/dags/bronze_dag2.py
[2026-07-15T13:00:42.611+0000] {processor.py:840} INFO - DAG(s) 'bronze_dag2' retrieved from /opt/airflow/dags/bronze_dag2.py
[2026-07-15T13:00:46.363+0000] {logging_mixin.py:188} INFO - [2026-07-15T13:00:46.330+0000] {dag.py:3096} INFO - Sync 1 DAGs
[2026-07-15T13:00:49.735+0000] {logging_mixin.py:188} INFO - [2026-07-15T13:00:49.331+0000] {dag.py:3954} INFO - Setting next_dagrun for bronze_dag2 to 2026-07-15 12:00:00+00:00, run_after=2026-07-15 13:00:00+00:00
[2026-07-15T13:00:50.723+0000] {processor.py:183} INFO - Processing /opt/airflow/dags/bronze_dag2.py took 9.219 seconds
[2026-07-15T13:03:52.700+0000] {processor.py:161} INFO - Started process (PID=2158) to work on /opt/airflow/dags/bronze_dag2.py
[2026-07-15T13:03:52.714+0000] {processor.py:830} INFO - Processing file /opt/airflow/dags/bronze_dag2.py for tasks to queue
[2026-07-15T13:03:52.722+0000] {logging_mixin.py:188} INFO - [2026-07-15T13:03:52.721+0000] {dagbag.py:540} INFO - Filling up the DagBag from /opt/airflow/dags/bronze_dag2.py
[2026-07-15T13:03:52.872+0000] {processor.py:840} INFO - DAG(s) 'bronze_dag2' retrieved from /opt/airflow/dags/bronze_dag2.py
[2026-07-15T13:03:52.999+0000] {logging_mixin.py:188} INFO - [2026-07-15T13:03:52.998+0000] {dag.py:3096} INFO - Sync 1 DAGs
[2026-07-15T13:03:53.133+0000] {logging_mixin.py:188} INFO - [2026-07-15T13:03:53.133+0000] {dag.py:3954} INFO - Setting next_dagrun for bronze_dag2 to 2026-07-15 12:00:00+00:00, run_after=2026-07-15 13:00:00+00:00
[2026-07-15T13:03:53.204+0000] {processor.py:183} INFO - Processing /opt/airflow/dags/bronze_dag2.py took 0.542 seconds
[2026-07-15T13:04:23.498+0000] {processor.py:161} INFO - Started process (PID=2195) to work on /opt/airflow/dags/bronze_dag2.py
[2026-07-15T13:04:23.506+0000] {processor.py:830} INFO - Processing file /opt/airflow/dags/bronze_dag2.py for tasks to queue
[2026-07-15T13:04:23.513+0000] {logging_mixin.py:188} INFO - [2026-07-15T13:04:23.512+0000] {dagbag.py:540} INFO - Filling up the DagBag from /opt/airflow/dags/bronze_dag2.py
[2026-07-15T13:04:23.583+0000] {processor.py:840} INFO - DAG(s) 'bronze_dag2' retrieved from /opt/airflow/dags/bronze_dag2.py
[2026-07-15T13:04:23.731+0000] {logging_mixin.py:188} INFO - [2026-07-15T13:04:23.730+0000] {dag.py:3096} INFO - Sync 1 DAGs
[2026-07-15T13:04:23.936+0000] {logging_mixin.py:188} INFO - [2026-07-15T13:04:23.936+0000] {dag.py:3954} INFO - Setting next_dagrun for bronze_dag2 to 2026-07-15 12:00:00+00:00, run_after=2026-07-15 13:00:00+00:00
[2026-07-15T13:04:24.009+0000] {processor.py:183} INFO - Processing /opt/airflow/dags/bronze_dag2.py took 0.554 seconds
[2026-07-15T13:25:28.115+0000] {processor.py:161} INFO - Started process (PID=2239) to work on /opt/airflow/dags/bronze_dag2.py
[2026-07-15T13:25:28.149+0000] {processor.py:830} INFO - Processing file /opt/airflow/dags/bronze_dag2.py for tasks to queue
[2026-07-15T13:25:28.175+0000] {logging_mixin.py:188} INFO - [2026-07-15T13:25:28.173+0000] {dagbag.py:540} INFO - Filling up the DagBag from /opt/airflow/dags/bronze_dag2.py
[2026-07-15T13:25:28.275+0000] {processor.py:840} INFO - DAG(s) 'bronze_dag2' retrieved from /opt/airflow/dags/bronze_dag2.py
[2026-07-15T13:25:28.701+0000] {logging_mixin.py:188} INFO - [2026-07-15T13:25:28.701+0000] {dag.py:3096} INFO - Sync 1 DAGs
[2026-07-15T13:25:29.522+0000] {logging_mixin.py:188} INFO - [2026-07-15T13:25:29.518+0000] {dag.py:3954} INFO - Setting next_dagrun for bronze_dag2 to 2026-07-15 12:00:00+00:00, run_after=2026-07-15 13:00:00+00:00
[2026-07-15T13:25:29.980+0000] {processor.py:183} INFO - Processing /opt/airflow/dags/bronze_dag2.py took 1.891 seconds
[2026-07-15T13:26:02.404+0000] {processor.py:161} INFO - Started process (PID=2309) to work on /opt/airflow/dags/bronze_dag2.py
[2026-07-15T13:26:02.472+0000] {processor.py:830} INFO - Processing file /opt/airflow/dags/bronze_dag2.py for tasks to queue
[2026-07-15T13:26:02.494+0000] {logging_mixin.py:188} INFO - [2026-07-15T13:26:02.492+0000] {dagbag.py:540} INFO - Filling up the DagBag from /opt/airflow/dags/bronze_dag2.py
[2026-07-15T13:26:02.655+0000] {processor.py:840} INFO - DAG(s) 'bronze_dag2' retrieved from /opt/airflow/dags/bronze_dag2.py
[2026-07-15T13:26:02.944+0000] {logging_mixin.py:188} INFO - [2026-07-15T13:26:02.943+0000] {dag.py:3096} INFO - Sync 1 DAGs
[2026-07-15T13:26:03.557+0000] {logging_mixin.py:188} INFO - [2026-07-15T13:26:03.556+0000] {dag.py:3954} INFO - Setting next_dagrun for bronze_dag2 to 2026-07-15 12:00:00+00:00, run_after=2026-07-15 13:00:00+00:00
[2026-07-15T13:26:03.967+0000] {processor.py:183} INFO - Processing /opt/airflow/dags/bronze_dag2.py took 1.637 seconds
[2026-07-15T13:26:34.642+0000] {processor.py:161} INFO - Started process (PID=2336) to work on /opt/airflow/dags/bronze_dag2.py
[2026-07-15T13:26:34.646+0000] {processor.py:830} INFO - Processing file /opt/airflow/dags/bronze_dag2.py for tasks to queue
[2026-07-15T13:26:34.678+0000] {logging_mixin.py:188} INFO - [2026-07-15T13:26:34.677+0000] {dagbag.py:540} INFO - Filling up the DagBag from /opt/airflow/dags/bronze_dag2.py
[2026-07-15T13:26:34.819+0000] {processor.py:840} INFO - DAG(s) 'bronze_dag2' retrieved from /opt/airflow/dags/bronze_dag2.py
[2026-07-15T13:26:34.979+0000] {logging_mixin.py:188} INFO - [2026-07-15T13:26:34.979+0000] {dag.py:3096} INFO - Sync 1 DAGs
[2026-07-15T13:26:35.149+0000] {logging_mixin.py:188} INFO - [2026-07-15T13:26:35.147+0000] {dag.py:3954} INFO - Setting next_dagrun for bronze_dag2 to 2026-07-15 12:00:00+00:00, run_after=2026-07-15 13:00:00+00:00
[2026-07-15T13:26:35.278+0000] {processor.py:183} INFO - Processing /opt/airflow/dags/bronze_dag2.py took 0.751 seconds
[2026-07-15T13:27:05.530+0000] {processor.py:161} INFO - Started process (PID=2361) to work on /opt/airflow/dags/bronze_dag2.py
[2026-07-15T13:27:05.535+0000] {processor.py:830} INFO - Processing file /opt/airflow/dags/bronze_dag2.py for tasks to queue
[2026-07-15T13:27:05.544+0000] {logging_mixin.py:188} INFO - [2026-07-15T13:27:05.542+0000] {dagbag.py:540} INFO - Filling up the DagBag from /opt/airflow/dags/bronze_dag2.py
[2026-07-15T13:27:05.631+0000] {processor.py:840} INFO - DAG(s) 'bronze_dag2' retrieved from /opt/airflow/dags/bronze_dag2.py
[2026-07-15T13:27:05.749+0000] {logging_mixin.py:188} INFO - [2026-07-15T13:27:05.748+0000] {dag.py:3096} INFO - Sync 1 DAGs
[2026-07-15T13:27:05.929+0000] {logging_mixin.py:188} INFO - [2026-07-15T13:27:05.924+0000] {dag.py:3954} INFO - Setting next_dagrun for bronze_dag2 to 2026-07-15 12:00:00+00:00, run_after=2026-07-15 13:00:00+00:00
[2026-07-15T13:27:06.009+0000] {processor.py:183} INFO - Processing /opt/airflow/dags/bronze_dag2.py took 0.508 seconds
[2026-07-15T13:27:36.598+0000] {processor.py:161} INFO - Started process (PID=2388) to work on /opt/airflow/dags/bronze_dag2.py
[2026-07-15T13:27:36.606+0000] {processor.py:830} INFO - Processing file /opt/airflow/dags/bronze_dag2.py for tasks to queue
[2026-07-15T13:27:36.634+0000] {logging_mixin.py:188} INFO - [2026-07-15T13:27:36.625+0000] {dagbag.py:540} INFO - Filling up the DagBag from /opt/airflow/dags/bronze_dag2.py
[2026-07-15T13:27:36.835+0000] {processor.py:840} INFO - DAG(s) 'bronze_dag2' retrieved from /opt/airflow/dags/bronze_dag2.py
[2026-07-15T13:27:37.281+0000] {logging_mixin.py:188} INFO - [2026-07-15T13:27:37.281+0000] {dag.py:3096} INFO - Sync 1 DAGs
[2026-07-15T13:27:37.533+0000] {logging_mixin.py:188} INFO - [2026-07-15T13:27:37.532+0000] {dag.py:3954} INFO - Setting next_dagrun for bronze_dag2 to 2026-07-15 12:00:00+00:00, run_after=2026-07-15 13:00:00+00:00
[2026-07-15T13:27:37.635+0000] {processor.py:183} INFO - Processing /opt/airflow/dags/bronze_dag2.py took 1.078 seconds
[2026-07-15T13:32:59.740+0000] {processor.py:161} INFO - Started process (PID=2415) to work on /opt/airflow/dags/bronze_dag2.py
[2026-07-15T13:32:59.757+0000] {processor.py:830} INFO - Processing file /opt/airflow/dags/bronze_dag2.py for tasks to queue
[2026-07-15T13:32:59.812+0000] {logging_mixin.py:188} INFO - [2026-07-15T13:32:59.788+0000] {dagbag.py:540} INFO - Filling up the DagBag from /opt/airflow/dags/bronze_dag2.py
[2026-07-15T13:33:00.221+0000] {processor.py:840} INFO - DAG(s) 'bronze_dag2' retrieved from /opt/airflow/dags/bronze_dag2.py
[2026-07-15T13:33:01.077+0000] {logging_mixin.py:188} INFO - [2026-07-15T13:33:01.076+0000] {dag.py:3096} INFO - Sync 1 DAGs
[2026-07-15T13:33:01.760+0000] {logging_mixin.py:188} INFO - [2026-07-15T13:33:01.758+0000] {dag.py:3954} INFO - Setting next_dagrun for bronze_dag2 to 2026-07-15 12:00:00+00:00, run_after=2026-07-15 13:00:00+00:00
[2026-07-15T13:33:02.107+0000] {processor.py:183} INFO - Processing /opt/airflow/dags/bronze_dag2.py took 2.835 seconds
[2026-07-15T13:33:32.614+0000] {processor.py:161} INFO - Started process (PID=2440) to work on /opt/airflow/dags/bronze_dag2.py
[2026-07-15T13:33:32.617+0000] {processor.py:830} INFO - Processing file /opt/airflow/dags/bronze_dag2.py for tasks to queue
[2026-07-15T13:33:32.620+0000] {logging_mixin.py:188} INFO - [2026-07-15T13:33:32.619+0000] {dagbag.py:540} INFO - Filling up the DagBag from /opt/airflow/dags/bronze_dag2.py
[2026-07-15T13:33:32.651+0000] {processor.py:840} INFO - DAG(s) 'bronze_dag2' retrieved from /opt/airflow/dags/bronze_dag2.py
[2026-07-15T13:33:32.670+0000] {logging_mixin.py:188} INFO - [2026-07-15T13:33:32.669+0000] {dag.py:3096} INFO - Sync 1 DAGs
[2026-07-15T13:33:32.720+0000] {logging_mixin.py:188} INFO - [2026-07-15T13:33:32.719+0000] {dag.py:3954} INFO - Setting next_dagrun for bronze_dag2 to 2026-07-15 12:00:00+00:00, run_after=2026-07-15 13:00:00+00:00
[2026-07-15T13:33:32.749+0000] {processor.py:183} INFO - Processing /opt/airflow/dags/bronze_dag2.py took 0.155 seconds
[2026-07-15T13:34:02.904+0000] {processor.py:161} INFO - Started process (PID=2465) to work on /opt/airflow/dags/bronze_dag2.py
[2026-07-15T13:34:02.907+0000] {processor.py:830} INFO - Processing file /opt/airflow/dags/bronze_dag2.py for tasks to queue
[2026-07-15T13:34:02.909+0000] {logging_mixin.py:188} INFO - [2026-07-15T13:34:02.908+0000] {dagbag.py:540} INFO - Filling up the DagBag from /opt/airflow/dags/bronze_dag2.py
[2026-07-15T13:34:02.947+0000] {processor.py:840} INFO - DAG(s) 'bronze_dag2' retrieved from /opt/airflow/dags/bronze_dag2.py
[2026-07-15T13:34:03.133+0000] {logging_mixin.py:188} INFO - [2026-07-15T13:34:03.132+0000] {dag.py:3096} INFO - Sync 1 DAGs
[2026-07-15T13:34:03.170+0000] {logging_mixin.py:188} INFO - [2026-07-15T13:34:03.170+0000] {dag.py:3954} INFO - Setting next_dagrun for bronze_dag2 to 2026-07-15 12:00:00+00:00, run_after=2026-07-15 13:00:00+00:00
[2026-07-15T13:34:03.200+0000] {processor.py:183} INFO - Processing /opt/airflow/dags/bronze_dag2.py took 0.306 seconds
[2026-07-15T13:34:33.603+0000] {processor.py:161} INFO - Started process (PID=2490) to work on /opt/airflow/dags/bronze_dag2.py
[2026-07-15T13:34:33.606+0000] {processor.py:830} INFO - Processing file /opt/airflow/dags/bronze_dag2.py for tasks to queue
[2026-07-15T13:34:33.609+0000] {logging_mixin.py:188} INFO - [2026-07-15T13:34:33.608+0000] {dagbag.py:540} INFO - Filling up the DagBag from /opt/airflow/dags/bronze_dag2.py
[2026-07-15T13:34:33.656+0000] {processor.py:840} INFO - DAG(s) 'bronze_dag2' retrieved from /opt/airflow/dags/bronze_dag2.py
[2026-07-15T13:34:33.703+0000] {logging_mixin.py:188} INFO - [2026-07-15T13:34:33.703+0000] {dag.py:3096} INFO - Sync 1 DAGs
[2026-07-15T13:34:33.753+0000] {logging_mixin.py:188} INFO - [2026-07-15T13:34:33.753+0000] {dag.py:3954} INFO - Setting next_dagrun for bronze_dag2 to 2026-07-15 12:00:00+00:00, run_after=2026-07-15 13:00:00+00:00
[2026-07-15T13:34:33.788+0000] {processor.py:183} INFO - Processing /opt/airflow/dags/bronze_dag2.py took 0.196 seconds
[2026-07-15T13:35:04.041+0000] {processor.py:161} INFO - Started process (PID=2515) to work on /opt/airflow/dags/bronze_dag2.py
[2026-07-15T13:35:04.044+0000] {processor.py:830} INFO - Processing file /opt/airflow/dags/bronze_dag2.py for tasks to queue
[2026-07-15T13:35:04.046+0000] {logging_mixin.py:188} INFO - [2026-07-15T13:35:04.045+0000] {dagbag.py:540} INFO - Filling up the DagBag from /opt/airflow/dags/bronze_dag2.py
[2026-07-15T13:35:04.084+0000] {processor.py:840} INFO - DAG(s) 'bronze_dag2' retrieved from /opt/airflow/dags/bronze_dag2.py
[2026-07-15T13:35:04.104+0000] {logging_mixin.py:188} INFO - [2026-07-15T13:35:04.103+0000] {dag.py:3096} INFO - Sync 1 DAGs
[2026-07-15T13:35:04.146+0000] {logging_mixin.py:188} INFO - [2026-07-15T13:35:04.146+0000] {dag.py:3954} INFO - Setting next_dagrun for bronze_dag2 to 2026-07-15 12:00:00+00:00, run_after=2026-07-15 13:00:00+00:00
[2026-07-15T13:35:04.193+0000] {processor.py:183} INFO - Processing /opt/airflow/dags/bronze_dag2.py took 0.163 seconds
[2026-07-15T13:35:34.484+0000] {processor.py:161} INFO - Started process (PID=2540) to work on /opt/airflow/dags/bronze_dag2.py
[2026-07-15T13:35:34.486+0000] {processor.py:830} INFO - Processing file /opt/airflow/dags/bronze_dag2.py for tasks to queue
[2026-07-15T13:35:34.489+0000] {logging_mixin.py:188} INFO - [2026-07-15T13:35:34.488+0000] {dagbag.py:540} INFO - Filling up the DagBag from /opt/airflow/dags/bronze_dag2.py
[2026-07-15T13:35:34.524+0000] {processor.py:840} INFO - DAG(s) 'bronze_dag2' retrieved from /opt/airflow/dags/bronze_dag2.py
[2026-07-15T13:35:34.682+0000] {logging_mixin.py:188} INFO - [2026-07-15T13:35:34.681+0000] {dag.py:3096} INFO - Sync 1 DAGs
[2026-07-15T13:35:34.729+0000] {logging_mixin.py:188} INFO - [2026-07-15T13:35:34.728+0000] {dag.py:3954} INFO - Setting next_dagrun for bronze_dag2 to 2026-07-15 12:00:00+00:00, run_after=2026-07-15 13:00:00+00:00
[2026-07-15T13:35:34.763+0000] {processor.py:183} INFO - Processing /opt/airflow/dags/bronze_dag2.py took 0.289 seconds
[2026-07-15T13:36:05.048+0000] {processor.py:161} INFO - Started process (PID=2565) to work on /opt/airflow/dags/bronze_dag2.py
[2026-07-15T13:36:05.050+0000] {processor.py:830} INFO - Processing file /opt/airflow/dags/bronze_dag2.py for tasks to queue
[2026-07-15T13:36:05.052+0000] {logging_mixin.py:188} INFO - [2026-07-15T13:36:05.052+0000] {dagbag.py:540} INFO - Filling up the DagBag from /opt/airflow/dags/bronze_dag2.py
[2026-07-15T13:36:05.100+0000] {processor.py:840} INFO - DAG(s) 'bronze_dag2' retrieved from /opt/airflow/dags/bronze_dag2.py
[2026-07-15T13:36:05.155+0000] {logging_mixin.py:188} INFO - [2026-07-15T13:36:05.155+0000] {dag.py:3096} INFO - Sync 1 DAGs
[2026-07-15T13:36:05.188+0000] {logging_mixin.py:188} INFO - [2026-07-15T13:36:05.188+0000] {dag.py:3954} INFO - Setting next_dagrun for bronze_dag2 to 2026-07-15 12:00:00+00:00, run_after=2026-07-15 13:00:00+00:00
[2026-07-15T13:36:05.220+0000] {processor.py:183} INFO - Processing /opt/airflow/dags/bronze_dag2.py took 0.181 seconds
[2026-07-15T13:36:35.458+0000] {processor.py:161} INFO - Started process (PID=2590) to work on /opt/airflow/dags/bronze_dag2.py
[2026-07-15T13:36:35.460+0000] {processor.py:830} INFO - Processing file /opt/airflow/dags/bronze_dag2.py for tasks to queue
[2026-07-15T13:36:35.463+0000] {logging_mixin.py:188} INFO - [2026-07-15T13:36:35.463+0000] {dagbag.py:540} INFO - Filling up the DagBag from /opt/airflow/dags/bronze_dag2.py
[2026-07-15T13:36:35.496+0000] {processor.py:840} INFO - DAG(s) 'bronze_dag2' retrieved from /opt/airflow/dags/bronze_dag2.py
[2026-07-15T13:36:35.545+0000] {logging_mixin.py:188} INFO - [2026-07-15T13:36:35.545+0000] {dag.py:3096} INFO - Sync 1 DAGs
[2026-07-15T13:36:35.588+0000] {logging_mixin.py:188} INFO - [2026-07-15T13:36:35.588+0000] {dag.py:3954} INFO - Setting next_dagrun for bronze_dag2 to 2026-07-15 12:00:00+00:00, run_after=2026-07-15 13:00:00+00:00
[2026-07-15T13:36:35.624+0000] {processor.py:183} INFO - Processing /opt/airflow/dags/bronze_dag2.py took 0.175 seconds
[2026-07-15T13:37:05.788+0000] {processor.py:161} INFO - Started process (PID=2615) to work on /opt/airflow/dags/bronze_dag2.py
[2026-07-15T13:37:05.792+0000] {processor.py:830} INFO - Processing file /opt/airflow/dags/bronze_dag2.py for tasks to queue
[2026-07-15T13:37:05.796+0000] {logging_mixin.py:188} INFO - [2026-07-15T13:37:05.796+0000] {dagbag.py:540} INFO - Filling up the DagBag from /opt/airflow/dags/bronze_dag2.py
[2026-07-15T13:37:05.851+0000] {processor.py:840} INFO - DAG(s) 'bronze_dag2' retrieved from /opt/airflow/dags/bronze_dag2.py
[2026-07-15T13:37:05.905+0000] {logging_mixin.py:188} INFO - [2026-07-15T13:37:05.904+0000] {dag.py:3096} INFO - Sync 1 DAGs
[2026-07-15T13:37:05.956+0000] {logging_mixin.py:188} INFO - [2026-07-15T13:37:05.955+0000] {dag.py:3954} INFO - Setting next_dagrun for bronze_dag2 to 2026-07-15 12:00:00+00:00, run_after=2026-07-15 13:00:00+00:00
[2026-07-15T13:37:05.997+0000] {processor.py:183} INFO - Processing /opt/airflow/dags/bronze_dag2.py took 0.226 seconds
[2026-07-15T13:37:36.151+0000] {processor.py:161} INFO - Started process (PID=2640) to work on /opt/airflow/dags/bronze_dag2.py
[2026-07-15T13:37:36.154+0000] {processor.py:830} INFO - Processing file /opt/airflow/dags/bronze_dag2.py for tasks to queue
[2026-07-15T13:37:36.157+0000] {logging_mixin.py:188} INFO - [2026-07-15T13:37:36.157+0000] {dagbag.py:540} INFO - Filling up the DagBag from /opt/airflow/dags/bronze_dag2.py
[2026-07-15T13:37:36.196+0000] {processor.py:840} INFO - DAG(s) 'bronze_dag2' retrieved from /opt/airflow/dags/bronze_dag2.py
[2026-07-15T13:37:36.237+0000] {logging_mixin.py:188} INFO - [2026-07-15T13:37:36.236+0000] {dag.py:3096} INFO - Sync 1 DAGs
[2026-07-15T13:37:36.270+0000] {logging_mixin.py:188} INFO - [2026-07-15T13:37:36.270+0000] {dag.py:3954} INFO - Setting next_dagrun for bronze_dag2 to 2026-07-15 12:00:00+00:00, run_after=2026-07-15 13:00:00+00:00
[2026-07-15T13:37:36.300+0000] {processor.py:183} INFO - Processing /opt/airflow/dags/bronze_dag2.py took 0.160 seconds
[2026-07-15T13:38:06.525+0000] {processor.py:161} INFO - Started process (PID=2665) to work on /opt/airflow/dags/bronze_dag2.py
[2026-07-15T13:38:06.528+0000] {processor.py:830} INFO - Processing file /opt/airflow/dags/bronze_dag2.py for tasks to queue
[2026-07-15T13:38:06.531+0000] {logging_mixin.py:188} INFO - [2026-07-15T13:38:06.531+0000] {dagbag.py:540} INFO - Filling up the DagBag from /opt/airflow/dags/bronze_dag2.py
[2026-07-15T13:38:06.570+0000] {processor.py:840} INFO - DAG(s) 'bronze_dag2' retrieved from /opt/airflow/dags/bronze_dag2.py
[2026-07-15T13:38:06.619+0000] {logging_mixin.py:188} INFO - [2026-07-15T13:38:06.619+0000] {dag.py:3096} INFO - Sync 1 DAGs
[2026-07-15T13:38:06.659+0000] {logging_mixin.py:188} INFO - [2026-07-15T13:38:06.659+0000] {dag.py:3954} INFO - Setting next_dagrun for bronze_dag2 to 2026-07-15 12:00:00+00:00, run_after=2026-07-15 13:00:00+00:00
[2026-07-15T13:38:06.686+0000] {processor.py:183} INFO - Processing /opt/airflow/dags/bronze_dag2.py took 0.172 seconds
[2026-07-15T13:38:37.005+0000] {processor.py:161} INFO - Started process (PID=2690) to work on /opt/airflow/dags/bronze_dag2.py
[2026-07-15T13:38:37.007+0000] {processor.py:830} INFO - Processing file /opt/airflow/dags/bronze_dag2.py for tasks to queue
[2026-07-15T13:38:37.009+0000] {logging_mixin.py:188} INFO - [2026-07-15T13:38:37.009+0000] {dagbag.py:540} INFO - Filling up the DagBag from /opt/airflow/dags/bronze_dag2.py
[2026-07-15T13:38:37.043+0000] {processor.py:840} INFO - DAG(s) 'bronze_dag2' retrieved from /opt/airflow/dags/bronze_dag2.py
[2026-07-15T13:38:37.083+0000] {logging_mixin.py:188} INFO - [2026-07-15T13:38:37.083+0000] {dag.py:3096} INFO - Sync 1 DAGs
[2026-07-15T13:38:37.115+0000] {logging_mixin.py:188} INFO - [2026-07-15T13:38:37.115+0000] {dag.py:3954} INFO - Setting next_dagrun for bronze_dag2 to 2026-07-15 12:00:00+00:00, run_after=2026-07-15 13:00:00+00:00
[2026-07-15T13:38:37.146+0000] {processor.py:183} INFO - Processing /opt/airflow/dags/bronze_dag2.py took 0.158 seconds
[2026-07-15T13:39:07.247+0000] {processor.py:161} INFO - Started process (PID=2715) to work on /opt/airflow/dags/bronze_dag2.py
[2026-07-15T13:39:07.249+0000] {processor.py:830} INFO - Processing file /opt/airflow/dags/bronze_dag2.py for tasks to queue
[2026-07-15T13:39:07.252+0000] {logging_mixin.py:188} INFO - [2026-07-15T13:39:07.252+0000] {dagbag.py:540} INFO - Filling up the DagBag from /opt/airflow/dags/bronze_dag2.py
[2026-07-15T13:39:07.286+0000] {processor.py:840} INFO - DAG(s) 'bronze_dag2' retrieved from /opt/airflow/dags/bronze_dag2.py
[2026-07-15T13:39:07.332+0000] {logging_mixin.py:188} INFO - [2026-07-15T13:39:07.331+0000] {dag.py:3096} INFO - Sync 1 DAGs
[2026-07-15T13:39:07.369+0000] {logging_mixin.py:188} INFO - [2026-07-15T13:39:07.369+0000] {dag.py:3954} INFO - Setting next_dagrun for bronze_dag2 to 2026-07-15 12:00:00+00:00, run_after=2026-07-15 13:00:00+00:00
[2026-07-15T13:39:07.411+0000] {processor.py:183} INFO - Processing /opt/airflow/dags/bronze_dag2.py took 0.175 seconds
[2026-07-15T13:39:37.624+0000] {processor.py:161} INFO - Started process (PID=2740) to work on /opt/airflow/dags/bronze_dag2.py
[2026-07-15T13:39:37.627+0000] {processor.py:830} INFO - Processing file /opt/airflow/dags/bronze_dag2.py for tasks to queue
[2026-07-15T13:39:37.630+0000] {logging_mixin.py:188} INFO - [2026-07-15T13:39:37.629+0000] {dagbag.py:540} INFO - Filling up the DagBag from /opt/airflow/dags/bronze_dag2.py
[2026-07-15T13:39:37.665+0000] {processor.py:840} INFO - DAG(s) 'bronze_dag2' retrieved from /opt/airflow/dags/bronze_dag2.py
[2026-07-15T13:39:37.712+0000] {logging_mixin.py:188} INFO - [2026-07-15T13:39:37.711+0000] {dag.py:3096} INFO - Sync 1 DAGs
[2026-07-15T13:39:37.750+0000] {logging_mixin.py:188} INFO - [2026-07-15T13:39:37.750+0000] {dag.py:3954} INFO - Setting next_dagrun for bronze_dag2 to 2026-07-15 12:00:00+00:00, run_after=2026-07-15 13:00:00+00:00
[2026-07-15T13:39:37.779+0000] {processor.py:183} INFO - Processing /opt/airflow/dags/bronze_dag2.py took 0.163 seconds
[2026-07-15T13:40:07.995+0000] {processor.py:161} INFO - Started process (PID=2765) to work on /opt/airflow/dags/bronze_dag2.py
[2026-07-15T13:40:07.998+0000] {processor.py:830} INFO - Processing file /opt/airflow/dags/bronze_dag2.py for tasks to queue
[2026-07-15T13:40:08.000+0000] {logging_mixin.py:188} INFO - [2026-07-15T13:40:08.000+0000] {dagbag.py:540} INFO - Filling up the DagBag from /opt/airflow/dags/bronze_dag2.py
[2026-07-15T13:40:08.038+0000] {processor.py:840} INFO - DAG(s) 'bronze_dag2' retrieved from /opt/airflow/dags/bronze_dag2.py
[2026-07-15T13:40:08.081+0000] {logging_mixin.py:188} INFO - [2026-07-15T13:40:08.080+0000] {dag.py:3096} INFO - Sync 1 DAGs
[2026-07-15T13:40:08.127+0000] {logging_mixin.py:188} INFO - [2026-07-15T13:40:08.126+0000] {dag.py:3954} INFO - Setting next_dagrun for bronze_dag2 to 2026-07-15 12:00:00+00:00, run_after=2026-07-15 13:00:00+00:00
[2026-07-15T13:40:08.174+0000] {processor.py:183} INFO - Processing /opt/airflow/dags/bronze_dag2.py took 0.191 seconds
[2026-07-15T13:40:38.551+0000] {processor.py:161} INFO - Started process (PID=2790) to work on /opt/airflow/dags/bronze_dag2.py
[2026-07-15T13:40:38.554+0000] {processor.py:830} INFO - Processing file /opt/airflow/dags/bronze_dag2.py for tasks to queue
[2026-07-15T13:40:38.556+0000] {logging_mixin.py:188} INFO - [2026-07-15T13:40:38.556+0000] {dagbag.py:540} INFO - Filling up the DagBag from /opt/airflow/dags/bronze_dag2.py
[2026-07-15T13:40:38.621+0000] {processor.py:840} INFO - DAG(s) 'bronze_dag2' retrieved from /opt/airflow/dags/bronze_dag2.py
[2026-07-15T13:40:38.706+0000] {logging_mixin.py:188} INFO - [2026-07-15T13:40:38.706+0000] {dag.py:3096} INFO - Sync 1 DAGs
[2026-07-15T13:40:38.765+0000] {logging_mixin.py:188} INFO - [2026-07-15T13:40:38.765+0000] {dag.py:3954} INFO - Setting next_dagrun for bronze_dag2 to 2026-07-15 12:00:00+00:00, run_after=2026-07-15 13:00:00+00:00
[2026-07-15T13:40:38.806+0000] {processor.py:183} INFO - Processing /opt/airflow/dags/bronze_dag2.py took 0.270 seconds
[2026-07-15T13:41:09.015+0000] {processor.py:161} INFO - Started process (PID=2815) to work on /opt/airflow/dags/bronze_dag2.py
[2026-07-15T13:41:09.021+0000] {processor.py:830} INFO - Processing file /opt/airflow/dags/bronze_dag2.py for tasks to queue
[2026-07-15T13:41:09.029+0000] {logging_mixin.py:188} INFO - [2026-07-15T13:41:09.028+0000] {dagbag.py:540} INFO - Filling up the DagBag from /opt/airflow/dags/bronze_dag2.py
[2026-07-15T13:41:09.088+0000] {processor.py:840} INFO - DAG(s) 'bronze_dag2' retrieved from /opt/airflow/dags/bronze_dag2.py
[2026-07-15T13:41:09.152+0000] {logging_mixin.py:188} INFO - [2026-07-15T13:41:09.152+0000] {dag.py:3096} INFO - Sync 1 DAGs
[2026-07-15T13:41:09.198+0000] {logging_mixin.py:188} INFO - [2026-07-15T13:41:09.198+0000] {dag.py:3954} INFO - Setting next_dagrun for bronze_dag2 to 2026-07-15 12:00:00+00:00, run_after=2026-07-15 13:00:00+00:00
[2026-07-15T13:41:09.233+0000] {processor.py:183} INFO - Processing /opt/airflow/dags/bronze_dag2.py took 0.238 seconds
[2026-07-15T13:41:40.133+0000] {processor.py:161} INFO - Started process (PID=2840) to work on /opt/airflow/dags/bronze_dag2.py
[2026-07-15T13:41:40.136+0000] {processor.py:830} INFO - Processing file /opt/airflow/dags/bronze_dag2.py for tasks to queue
[2026-07-15T13:41:40.138+0000] {logging_mixin.py:188} INFO - [2026-07-15T13:41:40.137+0000] {dagbag.py:540} INFO - Filling up the DagBag from /opt/airflow/dags/bronze_dag2.py
[2026-07-15T13:41:40.180+0000] {processor.py:840} INFO - DAG(s) 'bronze_dag2' retrieved from /opt/airflow/dags/bronze_dag2.py
[2026-07-15T13:41:40.277+0000] {logging_mixin.py:188} INFO - [2026-07-15T13:41:40.276+0000] {dag.py:3096} INFO - Sync 1 DAGs
[2026-07-15T13:41:40.343+0000] {logging_mixin.py:188} INFO - [2026-07-15T13:41:40.342+0000] {dag.py:3954} INFO - Setting next_dagrun for bronze_dag2 to 2026-07-15 12:00:00+00:00, run_after=2026-07-15 13:00:00+00:00
[2026-07-15T13:41:40.378+0000] {processor.py:183} INFO - Processing /opt/airflow/dags/bronze_dag2.py took 0.258 seconds
[2026-07-15T13:42:11.343+0000] {processor.py:161} INFO - Started process (PID=2865) to work on /opt/airflow/dags/bronze_dag2.py
[2026-07-15T13:42:11.346+0000] {processor.py:830} INFO - Processing file /opt/airflow/dags/bronze_dag2.py for tasks to queue
[2026-07-15T13:42:11.350+0000] {logging_mixin.py:188} INFO - [2026-07-15T13:42:11.349+0000] {dagbag.py:540} INFO - Filling up the DagBag from /opt/airflow/dags/bronze_dag2.py
[2026-07-15T13:42:11.395+0000] {processor.py:840} INFO - DAG(s) 'bronze_dag2' retrieved from /opt/airflow/dags/bronze_dag2.py
[2026-07-15T13:42:11.434+0000] {logging_mixin.py:188} INFO - [2026-07-15T13:42:11.434+0000] {dag.py:3096} INFO - Sync 1 DAGs
[2026-07-15T13:42:11.469+0000] {logging_mixin.py:188} INFO - [2026-07-15T13:42:11.469+0000] {dag.py:3954} INFO - Setting next_dagrun for bronze_dag2 to 2026-07-15 12:00:00+00:00, run_after=2026-07-15 13:00:00+00:00
[2026-07-15T13:42:11.496+0000] {processor.py:183} INFO - Processing /opt/airflow/dags/bronze_dag2.py took 0.162 seconds
[2026-07-15T13:42:42.318+0000] {processor.py:161} INFO - Started process (PID=2890) to work on /opt/airflow/dags/bronze_dag2.py
[2026-07-15T13:42:42.322+0000] {processor.py:830} INFO - Processing file /opt/airflow/dags/bronze_dag2.py for tasks to queue
[2026-07-15T13:42:42.325+0000] {logging_mixin.py:188} INFO - [2026-07-15T13:42:42.324+0000] {dagbag.py:540} INFO - Filling up the DagBag from /opt/airflow/dags/bronze_dag2.py
[2026-07-15T13:42:42.368+0000] {processor.py:840} INFO - DAG(s) 'bronze_dag2' retrieved from /opt/airflow/dags/bronze_dag2.py
[2026-07-15T13:42:42.450+0000] {logging_mixin.py:188} INFO - [2026-07-15T13:42:42.449+0000] {dag.py:3096} INFO - Sync 1 DAGs
[2026-07-15T13:42:42.518+0000] {logging_mixin.py:188} INFO - [2026-07-15T13:42:42.517+0000] {dag.py:3954} INFO - Setting next_dagrun for bronze_dag2 to 2026-07-15 12:00:00+00:00, run_after=2026-07-15 13:00:00+00:00
[2026-07-15T13:42:42.559+0000] {processor.py:183} INFO - Processing /opt/airflow/dags/bronze_dag2.py took 0.251 seconds
[2026-07-15T13:43:12.722+0000] {processor.py:161} INFO - Started process (PID=2915) to work on /opt/airflow/dags/bronze_dag2.py
[2026-07-15T13:43:12.724+0000] {processor.py:830} INFO - Processing file /opt/airflow/dags/bronze_dag2.py for tasks to queue
[2026-07-15T13:43:12.728+0000] {logging_mixin.py:188} INFO - [2026-07-15T13:43:12.727+0000] {dagbag.py:540} INFO - Filling up the DagBag from /opt/airflow/dags/bronze_dag2.py
[2026-07-15T13:43:12.763+0000] {processor.py:840} INFO - DAG(s) 'bronze_dag2' retrieved from /opt/airflow/dags/bronze_dag2.py
[2026-07-15T13:43:12.812+0000] {logging_mixin.py:188} INFO - [2026-07-15T13:43:12.812+0000] {dag.py:3096} INFO - Sync 1 DAGs
[2026-07-15T13:43:12.853+0000] {logging_mixin.py:188} INFO - [2026-07-15T13:43:12.853+0000] {dag.py:3954} INFO - Setting next_dagrun for bronze_dag2 to 2026-07-15 12:00:00+00:00, run_after=2026-07-15 13:00:00+00:00
[2026-07-15T13:43:12.883+0000] {processor.py:183} INFO - Processing /opt/airflow/dags/bronze_dag2.py took 0.169 seconds
[2026-07-15T13:43:43.632+0000] {processor.py:161} INFO - Started process (PID=2940) to work on /opt/airflow/dags/bronze_dag2.py
[2026-07-15T13:43:43.636+0000] {processor.py:830} INFO - Processing file /opt/airflow/dags/bronze_dag2.py for tasks to queue
[2026-07-15T13:43:43.639+0000] {logging_mixin.py:188} INFO - [2026-07-15T13:43:43.638+0000] {dagbag.py:540} INFO - Filling up the DagBag from /opt/airflow/dags/bronze_dag2.py
[2026-07-15T13:43:43.686+0000] {processor.py:840} INFO - DAG(s) 'bronze_dag2' retrieved from /opt/airflow/dags/bronze_dag2.py
[2026-07-15T13:43:43.756+0000] {logging_mixin.py:188} INFO - [2026-07-15T13:43:43.755+0000] {dag.py:3096} INFO - Sync 1 DAGs
[2026-07-15T13:43:43.817+0000] {logging_mixin.py:188} INFO - [2026-07-15T13:43:43.817+0000] {dag.py:3954} INFO - Setting next_dagrun for bronze_dag2 to 2026-07-15 12:00:00+00:00, run_after=2026-07-15 13:00:00+00:00
[2026-07-15T13:43:43.861+0000] {processor.py:183} INFO - Processing /opt/airflow/dags/bronze_dag2.py took 0.241 seconds
[2026-07-15T13:44:14.711+0000] {processor.py:161} INFO - Started process (PID=2965) to work on /opt/airflow/dags/bronze_dag2.py
[2026-07-15T13:44:14.713+0000] {processor.py:830} INFO - Processing file /opt/airflow/dags/bronze_dag2.py for tasks to queue
[2026-07-15T13:44:14.716+0000] {logging_mixin.py:188} INFO - [2026-07-15T13:44:14.715+0000] {dagbag.py:540} INFO - Filling up the DagBag from /opt/airflow/dags/bronze_dag2.py
[2026-07-15T13:44:14.749+0000] {processor.py:840} INFO - DAG(s) 'bronze_dag2' retrieved from /opt/airflow/dags/bronze_dag2.py
[2026-07-15T13:44:14.790+0000] {logging_mixin.py:188} INFO - [2026-07-15T13:44:14.789+0000] {dag.py:3096} INFO - Sync 1 DAGs
[2026-07-15T13:44:14.824+0000] {logging_mixin.py:188} INFO - [2026-07-15T13:44:14.824+0000] {dag.py:3954} INFO - Setting next_dagrun for bronze_dag2 to 2026-07-15 12:00:00+00:00, run_after=2026-07-15 13:00:00+00:00
[2026-07-15T13:44:14.861+0000] {processor.py:183} INFO - Processing /opt/airflow/dags/bronze_dag2.py took 0.164 seconds
[2026-07-15T13:44:45.064+0000] {processor.py:161} INFO - Started process (PID=2990) to work on /opt/airflow/dags/bronze_dag2.py
[2026-07-15T13:44:45.067+0000] {processor.py:830} INFO - Processing file /opt/airflow/dags/bronze_dag2.py for tasks to queue
[2026-07-15T13:44:45.070+0000] {logging_mixin.py:188} INFO - [2026-07-15T13:44:45.069+0000] {dagbag.py:540} INFO - Filling up the DagBag from /opt/airflow/dags/bronze_dag2.py
[2026-07-15T13:44:45.109+0000] {processor.py:840} INFO - DAG(s) 'bronze_dag2' retrieved from /opt/airflow/dags/bronze_dag2.py
[2026-07-15T13:44:45.156+0000] {logging_mixin.py:188} INFO - [2026-07-15T13:44:45.156+0000] {dag.py:3096} INFO - Sync 1 DAGs
[2026-07-15T13:44:45.198+0000] {logging_mixin.py:188} INFO - [2026-07-15T13:44:45.197+0000] {dag.py:3954} INFO - Setting next_dagrun for bronze_dag2 to 2026-07-15 12:00:00+00:00, run_after=2026-07-15 13:00:00+00:00
[2026-07-15T13:44:45.227+0000] {processor.py:183} INFO - Processing /opt/airflow/dags/bronze_dag2.py took 0.179 seconds
[2026-07-15T13:45:15.568+0000] {processor.py:161} INFO - Started process (PID=3015) to work on /opt/airflow/dags/bronze_dag2.py
[2026-07-15T13:45:15.571+0000] {processor.py:830} INFO - Processing file /opt/airflow/dags/bronze_dag2.py for tasks to queue
[2026-07-15T13:45:15.573+0000] {logging_mixin.py:188} INFO - [2026-07-15T13:45:15.572+0000] {dagbag.py:540} INFO - Filling up the DagBag from /opt/airflow/dags/bronze_dag2.py
[2026-07-15T13:45:15.604+0000] {processor.py:840} INFO - DAG(s) 'bronze_dag2' retrieved from /opt/airflow/dags/bronze_dag2.py
[2026-07-15T13:45:15.647+0000] {logging_mixin.py:188} INFO - [2026-07-15T13:45:15.647+0000] {dag.py:3096} INFO - Sync 1 DAGs
[2026-07-15T13:45:15.686+0000] {logging_mixin.py:188} INFO - [2026-07-15T13:45:15.686+0000] {dag.py:3954} INFO - Setting next_dagrun for bronze_dag2 to 2026-07-15 12:00:00+00:00, run_after=2026-07-15 13:00:00+00:00
[2026-07-15T13:45:15.716+0000] {processor.py:183} INFO - Processing /opt/airflow/dags/bronze_dag2.py took 0.158 seconds
[2026-07-15T13:45:46.462+0000] {processor.py:161} INFO - Started process (PID=3040) to work on /opt/airflow/dags/bronze_dag2.py
[2026-07-15T13:45:46.468+0000] {processor.py:830} INFO - Processing file /opt/airflow/dags/bronze_dag2.py for tasks to queue
[2026-07-15T13:45:46.474+0000] {logging_mixin.py:188} INFO - [2026-07-15T13:45:46.472+0000] {dagbag.py:540} INFO - Filling up the DagBag from /opt/airflow/dags/bronze_dag2.py
[2026-07-15T13:45:46.521+0000] {processor.py:840} INFO - DAG(s) 'bronze_dag2' retrieved from /opt/airflow/dags/bronze_dag2.py
[2026-07-15T13:45:46.617+0000] {logging_mixin.py:188} INFO - [2026-07-15T13:45:46.617+0000] {dag.py:3096} INFO - Sync 1 DAGs
[2026-07-15T13:45:46.659+0000] {logging_mixin.py:188} INFO - [2026-07-15T13:45:46.659+0000] {dag.py:3954} INFO - Setting next_dagrun for bronze_dag2 to 2026-07-15 12:00:00+00:00, run_after=2026-07-15 13:00:00+00:00
[2026-07-15T13:45:46.688+0000] {processor.py:183} INFO - Processing /opt/airflow/dags/bronze_dag2.py took 0.248 seconds
[2026-07-15T13:46:17.261+0000] {processor.py:161} INFO - Started process (PID=3065) to work on /opt/airflow/dags/bronze_dag2.py
[2026-07-15T13:46:17.264+0000] {processor.py:830} INFO - Processing file /opt/airflow/dags/bronze_dag2.py for tasks to queue
[2026-07-15T13:46:17.266+0000] {logging_mixin.py:188} INFO - [2026-07-15T13:46:17.265+0000] {dagbag.py:540} INFO - Filling up the DagBag from /opt/airflow/dags/bronze_dag2.py
[2026-07-15T13:46:17.294+0000] {processor.py:840} INFO - DAG(s) 'bronze_dag2' retrieved from /opt/airflow/dags/bronze_dag2.py
[2026-07-15T13:46:17.325+0000] {logging_mixin.py:188} INFO - [2026-07-15T13:46:17.325+0000] {dag.py:3096} INFO - Sync 1 DAGs
[2026-07-15T13:46:17.352+0000] {logging_mixin.py:188} INFO - [2026-07-15T13:46:17.352+0000] {dag.py:3954} INFO - Setting next_dagrun for bronze_dag2 to 2026-07-15 12:00:00+00:00, run_after=2026-07-15 13:00:00+00:00
[2026-07-15T13:46:17.380+0000] {processor.py:183} INFO - Processing /opt/airflow/dags/bronze_dag2.py took 0.126 seconds
[2026-07-15T13:46:47.924+0000] {processor.py:161} INFO - Started process (PID=3090) to work on /opt/airflow/dags/bronze_dag2.py
[2026-07-15T13:46:47.926+0000] {processor.py:830} INFO - Processing file /opt/airflow/dags/bronze_dag2.py for tasks to queue
[2026-07-15T13:46:47.928+0000] {logging_mixin.py:188} INFO - [2026-07-15T13:46:47.928+0000] {dagbag.py:540} INFO - Filling up the DagBag from /opt/airflow/dags/bronze_dag2.py
[2026-07-15T13:46:47.952+0000] {processor.py:840} INFO - DAG(s) 'bronze_dag2' retrieved from /opt/airflow/dags/bronze_dag2.py
[2026-07-15T13:46:47.979+0000] {logging_mixin.py:188} INFO - [2026-07-15T13:46:47.978+0000] {dag.py:3096} INFO - Sync 1 DAGs
[2026-07-15T13:46:48.003+0000] {logging_mixin.py:188} INFO - [2026-07-15T13:46:48.003+0000] {dag.py:3954} INFO - Setting next_dagrun for bronze_dag2 to 2026-07-15 12:00:00+00:00, run_after=2026-07-15 13:00:00+00:00
[2026-07-15T13:46:48.032+0000] {processor.py:183} INFO - Processing /opt/airflow/dags/bronze_dag2.py took 0.116 seconds
[2026-07-15T14:09:24.823+0000] {processor.py:161} INFO - Started process (PID=220) to work on /opt/airflow/dags/bronze_dag2.py
[2026-07-15T14:09:24.826+0000] {processor.py:830} INFO - Processing file /opt/airflow/dags/bronze_dag2.py for tasks to queue
[2026-07-15T14:09:24.830+0000] {logging_mixin.py:188} INFO - [2026-07-15T14:09:24.830+0000] {dagbag.py:540} INFO - Filling up the DagBag from /opt/airflow/dags/bronze_dag2.py
[2026-07-15T14:09:24.864+0000] {processor.py:840} INFO - DAG(s) 'bronze_dag2' retrieved from /opt/airflow/dags/bronze_dag2.py
[2026-07-15T14:09:25.050+0000] {logging_mixin.py:188} INFO - [2026-07-15T14:09:25.049+0000] {dag.py:3096} INFO - Sync 1 DAGs
[2026-07-15T14:09:25.080+0000] {logging_mixin.py:188} INFO - [2026-07-15T14:09:25.080+0000] {dag.py:3954} INFO - Setting next_dagrun for bronze_dag2 to 2026-07-15 13:00:00+00:00, run_after=2026-07-15 14:00:00+00:00
[2026-07-15T14:09:25.109+0000] {processor.py:183} INFO - Processing /opt/airflow/dags/bronze_dag2.py took 0.299 seconds
[2026-07-15T14:09:55.605+0000] {processor.py:161} INFO - Started process (PID=247) to work on /opt/airflow/dags/bronze_dag2.py
[2026-07-15T14:09:55.607+0000] {processor.py:830} INFO - Processing file /opt/airflow/dags/bronze_dag2.py for tasks to queue
[2026-07-15T14:09:55.609+0000] {logging_mixin.py:188} INFO - [2026-07-15T14:09:55.609+0000] {dagbag.py:540} INFO - Filling up the DagBag from /opt/airflow/dags/bronze_dag2.py
[2026-07-15T14:09:55.635+0000] {processor.py:840} INFO - DAG(s) 'bronze_dag2' retrieved from /opt/airflow/dags/bronze_dag2.py
[2026-07-15T14:09:55.653+0000] {logging_mixin.py:188} INFO - [2026-07-15T14:09:55.653+0000] {dag.py:3096} INFO - Sync 1 DAGs
[2026-07-15T14:09:55.684+0000] {logging_mixin.py:188} INFO - [2026-07-15T14:09:55.683+0000] {dag.py:3954} INFO - Setting next_dagrun for bronze_dag2 to 2026-07-15 13:00:00+00:00, run_after=2026-07-15 14:00:00+00:00
[2026-07-15T14:09:55.708+0000] {processor.py:183} INFO - Processing /opt/airflow/dags/bronze_dag2.py took 0.113 seconds
[2026-07-15T14:10:26.791+0000] {processor.py:161} INFO - Started process (PID=304) to work on /opt/airflow/dags/bronze_dag2.py
[2026-07-15T14:10:26.794+0000] {processor.py:830} INFO - Processing file /opt/airflow/dags/bronze_dag2.py for tasks to queue
[2026-07-15T14:10:26.799+0000] {logging_mixin.py:188} INFO - [2026-07-15T14:10:26.798+0000] {dagbag.py:540} INFO - Filling up the DagBag from /opt/airflow/dags/bronze_dag2.py
[2026-07-15T14:10:26.843+0000] {processor.py:840} INFO - DAG(s) 'bronze_dag2' retrieved from /opt/airflow/dags/bronze_dag2.py
[2026-07-15T14:10:27.102+0000] {logging_mixin.py:188} INFO - [2026-07-15T14:10:27.102+0000] {dag.py:3096} INFO - Sync 1 DAGs
[2026-07-15T14:10:27.149+0000] {logging_mixin.py:188} INFO - [2026-07-15T14:10:27.149+0000] {dag.py:3954} INFO - Setting next_dagrun for bronze_dag2 to 2026-07-15 13:00:00+00:00, run_after=2026-07-15 14:00:00+00:00
[2026-07-15T14:10:27.212+0000] {processor.py:183} INFO - Processing /opt/airflow/dags/bronze_dag2.py took 0.438 seconds
[2026-07-15T14:10:57.971+0000] {processor.py:161} INFO - Started process (PID=329) to work on /opt/airflow/dags/bronze_dag2.py
[2026-07-15T14:10:57.974+0000] {processor.py:830} INFO - Processing file /opt/airflow/dags/bronze_dag2.py for tasks to queue
[2026-07-15T14:10:57.979+0000] {logging_mixin.py:188} INFO - [2026-07-15T14:10:57.978+0000] {dagbag.py:540} INFO - Filling up the DagBag from /opt/airflow/dags/bronze_dag2.py
[2026-07-15T14:10:58.010+0000] {processor.py:840} INFO - DAG(s) 'bronze_dag2' retrieved from /opt/airflow/dags/bronze_dag2.py
[2026-07-15T14:10:58.050+0000] {logging_mixin.py:188} INFO - [2026-07-15T14:10:58.050+0000] {dag.py:3096} INFO - Sync 1 DAGs
[2026-07-15T14:10:58.101+0000] {logging_mixin.py:188} INFO - [2026-07-15T14:10:58.100+0000] {dag.py:3954} INFO - Setting next_dagrun for bronze_dag2 to 2026-07-15 13:00:00+00:00, run_after=2026-07-15 14:00:00+00:00
[2026-07-15T14:10:58.148+0000] {processor.py:183} INFO - Processing /opt/airflow/dags/bronze_dag2.py took 0.190 seconds
[2026-07-15T14:11:28.854+0000] {processor.py:161} INFO - Started process (PID=354) to work on /opt/airflow/dags/bronze_dag2.py
[2026-07-15T14:11:28.855+0000] {processor.py:830} INFO - Processing file /opt/airflow/dags/bronze_dag2.py for tasks to queue
[2026-07-15T14:11:28.858+0000] {logging_mixin.py:188} INFO - [2026-07-15T14:11:28.857+0000] {dagbag.py:540} INFO - Filling up the DagBag from /opt/airflow/dags/bronze_dag2.py
[2026-07-15T14:11:28.883+0000] {processor.py:840} INFO - DAG(s) 'bronze_dag2' retrieved from /opt/airflow/dags/bronze_dag2.py
[2026-07-15T14:11:28.915+0000] {logging_mixin.py:188} INFO - [2026-07-15T14:11:28.914+0000] {dag.py:3096} INFO - Sync 1 DAGs
[2026-07-15T14:11:28.944+0000] {logging_mixin.py:188} INFO - [2026-07-15T14:11:28.943+0000] {dag.py:3954} INFO - Setting next_dagrun for bronze_dag2 to 2026-07-15 13:00:00+00:00, run_after=2026-07-15 14:00:00+00:00
[2026-07-15T14:11:28.970+0000] {processor.py:183} INFO - Processing /opt/airflow/dags/bronze_dag2.py took 0.125 seconds
[2026-07-15T14:11:59.370+0000] {processor.py:161} INFO - Started process (PID=379) to work on /opt/airflow/dags/bronze_dag2.py
[2026-07-15T14:11:59.372+0000] {processor.py:830} INFO - Processing file /opt/airflow/dags/bronze_dag2.py for tasks to queue
[2026-07-15T14:11:59.374+0000] {logging_mixin.py:188} INFO - [2026-07-15T14:11:59.373+0000] {dagbag.py:540} INFO - Filling up the DagBag from /opt/airflow/dags/bronze_dag2.py
[2026-07-15T14:11:59.391+0000] {processor.py:840} INFO - DAG(s) 'bronze_dag2' retrieved from /opt/airflow/dags/bronze_dag2.py
[2026-07-15T14:11:59.416+0000] {logging_mixin.py:188} INFO - [2026-07-15T14:11:59.416+0000] {dag.py:3096} INFO - Sync 1 DAGs
[2026-07-15T14:11:59.436+0000] {logging_mixin.py:188} INFO - [2026-07-15T14:11:59.435+0000] {dag.py:3954} INFO - Setting next_dagrun for bronze_dag2 to 2026-07-15 13:00:00+00:00, run_after=2026-07-15 14:00:00+00:00
[2026-07-15T14:11:59.455+0000] {processor.py:183} INFO - Processing /opt/airflow/dags/bronze_dag2.py took 0.090 seconds
[2026-07-15T14:12:29.967+0000] {processor.py:161} INFO - Started process (PID=406) to work on /opt/airflow/dags/bronze_dag2.py
[2026-07-15T14:12:29.968+0000] {processor.py:830} INFO - Processing file /opt/airflow/dags/bronze_dag2.py for tasks to queue
[2026-07-15T14:12:29.971+0000] {logging_mixin.py:188} INFO - [2026-07-15T14:12:29.971+0000] {dagbag.py:540} INFO - Filling up the DagBag from /opt/airflow/dags/bronze_dag2.py
[2026-07-15T14:12:29.987+0000] {processor.py:840} INFO - DAG(s) 'bronze_dag2' retrieved from /opt/airflow/dags/bronze_dag2.py
[2026-07-15T14:12:30.011+0000] {logging_mixin.py:188} INFO - [2026-07-15T14:12:30.011+0000] {dag.py:3096} INFO - Sync 1 DAGs
[2026-07-15T14:12:30.038+0000] {logging_mixin.py:188} INFO - [2026-07-15T14:12:30.033+0000] {dag.py:3954} INFO - Setting next_dagrun for bronze_dag2 to 2026-07-15 13:00:00+00:00, run_after=2026-07-15 14:00:00+00:00
[2026-07-15T14:12:30.065+0000] {processor.py:183} INFO - Processing /opt/airflow/dags/bronze_dag2.py took 0.103 seconds
[2026-07-15T14:13:00.885+0000] {processor.py:161} INFO - Started process (PID=443) to work on /opt/airflow/dags/bronze_dag2.py
[2026-07-15T14:13:00.889+0000] {processor.py:830} INFO - Processing file /opt/airflow/dags/bronze_dag2.py for tasks to queue
[2026-07-15T14:13:00.901+0000] {logging_mixin.py:188} INFO - [2026-07-15T14:13:00.900+0000] {dagbag.py:540} INFO - Filling up the DagBag from /opt/airflow/dags/bronze_dag2.py
[2026-07-15T14:13:00.950+0000] {processor.py:840} INFO - DAG(s) 'bronze_dag2' retrieved from /opt/airflow/dags/bronze_dag2.py
[2026-07-15T14:13:01.001+0000] {logging_mixin.py:188} INFO - [2026-07-15T14:13:01.000+0000] {dag.py:3096} INFO - Sync 1 DAGs
[2026-07-15T14:13:01.050+0000] {logging_mixin.py:188} INFO - [2026-07-15T14:13:01.049+0000] {dag.py:3954} INFO - Setting next_dagrun for bronze_dag2 to 2026-07-15 13:00:00+00:00, run_after=2026-07-15 14:00:00+00:00
[2026-07-15T14:13:01.087+0000] {processor.py:183} INFO - Processing /opt/airflow/dags/bronze_dag2.py took 0.217 seconds
[2026-07-15T14:13:31.317+0000] {processor.py:161} INFO - Started process (PID=468) to work on /opt/airflow/dags/bronze_dag2.py
[2026-07-15T14:13:31.319+0000] {processor.py:830} INFO - Processing file /opt/airflow/dags/bronze_dag2.py for tasks to queue
[2026-07-15T14:13:31.322+0000] {logging_mixin.py:188} INFO - [2026-07-15T14:13:31.322+0000] {dagbag.py:540} INFO - Filling up the DagBag from /opt/airflow/dags/bronze_dag2.py
[2026-07-15T14:13:31.344+0000] {processor.py:840} INFO - DAG(s) 'bronze_dag2' retrieved from /opt/airflow/dags/bronze_dag2.py
[2026-07-15T14:13:31.378+0000] {logging_mixin.py:188} INFO - [2026-07-15T14:13:31.377+0000] {dag.py:3096} INFO - Sync 1 DAGs
[2026-07-15T14:13:31.410+0000] {logging_mixin.py:188} INFO - [2026-07-15T14:13:31.410+0000] {dag.py:3954} INFO - Setting next_dagrun for bronze_dag2 to 2026-07-15 13:00:00+00:00, run_after=2026-07-15 14:00:00+00:00
[2026-07-15T14:13:31.445+0000] {processor.py:183} INFO - Processing /opt/airflow/dags/bronze_dag2.py took 0.135 seconds
[2026-07-15T14:14:01.962+0000] {processor.py:161} INFO - Started process (PID=493) to work on /opt/airflow/dags/bronze_dag2.py
[2026-07-15T14:14:01.964+0000] {processor.py:830} INFO - Processing file /opt/airflow/dags/bronze_dag2.py for tasks to queue
[2026-07-15T14:14:01.967+0000] {logging_mixin.py:188} INFO - [2026-07-15T14:14:01.967+0000] {dagbag.py:540} INFO - Filling up the DagBag from /opt/airflow/dags/bronze_dag2.py
[2026-07-15T14:14:01.984+0000] {processor.py:840} INFO - DAG(s) 'bronze_dag2' retrieved from /opt/airflow/dags/bronze_dag2.py
[2026-07-15T14:14:02.011+0000] {logging_mixin.py:188} INFO - [2026-07-15T14:14:02.010+0000] {dag.py:3096} INFO - Sync 1 DAGs
[2026-07-15T14:14:02.033+0000] {logging_mixin.py:188} INFO - [2026-07-15T14:14:02.033+0000] {dag.py:3954} INFO - Setting next_dagrun for bronze_dag2 to 2026-07-15 13:00:00+00:00, run_after=2026-07-15 14:00:00+00:00
[2026-07-15T14:14:02.054+0000] {processor.py:183} INFO - Processing /opt/airflow/dags/bronze_dag2.py took 0.099 seconds
[2026-07-15T14:14:32.761+0000] {processor.py:161} INFO - Started process (PID=520) to work on /opt/airflow/dags/bronze_dag2.py
[2026-07-15T14:14:32.764+0000] {processor.py:830} INFO - Processing file /opt/airflow/dags/bronze_dag2.py for tasks to queue
[2026-07-15T14:14:32.768+0000] {logging_mixin.py:188} INFO - [2026-07-15T14:14:32.767+0000] {dagbag.py:540} INFO - Filling up the DagBag from /opt/airflow/dags/bronze_dag2.py
[2026-07-15T14:14:32.801+0000] {processor.py:840} INFO - DAG(s) 'bronze_dag2' retrieved from /opt/airflow/dags/bronze_dag2.py
[2026-07-15T14:14:32.837+0000] {logging_mixin.py:188} INFO - [2026-07-15T14:14:32.837+0000] {dag.py:3096} INFO - Sync 1 DAGs
[2026-07-15T14:14:32.862+0000] {logging_mixin.py:188} INFO - [2026-07-15T14:14:32.861+0000] {dag.py:3954} INFO - Setting next_dagrun for bronze_dag2 to 2026-07-15 13:00:00+00:00, run_after=2026-07-15 14:00:00+00:00
[2026-07-15T14:14:32.882+0000] {processor.py:183} INFO - Processing /opt/airflow/dags/bronze_dag2.py took 0.132 seconds
[2026-07-15T14:15:03.317+0000] {processor.py:161} INFO - Started process (PID=547) to work on /opt/airflow/dags/bronze_dag2.py
[2026-07-15T14:15:03.319+0000] {processor.py:830} INFO - Processing file /opt/airflow/dags/bronze_dag2.py for tasks to queue
[2026-07-15T14:15:03.321+0000] {logging_mixin.py:188} INFO - [2026-07-15T14:15:03.320+0000] {dagbag.py:540} INFO - Filling up the DagBag from /opt/airflow/dags/bronze_dag2.py
[2026-07-15T14:15:03.336+0000] {processor.py:840} INFO - DAG(s) 'bronze_dag2' retrieved from /opt/airflow/dags/bronze_dag2.py
[2026-07-15T14:15:03.359+0000] {logging_mixin.py:188} INFO - [2026-07-15T14:15:03.359+0000] {dag.py:3096} INFO - Sync 1 DAGs
[2026-07-15T14:15:03.381+0000] {logging_mixin.py:188} INFO - [2026-07-15T14:15:03.381+0000] {dag.py:3954} INFO - Setting next_dagrun for bronze_dag2 to 2026-07-15 13:00:00+00:00, run_after=2026-07-15 14:00:00+00:00
[2026-07-15T14:15:03.408+0000] {processor.py:183} INFO - Processing /opt/airflow/dags/bronze_dag2.py took 0.098 seconds
[2026-07-15T14:15:33.941+0000] {processor.py:161} INFO - Started process (PID=572) to work on /opt/airflow/dags/bronze_dag2.py
[2026-07-15T14:15:33.942+0000] {processor.py:830} INFO - Processing file /opt/airflow/dags/bronze_dag2.py for tasks to queue
[2026-07-15T14:15:33.944+0000] {logging_mixin.py:188} INFO - [2026-07-15T14:15:33.944+0000] {dagbag.py:540} INFO - Filling up the DagBag from /opt/airflow/dags/bronze_dag2.py
[2026-07-15T14:15:33.961+0000] {processor.py:840} INFO - DAG(s) 'bronze_dag2' retrieved from /opt/airflow/dags/bronze_dag2.py
[2026-07-15T14:15:33.983+0000] {logging_mixin.py:188} INFO - [2026-07-15T14:15:33.983+0000] {dag.py:3096} INFO - Sync 1 DAGs
[2026-07-15T14:15:34.003+0000] {logging_mixin.py:188} INFO - [2026-07-15T14:15:34.003+0000] {dag.py:3954} INFO - Setting next_dagrun for bronze_dag2 to 2026-07-15 13:00:00+00:00, run_after=2026-07-15 14:00:00+00:00
[2026-07-15T14:15:34.021+0000] {processor.py:183} INFO - Processing /opt/airflow/dags/bronze_dag2.py took 0.086 seconds
[2026-07-15T14:16:04.634+0000] {processor.py:161} INFO - Started process (PID=597) to work on /opt/airflow/dags/bronze_dag2.py
[2026-07-15T14:16:04.636+0000] {processor.py:830} INFO - Processing file /opt/airflow/dags/bronze_dag2.py for tasks to queue
[2026-07-15T14:16:04.639+0000] {logging_mixin.py:188} INFO - [2026-07-15T14:16:04.638+0000] {dagbag.py:540} INFO - Filling up the DagBag from /opt/airflow/dags/bronze_dag2.py
[2026-07-15T14:16:04.657+0000] {processor.py:840} INFO - DAG(s) 'bronze_dag2' retrieved from /opt/airflow/dags/bronze_dag2.py
[2026-07-15T14:16:04.686+0000] {logging_mixin.py:188} INFO - [2026-07-15T14:16:04.686+0000] {dag.py:3096} INFO - Sync 1 DAGs
[2026-07-15T14:16:04.716+0000] {logging_mixin.py:188} INFO - [2026-07-15T14:16:04.716+0000] {dag.py:3954} INFO - Setting next_dagrun for bronze_dag2 to 2026-07-15 13:00:00+00:00, run_after=2026-07-15 14:00:00+00:00
[2026-07-15T14:16:04.738+0000] {processor.py:183} INFO - Processing /opt/airflow/dags/bronze_dag2.py took 0.110 seconds
[2026-07-15T14:16:35.227+0000] {processor.py:161} INFO - Started process (PID=622) to work on /opt/airflow/dags/bronze_dag2.py
[2026-07-15T14:16:35.229+0000] {processor.py:830} INFO - Processing file /opt/airflow/dags/bronze_dag2.py for tasks to queue
[2026-07-15T14:16:35.231+0000] {logging_mixin.py:188} INFO - [2026-07-15T14:16:35.230+0000] {dagbag.py:540} INFO - Filling up the DagBag from /opt/airflow/dags/bronze_dag2.py
[2026-07-15T14:16:35.247+0000] {processor.py:840} INFO - DAG(s) 'bronze_dag2' retrieved from /opt/airflow/dags/bronze_dag2.py
[2026-07-15T14:16:35.274+0000] {logging_mixin.py:188} INFO - [2026-07-15T14:16:35.274+0000] {dag.py:3096} INFO - Sync 1 DAGs
[2026-07-15T14:16:35.296+0000] {logging_mixin.py:188} INFO - [2026-07-15T14:16:35.295+0000] {dag.py:3954} INFO - Setting next_dagrun for bronze_dag2 to 2026-07-15 13:00:00+00:00, run_after=2026-07-15 14:00:00+00:00
[2026-07-15T14:16:35.312+0000] {processor.py:183} INFO - Processing /opt/airflow/dags/bronze_dag2.py took 0.091 seconds
[2026-07-15T14:17:05.784+0000] {processor.py:161} INFO - Started process (PID=649) to work on /opt/airflow/dags/bronze_dag2.py
[2026-07-15T14:17:05.786+0000] {processor.py:830} INFO - Processing file /opt/airflow/dags/bronze_dag2.py for tasks to queue
[2026-07-15T14:17:05.789+0000] {logging_mixin.py:188} INFO - [2026-07-15T14:17:05.788+0000] {dagbag.py:540} INFO - Filling up the DagBag from /opt/airflow/dags/bronze_dag2.py
[2026-07-15T14:17:05.805+0000] {processor.py:840} INFO - DAG(s) 'bronze_dag2' retrieved from /opt/airflow/dags/bronze_dag2.py
[2026-07-15T14:17:05.829+0000] {logging_mixin.py:188} INFO - [2026-07-15T14:17:05.828+0000] {dag.py:3096} INFO - Sync 1 DAGs
[2026-07-15T14:17:05.849+0000] {logging_mixin.py:188} INFO - [2026-07-15T14:17:05.849+0000] {dag.py:3954} INFO - Setting next_dagrun for bronze_dag2 to 2026-07-15 13:00:00+00:00, run_after=2026-07-15 14:00:00+00:00
[2026-07-15T14:17:05.871+0000] {processor.py:183} INFO - Processing /opt/airflow/dags/bronze_dag2.py took 0.092 seconds
[2026-07-15T14:17:36.318+0000] {processor.py:161} INFO - Started process (PID=674) to work on /opt/airflow/dags/bronze_dag2.py
[2026-07-15T14:17:36.320+0000] {processor.py:830} INFO - Processing file /opt/airflow/dags/bronze_dag2.py for tasks to queue
[2026-07-15T14:17:36.322+0000] {logging_mixin.py:188} INFO - [2026-07-15T14:17:36.322+0000] {dagbag.py:540} INFO - Filling up the DagBag from /opt/airflow/dags/bronze_dag2.py
[2026-07-15T14:17:36.340+0000] {processor.py:840} INFO - DAG(s) 'bronze_dag2' retrieved from /opt/airflow/dags/bronze_dag2.py
[2026-07-15T14:17:36.367+0000] {logging_mixin.py:188} INFO - [2026-07-15T14:17:36.367+0000] {dag.py:3096} INFO - Sync 1 DAGs
[2026-07-15T14:17:36.390+0000] {logging_mixin.py:188} INFO - [2026-07-15T14:17:36.390+0000] {dag.py:3954} INFO - Setting next_dagrun for bronze_dag2 to 2026-07-15 13:00:00+00:00, run_after=2026-07-15 14:00:00+00:00
[2026-07-15T14:17:36.412+0000] {processor.py:183} INFO - Processing /opt/airflow/dags/bronze_dag2.py took 0.102 seconds
[2026-07-15T14:18:06.837+0000] {processor.py:161} INFO - Started process (PID=699) to work on /opt/airflow/dags/bronze_dag2.py
[2026-07-15T14:18:06.838+0000] {processor.py:830} INFO - Processing file /opt/airflow/dags/bronze_dag2.py for tasks to queue
[2026-07-15T14:18:06.843+0000] {logging_mixin.py:188} INFO - [2026-07-15T14:18:06.843+0000] {dagbag.py:540} INFO - Filling up the DagBag from /opt/airflow/dags/bronze_dag2.py
[2026-07-15T14:18:06.862+0000] {processor.py:840} INFO - DAG(s) 'bronze_dag2' retrieved from /opt/airflow/dags/bronze_dag2.py
[2026-07-15T14:18:06.890+0000] {logging_mixin.py:188} INFO - [2026-07-15T14:18:06.889+0000] {dag.py:3096} INFO - Sync 1 DAGs
[2026-07-15T14:18:06.912+0000] {logging_mixin.py:188} INFO - [2026-07-15T14:18:06.912+0000] {dag.py:3954} INFO - Setting next_dagrun for bronze_dag2 to 2026-07-15 13:00:00+00:00, run_after=2026-07-15 14:00:00+00:00
[2026-07-15T14:18:06.931+0000] {processor.py:183} INFO - Processing /opt/airflow/dags/bronze_dag2.py took 0.099 seconds
[2026-07-15T14:18:37.420+0000] {processor.py:161} INFO - Started process (PID=724) to work on /opt/airflow/dags/bronze_dag2.py
[2026-07-15T14:18:37.421+0000] {processor.py:830} INFO - Processing file /opt/airflow/dags/bronze_dag2.py for tasks to queue
[2026-07-15T14:18:37.424+0000] {logging_mixin.py:188} INFO - [2026-07-15T14:18:37.424+0000] {dagbag.py:540} INFO - Filling up the DagBag from /opt/airflow/dags/bronze_dag2.py
[2026-07-15T14:18:37.439+0000] {processor.py:840} INFO - DAG(s) 'bronze_dag2' retrieved from /opt/airflow/dags/bronze_dag2.py
[2026-07-15T14:18:37.461+0000] {logging_mixin.py:188} INFO - [2026-07-15T14:18:37.461+0000] {dag.py:3096} INFO - Sync 1 DAGs
[2026-07-15T14:18:37.481+0000] {logging_mixin.py:188} INFO - [2026-07-15T14:18:37.480+0000] {dag.py:3954} INFO - Setting next_dagrun for bronze_dag2 to 2026-07-15 13:00:00+00:00, run_after=2026-07-15 14:00:00+00:00
[2026-07-15T14:18:37.497+0000] {processor.py:183} INFO - Processing /opt/airflow/dags/bronze_dag2.py took 0.083 seconds
[2026-07-15T14:19:07.907+0000] {processor.py:161} INFO - Started process (PID=749) to work on /opt/airflow/dags/bronze_dag2.py
[2026-07-15T14:19:07.911+0000] {processor.py:830} INFO - Processing file /opt/airflow/dags/bronze_dag2.py for tasks to queue
[2026-07-15T14:19:07.917+0000] {logging_mixin.py:188} INFO - [2026-07-15T14:19:07.916+0000] {dagbag.py:540} INFO - Filling up the DagBag from /opt/airflow/dags/bronze_dag2.py
[2026-07-15T14:19:07.938+0000] {processor.py:840} INFO - DAG(s) 'bronze_dag2' retrieved from /opt/airflow/dags/bronze_dag2.py
[2026-07-15T14:19:07.965+0000] {logging_mixin.py:188} INFO - [2026-07-15T14:19:07.965+0000] {dag.py:3096} INFO - Sync 1 DAGs
[2026-07-15T14:19:07.990+0000] {logging_mixin.py:188} INFO - [2026-07-15T14:19:07.990+0000] {dag.py:3954} INFO - Setting next_dagrun for bronze_dag2 to 2026-07-15 13:00:00+00:00, run_after=2026-07-15 14:00:00+00:00
[2026-07-15T14:19:08.012+0000] {processor.py:183} INFO - Processing /opt/airflow/dags/bronze_dag2.py took 0.118 seconds
[2026-07-15T14:19:38.658+0000] {processor.py:161} INFO - Started process (PID=774) to work on /opt/airflow/dags/bronze_dag2.py
[2026-07-15T14:19:38.660+0000] {processor.py:830} INFO - Processing file /opt/airflow/dags/bronze_dag2.py for tasks to queue
[2026-07-15T14:19:38.664+0000] {logging_mixin.py:188} INFO - [2026-07-15T14:19:38.664+0000] {dagbag.py:540} INFO - Filling up the DagBag from /opt/airflow/dags/bronze_dag2.py
[2026-07-15T14:19:38.686+0000] {processor.py:840} INFO - DAG(s) 'bronze_dag2' retrieved from /opt/airflow/dags/bronze_dag2.py
[2026-07-15T14:19:38.716+0000] {logging_mixin.py:188} INFO - [2026-07-15T14:19:38.716+0000] {dag.py:3096} INFO - Sync 1 DAGs
[2026-07-15T14:19:38.745+0000] {logging_mixin.py:188} INFO - [2026-07-15T14:19:38.745+0000] {dag.py:3954} INFO - Setting next_dagrun for bronze_dag2 to 2026-07-15 13:00:00+00:00, run_after=2026-07-15 14:00:00+00:00
[2026-07-15T14:19:38.771+0000] {processor.py:183} INFO - Processing /opt/airflow/dags/bronze_dag2.py took 0.120 seconds
[2026-07-15T14:20:09.229+0000] {processor.py:161} INFO - Started process (PID=799) to work on /opt/airflow/dags/bronze_dag2.py
[2026-07-15T14:20:09.231+0000] {processor.py:830} INFO - Processing file /opt/airflow/dags/bronze_dag2.py for tasks to queue
[2026-07-15T14:20:09.234+0000] {logging_mixin.py:188} INFO - [2026-07-15T14:20:09.233+0000] {dagbag.py:540} INFO - Filling up the DagBag from /opt/airflow/dags/bronze_dag2.py
[2026-07-15T14:20:09.259+0000] {processor.py:840} INFO - DAG(s) 'bronze_dag2' retrieved from /opt/airflow/dags/bronze_dag2.py
[2026-07-15T14:20:09.292+0000] {logging_mixin.py:188} INFO - [2026-07-15T14:20:09.291+0000] {dag.py:3096} INFO - Sync 1 DAGs
[2026-07-15T14:20:09.334+0000] {logging_mixin.py:188} INFO - [2026-07-15T14:20:09.333+0000] {dag.py:3954} INFO - Setting next_dagrun for bronze_dag2 to 2026-07-15 13:00:00+00:00, run_after=2026-07-15 14:00:00+00:00
[2026-07-15T14:20:09.362+0000] {processor.py:183} INFO - Processing /opt/airflow/dags/bronze_dag2.py took 0.144 seconds
[2026-07-15T14:20:39.959+0000] {processor.py:161} INFO - Started process (PID=841) to work on /opt/airflow/dags/bronze_dag2.py
[2026-07-15T14:20:39.966+0000] {processor.py:830} INFO - Processing file /opt/airflow/dags/bronze_dag2.py for tasks to queue
[2026-07-15T14:20:39.972+0000] {logging_mixin.py:188} INFO - [2026-07-15T14:20:39.972+0000] {dagbag.py:540} INFO - Filling up the DagBag from /opt/airflow/dags/bronze_dag2.py
[2026-07-15T14:20:40.029+0000] {processor.py:840} INFO - DAG(s) 'bronze_dag2' retrieved from /opt/airflow/dags/bronze_dag2.py
[2026-07-15T14:20:40.119+0000] {logging_mixin.py:188} INFO - [2026-07-15T14:20:40.119+0000] {dag.py:3096} INFO - Sync 1 DAGs
[2026-07-15T14:20:40.193+0000] {logging_mixin.py:188} INFO - [2026-07-15T14:20:40.193+0000] {dag.py:3954} INFO - Setting next_dagrun for bronze_dag2 to 2026-07-15 13:00:00+00:00, run_after=2026-07-15 14:00:00+00:00
[2026-07-15T14:20:40.240+0000] {processor.py:183} INFO - Processing /opt/airflow/dags/bronze_dag2.py took 0.302 seconds
[2026-07-15T14:21:10.858+0000] {processor.py:161} INFO - Started process (PID=866) to work on /opt/airflow/dags/bronze_dag2.py
[2026-07-15T14:21:10.860+0000] {processor.py:830} INFO - Processing file /opt/airflow/dags/bronze_dag2.py for tasks to queue
[2026-07-15T14:21:10.864+0000] {logging_mixin.py:188} INFO - [2026-07-15T14:21:10.863+0000] {dagbag.py:540} INFO - Filling up the DagBag from /opt/airflow/dags/bronze_dag2.py
[2026-07-15T14:21:10.885+0000] {processor.py:840} INFO - DAG(s) 'bronze_dag2' retrieved from /opt/airflow/dags/bronze_dag2.py
[2026-07-15T14:21:10.910+0000] {logging_mixin.py:188} INFO - [2026-07-15T14:21:10.910+0000] {dag.py:3096} INFO - Sync 1 DAGs
[2026-07-15T14:21:10.931+0000] {logging_mixin.py:188} INFO - [2026-07-15T14:21:10.931+0000] {dag.py:3954} INFO - Setting next_dagrun for bronze_dag2 to 2026-07-15 13:00:00+00:00, run_after=2026-07-15 14:00:00+00:00
[2026-07-15T14:21:10.954+0000] {processor.py:183} INFO - Processing /opt/airflow/dags/bronze_dag2.py took 0.103 seconds
[2026-07-15T14:21:41.422+0000] {processor.py:161} INFO - Started process (PID=891) to work on /opt/airflow/dags/bronze_dag2.py
[2026-07-15T14:21:41.424+0000] {processor.py:830} INFO - Processing file /opt/airflow/dags/bronze_dag2.py for tasks to queue
[2026-07-15T14:21:41.426+0000] {logging_mixin.py:188} INFO - [2026-07-15T14:21:41.426+0000] {dagbag.py:540} INFO - Filling up the DagBag from /opt/airflow/dags/bronze_dag2.py
[2026-07-15T14:21:41.444+0000] {processor.py:840} INFO - DAG(s) 'bronze_dag2' retrieved from /opt/airflow/dags/bronze_dag2.py
[2026-07-15T14:21:41.470+0000] {logging_mixin.py:188} INFO - [2026-07-15T14:21:41.470+0000] {dag.py:3096} INFO - Sync 1 DAGs
[2026-07-15T14:21:41.493+0000] {logging_mixin.py:188} INFO - [2026-07-15T14:21:41.493+0000] {dag.py:3954} INFO - Setting next_dagrun for bronze_dag2 to 2026-07-15 13:00:00+00:00, run_after=2026-07-15 14:00:00+00:00
[2026-07-15T14:21:41.514+0000] {processor.py:183} INFO - Processing /opt/airflow/dags/bronze_dag2.py took 0.098 seconds
[2026-07-15T14:22:11.675+0000] {processor.py:161} INFO - Started process (PID=930) to work on /opt/airflow/dags/bronze_dag2.py
[2026-07-15T14:22:11.682+0000] {processor.py:830} INFO - Processing file /opt/airflow/dags/bronze_dag2.py for tasks to queue
[2026-07-15T14:22:11.690+0000] {logging_mixin.py:188} INFO - [2026-07-15T14:22:11.689+0000] {dagbag.py:540} INFO - Filling up the DagBag from /opt/airflow/dags/bronze_dag2.py
[2026-07-15T14:22:11.766+0000] {processor.py:840} INFO - DAG(s) 'bronze_dag2' retrieved from /opt/airflow/dags/bronze_dag2.py
[2026-07-15T14:22:11.847+0000] {logging_mixin.py:188} INFO - [2026-07-15T14:22:11.846+0000] {dag.py:3096} INFO - Sync 1 DAGs
[2026-07-15T14:22:11.921+0000] {logging_mixin.py:188} INFO - [2026-07-15T14:22:11.920+0000] {dag.py:3954} INFO - Setting next_dagrun for bronze_dag2 to 2026-07-15 13:00:00+00:00, run_after=2026-07-15 14:00:00+00:00
[2026-07-15T14:22:11.990+0000] {processor.py:183} INFO - Processing /opt/airflow/dags/bronze_dag2.py took 0.343 seconds
[2026-07-15T14:22:42.512+0000] {processor.py:161} INFO - Started process (PID=955) to work on /opt/airflow/dags/bronze_dag2.py
[2026-07-15T14:22:42.517+0000] {processor.py:830} INFO - Processing file /opt/airflow/dags/bronze_dag2.py for tasks to queue
[2026-07-15T14:22:42.532+0000] {logging_mixin.py:188} INFO - [2026-07-15T14:22:42.531+0000] {dagbag.py:540} INFO - Filling up the DagBag from /opt/airflow/dags/bronze_dag2.py
[2026-07-15T14:22:42.596+0000] {processor.py:840} INFO - DAG(s) 'bronze_dag2' retrieved from /opt/airflow/dags/bronze_dag2.py
[2026-07-15T14:22:42.668+0000] {logging_mixin.py:188} INFO - [2026-07-15T14:22:42.668+0000] {dag.py:3096} INFO - Sync 1 DAGs
[2026-07-15T14:22:42.764+0000] {logging_mixin.py:188} INFO - [2026-07-15T14:22:42.764+0000] {dag.py:3954} INFO - Setting next_dagrun for bronze_dag2 to 2026-07-15 13:00:00+00:00, run_after=2026-07-15 14:00:00+00:00
[2026-07-15T14:22:42.811+0000] {processor.py:183} INFO - Processing /opt/airflow/dags/bronze_dag2.py took 0.332 seconds
[2026-07-15T14:23:13.510+0000] {processor.py:161} INFO - Started process (PID=980) to work on /opt/airflow/dags/bronze_dag2.py
[2026-07-15T14:23:13.513+0000] {processor.py:830} INFO - Processing file /opt/airflow/dags/bronze_dag2.py for tasks to queue
[2026-07-15T14:23:13.517+0000] {logging_mixin.py:188} INFO - [2026-07-15T14:23:13.516+0000] {dagbag.py:540} INFO - Filling up the DagBag from /opt/airflow/dags/bronze_dag2.py
[2026-07-15T14:23:13.547+0000] {processor.py:840} INFO - DAG(s) 'bronze_dag2' retrieved from /opt/airflow/dags/bronze_dag2.py
[2026-07-15T14:23:13.588+0000] {logging_mixin.py:188} INFO - [2026-07-15T14:23:13.588+0000] {dag.py:3096} INFO - Sync 1 DAGs
[2026-07-15T14:23:13.628+0000] {logging_mixin.py:188} INFO - [2026-07-15T14:23:13.628+0000] {dag.py:3954} INFO - Setting next_dagrun for bronze_dag2 to 2026-07-15 13:00:00+00:00, run_after=2026-07-15 14:00:00+00:00
[2026-07-15T14:23:13.656+0000] {processor.py:183} INFO - Processing /opt/airflow/dags/bronze_dag2.py took 0.158 seconds
[2026-07-15T14:23:44.473+0000] {processor.py:161} INFO - Started process (PID=1005) to work on /opt/airflow/dags/bronze_dag2.py
[2026-07-15T14:23:44.476+0000] {processor.py:830} INFO - Processing file /opt/airflow/dags/bronze_dag2.py for tasks to queue
[2026-07-15T14:23:44.480+0000] {logging_mixin.py:188} INFO - [2026-07-15T14:23:44.479+0000] {dagbag.py:540} INFO - Filling up the DagBag from /opt/airflow/dags/bronze_dag2.py
[2026-07-15T14:23:44.512+0000] {processor.py:840} INFO - DAG(s) 'bronze_dag2' retrieved from /opt/airflow/dags/bronze_dag2.py
[2026-07-15T14:23:44.550+0000] {logging_mixin.py:188} INFO - [2026-07-15T14:23:44.549+0000] {dag.py:3096} INFO - Sync 1 DAGs
[2026-07-15T14:23:44.585+0000] {logging_mixin.py:188} INFO - [2026-07-15T14:23:44.584+0000] {dag.py:3954} INFO - Setting next_dagrun for bronze_dag2 to 2026-07-15 13:00:00+00:00, run_after=2026-07-15 14:00:00+00:00
[2026-07-15T14:23:44.613+0000] {processor.py:183} INFO - Processing /opt/airflow/dags/bronze_dag2.py took 0.155 seconds
[2026-07-15T14:24:15.188+0000] {processor.py:161} INFO - Started process (PID=1044) to work on /opt/airflow/dags/bronze_dag2.py
[2026-07-15T14:24:15.199+0000] {processor.py:830} INFO - Processing file /opt/airflow/dags/bronze_dag2.py for tasks to queue
[2026-07-15T14:24:15.214+0000] {logging_mixin.py:188} INFO - [2026-07-15T14:24:15.205+0000] {dagbag.py:540} INFO - Filling up the DagBag from /opt/airflow/dags/bronze_dag2.py
[2026-07-15T14:24:15.274+0000] {processor.py:840} INFO - DAG(s) 'bronze_dag2' retrieved from /opt/airflow/dags/bronze_dag2.py
[2026-07-15T14:24:15.369+0000] {logging_mixin.py:188} INFO - [2026-07-15T14:24:15.368+0000] {dag.py:3096} INFO - Sync 1 DAGs
[2026-07-15T14:24:15.526+0000] {logging_mixin.py:188} INFO - [2026-07-15T14:24:15.525+0000] {dag.py:3954} INFO - Setting next_dagrun for bronze_dag2 to 2026-07-15 13:00:00+00:00, run_after=2026-07-15 14:00:00+00:00
[2026-07-15T14:24:15.611+0000] {processor.py:183} INFO - Processing /opt/airflow/dags/bronze_dag2.py took 0.457 seconds
[2026-07-15T14:47:18.486+0000] {processor.py:161} INFO - Started process (PID=1071) to work on /opt/airflow/dags/bronze_dag2.py
[2026-07-15T14:47:18.489+0000] {processor.py:830} INFO - Processing file /opt/airflow/dags/bronze_dag2.py for tasks to queue
[2026-07-15T14:47:18.493+0000] {logging_mixin.py:188} INFO - [2026-07-15T14:47:18.493+0000] {dagbag.py:540} INFO - Filling up the DagBag from /opt/airflow/dags/bronze_dag2.py
[2026-07-15T14:47:18.522+0000] {processor.py:840} INFO - DAG(s) 'bronze_dag2' retrieved from /opt/airflow/dags/bronze_dag2.py
[2026-07-15T14:47:18.575+0000] {logging_mixin.py:188} INFO - [2026-07-15T14:47:18.574+0000] {dag.py:3096} INFO - Sync 1 DAGs
[2026-07-15T14:47:18.625+0000] {logging_mixin.py:188} INFO - [2026-07-15T14:47:18.624+0000] {dag.py:3954} INFO - Setting next_dagrun for bronze_dag2 to 2026-07-15 13:00:00+00:00, run_after=2026-07-15 14:00:00+00:00
[2026-07-15T14:47:18.674+0000] {processor.py:183} INFO - Processing /opt/airflow/dags/bronze_dag2.py took 0.207 seconds
[2026-07-15T15:14:25.508+0000] {processor.py:161} INFO - Started process (PID=1099) to work on /opt/airflow/dags/bronze_dag2.py
[2026-07-15T15:14:25.509+0000] {processor.py:830} INFO - Processing file /opt/airflow/dags/bronze_dag2.py for tasks to queue
[2026-07-15T15:14:25.523+0000] {logging_mixin.py:188} INFO - [2026-07-15T15:14:25.522+0000] {dagbag.py:540} INFO - Filling up the DagBag from /opt/airflow/dags/bronze_dag2.py
[2026-07-15T15:14:25.572+0000] {processor.py:840} INFO - DAG(s) 'bronze_dag2' retrieved from /opt/airflow/dags/bronze_dag2.py
[2026-07-15T15:14:25.695+0000] {logging_mixin.py:188} INFO - [2026-07-15T15:14:25.695+0000] {dag.py:3096} INFO - Sync 1 DAGs
[2026-07-15T15:14:25.805+0000] {logging_mixin.py:188} INFO - [2026-07-15T15:14:25.805+0000] {dag.py:3954} INFO - Setting next_dagrun for bronze_dag2 to 2026-07-15 14:00:00+00:00, run_after=2026-07-15 15:00:00+00:00
[2026-07-15T15:14:25.883+0000] {processor.py:183} INFO - Processing /opt/airflow/dags/bronze_dag2.py took 0.394 seconds
[2026-07-15T15:14:57.003+0000] {processor.py:161} INFO - Started process (PID=1141) to work on /opt/airflow/dags/bronze_dag2.py
[2026-07-15T15:14:57.008+0000] {processor.py:830} INFO - Processing file /opt/airflow/dags/bronze_dag2.py for tasks to queue
[2026-07-15T15:14:57.020+0000] {logging_mixin.py:188} INFO - [2026-07-15T15:14:57.014+0000] {dagbag.py:540} INFO - Filling up the DagBag from /opt/airflow/dags/bronze_dag2.py
[2026-07-15T15:14:57.088+0000] {processor.py:840} INFO - DAG(s) 'bronze_dag2' retrieved from /opt/airflow/dags/bronze_dag2.py
[2026-07-15T15:14:57.172+0000] {logging_mixin.py:188} INFO - [2026-07-15T15:14:57.171+0000] {dag.py:3096} INFO - Sync 1 DAGs
[2026-07-15T15:14:57.241+0000] {logging_mixin.py:188} INFO - [2026-07-15T15:14:57.240+0000] {dag.py:3954} INFO - Setting next_dagrun for bronze_dag2 to 2026-07-15 14:00:00+00:00, run_after=2026-07-15 15:00:00+00:00
[2026-07-15T15:14:57.297+0000] {processor.py:183} INFO - Processing /opt/airflow/dags/bronze_dag2.py took 0.311 seconds
[2026-07-15T15:15:30.149+0000] {processor.py:161} INFO - Started process (PID=1164) to work on /opt/airflow/dags/bronze_dag2.py
[2026-07-15T15:15:30.154+0000] {processor.py:830} INFO - Processing file /opt/airflow/dags/bronze_dag2.py for tasks to queue
[2026-07-15T15:15:30.167+0000] {logging_mixin.py:188} INFO - [2026-07-15T15:15:30.165+0000] {dagbag.py:540} INFO - Filling up the DagBag from /opt/airflow/dags/bronze_dag2.py
[2026-07-15T15:15:30.435+0000] {processor.py:840} INFO - DAG(s) 'bronze_dag2' retrieved from /opt/airflow/dags/bronze_dag2.py
[2026-07-15T15:15:30.588+0000] {logging_mixin.py:188} INFO - [2026-07-15T15:15:30.587+0000] {dag.py:3096} INFO - Sync 1 DAGs
[2026-07-15T15:15:30.692+0000] {logging_mixin.py:188} INFO - [2026-07-15T15:15:30.691+0000] {dag.py:3954} INFO - Setting next_dagrun for bronze_dag2 to 2026-07-15 14:00:00+00:00, run_after=2026-07-15 15:00:00+00:00
[2026-07-15T15:15:30.782+0000] {processor.py:183} INFO - Processing /opt/airflow/dags/bronze_dag2.py took 0.673 seconds
[2026-07-15T15:16:01.003+0000] {processor.py:161} INFO - Started process (PID=1191) to work on /opt/airflow/dags/bronze_dag2.py
[2026-07-15T15:16:01.006+0000] {processor.py:830} INFO - Processing file /opt/airflow/dags/bronze_dag2.py for tasks to queue
[2026-07-15T15:16:01.010+0000] {logging_mixin.py:188} INFO - [2026-07-15T15:16:01.010+0000] {dagbag.py:540} INFO - Filling up the DagBag from /opt/airflow/dags/bronze_dag2.py
[2026-07-15T15:16:01.037+0000] {processor.py:840} INFO - DAG(s) 'bronze_dag2' retrieved from /opt/airflow/dags/bronze_dag2.py
[2026-07-15T15:16:01.093+0000] {logging_mixin.py:188} INFO - [2026-07-15T15:16:01.092+0000] {dag.py:3096} INFO - Sync 1 DAGs
[2026-07-15T15:16:01.135+0000] {logging_mixin.py:188} INFO - [2026-07-15T15:16:01.135+0000] {dag.py:3954} INFO - Setting next_dagrun for bronze_dag2 to 2026-07-15 14:00:00+00:00, run_after=2026-07-15 15:00:00+00:00
[2026-07-15T15:16:01.166+0000] {processor.py:183} INFO - Processing /opt/airflow/dags/bronze_dag2.py took 0.174 seconds
[2026-07-15T15:16:31.855+0000] {processor.py:161} INFO - Started process (PID=1220) to work on /opt/airflow/dags/bronze_dag2.py
[2026-07-15T15:16:31.858+0000] {processor.py:830} INFO - Processing file /opt/airflow/dags/bronze_dag2.py for tasks to queue
[2026-07-15T15:16:31.865+0000] {logging_mixin.py:188} INFO - [2026-07-15T15:16:31.864+0000] {dagbag.py:540} INFO - Filling up the DagBag from /opt/airflow/dags/bronze_dag2.py
[2026-07-15T15:16:31.956+0000] {processor.py:840} INFO - DAG(s) 'bronze_dag2' retrieved from /opt/airflow/dags/bronze_dag2.py
[2026-07-15T15:16:32.038+0000] {logging_mixin.py:188} INFO - [2026-07-15T15:16:32.037+0000] {dag.py:3096} INFO - Sync 1 DAGs
[2026-07-15T15:16:32.091+0000] {logging_mixin.py:188} INFO - [2026-07-15T15:16:32.090+0000] {dag.py:3954} INFO - Setting next_dagrun for bronze_dag2 to 2026-07-15 14:00:00+00:00, run_after=2026-07-15 15:00:00+00:00
[2026-07-15T15:16:32.125+0000] {processor.py:183} INFO - Processing /opt/airflow/dags/bronze_dag2.py took 0.290 seconds
[2026-07-15T15:17:02.313+0000] {processor.py:161} INFO - Started process (PID=1260) to work on /opt/airflow/dags/bronze_dag2.py
[2026-07-15T15:17:02.317+0000] {processor.py:830} INFO - Processing file /opt/airflow/dags/bronze_dag2.py for tasks to queue
[2026-07-15T15:17:02.324+0000] {logging_mixin.py:188} INFO - [2026-07-15T15:17:02.323+0000] {dagbag.py:540} INFO - Filling up the DagBag from /opt/airflow/dags/bronze_dag2.py
[2026-07-15T15:17:02.370+0000] {processor.py:840} INFO - DAG(s) 'bronze_dag2' retrieved from /opt/airflow/dags/bronze_dag2.py
[2026-07-15T15:17:02.432+0000] {logging_mixin.py:188} INFO - [2026-07-15T15:17:02.431+0000] {dag.py:3096} INFO - Sync 1 DAGs
[2026-07-15T15:17:02.484+0000] {logging_mixin.py:188} INFO - [2026-07-15T15:17:02.484+0000] {dag.py:3954} INFO - Setting next_dagrun for bronze_dag2 to 2026-07-15 14:00:00+00:00, run_after=2026-07-15 15:00:00+00:00
[2026-07-15T15:17:02.556+0000] {processor.py:183} INFO - Processing /opt/airflow/dags/bronze_dag2.py took 0.263 seconds
[2026-07-15T15:17:33.233+0000] {processor.py:161} INFO - Started process (PID=1287) to work on /opt/airflow/dags/bronze_dag2.py
[2026-07-15T15:17:33.241+0000] {processor.py:830} INFO - Processing file /opt/airflow/dags/bronze_dag2.py for tasks to queue
[2026-07-15T15:17:33.249+0000] {logging_mixin.py:188} INFO - [2026-07-15T15:17:33.248+0000] {dagbag.py:540} INFO - Filling up the DagBag from /opt/airflow/dags/bronze_dag2.py
[2026-07-15T15:17:33.331+0000] {processor.py:840} INFO - DAG(s) 'bronze_dag2' retrieved from /opt/airflow/dags/bronze_dag2.py
[2026-07-15T15:17:33.401+0000] {logging_mixin.py:188} INFO - [2026-07-15T15:17:33.401+0000] {dag.py:3096} INFO - Sync 1 DAGs
[2026-07-15T15:17:33.461+0000] {logging_mixin.py:188} INFO - [2026-07-15T15:17:33.461+0000] {dag.py:3954} INFO - Setting next_dagrun for bronze_dag2 to 2026-07-15 14:00:00+00:00, run_after=2026-07-15 15:00:00+00:00
[2026-07-15T15:17:33.510+0000] {processor.py:183} INFO - Processing /opt/airflow/dags/bronze_dag2.py took 0.295 seconds
[2026-07-15T15:18:03.830+0000] {processor.py:161} INFO - Started process (PID=1312) to work on /opt/airflow/dags/bronze_dag2.py
[2026-07-15T15:18:03.837+0000] {processor.py:830} INFO - Processing file /opt/airflow/dags/bronze_dag2.py for tasks to queue
[2026-07-15T15:18:03.851+0000] {logging_mixin.py:188} INFO - [2026-07-15T15:18:03.849+0000] {dagbag.py:540} INFO - Filling up the DagBag from /opt/airflow/dags/bronze_dag2.py
[2026-07-15T15:18:03.923+0000] {processor.py:840} INFO - DAG(s) 'bronze_dag2' retrieved from /opt/airflow/dags/bronze_dag2.py
[2026-07-15T15:18:04.007+0000] {logging_mixin.py:188} INFO - [2026-07-15T15:18:04.006+0000] {dag.py:3096} INFO - Sync 1 DAGs
[2026-07-15T15:18:04.086+0000] {logging_mixin.py:188} INFO - [2026-07-15T15:18:04.085+0000] {dag.py:3954} INFO - Setting next_dagrun for bronze_dag2 to 2026-07-15 14:00:00+00:00, run_after=2026-07-15 15:00:00+00:00
[2026-07-15T15:18:04.146+0000] {processor.py:183} INFO - Processing /opt/airflow/dags/bronze_dag2.py took 0.339 seconds
[2026-07-15T15:18:34.443+0000] {processor.py:161} INFO - Started process (PID=1337) to work on /opt/airflow/dags/bronze_dag2.py
[2026-07-15T15:18:34.445+0000] {processor.py:830} INFO - Processing file /opt/airflow/dags/bronze_dag2.py for tasks to queue
[2026-07-15T15:18:34.450+0000] {logging_mixin.py:188} INFO - [2026-07-15T15:18:34.449+0000] {dagbag.py:540} INFO - Filling up the DagBag from /opt/airflow/dags/bronze_dag2.py
[2026-07-15T15:18:34.502+0000] {processor.py:840} INFO - DAG(s) 'bronze_dag2' retrieved from /opt/airflow/dags/bronze_dag2.py
[2026-07-15T15:18:34.569+0000] {logging_mixin.py:188} INFO - [2026-07-15T15:18:34.567+0000] {dag.py:3096} INFO - Sync 1 DAGs
[2026-07-15T15:18:34.626+0000] {logging_mixin.py:188} INFO - [2026-07-15T15:18:34.626+0000] {dag.py:3954} INFO - Setting next_dagrun for bronze_dag2 to 2026-07-15 14:00:00+00:00, run_after=2026-07-15 15:00:00+00:00
[2026-07-15T15:18:34.681+0000] {processor.py:183} INFO - Processing /opt/airflow/dags/bronze_dag2.py took 0.255 seconds
[2026-07-15T15:19:05.464+0000] {processor.py:161} INFO - Started process (PID=1373) to work on /opt/airflow/dags/bronze_dag2.py
[2026-07-15T15:19:05.515+0000] {processor.py:830} INFO - Processing file /opt/airflow/dags/bronze_dag2.py for tasks to queue
[2026-07-15T15:19:05.558+0000] {logging_mixin.py:188} INFO - [2026-07-15T15:19:05.557+0000] {dagbag.py:540} INFO - Filling up the DagBag from /opt/airflow/dags/bronze_dag2.py
[2026-07-15T15:19:05.879+0000] {processor.py:840} INFO - DAG(s) 'bronze_dag2' retrieved from /opt/airflow/dags/bronze_dag2.py
[2026-07-15T15:19:06.041+0000] {logging_mixin.py:188} INFO - [2026-07-15T15:19:06.040+0000] {dag.py:3096} INFO - Sync 1 DAGs
[2026-07-15T15:19:06.196+0000] {logging_mixin.py:188} INFO - [2026-07-15T15:19:06.196+0000] {dag.py:3954} INFO - Setting next_dagrun for bronze_dag2 to 2026-07-15 14:00:00+00:00, run_after=2026-07-15 15:00:00+00:00
[2026-07-15T15:19:06.318+0000] {processor.py:183} INFO - Processing /opt/airflow/dags/bronze_dag2.py took 0.928 seconds
[2026-07-15T15:19:37.093+0000] {processor.py:161} INFO - Started process (PID=1398) to work on /opt/airflow/dags/bronze_dag2.py
[2026-07-15T15:19:37.258+0000] {processor.py:830} INFO - Processing file /opt/airflow/dags/bronze_dag2.py for tasks to queue
[2026-07-15T15:19:37.277+0000] {logging_mixin.py:188} INFO - [2026-07-15T15:19:37.275+0000] {dagbag.py:540} INFO - Filling up the DagBag from /opt/airflow/dags/bronze_dag2.py
[2026-07-15T15:19:38.240+0000] {processor.py:840} INFO - DAG(s) 'bronze_dag2' retrieved from /opt/airflow/dags/bronze_dag2.py
[2026-07-15T15:19:38.596+0000] {logging_mixin.py:188} INFO - [2026-07-15T15:19:38.595+0000] {dag.py:3096} INFO - Sync 1 DAGs
[2026-07-15T15:19:38.921+0000] {logging_mixin.py:188} INFO - [2026-07-15T15:19:38.920+0000] {dag.py:3954} INFO - Setting next_dagrun for bronze_dag2 to 2026-07-15 14:00:00+00:00, run_after=2026-07-15 15:00:00+00:00
[2026-07-15T15:19:39.026+0000] {processor.py:183} INFO - Processing /opt/airflow/dags/bronze_dag2.py took 1.991 seconds
[2026-07-15T15:20:09.899+0000] {processor.py:161} INFO - Started process (PID=1423) to work on /opt/airflow/dags/bronze_dag2.py
[2026-07-15T15:20:09.915+0000] {processor.py:830} INFO - Processing file /opt/airflow/dags/bronze_dag2.py for tasks to queue
[2026-07-15T15:20:09.952+0000] {logging_mixin.py:188} INFO - [2026-07-15T15:20:09.951+0000] {dagbag.py:540} INFO - Filling up the DagBag from /opt/airflow/dags/bronze_dag2.py
[2026-07-15T15:20:10.119+0000] {processor.py:840} INFO - DAG(s) 'bronze_dag2' retrieved from /opt/airflow/dags/bronze_dag2.py
[2026-07-15T15:20:10.379+0000] {logging_mixin.py:188} INFO - [2026-07-15T15:20:10.378+0000] {dag.py:3096} INFO - Sync 1 DAGs
[2026-07-15T15:20:10.633+0000] {logging_mixin.py:188} INFO - [2026-07-15T15:20:10.632+0000] {dag.py:3954} INFO - Setting next_dagrun for bronze_dag2 to 2026-07-15 14:00:00+00:00, run_after=2026-07-15 15:00:00+00:00
[2026-07-15T15:20:10.822+0000] {processor.py:183} INFO - Processing /opt/airflow/dags/bronze_dag2.py took 0.943 seconds
[2026-07-15T15:20:41.521+0000] {processor.py:161} INFO - Started process (PID=1448) to work on /opt/airflow/dags/bronze_dag2.py
[2026-07-15T15:20:41.524+0000] {processor.py:830} INFO - Processing file /opt/airflow/dags/bronze_dag2.py for tasks to queue
[2026-07-15T15:20:41.537+0000] {logging_mixin.py:188} INFO - [2026-07-15T15:20:41.536+0000] {dagbag.py:540} INFO - Filling up the DagBag from /opt/airflow/dags/bronze_dag2.py
[2026-07-15T15:20:41.614+0000] {processor.py:840} INFO - DAG(s) 'bronze_dag2' retrieved from /opt/airflow/dags/bronze_dag2.py
[2026-07-15T15:20:41.679+0000] {logging_mixin.py:188} INFO - [2026-07-15T15:20:41.679+0000] {dag.py:3096} INFO - Sync 1 DAGs
[2026-07-15T15:20:41.767+0000] {logging_mixin.py:188} INFO - [2026-07-15T15:20:41.767+0000] {dag.py:3954} INFO - Setting next_dagrun for bronze_dag2 to 2026-07-15 14:00:00+00:00, run_after=2026-07-15 15:00:00+00:00
[2026-07-15T15:20:41.882+0000] {processor.py:183} INFO - Processing /opt/airflow/dags/bronze_dag2.py took 0.386 seconds
[2026-07-15T15:21:12.447+0000] {processor.py:161} INFO - Started process (PID=1479) to work on /opt/airflow/dags/bronze_dag2.py
[2026-07-15T15:21:12.448+0000] {processor.py:830} INFO - Processing file /opt/airflow/dags/bronze_dag2.py for tasks to queue
[2026-07-15T15:21:12.451+0000] {logging_mixin.py:188} INFO - [2026-07-15T15:21:12.450+0000] {dagbag.py:540} INFO - Filling up the DagBag from /opt/airflow/dags/bronze_dag2.py
[2026-07-15T15:21:12.473+0000] {processor.py:840} INFO - DAG(s) 'bronze_dag2' retrieved from /opt/airflow/dags/bronze_dag2.py
[2026-07-15T15:21:12.503+0000] {logging_mixin.py:188} INFO - [2026-07-15T15:21:12.502+0000] {dag.py:3096} INFO - Sync 1 DAGs
[2026-07-15T15:21:12.530+0000] {logging_mixin.py:188} INFO - [2026-07-15T15:21:12.529+0000] {dag.py:3954} INFO - Setting next_dagrun for bronze_dag2 to 2026-07-15 14:00:00+00:00, run_after=2026-07-15 15:00:00+00:00
[2026-07-15T15:21:12.557+0000] {processor.py:183} INFO - Processing /opt/airflow/dags/bronze_dag2.py took 0.117 seconds
[2026-07-15T15:21:43.210+0000] {processor.py:161} INFO - Started process (PID=1504) to work on /opt/airflow/dags/bronze_dag2.py
[2026-07-15T15:21:43.211+0000] {processor.py:830} INFO - Processing file /opt/airflow/dags/bronze_dag2.py for tasks to queue
[2026-07-15T15:21:43.214+0000] {logging_mixin.py:188} INFO - [2026-07-15T15:21:43.213+0000] {dagbag.py:540} INFO - Filling up the DagBag from /opt/airflow/dags/bronze_dag2.py
[2026-07-15T15:21:43.234+0000] {processor.py:840} INFO - DAG(s) 'bronze_dag2' retrieved from /opt/airflow/dags/bronze_dag2.py
[2026-07-15T15:21:43.265+0000] {logging_mixin.py:188} INFO - [2026-07-15T15:21:43.264+0000] {dag.py:3096} INFO - Sync 1 DAGs
[2026-07-15T15:21:43.294+0000] {logging_mixin.py:188} INFO - [2026-07-15T15:21:43.294+0000] {dag.py:3954} INFO - Setting next_dagrun for bronze_dag2 to 2026-07-15 14:00:00+00:00, run_after=2026-07-15 15:00:00+00:00
[2026-07-15T15:21:43.316+0000] {processor.py:183} INFO - Processing /opt/airflow/dags/bronze_dag2.py took 0.113 seconds
[2026-07-15T15:22:13.785+0000] {processor.py:161} INFO - Started process (PID=1529) to work on /opt/airflow/dags/bronze_dag2.py
[2026-07-15T15:22:13.786+0000] {processor.py:830} INFO - Processing file /opt/airflow/dags/bronze_dag2.py for tasks to queue
[2026-07-15T15:22:13.789+0000] {logging_mixin.py:188} INFO - [2026-07-15T15:22:13.789+0000] {dagbag.py:540} INFO - Filling up the DagBag from /opt/airflow/dags/bronze_dag2.py
[2026-07-15T15:22:13.809+0000] {processor.py:840} INFO - DAG(s) 'bronze_dag2' retrieved from /opt/airflow/dags/bronze_dag2.py
[2026-07-15T15:22:13.837+0000] {logging_mixin.py:188} INFO - [2026-07-15T15:22:13.836+0000] {dag.py:3096} INFO - Sync 1 DAGs
[2026-07-15T15:22:13.860+0000] {logging_mixin.py:188} INFO - [2026-07-15T15:22:13.860+0000] {dag.py:3954} INFO - Setting next_dagrun for bronze_dag2 to 2026-07-15 14:00:00+00:00, run_after=2026-07-15 15:00:00+00:00
[2026-07-15T15:22:13.886+0000] {processor.py:183} INFO - Processing /opt/airflow/dags/bronze_dag2.py took 0.108 seconds
[2026-07-15T15:22:44.280+0000] {processor.py:161} INFO - Started process (PID=1554) to work on /opt/airflow/dags/bronze_dag2.py
[2026-07-15T15:22:44.282+0000] {processor.py:830} INFO - Processing file /opt/airflow/dags/bronze_dag2.py for tasks to queue
[2026-07-15T15:22:44.285+0000] {logging_mixin.py:188} INFO - [2026-07-15T15:22:44.284+0000] {dagbag.py:540} INFO - Filling up the DagBag from /opt/airflow/dags/bronze_dag2.py
[2026-07-15T15:22:44.316+0000] {processor.py:840} INFO - DAG(s) 'bronze_dag2' retrieved from /opt/airflow/dags/bronze_dag2.py
[2026-07-15T15:22:44.349+0000] {logging_mixin.py:188} INFO - [2026-07-15T15:22:44.349+0000] {dag.py:3096} INFO - Sync 1 DAGs
[2026-07-15T15:22:44.374+0000] {logging_mixin.py:188} INFO - [2026-07-15T15:22:44.374+0000] {dag.py:3954} INFO - Setting next_dagrun for bronze_dag2 to 2026-07-15 14:00:00+00:00, run_after=2026-07-15 15:00:00+00:00
[2026-07-15T15:22:44.406+0000] {processor.py:183} INFO - Processing /opt/airflow/dags/bronze_dag2.py took 0.137 seconds
[2026-07-15T15:23:14.810+0000] {processor.py:161} INFO - Started process (PID=1579) to work on /opt/airflow/dags/bronze_dag2.py
[2026-07-15T15:23:14.811+0000] {processor.py:830} INFO - Processing file /opt/airflow/dags/bronze_dag2.py for tasks to queue
[2026-07-15T15:23:14.813+0000] {logging_mixin.py:188} INFO - [2026-07-15T15:23:14.813+0000] {dagbag.py:540} INFO - Filling up the DagBag from /opt/airflow/dags/bronze_dag2.py
[2026-07-15T15:23:14.832+0000] {processor.py:840} INFO - DAG(s) 'bronze_dag2' retrieved from /opt/airflow/dags/bronze_dag2.py
[2026-07-15T15:23:14.862+0000] {logging_mixin.py:188} INFO - [2026-07-15T15:23:14.861+0000] {dag.py:3096} INFO - Sync 1 DAGs
[2026-07-15T15:23:14.888+0000] {logging_mixin.py:188} INFO - [2026-07-15T15:23:14.888+0000] {dag.py:3954} INFO - Setting next_dagrun for bronze_dag2 to 2026-07-15 14:00:00+00:00, run_after=2026-07-15 15:00:00+00:00
[2026-07-15T15:23:14.911+0000] {processor.py:183} INFO - Processing /opt/airflow/dags/bronze_dag2.py took 0.109 seconds
[2026-07-15T15:23:45.429+0000] {processor.py:161} INFO - Started process (PID=1604) to work on /opt/airflow/dags/bronze_dag2.py
[2026-07-15T15:23:45.433+0000] {processor.py:830} INFO - Processing file /opt/airflow/dags/bronze_dag2.py for tasks to queue
[2026-07-15T15:23:45.440+0000] {logging_mixin.py:188} INFO - [2026-07-15T15:23:45.439+0000] {dagbag.py:540} INFO - Filling up the DagBag from /opt/airflow/dags/bronze_dag2.py
[2026-07-15T15:23:45.468+0000] {processor.py:840} INFO - DAG(s) 'bronze_dag2' retrieved from /opt/airflow/dags/bronze_dag2.py
[2026-07-15T15:23:45.520+0000] {logging_mixin.py:188} INFO - [2026-07-15T15:23:45.519+0000] {dag.py:3096} INFO - Sync 1 DAGs
[2026-07-15T15:23:45.554+0000] {logging_mixin.py:188} INFO - [2026-07-15T15:23:45.554+0000] {dag.py:3954} INFO - Setting next_dagrun for bronze_dag2 to 2026-07-15 14:00:00+00:00, run_after=2026-07-15 15:00:00+00:00
[2026-07-15T15:23:45.574+0000] {processor.py:183} INFO - Processing /opt/airflow/dags/bronze_dag2.py took 0.152 seconds
[2026-07-15T15:24:16.113+0000] {processor.py:161} INFO - Started process (PID=1629) to work on /opt/airflow/dags/bronze_dag2.py
[2026-07-15T15:24:16.114+0000] {processor.py:830} INFO - Processing file /opt/airflow/dags/bronze_dag2.py for tasks to queue
[2026-07-15T15:24:16.117+0000] {logging_mixin.py:188} INFO - [2026-07-15T15:24:16.117+0000] {dagbag.py:540} INFO - Filling up the DagBag from /opt/airflow/dags/bronze_dag2.py
[2026-07-15T15:24:16.137+0000] {processor.py:840} INFO - DAG(s) 'bronze_dag2' retrieved from /opt/airflow/dags/bronze_dag2.py
[2026-07-15T15:24:16.162+0000] {logging_mixin.py:188} INFO - [2026-07-15T15:24:16.162+0000] {dag.py:3096} INFO - Sync 1 DAGs
[2026-07-15T15:24:16.186+0000] {logging_mixin.py:188} INFO - [2026-07-15T15:24:16.186+0000] {dag.py:3954} INFO - Setting next_dagrun for bronze_dag2 to 2026-07-15 14:00:00+00:00, run_after=2026-07-15 15:00:00+00:00
[2026-07-15T15:24:16.209+0000] {processor.py:183} INFO - Processing /opt/airflow/dags/bronze_dag2.py took 0.103 seconds
[2026-07-15T15:24:46.835+0000] {processor.py:161} INFO - Started process (PID=1654) to work on /opt/airflow/dags/bronze_dag2.py
[2026-07-15T15:24:46.836+0000] {processor.py:830} INFO - Processing file /opt/airflow/dags/bronze_dag2.py for tasks to queue
[2026-07-15T15:24:46.839+0000] {logging_mixin.py:188} INFO - [2026-07-15T15:24:46.838+0000] {dagbag.py:540} INFO - Filling up the DagBag from /opt/airflow/dags/bronze_dag2.py
[2026-07-15T15:24:46.854+0000] {processor.py:840} INFO - DAG(s) 'bronze_dag2' retrieved from /opt/airflow/dags/bronze_dag2.py
[2026-07-15T15:24:46.878+0000] {logging_mixin.py:188} INFO - [2026-07-15T15:24:46.878+0000] {dag.py:3096} INFO - Sync 1 DAGs
[2026-07-15T15:24:46.900+0000] {logging_mixin.py:188} INFO - [2026-07-15T15:24:46.900+0000] {dag.py:3954} INFO - Setting next_dagrun for bronze_dag2 to 2026-07-15 14:00:00+00:00, run_after=2026-07-15 15:00:00+00:00
[2026-07-15T15:24:46.922+0000] {processor.py:183} INFO - Processing /opt/airflow/dags/bronze_dag2.py took 0.092 seconds
[2026-07-15T15:25:17.354+0000] {processor.py:161} INFO - Started process (PID=1679) to work on /opt/airflow/dags/bronze_dag2.py
[2026-07-15T15:25:17.355+0000] {processor.py:830} INFO - Processing file /opt/airflow/dags/bronze_dag2.py for tasks to queue
[2026-07-15T15:25:17.358+0000] {logging_mixin.py:188} INFO - [2026-07-15T15:25:17.357+0000] {dagbag.py:540} INFO - Filling up the DagBag from /opt/airflow/dags/bronze_dag2.py
[2026-07-15T15:25:17.379+0000] {processor.py:840} INFO - DAG(s) 'bronze_dag2' retrieved from /opt/airflow/dags/bronze_dag2.py
[2026-07-15T15:25:17.408+0000] {logging_mixin.py:188} INFO - [2026-07-15T15:25:17.408+0000] {dag.py:3096} INFO - Sync 1 DAGs
[2026-07-15T15:25:17.432+0000] {logging_mixin.py:188} INFO - [2026-07-15T15:25:17.432+0000] {dag.py:3954} INFO - Setting next_dagrun for bronze_dag2 to 2026-07-15 14:00:00+00:00, run_after=2026-07-15 15:00:00+00:00
[2026-07-15T15:25:17.454+0000] {processor.py:183} INFO - Processing /opt/airflow/dags/bronze_dag2.py took 0.109 seconds
[2026-07-15T15:25:48.109+0000] {processor.py:161} INFO - Started process (PID=1704) to work on /opt/airflow/dags/bronze_dag2.py
[2026-07-15T15:25:48.111+0000] {processor.py:830} INFO - Processing file /opt/airflow/dags/bronze_dag2.py for tasks to queue
[2026-07-15T15:25:48.118+0000] {logging_mixin.py:188} INFO - [2026-07-15T15:25:48.117+0000] {dagbag.py:540} INFO - Filling up the DagBag from /opt/airflow/dags/bronze_dag2.py
[2026-07-15T15:25:48.159+0000] {processor.py:840} INFO - DAG(s) 'bronze_dag2' retrieved from /opt/airflow/dags/bronze_dag2.py
[2026-07-15T15:25:48.213+0000] {logging_mixin.py:188} INFO - [2026-07-15T15:25:48.212+0000] {dag.py:3096} INFO - Sync 1 DAGs
[2026-07-15T15:25:48.250+0000] {logging_mixin.py:188} INFO - [2026-07-15T15:25:48.250+0000] {dag.py:3954} INFO - Setting next_dagrun for bronze_dag2 to 2026-07-15 14:00:00+00:00, run_after=2026-07-15 15:00:00+00:00
[2026-07-15T15:25:48.279+0000] {processor.py:183} INFO - Processing /opt/airflow/dags/bronze_dag2.py took 0.183 seconds
[2026-07-15T15:26:18.590+0000] {processor.py:161} INFO - Started process (PID=1729) to work on /opt/airflow/dags/bronze_dag2.py
[2026-07-15T15:26:18.592+0000] {processor.py:830} INFO - Processing file /opt/airflow/dags/bronze_dag2.py for tasks to queue
[2026-07-15T15:26:18.596+0000] {logging_mixin.py:188} INFO - [2026-07-15T15:26:18.595+0000] {dagbag.py:540} INFO - Filling up the DagBag from /opt/airflow/dags/bronze_dag2.py
[2026-07-15T15:26:18.617+0000] {processor.py:840} INFO - DAG(s) 'bronze_dag2' retrieved from /opt/airflow/dags/bronze_dag2.py
[2026-07-15T15:26:18.648+0000] {logging_mixin.py:188} INFO - [2026-07-15T15:26:18.648+0000] {dag.py:3096} INFO - Sync 1 DAGs
[2026-07-15T15:26:18.673+0000] {logging_mixin.py:188} INFO - [2026-07-15T15:26:18.673+0000] {dag.py:3954} INFO - Setting next_dagrun for bronze_dag2 to 2026-07-15 14:00:00+00:00, run_after=2026-07-15 15:00:00+00:00
[2026-07-15T15:26:18.697+0000] {processor.py:183} INFO - Processing /opt/airflow/dags/bronze_dag2.py took 0.117 seconds
[2026-07-15T15:26:49.071+0000] {processor.py:161} INFO - Started process (PID=1754) to work on /opt/airflow/dags/bronze_dag2.py
[2026-07-15T15:26:49.073+0000] {processor.py:830} INFO - Processing file /opt/airflow/dags/bronze_dag2.py for tasks to queue
[2026-07-15T15:26:49.076+0000] {logging_mixin.py:188} INFO - [2026-07-15T15:26:49.076+0000] {dagbag.py:540} INFO - Filling up the DagBag from /opt/airflow/dags/bronze_dag2.py
[2026-07-15T15:26:49.096+0000] {processor.py:840} INFO - DAG(s) 'bronze_dag2' retrieved from /opt/airflow/dags/bronze_dag2.py
[2026-07-15T15:26:49.129+0000] {logging_mixin.py:188} INFO - [2026-07-15T15:26:49.128+0000] {dag.py:3096} INFO - Sync 1 DAGs
[2026-07-15T15:26:49.159+0000] {logging_mixin.py:188} INFO - [2026-07-15T15:26:49.158+0000] {dag.py:3954} INFO - Setting next_dagrun for bronze_dag2 to 2026-07-15 14:00:00+00:00, run_after=2026-07-15 15:00:00+00:00
[2026-07-15T15:26:49.181+0000] {processor.py:183} INFO - Processing /opt/airflow/dags/bronze_dag2.py took 0.116 seconds
[2026-07-15T15:27:19.632+0000] {processor.py:161} INFO - Started process (PID=1779) to work on /opt/airflow/dags/bronze_dag2.py
[2026-07-15T15:27:19.635+0000] {processor.py:830} INFO - Processing file /opt/airflow/dags/bronze_dag2.py for tasks to queue
[2026-07-15T15:27:19.639+0000] {logging_mixin.py:188} INFO - [2026-07-15T15:27:19.637+0000] {dagbag.py:540} INFO - Filling up the DagBag from /opt/airflow/dags/bronze_dag2.py
[2026-07-15T15:27:19.668+0000] {processor.py:840} INFO - DAG(s) 'bronze_dag2' retrieved from /opt/airflow/dags/bronze_dag2.py
[2026-07-15T15:27:19.708+0000] {logging_mixin.py:188} INFO - [2026-07-15T15:27:19.708+0000] {dag.py:3096} INFO - Sync 1 DAGs
[2026-07-15T15:27:19.737+0000] {logging_mixin.py:188} INFO - [2026-07-15T15:27:19.736+0000] {dag.py:3954} INFO - Setting next_dagrun for bronze_dag2 to 2026-07-15 14:00:00+00:00, run_after=2026-07-15 15:00:00+00:00
[2026-07-15T15:27:19.759+0000] {processor.py:183} INFO - Processing /opt/airflow/dags/bronze_dag2.py took 0.136 seconds
[2026-07-15T15:27:50.352+0000] {processor.py:161} INFO - Started process (PID=1804) to work on /opt/airflow/dags/bronze_dag2.py
[2026-07-15T15:27:50.353+0000] {processor.py:830} INFO - Processing file /opt/airflow/dags/bronze_dag2.py for tasks to queue
[2026-07-15T15:27:50.357+0000] {logging_mixin.py:188} INFO - [2026-07-15T15:27:50.356+0000] {dagbag.py:540} INFO - Filling up the DagBag from /opt/airflow/dags/bronze_dag2.py
[2026-07-15T15:27:50.379+0000] {processor.py:840} INFO - DAG(s) 'bronze_dag2' retrieved from /opt/airflow/dags/bronze_dag2.py
[2026-07-15T15:27:50.411+0000] {logging_mixin.py:188} INFO - [2026-07-15T15:27:50.411+0000] {dag.py:3096} INFO - Sync 1 DAGs
[2026-07-15T15:27:50.436+0000] {logging_mixin.py:188} INFO - [2026-07-15T15:27:50.436+0000] {dag.py:3954} INFO - Setting next_dagrun for bronze_dag2 to 2026-07-15 14:00:00+00:00, run_after=2026-07-15 15:00:00+00:00
[2026-07-15T15:27:50.455+0000] {processor.py:183} INFO - Processing /opt/airflow/dags/bronze_dag2.py took 0.111 seconds
[2026-07-15T15:28:20.900+0000] {processor.py:161} INFO - Started process (PID=1829) to work on /opt/airflow/dags/bronze_dag2.py
[2026-07-15T15:28:20.901+0000] {processor.py:830} INFO - Processing file /opt/airflow/dags/bronze_dag2.py for tasks to queue
[2026-07-15T15:28:20.904+0000] {logging_mixin.py:188} INFO - [2026-07-15T15:28:20.904+0000] {dagbag.py:540} INFO - Filling up the DagBag from /opt/airflow/dags/bronze_dag2.py
[2026-07-15T15:28:20.922+0000] {processor.py:840} INFO - DAG(s) 'bronze_dag2' retrieved from /opt/airflow/dags/bronze_dag2.py
[2026-07-15T15:28:20.949+0000] {logging_mixin.py:188} INFO - [2026-07-15T15:28:20.949+0000] {dag.py:3096} INFO - Sync 1 DAGs
[2026-07-15T15:28:20.971+0000] {logging_mixin.py:188} INFO - [2026-07-15T15:28:20.971+0000] {dag.py:3954} INFO - Setting next_dagrun for bronze_dag2 to 2026-07-15 14:00:00+00:00, run_after=2026-07-15 15:00:00+00:00
[2026-07-15T15:28:20.998+0000] {processor.py:183} INFO - Processing /opt/airflow/dags/bronze_dag2.py took 0.104 seconds
[2026-07-15T15:28:51.502+0000] {processor.py:161} INFO - Started process (PID=1854) to work on /opt/airflow/dags/bronze_dag2.py
[2026-07-15T15:28:51.505+0000] {processor.py:830} INFO - Processing file /opt/airflow/dags/bronze_dag2.py for tasks to queue
[2026-07-15T15:28:51.512+0000] {logging_mixin.py:188} INFO - [2026-07-15T15:28:51.511+0000] {dagbag.py:540} INFO - Filling up the DagBag from /opt/airflow/dags/bronze_dag2.py
[2026-07-15T15:28:51.559+0000] {processor.py:840} INFO - DAG(s) 'bronze_dag2' retrieved from /opt/airflow/dags/bronze_dag2.py
[2026-07-15T15:28:51.607+0000] {logging_mixin.py:188} INFO - [2026-07-15T15:28:51.607+0000] {dag.py:3096} INFO - Sync 1 DAGs
[2026-07-15T15:28:51.655+0000] {logging_mixin.py:188} INFO - [2026-07-15T15:28:51.655+0000] {dag.py:3954} INFO - Setting next_dagrun for bronze_dag2 to 2026-07-15 14:00:00+00:00, run_after=2026-07-15 15:00:00+00:00
[2026-07-15T15:28:51.701+0000] {processor.py:183} INFO - Processing /opt/airflow/dags/bronze_dag2.py took 0.211 seconds
[2026-07-15T15:29:22.523+0000] {processor.py:161} INFO - Started process (PID=1879) to work on /opt/airflow/dags/bronze_dag2.py
[2026-07-15T15:29:22.526+0000] {processor.py:830} INFO - Processing file /opt/airflow/dags/bronze_dag2.py for tasks to queue
[2026-07-15T15:29:22.531+0000] {logging_mixin.py:188} INFO - [2026-07-15T15:29:22.530+0000] {dagbag.py:540} INFO - Filling up the DagBag from /opt/airflow/dags/bronze_dag2.py
[2026-07-15T15:29:22.560+0000] {processor.py:840} INFO - DAG(s) 'bronze_dag2' retrieved from /opt/airflow/dags/bronze_dag2.py
[2026-07-15T15:29:22.602+0000] {logging_mixin.py:188} INFO - [2026-07-15T15:29:22.602+0000] {dag.py:3096} INFO - Sync 1 DAGs
[2026-07-15T15:29:22.651+0000] {logging_mixin.py:188} INFO - [2026-07-15T15:29:22.650+0000] {dag.py:3954} INFO - Setting next_dagrun for bronze_dag2 to 2026-07-15 14:00:00+00:00, run_after=2026-07-15 15:00:00+00:00
[2026-07-15T15:29:22.689+0000] {processor.py:183} INFO - Processing /opt/airflow/dags/bronze_dag2.py took 0.176 seconds
[2026-07-15T15:29:53.365+0000] {processor.py:161} INFO - Started process (PID=1904) to work on /opt/airflow/dags/bronze_dag2.py
[2026-07-15T15:29:53.366+0000] {processor.py:830} INFO - Processing file /opt/airflow/dags/bronze_dag2.py for tasks to queue
[2026-07-15T15:29:53.373+0000] {logging_mixin.py:188} INFO - [2026-07-15T15:29:53.370+0000] {dagbag.py:540} INFO - Filling up the DagBag from /opt/airflow/dags/bronze_dag2.py
[2026-07-15T15:29:53.399+0000] {processor.py:840} INFO - DAG(s) 'bronze_dag2' retrieved from /opt/airflow/dags/bronze_dag2.py
[2026-07-15T15:29:53.428+0000] {logging_mixin.py:188} INFO - [2026-07-15T15:29:53.427+0000] {dag.py:3096} INFO - Sync 1 DAGs
[2026-07-15T15:29:53.457+0000] {logging_mixin.py:188} INFO - [2026-07-15T15:29:53.457+0000] {dag.py:3954} INFO - Setting next_dagrun for bronze_dag2 to 2026-07-15 14:00:00+00:00, run_after=2026-07-15 15:00:00+00:00
[2026-07-15T15:29:53.483+0000] {processor.py:183} INFO - Processing /opt/airflow/dags/bronze_dag2.py took 0.127 seconds
[2026-07-15T15:30:23.900+0000] {processor.py:161} INFO - Started process (PID=1929) to work on /opt/airflow/dags/bronze_dag2.py
[2026-07-15T15:30:23.902+0000] {processor.py:830} INFO - Processing file /opt/airflow/dags/bronze_dag2.py for tasks to queue
[2026-07-15T15:30:23.906+0000] {logging_mixin.py:188} INFO - [2026-07-15T15:30:23.905+0000] {dagbag.py:540} INFO - Filling up the DagBag from /opt/airflow/dags/bronze_dag2.py
[2026-07-15T15:30:23.940+0000] {processor.py:840} INFO - DAG(s) 'bronze_dag2' retrieved from /opt/airflow/dags/bronze_dag2.py
[2026-07-15T15:30:23.985+0000] {logging_mixin.py:188} INFO - [2026-07-15T15:30:23.984+0000] {dag.py:3096} INFO - Sync 1 DAGs
[2026-07-15T15:30:24.023+0000] {logging_mixin.py:188} INFO - [2026-07-15T15:30:24.023+0000] {dag.py:3954} INFO - Setting next_dagrun for bronze_dag2 to 2026-07-15 14:00:00+00:00, run_after=2026-07-15 15:00:00+00:00
[2026-07-15T15:30:24.051+0000] {processor.py:183} INFO - Processing /opt/airflow/dags/bronze_dag2.py took 0.161 seconds
[2026-07-15T15:42:50.852+0000] {processor.py:161} INFO - Started process (PID=223) to work on /opt/airflow/dags/bronze_dag2.py
[2026-07-15T15:42:50.855+0000] {processor.py:830} INFO - Processing file /opt/airflow/dags/bronze_dag2.py for tasks to queue
[2026-07-15T15:42:50.861+0000] {logging_mixin.py:188} INFO - [2026-07-15T15:42:50.860+0000] {dagbag.py:540} INFO - Filling up the DagBag from /opt/airflow/dags/bronze_dag2.py
[2026-07-15T15:42:50.898+0000] {processor.py:840} INFO - DAG(s) 'bronze_dag2' retrieved from /opt/airflow/dags/bronze_dag2.py
[2026-07-15T15:42:51.178+0000] {logging_mixin.py:188} INFO - [2026-07-15T15:42:51.177+0000] {dag.py:3096} INFO - Sync 1 DAGs
[2026-07-15T15:42:51.226+0000] {logging_mixin.py:188} INFO - [2026-07-15T15:42:51.225+0000] {dag.py:3954} INFO - Setting next_dagrun for bronze_dag2 to 2026-07-15 14:00:00+00:00, run_after=2026-07-15 15:00:00+00:00
[2026-07-15T15:42:51.289+0000] {processor.py:183} INFO - Processing /opt/airflow/dags/bronze_dag2.py took 0.448 seconds
[2026-07-15T15:43:21.628+0000] {processor.py:161} INFO - Started process (PID=248) to work on /opt/airflow/dags/bronze_dag2.py
[2026-07-15T15:43:21.631+0000] {processor.py:830} INFO - Processing file /opt/airflow/dags/bronze_dag2.py for tasks to queue
[2026-07-15T15:43:21.639+0000] {logging_mixin.py:188} INFO - [2026-07-15T15:43:21.637+0000] {dagbag.py:540} INFO - Filling up the DagBag from /opt/airflow/dags/bronze_dag2.py
[2026-07-15T15:43:21.694+0000] {processor.py:840} INFO - DAG(s) 'bronze_dag2' retrieved from /opt/airflow/dags/bronze_dag2.py
[2026-07-15T15:43:21.783+0000] {logging_mixin.py:188} INFO - [2026-07-15T15:43:21.782+0000] {dag.py:3096} INFO - Sync 1 DAGs
[2026-07-15T15:43:21.920+0000] {logging_mixin.py:188} INFO - [2026-07-15T15:43:21.919+0000] {dag.py:3954} INFO - Setting next_dagrun for bronze_dag2 to 2026-07-15 14:00:00+00:00, run_after=2026-07-15 15:00:00+00:00
[2026-07-15T15:43:22.021+0000] {processor.py:183} INFO - Processing /opt/airflow/dags/bronze_dag2.py took 0.411 seconds
[2026-07-15T15:43:52.743+0000] {processor.py:161} INFO - Started process (PID=273) to work on /opt/airflow/dags/bronze_dag2.py
[2026-07-15T15:43:52.745+0000] {processor.py:830} INFO - Processing file /opt/airflow/dags/bronze_dag2.py for tasks to queue
[2026-07-15T15:43:52.754+0000] {logging_mixin.py:188} INFO - [2026-07-15T15:43:52.749+0000] {dagbag.py:540} INFO - Filling up the DagBag from /opt/airflow/dags/bronze_dag2.py
[2026-07-15T15:43:52.842+0000] {processor.py:840} INFO - DAG(s) 'bronze_dag2' retrieved from /opt/airflow/dags/bronze_dag2.py
[2026-07-15T15:43:52.863+0000] {logging_mixin.py:188} INFO - [2026-07-15T15:43:52.863+0000] {dag.py:3096} INFO - Sync 1 DAGs
[2026-07-15T15:43:52.907+0000] {logging_mixin.py:188} INFO - [2026-07-15T15:43:52.906+0000] {dag.py:3954} INFO - Setting next_dagrun for bronze_dag2 to 2026-07-15 14:00:00+00:00, run_after=2026-07-15 15:00:00+00:00
[2026-07-15T15:43:52.942+0000] {processor.py:183} INFO - Processing /opt/airflow/dags/bronze_dag2.py took 0.210 seconds
[2026-07-15T15:44:23.281+0000] {processor.py:161} INFO - Started process (PID=298) to work on /opt/airflow/dags/bronze_dag2.py
[2026-07-15T15:44:23.283+0000] {processor.py:830} INFO - Processing file /opt/airflow/dags/bronze_dag2.py for tasks to queue
[2026-07-15T15:44:23.287+0000] {logging_mixin.py:188} INFO - [2026-07-15T15:44:23.287+0000] {dagbag.py:540} INFO - Filling up the DagBag from /opt/airflow/dags/bronze_dag2.py
[2026-07-15T15:44:23.316+0000] {processor.py:840} INFO - DAG(s) 'bronze_dag2' retrieved from /opt/airflow/dags/bronze_dag2.py
[2026-07-15T15:44:23.484+0000] {logging_mixin.py:188} INFO - [2026-07-15T15:44:23.484+0000] {dag.py:3096} INFO - Sync 1 DAGs
[2026-07-15T15:44:23.526+0000] {logging_mixin.py:188} INFO - [2026-07-15T15:44:23.526+0000] {dag.py:3954} INFO - Setting next_dagrun for bronze_dag2 to 2026-07-15 14:00:00+00:00, run_after=2026-07-15 15:00:00+00:00
[2026-07-15T15:44:23.565+0000] {processor.py:183} INFO - Processing /opt/airflow/dags/bronze_dag2.py took 0.296 seconds
[2026-07-15T15:44:54.434+0000] {processor.py:161} INFO - Started process (PID=323) to work on /opt/airflow/dags/bronze_dag2.py
[2026-07-15T15:44:54.440+0000] {processor.py:830} INFO - Processing file /opt/airflow/dags/bronze_dag2.py for tasks to queue
[2026-07-15T15:44:54.449+0000] {logging_mixin.py:188} INFO - [2026-07-15T15:44:54.448+0000] {dagbag.py:540} INFO - Filling up the DagBag from /opt/airflow/dags/bronze_dag2.py
[2026-07-15T15:44:54.493+0000] {processor.py:840} INFO - DAG(s) 'bronze_dag2' retrieved from /opt/airflow/dags/bronze_dag2.py
[2026-07-15T15:44:54.546+0000] {logging_mixin.py:188} INFO - [2026-07-15T15:44:54.545+0000] {dag.py:3096} INFO - Sync 1 DAGs
[2026-07-15T15:44:54.603+0000] {logging_mixin.py:188} INFO - [2026-07-15T15:44:54.603+0000] {dag.py:3954} INFO - Setting next_dagrun for bronze_dag2 to 2026-07-15 14:00:00+00:00, run_after=2026-07-15 15:00:00+00:00
[2026-07-15T15:44:54.652+0000] {processor.py:183} INFO - Processing /opt/airflow/dags/bronze_dag2.py took 0.240 seconds
[2026-07-15T15:45:24.799+0000] {processor.py:161} INFO - Started process (PID=348) to work on /opt/airflow/dags/bronze_dag2.py
[2026-07-15T15:45:24.802+0000] {processor.py:830} INFO - Processing file /opt/airflow/dags/bronze_dag2.py for tasks to queue
[2026-07-15T15:45:24.813+0000] {logging_mixin.py:188} INFO - [2026-07-15T15:45:24.812+0000] {dagbag.py:540} INFO - Filling up the DagBag from /opt/airflow/dags/bronze_dag2.py
[2026-07-15T15:45:24.869+0000] {processor.py:840} INFO - DAG(s) 'bronze_dag2' retrieved from /opt/airflow/dags/bronze_dag2.py
[2026-07-15T15:45:24.945+0000] {logging_mixin.py:188} INFO - [2026-07-15T15:45:24.944+0000] {dag.py:3096} INFO - Sync 1 DAGs
[2026-07-15T15:45:25.030+0000] {logging_mixin.py:188} INFO - [2026-07-15T15:45:25.029+0000] {dag.py:3954} INFO - Setting next_dagrun for bronze_dag2 to 2026-07-15 14:00:00+00:00, run_after=2026-07-15 15:00:00+00:00
[2026-07-15T15:45:25.097+0000] {processor.py:183} INFO - Processing /opt/airflow/dags/bronze_dag2.py took 0.313 seconds
[2026-07-15T15:45:55.580+0000] {processor.py:161} INFO - Started process (PID=373) to work on /opt/airflow/dags/bronze_dag2.py
[2026-07-15T15:45:55.584+0000] {processor.py:830} INFO - Processing file /opt/airflow/dags/bronze_dag2.py for tasks to queue
[2026-07-15T15:45:55.592+0000] {logging_mixin.py:188} INFO - [2026-07-15T15:45:55.591+0000] {dagbag.py:540} INFO - Filling up the DagBag from /opt/airflow/dags/bronze_dag2.py
[2026-07-15T15:45:55.690+0000] {processor.py:840} INFO - DAG(s) 'bronze_dag2' retrieved from /opt/airflow/dags/bronze_dag2.py
[2026-07-15T15:45:55.759+0000] {logging_mixin.py:188} INFO - [2026-07-15T15:45:55.758+0000] {dag.py:3096} INFO - Sync 1 DAGs
[2026-07-15T15:45:55.813+0000] {logging_mixin.py:188} INFO - [2026-07-15T15:45:55.812+0000] {dag.py:3954} INFO - Setting next_dagrun for bronze_dag2 to 2026-07-15 14:00:00+00:00, run_after=2026-07-15 15:00:00+00:00
[2026-07-15T15:45:55.857+0000] {processor.py:183} INFO - Processing /opt/airflow/dags/bronze_dag2.py took 0.298 seconds
[2026-07-15T15:46:26.519+0000] {processor.py:161} INFO - Started process (PID=400) to work on /opt/airflow/dags/bronze_dag2.py
[2026-07-15T15:46:26.521+0000] {processor.py:830} INFO - Processing file /opt/airflow/dags/bronze_dag2.py for tasks to queue
[2026-07-15T15:46:26.525+0000] {logging_mixin.py:188} INFO - [2026-07-15T15:46:26.524+0000] {dagbag.py:540} INFO - Filling up the DagBag from /opt/airflow/dags/bronze_dag2.py
[2026-07-15T15:46:26.555+0000] {processor.py:840} INFO - DAG(s) 'bronze_dag2' retrieved from /opt/airflow/dags/bronze_dag2.py
[2026-07-15T15:46:26.590+0000] {logging_mixin.py:188} INFO - [2026-07-15T15:46:26.590+0000] {dag.py:3096} INFO - Sync 1 DAGs
[2026-07-15T15:46:26.626+0000] {logging_mixin.py:188} INFO - [2026-07-15T15:46:26.625+0000] {dag.py:3954} INFO - Setting next_dagrun for bronze_dag2 to 2026-07-15 14:00:00+00:00, run_after=2026-07-15 15:00:00+00:00
[2026-07-15T15:46:26.654+0000] {processor.py:183} INFO - Processing /opt/airflow/dags/bronze_dag2.py took 0.146 seconds
[2026-07-15T15:46:57.234+0000] {processor.py:161} INFO - Started process (PID=425) to work on /opt/airflow/dags/bronze_dag2.py
[2026-07-15T15:46:57.236+0000] {processor.py:830} INFO - Processing file /opt/airflow/dags/bronze_dag2.py for tasks to queue
[2026-07-15T15:46:57.239+0000] {logging_mixin.py:188} INFO - [2026-07-15T15:46:57.238+0000] {dagbag.py:540} INFO - Filling up the DagBag from /opt/airflow/dags/bronze_dag2.py
[2026-07-15T15:46:57.259+0000] {processor.py:840} INFO - DAG(s) 'bronze_dag2' retrieved from /opt/airflow/dags/bronze_dag2.py
[2026-07-15T15:46:57.319+0000] {logging_mixin.py:188} INFO - [2026-07-15T15:46:57.318+0000] {dag.py:3096} INFO - Sync 1 DAGs
[2026-07-15T15:46:57.346+0000] {logging_mixin.py:188} INFO - [2026-07-15T15:46:57.346+0000] {dag.py:3954} INFO - Setting next_dagrun for bronze_dag2 to 2026-07-15 14:00:00+00:00, run_after=2026-07-15 15:00:00+00:00
[2026-07-15T15:46:57.371+0000] {processor.py:183} INFO - Processing /opt/airflow/dags/bronze_dag2.py took 0.145 seconds
[2026-07-15T15:47:28.403+0000] {processor.py:161} INFO - Started process (PID=448) to work on /opt/airflow/dags/bronze_dag2.py
[2026-07-15T15:47:28.409+0000] {processor.py:830} INFO - Processing file /opt/airflow/dags/bronze_dag2.py for tasks to queue
[2026-07-15T15:47:28.428+0000] {logging_mixin.py:188} INFO - [2026-07-15T15:47:28.427+0000] {dagbag.py:540} INFO - Filling up the DagBag from /opt/airflow/dags/bronze_dag2.py
[2026-07-15T15:47:28.493+0000] {processor.py:840} INFO - DAG(s) 'bronze_dag2' retrieved from /opt/airflow/dags/bronze_dag2.py
[2026-07-15T15:47:28.586+0000] {logging_mixin.py:188} INFO - [2026-07-15T15:47:28.586+0000] {dag.py:3096} INFO - Sync 1 DAGs
[2026-07-15T15:47:28.658+0000] {logging_mixin.py:188} INFO - [2026-07-15T15:47:28.657+0000] {dag.py:3954} INFO - Setting next_dagrun for bronze_dag2 to 2026-07-15 14:00:00+00:00, run_after=2026-07-15 15:00:00+00:00
[2026-07-15T15:47:28.729+0000] {processor.py:183} INFO - Processing /opt/airflow/dags/bronze_dag2.py took 0.348 seconds
[2026-07-15T15:47:59.430+0000] {processor.py:161} INFO - Started process (PID=492) to work on /opt/airflow/dags/bronze_dag2.py
[2026-07-15T15:47:59.433+0000] {processor.py:830} INFO - Processing file /opt/airflow/dags/bronze_dag2.py for tasks to queue
[2026-07-15T15:47:59.438+0000] {logging_mixin.py:188} INFO - [2026-07-15T15:47:59.437+0000] {dagbag.py:540} INFO - Filling up the DagBag from /opt/airflow/dags/bronze_dag2.py
[2026-07-15T15:47:59.493+0000] {processor.py:840} INFO - DAG(s) 'bronze_dag2' retrieved from /opt/airflow/dags/bronze_dag2.py
[2026-07-15T15:47:59.553+0000] {logging_mixin.py:188} INFO - [2026-07-15T15:47:59.552+0000] {dag.py:3096} INFO - Sync 1 DAGs
[2026-07-15T15:47:59.600+0000] {logging_mixin.py:188} INFO - [2026-07-15T15:47:59.600+0000] {dag.py:3954} INFO - Setting next_dagrun for bronze_dag2 to 2026-07-15 14:00:00+00:00, run_after=2026-07-15 15:00:00+00:00
[2026-07-15T15:47:59.642+0000] {processor.py:183} INFO - Processing /opt/airflow/dags/bronze_dag2.py took 0.233 seconds
[2026-07-15T15:48:31.143+0000] {processor.py:161} INFO - Started process (PID=515) to work on /opt/airflow/dags/bronze_dag2.py
[2026-07-15T15:48:31.147+0000] {processor.py:830} INFO - Processing file /opt/airflow/dags/bronze_dag2.py for tasks to queue
[2026-07-15T15:48:31.180+0000] {logging_mixin.py:188} INFO - [2026-07-15T15:48:31.173+0000] {dagbag.py:540} INFO - Filling up the DagBag from /opt/airflow/dags/bronze_dag2.py
[2026-07-15T15:48:31.513+0000] {processor.py:840} INFO - DAG(s) 'bronze_dag2' retrieved from /opt/airflow/dags/bronze_dag2.py
[2026-07-15T15:48:31.784+0000] {logging_mixin.py:188} INFO - [2026-07-15T15:48:31.783+0000] {dag.py:3096} INFO - Sync 1 DAGs
[2026-07-15T15:48:31.968+0000] {logging_mixin.py:188} INFO - [2026-07-15T15:48:31.967+0000] {dag.py:3954} INFO - Setting next_dagrun for bronze_dag2 to 2026-07-15 14:00:00+00:00, run_after=2026-07-15 15:00:00+00:00
[2026-07-15T15:48:32.097+0000] {processor.py:183} INFO - Processing /opt/airflow/dags/bronze_dag2.py took 1.051 seconds
[2026-07-15T15:49:03.079+0000] {processor.py:161} INFO - Started process (PID=542) to work on /opt/airflow/dags/bronze_dag2.py
[2026-07-15T15:49:03.092+0000] {processor.py:830} INFO - Processing file /opt/airflow/dags/bronze_dag2.py for tasks to queue
[2026-07-15T15:49:03.099+0000] {logging_mixin.py:188} INFO - [2026-07-15T15:49:03.098+0000] {dagbag.py:540} INFO - Filling up the DagBag from /opt/airflow/dags/bronze_dag2.py
[2026-07-15T15:49:03.229+0000] {processor.py:840} INFO - DAG(s) 'bronze_dag2' retrieved from /opt/airflow/dags/bronze_dag2.py
[2026-07-15T15:49:03.345+0000] {logging_mixin.py:188} INFO - [2026-07-15T15:49:03.344+0000] {dag.py:3096} INFO - Sync 1 DAGs
[2026-07-15T15:49:03.464+0000] {logging_mixin.py:188} INFO - [2026-07-15T15:49:03.463+0000] {dag.py:3954} INFO - Setting next_dagrun for bronze_dag2 to 2026-07-15 14:00:00+00:00, run_after=2026-07-15 15:00:00+00:00
[2026-07-15T15:49:03.554+0000] {processor.py:183} INFO - Processing /opt/airflow/dags/bronze_dag2.py took 0.508 seconds
[2026-07-15T15:49:34.069+0000] {processor.py:161} INFO - Started process (PID=567) to work on /opt/airflow/dags/bronze_dag2.py
[2026-07-15T15:49:34.073+0000] {processor.py:830} INFO - Processing file /opt/airflow/dags/bronze_dag2.py for tasks to queue
[2026-07-15T15:49:34.078+0000] {logging_mixin.py:188} INFO - [2026-07-15T15:49:34.077+0000] {dagbag.py:540} INFO - Filling up the DagBag from /opt/airflow/dags/bronze_dag2.py
[2026-07-15T15:49:34.110+0000] {processor.py:840} INFO - DAG(s) 'bronze_dag2' retrieved from /opt/airflow/dags/bronze_dag2.py
[2026-07-15T15:49:34.159+0000] {logging_mixin.py:188} INFO - [2026-07-15T15:49:34.158+0000] {dag.py:3096} INFO - Sync 1 DAGs
[2026-07-15T15:49:34.206+0000] {logging_mixin.py:188} INFO - [2026-07-15T15:49:34.206+0000] {dag.py:3954} INFO - Setting next_dagrun for bronze_dag2 to 2026-07-15 14:00:00+00:00, run_after=2026-07-15 15:00:00+00:00
[2026-07-15T15:49:34.238+0000] {processor.py:183} INFO - Processing /opt/airflow/dags/bronze_dag2.py took 0.187 seconds
[2026-07-15T15:50:05.156+0000] {processor.py:161} INFO - Started process (PID=592) to work on /opt/airflow/dags/bronze_dag2.py
[2026-07-15T15:50:05.158+0000] {processor.py:830} INFO - Processing file /opt/airflow/dags/bronze_dag2.py for tasks to queue
[2026-07-15T15:50:05.163+0000] {logging_mixin.py:188} INFO - [2026-07-15T15:50:05.162+0000] {dagbag.py:540} INFO - Filling up the DagBag from /opt/airflow/dags/bronze_dag2.py
[2026-07-15T15:50:05.194+0000] {processor.py:840} INFO - DAG(s) 'bronze_dag2' retrieved from /opt/airflow/dags/bronze_dag2.py
[2026-07-15T15:50:05.237+0000] {logging_mixin.py:188} INFO - [2026-07-15T15:50:05.237+0000] {dag.py:3096} INFO - Sync 1 DAGs
[2026-07-15T15:50:05.272+0000] {logging_mixin.py:188} INFO - [2026-07-15T15:50:05.272+0000] {dag.py:3954} INFO - Setting next_dagrun for bronze_dag2 to 2026-07-15 14:00:00+00:00, run_after=2026-07-15 15:00:00+00:00
[2026-07-15T15:50:05.300+0000] {processor.py:183} INFO - Processing /opt/airflow/dags/bronze_dag2.py took 0.154 seconds
[2026-07-15T18:45:51.927+0000] {processor.py:161} INFO - Started process (PID=620) to work on /opt/airflow/dags/bronze_dag2.py
[2026-07-15T18:45:51.941+0000] {processor.py:830} INFO - Processing file /opt/airflow/dags/bronze_dag2.py for tasks to queue
[2026-07-15T18:45:51.957+0000] {logging_mixin.py:188} INFO - [2026-07-15T18:45:51.951+0000] {dagbag.py:540} INFO - Filling up the DagBag from /opt/airflow/dags/bronze_dag2.py
[2026-07-15T18:45:52.036+0000] {processor.py:840} INFO - DAG(s) 'bronze_dag2' retrieved from /opt/airflow/dags/bronze_dag2.py
[2026-07-15T18:45:52.114+0000] {logging_mixin.py:188} INFO - [2026-07-15T18:45:52.113+0000] {dag.py:3096} INFO - Sync 1 DAGs
[2026-07-15T18:45:52.193+0000] {logging_mixin.py:188} INFO - [2026-07-15T18:45:52.193+0000] {dag.py:3954} INFO - Setting next_dagrun for bronze_dag2 to 2026-07-15 17:00:00+00:00, run_after=2026-07-15 18:00:00+00:00
[2026-07-15T18:45:52.286+0000] {processor.py:183} INFO - Processing /opt/airflow/dags/bronze_dag2.py took 0.379 seconds
