[2026-07-15T09:05:59.751+0000] {processor.py:161} INFO - Started process (PID=205) to work on /opt/airflow/dags/sdp_pipeline_dag.py
[2026-07-15T09:05:59.753+0000] {processor.py:830} INFO - Processing file /opt/airflow/dags/sdp_pipeline_dag.py for tasks to queue
[2026-07-15T09:05:59.758+0000] {logging_mixin.py:188} INFO - [2026-07-15T09:05:59.757+0000] {dagbag.py:540} INFO - Filling up the DagBag from /opt/airflow/dags/sdp_pipeline_dag.py
[2026-07-15T09:05:59.795+0000] {processor.py:840} INFO - DAG(s) 'e-commerce_kafka_streaming_pipeline_v10' retrieved from /opt/airflow/dags/sdp_pipeline_dag.py
[2026-07-15T09:06:00.182+0000] {logging_mixin.py:188} INFO - [2026-07-15T09:06:00.182+0000] {dag.py:3096} INFO - Sync 1 DAGs
[2026-07-15T09:06:00.220+0000] {logging_mixin.py:188} INFO - [2026-07-15T09:06:00.219+0000] {dag.py:3954} INFO - Setting next_dagrun for e-commerce_kafka_streaming_pipeline_v10 to 2026-07-15 08:00:00+00:00, run_after=2026-07-15 09:00:00+00:00
[2026-07-15T09:06:00.252+0000] {processor.py:183} INFO - Processing /opt/airflow/dags/sdp_pipeline_dag.py took 0.508 seconds
[2026-07-15T09:06:30.625+0000] {processor.py:161} INFO - Started process (PID=210) to work on /opt/airflow/dags/sdp_pipeline_dag.py
[2026-07-15T09:06:30.628+0000] {processor.py:830} INFO - Processing file /opt/airflow/dags/sdp_pipeline_dag.py for tasks to queue
[2026-07-15T09:06:30.633+0000] {logging_mixin.py:188} INFO - [2026-07-15T09:06:30.632+0000] {dagbag.py:540} INFO - Filling up the DagBag from /opt/airflow/dags/sdp_pipeline_dag.py
[2026-07-15T09:06:30.676+0000] {processor.py:840} INFO - DAG(s) 'e-commerce_kafka_streaming_pipeline_v10' retrieved from /opt/airflow/dags/sdp_pipeline_dag.py
[2026-07-15T09:06:30.727+0000] {logging_mixin.py:188} INFO - [2026-07-15T09:06:30.727+0000] {dag.py:3096} INFO - Sync 1 DAGs
[2026-07-15T09:06:30.773+0000] {logging_mixin.py:188} INFO - [2026-07-15T09:06:30.773+0000] {dag.py:3954} INFO - Setting next_dagrun for e-commerce_kafka_streaming_pipeline_v10 to 2026-07-15 08:00:00+00:00, run_after=2026-07-15 09:00:00+00:00
[2026-07-15T09:06:30.818+0000] {processor.py:183} INFO - Processing /opt/airflow/dags/sdp_pipeline_dag.py took 0.204 seconds
[2026-07-15T09:07:00.972+0000] {processor.py:161} INFO - Started process (PID=215) to work on /opt/airflow/dags/sdp_pipeline_dag.py
[2026-07-15T09:07:00.974+0000] {processor.py:830} INFO - Processing file /opt/airflow/dags/sdp_pipeline_dag.py for tasks to queue
[2026-07-15T09:07:00.978+0000] {logging_mixin.py:188} INFO - [2026-07-15T09:07:00.977+0000] {dagbag.py:540} INFO - Filling up the DagBag from /opt/airflow/dags/sdp_pipeline_dag.py
[2026-07-15T09:07:01.017+0000] {processor.py:840} INFO - DAG(s) 'e-commerce_kafka_streaming_pipeline_v10' retrieved from /opt/airflow/dags/sdp_pipeline_dag.py
[2026-07-15T09:07:01.059+0000] {logging_mixin.py:188} INFO - [2026-07-15T09:07:01.059+0000] {dag.py:3096} INFO - Sync 1 DAGs
[2026-07-15T09:07:01.115+0000] {logging_mixin.py:188} INFO - [2026-07-15T09:07:01.115+0000] {dag.py:3954} INFO - Setting next_dagrun for e-commerce_kafka_streaming_pipeline_v10 to 2026-07-15 08:00:00+00:00, run_after=2026-07-15 09:00:00+00:00
[2026-07-15T09:07:01.158+0000] {processor.py:183} INFO - Processing /opt/airflow/dags/sdp_pipeline_dag.py took 0.197 seconds
[2026-07-15T09:07:31.519+0000] {processor.py:161} INFO - Started process (PID=220) to work on /opt/airflow/dags/sdp_pipeline_dag.py
[2026-07-15T09:07:31.521+0000] {processor.py:830} INFO - Processing file /opt/airflow/dags/sdp_pipeline_dag.py for tasks to queue
[2026-07-15T09:07:31.526+0000] {logging_mixin.py:188} INFO - [2026-07-15T09:07:31.525+0000] {dagbag.py:540} INFO - Filling up the DagBag from /opt/airflow/dags/sdp_pipeline_dag.py
[2026-07-15T09:07:31.557+0000] {processor.py:840} INFO - DAG(s) 'e-commerce_kafka_streaming_pipeline_v10' retrieved from /opt/airflow/dags/sdp_pipeline_dag.py
[2026-07-15T09:07:31.623+0000] {logging_mixin.py:188} INFO - [2026-07-15T09:07:31.622+0000] {dag.py:3096} INFO - Sync 1 DAGs
[2026-07-15T09:07:31.672+0000] {logging_mixin.py:188} INFO - [2026-07-15T09:07:31.672+0000] {dag.py:3954} INFO - Setting next_dagrun for e-commerce_kafka_streaming_pipeline_v10 to 2026-07-15 08:00:00+00:00, run_after=2026-07-15 09:00:00+00:00
[2026-07-15T09:07:31.708+0000] {processor.py:183} INFO - Processing /opt/airflow/dags/sdp_pipeline_dag.py took 0.198 seconds
[2026-07-15T09:08:01.876+0000] {processor.py:161} INFO - Started process (PID=225) to work on /opt/airflow/dags/sdp_pipeline_dag.py
[2026-07-15T09:08:01.878+0000] {processor.py:830} INFO - Processing file /opt/airflow/dags/sdp_pipeline_dag.py for tasks to queue
[2026-07-15T09:08:01.882+0000] {logging_mixin.py:188} INFO - [2026-07-15T09:08:01.881+0000] {dagbag.py:540} INFO - Filling up the DagBag from /opt/airflow/dags/sdp_pipeline_dag.py
[2026-07-15T09:08:01.914+0000] {processor.py:840} INFO - DAG(s) 'e-commerce_kafka_streaming_pipeline_v10' retrieved from /opt/airflow/dags/sdp_pipeline_dag.py
[2026-07-15T09:08:01.951+0000] {logging_mixin.py:188} INFO - [2026-07-15T09:08:01.951+0000] {dag.py:3096} INFO - Sync 1 DAGs
[2026-07-15T09:08:02.008+0000] {logging_mixin.py:188} INFO - [2026-07-15T09:08:02.007+0000] {dag.py:3954} INFO - Setting next_dagrun for e-commerce_kafka_streaming_pipeline_v10 to 2026-07-15 08:00:00+00:00, run_after=2026-07-15 09:00:00+00:00
[2026-07-15T09:08:02.041+0000] {processor.py:183} INFO - Processing /opt/airflow/dags/sdp_pipeline_dag.py took 0.172 seconds
[2026-07-15T09:08:32.397+0000] {processor.py:161} INFO - Started process (PID=230) to work on /opt/airflow/dags/sdp_pipeline_dag.py
[2026-07-15T09:08:32.400+0000] {processor.py:830} INFO - Processing file /opt/airflow/dags/sdp_pipeline_dag.py for tasks to queue
[2026-07-15T09:08:32.405+0000] {logging_mixin.py:188} INFO - [2026-07-15T09:08:32.404+0000] {dagbag.py:540} INFO - Filling up the DagBag from /opt/airflow/dags/sdp_pipeline_dag.py
[2026-07-15T09:08:32.447+0000] {processor.py:840} INFO - DAG(s) 'e-commerce_kafka_streaming_pipeline_v10' retrieved from /opt/airflow/dags/sdp_pipeline_dag.py
[2026-07-15T09:08:32.498+0000] {logging_mixin.py:188} INFO - [2026-07-15T09:08:32.498+0000] {dag.py:3096} INFO - Sync 1 DAGs
[2026-07-15T09:08:32.540+0000] {logging_mixin.py:188} INFO - [2026-07-15T09:08:32.539+0000] {dag.py:3954} INFO - Setting next_dagrun for e-commerce_kafka_streaming_pipeline_v10 to 2026-07-15 08:00:00+00:00, run_after=2026-07-15 09:00:00+00:00
[2026-07-15T09:08:32.568+0000] {processor.py:183} INFO - Processing /opt/airflow/dags/sdp_pipeline_dag.py took 0.183 seconds
[2026-07-15T09:09:02.758+0000] {processor.py:161} INFO - Started process (PID=235) to work on /opt/airflow/dags/sdp_pipeline_dag.py
[2026-07-15T09:09:02.760+0000] {processor.py:830} INFO - Processing file /opt/airflow/dags/sdp_pipeline_dag.py for tasks to queue
[2026-07-15T09:09:02.765+0000] {logging_mixin.py:188} INFO - [2026-07-15T09:09:02.764+0000] {dagbag.py:540} INFO - Filling up the DagBag from /opt/airflow/dags/sdp_pipeline_dag.py
[2026-07-15T09:09:02.795+0000] {processor.py:840} INFO - DAG(s) 'e-commerce_kafka_streaming_pipeline_v10' retrieved from /opt/airflow/dags/sdp_pipeline_dag.py
[2026-07-15T09:09:02.831+0000] {logging_mixin.py:188} INFO - [2026-07-15T09:09:02.831+0000] {dag.py:3096} INFO - Sync 1 DAGs
[2026-07-15T09:09:02.862+0000] {logging_mixin.py:188} INFO - [2026-07-15T09:09:02.862+0000] {dag.py:3954} INFO - Setting next_dagrun for e-commerce_kafka_streaming_pipeline_v10 to 2026-07-15 08:00:00+00:00, run_after=2026-07-15 09:00:00+00:00
[2026-07-15T09:09:02.890+0000] {processor.py:183} INFO - Processing /opt/airflow/dags/sdp_pipeline_dag.py took 0.141 seconds
[2026-07-15T09:09:33.237+0000] {processor.py:161} INFO - Started process (PID=240) to work on /opt/airflow/dags/sdp_pipeline_dag.py
[2026-07-15T09:09:33.239+0000] {processor.py:830} INFO - Processing file /opt/airflow/dags/sdp_pipeline_dag.py for tasks to queue
[2026-07-15T09:09:33.243+0000] {logging_mixin.py:188} INFO - [2026-07-15T09:09:33.243+0000] {dagbag.py:540} INFO - Filling up the DagBag from /opt/airflow/dags/sdp_pipeline_dag.py
[2026-07-15T09:09:33.275+0000] {processor.py:840} INFO - DAG(s) 'e-commerce_kafka_streaming_pipeline_v10' retrieved from /opt/airflow/dags/sdp_pipeline_dag.py
[2026-07-15T09:09:33.314+0000] {logging_mixin.py:188} INFO - [2026-07-15T09:09:33.314+0000] {dag.py:3096} INFO - Sync 1 DAGs
[2026-07-15T09:09:33.346+0000] {logging_mixin.py:188} INFO - [2026-07-15T09:09:33.346+0000] {dag.py:3954} INFO - Setting next_dagrun for e-commerce_kafka_streaming_pipeline_v10 to 2026-07-15 08:00:00+00:00, run_after=2026-07-15 09:00:00+00:00
[2026-07-15T09:09:33.375+0000] {processor.py:183} INFO - Processing /opt/airflow/dags/sdp_pipeline_dag.py took 0.148 seconds
[2026-07-15T09:10:03.612+0000] {processor.py:161} INFO - Started process (PID=245) to work on /opt/airflow/dags/sdp_pipeline_dag.py
[2026-07-15T09:10:03.617+0000] {processor.py:830} INFO - Processing file /opt/airflow/dags/sdp_pipeline_dag.py for tasks to queue
[2026-07-15T09:10:03.622+0000] {logging_mixin.py:188} INFO - [2026-07-15T09:10:03.622+0000] {dagbag.py:540} INFO - Filling up the DagBag from /opt/airflow/dags/sdp_pipeline_dag.py
[2026-07-15T09:10:03.664+0000] {processor.py:840} INFO - DAG(s) 'e-commerce_kafka_streaming_pipeline_v10' retrieved from /opt/airflow/dags/sdp_pipeline_dag.py
[2026-07-15T09:10:03.701+0000] {logging_mixin.py:188} INFO - [2026-07-15T09:10:03.700+0000] {dag.py:3096} INFO - Sync 1 DAGs
[2026-07-15T09:10:03.739+0000] {logging_mixin.py:188} INFO - [2026-07-15T09:10:03.739+0000] {dag.py:3954} INFO - Setting next_dagrun for e-commerce_kafka_streaming_pipeline_v10 to 2026-07-15 08:00:00+00:00, run_after=2026-07-15 09:00:00+00:00
[2026-07-15T09:10:03.768+0000] {processor.py:183} INFO - Processing /opt/airflow/dags/sdp_pipeline_dag.py took 0.168 seconds
[2026-07-15T09:10:34.021+0000] {processor.py:161} INFO - Started process (PID=250) to work on /opt/airflow/dags/sdp_pipeline_dag.py
[2026-07-15T09:10:34.023+0000] {processor.py:830} INFO - Processing file /opt/airflow/dags/sdp_pipeline_dag.py for tasks to queue
[2026-07-15T09:10:34.027+0000] {logging_mixin.py:188} INFO - [2026-07-15T09:10:34.027+0000] {dagbag.py:540} INFO - Filling up the DagBag from /opt/airflow/dags/sdp_pipeline_dag.py
[2026-07-15T09:10:34.068+0000] {processor.py:840} INFO - DAG(s) 'e-commerce_kafka_streaming_pipeline_v10' retrieved from /opt/airflow/dags/sdp_pipeline_dag.py
[2026-07-15T09:10:34.171+0000] {logging_mixin.py:188} INFO - [2026-07-15T09:10:34.170+0000] {dag.py:3096} INFO - Sync 1 DAGs
[2026-07-15T09:10:34.215+0000] {logging_mixin.py:188} INFO - [2026-07-15T09:10:34.214+0000] {dag.py:3954} INFO - Setting next_dagrun for e-commerce_kafka_streaming_pipeline_v10 to 2026-07-15 08:00:00+00:00, run_after=2026-07-15 09:00:00+00:00
[2026-07-15T09:10:34.250+0000] {processor.py:183} INFO - Processing /opt/airflow/dags/sdp_pipeline_dag.py took 0.243 seconds
[2026-07-15T09:11:04.507+0000] {processor.py:161} INFO - Started process (PID=255) to work on /opt/airflow/dags/sdp_pipeline_dag.py
[2026-07-15T09:11:04.509+0000] {processor.py:830} INFO - Processing file /opt/airflow/dags/sdp_pipeline_dag.py for tasks to queue
[2026-07-15T09:11:04.513+0000] {logging_mixin.py:188} INFO - [2026-07-15T09:11:04.512+0000] {dagbag.py:540} INFO - Filling up the DagBag from /opt/airflow/dags/sdp_pipeline_dag.py
[2026-07-15T09:11:04.549+0000] {processor.py:840} INFO - DAG(s) 'e-commerce_kafka_streaming_pipeline_v10' retrieved from /opt/airflow/dags/sdp_pipeline_dag.py
[2026-07-15T09:11:04.588+0000] {logging_mixin.py:188} INFO - [2026-07-15T09:11:04.587+0000] {dag.py:3096} INFO - Sync 1 DAGs
[2026-07-15T09:11:04.626+0000] {logging_mixin.py:188} INFO - [2026-07-15T09:11:04.625+0000] {dag.py:3954} INFO - Setting next_dagrun for e-commerce_kafka_streaming_pipeline_v10 to 2026-07-15 08:00:00+00:00, run_after=2026-07-15 09:00:00+00:00
[2026-07-15T09:11:04.653+0000] {processor.py:183} INFO - Processing /opt/airflow/dags/sdp_pipeline_dag.py took 0.153 seconds
[2026-07-15T09:11:35.009+0000] {processor.py:161} INFO - Started process (PID=260) to work on /opt/airflow/dags/sdp_pipeline_dag.py
[2026-07-15T09:11:35.013+0000] {processor.py:830} INFO - Processing file /opt/airflow/dags/sdp_pipeline_dag.py for tasks to queue
[2026-07-15T09:11:35.019+0000] {logging_mixin.py:188} INFO - [2026-07-15T09:11:35.018+0000] {dagbag.py:540} INFO - Filling up the DagBag from /opt/airflow/dags/sdp_pipeline_dag.py
[2026-07-15T09:11:35.072+0000] {processor.py:840} INFO - DAG(s) 'e-commerce_kafka_streaming_pipeline_v10' retrieved from /opt/airflow/dags/sdp_pipeline_dag.py
[2026-07-15T09:11:35.117+0000] {logging_mixin.py:188} INFO - [2026-07-15T09:11:35.117+0000] {dag.py:3096} INFO - Sync 1 DAGs
[2026-07-15T09:11:35.164+0000] {logging_mixin.py:188} INFO - [2026-07-15T09:11:35.164+0000] {dag.py:3954} INFO - Setting next_dagrun for e-commerce_kafka_streaming_pipeline_v10 to 2026-07-15 08:00:00+00:00, run_after=2026-07-15 09:00:00+00:00
[2026-07-15T09:11:35.189+0000] {processor.py:183} INFO - Processing /opt/airflow/dags/sdp_pipeline_dag.py took 0.197 seconds
[2026-07-15T09:12:05.394+0000] {processor.py:161} INFO - Started process (PID=265) to work on /opt/airflow/dags/sdp_pipeline_dag.py
[2026-07-15T09:12:05.397+0000] {processor.py:830} INFO - Processing file /opt/airflow/dags/sdp_pipeline_dag.py for tasks to queue
[2026-07-15T09:12:05.400+0000] {logging_mixin.py:188} INFO - [2026-07-15T09:12:05.400+0000] {dagbag.py:540} INFO - Filling up the DagBag from /opt/airflow/dags/sdp_pipeline_dag.py
[2026-07-15T09:12:05.430+0000] {processor.py:840} INFO - DAG(s) 'e-commerce_kafka_streaming_pipeline_v10' retrieved from /opt/airflow/dags/sdp_pipeline_dag.py
[2026-07-15T09:12:05.468+0000] {logging_mixin.py:188} INFO - [2026-07-15T09:12:05.467+0000] {dag.py:3096} INFO - Sync 1 DAGs
[2026-07-15T09:12:05.501+0000] {logging_mixin.py:188} INFO - [2026-07-15T09:12:05.501+0000] {dag.py:3954} INFO - Setting next_dagrun for e-commerce_kafka_streaming_pipeline_v10 to 2026-07-15 08:00:00+00:00, run_after=2026-07-15 09:00:00+00:00
[2026-07-15T09:12:05.537+0000] {processor.py:183} INFO - Processing /opt/airflow/dags/sdp_pipeline_dag.py took 0.155 seconds
[2026-07-15T09:12:35.851+0000] {processor.py:161} INFO - Started process (PID=270) to work on /opt/airflow/dags/sdp_pipeline_dag.py
[2026-07-15T09:12:35.854+0000] {processor.py:830} INFO - Processing file /opt/airflow/dags/sdp_pipeline_dag.py for tasks to queue
[2026-07-15T09:12:35.858+0000] {logging_mixin.py:188} INFO - [2026-07-15T09:12:35.857+0000] {dagbag.py:540} INFO - Filling up the DagBag from /opt/airflow/dags/sdp_pipeline_dag.py
[2026-07-15T09:12:35.889+0000] {processor.py:840} INFO - DAG(s) 'e-commerce_kafka_streaming_pipeline_v10' retrieved from /opt/airflow/dags/sdp_pipeline_dag.py
[2026-07-15T09:12:35.925+0000] {logging_mixin.py:188} INFO - [2026-07-15T09:12:35.925+0000] {dag.py:3096} INFO - Sync 1 DAGs
[2026-07-15T09:12:35.958+0000] {logging_mixin.py:188} INFO - [2026-07-15T09:12:35.958+0000] {dag.py:3954} INFO - Setting next_dagrun for e-commerce_kafka_streaming_pipeline_v10 to 2026-07-15 08:00:00+00:00, run_after=2026-07-15 09:00:00+00:00
[2026-07-15T09:12:35.992+0000] {processor.py:183} INFO - Processing /opt/airflow/dags/sdp_pipeline_dag.py took 0.151 seconds
[2026-07-15T09:13:06.220+0000] {processor.py:161} INFO - Started process (PID=275) to work on /opt/airflow/dags/sdp_pipeline_dag.py
[2026-07-15T09:13:06.224+0000] {processor.py:830} INFO - Processing file /opt/airflow/dags/sdp_pipeline_dag.py for tasks to queue
[2026-07-15T09:13:06.229+0000] {logging_mixin.py:188} INFO - [2026-07-15T09:13:06.229+0000] {dagbag.py:540} INFO - Filling up the DagBag from /opt/airflow/dags/sdp_pipeline_dag.py
[2026-07-15T09:13:06.263+0000] {processor.py:840} INFO - DAG(s) 'e-commerce_kafka_streaming_pipeline_v10' retrieved from /opt/airflow/dags/sdp_pipeline_dag.py
[2026-07-15T09:13:06.313+0000] {logging_mixin.py:188} INFO - [2026-07-15T09:13:06.313+0000] {dag.py:3096} INFO - Sync 1 DAGs
[2026-07-15T09:13:06.351+0000] {logging_mixin.py:188} INFO - [2026-07-15T09:13:06.350+0000] {dag.py:3954} INFO - Setting next_dagrun for e-commerce_kafka_streaming_pipeline_v10 to 2026-07-15 08:00:00+00:00, run_after=2026-07-15 09:00:00+00:00
[2026-07-15T09:13:06.375+0000] {processor.py:183} INFO - Processing /opt/airflow/dags/sdp_pipeline_dag.py took 0.163 seconds
[2026-07-15T09:13:36.704+0000] {processor.py:161} INFO - Started process (PID=280) to work on /opt/airflow/dags/sdp_pipeline_dag.py
[2026-07-15T09:13:36.706+0000] {processor.py:830} INFO - Processing file /opt/airflow/dags/sdp_pipeline_dag.py for tasks to queue
[2026-07-15T09:13:36.710+0000] {logging_mixin.py:188} INFO - [2026-07-15T09:13:36.709+0000] {dagbag.py:540} INFO - Filling up the DagBag from /opt/airflow/dags/sdp_pipeline_dag.py
[2026-07-15T09:13:36.744+0000] {processor.py:840} INFO - DAG(s) 'e-commerce_kafka_streaming_pipeline_v10' retrieved from /opt/airflow/dags/sdp_pipeline_dag.py
[2026-07-15T09:13:36.782+0000] {logging_mixin.py:188} INFO - [2026-07-15T09:13:36.782+0000] {dag.py:3096} INFO - Sync 1 DAGs
[2026-07-15T09:13:36.818+0000] {logging_mixin.py:188} INFO - [2026-07-15T09:13:36.818+0000] {dag.py:3954} INFO - Setting next_dagrun for e-commerce_kafka_streaming_pipeline_v10 to 2026-07-15 08:00:00+00:00, run_after=2026-07-15 09:00:00+00:00
[2026-07-15T09:13:36.848+0000] {processor.py:183} INFO - Processing /opt/airflow/dags/sdp_pipeline_dag.py took 0.151 seconds
[2026-07-15T09:14:07.119+0000] {processor.py:161} INFO - Started process (PID=285) to work on /opt/airflow/dags/sdp_pipeline_dag.py
[2026-07-15T09:14:07.123+0000] {processor.py:830} INFO - Processing file /opt/airflow/dags/sdp_pipeline_dag.py for tasks to queue
[2026-07-15T09:14:07.130+0000] {logging_mixin.py:188} INFO - [2026-07-15T09:14:07.129+0000] {dagbag.py:540} INFO - Filling up the DagBag from /opt/airflow/dags/sdp_pipeline_dag.py
[2026-07-15T09:14:07.185+0000] {processor.py:840} INFO - DAG(s) 'e-commerce_kafka_streaming_pipeline_v10' retrieved from /opt/airflow/dags/sdp_pipeline_dag.py
[2026-07-15T09:14:07.234+0000] {logging_mixin.py:188} INFO - [2026-07-15T09:14:07.234+0000] {dag.py:3096} INFO - Sync 1 DAGs
[2026-07-15T09:14:07.275+0000] {logging_mixin.py:188} INFO - [2026-07-15T09:14:07.275+0000] {dag.py:3954} INFO - Setting next_dagrun for e-commerce_kafka_streaming_pipeline_v10 to 2026-07-15 08:00:00+00:00, run_after=2026-07-15 09:00:00+00:00
[2026-07-15T09:14:07.304+0000] {processor.py:183} INFO - Processing /opt/airflow/dags/sdp_pipeline_dag.py took 0.206 seconds
[2026-07-15T09:14:37.486+0000] {processor.py:161} INFO - Started process (PID=290) to work on /opt/airflow/dags/sdp_pipeline_dag.py
[2026-07-15T09:14:37.489+0000] {processor.py:830} INFO - Processing file /opt/airflow/dags/sdp_pipeline_dag.py for tasks to queue
[2026-07-15T09:14:37.492+0000] {logging_mixin.py:188} INFO - [2026-07-15T09:14:37.492+0000] {dagbag.py:540} INFO - Filling up the DagBag from /opt/airflow/dags/sdp_pipeline_dag.py
[2026-07-15T09:14:37.528+0000] {processor.py:840} INFO - DAG(s) 'e-commerce_kafka_streaming_pipeline_v10' retrieved from /opt/airflow/dags/sdp_pipeline_dag.py
[2026-07-15T09:14:37.570+0000] {logging_mixin.py:188} INFO - [2026-07-15T09:14:37.570+0000] {dag.py:3096} INFO - Sync 1 DAGs
[2026-07-15T09:14:37.599+0000] {logging_mixin.py:188} INFO - [2026-07-15T09:14:37.599+0000] {dag.py:3954} INFO - Setting next_dagrun for e-commerce_kafka_streaming_pipeline_v10 to 2026-07-15 08:00:00+00:00, run_after=2026-07-15 09:00:00+00:00
[2026-07-15T09:14:37.624+0000] {processor.py:183} INFO - Processing /opt/airflow/dags/sdp_pipeline_dag.py took 0.146 seconds
[2026-07-15T09:15:07.906+0000] {processor.py:161} INFO - Started process (PID=295) to work on /opt/airflow/dags/sdp_pipeline_dag.py
[2026-07-15T09:15:07.908+0000] {processor.py:830} INFO - Processing file /opt/airflow/dags/sdp_pipeline_dag.py for tasks to queue
[2026-07-15T09:15:07.912+0000] {logging_mixin.py:188} INFO - [2026-07-15T09:15:07.911+0000] {dagbag.py:540} INFO - Filling up the DagBag from /opt/airflow/dags/sdp_pipeline_dag.py
[2026-07-15T09:15:07.945+0000] {processor.py:840} INFO - DAG(s) 'e-commerce_kafka_streaming_pipeline_v10' retrieved from /opt/airflow/dags/sdp_pipeline_dag.py
[2026-07-15T09:15:07.980+0000] {logging_mixin.py:188} INFO - [2026-07-15T09:15:07.980+0000] {dag.py:3096} INFO - Sync 1 DAGs
[2026-07-15T09:15:08.013+0000] {logging_mixin.py:188} INFO - [2026-07-15T09:15:08.013+0000] {dag.py:3954} INFO - Setting next_dagrun for e-commerce_kafka_streaming_pipeline_v10 to 2026-07-15 08:00:00+00:00, run_after=2026-07-15 09:00:00+00:00
[2026-07-15T09:15:08.045+0000] {processor.py:183} INFO - Processing /opt/airflow/dags/sdp_pipeline_dag.py took 0.149 seconds
[2026-07-15T09:15:38.294+0000] {processor.py:161} INFO - Started process (PID=300) to work on /opt/airflow/dags/sdp_pipeline_dag.py
[2026-07-15T09:15:38.301+0000] {processor.py:830} INFO - Processing file /opt/airflow/dags/sdp_pipeline_dag.py for tasks to queue
[2026-07-15T09:15:38.307+0000] {logging_mixin.py:188} INFO - [2026-07-15T09:15:38.305+0000] {dagbag.py:540} INFO - Filling up the DagBag from /opt/airflow/dags/sdp_pipeline_dag.py
[2026-07-15T09:15:38.364+0000] {processor.py:840} INFO - DAG(s) 'e-commerce_kafka_streaming_pipeline_v10' retrieved from /opt/airflow/dags/sdp_pipeline_dag.py
[2026-07-15T09:15:38.418+0000] {logging_mixin.py:188} INFO - [2026-07-15T09:15:38.418+0000] {dag.py:3096} INFO - Sync 1 DAGs
[2026-07-15T09:15:38.458+0000] {logging_mixin.py:188} INFO - [2026-07-15T09:15:38.458+0000] {dag.py:3954} INFO - Setting next_dagrun for e-commerce_kafka_streaming_pipeline_v10 to 2026-07-15 08:00:00+00:00, run_after=2026-07-15 09:00:00+00:00
[2026-07-15T09:15:38.485+0000] {processor.py:183} INFO - Processing /opt/airflow/dags/sdp_pipeline_dag.py took 0.208 seconds
[2026-07-15T09:16:08.778+0000] {processor.py:161} INFO - Started process (PID=305) to work on /opt/airflow/dags/sdp_pipeline_dag.py
[2026-07-15T09:16:08.780+0000] {processor.py:830} INFO - Processing file /opt/airflow/dags/sdp_pipeline_dag.py for tasks to queue
[2026-07-15T09:16:08.785+0000] {logging_mixin.py:188} INFO - [2026-07-15T09:16:08.784+0000] {dagbag.py:540} INFO - Filling up the DagBag from /opt/airflow/dags/sdp_pipeline_dag.py
[2026-07-15T09:16:08.812+0000] {processor.py:840} INFO - DAG(s) 'e-commerce_kafka_streaming_pipeline_v10' retrieved from /opt/airflow/dags/sdp_pipeline_dag.py
[2026-07-15T09:16:08.850+0000] {logging_mixin.py:188} INFO - [2026-07-15T09:16:08.850+0000] {dag.py:3096} INFO - Sync 1 DAGs
[2026-07-15T09:16:08.882+0000] {logging_mixin.py:188} INFO - [2026-07-15T09:16:08.882+0000] {dag.py:3954} INFO - Setting next_dagrun for e-commerce_kafka_streaming_pipeline_v10 to 2026-07-15 08:00:00+00:00, run_after=2026-07-15 09:00:00+00:00
[2026-07-15T09:16:08.912+0000] {processor.py:183} INFO - Processing /opt/airflow/dags/sdp_pipeline_dag.py took 0.144 seconds
[2026-07-15T09:16:39.215+0000] {processor.py:161} INFO - Started process (PID=310) to work on /opt/airflow/dags/sdp_pipeline_dag.py
[2026-07-15T09:16:39.217+0000] {processor.py:830} INFO - Processing file /opt/airflow/dags/sdp_pipeline_dag.py for tasks to queue
[2026-07-15T09:16:39.220+0000] {logging_mixin.py:188} INFO - [2026-07-15T09:16:39.220+0000] {dagbag.py:540} INFO - Filling up the DagBag from /opt/airflow/dags/sdp_pipeline_dag.py
[2026-07-15T09:16:39.250+0000] {processor.py:840} INFO - DAG(s) 'e-commerce_kafka_streaming_pipeline_v10' retrieved from /opt/airflow/dags/sdp_pipeline_dag.py
[2026-07-15T09:16:39.284+0000] {logging_mixin.py:188} INFO - [2026-07-15T09:16:39.284+0000] {dag.py:3096} INFO - Sync 1 DAGs
[2026-07-15T09:16:39.326+0000] {logging_mixin.py:188} INFO - [2026-07-15T09:16:39.325+0000] {dag.py:3954} INFO - Setting next_dagrun for e-commerce_kafka_streaming_pipeline_v10 to 2026-07-15 08:00:00+00:00, run_after=2026-07-15 09:00:00+00:00
[2026-07-15T09:16:39.365+0000] {processor.py:183} INFO - Processing /opt/airflow/dags/sdp_pipeline_dag.py took 0.159 seconds
[2026-07-15T09:17:09.596+0000] {processor.py:161} INFO - Started process (PID=315) to work on /opt/airflow/dags/sdp_pipeline_dag.py
[2026-07-15T09:17:09.598+0000] {processor.py:830} INFO - Processing file /opt/airflow/dags/sdp_pipeline_dag.py for tasks to queue
[2026-07-15T09:17:09.601+0000] {logging_mixin.py:188} INFO - [2026-07-15T09:17:09.601+0000] {dagbag.py:540} INFO - Filling up the DagBag from /opt/airflow/dags/sdp_pipeline_dag.py
[2026-07-15T09:17:09.627+0000] {processor.py:840} INFO - DAG(s) 'e-commerce_kafka_streaming_pipeline_v10' retrieved from /opt/airflow/dags/sdp_pipeline_dag.py
[2026-07-15T09:17:09.665+0000] {logging_mixin.py:188} INFO - [2026-07-15T09:17:09.665+0000] {dag.py:3096} INFO - Sync 1 DAGs
[2026-07-15T09:17:09.699+0000] {logging_mixin.py:188} INFO - [2026-07-15T09:17:09.698+0000] {dag.py:3954} INFO - Setting next_dagrun for e-commerce_kafka_streaming_pipeline_v10 to 2026-07-15 08:00:00+00:00, run_after=2026-07-15 09:00:00+00:00
[2026-07-15T09:17:09.728+0000] {processor.py:183} INFO - Processing /opt/airflow/dags/sdp_pipeline_dag.py took 0.141 seconds
[2026-07-15T09:17:40.007+0000] {processor.py:161} INFO - Started process (PID=320) to work on /opt/airflow/dags/sdp_pipeline_dag.py
[2026-07-15T09:17:40.009+0000] {processor.py:830} INFO - Processing file /opt/airflow/dags/sdp_pipeline_dag.py for tasks to queue
[2026-07-15T09:17:40.012+0000] {logging_mixin.py:188} INFO - [2026-07-15T09:17:40.012+0000] {dagbag.py:540} INFO - Filling up the DagBag from /opt/airflow/dags/sdp_pipeline_dag.py
[2026-07-15T09:17:40.043+0000] {processor.py:840} INFO - DAG(s) 'e-commerce_kafka_streaming_pipeline_v10' retrieved from /opt/airflow/dags/sdp_pipeline_dag.py
[2026-07-15T09:17:40.079+0000] {logging_mixin.py:188} INFO - [2026-07-15T09:17:40.078+0000] {dag.py:3096} INFO - Sync 1 DAGs
[2026-07-15T09:17:40.113+0000] {logging_mixin.py:188} INFO - [2026-07-15T09:17:40.112+0000] {dag.py:3954} INFO - Setting next_dagrun for e-commerce_kafka_streaming_pipeline_v10 to 2026-07-15 08:00:00+00:00, run_after=2026-07-15 09:00:00+00:00
[2026-07-15T09:17:40.136+0000] {processor.py:183} INFO - Processing /opt/airflow/dags/sdp_pipeline_dag.py took 0.141 seconds
[2026-07-15T09:18:10.405+0000] {processor.py:161} INFO - Started process (PID=325) to work on /opt/airflow/dags/sdp_pipeline_dag.py
[2026-07-15T09:18:10.407+0000] {processor.py:830} INFO - Processing file /opt/airflow/dags/sdp_pipeline_dag.py for tasks to queue
[2026-07-15T09:18:10.412+0000] {logging_mixin.py:188} INFO - [2026-07-15T09:18:10.412+0000] {dagbag.py:540} INFO - Filling up the DagBag from /opt/airflow/dags/sdp_pipeline_dag.py
[2026-07-15T09:18:10.454+0000] {processor.py:840} INFO - DAG(s) 'e-commerce_kafka_streaming_pipeline_v10' retrieved from /opt/airflow/dags/sdp_pipeline_dag.py
[2026-07-15T09:18:10.518+0000] {logging_mixin.py:188} INFO - [2026-07-15T09:18:10.518+0000] {dag.py:3096} INFO - Sync 1 DAGs
[2026-07-15T09:18:10.553+0000] {logging_mixin.py:188} INFO - [2026-07-15T09:18:10.553+0000] {dag.py:3954} INFO - Setting next_dagrun for e-commerce_kafka_streaming_pipeline_v10 to 2026-07-15 08:00:00+00:00, run_after=2026-07-15 09:00:00+00:00
[2026-07-15T09:18:10.582+0000] {processor.py:183} INFO - Processing /opt/airflow/dags/sdp_pipeline_dag.py took 0.193 seconds
[2026-07-15T09:18:40.746+0000] {processor.py:161} INFO - Started process (PID=330) to work on /opt/airflow/dags/sdp_pipeline_dag.py
[2026-07-15T09:18:40.749+0000] {processor.py:830} INFO - Processing file /opt/airflow/dags/sdp_pipeline_dag.py for tasks to queue
[2026-07-15T09:18:40.754+0000] {logging_mixin.py:188} INFO - [2026-07-15T09:18:40.753+0000] {dagbag.py:540} INFO - Filling up the DagBag from /opt/airflow/dags/sdp_pipeline_dag.py
[2026-07-15T09:18:40.797+0000] {processor.py:840} INFO - DAG(s) 'e-commerce_kafka_streaming_pipeline_v10' retrieved from /opt/airflow/dags/sdp_pipeline_dag.py
[2026-07-15T09:18:40.846+0000] {logging_mixin.py:188} INFO - [2026-07-15T09:18:40.846+0000] {dag.py:3096} INFO - Sync 1 DAGs
[2026-07-15T09:18:40.889+0000] {logging_mixin.py:188} INFO - [2026-07-15T09:18:40.888+0000] {dag.py:3954} INFO - Setting next_dagrun for e-commerce_kafka_streaming_pipeline_v10 to 2026-07-15 08:00:00+00:00, run_after=2026-07-15 09:00:00+00:00
[2026-07-15T09:18:40.920+0000] {processor.py:183} INFO - Processing /opt/airflow/dags/sdp_pipeline_dag.py took 0.186 seconds
[2026-07-15T09:19:11.301+0000] {processor.py:161} INFO - Started process (PID=335) to work on /opt/airflow/dags/sdp_pipeline_dag.py
[2026-07-15T09:19:11.304+0000] {processor.py:830} INFO - Processing file /opt/airflow/dags/sdp_pipeline_dag.py for tasks to queue
[2026-07-15T09:19:11.308+0000] {logging_mixin.py:188} INFO - [2026-07-15T09:19:11.307+0000] {dagbag.py:540} INFO - Filling up the DagBag from /opt/airflow/dags/sdp_pipeline_dag.py
[2026-07-15T09:19:11.340+0000] {processor.py:840} INFO - DAG(s) 'e-commerce_kafka_streaming_pipeline_v10' retrieved from /opt/airflow/dags/sdp_pipeline_dag.py
[2026-07-15T09:19:11.377+0000] {logging_mixin.py:188} INFO - [2026-07-15T09:19:11.376+0000] {dag.py:3096} INFO - Sync 1 DAGs
[2026-07-15T09:19:11.407+0000] {logging_mixin.py:188} INFO - [2026-07-15T09:19:11.407+0000] {dag.py:3954} INFO - Setting next_dagrun for e-commerce_kafka_streaming_pipeline_v10 to 2026-07-15 08:00:00+00:00, run_after=2026-07-15 09:00:00+00:00
[2026-07-15T09:19:11.440+0000] {processor.py:183} INFO - Processing /opt/airflow/dags/sdp_pipeline_dag.py took 0.148 seconds
[2026-07-15T09:19:41.683+0000] {processor.py:161} INFO - Started process (PID=340) to work on /opt/airflow/dags/sdp_pipeline_dag.py
[2026-07-15T09:19:41.686+0000] {processor.py:830} INFO - Processing file /opt/airflow/dags/sdp_pipeline_dag.py for tasks to queue
[2026-07-15T09:19:41.692+0000] {logging_mixin.py:188} INFO - [2026-07-15T09:19:41.691+0000] {dagbag.py:540} INFO - Filling up the DagBag from /opt/airflow/dags/sdp_pipeline_dag.py
[2026-07-15T09:19:41.733+0000] {processor.py:840} INFO - DAG(s) 'e-commerce_kafka_streaming_pipeline_v10' retrieved from /opt/airflow/dags/sdp_pipeline_dag.py
[2026-07-15T09:19:41.782+0000] {logging_mixin.py:188} INFO - [2026-07-15T09:19:41.781+0000] {dag.py:3096} INFO - Sync 1 DAGs
[2026-07-15T09:19:41.819+0000] {logging_mixin.py:188} INFO - [2026-07-15T09:19:41.818+0000] {dag.py:3954} INFO - Setting next_dagrun for e-commerce_kafka_streaming_pipeline_v10 to 2026-07-15 08:00:00+00:00, run_after=2026-07-15 09:00:00+00:00
[2026-07-15T09:19:41.851+0000] {processor.py:183} INFO - Processing /opt/airflow/dags/sdp_pipeline_dag.py took 0.180 seconds
[2026-07-15T09:20:12.115+0000] {processor.py:161} INFO - Started process (PID=345) to work on /opt/airflow/dags/sdp_pipeline_dag.py
[2026-07-15T09:20:12.118+0000] {processor.py:830} INFO - Processing file /opt/airflow/dags/sdp_pipeline_dag.py for tasks to queue
[2026-07-15T09:20:12.122+0000] {logging_mixin.py:188} INFO - [2026-07-15T09:20:12.121+0000] {dagbag.py:540} INFO - Filling up the DagBag from /opt/airflow/dags/sdp_pipeline_dag.py
[2026-07-15T09:20:12.163+0000] {processor.py:840} INFO - DAG(s) 'e-commerce_kafka_streaming_pipeline_v10' retrieved from /opt/airflow/dags/sdp_pipeline_dag.py
[2026-07-15T09:20:12.207+0000] {logging_mixin.py:188} INFO - [2026-07-15T09:20:12.206+0000] {dag.py:3096} INFO - Sync 1 DAGs
[2026-07-15T09:20:12.235+0000] {logging_mixin.py:188} INFO - [2026-07-15T09:20:12.235+0000] {dag.py:3954} INFO - Setting next_dagrun for e-commerce_kafka_streaming_pipeline_v10 to 2026-07-15 08:00:00+00:00, run_after=2026-07-15 09:00:00+00:00
[2026-07-15T09:20:12.260+0000] {processor.py:183} INFO - Processing /opt/airflow/dags/sdp_pipeline_dag.py took 0.155 seconds
[2026-07-15T09:20:42.523+0000] {processor.py:161} INFO - Started process (PID=350) to work on /opt/airflow/dags/sdp_pipeline_dag.py
[2026-07-15T09:20:42.526+0000] {processor.py:830} INFO - Processing file /opt/airflow/dags/sdp_pipeline_dag.py for tasks to queue
[2026-07-15T09:20:42.534+0000] {logging_mixin.py:188} INFO - [2026-07-15T09:20:42.533+0000] {dagbag.py:540} INFO - Filling up the DagBag from /opt/airflow/dags/sdp_pipeline_dag.py
[2026-07-15T09:20:42.582+0000] {processor.py:840} INFO - DAG(s) 'e-commerce_kafka_streaming_pipeline_v10' retrieved from /opt/airflow/dags/sdp_pipeline_dag.py
[2026-07-15T09:20:42.619+0000] {logging_mixin.py:188} INFO - [2026-07-15T09:20:42.619+0000] {dag.py:3096} INFO - Sync 1 DAGs
[2026-07-15T09:20:42.670+0000] {logging_mixin.py:188} INFO - [2026-07-15T09:20:42.670+0000] {dag.py:3954} INFO - Setting next_dagrun for e-commerce_kafka_streaming_pipeline_v10 to 2026-07-15 08:00:00+00:00, run_after=2026-07-15 09:00:00+00:00
[2026-07-15T09:20:42.709+0000] {processor.py:183} INFO - Processing /opt/airflow/dags/sdp_pipeline_dag.py took 0.199 seconds
[2026-07-15T09:21:12.974+0000] {processor.py:161} INFO - Started process (PID=355) to work on /opt/airflow/dags/sdp_pipeline_dag.py
[2026-07-15T09:21:12.977+0000] {processor.py:830} INFO - Processing file /opt/airflow/dags/sdp_pipeline_dag.py for tasks to queue
[2026-07-15T09:21:12.982+0000] {logging_mixin.py:188} INFO - [2026-07-15T09:21:12.981+0000] {dagbag.py:540} INFO - Filling up the DagBag from /opt/airflow/dags/sdp_pipeline_dag.py
[2026-07-15T09:21:13.010+0000] {processor.py:840} INFO - DAG(s) 'e-commerce_kafka_streaming_pipeline_v10' retrieved from /opt/airflow/dags/sdp_pipeline_dag.py
[2026-07-15T09:21:13.048+0000] {logging_mixin.py:188} INFO - [2026-07-15T09:21:13.048+0000] {dag.py:3096} INFO - Sync 1 DAGs
[2026-07-15T09:21:13.086+0000] {logging_mixin.py:188} INFO - [2026-07-15T09:21:13.086+0000] {dag.py:3954} INFO - Setting next_dagrun for e-commerce_kafka_streaming_pipeline_v10 to 2026-07-15 08:00:00+00:00, run_after=2026-07-15 09:00:00+00:00
[2026-07-15T09:21:13.119+0000] {processor.py:183} INFO - Processing /opt/airflow/dags/sdp_pipeline_dag.py took 0.155 seconds
[2026-07-15T09:21:43.349+0000] {processor.py:161} INFO - Started process (PID=360) to work on /opt/airflow/dags/sdp_pipeline_dag.py
[2026-07-15T09:21:43.351+0000] {processor.py:830} INFO - Processing file /opt/airflow/dags/sdp_pipeline_dag.py for tasks to queue
[2026-07-15T09:21:43.356+0000] {logging_mixin.py:188} INFO - [2026-07-15T09:21:43.355+0000] {dagbag.py:540} INFO - Filling up the DagBag from /opt/airflow/dags/sdp_pipeline_dag.py
[2026-07-15T09:21:43.390+0000] {processor.py:840} INFO - DAG(s) 'e-commerce_kafka_streaming_pipeline_v10' retrieved from /opt/airflow/dags/sdp_pipeline_dag.py
[2026-07-15T09:21:43.439+0000] {logging_mixin.py:188} INFO - [2026-07-15T09:21:43.439+0000] {dag.py:3096} INFO - Sync 1 DAGs
[2026-07-15T09:21:43.472+0000] {logging_mixin.py:188} INFO - [2026-07-15T09:21:43.472+0000] {dag.py:3954} INFO - Setting next_dagrun for e-commerce_kafka_streaming_pipeline_v10 to 2026-07-15 08:00:00+00:00, run_after=2026-07-15 09:00:00+00:00
[2026-07-15T09:21:43.506+0000] {processor.py:183} INFO - Processing /opt/airflow/dags/sdp_pipeline_dag.py took 0.166 seconds
[2026-07-15T09:22:13.798+0000] {processor.py:161} INFO - Started process (PID=365) to work on /opt/airflow/dags/sdp_pipeline_dag.py
[2026-07-15T09:22:13.800+0000] {processor.py:830} INFO - Processing file /opt/airflow/dags/sdp_pipeline_dag.py for tasks to queue
[2026-07-15T09:22:13.804+0000] {logging_mixin.py:188} INFO - [2026-07-15T09:22:13.804+0000] {dagbag.py:540} INFO - Filling up the DagBag from /opt/airflow/dags/sdp_pipeline_dag.py
[2026-07-15T09:22:13.838+0000] {processor.py:840} INFO - DAG(s) 'e-commerce_kafka_streaming_pipeline_v10' retrieved from /opt/airflow/dags/sdp_pipeline_dag.py
[2026-07-15T09:22:13.877+0000] {logging_mixin.py:188} INFO - [2026-07-15T09:22:13.877+0000] {dag.py:3096} INFO - Sync 1 DAGs
[2026-07-15T09:22:13.920+0000] {logging_mixin.py:188} INFO - [2026-07-15T09:22:13.920+0000] {dag.py:3954} INFO - Setting next_dagrun for e-commerce_kafka_streaming_pipeline_v10 to 2026-07-15 08:00:00+00:00, run_after=2026-07-15 09:00:00+00:00
[2026-07-15T09:22:13.959+0000] {processor.py:183} INFO - Processing /opt/airflow/dags/sdp_pipeline_dag.py took 0.172 seconds
[2026-07-15T09:22:44.184+0000] {processor.py:161} INFO - Started process (PID=370) to work on /opt/airflow/dags/sdp_pipeline_dag.py
[2026-07-15T09:22:44.186+0000] {processor.py:830} INFO - Processing file /opt/airflow/dags/sdp_pipeline_dag.py for tasks to queue
[2026-07-15T09:22:44.191+0000] {logging_mixin.py:188} INFO - [2026-07-15T09:22:44.190+0000] {dagbag.py:540} INFO - Filling up the DagBag from /opt/airflow/dags/sdp_pipeline_dag.py
[2026-07-15T09:22:44.229+0000] {processor.py:840} INFO - DAG(s) 'e-commerce_kafka_streaming_pipeline_v10' retrieved from /opt/airflow/dags/sdp_pipeline_dag.py
[2026-07-15T09:22:44.270+0000] {logging_mixin.py:188} INFO - [2026-07-15T09:22:44.270+0000] {dag.py:3096} INFO - Sync 1 DAGs
[2026-07-15T09:22:44.308+0000] {logging_mixin.py:188} INFO - [2026-07-15T09:22:44.308+0000] {dag.py:3954} INFO - Setting next_dagrun for e-commerce_kafka_streaming_pipeline_v10 to 2026-07-15 08:00:00+00:00, run_after=2026-07-15 09:00:00+00:00
[2026-07-15T09:22:44.346+0000] {processor.py:183} INFO - Processing /opt/airflow/dags/sdp_pipeline_dag.py took 0.172 seconds
[2026-07-15T09:23:14.669+0000] {processor.py:161} INFO - Started process (PID=375) to work on /opt/airflow/dags/sdp_pipeline_dag.py
[2026-07-15T09:23:14.675+0000] {processor.py:830} INFO - Processing file /opt/airflow/dags/sdp_pipeline_dag.py for tasks to queue
[2026-07-15T09:23:14.684+0000] {logging_mixin.py:188} INFO - [2026-07-15T09:23:14.683+0000] {dagbag.py:540} INFO - Filling up the DagBag from /opt/airflow/dags/sdp_pipeline_dag.py
[2026-07-15T09:23:14.714+0000] {processor.py:840} INFO - DAG(s) 'e-commerce_kafka_streaming_pipeline_v10' retrieved from /opt/airflow/dags/sdp_pipeline_dag.py
[2026-07-15T09:23:14.757+0000] {logging_mixin.py:188} INFO - [2026-07-15T09:23:14.756+0000] {dag.py:3096} INFO - Sync 1 DAGs
[2026-07-15T09:23:14.789+0000] {logging_mixin.py:188} INFO - [2026-07-15T09:23:14.789+0000] {dag.py:3954} INFO - Setting next_dagrun for e-commerce_kafka_streaming_pipeline_v10 to 2026-07-15 08:00:00+00:00, run_after=2026-07-15 09:00:00+00:00
[2026-07-15T09:23:14.822+0000] {processor.py:183} INFO - Processing /opt/airflow/dags/sdp_pipeline_dag.py took 0.175 seconds
[2026-07-15T09:23:45.045+0000] {processor.py:161} INFO - Started process (PID=380) to work on /opt/airflow/dags/sdp_pipeline_dag.py
[2026-07-15T09:23:45.047+0000] {processor.py:830} INFO - Processing file /opt/airflow/dags/sdp_pipeline_dag.py for tasks to queue
[2026-07-15T09:23:45.052+0000] {logging_mixin.py:188} INFO - [2026-07-15T09:23:45.051+0000] {dagbag.py:540} INFO - Filling up the DagBag from /opt/airflow/dags/sdp_pipeline_dag.py
[2026-07-15T09:23:45.090+0000] {processor.py:840} INFO - DAG(s) 'e-commerce_kafka_streaming_pipeline_v10' retrieved from /opt/airflow/dags/sdp_pipeline_dag.py
[2026-07-15T09:23:45.179+0000] {logging_mixin.py:188} INFO - [2026-07-15T09:23:45.179+0000] {dag.py:3096} INFO - Sync 1 DAGs
[2026-07-15T09:23:45.226+0000] {logging_mixin.py:188} INFO - [2026-07-15T09:23:45.226+0000] {dag.py:3954} INFO - Setting next_dagrun for e-commerce_kafka_streaming_pipeline_v10 to 2026-07-15 08:00:00+00:00, run_after=2026-07-15 09:00:00+00:00
[2026-07-15T09:23:45.275+0000] {processor.py:183} INFO - Processing /opt/airflow/dags/sdp_pipeline_dag.py took 0.262 seconds
[2026-07-15T09:24:15.444+0000] {processor.py:161} INFO - Started process (PID=385) to work on /opt/airflow/dags/sdp_pipeline_dag.py
[2026-07-15T09:24:15.452+0000] {processor.py:830} INFO - Processing file /opt/airflow/dags/sdp_pipeline_dag.py for tasks to queue
[2026-07-15T09:24:15.463+0000] {logging_mixin.py:188} INFO - [2026-07-15T09:24:15.461+0000] {dagbag.py:540} INFO - Filling up the DagBag from /opt/airflow/dags/sdp_pipeline_dag.py
[2026-07-15T09:24:15.515+0000] {processor.py:840} INFO - DAG(s) 'e-commerce_kafka_streaming_pipeline_v10' retrieved from /opt/airflow/dags/sdp_pipeline_dag.py
[2026-07-15T09:24:15.576+0000] {logging_mixin.py:188} INFO - [2026-07-15T09:24:15.575+0000] {dag.py:3096} INFO - Sync 1 DAGs
[2026-07-15T09:24:15.623+0000] {logging_mixin.py:188} INFO - [2026-07-15T09:24:15.623+0000] {dag.py:3954} INFO - Setting next_dagrun for e-commerce_kafka_streaming_pipeline_v10 to 2026-07-15 08:00:00+00:00, run_after=2026-07-15 09:00:00+00:00
[2026-07-15T09:24:15.730+0000] {processor.py:183} INFO - Processing /opt/airflow/dags/sdp_pipeline_dag.py took 0.307 seconds
[2026-07-15T09:24:45.904+0000] {processor.py:161} INFO - Started process (PID=390) to work on /opt/airflow/dags/sdp_pipeline_dag.py
[2026-07-15T09:24:45.907+0000] {processor.py:830} INFO - Processing file /opt/airflow/dags/sdp_pipeline_dag.py for tasks to queue
[2026-07-15T09:24:45.910+0000] {logging_mixin.py:188} INFO - [2026-07-15T09:24:45.910+0000] {dagbag.py:540} INFO - Filling up the DagBag from /opt/airflow/dags/sdp_pipeline_dag.py
[2026-07-15T09:24:45.946+0000] {processor.py:840} INFO - DAG(s) 'e-commerce_kafka_streaming_pipeline_v10' retrieved from /opt/airflow/dags/sdp_pipeline_dag.py
[2026-07-15T09:24:45.989+0000] {logging_mixin.py:188} INFO - [2026-07-15T09:24:45.988+0000] {dag.py:3096} INFO - Sync 1 DAGs
[2026-07-15T09:24:46.022+0000] {logging_mixin.py:188} INFO - [2026-07-15T09:24:46.022+0000] {dag.py:3954} INFO - Setting next_dagrun for e-commerce_kafka_streaming_pipeline_v10 to 2026-07-15 08:00:00+00:00, run_after=2026-07-15 09:00:00+00:00
[2026-07-15T09:24:46.050+0000] {processor.py:183} INFO - Processing /opt/airflow/dags/sdp_pipeline_dag.py took 0.157 seconds
[2026-07-15T09:25:16.364+0000] {processor.py:161} INFO - Started process (PID=395) to work on /opt/airflow/dags/sdp_pipeline_dag.py
[2026-07-15T09:25:16.367+0000] {processor.py:830} INFO - Processing file /opt/airflow/dags/sdp_pipeline_dag.py for tasks to queue
[2026-07-15T09:25:16.370+0000] {logging_mixin.py:188} INFO - [2026-07-15T09:25:16.370+0000] {dagbag.py:540} INFO - Filling up the DagBag from /opt/airflow/dags/sdp_pipeline_dag.py
[2026-07-15T09:25:16.404+0000] {processor.py:840} INFO - DAG(s) 'e-commerce_kafka_streaming_pipeline_v10' retrieved from /opt/airflow/dags/sdp_pipeline_dag.py
[2026-07-15T09:25:16.443+0000] {logging_mixin.py:188} INFO - [2026-07-15T09:25:16.443+0000] {dag.py:3096} INFO - Sync 1 DAGs
[2026-07-15T09:25:16.480+0000] {logging_mixin.py:188} INFO - [2026-07-15T09:25:16.480+0000] {dag.py:3954} INFO - Setting next_dagrun for e-commerce_kafka_streaming_pipeline_v10 to 2026-07-15 08:00:00+00:00, run_after=2026-07-15 09:00:00+00:00
[2026-07-15T09:25:16.507+0000] {processor.py:183} INFO - Processing /opt/airflow/dags/sdp_pipeline_dag.py took 0.153 seconds
[2026-07-15T09:25:46.861+0000] {processor.py:161} INFO - Started process (PID=433) to work on /opt/airflow/dags/sdp_pipeline_dag.py
[2026-07-15T09:25:46.871+0000] {processor.py:830} INFO - Processing file /opt/airflow/dags/sdp_pipeline_dag.py for tasks to queue
[2026-07-15T09:25:46.876+0000] {logging_mixin.py:188} INFO - [2026-07-15T09:25:46.875+0000] {dagbag.py:540} INFO - Filling up the DagBag from /opt/airflow/dags/sdp_pipeline_dag.py
[2026-07-15T09:25:46.950+0000] {processor.py:840} INFO - DAG(s) 'e-commerce_kafka_streaming_pipeline_v10' retrieved from /opt/airflow/dags/sdp_pipeline_dag.py
[2026-07-15T09:25:47.117+0000] {logging_mixin.py:188} INFO - [2026-07-15T09:25:47.116+0000] {dag.py:3096} INFO - Sync 1 DAGs
[2026-07-15T09:25:47.317+0000] {logging_mixin.py:188} INFO - [2026-07-15T09:25:47.315+0000] {dag.py:3954} INFO - Setting next_dagrun for e-commerce_kafka_streaming_pipeline_v10 to 2026-07-15 09:00:00+00:00, run_after=2026-07-15 10:00:00+00:00
[2026-07-15T09:25:47.385+0000] {processor.py:183} INFO - Processing /opt/airflow/dags/sdp_pipeline_dag.py took 0.544 seconds
[2026-07-15T09:26:17.812+0000] {processor.py:161} INFO - Started process (PID=438) to work on /opt/airflow/dags/sdp_pipeline_dag.py
[2026-07-15T09:26:17.826+0000] {processor.py:830} INFO - Processing file /opt/airflow/dags/sdp_pipeline_dag.py for tasks to queue
[2026-07-15T09:26:17.869+0000] {logging_mixin.py:188} INFO - [2026-07-15T09:26:17.849+0000] {dagbag.py:540} INFO - Filling up the DagBag from /opt/airflow/dags/sdp_pipeline_dag.py
[2026-07-15T09:26:18.226+0000] {processor.py:840} INFO - DAG(s) 'e-commerce_kafka_streaming_pipeline_v10' retrieved from /opt/airflow/dags/sdp_pipeline_dag.py
[2026-07-15T09:26:18.626+0000] {logging_mixin.py:188} INFO - [2026-07-15T09:26:18.625+0000] {dag.py:3096} INFO - Sync 1 DAGs
[2026-07-15T09:26:19.077+0000] {logging_mixin.py:188} INFO - [2026-07-15T09:26:19.076+0000] {dag.py:3954} INFO - Setting next_dagrun for e-commerce_kafka_streaming_pipeline_v10 to 2026-07-15 09:00:00+00:00, run_after=2026-07-15 10:00:00+00:00
[2026-07-15T09:26:19.286+0000] {processor.py:183} INFO - Processing /opt/airflow/dags/sdp_pipeline_dag.py took 1.566 seconds
[2026-07-15T09:26:49.918+0000] {processor.py:161} INFO - Started process (PID=443) to work on /opt/airflow/dags/sdp_pipeline_dag.py
[2026-07-15T09:26:49.922+0000] {processor.py:830} INFO - Processing file /opt/airflow/dags/sdp_pipeline_dag.py for tasks to queue
[2026-07-15T09:26:49.929+0000] {logging_mixin.py:188} INFO - [2026-07-15T09:26:49.927+0000] {dagbag.py:540} INFO - Filling up the DagBag from /opt/airflow/dags/sdp_pipeline_dag.py
[2026-07-15T09:26:50.006+0000] {processor.py:840} INFO - DAG(s) 'e-commerce_kafka_streaming_pipeline_v10' retrieved from /opt/airflow/dags/sdp_pipeline_dag.py
[2026-07-15T09:26:50.125+0000] {logging_mixin.py:188} INFO - [2026-07-15T09:26:50.124+0000] {dag.py:3096} INFO - Sync 1 DAGs
[2026-07-15T09:26:50.202+0000] {logging_mixin.py:188} INFO - [2026-07-15T09:26:50.201+0000] {dag.py:3954} INFO - Setting next_dagrun for e-commerce_kafka_streaming_pipeline_v10 to 2026-07-15 09:00:00+00:00, run_after=2026-07-15 10:00:00+00:00
[2026-07-15T09:26:50.277+0000] {processor.py:183} INFO - Processing /opt/airflow/dags/sdp_pipeline_dag.py took 0.382 seconds
[2026-07-15T09:27:20.550+0000] {processor.py:161} INFO - Started process (PID=448) to work on /opt/airflow/dags/sdp_pipeline_dag.py
[2026-07-15T09:27:20.557+0000] {processor.py:830} INFO - Processing file /opt/airflow/dags/sdp_pipeline_dag.py for tasks to queue
[2026-07-15T09:27:20.584+0000] {logging_mixin.py:188} INFO - [2026-07-15T09:27:20.579+0000] {dagbag.py:540} INFO - Filling up the DagBag from /opt/airflow/dags/sdp_pipeline_dag.py
[2026-07-15T09:27:20.706+0000] {processor.py:840} INFO - DAG(s) 'e-commerce_kafka_streaming_pipeline_v10' retrieved from /opt/airflow/dags/sdp_pipeline_dag.py
[2026-07-15T09:27:20.825+0000] {logging_mixin.py:188} INFO - [2026-07-15T09:27:20.824+0000] {dag.py:3096} INFO - Sync 1 DAGs
[2026-07-15T09:27:20.971+0000] {logging_mixin.py:188} INFO - [2026-07-15T09:27:20.971+0000] {dag.py:3954} INFO - Setting next_dagrun for e-commerce_kafka_streaming_pipeline_v10 to 2026-07-15 09:00:00+00:00, run_after=2026-07-15 10:00:00+00:00
[2026-07-15T09:27:21.108+0000] {processor.py:183} INFO - Processing /opt/airflow/dags/sdp_pipeline_dag.py took 0.597 seconds
[2026-07-15T10:01:27.997+0000] {processor.py:161} INFO - Started process (PID=453) to work on /opt/airflow/dags/sdp_pipeline_dag.py
[2026-07-15T10:01:28.013+0000] {processor.py:830} INFO - Processing file /opt/airflow/dags/sdp_pipeline_dag.py for tasks to queue
[2026-07-15T10:01:28.025+0000] {logging_mixin.py:188} INFO - [2026-07-15T10:01:28.024+0000] {dagbag.py:540} INFO - Filling up the DagBag from /opt/airflow/dags/sdp_pipeline_dag.py
[2026-07-15T10:01:28.122+0000] {processor.py:840} INFO - DAG(s) 'e-commerce_kafka_streaming_pipeline_v10' retrieved from /opt/airflow/dags/sdp_pipeline_dag.py
[2026-07-15T10:01:28.363+0000] {logging_mixin.py:188} INFO - [2026-07-15T10:01:28.362+0000] {dag.py:3096} INFO - Sync 1 DAGs
[2026-07-15T10:01:28.499+0000] {logging_mixin.py:188} INFO - [2026-07-15T10:01:28.499+0000] {dag.py:3954} INFO - Setting next_dagrun for e-commerce_kafka_streaming_pipeline_v10 to 2026-07-15 10:00:00+00:00, run_after=2026-07-15 11:00:00+00:00
[2026-07-15T10:01:28.593+0000] {processor.py:183} INFO - Processing /opt/airflow/dags/sdp_pipeline_dag.py took 0.617 seconds
[2026-07-15T10:01:59.727+0000] {processor.py:161} INFO - Started process (PID=503) to work on /opt/airflow/dags/sdp_pipeline_dag.py
[2026-07-15T10:01:59.737+0000] {processor.py:830} INFO - Processing file /opt/airflow/dags/sdp_pipeline_dag.py for tasks to queue
[2026-07-15T10:01:59.742+0000] {logging_mixin.py:188} INFO - [2026-07-15T10:01:59.741+0000] {dagbag.py:540} INFO - Filling up the DagBag from /opt/airflow/dags/sdp_pipeline_dag.py
[2026-07-15T10:01:59.789+0000] {processor.py:840} INFO - DAG(s) 'e-commerce_kafka_streaming_pipeline_v10' retrieved from /opt/airflow/dags/sdp_pipeline_dag.py
[2026-07-15T10:01:59.904+0000] {logging_mixin.py:188} INFO - [2026-07-15T10:01:59.904+0000] {dag.py:3096} INFO - Sync 1 DAGs
[2026-07-15T10:02:00.094+0000] {logging_mixin.py:188} INFO - [2026-07-15T10:02:00.076+0000] {dag.py:3954} INFO - Setting next_dagrun for e-commerce_kafka_streaming_pipeline_v10 to 2026-07-15 10:00:00+00:00, run_after=2026-07-15 11:00:00+00:00
[2026-07-15T10:02:00.241+0000] {processor.py:183} INFO - Processing /opt/airflow/dags/sdp_pipeline_dag.py took 0.561 seconds
[2026-07-15T10:02:31.015+0000] {processor.py:161} INFO - Started process (PID=508) to work on /opt/airflow/dags/sdp_pipeline_dag.py
[2026-07-15T10:02:31.023+0000] {processor.py:830} INFO - Processing file /opt/airflow/dags/sdp_pipeline_dag.py for tasks to queue
[2026-07-15T10:02:31.065+0000] {logging_mixin.py:188} INFO - [2026-07-15T10:02:31.052+0000] {dagbag.py:540} INFO - Filling up the DagBag from /opt/airflow/dags/sdp_pipeline_dag.py
[2026-07-15T10:02:31.307+0000] {processor.py:840} INFO - DAG(s) 'e-commerce_kafka_streaming_pipeline_v10' retrieved from /opt/airflow/dags/sdp_pipeline_dag.py
[2026-07-15T10:02:31.657+0000] {logging_mixin.py:188} INFO - [2026-07-15T10:02:31.657+0000] {dag.py:3096} INFO - Sync 1 DAGs
[2026-07-15T10:02:31.890+0000] {logging_mixin.py:188} INFO - [2026-07-15T10:02:31.889+0000] {dag.py:3954} INFO - Setting next_dagrun for e-commerce_kafka_streaming_pipeline_v10 to 2026-07-15 10:00:00+00:00, run_after=2026-07-15 11:00:00+00:00
[2026-07-15T10:02:32.002+0000] {processor.py:183} INFO - Processing /opt/airflow/dags/sdp_pipeline_dag.py took 1.049 seconds
[2026-07-15T10:03:02.289+0000] {processor.py:161} INFO - Started process (PID=513) to work on /opt/airflow/dags/sdp_pipeline_dag.py
[2026-07-15T10:03:02.291+0000] {processor.py:830} INFO - Processing file /opt/airflow/dags/sdp_pipeline_dag.py for tasks to queue
[2026-07-15T10:03:02.294+0000] {logging_mixin.py:188} INFO - [2026-07-15T10:03:02.294+0000] {dagbag.py:540} INFO - Filling up the DagBag from /opt/airflow/dags/sdp_pipeline_dag.py
[2026-07-15T10:03:02.329+0000] {processor.py:840} INFO - DAG(s) 'e-commerce_kafka_streaming_pipeline_v10' retrieved from /opt/airflow/dags/sdp_pipeline_dag.py
[2026-07-15T10:03:02.373+0000] {logging_mixin.py:188} INFO - [2026-07-15T10:03:02.373+0000] {dag.py:3096} INFO - Sync 1 DAGs
[2026-07-15T10:03:02.414+0000] {logging_mixin.py:188} INFO - [2026-07-15T10:03:02.414+0000] {dag.py:3954} INFO - Setting next_dagrun for e-commerce_kafka_streaming_pipeline_v10 to 2026-07-15 10:00:00+00:00, run_after=2026-07-15 11:00:00+00:00
[2026-07-15T10:03:02.438+0000] {processor.py:183} INFO - Processing /opt/airflow/dags/sdp_pipeline_dag.py took 0.159 seconds
[2026-07-15T10:03:32.546+0000] {processor.py:161} INFO - Started process (PID=518) to work on /opt/airflow/dags/sdp_pipeline_dag.py
[2026-07-15T10:03:32.548+0000] {processor.py:830} INFO - Processing file /opt/airflow/dags/sdp_pipeline_dag.py for tasks to queue
[2026-07-15T10:03:32.552+0000] {logging_mixin.py:188} INFO - [2026-07-15T10:03:32.551+0000] {dagbag.py:540} INFO - Filling up the DagBag from /opt/airflow/dags/sdp_pipeline_dag.py
[2026-07-15T10:03:32.582+0000] {processor.py:840} INFO - DAG(s) 'e-commerce_kafka_streaming_pipeline_v10' retrieved from /opt/airflow/dags/sdp_pipeline_dag.py
[2026-07-15T10:03:32.615+0000] {logging_mixin.py:188} INFO - [2026-07-15T10:03:32.614+0000] {dag.py:3096} INFO - Sync 1 DAGs
[2026-07-15T10:03:32.642+0000] {logging_mixin.py:188} INFO - [2026-07-15T10:03:32.642+0000] {dag.py:3954} INFO - Setting next_dagrun for e-commerce_kafka_streaming_pipeline_v10 to 2026-07-15 10:00:00+00:00, run_after=2026-07-15 11:00:00+00:00
[2026-07-15T10:03:32.668+0000] {processor.py:183} INFO - Processing /opt/airflow/dags/sdp_pipeline_dag.py took 0.132 seconds
[2026-07-15T10:04:02.863+0000] {processor.py:161} INFO - Started process (PID=523) to work on /opt/airflow/dags/sdp_pipeline_dag.py
[2026-07-15T10:04:02.865+0000] {processor.py:830} INFO - Processing file /opt/airflow/dags/sdp_pipeline_dag.py for tasks to queue
[2026-07-15T10:04:02.868+0000] {logging_mixin.py:188} INFO - [2026-07-15T10:04:02.868+0000] {dagbag.py:540} INFO - Filling up the DagBag from /opt/airflow/dags/sdp_pipeline_dag.py
[2026-07-15T10:04:02.897+0000] {processor.py:840} INFO - DAG(s) 'e-commerce_kafka_streaming_pipeline_v10' retrieved from /opt/airflow/dags/sdp_pipeline_dag.py
[2026-07-15T10:04:02.937+0000] {logging_mixin.py:188} INFO - [2026-07-15T10:04:02.937+0000] {dag.py:3096} INFO - Sync 1 DAGs
[2026-07-15T10:04:02.965+0000] {logging_mixin.py:188} INFO - [2026-07-15T10:04:02.965+0000] {dag.py:3954} INFO - Setting next_dagrun for e-commerce_kafka_streaming_pipeline_v10 to 2026-07-15 10:00:00+00:00, run_after=2026-07-15 11:00:00+00:00
[2026-07-15T10:04:02.987+0000] {processor.py:183} INFO - Processing /opt/airflow/dags/sdp_pipeline_dag.py took 0.131 seconds
[2026-07-15T10:04:33.081+0000] {processor.py:161} INFO - Started process (PID=528) to work on /opt/airflow/dags/sdp_pipeline_dag.py
[2026-07-15T10:04:33.084+0000] {processor.py:830} INFO - Processing file /opt/airflow/dags/sdp_pipeline_dag.py for tasks to queue
[2026-07-15T10:04:33.088+0000] {logging_mixin.py:188} INFO - [2026-07-15T10:04:33.088+0000] {dagbag.py:540} INFO - Filling up the DagBag from /opt/airflow/dags/sdp_pipeline_dag.py
[2026-07-15T10:04:33.121+0000] {processor.py:840} INFO - DAG(s) 'e-commerce_kafka_streaming_pipeline_v10' retrieved from /opt/airflow/dags/sdp_pipeline_dag.py
[2026-07-15T10:04:33.153+0000] {logging_mixin.py:188} INFO - [2026-07-15T10:04:33.153+0000] {dag.py:3096} INFO - Sync 1 DAGs
[2026-07-15T10:04:33.175+0000] {logging_mixin.py:188} INFO - [2026-07-15T10:04:33.175+0000] {dag.py:3954} INFO - Setting next_dagrun for e-commerce_kafka_streaming_pipeline_v10 to 2026-07-15 10:00:00+00:00, run_after=2026-07-15 11:00:00+00:00
[2026-07-15T10:04:33.199+0000] {processor.py:183} INFO - Processing /opt/airflow/dags/sdp_pipeline_dag.py took 0.130 seconds
[2026-07-15T10:05:03.469+0000] {processor.py:161} INFO - Started process (PID=545) to work on /opt/airflow/dags/sdp_pipeline_dag.py
[2026-07-15T10:05:03.471+0000] {processor.py:830} INFO - Processing file /opt/airflow/dags/sdp_pipeline_dag.py for tasks to queue
[2026-07-15T10:05:03.473+0000] {logging_mixin.py:188} INFO - [2026-07-15T10:05:03.473+0000] {dagbag.py:540} INFO - Filling up the DagBag from /opt/airflow/dags/sdp_pipeline_dag.py
[2026-07-15T10:05:03.496+0000] {processor.py:840} INFO - DAG(s) 'e-commerce_kafka_streaming_pipeline_v10' retrieved from /opt/airflow/dags/sdp_pipeline_dag.py
[2026-07-15T10:05:03.530+0000] {logging_mixin.py:188} INFO - [2026-07-15T10:05:03.528+0000] {dag.py:3096} INFO - Sync 1 DAGs
[2026-07-15T10:05:03.559+0000] {logging_mixin.py:188} INFO - [2026-07-15T10:05:03.559+0000] {dag.py:3954} INFO - Setting next_dagrun for e-commerce_kafka_streaming_pipeline_v10 to 2026-07-15 10:00:00+00:00, run_after=2026-07-15 11:00:00+00:00
[2026-07-15T10:05:03.583+0000] {processor.py:183} INFO - Processing /opt/airflow/dags/sdp_pipeline_dag.py took 0.122 seconds
[2026-07-15T10:05:33.694+0000] {processor.py:161} INFO - Started process (PID=550) to work on /opt/airflow/dags/sdp_pipeline_dag.py
[2026-07-15T10:05:33.695+0000] {processor.py:830} INFO - Processing file /opt/airflow/dags/sdp_pipeline_dag.py for tasks to queue
[2026-07-15T10:05:33.698+0000] {logging_mixin.py:188} INFO - [2026-07-15T10:05:33.697+0000] {dagbag.py:540} INFO - Filling up the DagBag from /opt/airflow/dags/sdp_pipeline_dag.py
[2026-07-15T10:05:33.716+0000] {processor.py:840} INFO - DAG(s) 'e-commerce_kafka_streaming_pipeline_v10' retrieved from /opt/airflow/dags/sdp_pipeline_dag.py
[2026-07-15T10:05:33.748+0000] {logging_mixin.py:188} INFO - [2026-07-15T10:05:33.748+0000] {dag.py:3096} INFO - Sync 1 DAGs
[2026-07-15T10:05:33.773+0000] {logging_mixin.py:188} INFO - [2026-07-15T10:05:33.773+0000] {dag.py:3954} INFO - Setting next_dagrun for e-commerce_kafka_streaming_pipeline_v10 to 2026-07-15 10:00:00+00:00, run_after=2026-07-15 11:00:00+00:00
[2026-07-15T10:05:33.799+0000] {processor.py:183} INFO - Processing /opt/airflow/dags/sdp_pipeline_dag.py took 0.112 seconds
[2026-07-15T10:06:04.047+0000] {processor.py:161} INFO - Started process (PID=555) to work on /opt/airflow/dags/sdp_pipeline_dag.py
[2026-07-15T10:06:04.049+0000] {processor.py:830} INFO - Processing file /opt/airflow/dags/sdp_pipeline_dag.py for tasks to queue
[2026-07-15T10:06:04.051+0000] {logging_mixin.py:188} INFO - [2026-07-15T10:06:04.051+0000] {dagbag.py:540} INFO - Filling up the DagBag from /opt/airflow/dags/sdp_pipeline_dag.py
[2026-07-15T10:06:04.072+0000] {processor.py:840} INFO - DAG(s) 'e-commerce_kafka_streaming_pipeline_v10' retrieved from /opt/airflow/dags/sdp_pipeline_dag.py
[2026-07-15T10:06:04.100+0000] {logging_mixin.py:188} INFO - [2026-07-15T10:06:04.100+0000] {dag.py:3096} INFO - Sync 1 DAGs
[2026-07-15T10:06:04.125+0000] {logging_mixin.py:188} INFO - [2026-07-15T10:06:04.125+0000] {dag.py:3954} INFO - Setting next_dagrun for e-commerce_kafka_streaming_pipeline_v10 to 2026-07-15 10:00:00+00:00, run_after=2026-07-15 11:00:00+00:00
[2026-07-15T10:06:04.146+0000] {processor.py:183} INFO - Processing /opt/airflow/dags/sdp_pipeline_dag.py took 0.106 seconds
[2026-07-15T10:06:34.323+0000] {processor.py:161} INFO - Started process (PID=560) to work on /opt/airflow/dags/sdp_pipeline_dag.py
[2026-07-15T10:06:34.324+0000] {processor.py:830} INFO - Processing file /opt/airflow/dags/sdp_pipeline_dag.py for tasks to queue
[2026-07-15T10:06:34.326+0000] {logging_mixin.py:188} INFO - [2026-07-15T10:06:34.326+0000] {dagbag.py:540} INFO - Filling up the DagBag from /opt/airflow/dags/sdp_pipeline_dag.py
[2026-07-15T10:06:34.355+0000] {processor.py:840} INFO - DAG(s) 'e-commerce_kafka_streaming_pipeline_v10' retrieved from /opt/airflow/dags/sdp_pipeline_dag.py
[2026-07-15T10:06:34.392+0000] {logging_mixin.py:188} INFO - [2026-07-15T10:06:34.391+0000] {dag.py:3096} INFO - Sync 1 DAGs
[2026-07-15T10:06:34.419+0000] {logging_mixin.py:188} INFO - [2026-07-15T10:06:34.419+0000] {dag.py:3954} INFO - Setting next_dagrun for e-commerce_kafka_streaming_pipeline_v10 to 2026-07-15 10:00:00+00:00, run_after=2026-07-15 11:00:00+00:00
[2026-07-15T10:06:34.444+0000] {processor.py:183} INFO - Processing /opt/airflow/dags/sdp_pipeline_dag.py took 0.131 seconds
[2026-07-15T10:07:04.566+0000] {processor.py:161} INFO - Started process (PID=567) to work on /opt/airflow/dags/sdp_pipeline_dag.py
[2026-07-15T10:07:04.567+0000] {processor.py:830} INFO - Processing file /opt/airflow/dags/sdp_pipeline_dag.py for tasks to queue
[2026-07-15T10:07:04.570+0000] {logging_mixin.py:188} INFO - [2026-07-15T10:07:04.569+0000] {dagbag.py:540} INFO - Filling up the DagBag from /opt/airflow/dags/sdp_pipeline_dag.py
[2026-07-15T10:07:04.587+0000] {processor.py:840} INFO - DAG(s) 'e-commerce_kafka_streaming_pipeline_v10' retrieved from /opt/airflow/dags/sdp_pipeline_dag.py
[2026-07-15T10:07:04.635+0000] {logging_mixin.py:188} INFO - [2026-07-15T10:07:04.635+0000] {dag.py:3096} INFO - Sync 1 DAGs
[2026-07-15T10:07:04.676+0000] {logging_mixin.py:188} INFO - [2026-07-15T10:07:04.675+0000] {dag.py:3954} INFO - Setting next_dagrun for e-commerce_kafka_streaming_pipeline_v10 to 2026-07-15 10:00:00+00:00, run_after=2026-07-15 11:00:00+00:00
[2026-07-15T10:07:04.699+0000] {processor.py:183} INFO - Processing /opt/airflow/dags/sdp_pipeline_dag.py took 0.140 seconds
[2026-07-15T10:07:34.801+0000] {processor.py:161} INFO - Started process (PID=572) to work on /opt/airflow/dags/sdp_pipeline_dag.py
[2026-07-15T10:07:34.803+0000] {processor.py:830} INFO - Processing file /opt/airflow/dags/sdp_pipeline_dag.py for tasks to queue
[2026-07-15T10:07:34.805+0000] {logging_mixin.py:188} INFO - [2026-07-15T10:07:34.804+0000] {dagbag.py:540} INFO - Filling up the DagBag from /opt/airflow/dags/sdp_pipeline_dag.py
[2026-07-15T10:07:34.823+0000] {processor.py:840} INFO - DAG(s) 'e-commerce_kafka_streaming_pipeline_v10' retrieved from /opt/airflow/dags/sdp_pipeline_dag.py
[2026-07-15T10:07:34.849+0000] {logging_mixin.py:188} INFO - [2026-07-15T10:07:34.849+0000] {dag.py:3096} INFO - Sync 1 DAGs
[2026-07-15T10:07:34.868+0000] {logging_mixin.py:188} INFO - [2026-07-15T10:07:34.868+0000] {dag.py:3954} INFO - Setting next_dagrun for e-commerce_kafka_streaming_pipeline_v10 to 2026-07-15 10:00:00+00:00, run_after=2026-07-15 11:00:00+00:00
[2026-07-15T10:07:34.887+0000] {processor.py:183} INFO - Processing /opt/airflow/dags/sdp_pipeline_dag.py took 0.092 seconds
[2026-07-15T10:08:05.108+0000] {processor.py:161} INFO - Started process (PID=577) to work on /opt/airflow/dags/sdp_pipeline_dag.py
[2026-07-15T10:08:05.110+0000] {processor.py:830} INFO - Processing file /opt/airflow/dags/sdp_pipeline_dag.py for tasks to queue
[2026-07-15T10:08:05.114+0000] {logging_mixin.py:188} INFO - [2026-07-15T10:08:05.113+0000] {dagbag.py:540} INFO - Filling up the DagBag from /opt/airflow/dags/sdp_pipeline_dag.py
[2026-07-15T10:08:05.140+0000] {processor.py:840} INFO - DAG(s) 'e-commerce_kafka_streaming_pipeline_v10' retrieved from /opt/airflow/dags/sdp_pipeline_dag.py
[2026-07-15T10:08:05.174+0000] {logging_mixin.py:188} INFO - [2026-07-15T10:08:05.173+0000] {dag.py:3096} INFO - Sync 1 DAGs
[2026-07-15T10:08:05.201+0000] {logging_mixin.py:188} INFO - [2026-07-15T10:08:05.201+0000] {dag.py:3954} INFO - Setting next_dagrun for e-commerce_kafka_streaming_pipeline_v10 to 2026-07-15 10:00:00+00:00, run_after=2026-07-15 11:00:00+00:00
[2026-07-15T10:08:05.223+0000] {processor.py:183} INFO - Processing /opt/airflow/dags/sdp_pipeline_dag.py took 0.128 seconds
[2026-07-15T10:08:35.355+0000] {processor.py:161} INFO - Started process (PID=582) to work on /opt/airflow/dags/sdp_pipeline_dag.py
[2026-07-15T10:08:35.356+0000] {processor.py:830} INFO - Processing file /opt/airflow/dags/sdp_pipeline_dag.py for tasks to queue
[2026-07-15T10:08:35.358+0000] {logging_mixin.py:188} INFO - [2026-07-15T10:08:35.357+0000] {dagbag.py:540} INFO - Filling up the DagBag from /opt/airflow/dags/sdp_pipeline_dag.py
[2026-07-15T10:08:35.379+0000] {processor.py:840} INFO - DAG(s) 'e-commerce_kafka_streaming_pipeline_v10' retrieved from /opt/airflow/dags/sdp_pipeline_dag.py
[2026-07-15T10:08:35.405+0000] {logging_mixin.py:188} INFO - [2026-07-15T10:08:35.404+0000] {dag.py:3096} INFO - Sync 1 DAGs
[2026-07-15T10:08:35.424+0000] {logging_mixin.py:188} INFO - [2026-07-15T10:08:35.424+0000] {dag.py:3954} INFO - Setting next_dagrun for e-commerce_kafka_streaming_pipeline_v10 to 2026-07-15 10:00:00+00:00, run_after=2026-07-15 11:00:00+00:00
[2026-07-15T10:08:35.446+0000] {processor.py:183} INFO - Processing /opt/airflow/dags/sdp_pipeline_dag.py took 0.096 seconds
[2026-07-15T10:09:05.536+0000] {processor.py:161} INFO - Started process (PID=587) to work on /opt/airflow/dags/sdp_pipeline_dag.py
[2026-07-15T10:09:05.538+0000] {processor.py:830} INFO - Processing file /opt/airflow/dags/sdp_pipeline_dag.py for tasks to queue
[2026-07-15T10:09:05.540+0000] {logging_mixin.py:188} INFO - [2026-07-15T10:09:05.539+0000] {dagbag.py:540} INFO - Filling up the DagBag from /opt/airflow/dags/sdp_pipeline_dag.py
[2026-07-15T10:09:05.556+0000] {processor.py:840} INFO - DAG(s) 'e-commerce_kafka_streaming_pipeline_v10' retrieved from /opt/airflow/dags/sdp_pipeline_dag.py
[2026-07-15T10:09:05.583+0000] {logging_mixin.py:188} INFO - [2026-07-15T10:09:05.583+0000] {dag.py:3096} INFO - Sync 1 DAGs
[2026-07-15T10:09:05.603+0000] {logging_mixin.py:188} INFO - [2026-07-15T10:09:05.603+0000] {dag.py:3954} INFO - Setting next_dagrun for e-commerce_kafka_streaming_pipeline_v10 to 2026-07-15 10:00:00+00:00, run_after=2026-07-15 11:00:00+00:00
[2026-07-15T10:09:05.621+0000] {processor.py:183} INFO - Processing /opt/airflow/dags/sdp_pipeline_dag.py took 0.090 seconds
[2026-07-15T10:09:35.720+0000] {processor.py:161} INFO - Started process (PID=592) to work on /opt/airflow/dags/sdp_pipeline_dag.py
[2026-07-15T10:09:35.722+0000] {processor.py:830} INFO - Processing file /opt/airflow/dags/sdp_pipeline_dag.py for tasks to queue
[2026-07-15T10:09:35.724+0000] {logging_mixin.py:188} INFO - [2026-07-15T10:09:35.723+0000] {dagbag.py:540} INFO - Filling up the DagBag from /opt/airflow/dags/sdp_pipeline_dag.py
[2026-07-15T10:09:35.742+0000] {processor.py:840} INFO - DAG(s) 'e-commerce_kafka_streaming_pipeline_v10' retrieved from /opt/airflow/dags/sdp_pipeline_dag.py
[2026-07-15T10:09:35.767+0000] {logging_mixin.py:188} INFO - [2026-07-15T10:09:35.767+0000] {dag.py:3096} INFO - Sync 1 DAGs
[2026-07-15T10:09:35.789+0000] {logging_mixin.py:188} INFO - [2026-07-15T10:09:35.788+0000] {dag.py:3954} INFO - Setting next_dagrun for e-commerce_kafka_streaming_pipeline_v10 to 2026-07-15 10:00:00+00:00, run_after=2026-07-15 11:00:00+00:00
[2026-07-15T10:09:35.808+0000] {processor.py:183} INFO - Processing /opt/airflow/dags/sdp_pipeline_dag.py took 0.094 seconds
[2026-07-15T10:10:05.904+0000] {processor.py:161} INFO - Started process (PID=597) to work on /opt/airflow/dags/sdp_pipeline_dag.py
[2026-07-15T10:10:05.905+0000] {processor.py:830} INFO - Processing file /opt/airflow/dags/sdp_pipeline_dag.py for tasks to queue
[2026-07-15T10:10:05.907+0000] {logging_mixin.py:188} INFO - [2026-07-15T10:10:05.906+0000] {dagbag.py:540} INFO - Filling up the DagBag from /opt/airflow/dags/sdp_pipeline_dag.py
[2026-07-15T10:10:05.925+0000] {processor.py:840} INFO - DAG(s) 'e-commerce_kafka_streaming_pipeline_v10' retrieved from /opt/airflow/dags/sdp_pipeline_dag.py
[2026-07-15T10:10:05.950+0000] {logging_mixin.py:188} INFO - [2026-07-15T10:10:05.950+0000] {dag.py:3096} INFO - Sync 1 DAGs
[2026-07-15T10:10:05.974+0000] {logging_mixin.py:188} INFO - [2026-07-15T10:10:05.974+0000] {dag.py:3954} INFO - Setting next_dagrun for e-commerce_kafka_streaming_pipeline_v10 to 2026-07-15 10:00:00+00:00, run_after=2026-07-15 11:00:00+00:00
[2026-07-15T10:10:05.992+0000] {processor.py:183} INFO - Processing /opt/airflow/dags/sdp_pipeline_dag.py took 0.094 seconds
[2026-07-15T10:10:36.065+0000] {processor.py:161} INFO - Started process (PID=602) to work on /opt/airflow/dags/sdp_pipeline_dag.py
[2026-07-15T10:10:36.066+0000] {processor.py:830} INFO - Processing file /opt/airflow/dags/sdp_pipeline_dag.py for tasks to queue
[2026-07-15T10:10:36.068+0000] {logging_mixin.py:188} INFO - [2026-07-15T10:10:36.067+0000] {dagbag.py:540} INFO - Filling up the DagBag from /opt/airflow/dags/sdp_pipeline_dag.py
[2026-07-15T10:10:36.087+0000] {processor.py:840} INFO - DAG(s) 'e-commerce_kafka_streaming_pipeline_v10' retrieved from /opt/airflow/dags/sdp_pipeline_dag.py
[2026-07-15T10:10:36.112+0000] {logging_mixin.py:188} INFO - [2026-07-15T10:10:36.112+0000] {dag.py:3096} INFO - Sync 1 DAGs
[2026-07-15T10:10:36.135+0000] {logging_mixin.py:188} INFO - [2026-07-15T10:10:36.135+0000] {dag.py:3954} INFO - Setting next_dagrun for e-commerce_kafka_streaming_pipeline_v10 to 2026-07-15 10:00:00+00:00, run_after=2026-07-15 11:00:00+00:00
[2026-07-15T10:10:36.154+0000] {processor.py:183} INFO - Processing /opt/airflow/dags/sdp_pipeline_dag.py took 0.094 seconds
[2026-07-15T10:11:06.270+0000] {processor.py:161} INFO - Started process (PID=607) to work on /opt/airflow/dags/sdp_pipeline_dag.py
[2026-07-15T10:11:06.271+0000] {processor.py:830} INFO - Processing file /opt/airflow/dags/sdp_pipeline_dag.py for tasks to queue
[2026-07-15T10:11:06.273+0000] {logging_mixin.py:188} INFO - [2026-07-15T10:11:06.273+0000] {dagbag.py:540} INFO - Filling up the DagBag from /opt/airflow/dags/sdp_pipeline_dag.py
[2026-07-15T10:11:06.295+0000] {processor.py:840} INFO - DAG(s) 'e-commerce_kafka_streaming_pipeline_v10' retrieved from /opt/airflow/dags/sdp_pipeline_dag.py
[2026-07-15T10:11:06.321+0000] {logging_mixin.py:188} INFO - [2026-07-15T10:11:06.320+0000] {dag.py:3096} INFO - Sync 1 DAGs
[2026-07-15T10:11:06.344+0000] {logging_mixin.py:188} INFO - [2026-07-15T10:11:06.343+0000] {dag.py:3954} INFO - Setting next_dagrun for e-commerce_kafka_streaming_pipeline_v10 to 2026-07-15 10:00:00+00:00, run_after=2026-07-15 11:00:00+00:00
[2026-07-15T10:11:06.365+0000] {processor.py:183} INFO - Processing /opt/airflow/dags/sdp_pipeline_dag.py took 0.100 seconds
[2026-07-15T10:11:36.461+0000] {processor.py:161} INFO - Started process (PID=612) to work on /opt/airflow/dags/sdp_pipeline_dag.py
[2026-07-15T10:11:36.463+0000] {processor.py:830} INFO - Processing file /opt/airflow/dags/sdp_pipeline_dag.py for tasks to queue
[2026-07-15T10:11:36.466+0000] {logging_mixin.py:188} INFO - [2026-07-15T10:11:36.465+0000] {dagbag.py:540} INFO - Filling up the DagBag from /opt/airflow/dags/sdp_pipeline_dag.py
[2026-07-15T10:11:36.488+0000] {processor.py:840} INFO - DAG(s) 'e-commerce_kafka_streaming_pipeline_v10' retrieved from /opt/airflow/dags/sdp_pipeline_dag.py
[2026-07-15T10:11:36.515+0000] {logging_mixin.py:188} INFO - [2026-07-15T10:11:36.514+0000] {dag.py:3096} INFO - Sync 1 DAGs
[2026-07-15T10:11:36.536+0000] {logging_mixin.py:188} INFO - [2026-07-15T10:11:36.535+0000] {dag.py:3954} INFO - Setting next_dagrun for e-commerce_kafka_streaming_pipeline_v10 to 2026-07-15 10:00:00+00:00, run_after=2026-07-15 11:00:00+00:00
[2026-07-15T10:11:36.559+0000] {processor.py:183} INFO - Processing /opt/airflow/dags/sdp_pipeline_dag.py took 0.105 seconds
[2026-07-15T10:12:06.611+0000] {processor.py:161} INFO - Started process (PID=617) to work on /opt/airflow/dags/sdp_pipeline_dag.py
[2026-07-15T10:12:06.612+0000] {processor.py:830} INFO - Processing file /opt/airflow/dags/sdp_pipeline_dag.py for tasks to queue
[2026-07-15T10:12:06.614+0000] {logging_mixin.py:188} INFO - [2026-07-15T10:12:06.614+0000] {dagbag.py:540} INFO - Filling up the DagBag from /opt/airflow/dags/sdp_pipeline_dag.py
[2026-07-15T10:12:06.633+0000] {processor.py:840} INFO - DAG(s) 'e-commerce_kafka_streaming_pipeline_v10' retrieved from /opt/airflow/dags/sdp_pipeline_dag.py
[2026-07-15T10:12:06.682+0000] {logging_mixin.py:188} INFO - [2026-07-15T10:12:06.682+0000] {dag.py:3096} INFO - Sync 1 DAGs
[2026-07-15T10:12:06.709+0000] {logging_mixin.py:188} INFO - [2026-07-15T10:12:06.709+0000] {dag.py:3954} INFO - Setting next_dagrun for e-commerce_kafka_streaming_pipeline_v10 to 2026-07-15 10:00:00+00:00, run_after=2026-07-15 11:00:00+00:00
[2026-07-15T10:12:06.733+0000] {processor.py:183} INFO - Processing /opt/airflow/dags/sdp_pipeline_dag.py took 0.129 seconds
[2026-07-15T10:12:36.868+0000] {processor.py:161} INFO - Started process (PID=622) to work on /opt/airflow/dags/sdp_pipeline_dag.py
[2026-07-15T10:12:36.870+0000] {processor.py:830} INFO - Processing file /opt/airflow/dags/sdp_pipeline_dag.py for tasks to queue
[2026-07-15T10:12:36.873+0000] {logging_mixin.py:188} INFO - [2026-07-15T10:12:36.873+0000] {dagbag.py:540} INFO - Filling up the DagBag from /opt/airflow/dags/sdp_pipeline_dag.py
[2026-07-15T10:12:36.904+0000] {processor.py:840} INFO - DAG(s) 'e-commerce_kafka_streaming_pipeline_v10' retrieved from /opt/airflow/dags/sdp_pipeline_dag.py
[2026-07-15T10:12:36.939+0000] {logging_mixin.py:188} INFO - [2026-07-15T10:12:36.939+0000] {dag.py:3096} INFO - Sync 1 DAGs
[2026-07-15T10:12:36.963+0000] {logging_mixin.py:188} INFO - [2026-07-15T10:12:36.963+0000] {dag.py:3954} INFO - Setting next_dagrun for e-commerce_kafka_streaming_pipeline_v10 to 2026-07-15 10:00:00+00:00, run_after=2026-07-15 11:00:00+00:00
[2026-07-15T10:12:36.983+0000] {processor.py:183} INFO - Processing /opt/airflow/dags/sdp_pipeline_dag.py took 0.122 seconds
[2026-07-15T10:13:07.130+0000] {processor.py:161} INFO - Started process (PID=627) to work on /opt/airflow/dags/sdp_pipeline_dag.py
[2026-07-15T10:13:07.131+0000] {processor.py:830} INFO - Processing file /opt/airflow/dags/sdp_pipeline_dag.py for tasks to queue
[2026-07-15T10:13:07.134+0000] {logging_mixin.py:188} INFO - [2026-07-15T10:13:07.133+0000] {dagbag.py:540} INFO - Filling up the DagBag from /opt/airflow/dags/sdp_pipeline_dag.py
[2026-07-15T10:13:07.154+0000] {processor.py:840} INFO - DAG(s) 'e-commerce_kafka_streaming_pipeline_v10' retrieved from /opt/airflow/dags/sdp_pipeline_dag.py
[2026-07-15T10:13:07.178+0000] {logging_mixin.py:188} INFO - [2026-07-15T10:13:07.178+0000] {dag.py:3096} INFO - Sync 1 DAGs
[2026-07-15T10:13:07.200+0000] {logging_mixin.py:188} INFO - [2026-07-15T10:13:07.200+0000] {dag.py:3954} INFO - Setting next_dagrun for e-commerce_kafka_streaming_pipeline_v10 to 2026-07-15 10:00:00+00:00, run_after=2026-07-15 11:00:00+00:00
[2026-07-15T10:13:07.218+0000] {processor.py:183} INFO - Processing /opt/airflow/dags/sdp_pipeline_dag.py took 0.094 seconds
[2026-07-15T10:13:37.431+0000] {processor.py:161} INFO - Started process (PID=632) to work on /opt/airflow/dags/sdp_pipeline_dag.py
[2026-07-15T10:13:37.433+0000] {processor.py:830} INFO - Processing file /opt/airflow/dags/sdp_pipeline_dag.py for tasks to queue
[2026-07-15T10:13:37.435+0000] {logging_mixin.py:188} INFO - [2026-07-15T10:13:37.434+0000] {dagbag.py:540} INFO - Filling up the DagBag from /opt/airflow/dags/sdp_pipeline_dag.py
[2026-07-15T10:13:37.454+0000] {processor.py:840} INFO - DAG(s) 'e-commerce_kafka_streaming_pipeline_v10' retrieved from /opt/airflow/dags/sdp_pipeline_dag.py
[2026-07-15T10:13:37.478+0000] {logging_mixin.py:188} INFO - [2026-07-15T10:13:37.478+0000] {dag.py:3096} INFO - Sync 1 DAGs
[2026-07-15T10:13:37.499+0000] {logging_mixin.py:188} INFO - [2026-07-15T10:13:37.499+0000] {dag.py:3954} INFO - Setting next_dagrun for e-commerce_kafka_streaming_pipeline_v10 to 2026-07-15 10:00:00+00:00, run_after=2026-07-15 11:00:00+00:00
[2026-07-15T10:13:37.519+0000] {processor.py:183} INFO - Processing /opt/airflow/dags/sdp_pipeline_dag.py took 0.093 seconds
[2026-07-15T10:14:07.646+0000] {processor.py:161} INFO - Started process (PID=637) to work on /opt/airflow/dags/sdp_pipeline_dag.py
[2026-07-15T10:14:07.647+0000] {processor.py:830} INFO - Processing file /opt/airflow/dags/sdp_pipeline_dag.py for tasks to queue
[2026-07-15T10:14:07.649+0000] {logging_mixin.py:188} INFO - [2026-07-15T10:14:07.649+0000] {dagbag.py:540} INFO - Filling up the DagBag from /opt/airflow/dags/sdp_pipeline_dag.py
[2026-07-15T10:14:07.666+0000] {processor.py:840} INFO - DAG(s) 'e-commerce_kafka_streaming_pipeline_v10' retrieved from /opt/airflow/dags/sdp_pipeline_dag.py
[2026-07-15T10:14:07.691+0000] {logging_mixin.py:188} INFO - [2026-07-15T10:14:07.691+0000] {dag.py:3096} INFO - Sync 1 DAGs
[2026-07-15T10:14:07.715+0000] {logging_mixin.py:188} INFO - [2026-07-15T10:14:07.715+0000] {dag.py:3954} INFO - Setting next_dagrun for e-commerce_kafka_streaming_pipeline_v10 to 2026-07-15 10:00:00+00:00, run_after=2026-07-15 11:00:00+00:00
[2026-07-15T10:14:07.739+0000] {processor.py:183} INFO - Processing /opt/airflow/dags/sdp_pipeline_dag.py took 0.098 seconds
[2026-07-15T10:14:37.955+0000] {processor.py:161} INFO - Started process (PID=642) to work on /opt/airflow/dags/sdp_pipeline_dag.py
[2026-07-15T10:14:37.956+0000] {processor.py:830} INFO - Processing file /opt/airflow/dags/sdp_pipeline_dag.py for tasks to queue
[2026-07-15T10:14:37.958+0000] {logging_mixin.py:188} INFO - [2026-07-15T10:14:37.958+0000] {dagbag.py:540} INFO - Filling up the DagBag from /opt/airflow/dags/sdp_pipeline_dag.py
[2026-07-15T10:14:37.974+0000] {processor.py:840} INFO - DAG(s) 'e-commerce_kafka_streaming_pipeline_v10' retrieved from /opt/airflow/dags/sdp_pipeline_dag.py
[2026-07-15T10:14:37.999+0000] {logging_mixin.py:188} INFO - [2026-07-15T10:14:37.998+0000] {dag.py:3096} INFO - Sync 1 DAGs
[2026-07-15T10:14:38.018+0000] {logging_mixin.py:188} INFO - [2026-07-15T10:14:38.018+0000] {dag.py:3954} INFO - Setting next_dagrun for e-commerce_kafka_streaming_pipeline_v10 to 2026-07-15 10:00:00+00:00, run_after=2026-07-15 11:00:00+00:00
[2026-07-15T10:14:38.040+0000] {processor.py:183} INFO - Processing /opt/airflow/dags/sdp_pipeline_dag.py took 0.091 seconds
[2026-07-15T10:15:08.231+0000] {processor.py:161} INFO - Started process (PID=647) to work on /opt/airflow/dags/sdp_pipeline_dag.py
[2026-07-15T10:15:08.232+0000] {processor.py:830} INFO - Processing file /opt/airflow/dags/sdp_pipeline_dag.py for tasks to queue
[2026-07-15T10:15:08.235+0000] {logging_mixin.py:188} INFO - [2026-07-15T10:15:08.234+0000] {dagbag.py:540} INFO - Filling up the DagBag from /opt/airflow/dags/sdp_pipeline_dag.py
[2026-07-15T10:15:08.251+0000] {processor.py:840} INFO - DAG(s) 'e-commerce_kafka_streaming_pipeline_v10' retrieved from /opt/airflow/dags/sdp_pipeline_dag.py
[2026-07-15T10:15:08.278+0000] {logging_mixin.py:188} INFO - [2026-07-15T10:15:08.277+0000] {dag.py:3096} INFO - Sync 1 DAGs
[2026-07-15T10:15:08.302+0000] {logging_mixin.py:188} INFO - [2026-07-15T10:15:08.302+0000] {dag.py:3954} INFO - Setting next_dagrun for e-commerce_kafka_streaming_pipeline_v10 to 2026-07-15 10:00:00+00:00, run_after=2026-07-15 11:00:00+00:00
[2026-07-15T10:15:08.322+0000] {processor.py:183} INFO - Processing /opt/airflow/dags/sdp_pipeline_dag.py took 0.100 seconds
[2026-07-15T10:15:38.477+0000] {processor.py:161} INFO - Started process (PID=652) to work on /opt/airflow/dags/sdp_pipeline_dag.py
[2026-07-15T10:15:38.478+0000] {processor.py:830} INFO - Processing file /opt/airflow/dags/sdp_pipeline_dag.py for tasks to queue
[2026-07-15T10:15:38.481+0000] {logging_mixin.py:188} INFO - [2026-07-15T10:15:38.481+0000] {dagbag.py:540} INFO - Filling up the DagBag from /opt/airflow/dags/sdp_pipeline_dag.py
[2026-07-15T10:15:38.498+0000] {processor.py:840} INFO - DAG(s) 'e-commerce_kafka_streaming_pipeline_v10' retrieved from /opt/airflow/dags/sdp_pipeline_dag.py
[2026-07-15T10:15:38.526+0000] {logging_mixin.py:188} INFO - [2026-07-15T10:15:38.526+0000] {dag.py:3096} INFO - Sync 1 DAGs
[2026-07-15T10:15:38.548+0000] {logging_mixin.py:188} INFO - [2026-07-15T10:15:38.548+0000] {dag.py:3954} INFO - Setting next_dagrun for e-commerce_kafka_streaming_pipeline_v10 to 2026-07-15 10:00:00+00:00, run_after=2026-07-15 11:00:00+00:00
[2026-07-15T10:15:38.567+0000] {processor.py:183} INFO - Processing /opt/airflow/dags/sdp_pipeline_dag.py took 0.099 seconds
[2026-07-15T10:16:08.750+0000] {processor.py:161} INFO - Started process (PID=657) to work on /opt/airflow/dags/sdp_pipeline_dag.py
[2026-07-15T10:16:08.751+0000] {processor.py:830} INFO - Processing file /opt/airflow/dags/sdp_pipeline_dag.py for tasks to queue
[2026-07-15T10:16:08.754+0000] {logging_mixin.py:188} INFO - [2026-07-15T10:16:08.754+0000] {dagbag.py:540} INFO - Filling up the DagBag from /opt/airflow/dags/sdp_pipeline_dag.py
[2026-07-15T10:16:08.777+0000] {processor.py:840} INFO - DAG(s) 'e-commerce_kafka_streaming_pipeline_v10' retrieved from /opt/airflow/dags/sdp_pipeline_dag.py
[2026-07-15T10:16:08.803+0000] {logging_mixin.py:188} INFO - [2026-07-15T10:16:08.802+0000] {dag.py:3096} INFO - Sync 1 DAGs
[2026-07-15T10:16:08.826+0000] {logging_mixin.py:188} INFO - [2026-07-15T10:16:08.826+0000] {dag.py:3954} INFO - Setting next_dagrun for e-commerce_kafka_streaming_pipeline_v10 to 2026-07-15 10:00:00+00:00, run_after=2026-07-15 11:00:00+00:00
[2026-07-15T10:16:08.851+0000] {processor.py:183} INFO - Processing /opt/airflow/dags/sdp_pipeline_dag.py took 0.107 seconds
[2026-07-15T10:16:38.987+0000] {processor.py:161} INFO - Started process (PID=662) to work on /opt/airflow/dags/sdp_pipeline_dag.py
[2026-07-15T10:16:38.988+0000] {processor.py:830} INFO - Processing file /opt/airflow/dags/sdp_pipeline_dag.py for tasks to queue
[2026-07-15T10:16:38.991+0000] {logging_mixin.py:188} INFO - [2026-07-15T10:16:38.990+0000] {dagbag.py:540} INFO - Filling up the DagBag from /opt/airflow/dags/sdp_pipeline_dag.py
[2026-07-15T10:16:39.008+0000] {processor.py:840} INFO - DAG(s) 'e-commerce_kafka_streaming_pipeline_v10' retrieved from /opt/airflow/dags/sdp_pipeline_dag.py
[2026-07-15T10:16:39.038+0000] {logging_mixin.py:188} INFO - [2026-07-15T10:16:39.037+0000] {dag.py:3096} INFO - Sync 1 DAGs
[2026-07-15T10:16:39.059+0000] {logging_mixin.py:188} INFO - [2026-07-15T10:16:39.059+0000] {dag.py:3954} INFO - Setting next_dagrun for e-commerce_kafka_streaming_pipeline_v10 to 2026-07-15 10:00:00+00:00, run_after=2026-07-15 11:00:00+00:00
[2026-07-15T10:16:39.076+0000] {processor.py:183} INFO - Processing /opt/airflow/dags/sdp_pipeline_dag.py took 0.096 seconds
[2026-07-15T10:17:09.248+0000] {processor.py:161} INFO - Started process (PID=667) to work on /opt/airflow/dags/sdp_pipeline_dag.py
[2026-07-15T10:17:09.249+0000] {processor.py:830} INFO - Processing file /opt/airflow/dags/sdp_pipeline_dag.py for tasks to queue
[2026-07-15T10:17:09.254+0000] {logging_mixin.py:188} INFO - [2026-07-15T10:17:09.253+0000] {dagbag.py:540} INFO - Filling up the DagBag from /opt/airflow/dags/sdp_pipeline_dag.py
[2026-07-15T10:17:09.275+0000] {processor.py:840} INFO - DAG(s) 'e-commerce_kafka_streaming_pipeline_v10' retrieved from /opt/airflow/dags/sdp_pipeline_dag.py
[2026-07-15T10:17:09.305+0000] {logging_mixin.py:188} INFO - [2026-07-15T10:17:09.305+0000] {dag.py:3096} INFO - Sync 1 DAGs
[2026-07-15T10:17:09.327+0000] {logging_mixin.py:188} INFO - [2026-07-15T10:17:09.327+0000] {dag.py:3954} INFO - Setting next_dagrun for e-commerce_kafka_streaming_pipeline_v10 to 2026-07-15 10:00:00+00:00, run_after=2026-07-15 11:00:00+00:00
[2026-07-15T10:17:09.348+0000] {processor.py:183} INFO - Processing /opt/airflow/dags/sdp_pipeline_dag.py took 0.109 seconds
[2026-07-15T10:17:39.467+0000] {processor.py:161} INFO - Started process (PID=672) to work on /opt/airflow/dags/sdp_pipeline_dag.py
[2026-07-15T10:17:39.469+0000] {processor.py:830} INFO - Processing file /opt/airflow/dags/sdp_pipeline_dag.py for tasks to queue
[2026-07-15T10:17:39.473+0000] {logging_mixin.py:188} INFO - [2026-07-15T10:17:39.472+0000] {dagbag.py:540} INFO - Filling up the DagBag from /opt/airflow/dags/sdp_pipeline_dag.py
[2026-07-15T10:17:39.500+0000] {processor.py:840} INFO - DAG(s) 'e-commerce_kafka_streaming_pipeline_v10' retrieved from /opt/airflow/dags/sdp_pipeline_dag.py
[2026-07-15T10:17:39.539+0000] {logging_mixin.py:188} INFO - [2026-07-15T10:17:39.539+0000] {dag.py:3096} INFO - Sync 1 DAGs
[2026-07-15T10:17:39.563+0000] {logging_mixin.py:188} INFO - [2026-07-15T10:17:39.563+0000] {dag.py:3954} INFO - Setting next_dagrun for e-commerce_kafka_streaming_pipeline_v10 to 2026-07-15 10:00:00+00:00, run_after=2026-07-15 11:00:00+00:00
[2026-07-15T10:17:39.584+0000] {processor.py:183} INFO - Processing /opt/airflow/dags/sdp_pipeline_dag.py took 0.125 seconds
[2026-07-15T10:18:09.761+0000] {processor.py:161} INFO - Started process (PID=677) to work on /opt/airflow/dags/sdp_pipeline_dag.py
[2026-07-15T10:18:09.762+0000] {processor.py:830} INFO - Processing file /opt/airflow/dags/sdp_pipeline_dag.py for tasks to queue
[2026-07-15T10:18:09.765+0000] {logging_mixin.py:188} INFO - [2026-07-15T10:18:09.764+0000] {dagbag.py:540} INFO - Filling up the DagBag from /opt/airflow/dags/sdp_pipeline_dag.py
[2026-07-15T10:18:09.782+0000] {processor.py:840} INFO - DAG(s) 'e-commerce_kafka_streaming_pipeline_v10' retrieved from /opt/airflow/dags/sdp_pipeline_dag.py
[2026-07-15T10:18:09.808+0000] {logging_mixin.py:188} INFO - [2026-07-15T10:18:09.807+0000] {dag.py:3096} INFO - Sync 1 DAGs
[2026-07-15T10:18:09.831+0000] {logging_mixin.py:188} INFO - [2026-07-15T10:18:09.831+0000] {dag.py:3954} INFO - Setting next_dagrun for e-commerce_kafka_streaming_pipeline_v10 to 2026-07-15 10:00:00+00:00, run_after=2026-07-15 11:00:00+00:00
[2026-07-15T10:18:09.857+0000] {processor.py:183} INFO - Processing /opt/airflow/dags/sdp_pipeline_dag.py took 0.104 seconds
[2026-07-15T10:18:40.000+0000] {processor.py:161} INFO - Started process (PID=682) to work on /opt/airflow/dags/sdp_pipeline_dag.py
[2026-07-15T10:18:40.002+0000] {processor.py:830} INFO - Processing file /opt/airflow/dags/sdp_pipeline_dag.py for tasks to queue
[2026-07-15T10:18:40.005+0000] {logging_mixin.py:188} INFO - [2026-07-15T10:18:40.004+0000] {dagbag.py:540} INFO - Filling up the DagBag from /opt/airflow/dags/sdp_pipeline_dag.py
[2026-07-15T10:18:40.028+0000] {processor.py:840} INFO - DAG(s) 'e-commerce_kafka_streaming_pipeline_v10' retrieved from /opt/airflow/dags/sdp_pipeline_dag.py
[2026-07-15T10:18:40.093+0000] {logging_mixin.py:188} INFO - [2026-07-15T10:18:40.093+0000] {dag.py:3096} INFO - Sync 1 DAGs
[2026-07-15T10:18:40.137+0000] {logging_mixin.py:188} INFO - [2026-07-15T10:18:40.137+0000] {dag.py:3954} INFO - Setting next_dagrun for e-commerce_kafka_streaming_pipeline_v10 to 2026-07-15 10:00:00+00:00, run_after=2026-07-15 11:00:00+00:00
[2026-07-15T10:18:40.157+0000] {processor.py:183} INFO - Processing /opt/airflow/dags/sdp_pipeline_dag.py took 0.164 seconds
[2026-07-15T10:19:10.269+0000] {processor.py:161} INFO - Started process (PID=687) to work on /opt/airflow/dags/sdp_pipeline_dag.py
[2026-07-15T10:19:10.270+0000] {processor.py:830} INFO - Processing file /opt/airflow/dags/sdp_pipeline_dag.py for tasks to queue
[2026-07-15T10:19:10.272+0000] {logging_mixin.py:188} INFO - [2026-07-15T10:19:10.272+0000] {dagbag.py:540} INFO - Filling up the DagBag from /opt/airflow/dags/sdp_pipeline_dag.py
[2026-07-15T10:19:10.292+0000] {processor.py:840} INFO - DAG(s) 'e-commerce_kafka_streaming_pipeline_v10' retrieved from /opt/airflow/dags/sdp_pipeline_dag.py
[2026-07-15T10:19:10.321+0000] {logging_mixin.py:188} INFO - [2026-07-15T10:19:10.321+0000] {dag.py:3096} INFO - Sync 1 DAGs
[2026-07-15T10:19:10.347+0000] {logging_mixin.py:188} INFO - [2026-07-15T10:19:10.347+0000] {dag.py:3954} INFO - Setting next_dagrun for e-commerce_kafka_streaming_pipeline_v10 to 2026-07-15 10:00:00+00:00, run_after=2026-07-15 11:00:00+00:00
[2026-07-15T10:19:10.369+0000] {processor.py:183} INFO - Processing /opt/airflow/dags/sdp_pipeline_dag.py took 0.106 seconds
[2026-07-15T10:19:40.600+0000] {processor.py:161} INFO - Started process (PID=692) to work on /opt/airflow/dags/sdp_pipeline_dag.py
[2026-07-15T10:19:40.601+0000] {processor.py:830} INFO - Processing file /opt/airflow/dags/sdp_pipeline_dag.py for tasks to queue
[2026-07-15T10:19:40.604+0000] {logging_mixin.py:188} INFO - [2026-07-15T10:19:40.604+0000] {dagbag.py:540} INFO - Filling up the DagBag from /opt/airflow/dags/sdp_pipeline_dag.py
[2026-07-15T10:19:40.622+0000] {processor.py:840} INFO - DAG(s) 'e-commerce_kafka_streaming_pipeline_v10' retrieved from /opt/airflow/dags/sdp_pipeline_dag.py
[2026-07-15T10:19:40.646+0000] {logging_mixin.py:188} INFO - [2026-07-15T10:19:40.646+0000] {dag.py:3096} INFO - Sync 1 DAGs
[2026-07-15T10:19:40.666+0000] {logging_mixin.py:188} INFO - [2026-07-15T10:19:40.666+0000] {dag.py:3954} INFO - Setting next_dagrun for e-commerce_kafka_streaming_pipeline_v10 to 2026-07-15 10:00:00+00:00, run_after=2026-07-15 11:00:00+00:00
[2026-07-15T10:19:40.683+0000] {processor.py:183} INFO - Processing /opt/airflow/dags/sdp_pipeline_dag.py took 0.093 seconds
[2026-07-15T10:20:10.838+0000] {processor.py:161} INFO - Started process (PID=697) to work on /opt/airflow/dags/sdp_pipeline_dag.py
[2026-07-15T10:20:10.840+0000] {processor.py:830} INFO - Processing file /opt/airflow/dags/sdp_pipeline_dag.py for tasks to queue
[2026-07-15T10:20:10.842+0000] {logging_mixin.py:188} INFO - [2026-07-15T10:20:10.842+0000] {dagbag.py:540} INFO - Filling up the DagBag from /opt/airflow/dags/sdp_pipeline_dag.py
[2026-07-15T10:20:10.858+0000] {processor.py:840} INFO - DAG(s) 'e-commerce_kafka_streaming_pipeline_v10' retrieved from /opt/airflow/dags/sdp_pipeline_dag.py
[2026-07-15T10:20:10.888+0000] {logging_mixin.py:188} INFO - [2026-07-15T10:20:10.887+0000] {dag.py:3096} INFO - Sync 1 DAGs
[2026-07-15T10:20:10.908+0000] {logging_mixin.py:188} INFO - [2026-07-15T10:20:10.908+0000] {dag.py:3954} INFO - Setting next_dagrun for e-commerce_kafka_streaming_pipeline_v10 to 2026-07-15 10:00:00+00:00, run_after=2026-07-15 11:00:00+00:00
[2026-07-15T10:20:10.927+0000] {processor.py:183} INFO - Processing /opt/airflow/dags/sdp_pipeline_dag.py took 0.094 seconds
[2026-07-15T10:20:41.076+0000] {processor.py:161} INFO - Started process (PID=702) to work on /opt/airflow/dags/sdp_pipeline_dag.py
[2026-07-15T10:20:41.077+0000] {processor.py:830} INFO - Processing file /opt/airflow/dags/sdp_pipeline_dag.py for tasks to queue
[2026-07-15T10:20:41.079+0000] {logging_mixin.py:188} INFO - [2026-07-15T10:20:41.078+0000] {dagbag.py:540} INFO - Filling up the DagBag from /opt/airflow/dags/sdp_pipeline_dag.py
[2026-07-15T10:20:41.096+0000] {processor.py:840} INFO - DAG(s) 'e-commerce_kafka_streaming_pipeline_v10' retrieved from /opt/airflow/dags/sdp_pipeline_dag.py
[2026-07-15T10:20:41.127+0000] {logging_mixin.py:188} INFO - [2026-07-15T10:20:41.126+0000] {dag.py:3096} INFO - Sync 1 DAGs
[2026-07-15T10:20:41.149+0000] {logging_mixin.py:188} INFO - [2026-07-15T10:20:41.149+0000] {dag.py:3954} INFO - Setting next_dagrun for e-commerce_kafka_streaming_pipeline_v10 to 2026-07-15 10:00:00+00:00, run_after=2026-07-15 11:00:00+00:00
[2026-07-15T10:20:41.173+0000] {processor.py:183} INFO - Processing /opt/airflow/dags/sdp_pipeline_dag.py took 0.103 seconds
[2026-07-15T10:21:11.367+0000] {processor.py:161} INFO - Started process (PID=707) to work on /opt/airflow/dags/sdp_pipeline_dag.py
[2026-07-15T10:21:11.368+0000] {processor.py:830} INFO - Processing file /opt/airflow/dags/sdp_pipeline_dag.py for tasks to queue
[2026-07-15T10:21:11.371+0000] {logging_mixin.py:188} INFO - [2026-07-15T10:21:11.370+0000] {dagbag.py:540} INFO - Filling up the DagBag from /opt/airflow/dags/sdp_pipeline_dag.py
[2026-07-15T10:21:11.387+0000] {processor.py:840} INFO - DAG(s) 'e-commerce_kafka_streaming_pipeline_v10' retrieved from /opt/airflow/dags/sdp_pipeline_dag.py
[2026-07-15T10:21:11.413+0000] {logging_mixin.py:188} INFO - [2026-07-15T10:21:11.413+0000] {dag.py:3096} INFO - Sync 1 DAGs
[2026-07-15T10:21:11.434+0000] {logging_mixin.py:188} INFO - [2026-07-15T10:21:11.434+0000] {dag.py:3954} INFO - Setting next_dagrun for e-commerce_kafka_streaming_pipeline_v10 to 2026-07-15 10:00:00+00:00, run_after=2026-07-15 11:00:00+00:00
[2026-07-15T10:21:11.453+0000] {processor.py:183} INFO - Processing /opt/airflow/dags/sdp_pipeline_dag.py took 0.092 seconds
[2026-07-15T10:21:41.669+0000] {processor.py:161} INFO - Started process (PID=717) to work on /opt/airflow/dags/sdp_pipeline_dag.py
[2026-07-15T10:21:41.671+0000] {processor.py:830} INFO - Processing file /opt/airflow/dags/sdp_pipeline_dag.py for tasks to queue
[2026-07-15T10:21:41.674+0000] {logging_mixin.py:188} INFO - [2026-07-15T10:21:41.674+0000] {dagbag.py:540} INFO - Filling up the DagBag from /opt/airflow/dags/sdp_pipeline_dag.py
[2026-07-15T10:21:41.698+0000] {processor.py:840} INFO - DAG(s) 'e-commerce_kafka_streaming_pipeline_v10' retrieved from /opt/airflow/dags/sdp_pipeline_dag.py
[2026-07-15T10:21:41.712+0000] {logging_mixin.py:188} INFO - [2026-07-15T10:21:41.711+0000] {dag.py:3096} INFO - Sync 1 DAGs
[2026-07-15T10:21:41.737+0000] {logging_mixin.py:188} INFO - [2026-07-15T10:21:41.737+0000] {dag.py:3954} INFO - Setting next_dagrun for e-commerce_kafka_streaming_pipeline_v10 to 2026-07-15 10:00:00+00:00, run_after=2026-07-15 11:00:00+00:00
[2026-07-15T10:21:41.759+0000] {processor.py:183} INFO - Processing /opt/airflow/dags/sdp_pipeline_dag.py took 0.096 seconds
[2026-07-15T10:22:11.994+0000] {processor.py:161} INFO - Started process (PID=727) to work on /opt/airflow/dags/sdp_pipeline_dag.py
[2026-07-15T10:22:11.996+0000] {processor.py:830} INFO - Processing file /opt/airflow/dags/sdp_pipeline_dag.py for tasks to queue
[2026-07-15T10:22:11.998+0000] {logging_mixin.py:188} INFO - [2026-07-15T10:22:11.998+0000] {dagbag.py:540} INFO - Filling up the DagBag from /opt/airflow/dags/sdp_pipeline_dag.py
[2026-07-15T10:22:12.020+0000] {processor.py:840} INFO - DAG(s) 'e-commerce_kafka_streaming_pipeline_v10' retrieved from /opt/airflow/dags/sdp_pipeline_dag.py
[2026-07-15T10:22:12.138+0000] {logging_mixin.py:188} INFO - [2026-07-15T10:22:12.137+0000] {dag.py:3096} INFO - Sync 1 DAGs
[2026-07-15T10:22:12.163+0000] {logging_mixin.py:188} INFO - [2026-07-15T10:22:12.163+0000] {dag.py:3954} INFO - Setting next_dagrun for e-commerce_kafka_streaming_pipeline_v10 to 2026-07-15 10:00:00+00:00, run_after=2026-07-15 11:00:00+00:00
[2026-07-15T10:22:12.187+0000] {processor.py:183} INFO - Processing /opt/airflow/dags/sdp_pipeline_dag.py took 0.200 seconds
[2026-07-15T10:22:42.328+0000] {processor.py:161} INFO - Started process (PID=742) to work on /opt/airflow/dags/sdp_pipeline_dag.py
[2026-07-15T10:22:42.329+0000] {processor.py:830} INFO - Processing file /opt/airflow/dags/sdp_pipeline_dag.py for tasks to queue
[2026-07-15T10:22:42.331+0000] {logging_mixin.py:188} INFO - [2026-07-15T10:22:42.331+0000] {dagbag.py:540} INFO - Filling up the DagBag from /opt/airflow/dags/sdp_pipeline_dag.py
[2026-07-15T10:22:42.348+0000] {processor.py:840} INFO - DAG(s) 'e-commerce_kafka_streaming_pipeline_v10' retrieved from /opt/airflow/dags/sdp_pipeline_dag.py
[2026-07-15T10:22:42.372+0000] {logging_mixin.py:188} INFO - [2026-07-15T10:22:42.372+0000] {dag.py:3096} INFO - Sync 1 DAGs
[2026-07-15T10:22:42.393+0000] {logging_mixin.py:188} INFO - [2026-07-15T10:22:42.393+0000] {dag.py:3954} INFO - Setting next_dagrun for e-commerce_kafka_streaming_pipeline_v10 to 2026-07-15 10:00:00+00:00, run_after=2026-07-15 11:00:00+00:00
[2026-07-15T10:22:42.413+0000] {processor.py:183} INFO - Processing /opt/airflow/dags/sdp_pipeline_dag.py took 0.091 seconds
[2026-07-15T10:23:12.665+0000] {processor.py:161} INFO - Started process (PID=752) to work on /opt/airflow/dags/sdp_pipeline_dag.py
[2026-07-15T10:23:12.667+0000] {processor.py:830} INFO - Processing file /opt/airflow/dags/sdp_pipeline_dag.py for tasks to queue
[2026-07-15T10:23:12.669+0000] {logging_mixin.py:188} INFO - [2026-07-15T10:23:12.669+0000] {dagbag.py:540} INFO - Filling up the DagBag from /opt/airflow/dags/sdp_pipeline_dag.py
[2026-07-15T10:23:12.685+0000] {processor.py:840} INFO - DAG(s) 'e-commerce_kafka_streaming_pipeline_v10' retrieved from /opt/airflow/dags/sdp_pipeline_dag.py
[2026-07-15T10:23:12.697+0000] {logging_mixin.py:188} INFO - [2026-07-15T10:23:12.697+0000] {dag.py:3096} INFO - Sync 1 DAGs
[2026-07-15T10:23:12.724+0000] {logging_mixin.py:188} INFO - [2026-07-15T10:23:12.723+0000] {dag.py:3954} INFO - Setting next_dagrun for e-commerce_kafka_streaming_pipeline_v10 to 2026-07-15 10:00:00+00:00, run_after=2026-07-15 11:00:00+00:00
[2026-07-15T10:23:12.745+0000] {processor.py:183} INFO - Processing /opt/airflow/dags/sdp_pipeline_dag.py took 0.086 seconds
[2026-07-15T10:23:42.995+0000] {processor.py:161} INFO - Started process (PID=762) to work on /opt/airflow/dags/sdp_pipeline_dag.py
[2026-07-15T10:23:42.997+0000] {processor.py:830} INFO - Processing file /opt/airflow/dags/sdp_pipeline_dag.py for tasks to queue
[2026-07-15T10:23:43.000+0000] {logging_mixin.py:188} INFO - [2026-07-15T10:23:43.000+0000] {dagbag.py:540} INFO - Filling up the DagBag from /opt/airflow/dags/sdp_pipeline_dag.py
[2026-07-15T10:23:43.025+0000] {processor.py:840} INFO - DAG(s) 'e-commerce_kafka_streaming_pipeline_v10' retrieved from /opt/airflow/dags/sdp_pipeline_dag.py
[2026-07-15T10:23:43.121+0000] {logging_mixin.py:188} INFO - [2026-07-15T10:23:43.121+0000] {dag.py:3096} INFO - Sync 1 DAGs
[2026-07-15T10:23:43.140+0000] {logging_mixin.py:188} INFO - [2026-07-15T10:23:43.140+0000] {dag.py:3954} INFO - Setting next_dagrun for e-commerce_kafka_streaming_pipeline_v10 to 2026-07-15 10:00:00+00:00, run_after=2026-07-15 11:00:00+00:00
[2026-07-15T10:23:43.163+0000] {processor.py:183} INFO - Processing /opt/airflow/dags/sdp_pipeline_dag.py took 0.175 seconds
[2026-07-15T10:24:13.478+0000] {processor.py:161} INFO - Started process (PID=781) to work on /opt/airflow/dags/sdp_pipeline_dag.py
[2026-07-15T10:24:13.479+0000] {processor.py:830} INFO - Processing file /opt/airflow/dags/sdp_pipeline_dag.py for tasks to queue
[2026-07-15T10:24:13.483+0000] {logging_mixin.py:188} INFO - [2026-07-15T10:24:13.482+0000] {dagbag.py:540} INFO - Filling up the DagBag from /opt/airflow/dags/sdp_pipeline_dag.py
[2026-07-15T10:24:13.501+0000] {processor.py:840} INFO - DAG(s) 'e-commerce_kafka_streaming_pipeline_v10' retrieved from /opt/airflow/dags/sdp_pipeline_dag.py
[2026-07-15T10:24:13.528+0000] {logging_mixin.py:188} INFO - [2026-07-15T10:24:13.528+0000] {dag.py:3096} INFO - Sync 1 DAGs
[2026-07-15T10:24:13.554+0000] {logging_mixin.py:188} INFO - [2026-07-15T10:24:13.554+0000] {dag.py:3954} INFO - Setting next_dagrun for e-commerce_kafka_streaming_pipeline_v10 to 2026-07-15 10:00:00+00:00, run_after=2026-07-15 11:00:00+00:00
[2026-07-15T10:24:13.578+0000] {processor.py:183} INFO - Processing /opt/airflow/dags/sdp_pipeline_dag.py took 0.107 seconds
[2026-07-15T10:24:43.821+0000] {processor.py:161} INFO - Started process (PID=791) to work on /opt/airflow/dags/sdp_pipeline_dag.py
[2026-07-15T10:24:43.823+0000] {processor.py:830} INFO - Processing file /opt/airflow/dags/sdp_pipeline_dag.py for tasks to queue
[2026-07-15T10:24:43.825+0000] {logging_mixin.py:188} INFO - [2026-07-15T10:24:43.824+0000] {dagbag.py:540} INFO - Filling up the DagBag from /opt/airflow/dags/sdp_pipeline_dag.py
[2026-07-15T10:24:43.842+0000] {processor.py:840} INFO - DAG(s) 'e-commerce_kafka_streaming_pipeline_v10' retrieved from /opt/airflow/dags/sdp_pipeline_dag.py
[2026-07-15T10:24:43.866+0000] {logging_mixin.py:188} INFO - [2026-07-15T10:24:43.866+0000] {dag.py:3096} INFO - Sync 1 DAGs
[2026-07-15T10:24:43.885+0000] {logging_mixin.py:188} INFO - [2026-07-15T10:24:43.885+0000] {dag.py:3954} INFO - Setting next_dagrun for e-commerce_kafka_streaming_pipeline_v10 to 2026-07-15 10:00:00+00:00, run_after=2026-07-15 11:00:00+00:00
[2026-07-15T10:24:43.904+0000] {processor.py:183} INFO - Processing /opt/airflow/dags/sdp_pipeline_dag.py took 0.088 seconds
[2026-07-15T10:25:14.160+0000] {processor.py:161} INFO - Started process (PID=801) to work on /opt/airflow/dags/sdp_pipeline_dag.py
[2026-07-15T10:25:14.161+0000] {processor.py:830} INFO - Processing file /opt/airflow/dags/sdp_pipeline_dag.py for tasks to queue
[2026-07-15T10:25:14.163+0000] {logging_mixin.py:188} INFO - [2026-07-15T10:25:14.163+0000] {dagbag.py:540} INFO - Filling up the DagBag from /opt/airflow/dags/sdp_pipeline_dag.py
[2026-07-15T10:25:14.181+0000] {processor.py:840} INFO - DAG(s) 'e-commerce_kafka_streaming_pipeline_v10' retrieved from /opt/airflow/dags/sdp_pipeline_dag.py
[2026-07-15T10:25:14.206+0000] {logging_mixin.py:188} INFO - [2026-07-15T10:25:14.206+0000] {dag.py:3096} INFO - Sync 1 DAGs
[2026-07-15T10:25:14.226+0000] {logging_mixin.py:188} INFO - [2026-07-15T10:25:14.226+0000] {dag.py:3954} INFO - Setting next_dagrun for e-commerce_kafka_streaming_pipeline_v10 to 2026-07-15 10:00:00+00:00, run_after=2026-07-15 11:00:00+00:00
[2026-07-15T10:25:14.246+0000] {processor.py:183} INFO - Processing /opt/airflow/dags/sdp_pipeline_dag.py took 0.093 seconds
[2026-07-15T10:25:44.498+0000] {processor.py:161} INFO - Started process (PID=811) to work on /opt/airflow/dags/sdp_pipeline_dag.py
[2026-07-15T10:25:44.499+0000] {processor.py:830} INFO - Processing file /opt/airflow/dags/sdp_pipeline_dag.py for tasks to queue
[2026-07-15T10:25:44.501+0000] {logging_mixin.py:188} INFO - [2026-07-15T10:25:44.501+0000] {dagbag.py:540} INFO - Filling up the DagBag from /opt/airflow/dags/sdp_pipeline_dag.py
[2026-07-15T10:25:44.517+0000] {processor.py:840} INFO - DAG(s) 'e-commerce_kafka_streaming_pipeline_v10' retrieved from /opt/airflow/dags/sdp_pipeline_dag.py
[2026-07-15T10:25:44.543+0000] {logging_mixin.py:188} INFO - [2026-07-15T10:25:44.543+0000] {dag.py:3096} INFO - Sync 1 DAGs
[2026-07-15T10:25:44.563+0000] {logging_mixin.py:188} INFO - [2026-07-15T10:25:44.563+0000] {dag.py:3954} INFO - Setting next_dagrun for e-commerce_kafka_streaming_pipeline_v10 to 2026-07-15 10:00:00+00:00, run_after=2026-07-15 11:00:00+00:00
[2026-07-15T10:25:44.582+0000] {processor.py:183} INFO - Processing /opt/airflow/dags/sdp_pipeline_dag.py took 0.091 seconds
[2026-07-15T10:26:14.855+0000] {processor.py:161} INFO - Started process (PID=821) to work on /opt/airflow/dags/sdp_pipeline_dag.py
[2026-07-15T10:26:14.856+0000] {processor.py:830} INFO - Processing file /opt/airflow/dags/sdp_pipeline_dag.py for tasks to queue
[2026-07-15T10:26:14.858+0000] {logging_mixin.py:188} INFO - [2026-07-15T10:26:14.858+0000] {dagbag.py:540} INFO - Filling up the DagBag from /opt/airflow/dags/sdp_pipeline_dag.py
[2026-07-15T10:26:14.875+0000] {processor.py:840} INFO - DAG(s) 'e-commerce_kafka_streaming_pipeline_v10' retrieved from /opt/airflow/dags/sdp_pipeline_dag.py
[2026-07-15T10:26:14.901+0000] {logging_mixin.py:188} INFO - [2026-07-15T10:26:14.901+0000] {dag.py:3096} INFO - Sync 1 DAGs
[2026-07-15T10:26:14.927+0000] {logging_mixin.py:188} INFO - [2026-07-15T10:26:14.926+0000] {dag.py:3954} INFO - Setting next_dagrun for e-commerce_kafka_streaming_pipeline_v10 to 2026-07-15 10:00:00+00:00, run_after=2026-07-15 11:00:00+00:00
[2026-07-15T10:26:14.949+0000] {processor.py:183} INFO - Processing /opt/airflow/dags/sdp_pipeline_dag.py took 0.099 seconds
[2026-07-15T10:26:45.259+0000] {processor.py:161} INFO - Started process (PID=831) to work on /opt/airflow/dags/sdp_pipeline_dag.py
[2026-07-15T10:26:45.261+0000] {processor.py:830} INFO - Processing file /opt/airflow/dags/sdp_pipeline_dag.py for tasks to queue
[2026-07-15T10:26:45.264+0000] {logging_mixin.py:188} INFO - [2026-07-15T10:26:45.263+0000] {dagbag.py:540} INFO - Filling up the DagBag from /opt/airflow/dags/sdp_pipeline_dag.py
[2026-07-15T10:26:45.289+0000] {processor.py:840} INFO - DAG(s) 'e-commerce_kafka_streaming_pipeline_v10' retrieved from /opt/airflow/dags/sdp_pipeline_dag.py
[2026-07-15T10:26:45.321+0000] {logging_mixin.py:188} INFO - [2026-07-15T10:26:45.320+0000] {dag.py:3096} INFO - Sync 1 DAGs
[2026-07-15T10:26:45.344+0000] {logging_mixin.py:188} INFO - [2026-07-15T10:26:45.343+0000] {dag.py:3954} INFO - Setting next_dagrun for e-commerce_kafka_streaming_pipeline_v10 to 2026-07-15 10:00:00+00:00, run_after=2026-07-15 11:00:00+00:00
[2026-07-15T10:26:45.363+0000] {processor.py:183} INFO - Processing /opt/airflow/dags/sdp_pipeline_dag.py took 0.112 seconds
[2026-07-15T10:27:15.621+0000] {processor.py:161} INFO - Started process (PID=841) to work on /opt/airflow/dags/sdp_pipeline_dag.py
[2026-07-15T10:27:15.624+0000] {processor.py:830} INFO - Processing file /opt/airflow/dags/sdp_pipeline_dag.py for tasks to queue
[2026-07-15T10:27:15.626+0000] {logging_mixin.py:188} INFO - [2026-07-15T10:27:15.626+0000] {dagbag.py:540} INFO - Filling up the DagBag from /opt/airflow/dags/sdp_pipeline_dag.py
[2026-07-15T10:27:15.648+0000] {processor.py:840} INFO - DAG(s) 'e-commerce_kafka_streaming_pipeline_v10' retrieved from /opt/airflow/dags/sdp_pipeline_dag.py
[2026-07-15T10:27:15.684+0000] {logging_mixin.py:188} INFO - [2026-07-15T10:27:15.683+0000] {dag.py:3096} INFO - Sync 1 DAGs
[2026-07-15T10:27:15.709+0000] {logging_mixin.py:188} INFO - [2026-07-15T10:27:15.709+0000] {dag.py:3954} INFO - Setting next_dagrun for e-commerce_kafka_streaming_pipeline_v10 to 2026-07-15 10:00:00+00:00, run_after=2026-07-15 11:00:00+00:00
[2026-07-15T10:27:15.730+0000] {processor.py:183} INFO - Processing /opt/airflow/dags/sdp_pipeline_dag.py took 0.115 seconds
[2026-07-15T10:27:45.982+0000] {processor.py:161} INFO - Started process (PID=851) to work on /opt/airflow/dags/sdp_pipeline_dag.py
[2026-07-15T10:27:45.983+0000] {processor.py:830} INFO - Processing file /opt/airflow/dags/sdp_pipeline_dag.py for tasks to queue
[2026-07-15T10:27:45.985+0000] {logging_mixin.py:188} INFO - [2026-07-15T10:27:45.985+0000] {dagbag.py:540} INFO - Filling up the DagBag from /opt/airflow/dags/sdp_pipeline_dag.py
[2026-07-15T10:27:46.005+0000] {processor.py:840} INFO - DAG(s) 'e-commerce_kafka_streaming_pipeline_v10' retrieved from /opt/airflow/dags/sdp_pipeline_dag.py
[2026-07-15T10:27:46.036+0000] {logging_mixin.py:188} INFO - [2026-07-15T10:27:46.036+0000] {dag.py:3096} INFO - Sync 1 DAGs
[2026-07-15T10:27:46.063+0000] {logging_mixin.py:188} INFO - [2026-07-15T10:27:46.062+0000] {dag.py:3954} INFO - Setting next_dagrun for e-commerce_kafka_streaming_pipeline_v10 to 2026-07-15 10:00:00+00:00, run_after=2026-07-15 11:00:00+00:00
[2026-07-15T10:27:46.082+0000] {processor.py:183} INFO - Processing /opt/airflow/dags/sdp_pipeline_dag.py took 0.107 seconds
[2026-07-15T10:28:16.313+0000] {processor.py:161} INFO - Started process (PID=861) to work on /opt/airflow/dags/sdp_pipeline_dag.py
[2026-07-15T10:28:16.315+0000] {processor.py:830} INFO - Processing file /opt/airflow/dags/sdp_pipeline_dag.py for tasks to queue
[2026-07-15T10:28:16.318+0000] {logging_mixin.py:188} INFO - [2026-07-15T10:28:16.317+0000] {dagbag.py:540} INFO - Filling up the DagBag from /opt/airflow/dags/sdp_pipeline_dag.py
[2026-07-15T10:28:16.341+0000] {processor.py:840} INFO - DAG(s) 'e-commerce_kafka_streaming_pipeline_v10' retrieved from /opt/airflow/dags/sdp_pipeline_dag.py
[2026-07-15T10:28:16.366+0000] {logging_mixin.py:188} INFO - [2026-07-15T10:28:16.366+0000] {dag.py:3096} INFO - Sync 1 DAGs
[2026-07-15T10:28:16.385+0000] {logging_mixin.py:188} INFO - [2026-07-15T10:28:16.385+0000] {dag.py:3954} INFO - Setting next_dagrun for e-commerce_kafka_streaming_pipeline_v10 to 2026-07-15 10:00:00+00:00, run_after=2026-07-15 11:00:00+00:00
[2026-07-15T10:28:16.401+0000] {processor.py:183} INFO - Processing /opt/airflow/dags/sdp_pipeline_dag.py took 0.096 seconds
[2026-07-15T10:28:46.661+0000] {processor.py:161} INFO - Started process (PID=871) to work on /opt/airflow/dags/sdp_pipeline_dag.py
[2026-07-15T10:28:46.662+0000] {processor.py:830} INFO - Processing file /opt/airflow/dags/sdp_pipeline_dag.py for tasks to queue
[2026-07-15T10:28:46.665+0000] {logging_mixin.py:188} INFO - [2026-07-15T10:28:46.664+0000] {dagbag.py:540} INFO - Filling up the DagBag from /opt/airflow/dags/sdp_pipeline_dag.py
[2026-07-15T10:28:46.682+0000] {processor.py:840} INFO - DAG(s) 'e-commerce_kafka_streaming_pipeline_v10' retrieved from /opt/airflow/dags/sdp_pipeline_dag.py
[2026-07-15T10:28:46.711+0000] {logging_mixin.py:188} INFO - [2026-07-15T10:28:46.711+0000] {dag.py:3096} INFO - Sync 1 DAGs
[2026-07-15T10:28:46.736+0000] {logging_mixin.py:188} INFO - [2026-07-15T10:28:46.736+0000] {dag.py:3954} INFO - Setting next_dagrun for e-commerce_kafka_streaming_pipeline_v10 to 2026-07-15 10:00:00+00:00, run_after=2026-07-15 11:00:00+00:00
[2026-07-15T10:28:46.757+0000] {processor.py:183} INFO - Processing /opt/airflow/dags/sdp_pipeline_dag.py took 0.102 seconds
[2026-07-15T10:29:17.029+0000] {processor.py:161} INFO - Started process (PID=881) to work on /opt/airflow/dags/sdp_pipeline_dag.py
[2026-07-15T10:29:17.031+0000] {processor.py:830} INFO - Processing file /opt/airflow/dags/sdp_pipeline_dag.py for tasks to queue
[2026-07-15T10:29:17.034+0000] {logging_mixin.py:188} INFO - [2026-07-15T10:29:17.034+0000] {dagbag.py:540} INFO - Filling up the DagBag from /opt/airflow/dags/sdp_pipeline_dag.py
[2026-07-15T10:29:17.063+0000] {processor.py:840} INFO - DAG(s) 'e-commerce_kafka_streaming_pipeline_v10' retrieved from /opt/airflow/dags/sdp_pipeline_dag.py
[2026-07-15T10:29:17.100+0000] {logging_mixin.py:188} INFO - [2026-07-15T10:29:17.100+0000] {dag.py:3096} INFO - Sync 1 DAGs
[2026-07-15T10:29:17.130+0000] {logging_mixin.py:188} INFO - [2026-07-15T10:29:17.129+0000] {dag.py:3954} INFO - Setting next_dagrun for e-commerce_kafka_streaming_pipeline_v10 to 2026-07-15 10:00:00+00:00, run_after=2026-07-15 11:00:00+00:00
[2026-07-15T10:29:17.158+0000] {processor.py:183} INFO - Processing /opt/airflow/dags/sdp_pipeline_dag.py took 0.136 seconds
[2026-07-15T10:29:47.265+0000] {processor.py:161} INFO - Started process (PID=891) to work on /opt/airflow/dags/sdp_pipeline_dag.py
[2026-07-15T10:29:47.267+0000] {processor.py:830} INFO - Processing file /opt/airflow/dags/sdp_pipeline_dag.py for tasks to queue
[2026-07-15T10:29:47.269+0000] {logging_mixin.py:188} INFO - [2026-07-15T10:29:47.269+0000] {dagbag.py:540} INFO - Filling up the DagBag from /opt/airflow/dags/sdp_pipeline_dag.py
[2026-07-15T10:29:47.286+0000] {processor.py:840} INFO - DAG(s) 'e-commerce_kafka_streaming_pipeline_v10' retrieved from /opt/airflow/dags/sdp_pipeline_dag.py
[2026-07-15T10:29:47.331+0000] {logging_mixin.py:188} INFO - [2026-07-15T10:29:47.330+0000] {dag.py:3096} INFO - Sync 1 DAGs
[2026-07-15T10:29:47.358+0000] {logging_mixin.py:188} INFO - [2026-07-15T10:29:47.357+0000] {dag.py:3954} INFO - Setting next_dagrun for e-commerce_kafka_streaming_pipeline_v10 to 2026-07-15 10:00:00+00:00, run_after=2026-07-15 11:00:00+00:00
[2026-07-15T10:29:47.379+0000] {processor.py:183} INFO - Processing /opt/airflow/dags/sdp_pipeline_dag.py took 0.120 seconds
[2026-07-15T10:30:17.625+0000] {processor.py:161} INFO - Started process (PID=901) to work on /opt/airflow/dags/sdp_pipeline_dag.py
[2026-07-15T10:30:17.626+0000] {processor.py:830} INFO - Processing file /opt/airflow/dags/sdp_pipeline_dag.py for tasks to queue
[2026-07-15T10:30:17.628+0000] {logging_mixin.py:188} INFO - [2026-07-15T10:30:17.627+0000] {dagbag.py:540} INFO - Filling up the DagBag from /opt/airflow/dags/sdp_pipeline_dag.py
[2026-07-15T10:30:17.643+0000] {processor.py:840} INFO - DAG(s) 'e-commerce_kafka_streaming_pipeline_v10' retrieved from /opt/airflow/dags/sdp_pipeline_dag.py
[2026-07-15T10:30:17.670+0000] {logging_mixin.py:188} INFO - [2026-07-15T10:30:17.670+0000] {dag.py:3096} INFO - Sync 1 DAGs
[2026-07-15T10:30:17.693+0000] {logging_mixin.py:188} INFO - [2026-07-15T10:30:17.693+0000] {dag.py:3954} INFO - Setting next_dagrun for e-commerce_kafka_streaming_pipeline_v10 to 2026-07-15 10:00:00+00:00, run_after=2026-07-15 11:00:00+00:00
[2026-07-15T10:30:17.713+0000] {processor.py:183} INFO - Processing /opt/airflow/dags/sdp_pipeline_dag.py took 0.093 seconds
[2026-07-15T10:30:47.983+0000] {processor.py:161} INFO - Started process (PID=911) to work on /opt/airflow/dags/sdp_pipeline_dag.py
[2026-07-15T10:30:47.984+0000] {processor.py:830} INFO - Processing file /opt/airflow/dags/sdp_pipeline_dag.py for tasks to queue
[2026-07-15T10:30:47.986+0000] {logging_mixin.py:188} INFO - [2026-07-15T10:30:47.986+0000] {dagbag.py:540} INFO - Filling up the DagBag from /opt/airflow/dags/sdp_pipeline_dag.py
[2026-07-15T10:30:48.003+0000] {processor.py:840} INFO - DAG(s) 'e-commerce_kafka_streaming_pipeline_v10' retrieved from /opt/airflow/dags/sdp_pipeline_dag.py
[2026-07-15T10:30:48.029+0000] {logging_mixin.py:188} INFO - [2026-07-15T10:30:48.029+0000] {dag.py:3096} INFO - Sync 1 DAGs
[2026-07-15T10:30:48.051+0000] {logging_mixin.py:188} INFO - [2026-07-15T10:30:48.050+0000] {dag.py:3954} INFO - Setting next_dagrun for e-commerce_kafka_streaming_pipeline_v10 to 2026-07-15 10:00:00+00:00, run_after=2026-07-15 11:00:00+00:00
[2026-07-15T10:30:48.076+0000] {processor.py:183} INFO - Processing /opt/airflow/dags/sdp_pipeline_dag.py took 0.098 seconds
[2026-07-15T10:31:18.304+0000] {processor.py:161} INFO - Started process (PID=925) to work on /opt/airflow/dags/sdp_pipeline_dag.py
[2026-07-15T10:31:18.305+0000] {processor.py:830} INFO - Processing file /opt/airflow/dags/sdp_pipeline_dag.py for tasks to queue
[2026-07-15T10:31:18.306+0000] {logging_mixin.py:188} INFO - [2026-07-15T10:31:18.306+0000] {dagbag.py:540} INFO - Filling up the DagBag from /opt/airflow/dags/sdp_pipeline_dag.py
[2026-07-15T10:31:18.321+0000] {processor.py:840} INFO - DAG(s) 'e-commerce_kafka_streaming_pipeline_v10' retrieved from /opt/airflow/dags/sdp_pipeline_dag.py
[2026-07-15T10:31:18.343+0000] {logging_mixin.py:188} INFO - [2026-07-15T10:31:18.343+0000] {dag.py:3096} INFO - Sync 1 DAGs
[2026-07-15T10:31:18.361+0000] {logging_mixin.py:188} INFO - [2026-07-15T10:31:18.361+0000] {dag.py:3954} INFO - Setting next_dagrun for e-commerce_kafka_streaming_pipeline_v10 to 2026-07-15 10:00:00+00:00, run_after=2026-07-15 11:00:00+00:00
[2026-07-15T10:31:18.379+0000] {processor.py:183} INFO - Processing /opt/airflow/dags/sdp_pipeline_dag.py took 0.081 seconds
[2026-07-15T10:31:48.682+0000] {processor.py:161} INFO - Started process (PID=935) to work on /opt/airflow/dags/sdp_pipeline_dag.py
[2026-07-15T10:31:48.683+0000] {processor.py:830} INFO - Processing file /opt/airflow/dags/sdp_pipeline_dag.py for tasks to queue
[2026-07-15T10:31:48.685+0000] {logging_mixin.py:188} INFO - [2026-07-15T10:31:48.684+0000] {dagbag.py:540} INFO - Filling up the DagBag from /opt/airflow/dags/sdp_pipeline_dag.py
[2026-07-15T10:31:48.703+0000] {processor.py:840} INFO - DAG(s) 'e-commerce_kafka_streaming_pipeline_v10' retrieved from /opt/airflow/dags/sdp_pipeline_dag.py
[2026-07-15T10:31:48.728+0000] {logging_mixin.py:188} INFO - [2026-07-15T10:31:48.728+0000] {dag.py:3096} INFO - Sync 1 DAGs
[2026-07-15T10:31:48.750+0000] {logging_mixin.py:188} INFO - [2026-07-15T10:31:48.750+0000] {dag.py:3954} INFO - Setting next_dagrun for e-commerce_kafka_streaming_pipeline_v10 to 2026-07-15 10:00:00+00:00, run_after=2026-07-15 11:00:00+00:00
[2026-07-15T10:31:48.772+0000] {processor.py:183} INFO - Processing /opt/airflow/dags/sdp_pipeline_dag.py took 0.095 seconds
[2026-07-15T10:32:18.925+0000] {processor.py:161} INFO - Started process (PID=940) to work on /opt/airflow/dags/sdp_pipeline_dag.py
[2026-07-15T10:32:18.926+0000] {processor.py:830} INFO - Processing file /opt/airflow/dags/sdp_pipeline_dag.py for tasks to queue
[2026-07-15T10:32:18.927+0000] {logging_mixin.py:188} INFO - [2026-07-15T10:32:18.927+0000] {dagbag.py:540} INFO - Filling up the DagBag from /opt/airflow/dags/sdp_pipeline_dag.py
[2026-07-15T10:32:18.943+0000] {processor.py:840} INFO - DAG(s) 'e-commerce_kafka_streaming_pipeline_v10' retrieved from /opt/airflow/dags/sdp_pipeline_dag.py
[2026-07-15T10:32:18.970+0000] {logging_mixin.py:188} INFO - [2026-07-15T10:32:18.969+0000] {dag.py:3096} INFO - Sync 1 DAGs
[2026-07-15T10:32:18.989+0000] {logging_mixin.py:188} INFO - [2026-07-15T10:32:18.989+0000] {dag.py:3954} INFO - Setting next_dagrun for e-commerce_kafka_streaming_pipeline_v10 to 2026-07-15 10:00:00+00:00, run_after=2026-07-15 11:00:00+00:00
[2026-07-15T10:32:19.007+0000] {processor.py:183} INFO - Processing /opt/airflow/dags/sdp_pipeline_dag.py took 0.089 seconds
[2026-07-15T10:32:49.208+0000] {processor.py:161} INFO - Started process (PID=945) to work on /opt/airflow/dags/sdp_pipeline_dag.py
[2026-07-15T10:32:49.210+0000] {processor.py:830} INFO - Processing file /opt/airflow/dags/sdp_pipeline_dag.py for tasks to queue
[2026-07-15T10:32:49.212+0000] {logging_mixin.py:188} INFO - [2026-07-15T10:32:49.211+0000] {dagbag.py:540} INFO - Filling up the DagBag from /opt/airflow/dags/sdp_pipeline_dag.py
[2026-07-15T10:32:49.239+0000] {processor.py:840} INFO - DAG(s) 'e-commerce_kafka_streaming_pipeline_v10' retrieved from /opt/airflow/dags/sdp_pipeline_dag.py
[2026-07-15T10:32:49.270+0000] {logging_mixin.py:188} INFO - [2026-07-15T10:32:49.270+0000] {dag.py:3096} INFO - Sync 1 DAGs
[2026-07-15T10:32:49.297+0000] {logging_mixin.py:188} INFO - [2026-07-15T10:32:49.297+0000] {dag.py:3954} INFO - Setting next_dagrun for e-commerce_kafka_streaming_pipeline_v10 to 2026-07-15 10:00:00+00:00, run_after=2026-07-15 11:00:00+00:00
[2026-07-15T10:32:49.320+0000] {processor.py:183} INFO - Processing /opt/airflow/dags/sdp_pipeline_dag.py took 0.125 seconds
[2026-07-15T10:33:19.429+0000] {processor.py:161} INFO - Started process (PID=950) to work on /opt/airflow/dags/sdp_pipeline_dag.py
[2026-07-15T10:33:19.431+0000] {processor.py:830} INFO - Processing file /opt/airflow/dags/sdp_pipeline_dag.py for tasks to queue
[2026-07-15T10:33:19.433+0000] {logging_mixin.py:188} INFO - [2026-07-15T10:33:19.432+0000] {dagbag.py:540} INFO - Filling up the DagBag from /opt/airflow/dags/sdp_pipeline_dag.py
[2026-07-15T10:33:19.451+0000] {processor.py:840} INFO - DAG(s) 'e-commerce_kafka_streaming_pipeline_v10' retrieved from /opt/airflow/dags/sdp_pipeline_dag.py
[2026-07-15T10:33:19.484+0000] {logging_mixin.py:188} INFO - [2026-07-15T10:33:19.484+0000] {dag.py:3096} INFO - Sync 1 DAGs
[2026-07-15T10:33:19.509+0000] {logging_mixin.py:188} INFO - [2026-07-15T10:33:19.509+0000] {dag.py:3954} INFO - Setting next_dagrun for e-commerce_kafka_streaming_pipeline_v10 to 2026-07-15 10:00:00+00:00, run_after=2026-07-15 11:00:00+00:00
[2026-07-15T10:33:19.532+0000] {processor.py:183} INFO - Processing /opt/airflow/dags/sdp_pipeline_dag.py took 0.109 seconds
[2026-07-15T10:33:49.711+0000] {processor.py:161} INFO - Started process (PID=955) to work on /opt/airflow/dags/sdp_pipeline_dag.py
[2026-07-15T10:33:49.712+0000] {processor.py:830} INFO - Processing file /opt/airflow/dags/sdp_pipeline_dag.py for tasks to queue
[2026-07-15T10:33:49.713+0000] {logging_mixin.py:188} INFO - [2026-07-15T10:33:49.713+0000] {dagbag.py:540} INFO - Filling up the DagBag from /opt/airflow/dags/sdp_pipeline_dag.py
[2026-07-15T10:33:49.729+0000] {processor.py:840} INFO - DAG(s) 'e-commerce_kafka_streaming_pipeline_v10' retrieved from /opt/airflow/dags/sdp_pipeline_dag.py
[2026-07-15T10:33:49.754+0000] {logging_mixin.py:188} INFO - [2026-07-15T10:33:49.754+0000] {dag.py:3096} INFO - Sync 1 DAGs
[2026-07-15T10:33:49.774+0000] {logging_mixin.py:188} INFO - [2026-07-15T10:33:49.774+0000] {dag.py:3954} INFO - Setting next_dagrun for e-commerce_kafka_streaming_pipeline_v10 to 2026-07-15 10:00:00+00:00, run_after=2026-07-15 11:00:00+00:00
[2026-07-15T10:33:49.792+0000] {processor.py:183} INFO - Processing /opt/airflow/dags/sdp_pipeline_dag.py took 0.087 seconds
[2026-07-15T10:34:19.935+0000] {processor.py:161} INFO - Started process (PID=960) to work on /opt/airflow/dags/sdp_pipeline_dag.py
[2026-07-15T10:34:19.936+0000] {processor.py:830} INFO - Processing file /opt/airflow/dags/sdp_pipeline_dag.py for tasks to queue
[2026-07-15T10:34:19.938+0000] {logging_mixin.py:188} INFO - [2026-07-15T10:34:19.937+0000] {dagbag.py:540} INFO - Filling up the DagBag from /opt/airflow/dags/sdp_pipeline_dag.py
[2026-07-15T10:34:19.954+0000] {processor.py:840} INFO - DAG(s) 'e-commerce_kafka_streaming_pipeline_v10' retrieved from /opt/airflow/dags/sdp_pipeline_dag.py
[2026-07-15T10:34:19.982+0000] {logging_mixin.py:188} INFO - [2026-07-15T10:34:19.982+0000] {dag.py:3096} INFO - Sync 1 DAGs
[2026-07-15T10:34:20.002+0000] {logging_mixin.py:188} INFO - [2026-07-15T10:34:20.002+0000] {dag.py:3954} INFO - Setting next_dagrun for e-commerce_kafka_streaming_pipeline_v10 to 2026-07-15 10:00:00+00:00, run_after=2026-07-15 11:00:00+00:00
[2026-07-15T10:34:20.020+0000] {processor.py:183} INFO - Processing /opt/airflow/dags/sdp_pipeline_dag.py took 0.091 seconds
[2026-07-15T10:34:50.209+0000] {processor.py:161} INFO - Started process (PID=965) to work on /opt/airflow/dags/sdp_pipeline_dag.py
[2026-07-15T10:34:50.211+0000] {processor.py:830} INFO - Processing file /opt/airflow/dags/sdp_pipeline_dag.py for tasks to queue
[2026-07-15T10:34:50.214+0000] {logging_mixin.py:188} INFO - [2026-07-15T10:34:50.212+0000] {dagbag.py:540} INFO - Filling up the DagBag from /opt/airflow/dags/sdp_pipeline_dag.py
[2026-07-15T10:34:50.241+0000] {processor.py:840} INFO - DAG(s) 'e-commerce_kafka_streaming_pipeline_v10' retrieved from /opt/airflow/dags/sdp_pipeline_dag.py
[2026-07-15T10:34:50.278+0000] {logging_mixin.py:188} INFO - [2026-07-15T10:34:50.278+0000] {dag.py:3096} INFO - Sync 1 DAGs
[2026-07-15T10:34:50.316+0000] {logging_mixin.py:188} INFO - [2026-07-15T10:34:50.316+0000] {dag.py:3954} INFO - Setting next_dagrun for e-commerce_kafka_streaming_pipeline_v10 to 2026-07-15 10:00:00+00:00, run_after=2026-07-15 11:00:00+00:00
[2026-07-15T10:34:50.345+0000] {processor.py:183} INFO - Processing /opt/airflow/dags/sdp_pipeline_dag.py took 0.143 seconds
[2026-07-15T10:35:20.457+0000] {processor.py:161} INFO - Started process (PID=970) to work on /opt/airflow/dags/sdp_pipeline_dag.py
[2026-07-15T10:35:20.459+0000] {processor.py:830} INFO - Processing file /opt/airflow/dags/sdp_pipeline_dag.py for tasks to queue
[2026-07-15T10:35:20.460+0000] {logging_mixin.py:188} INFO - [2026-07-15T10:35:20.460+0000] {dagbag.py:540} INFO - Filling up the DagBag from /opt/airflow/dags/sdp_pipeline_dag.py
[2026-07-15T10:35:20.483+0000] {processor.py:840} INFO - DAG(s) 'e-commerce_kafka_streaming_pipeline_v10' retrieved from /opt/airflow/dags/sdp_pipeline_dag.py
[2026-07-15T10:35:20.512+0000] {logging_mixin.py:188} INFO - [2026-07-15T10:35:20.511+0000] {dag.py:3096} INFO - Sync 1 DAGs
[2026-07-15T10:35:20.534+0000] {logging_mixin.py:188} INFO - [2026-07-15T10:35:20.534+0000] {dag.py:3954} INFO - Setting next_dagrun for e-commerce_kafka_streaming_pipeline_v10 to 2026-07-15 10:00:00+00:00, run_after=2026-07-15 11:00:00+00:00
[2026-07-15T10:35:20.559+0000] {processor.py:183} INFO - Processing /opt/airflow/dags/sdp_pipeline_dag.py took 0.110 seconds
[2026-07-15T10:35:50.727+0000] {processor.py:161} INFO - Started process (PID=975) to work on /opt/airflow/dags/sdp_pipeline_dag.py
[2026-07-15T10:35:50.728+0000] {processor.py:830} INFO - Processing file /opt/airflow/dags/sdp_pipeline_dag.py for tasks to queue
[2026-07-15T10:35:50.730+0000] {logging_mixin.py:188} INFO - [2026-07-15T10:35:50.729+0000] {dagbag.py:540} INFO - Filling up the DagBag from /opt/airflow/dags/sdp_pipeline_dag.py
[2026-07-15T10:35:50.747+0000] {processor.py:840} INFO - DAG(s) 'e-commerce_kafka_streaming_pipeline_v10' retrieved from /opt/airflow/dags/sdp_pipeline_dag.py
[2026-07-15T10:35:50.772+0000] {logging_mixin.py:188} INFO - [2026-07-15T10:35:50.771+0000] {dag.py:3096} INFO - Sync 1 DAGs
[2026-07-15T10:35:50.793+0000] {logging_mixin.py:188} INFO - [2026-07-15T10:35:50.793+0000] {dag.py:3954} INFO - Setting next_dagrun for e-commerce_kafka_streaming_pipeline_v10 to 2026-07-15 10:00:00+00:00, run_after=2026-07-15 11:00:00+00:00
[2026-07-15T10:35:50.812+0000] {processor.py:183} INFO - Processing /opt/airflow/dags/sdp_pipeline_dag.py took 0.091 seconds
[2026-07-15T10:36:16.909+0000] {processor.py:161} INFO - Started process (PID=980) to work on /opt/airflow/dags/sdp_pipeline_dag.py
[2026-07-15T10:36:16.910+0000] {processor.py:830} INFO - Processing file /opt/airflow/dags/sdp_pipeline_dag.py for tasks to queue
[2026-07-15T10:36:16.912+0000] {logging_mixin.py:188} INFO - [2026-07-15T10:36:16.912+0000] {dagbag.py:540} INFO - Filling up the DagBag from /opt/airflow/dags/sdp_pipeline_dag.py
[2026-07-15T10:36:16.939+0000] {processor.py:840} INFO - DAG(s) 'e-commerce_kafka_streaming_pipeline_v10' retrieved from /opt/airflow/dags/sdp_pipeline_dag.py
[2026-07-15T10:36:16.975+0000] {logging_mixin.py:188} INFO - [2026-07-15T10:36:16.975+0000] {dag.py:3096} INFO - Sync 1 DAGs
[2026-07-15T10:36:17.011+0000] {logging_mixin.py:188} INFO - [2026-07-15T10:36:17.010+0000] {dag.py:3954} INFO - Setting next_dagrun for e-commerce_kafka_streaming_pipeline_v10 to 2026-07-15 10:00:00+00:00, run_after=2026-07-15 11:00:00+00:00
[2026-07-15T10:36:17.041+0000] {processor.py:183} INFO - Processing /opt/airflow/dags/sdp_pipeline_dag.py took 0.139 seconds
[2026-07-15T10:36:47.248+0000] {processor.py:161} INFO - Started process (PID=1050) to work on /opt/airflow/dags/sdp_pipeline_dag.py
[2026-07-15T10:36:47.262+0000] {processor.py:830} INFO - Processing file /opt/airflow/dags/sdp_pipeline_dag.py for tasks to queue
[2026-07-15T10:36:47.265+0000] {logging_mixin.py:188} INFO - [2026-07-15T10:36:47.264+0000] {dagbag.py:540} INFO - Filling up the DagBag from /opt/airflow/dags/sdp_pipeline_dag.py
[2026-07-15T10:36:47.353+0000] {processor.py:840} INFO - DAG(s) 'e-commerce_kafka_streaming_pipeline_v10' retrieved from /opt/airflow/dags/sdp_pipeline_dag.py
[2026-07-15T10:36:47.465+0000] {logging_mixin.py:188} INFO - [2026-07-15T10:36:47.465+0000] {dag.py:3096} INFO - Sync 1 DAGs
[2026-07-15T10:36:47.529+0000] {logging_mixin.py:188} INFO - [2026-07-15T10:36:47.528+0000] {dag.py:3954} INFO - Setting next_dagrun for e-commerce_kafka_streaming_pipeline_v10 to 2026-07-15 10:00:00+00:00, run_after=2026-07-15 11:00:00+00:00
[2026-07-15T10:36:47.566+0000] {processor.py:183} INFO - Processing /opt/airflow/dags/sdp_pipeline_dag.py took 0.387 seconds
[2026-07-15T10:37:18.177+0000] {processor.py:161} INFO - Started process (PID=1077) to work on /opt/airflow/dags/sdp_pipeline_dag.py
[2026-07-15T10:37:18.179+0000] {processor.py:830} INFO - Processing file /opt/airflow/dags/sdp_pipeline_dag.py for tasks to queue
[2026-07-15T10:37:18.180+0000] {logging_mixin.py:188} INFO - [2026-07-15T10:37:18.180+0000] {dagbag.py:540} INFO - Filling up the DagBag from /opt/airflow/dags/sdp_pipeline_dag.py
[2026-07-15T10:37:18.201+0000] {processor.py:840} INFO - DAG(s) 'e-commerce_kafka_streaming_pipeline_v10' retrieved from /opt/airflow/dags/sdp_pipeline_dag.py
[2026-07-15T10:37:18.237+0000] {logging_mixin.py:188} INFO - [2026-07-15T10:37:18.237+0000] {dag.py:3096} INFO - Sync 1 DAGs
[2026-07-15T10:37:18.261+0000] {logging_mixin.py:188} INFO - [2026-07-15T10:37:18.261+0000] {dag.py:3954} INFO - Setting next_dagrun for e-commerce_kafka_streaming_pipeline_v10 to 2026-07-15 10:00:00+00:00, run_after=2026-07-15 11:00:00+00:00
[2026-07-15T10:37:18.280+0000] {processor.py:183} INFO - Processing /opt/airflow/dags/sdp_pipeline_dag.py took 0.111 seconds
[2026-07-15T10:37:48.865+0000] {processor.py:161} INFO - Started process (PID=1102) to work on /opt/airflow/dags/sdp_pipeline_dag.py
[2026-07-15T10:37:48.867+0000] {processor.py:830} INFO - Processing file /opt/airflow/dags/sdp_pipeline_dag.py for tasks to queue
[2026-07-15T10:37:48.868+0000] {logging_mixin.py:188} INFO - [2026-07-15T10:37:48.868+0000] {dagbag.py:540} INFO - Filling up the DagBag from /opt/airflow/dags/sdp_pipeline_dag.py
[2026-07-15T10:37:48.889+0000] {processor.py:840} INFO - DAG(s) 'e-commerce_kafka_streaming_pipeline_v10' retrieved from /opt/airflow/dags/sdp_pipeline_dag.py
[2026-07-15T10:37:48.922+0000] {logging_mixin.py:188} INFO - [2026-07-15T10:37:48.922+0000] {dag.py:3096} INFO - Sync 1 DAGs
[2026-07-15T10:37:48.945+0000] {logging_mixin.py:188} INFO - [2026-07-15T10:37:48.944+0000] {dag.py:3954} INFO - Setting next_dagrun for e-commerce_kafka_streaming_pipeline_v10 to 2026-07-15 10:00:00+00:00, run_after=2026-07-15 11:00:00+00:00
[2026-07-15T10:37:48.966+0000] {processor.py:183} INFO - Processing /opt/airflow/dags/sdp_pipeline_dag.py took 0.107 seconds
[2026-07-15T10:38:19.594+0000] {processor.py:161} INFO - Started process (PID=1127) to work on /opt/airflow/dags/sdp_pipeline_dag.py
[2026-07-15T10:38:19.595+0000] {processor.py:830} INFO - Processing file /opt/airflow/dags/sdp_pipeline_dag.py for tasks to queue
[2026-07-15T10:38:19.597+0000] {logging_mixin.py:188} INFO - [2026-07-15T10:38:19.596+0000] {dagbag.py:540} INFO - Filling up the DagBag from /opt/airflow/dags/sdp_pipeline_dag.py
[2026-07-15T10:38:19.615+0000] {processor.py:840} INFO - DAG(s) 'e-commerce_kafka_streaming_pipeline_v10' retrieved from /opt/airflow/dags/sdp_pipeline_dag.py
[2026-07-15T10:38:19.644+0000] {logging_mixin.py:188} INFO - [2026-07-15T10:38:19.644+0000] {dag.py:3096} INFO - Sync 1 DAGs
[2026-07-15T10:38:19.666+0000] {logging_mixin.py:188} INFO - [2026-07-15T10:38:19.666+0000] {dag.py:3954} INFO - Setting next_dagrun for e-commerce_kafka_streaming_pipeline_v10 to 2026-07-15 10:00:00+00:00, run_after=2026-07-15 11:00:00+00:00
[2026-07-15T10:38:19.688+0000] {processor.py:183} INFO - Processing /opt/airflow/dags/sdp_pipeline_dag.py took 0.101 seconds
[2026-07-15T10:38:50.422+0000] {processor.py:161} INFO - Started process (PID=1148) to work on /opt/airflow/dags/sdp_pipeline_dag.py
[2026-07-15T10:38:50.423+0000] {processor.py:830} INFO - Processing file /opt/airflow/dags/sdp_pipeline_dag.py for tasks to queue
[2026-07-15T10:38:50.425+0000] {logging_mixin.py:188} INFO - [2026-07-15T10:38:50.424+0000] {dagbag.py:540} INFO - Filling up the DagBag from /opt/airflow/dags/sdp_pipeline_dag.py
[2026-07-15T10:38:50.454+0000] {processor.py:840} INFO - DAG(s) 'e-commerce_kafka_streaming_pipeline_v10' retrieved from /opt/airflow/dags/sdp_pipeline_dag.py
[2026-07-15T10:38:50.491+0000] {logging_mixin.py:188} INFO - [2026-07-15T10:38:50.491+0000] {dag.py:3096} INFO - Sync 1 DAGs
[2026-07-15T10:38:50.522+0000] {logging_mixin.py:188} INFO - [2026-07-15T10:38:50.522+0000] {dag.py:3954} INFO - Setting next_dagrun for e-commerce_kafka_streaming_pipeline_v10 to 2026-07-15 10:00:00+00:00, run_after=2026-07-15 11:00:00+00:00
[2026-07-15T10:38:50.545+0000] {processor.py:183} INFO - Processing /opt/airflow/dags/sdp_pipeline_dag.py took 0.132 seconds
[2026-07-15T10:39:21.049+0000] {processor.py:161} INFO - Started process (PID=1168) to work on /opt/airflow/dags/sdp_pipeline_dag.py
[2026-07-15T10:39:21.050+0000] {processor.py:830} INFO - Processing file /opt/airflow/dags/sdp_pipeline_dag.py for tasks to queue
[2026-07-15T10:39:21.052+0000] {logging_mixin.py:188} INFO - [2026-07-15T10:39:21.051+0000] {dagbag.py:540} INFO - Filling up the DagBag from /opt/airflow/dags/sdp_pipeline_dag.py
[2026-07-15T10:39:21.069+0000] {processor.py:840} INFO - DAG(s) 'e-commerce_kafka_streaming_pipeline_v10' retrieved from /opt/airflow/dags/sdp_pipeline_dag.py
[2026-07-15T10:39:21.102+0000] {logging_mixin.py:188} INFO - [2026-07-15T10:39:21.102+0000] {dag.py:3096} INFO - Sync 1 DAGs
[2026-07-15T10:39:21.123+0000] {logging_mixin.py:188} INFO - [2026-07-15T10:39:21.123+0000] {dag.py:3954} INFO - Setting next_dagrun for e-commerce_kafka_streaming_pipeline_v10 to 2026-07-15 10:00:00+00:00, run_after=2026-07-15 11:00:00+00:00
[2026-07-15T10:39:21.141+0000] {processor.py:183} INFO - Processing /opt/airflow/dags/sdp_pipeline_dag.py took 0.097 seconds
[2026-07-15T10:39:51.611+0000] {processor.py:161} INFO - Started process (PID=1188) to work on /opt/airflow/dags/sdp_pipeline_dag.py
[2026-07-15T10:39:51.612+0000] {processor.py:830} INFO - Processing file /opt/airflow/dags/sdp_pipeline_dag.py for tasks to queue
[2026-07-15T10:39:51.613+0000] {logging_mixin.py:188} INFO - [2026-07-15T10:39:51.613+0000] {dagbag.py:540} INFO - Filling up the DagBag from /opt/airflow/dags/sdp_pipeline_dag.py
[2026-07-15T10:39:51.630+0000] {processor.py:840} INFO - DAG(s) 'e-commerce_kafka_streaming_pipeline_v10' retrieved from /opt/airflow/dags/sdp_pipeline_dag.py
[2026-07-15T10:39:51.655+0000] {logging_mixin.py:188} INFO - [2026-07-15T10:39:51.655+0000] {dag.py:3096} INFO - Sync 1 DAGs
[2026-07-15T10:39:51.676+0000] {logging_mixin.py:188} INFO - [2026-07-15T10:39:51.676+0000] {dag.py:3954} INFO - Setting next_dagrun for e-commerce_kafka_streaming_pipeline_v10 to 2026-07-15 10:00:00+00:00, run_after=2026-07-15 11:00:00+00:00
[2026-07-15T10:39:51.694+0000] {processor.py:183} INFO - Processing /opt/airflow/dags/sdp_pipeline_dag.py took 0.090 seconds
[2026-07-15T10:40:22.171+0000] {processor.py:161} INFO - Started process (PID=1208) to work on /opt/airflow/dags/sdp_pipeline_dag.py
[2026-07-15T10:40:22.173+0000] {processor.py:830} INFO - Processing file /opt/airflow/dags/sdp_pipeline_dag.py for tasks to queue
[2026-07-15T10:40:22.174+0000] {logging_mixin.py:188} INFO - [2026-07-15T10:40:22.174+0000] {dagbag.py:540} INFO - Filling up the DagBag from /opt/airflow/dags/sdp_pipeline_dag.py
[2026-07-15T10:40:22.193+0000] {processor.py:840} INFO - DAG(s) 'e-commerce_kafka_streaming_pipeline_v10' retrieved from /opt/airflow/dags/sdp_pipeline_dag.py
[2026-07-15T10:40:22.221+0000] {logging_mixin.py:188} INFO - [2026-07-15T10:40:22.221+0000] {dag.py:3096} INFO - Sync 1 DAGs
[2026-07-15T10:40:22.242+0000] {logging_mixin.py:188} INFO - [2026-07-15T10:40:22.241+0000] {dag.py:3954} INFO - Setting next_dagrun for e-commerce_kafka_streaming_pipeline_v10 to 2026-07-15 10:00:00+00:00, run_after=2026-07-15 11:00:00+00:00
[2026-07-15T10:40:22.259+0000] {processor.py:183} INFO - Processing /opt/airflow/dags/sdp_pipeline_dag.py took 0.095 seconds
[2026-07-15T10:40:52.743+0000] {processor.py:161} INFO - Started process (PID=1228) to work on /opt/airflow/dags/sdp_pipeline_dag.py
[2026-07-15T10:40:52.744+0000] {processor.py:830} INFO - Processing file /opt/airflow/dags/sdp_pipeline_dag.py for tasks to queue
[2026-07-15T10:40:52.745+0000] {logging_mixin.py:188} INFO - [2026-07-15T10:40:52.745+0000] {dagbag.py:540} INFO - Filling up the DagBag from /opt/airflow/dags/sdp_pipeline_dag.py
[2026-07-15T10:40:52.761+0000] {processor.py:840} INFO - DAG(s) 'e-commerce_kafka_streaming_pipeline_v10' retrieved from /opt/airflow/dags/sdp_pipeline_dag.py
[2026-07-15T10:40:52.785+0000] {logging_mixin.py:188} INFO - [2026-07-15T10:40:52.785+0000] {dag.py:3096} INFO - Sync 1 DAGs
[2026-07-15T10:40:52.806+0000] {logging_mixin.py:188} INFO - [2026-07-15T10:40:52.806+0000] {dag.py:3954} INFO - Setting next_dagrun for e-commerce_kafka_streaming_pipeline_v10 to 2026-07-15 10:00:00+00:00, run_after=2026-07-15 11:00:00+00:00
[2026-07-15T10:40:52.823+0000] {processor.py:183} INFO - Processing /opt/airflow/dags/sdp_pipeline_dag.py took 0.085 seconds
[2026-07-15T10:41:23.397+0000] {processor.py:161} INFO - Started process (PID=1248) to work on /opt/airflow/dags/sdp_pipeline_dag.py
[2026-07-15T10:41:23.401+0000] {processor.py:830} INFO - Processing file /opt/airflow/dags/sdp_pipeline_dag.py for tasks to queue
[2026-07-15T10:41:23.408+0000] {logging_mixin.py:188} INFO - [2026-07-15T10:41:23.404+0000] {dagbag.py:540} INFO - Filling up the DagBag from /opt/airflow/dags/sdp_pipeline_dag.py
[2026-07-15T10:41:23.440+0000] {processor.py:840} INFO - DAG(s) 'e-commerce_kafka_streaming_pipeline_v10' retrieved from /opt/airflow/dags/sdp_pipeline_dag.py
[2026-07-15T10:41:23.497+0000] {logging_mixin.py:188} INFO - [2026-07-15T10:41:23.496+0000] {dag.py:3096} INFO - Sync 1 DAGs
[2026-07-15T10:41:23.548+0000] {logging_mixin.py:188} INFO - [2026-07-15T10:41:23.548+0000] {dag.py:3954} INFO - Setting next_dagrun for e-commerce_kafka_streaming_pipeline_v10 to 2026-07-15 10:00:00+00:00, run_after=2026-07-15 11:00:00+00:00
[2026-07-15T10:41:23.591+0000] {processor.py:183} INFO - Processing /opt/airflow/dags/sdp_pipeline_dag.py took 0.203 seconds
[2026-07-15T10:41:54.252+0000] {processor.py:161} INFO - Started process (PID=1273) to work on /opt/airflow/dags/sdp_pipeline_dag.py
[2026-07-15T10:41:54.254+0000] {processor.py:830} INFO - Processing file /opt/airflow/dags/sdp_pipeline_dag.py for tasks to queue
[2026-07-15T10:41:54.255+0000] {logging_mixin.py:188} INFO - [2026-07-15T10:41:54.255+0000] {dagbag.py:540} INFO - Filling up the DagBag from /opt/airflow/dags/sdp_pipeline_dag.py
[2026-07-15T10:41:54.273+0000] {processor.py:840} INFO - DAG(s) 'e-commerce_kafka_streaming_pipeline_v10' retrieved from /opt/airflow/dags/sdp_pipeline_dag.py
[2026-07-15T10:41:54.297+0000] {logging_mixin.py:188} INFO - [2026-07-15T10:41:54.297+0000] {dag.py:3096} INFO - Sync 1 DAGs
[2026-07-15T10:41:54.319+0000] {logging_mixin.py:188} INFO - [2026-07-15T10:41:54.318+0000] {dag.py:3954} INFO - Setting next_dagrun for e-commerce_kafka_streaming_pipeline_v10 to 2026-07-15 10:00:00+00:00, run_after=2026-07-15 11:00:00+00:00
[2026-07-15T10:41:54.337+0000] {processor.py:183} INFO - Processing /opt/airflow/dags/sdp_pipeline_dag.py took 0.090 seconds
[2026-07-15T10:42:25.008+0000] {processor.py:161} INFO - Started process (PID=1298) to work on /opt/airflow/dags/sdp_pipeline_dag.py
[2026-07-15T10:42:25.009+0000] {processor.py:830} INFO - Processing file /opt/airflow/dags/sdp_pipeline_dag.py for tasks to queue
[2026-07-15T10:42:25.011+0000] {logging_mixin.py:188} INFO - [2026-07-15T10:42:25.010+0000] {dagbag.py:540} INFO - Filling up the DagBag from /opt/airflow/dags/sdp_pipeline_dag.py
[2026-07-15T10:42:25.030+0000] {processor.py:840} INFO - DAG(s) 'e-commerce_kafka_streaming_pipeline_v10' retrieved from /opt/airflow/dags/sdp_pipeline_dag.py
[2026-07-15T10:42:25.059+0000] {logging_mixin.py:188} INFO - [2026-07-15T10:42:25.059+0000] {dag.py:3096} INFO - Sync 1 DAGs
[2026-07-15T10:42:25.080+0000] {logging_mixin.py:188} INFO - [2026-07-15T10:42:25.080+0000] {dag.py:3954} INFO - Setting next_dagrun for e-commerce_kafka_streaming_pipeline_v10 to 2026-07-15 10:00:00+00:00, run_after=2026-07-15 11:00:00+00:00
[2026-07-15T10:42:25.099+0000] {processor.py:183} INFO - Processing /opt/airflow/dags/sdp_pipeline_dag.py took 0.097 seconds
[2026-07-15T10:42:55.913+0000] {processor.py:161} INFO - Started process (PID=1323) to work on /opt/airflow/dags/sdp_pipeline_dag.py
[2026-07-15T10:42:55.915+0000] {processor.py:830} INFO - Processing file /opt/airflow/dags/sdp_pipeline_dag.py for tasks to queue
[2026-07-15T10:42:55.918+0000] {logging_mixin.py:188} INFO - [2026-07-15T10:42:55.917+0000] {dagbag.py:540} INFO - Filling up the DagBag from /opt/airflow/dags/sdp_pipeline_dag.py
[2026-07-15T10:42:55.956+0000] {processor.py:840} INFO - DAG(s) 'e-commerce_kafka_streaming_pipeline_v10' retrieved from /opt/airflow/dags/sdp_pipeline_dag.py
[2026-07-15T10:42:56.007+0000] {logging_mixin.py:188} INFO - [2026-07-15T10:42:56.006+0000] {dag.py:3096} INFO - Sync 1 DAGs
[2026-07-15T10:42:56.040+0000] {logging_mixin.py:188} INFO - [2026-07-15T10:42:56.039+0000] {dag.py:3954} INFO - Setting next_dagrun for e-commerce_kafka_streaming_pipeline_v10 to 2026-07-15 10:00:00+00:00, run_after=2026-07-15 11:00:00+00:00
[2026-07-15T10:42:56.063+0000] {processor.py:183} INFO - Processing /opt/airflow/dags/sdp_pipeline_dag.py took 0.163 seconds
[2026-07-15T10:43:26.708+0000] {processor.py:161} INFO - Started process (PID=1348) to work on /opt/airflow/dags/sdp_pipeline_dag.py
[2026-07-15T10:43:26.710+0000] {processor.py:830} INFO - Processing file /opt/airflow/dags/sdp_pipeline_dag.py for tasks to queue
[2026-07-15T10:43:26.711+0000] {logging_mixin.py:188} INFO - [2026-07-15T10:43:26.711+0000] {dagbag.py:540} INFO - Filling up the DagBag from /opt/airflow/dags/sdp_pipeline_dag.py
[2026-07-15T10:43:26.730+0000] {processor.py:840} INFO - DAG(s) 'e-commerce_kafka_streaming_pipeline_v10' retrieved from /opt/airflow/dags/sdp_pipeline_dag.py
[2026-07-15T10:43:26.761+0000] {logging_mixin.py:188} INFO - [2026-07-15T10:43:26.761+0000] {dag.py:3096} INFO - Sync 1 DAGs
[2026-07-15T10:43:26.783+0000] {logging_mixin.py:188} INFO - [2026-07-15T10:43:26.783+0000] {dag.py:3954} INFO - Setting next_dagrun for e-commerce_kafka_streaming_pipeline_v10 to 2026-07-15 10:00:00+00:00, run_after=2026-07-15 11:00:00+00:00
[2026-07-15T10:43:26.803+0000] {processor.py:183} INFO - Processing /opt/airflow/dags/sdp_pipeline_dag.py took 0.100 seconds
[2026-07-15T10:43:57.480+0000] {processor.py:161} INFO - Started process (PID=1373) to work on /opt/airflow/dags/sdp_pipeline_dag.py
[2026-07-15T10:43:57.482+0000] {processor.py:830} INFO - Processing file /opt/airflow/dags/sdp_pipeline_dag.py for tasks to queue
[2026-07-15T10:43:57.483+0000] {logging_mixin.py:188} INFO - [2026-07-15T10:43:57.483+0000] {dagbag.py:540} INFO - Filling up the DagBag from /opt/airflow/dags/sdp_pipeline_dag.py
[2026-07-15T10:43:57.501+0000] {processor.py:840} INFO - DAG(s) 'e-commerce_kafka_streaming_pipeline_v10' retrieved from /opt/airflow/dags/sdp_pipeline_dag.py
[2026-07-15T10:43:57.533+0000] {logging_mixin.py:188} INFO - [2026-07-15T10:43:57.532+0000] {dag.py:3096} INFO - Sync 1 DAGs
[2026-07-15T10:43:57.556+0000] {logging_mixin.py:188} INFO - [2026-07-15T10:43:57.556+0000] {dag.py:3954} INFO - Setting next_dagrun for e-commerce_kafka_streaming_pipeline_v10 to 2026-07-15 10:00:00+00:00, run_after=2026-07-15 11:00:00+00:00
[2026-07-15T10:43:57.576+0000] {processor.py:183} INFO - Processing /opt/airflow/dags/sdp_pipeline_dag.py took 0.100 seconds
[2026-07-15T10:44:28.237+0000] {processor.py:161} INFO - Started process (PID=1398) to work on /opt/airflow/dags/sdp_pipeline_dag.py
[2026-07-15T10:44:28.240+0000] {processor.py:830} INFO - Processing file /opt/airflow/dags/sdp_pipeline_dag.py for tasks to queue
[2026-07-15T10:44:28.243+0000] {logging_mixin.py:188} INFO - [2026-07-15T10:44:28.242+0000] {dagbag.py:540} INFO - Filling up the DagBag from /opt/airflow/dags/sdp_pipeline_dag.py
[2026-07-15T10:44:28.274+0000] {processor.py:840} INFO - DAG(s) 'e-commerce_kafka_streaming_pipeline_v10' retrieved from /opt/airflow/dags/sdp_pipeline_dag.py
[2026-07-15T10:44:28.309+0000] {logging_mixin.py:188} INFO - [2026-07-15T10:44:28.308+0000] {dag.py:3096} INFO - Sync 1 DAGs
[2026-07-15T10:44:28.335+0000] {logging_mixin.py:188} INFO - [2026-07-15T10:44:28.335+0000] {dag.py:3954} INFO - Setting next_dagrun for e-commerce_kafka_streaming_pipeline_v10 to 2026-07-15 10:00:00+00:00, run_after=2026-07-15 11:00:00+00:00
[2026-07-15T10:44:28.361+0000] {processor.py:183} INFO - Processing /opt/airflow/dags/sdp_pipeline_dag.py took 0.133 seconds
[2026-07-15T10:44:59.037+0000] {processor.py:161} INFO - Started process (PID=1423) to work on /opt/airflow/dags/sdp_pipeline_dag.py
[2026-07-15T10:44:59.039+0000] {processor.py:830} INFO - Processing file /opt/airflow/dags/sdp_pipeline_dag.py for tasks to queue
[2026-07-15T10:44:59.041+0000] {logging_mixin.py:188} INFO - [2026-07-15T10:44:59.040+0000] {dagbag.py:540} INFO - Filling up the DagBag from /opt/airflow/dags/sdp_pipeline_dag.py
[2026-07-15T10:44:59.069+0000] {processor.py:840} INFO - DAG(s) 'e-commerce_kafka_streaming_pipeline_v10' retrieved from /opt/airflow/dags/sdp_pipeline_dag.py
[2026-07-15T10:44:59.099+0000] {logging_mixin.py:188} INFO - [2026-07-15T10:44:59.099+0000] {dag.py:3096} INFO - Sync 1 DAGs
[2026-07-15T10:44:59.122+0000] {logging_mixin.py:188} INFO - [2026-07-15T10:44:59.122+0000] {dag.py:3954} INFO - Setting next_dagrun for e-commerce_kafka_streaming_pipeline_v10 to 2026-07-15 10:00:00+00:00, run_after=2026-07-15 11:00:00+00:00
[2026-07-15T10:44:59.143+0000] {processor.py:183} INFO - Processing /opt/airflow/dags/sdp_pipeline_dag.py took 0.112 seconds
[2026-07-15T10:45:29.816+0000] {processor.py:161} INFO - Started process (PID=1448) to work on /opt/airflow/dags/sdp_pipeline_dag.py
[2026-07-15T10:45:29.818+0000] {processor.py:830} INFO - Processing file /opt/airflow/dags/sdp_pipeline_dag.py for tasks to queue
[2026-07-15T10:45:29.819+0000] {logging_mixin.py:188} INFO - [2026-07-15T10:45:29.819+0000] {dagbag.py:540} INFO - Filling up the DagBag from /opt/airflow/dags/sdp_pipeline_dag.py
[2026-07-15T10:45:29.845+0000] {processor.py:840} INFO - DAG(s) 'e-commerce_kafka_streaming_pipeline_v10' retrieved from /opt/airflow/dags/sdp_pipeline_dag.py
[2026-07-15T10:45:29.873+0000] {logging_mixin.py:188} INFO - [2026-07-15T10:45:29.873+0000] {dag.py:3096} INFO - Sync 1 DAGs
[2026-07-15T10:45:29.896+0000] {logging_mixin.py:188} INFO - [2026-07-15T10:45:29.895+0000] {dag.py:3954} INFO - Setting next_dagrun for e-commerce_kafka_streaming_pipeline_v10 to 2026-07-15 10:00:00+00:00, run_after=2026-07-15 11:00:00+00:00
[2026-07-15T10:45:29.915+0000] {processor.py:183} INFO - Processing /opt/airflow/dags/sdp_pipeline_dag.py took 0.105 seconds
[2026-07-15T10:46:00.569+0000] {processor.py:161} INFO - Started process (PID=1473) to work on /opt/airflow/dags/sdp_pipeline_dag.py
[2026-07-15T10:46:00.570+0000] {processor.py:830} INFO - Processing file /opt/airflow/dags/sdp_pipeline_dag.py for tasks to queue
[2026-07-15T10:46:00.572+0000] {logging_mixin.py:188} INFO - [2026-07-15T10:46:00.572+0000] {dagbag.py:540} INFO - Filling up the DagBag from /opt/airflow/dags/sdp_pipeline_dag.py
[2026-07-15T10:46:00.589+0000] {processor.py:840} INFO - DAG(s) 'e-commerce_kafka_streaming_pipeline_v10' retrieved from /opt/airflow/dags/sdp_pipeline_dag.py
[2026-07-15T10:46:00.615+0000] {logging_mixin.py:188} INFO - [2026-07-15T10:46:00.615+0000] {dag.py:3096} INFO - Sync 1 DAGs
[2026-07-15T10:46:00.637+0000] {logging_mixin.py:188} INFO - [2026-07-15T10:46:00.636+0000] {dag.py:3954} INFO - Setting next_dagrun for e-commerce_kafka_streaming_pipeline_v10 to 2026-07-15 10:00:00+00:00, run_after=2026-07-15 11:00:00+00:00
[2026-07-15T10:46:00.668+0000] {processor.py:183} INFO - Processing /opt/airflow/dags/sdp_pipeline_dag.py took 0.104 seconds
[2026-07-15T10:46:31.288+0000] {processor.py:161} INFO - Started process (PID=1498) to work on /opt/airflow/dags/sdp_pipeline_dag.py
[2026-07-15T10:46:31.290+0000] {processor.py:830} INFO - Processing file /opt/airflow/dags/sdp_pipeline_dag.py for tasks to queue
[2026-07-15T10:46:31.292+0000] {logging_mixin.py:188} INFO - [2026-07-15T10:46:31.291+0000] {dagbag.py:540} INFO - Filling up the DagBag from /opt/airflow/dags/sdp_pipeline_dag.py
[2026-07-15T10:46:31.315+0000] {processor.py:840} INFO - DAG(s) 'e-commerce_kafka_streaming_pipeline_v10' retrieved from /opt/airflow/dags/sdp_pipeline_dag.py
[2026-07-15T10:46:31.345+0000] {logging_mixin.py:188} INFO - [2026-07-15T10:46:31.344+0000] {dag.py:3096} INFO - Sync 1 DAGs
[2026-07-15T10:46:31.367+0000] {logging_mixin.py:188} INFO - [2026-07-15T10:46:31.367+0000] {dag.py:3954} INFO - Setting next_dagrun for e-commerce_kafka_streaming_pipeline_v10 to 2026-07-15 10:00:00+00:00, run_after=2026-07-15 11:00:00+00:00
[2026-07-15T10:46:31.391+0000] {processor.py:183} INFO - Processing /opt/airflow/dags/sdp_pipeline_dag.py took 0.109 seconds
[2026-07-15T10:47:02.171+0000] {processor.py:161} INFO - Started process (PID=1523) to work on /opt/airflow/dags/sdp_pipeline_dag.py
[2026-07-15T10:47:02.172+0000] {processor.py:830} INFO - Processing file /opt/airflow/dags/sdp_pipeline_dag.py for tasks to queue
[2026-07-15T10:47:02.174+0000] {logging_mixin.py:188} INFO - [2026-07-15T10:47:02.174+0000] {dagbag.py:540} INFO - Filling up the DagBag from /opt/airflow/dags/sdp_pipeline_dag.py
[2026-07-15T10:47:02.199+0000] {processor.py:840} INFO - DAG(s) 'e-commerce_kafka_streaming_pipeline_v10' retrieved from /opt/airflow/dags/sdp_pipeline_dag.py
[2026-07-15T10:47:02.228+0000] {logging_mixin.py:188} INFO - [2026-07-15T10:47:02.228+0000] {dag.py:3096} INFO - Sync 1 DAGs
[2026-07-15T10:47:02.253+0000] {logging_mixin.py:188} INFO - [2026-07-15T10:47:02.252+0000] {dag.py:3954} INFO - Setting next_dagrun for e-commerce_kafka_streaming_pipeline_v10 to 2026-07-15 10:00:00+00:00, run_after=2026-07-15 11:00:00+00:00
[2026-07-15T10:47:02.297+0000] {processor.py:183} INFO - Processing /opt/airflow/dags/sdp_pipeline_dag.py took 0.134 seconds
[2026-07-15T10:47:32.853+0000] {processor.py:161} INFO - Started process (PID=1548) to work on /opt/airflow/dags/sdp_pipeline_dag.py
[2026-07-15T10:47:32.855+0000] {processor.py:830} INFO - Processing file /opt/airflow/dags/sdp_pipeline_dag.py for tasks to queue
[2026-07-15T10:47:32.856+0000] {logging_mixin.py:188} INFO - [2026-07-15T10:47:32.856+0000] {dagbag.py:540} INFO - Filling up the DagBag from /opt/airflow/dags/sdp_pipeline_dag.py
[2026-07-15T10:47:32.879+0000] {processor.py:840} INFO - DAG(s) 'e-commerce_kafka_streaming_pipeline_v10' retrieved from /opt/airflow/dags/sdp_pipeline_dag.py
[2026-07-15T10:47:32.928+0000] {logging_mixin.py:188} INFO - [2026-07-15T10:47:32.928+0000] {dag.py:3096} INFO - Sync 1 DAGs
[2026-07-15T10:47:32.961+0000] {logging_mixin.py:188} INFO - [2026-07-15T10:47:32.960+0000] {dag.py:3954} INFO - Setting next_dagrun for e-commerce_kafka_streaming_pipeline_v10 to 2026-07-15 10:00:00+00:00, run_after=2026-07-15 11:00:00+00:00
[2026-07-15T10:47:32.982+0000] {processor.py:183} INFO - Processing /opt/airflow/dags/sdp_pipeline_dag.py took 0.134 seconds
[2026-07-15T10:48:03.619+0000] {processor.py:161} INFO - Started process (PID=1573) to work on /opt/airflow/dags/sdp_pipeline_dag.py
[2026-07-15T10:48:03.620+0000] {processor.py:830} INFO - Processing file /opt/airflow/dags/sdp_pipeline_dag.py for tasks to queue
[2026-07-15T10:48:03.622+0000] {logging_mixin.py:188} INFO - [2026-07-15T10:48:03.621+0000] {dagbag.py:540} INFO - Filling up the DagBag from /opt/airflow/dags/sdp_pipeline_dag.py
[2026-07-15T10:48:03.638+0000] {processor.py:840} INFO - DAG(s) 'e-commerce_kafka_streaming_pipeline_v10' retrieved from /opt/airflow/dags/sdp_pipeline_dag.py
[2026-07-15T10:48:03.671+0000] {logging_mixin.py:188} INFO - [2026-07-15T10:48:03.671+0000] {dag.py:3096} INFO - Sync 1 DAGs
[2026-07-15T10:48:03.695+0000] {logging_mixin.py:188} INFO - [2026-07-15T10:48:03.695+0000] {dag.py:3954} INFO - Setting next_dagrun for e-commerce_kafka_streaming_pipeline_v10 to 2026-07-15 10:00:00+00:00, run_after=2026-07-15 11:00:00+00:00
[2026-07-15T10:48:03.712+0000] {processor.py:183} INFO - Processing /opt/airflow/dags/sdp_pipeline_dag.py took 0.100 seconds
[2026-07-15T10:48:34.394+0000] {processor.py:161} INFO - Started process (PID=1598) to work on /opt/airflow/dags/sdp_pipeline_dag.py
[2026-07-15T10:48:34.396+0000] {processor.py:830} INFO - Processing file /opt/airflow/dags/sdp_pipeline_dag.py for tasks to queue
[2026-07-15T10:48:34.398+0000] {logging_mixin.py:188} INFO - [2026-07-15T10:48:34.398+0000] {dagbag.py:540} INFO - Filling up the DagBag from /opt/airflow/dags/sdp_pipeline_dag.py
[2026-07-15T10:48:34.433+0000] {processor.py:840} INFO - DAG(s) 'e-commerce_kafka_streaming_pipeline_v10' retrieved from /opt/airflow/dags/sdp_pipeline_dag.py
[2026-07-15T10:48:34.464+0000] {logging_mixin.py:188} INFO - [2026-07-15T10:48:34.464+0000] {dag.py:3096} INFO - Sync 1 DAGs
[2026-07-15T10:48:34.501+0000] {logging_mixin.py:188} INFO - [2026-07-15T10:48:34.501+0000] {dag.py:3954} INFO - Setting next_dagrun for e-commerce_kafka_streaming_pipeline_v10 to 2026-07-15 10:00:00+00:00, run_after=2026-07-15 11:00:00+00:00
[2026-07-15T10:48:34.538+0000] {processor.py:183} INFO - Processing /opt/airflow/dags/sdp_pipeline_dag.py took 0.152 seconds
[2026-07-15T10:49:05.223+0000] {processor.py:161} INFO - Started process (PID=1623) to work on /opt/airflow/dags/sdp_pipeline_dag.py
[2026-07-15T10:49:05.224+0000] {processor.py:830} INFO - Processing file /opt/airflow/dags/sdp_pipeline_dag.py for tasks to queue
[2026-07-15T10:49:05.226+0000] {logging_mixin.py:188} INFO - [2026-07-15T10:49:05.225+0000] {dagbag.py:540} INFO - Filling up the DagBag from /opt/airflow/dags/sdp_pipeline_dag.py
[2026-07-15T10:49:05.246+0000] {processor.py:840} INFO - DAG(s) 'e-commerce_kafka_streaming_pipeline_v10' retrieved from /opt/airflow/dags/sdp_pipeline_dag.py
[2026-07-15T10:49:05.275+0000] {logging_mixin.py:188} INFO - [2026-07-15T10:49:05.275+0000] {dag.py:3096} INFO - Sync 1 DAGs
[2026-07-15T10:49:05.301+0000] {logging_mixin.py:188} INFO - [2026-07-15T10:49:05.300+0000] {dag.py:3954} INFO - Setting next_dagrun for e-commerce_kafka_streaming_pipeline_v10 to 2026-07-15 10:00:00+00:00, run_after=2026-07-15 11:00:00+00:00
[2026-07-15T10:49:05.321+0000] {processor.py:183} INFO - Processing /opt/airflow/dags/sdp_pipeline_dag.py took 0.104 seconds
[2026-07-15T10:49:35.985+0000] {processor.py:161} INFO - Started process (PID=1648) to work on /opt/airflow/dags/sdp_pipeline_dag.py
[2026-07-15T10:49:35.986+0000] {processor.py:830} INFO - Processing file /opt/airflow/dags/sdp_pipeline_dag.py for tasks to queue
[2026-07-15T10:49:35.988+0000] {logging_mixin.py:188} INFO - [2026-07-15T10:49:35.988+0000] {dagbag.py:540} INFO - Filling up the DagBag from /opt/airflow/dags/sdp_pipeline_dag.py
[2026-07-15T10:49:36.008+0000] {processor.py:840} INFO - DAG(s) 'e-commerce_kafka_streaming_pipeline_v10' retrieved from /opt/airflow/dags/sdp_pipeline_dag.py
[2026-07-15T10:49:36.047+0000] {logging_mixin.py:188} INFO - [2026-07-15T10:49:36.047+0000] {dag.py:3096} INFO - Sync 1 DAGs
[2026-07-15T10:49:36.091+0000] {logging_mixin.py:188} INFO - [2026-07-15T10:49:36.091+0000] {dag.py:3954} INFO - Setting next_dagrun for e-commerce_kafka_streaming_pipeline_v10 to 2026-07-15 10:00:00+00:00, run_after=2026-07-15 11:00:00+00:00
[2026-07-15T10:49:36.127+0000] {processor.py:183} INFO - Processing /opt/airflow/dags/sdp_pipeline_dag.py took 0.149 seconds
[2026-07-15T10:50:06.817+0000] {processor.py:161} INFO - Started process (PID=1673) to work on /opt/airflow/dags/sdp_pipeline_dag.py
[2026-07-15T10:50:06.818+0000] {processor.py:830} INFO - Processing file /opt/airflow/dags/sdp_pipeline_dag.py for tasks to queue
[2026-07-15T10:50:06.820+0000] {logging_mixin.py:188} INFO - [2026-07-15T10:50:06.820+0000] {dagbag.py:540} INFO - Filling up the DagBag from /opt/airflow/dags/sdp_pipeline_dag.py
[2026-07-15T10:50:06.838+0000] {processor.py:840} INFO - DAG(s) 'e-commerce_kafka_streaming_pipeline_v10' retrieved from /opt/airflow/dags/sdp_pipeline_dag.py
[2026-07-15T10:50:06.865+0000] {logging_mixin.py:188} INFO - [2026-07-15T10:50:06.865+0000] {dag.py:3096} INFO - Sync 1 DAGs
[2026-07-15T10:50:06.890+0000] {logging_mixin.py:188} INFO - [2026-07-15T10:50:06.890+0000] {dag.py:3954} INFO - Setting next_dagrun for e-commerce_kafka_streaming_pipeline_v10 to 2026-07-15 10:00:00+00:00, run_after=2026-07-15 11:00:00+00:00
[2026-07-15T10:50:06.909+0000] {processor.py:183} INFO - Processing /opt/airflow/dags/sdp_pipeline_dag.py took 0.097 seconds
[2026-07-15T10:50:37.544+0000] {processor.py:161} INFO - Started process (PID=1698) to work on /opt/airflow/dags/sdp_pipeline_dag.py
[2026-07-15T10:50:37.546+0000] {processor.py:830} INFO - Processing file /opt/airflow/dags/sdp_pipeline_dag.py for tasks to queue
[2026-07-15T10:50:37.548+0000] {logging_mixin.py:188} INFO - [2026-07-15T10:50:37.547+0000] {dagbag.py:540} INFO - Filling up the DagBag from /opt/airflow/dags/sdp_pipeline_dag.py
[2026-07-15T10:50:37.573+0000] {processor.py:840} INFO - DAG(s) 'e-commerce_kafka_streaming_pipeline_v10' retrieved from /opt/airflow/dags/sdp_pipeline_dag.py
[2026-07-15T10:50:37.614+0000] {logging_mixin.py:188} INFO - [2026-07-15T10:50:37.614+0000] {dag.py:3096} INFO - Sync 1 DAGs
[2026-07-15T10:50:37.644+0000] {logging_mixin.py:188} INFO - [2026-07-15T10:50:37.644+0000] {dag.py:3954} INFO - Setting next_dagrun for e-commerce_kafka_streaming_pipeline_v10 to 2026-07-15 10:00:00+00:00, run_after=2026-07-15 11:00:00+00:00
[2026-07-15T10:50:37.669+0000] {processor.py:183} INFO - Processing /opt/airflow/dags/sdp_pipeline_dag.py took 0.133 seconds
[2026-07-15T10:51:08.344+0000] {processor.py:161} INFO - Started process (PID=1723) to work on /opt/airflow/dags/sdp_pipeline_dag.py
[2026-07-15T10:51:08.346+0000] {processor.py:830} INFO - Processing file /opt/airflow/dags/sdp_pipeline_dag.py for tasks to queue
[2026-07-15T10:51:08.349+0000] {logging_mixin.py:188} INFO - [2026-07-15T10:51:08.348+0000] {dagbag.py:540} INFO - Filling up the DagBag from /opt/airflow/dags/sdp_pipeline_dag.py
[2026-07-15T10:51:08.384+0000] {processor.py:840} INFO - DAG(s) 'e-commerce_kafka_streaming_pipeline_v10' retrieved from /opt/airflow/dags/sdp_pipeline_dag.py
[2026-07-15T10:51:08.418+0000] {logging_mixin.py:188} INFO - [2026-07-15T10:51:08.418+0000] {dag.py:3096} INFO - Sync 1 DAGs
[2026-07-15T10:51:08.445+0000] {logging_mixin.py:188} INFO - [2026-07-15T10:51:08.445+0000] {dag.py:3954} INFO - Setting next_dagrun for e-commerce_kafka_streaming_pipeline_v10 to 2026-07-15 10:00:00+00:00, run_after=2026-07-15 11:00:00+00:00
[2026-07-15T10:51:08.465+0000] {processor.py:183} INFO - Processing /opt/airflow/dags/sdp_pipeline_dag.py took 0.138 seconds
[2026-07-15T10:51:39.212+0000] {processor.py:161} INFO - Started process (PID=1748) to work on /opt/airflow/dags/sdp_pipeline_dag.py
[2026-07-15T10:51:39.214+0000] {processor.py:830} INFO - Processing file /opt/airflow/dags/sdp_pipeline_dag.py for tasks to queue
[2026-07-15T10:51:39.215+0000] {logging_mixin.py:188} INFO - [2026-07-15T10:51:39.215+0000] {dagbag.py:540} INFO - Filling up the DagBag from /opt/airflow/dags/sdp_pipeline_dag.py
[2026-07-15T10:51:39.241+0000] {processor.py:840} INFO - DAG(s) 'e-commerce_kafka_streaming_pipeline_v10' retrieved from /opt/airflow/dags/sdp_pipeline_dag.py
[2026-07-15T10:51:39.271+0000] {logging_mixin.py:188} INFO - [2026-07-15T10:51:39.271+0000] {dag.py:3096} INFO - Sync 1 DAGs
[2026-07-15T10:51:39.295+0000] {logging_mixin.py:188} INFO - [2026-07-15T10:51:39.295+0000] {dag.py:3954} INFO - Setting next_dagrun for e-commerce_kafka_streaming_pipeline_v10 to 2026-07-15 10:00:00+00:00, run_after=2026-07-15 11:00:00+00:00
[2026-07-15T10:51:39.315+0000] {processor.py:183} INFO - Processing /opt/airflow/dags/sdp_pipeline_dag.py took 0.109 seconds
[2026-07-15T10:52:09.974+0000] {processor.py:161} INFO - Started process (PID=1773) to work on /opt/airflow/dags/sdp_pipeline_dag.py
[2026-07-15T10:52:09.976+0000] {processor.py:830} INFO - Processing file /opt/airflow/dags/sdp_pipeline_dag.py for tasks to queue
[2026-07-15T10:52:09.977+0000] {logging_mixin.py:188} INFO - [2026-07-15T10:52:09.977+0000] {dagbag.py:540} INFO - Filling up the DagBag from /opt/airflow/dags/sdp_pipeline_dag.py
[2026-07-15T10:52:09.997+0000] {processor.py:840} INFO - DAG(s) 'e-commerce_kafka_streaming_pipeline_v10' retrieved from /opt/airflow/dags/sdp_pipeline_dag.py
[2026-07-15T10:52:10.024+0000] {logging_mixin.py:188} INFO - [2026-07-15T10:52:10.024+0000] {dag.py:3096} INFO - Sync 1 DAGs
[2026-07-15T10:52:10.046+0000] {logging_mixin.py:188} INFO - [2026-07-15T10:52:10.046+0000] {dag.py:3954} INFO - Setting next_dagrun for e-commerce_kafka_streaming_pipeline_v10 to 2026-07-15 10:00:00+00:00, run_after=2026-07-15 11:00:00+00:00
[2026-07-15T10:52:10.066+0000] {processor.py:183} INFO - Processing /opt/airflow/dags/sdp_pipeline_dag.py took 0.097 seconds
[2026-07-15T10:52:40.743+0000] {processor.py:161} INFO - Started process (PID=1798) to work on /opt/airflow/dags/sdp_pipeline_dag.py
[2026-07-15T10:52:40.745+0000] {processor.py:830} INFO - Processing file /opt/airflow/dags/sdp_pipeline_dag.py for tasks to queue
[2026-07-15T10:52:40.747+0000] {logging_mixin.py:188} INFO - [2026-07-15T10:52:40.746+0000] {dagbag.py:540} INFO - Filling up the DagBag from /opt/airflow/dags/sdp_pipeline_dag.py
[2026-07-15T10:52:40.775+0000] {processor.py:840} INFO - DAG(s) 'e-commerce_kafka_streaming_pipeline_v10' retrieved from /opt/airflow/dags/sdp_pipeline_dag.py
[2026-07-15T10:52:40.806+0000] {logging_mixin.py:188} INFO - [2026-07-15T10:52:40.806+0000] {dag.py:3096} INFO - Sync 1 DAGs
[2026-07-15T10:52:40.829+0000] {logging_mixin.py:188} INFO - [2026-07-15T10:52:40.829+0000] {dag.py:3954} INFO - Setting next_dagrun for e-commerce_kafka_streaming_pipeline_v10 to 2026-07-15 10:00:00+00:00, run_after=2026-07-15 11:00:00+00:00
[2026-07-15T10:52:40.851+0000] {processor.py:183} INFO - Processing /opt/airflow/dags/sdp_pipeline_dag.py took 0.114 seconds
[2026-07-15T10:53:11.508+0000] {processor.py:161} INFO - Started process (PID=1823) to work on /opt/airflow/dags/sdp_pipeline_dag.py
[2026-07-15T10:53:11.510+0000] {processor.py:830} INFO - Processing file /opt/airflow/dags/sdp_pipeline_dag.py for tasks to queue
[2026-07-15T10:53:11.511+0000] {logging_mixin.py:188} INFO - [2026-07-15T10:53:11.511+0000] {dagbag.py:540} INFO - Filling up the DagBag from /opt/airflow/dags/sdp_pipeline_dag.py
[2026-07-15T10:53:11.530+0000] {processor.py:840} INFO - DAG(s) 'e-commerce_kafka_streaming_pipeline_v10' retrieved from /opt/airflow/dags/sdp_pipeline_dag.py
[2026-07-15T10:53:11.564+0000] {logging_mixin.py:188} INFO - [2026-07-15T10:53:11.564+0000] {dag.py:3096} INFO - Sync 1 DAGs
[2026-07-15T10:53:11.591+0000] {logging_mixin.py:188} INFO - [2026-07-15T10:53:11.591+0000] {dag.py:3954} INFO - Setting next_dagrun for e-commerce_kafka_streaming_pipeline_v10 to 2026-07-15 10:00:00+00:00, run_after=2026-07-15 11:00:00+00:00
[2026-07-15T10:53:11.611+0000] {processor.py:183} INFO - Processing /opt/airflow/dags/sdp_pipeline_dag.py took 0.109 seconds
[2026-07-15T10:53:42.301+0000] {processor.py:161} INFO - Started process (PID=1848) to work on /opt/airflow/dags/sdp_pipeline_dag.py
[2026-07-15T10:53:42.303+0000] {processor.py:830} INFO - Processing file /opt/airflow/dags/sdp_pipeline_dag.py for tasks to queue
[2026-07-15T10:53:42.304+0000] {logging_mixin.py:188} INFO - [2026-07-15T10:53:42.304+0000] {dagbag.py:540} INFO - Filling up the DagBag from /opt/airflow/dags/sdp_pipeline_dag.py
[2026-07-15T10:53:42.326+0000] {processor.py:840} INFO - DAG(s) 'e-commerce_kafka_streaming_pipeline_v10' retrieved from /opt/airflow/dags/sdp_pipeline_dag.py
[2026-07-15T10:53:42.352+0000] {logging_mixin.py:188} INFO - [2026-07-15T10:53:42.352+0000] {dag.py:3096} INFO - Sync 1 DAGs
[2026-07-15T10:53:42.380+0000] {logging_mixin.py:188} INFO - [2026-07-15T10:53:42.379+0000] {dag.py:3954} INFO - Setting next_dagrun for e-commerce_kafka_streaming_pipeline_v10 to 2026-07-15 10:00:00+00:00, run_after=2026-07-15 11:00:00+00:00
[2026-07-15T10:53:42.403+0000] {processor.py:183} INFO - Processing /opt/airflow/dags/sdp_pipeline_dag.py took 0.108 seconds
[2026-07-15T10:54:13.109+0000] {processor.py:161} INFO - Started process (PID=1873) to work on /opt/airflow/dags/sdp_pipeline_dag.py
[2026-07-15T10:54:13.110+0000] {processor.py:830} INFO - Processing file /opt/airflow/dags/sdp_pipeline_dag.py for tasks to queue
[2026-07-15T10:54:13.112+0000] {logging_mixin.py:188} INFO - [2026-07-15T10:54:13.112+0000] {dagbag.py:540} INFO - Filling up the DagBag from /opt/airflow/dags/sdp_pipeline_dag.py
[2026-07-15T10:54:13.139+0000] {processor.py:840} INFO - DAG(s) 'e-commerce_kafka_streaming_pipeline_v10' retrieved from /opt/airflow/dags/sdp_pipeline_dag.py
[2026-07-15T10:54:13.167+0000] {logging_mixin.py:188} INFO - [2026-07-15T10:54:13.167+0000] {dag.py:3096} INFO - Sync 1 DAGs
[2026-07-15T10:54:13.192+0000] {logging_mixin.py:188} INFO - [2026-07-15T10:54:13.192+0000] {dag.py:3954} INFO - Setting next_dagrun for e-commerce_kafka_streaming_pipeline_v10 to 2026-07-15 10:00:00+00:00, run_after=2026-07-15 11:00:00+00:00
[2026-07-15T10:54:13.211+0000] {processor.py:183} INFO - Processing /opt/airflow/dags/sdp_pipeline_dag.py took 0.109 seconds
[2026-07-15T10:54:43.901+0000] {processor.py:161} INFO - Started process (PID=1898) to work on /opt/airflow/dags/sdp_pipeline_dag.py
[2026-07-15T10:54:43.903+0000] {processor.py:830} INFO - Processing file /opt/airflow/dags/sdp_pipeline_dag.py for tasks to queue
[2026-07-15T10:54:43.904+0000] {logging_mixin.py:188} INFO - [2026-07-15T10:54:43.904+0000] {dagbag.py:540} INFO - Filling up the DagBag from /opt/airflow/dags/sdp_pipeline_dag.py
[2026-07-15T10:54:43.932+0000] {processor.py:840} INFO - DAG(s) 'e-commerce_kafka_streaming_pipeline_v10' retrieved from /opt/airflow/dags/sdp_pipeline_dag.py
[2026-07-15T10:54:43.964+0000] {logging_mixin.py:188} INFO - [2026-07-15T10:54:43.964+0000] {dag.py:3096} INFO - Sync 1 DAGs
[2026-07-15T10:54:43.989+0000] {logging_mixin.py:188} INFO - [2026-07-15T10:54:43.989+0000] {dag.py:3954} INFO - Setting next_dagrun for e-commerce_kafka_streaming_pipeline_v10 to 2026-07-15 10:00:00+00:00, run_after=2026-07-15 11:00:00+00:00
[2026-07-15T10:54:44.008+0000] {processor.py:183} INFO - Processing /opt/airflow/dags/sdp_pipeline_dag.py took 0.114 seconds
[2026-07-15T10:55:14.667+0000] {processor.py:161} INFO - Started process (PID=1923) to work on /opt/airflow/dags/sdp_pipeline_dag.py
[2026-07-15T10:55:14.669+0000] {processor.py:830} INFO - Processing file /opt/airflow/dags/sdp_pipeline_dag.py for tasks to queue
[2026-07-15T10:55:14.671+0000] {logging_mixin.py:188} INFO - [2026-07-15T10:55:14.670+0000] {dagbag.py:540} INFO - Filling up the DagBag from /opt/airflow/dags/sdp_pipeline_dag.py
[2026-07-15T10:55:14.703+0000] {processor.py:840} INFO - DAG(s) 'e-commerce_kafka_streaming_pipeline_v10' retrieved from /opt/airflow/dags/sdp_pipeline_dag.py
[2026-07-15T10:55:14.738+0000] {logging_mixin.py:188} INFO - [2026-07-15T10:55:14.737+0000] {dag.py:3096} INFO - Sync 1 DAGs
[2026-07-15T10:55:14.764+0000] {logging_mixin.py:188} INFO - [2026-07-15T10:55:14.763+0000] {dag.py:3954} INFO - Setting next_dagrun for e-commerce_kafka_streaming_pipeline_v10 to 2026-07-15 10:00:00+00:00, run_after=2026-07-15 11:00:00+00:00
[2026-07-15T10:55:14.786+0000] {processor.py:183} INFO - Processing /opt/airflow/dags/sdp_pipeline_dag.py took 0.129 seconds
[2026-07-15T10:55:45.418+0000] {processor.py:161} INFO - Started process (PID=1948) to work on /opt/airflow/dags/sdp_pipeline_dag.py
[2026-07-15T10:55:45.419+0000] {processor.py:830} INFO - Processing file /opt/airflow/dags/sdp_pipeline_dag.py for tasks to queue
[2026-07-15T10:55:45.421+0000] {logging_mixin.py:188} INFO - [2026-07-15T10:55:45.421+0000] {dagbag.py:540} INFO - Filling up the DagBag from /opt/airflow/dags/sdp_pipeline_dag.py
[2026-07-15T10:55:45.439+0000] {processor.py:840} INFO - DAG(s) 'e-commerce_kafka_streaming_pipeline_v10' retrieved from /opt/airflow/dags/sdp_pipeline_dag.py
[2026-07-15T10:55:45.467+0000] {logging_mixin.py:188} INFO - [2026-07-15T10:55:45.467+0000] {dag.py:3096} INFO - Sync 1 DAGs
[2026-07-15T10:55:45.488+0000] {logging_mixin.py:188} INFO - [2026-07-15T10:55:45.488+0000] {dag.py:3954} INFO - Setting next_dagrun for e-commerce_kafka_streaming_pipeline_v10 to 2026-07-15 10:00:00+00:00, run_after=2026-07-15 11:00:00+00:00
[2026-07-15T10:55:45.507+0000] {processor.py:183} INFO - Processing /opt/airflow/dags/sdp_pipeline_dag.py took 0.094 seconds
[2026-07-15T10:56:16.220+0000] {processor.py:161} INFO - Started process (PID=1973) to work on /opt/airflow/dags/sdp_pipeline_dag.py
[2026-07-15T10:56:16.222+0000] {processor.py:830} INFO - Processing file /opt/airflow/dags/sdp_pipeline_dag.py for tasks to queue
[2026-07-15T10:56:16.225+0000] {logging_mixin.py:188} INFO - [2026-07-15T10:56:16.224+0000] {dagbag.py:540} INFO - Filling up the DagBag from /opt/airflow/dags/sdp_pipeline_dag.py
[2026-07-15T10:56:16.256+0000] {processor.py:840} INFO - DAG(s) 'e-commerce_kafka_streaming_pipeline_v10' retrieved from /opt/airflow/dags/sdp_pipeline_dag.py
[2026-07-15T10:56:16.317+0000] {logging_mixin.py:188} INFO - [2026-07-15T10:56:16.316+0000] {dag.py:3096} INFO - Sync 1 DAGs
[2026-07-15T10:56:16.370+0000] {logging_mixin.py:188} INFO - [2026-07-15T10:56:16.370+0000] {dag.py:3954} INFO - Setting next_dagrun for e-commerce_kafka_streaming_pipeline_v10 to 2026-07-15 10:00:00+00:00, run_after=2026-07-15 11:00:00+00:00
[2026-07-15T10:56:16.409+0000] {processor.py:183} INFO - Processing /opt/airflow/dags/sdp_pipeline_dag.py took 0.200 seconds
[2026-07-15T10:56:47.184+0000] {processor.py:161} INFO - Started process (PID=1998) to work on /opt/airflow/dags/sdp_pipeline_dag.py
[2026-07-15T10:56:47.186+0000] {processor.py:830} INFO - Processing file /opt/airflow/dags/sdp_pipeline_dag.py for tasks to queue
[2026-07-15T10:56:47.188+0000] {logging_mixin.py:188} INFO - [2026-07-15T10:56:47.187+0000] {dagbag.py:540} INFO - Filling up the DagBag from /opt/airflow/dags/sdp_pipeline_dag.py
[2026-07-15T10:56:47.216+0000] {processor.py:840} INFO - DAG(s) 'e-commerce_kafka_streaming_pipeline_v10' retrieved from /opt/airflow/dags/sdp_pipeline_dag.py
[2026-07-15T10:56:47.247+0000] {logging_mixin.py:188} INFO - [2026-07-15T10:56:47.246+0000] {dag.py:3096} INFO - Sync 1 DAGs
[2026-07-15T10:56:47.275+0000] {logging_mixin.py:188} INFO - [2026-07-15T10:56:47.275+0000] {dag.py:3954} INFO - Setting next_dagrun for e-commerce_kafka_streaming_pipeline_v10 to 2026-07-15 10:00:00+00:00, run_after=2026-07-15 11:00:00+00:00
[2026-07-15T10:56:47.296+0000] {processor.py:183} INFO - Processing /opt/airflow/dags/sdp_pipeline_dag.py took 0.119 seconds
[2026-07-15T10:57:17.962+0000] {processor.py:161} INFO - Started process (PID=2023) to work on /opt/airflow/dags/sdp_pipeline_dag.py
[2026-07-15T10:57:17.964+0000] {processor.py:830} INFO - Processing file /opt/airflow/dags/sdp_pipeline_dag.py for tasks to queue
[2026-07-15T10:57:17.965+0000] {logging_mixin.py:188} INFO - [2026-07-15T10:57:17.965+0000] {dagbag.py:540} INFO - Filling up the DagBag from /opt/airflow/dags/sdp_pipeline_dag.py
[2026-07-15T10:57:17.994+0000] {processor.py:840} INFO - DAG(s) 'e-commerce_kafka_streaming_pipeline_v10' retrieved from /opt/airflow/dags/sdp_pipeline_dag.py
[2026-07-15T10:57:18.031+0000] {logging_mixin.py:188} INFO - [2026-07-15T10:57:18.031+0000] {dag.py:3096} INFO - Sync 1 DAGs
[2026-07-15T10:57:18.065+0000] {logging_mixin.py:188} INFO - [2026-07-15T10:57:18.065+0000] {dag.py:3954} INFO - Setting next_dagrun for e-commerce_kafka_streaming_pipeline_v10 to 2026-07-15 10:00:00+00:00, run_after=2026-07-15 11:00:00+00:00
[2026-07-15T10:57:18.101+0000] {processor.py:183} INFO - Processing /opt/airflow/dags/sdp_pipeline_dag.py took 0.145 seconds
[2026-07-15T10:57:48.751+0000] {processor.py:161} INFO - Started process (PID=2048) to work on /opt/airflow/dags/sdp_pipeline_dag.py
[2026-07-15T10:57:48.754+0000] {processor.py:830} INFO - Processing file /opt/airflow/dags/sdp_pipeline_dag.py for tasks to queue
[2026-07-15T10:57:48.756+0000] {logging_mixin.py:188} INFO - [2026-07-15T10:57:48.756+0000] {dagbag.py:540} INFO - Filling up the DagBag from /opt/airflow/dags/sdp_pipeline_dag.py
[2026-07-15T10:57:48.794+0000] {processor.py:840} INFO - DAG(s) 'e-commerce_kafka_streaming_pipeline_v10' retrieved from /opt/airflow/dags/sdp_pipeline_dag.py
[2026-07-15T10:57:48.844+0000] {logging_mixin.py:188} INFO - [2026-07-15T10:57:48.844+0000] {dag.py:3096} INFO - Sync 1 DAGs
[2026-07-15T10:57:48.881+0000] {logging_mixin.py:188} INFO - [2026-07-15T10:57:48.881+0000] {dag.py:3954} INFO - Setting next_dagrun for e-commerce_kafka_streaming_pipeline_v10 to 2026-07-15 10:00:00+00:00, run_after=2026-07-15 11:00:00+00:00
[2026-07-15T10:57:48.904+0000] {processor.py:183} INFO - Processing /opt/airflow/dags/sdp_pipeline_dag.py took 0.159 seconds
[2026-07-15T10:58:19.497+0000] {processor.py:161} INFO - Started process (PID=2073) to work on /opt/airflow/dags/sdp_pipeline_dag.py
[2026-07-15T10:58:19.498+0000] {processor.py:830} INFO - Processing file /opt/airflow/dags/sdp_pipeline_dag.py for tasks to queue
[2026-07-15T10:58:19.500+0000] {logging_mixin.py:188} INFO - [2026-07-15T10:58:19.499+0000] {dagbag.py:540} INFO - Filling up the DagBag from /opt/airflow/dags/sdp_pipeline_dag.py
[2026-07-15T10:58:19.520+0000] {processor.py:840} INFO - DAG(s) 'e-commerce_kafka_streaming_pipeline_v10' retrieved from /opt/airflow/dags/sdp_pipeline_dag.py
[2026-07-15T10:58:19.554+0000] {logging_mixin.py:188} INFO - [2026-07-15T10:58:19.554+0000] {dag.py:3096} INFO - Sync 1 DAGs
[2026-07-15T10:58:19.580+0000] {logging_mixin.py:188} INFO - [2026-07-15T10:58:19.580+0000] {dag.py:3954} INFO - Setting next_dagrun for e-commerce_kafka_streaming_pipeline_v10 to 2026-07-15 10:00:00+00:00, run_after=2026-07-15 11:00:00+00:00
[2026-07-15T10:58:19.600+0000] {processor.py:183} INFO - Processing /opt/airflow/dags/sdp_pipeline_dag.py took 0.110 seconds
[2026-07-15T10:58:50.387+0000] {processor.py:161} INFO - Started process (PID=2098) to work on /opt/airflow/dags/sdp_pipeline_dag.py
[2026-07-15T10:58:50.389+0000] {processor.py:830} INFO - Processing file /opt/airflow/dags/sdp_pipeline_dag.py for tasks to queue
[2026-07-15T10:58:50.392+0000] {logging_mixin.py:188} INFO - [2026-07-15T10:58:50.392+0000] {dagbag.py:540} INFO - Filling up the DagBag from /opt/airflow/dags/sdp_pipeline_dag.py
[2026-07-15T10:58:50.423+0000] {processor.py:840} INFO - DAG(s) 'e-commerce_kafka_streaming_pipeline_v10' retrieved from /opt/airflow/dags/sdp_pipeline_dag.py
[2026-07-15T10:58:50.460+0000] {logging_mixin.py:188} INFO - [2026-07-15T10:58:50.460+0000] {dag.py:3096} INFO - Sync 1 DAGs
[2026-07-15T10:58:50.494+0000] {logging_mixin.py:188} INFO - [2026-07-15T10:58:50.494+0000] {dag.py:3954} INFO - Setting next_dagrun for e-commerce_kafka_streaming_pipeline_v10 to 2026-07-15 10:00:00+00:00, run_after=2026-07-15 11:00:00+00:00
[2026-07-15T10:58:50.519+0000] {processor.py:183} INFO - Processing /opt/airflow/dags/sdp_pipeline_dag.py took 0.141 seconds
[2026-07-15T10:59:21.138+0000] {processor.py:161} INFO - Started process (PID=2123) to work on /opt/airflow/dags/sdp_pipeline_dag.py
[2026-07-15T10:59:21.140+0000] {processor.py:830} INFO - Processing file /opt/airflow/dags/sdp_pipeline_dag.py for tasks to queue
[2026-07-15T10:59:21.143+0000] {logging_mixin.py:188} INFO - [2026-07-15T10:59:21.142+0000] {dagbag.py:540} INFO - Filling up the DagBag from /opt/airflow/dags/sdp_pipeline_dag.py
[2026-07-15T10:59:21.180+0000] {processor.py:840} INFO - DAG(s) 'e-commerce_kafka_streaming_pipeline_v10' retrieved from /opt/airflow/dags/sdp_pipeline_dag.py
[2026-07-15T10:59:21.228+0000] {logging_mixin.py:188} INFO - [2026-07-15T10:59:21.228+0000] {dag.py:3096} INFO - Sync 1 DAGs
[2026-07-15T10:59:21.254+0000] {logging_mixin.py:188} INFO - [2026-07-15T10:59:21.254+0000] {dag.py:3954} INFO - Setting next_dagrun for e-commerce_kafka_streaming_pipeline_v10 to 2026-07-15 10:00:00+00:00, run_after=2026-07-15 11:00:00+00:00
[2026-07-15T10:59:21.280+0000] {processor.py:183} INFO - Processing /opt/airflow/dags/sdp_pipeline_dag.py took 0.151 seconds
[2026-07-15T10:59:51.974+0000] {processor.py:161} INFO - Started process (PID=2148) to work on /opt/airflow/dags/sdp_pipeline_dag.py
[2026-07-15T10:59:51.976+0000] {processor.py:830} INFO - Processing file /opt/airflow/dags/sdp_pipeline_dag.py for tasks to queue
[2026-07-15T10:59:51.978+0000] {logging_mixin.py:188} INFO - [2026-07-15T10:59:51.977+0000] {dagbag.py:540} INFO - Filling up the DagBag from /opt/airflow/dags/sdp_pipeline_dag.py
[2026-07-15T10:59:52.006+0000] {processor.py:840} INFO - DAG(s) 'e-commerce_kafka_streaming_pipeline_v10' retrieved from /opt/airflow/dags/sdp_pipeline_dag.py
[2026-07-15T10:59:52.036+0000] {logging_mixin.py:188} INFO - [2026-07-15T10:59:52.036+0000] {dag.py:3096} INFO - Sync 1 DAGs
[2026-07-15T10:59:52.067+0000] {logging_mixin.py:188} INFO - [2026-07-15T10:59:52.067+0000] {dag.py:3954} INFO - Setting next_dagrun for e-commerce_kafka_streaming_pipeline_v10 to 2026-07-15 10:00:00+00:00, run_after=2026-07-15 11:00:00+00:00
[2026-07-15T10:59:52.093+0000] {processor.py:183} INFO - Processing /opt/airflow/dags/sdp_pipeline_dag.py took 0.124 seconds
[2026-07-15T11:00:22.776+0000] {processor.py:161} INFO - Started process (PID=2173) to work on /opt/airflow/dags/sdp_pipeline_dag.py
[2026-07-15T11:00:22.778+0000] {processor.py:830} INFO - Processing file /opt/airflow/dags/sdp_pipeline_dag.py for tasks to queue
[2026-07-15T11:00:22.780+0000] {logging_mixin.py:188} INFO - [2026-07-15T11:00:22.779+0000] {dagbag.py:540} INFO - Filling up the DagBag from /opt/airflow/dags/sdp_pipeline_dag.py
[2026-07-15T11:00:22.807+0000] {processor.py:840} INFO - DAG(s) 'e-commerce_kafka_streaming_pipeline_v10' retrieved from /opt/airflow/dags/sdp_pipeline_dag.py
[2026-07-15T11:00:22.839+0000] {logging_mixin.py:188} INFO - [2026-07-15T11:00:22.839+0000] {dag.py:3096} INFO - Sync 1 DAGs
[2026-07-15T11:00:22.863+0000] {logging_mixin.py:188} INFO - [2026-07-15T11:00:22.863+0000] {dag.py:3954} INFO - Setting next_dagrun for e-commerce_kafka_streaming_pipeline_v10 to 2026-07-15 10:00:00+00:00, run_after=2026-07-15 11:00:00+00:00
[2026-07-15T11:00:22.883+0000] {processor.py:183} INFO - Processing /opt/airflow/dags/sdp_pipeline_dag.py took 0.113 seconds
[2026-07-15T11:00:53.580+0000] {processor.py:161} INFO - Started process (PID=2198) to work on /opt/airflow/dags/sdp_pipeline_dag.py
[2026-07-15T11:00:53.582+0000] {processor.py:830} INFO - Processing file /opt/airflow/dags/sdp_pipeline_dag.py for tasks to queue
[2026-07-15T11:00:53.584+0000] {logging_mixin.py:188} INFO - [2026-07-15T11:00:53.583+0000] {dagbag.py:540} INFO - Filling up the DagBag from /opt/airflow/dags/sdp_pipeline_dag.py
[2026-07-15T11:00:53.609+0000] {processor.py:840} INFO - DAG(s) 'e-commerce_kafka_streaming_pipeline_v10' retrieved from /opt/airflow/dags/sdp_pipeline_dag.py
[2026-07-15T11:00:53.646+0000] {logging_mixin.py:188} INFO - [2026-07-15T11:00:53.646+0000] {dag.py:3096} INFO - Sync 1 DAGs
[2026-07-15T11:00:53.674+0000] {logging_mixin.py:188} INFO - [2026-07-15T11:00:53.674+0000] {dag.py:3954} INFO - Setting next_dagrun for e-commerce_kafka_streaming_pipeline_v10 to 2026-07-15 10:00:00+00:00, run_after=2026-07-15 11:00:00+00:00
[2026-07-15T11:00:53.696+0000] {processor.py:183} INFO - Processing /opt/airflow/dags/sdp_pipeline_dag.py took 0.125 seconds
[2026-07-15T11:01:24.416+0000] {processor.py:161} INFO - Started process (PID=2223) to work on /opt/airflow/dags/sdp_pipeline_dag.py
[2026-07-15T11:01:24.419+0000] {processor.py:830} INFO - Processing file /opt/airflow/dags/sdp_pipeline_dag.py for tasks to queue
[2026-07-15T11:01:24.421+0000] {logging_mixin.py:188} INFO - [2026-07-15T11:01:24.420+0000] {dagbag.py:540} INFO - Filling up the DagBag from /opt/airflow/dags/sdp_pipeline_dag.py
[2026-07-15T11:01:24.453+0000] {processor.py:840} INFO - DAG(s) 'e-commerce_kafka_streaming_pipeline_v10' retrieved from /opt/airflow/dags/sdp_pipeline_dag.py
[2026-07-15T11:01:24.481+0000] {logging_mixin.py:188} INFO - [2026-07-15T11:01:24.481+0000] {dag.py:3096} INFO - Sync 1 DAGs
[2026-07-15T11:01:24.507+0000] {logging_mixin.py:188} INFO - [2026-07-15T11:01:24.507+0000] {dag.py:3954} INFO - Setting next_dagrun for e-commerce_kafka_streaming_pipeline_v10 to 2026-07-15 10:00:00+00:00, run_after=2026-07-15 11:00:00+00:00
[2026-07-15T11:01:24.528+0000] {processor.py:183} INFO - Processing /opt/airflow/dags/sdp_pipeline_dag.py took 0.121 seconds
[2026-07-15T11:01:55.310+0000] {processor.py:161} INFO - Started process (PID=2248) to work on /opt/airflow/dags/sdp_pipeline_dag.py
[2026-07-15T11:01:55.311+0000] {processor.py:830} INFO - Processing file /opt/airflow/dags/sdp_pipeline_dag.py for tasks to queue
[2026-07-15T11:01:55.313+0000] {logging_mixin.py:188} INFO - [2026-07-15T11:01:55.312+0000] {dagbag.py:540} INFO - Filling up the DagBag from /opt/airflow/dags/sdp_pipeline_dag.py
[2026-07-15T11:01:55.331+0000] {processor.py:840} INFO - DAG(s) 'e-commerce_kafka_streaming_pipeline_v10' retrieved from /opt/airflow/dags/sdp_pipeline_dag.py
[2026-07-15T11:01:55.364+0000] {logging_mixin.py:188} INFO - [2026-07-15T11:01:55.363+0000] {dag.py:3096} INFO - Sync 1 DAGs
[2026-07-15T11:01:55.406+0000] {logging_mixin.py:188} INFO - [2026-07-15T11:01:55.406+0000] {dag.py:3954} INFO - Setting next_dagrun for e-commerce_kafka_streaming_pipeline_v10 to 2026-07-15 10:00:00+00:00, run_after=2026-07-15 11:00:00+00:00
[2026-07-15T11:01:55.446+0000] {processor.py:183} INFO - Processing /opt/airflow/dags/sdp_pipeline_dag.py took 0.142 seconds
[2026-07-15T11:02:26.039+0000] {processor.py:161} INFO - Started process (PID=2273) to work on /opt/airflow/dags/sdp_pipeline_dag.py
[2026-07-15T11:02:26.040+0000] {processor.py:830} INFO - Processing file /opt/airflow/dags/sdp_pipeline_dag.py for tasks to queue
[2026-07-15T11:02:26.043+0000] {logging_mixin.py:188} INFO - [2026-07-15T11:02:26.043+0000] {dagbag.py:540} INFO - Filling up the DagBag from /opt/airflow/dags/sdp_pipeline_dag.py
[2026-07-15T11:02:26.074+0000] {processor.py:840} INFO - DAG(s) 'e-commerce_kafka_streaming_pipeline_v10' retrieved from /opt/airflow/dags/sdp_pipeline_dag.py
[2026-07-15T11:02:26.109+0000] {logging_mixin.py:188} INFO - [2026-07-15T11:02:26.109+0000] {dag.py:3096} INFO - Sync 1 DAGs
[2026-07-15T11:02:26.138+0000] {logging_mixin.py:188} INFO - [2026-07-15T11:02:26.138+0000] {dag.py:3954} INFO - Setting next_dagrun for e-commerce_kafka_streaming_pipeline_v10 to 2026-07-15 10:00:00+00:00, run_after=2026-07-15 11:00:00+00:00
[2026-07-15T11:02:26.160+0000] {processor.py:183} INFO - Processing /opt/airflow/dags/sdp_pipeline_dag.py took 0.128 seconds
[2026-07-15T11:02:56.823+0000] {processor.py:161} INFO - Started process (PID=2298) to work on /opt/airflow/dags/sdp_pipeline_dag.py
[2026-07-15T11:02:56.825+0000] {processor.py:830} INFO - Processing file /opt/airflow/dags/sdp_pipeline_dag.py for tasks to queue
[2026-07-15T11:02:56.826+0000] {logging_mixin.py:188} INFO - [2026-07-15T11:02:56.826+0000] {dagbag.py:540} INFO - Filling up the DagBag from /opt/airflow/dags/sdp_pipeline_dag.py
[2026-07-15T11:02:56.855+0000] {processor.py:840} INFO - DAG(s) 'e-commerce_kafka_streaming_pipeline_v10' retrieved from /opt/airflow/dags/sdp_pipeline_dag.py
[2026-07-15T11:02:56.895+0000] {logging_mixin.py:188} INFO - [2026-07-15T11:02:56.895+0000] {dag.py:3096} INFO - Sync 1 DAGs
[2026-07-15T11:02:56.926+0000] {logging_mixin.py:188} INFO - [2026-07-15T11:02:56.926+0000] {dag.py:3954} INFO - Setting next_dagrun for e-commerce_kafka_streaming_pipeline_v10 to 2026-07-15 10:00:00+00:00, run_after=2026-07-15 11:00:00+00:00
[2026-07-15T11:02:56.945+0000] {processor.py:183} INFO - Processing /opt/airflow/dags/sdp_pipeline_dag.py took 0.130 seconds
[2026-07-15T11:03:27.593+0000] {processor.py:161} INFO - Started process (PID=2323) to work on /opt/airflow/dags/sdp_pipeline_dag.py
[2026-07-15T11:03:27.595+0000] {processor.py:830} INFO - Processing file /opt/airflow/dags/sdp_pipeline_dag.py for tasks to queue
[2026-07-15T11:03:27.598+0000] {logging_mixin.py:188} INFO - [2026-07-15T11:03:27.597+0000] {dagbag.py:540} INFO - Filling up the DagBag from /opt/airflow/dags/sdp_pipeline_dag.py
[2026-07-15T11:03:27.630+0000] {processor.py:840} INFO - DAG(s) 'e-commerce_kafka_streaming_pipeline_v10' retrieved from /opt/airflow/dags/sdp_pipeline_dag.py
[2026-07-15T11:03:27.673+0000] {logging_mixin.py:188} INFO - [2026-07-15T11:03:27.672+0000] {dag.py:3096} INFO - Sync 1 DAGs
[2026-07-15T11:03:27.712+0000] {logging_mixin.py:188} INFO - [2026-07-15T11:03:27.712+0000] {dag.py:3954} INFO - Setting next_dagrun for e-commerce_kafka_streaming_pipeline_v10 to 2026-07-15 10:00:00+00:00, run_after=2026-07-15 11:00:00+00:00
[2026-07-15T11:03:27.740+0000] {processor.py:183} INFO - Processing /opt/airflow/dags/sdp_pipeline_dag.py took 0.156 seconds
[2026-07-15T11:03:58.387+0000] {processor.py:161} INFO - Started process (PID=2348) to work on /opt/airflow/dags/sdp_pipeline_dag.py
[2026-07-15T11:03:58.389+0000] {processor.py:830} INFO - Processing file /opt/airflow/dags/sdp_pipeline_dag.py for tasks to queue
[2026-07-15T11:03:58.391+0000] {logging_mixin.py:188} INFO - [2026-07-15T11:03:58.390+0000] {dagbag.py:540} INFO - Filling up the DagBag from /opt/airflow/dags/sdp_pipeline_dag.py
[2026-07-15T11:03:58.425+0000] {processor.py:840} INFO - DAG(s) 'e-commerce_kafka_streaming_pipeline_v10' retrieved from /opt/airflow/dags/sdp_pipeline_dag.py
[2026-07-15T11:03:58.459+0000] {logging_mixin.py:188} INFO - [2026-07-15T11:03:58.459+0000] {dag.py:3096} INFO - Sync 1 DAGs
[2026-07-15T11:03:58.494+0000] {logging_mixin.py:188} INFO - [2026-07-15T11:03:58.494+0000] {dag.py:3954} INFO - Setting next_dagrun for e-commerce_kafka_streaming_pipeline_v10 to 2026-07-15 10:00:00+00:00, run_after=2026-07-15 11:00:00+00:00
[2026-07-15T11:03:58.525+0000] {processor.py:183} INFO - Processing /opt/airflow/dags/sdp_pipeline_dag.py took 0.147 seconds
[2026-07-15T11:04:29.229+0000] {processor.py:161} INFO - Started process (PID=2373) to work on /opt/airflow/dags/sdp_pipeline_dag.py
[2026-07-15T11:04:29.231+0000] {processor.py:830} INFO - Processing file /opt/airflow/dags/sdp_pipeline_dag.py for tasks to queue
[2026-07-15T11:04:29.235+0000] {logging_mixin.py:188} INFO - [2026-07-15T11:04:29.234+0000] {dagbag.py:540} INFO - Filling up the DagBag from /opt/airflow/dags/sdp_pipeline_dag.py
[2026-07-15T11:04:29.262+0000] {processor.py:840} INFO - DAG(s) 'e-commerce_kafka_streaming_pipeline_v10' retrieved from /opt/airflow/dags/sdp_pipeline_dag.py
[2026-07-15T11:04:29.303+0000] {logging_mixin.py:188} INFO - [2026-07-15T11:04:29.302+0000] {dag.py:3096} INFO - Sync 1 DAGs
[2026-07-15T11:04:29.335+0000] {logging_mixin.py:188} INFO - [2026-07-15T11:04:29.335+0000] {dag.py:3954} INFO - Setting next_dagrun for e-commerce_kafka_streaming_pipeline_v10 to 2026-07-15 10:00:00+00:00, run_after=2026-07-15 11:00:00+00:00
[2026-07-15T11:04:29.363+0000] {processor.py:183} INFO - Processing /opt/airflow/dags/sdp_pipeline_dag.py took 0.140 seconds
[2026-07-15T11:05:00.057+0000] {processor.py:161} INFO - Started process (PID=2398) to work on /opt/airflow/dags/sdp_pipeline_dag.py
[2026-07-15T11:05:00.059+0000] {processor.py:830} INFO - Processing file /opt/airflow/dags/sdp_pipeline_dag.py for tasks to queue
[2026-07-15T11:05:00.063+0000] {logging_mixin.py:188} INFO - [2026-07-15T11:05:00.062+0000] {dagbag.py:540} INFO - Filling up the DagBag from /opt/airflow/dags/sdp_pipeline_dag.py
[2026-07-15T11:05:00.105+0000] {processor.py:840} INFO - DAG(s) 'e-commerce_kafka_streaming_pipeline_v10' retrieved from /opt/airflow/dags/sdp_pipeline_dag.py
[2026-07-15T11:05:00.140+0000] {logging_mixin.py:188} INFO - [2026-07-15T11:05:00.140+0000] {dag.py:3096} INFO - Sync 1 DAGs
[2026-07-15T11:05:00.173+0000] {logging_mixin.py:188} INFO - [2026-07-15T11:05:00.173+0000] {dag.py:3954} INFO - Setting next_dagrun for e-commerce_kafka_streaming_pipeline_v10 to 2026-07-15 10:00:00+00:00, run_after=2026-07-15 11:00:00+00:00
[2026-07-15T11:05:00.198+0000] {processor.py:183} INFO - Processing /opt/airflow/dags/sdp_pipeline_dag.py took 0.148 seconds
[2026-07-15T11:05:30.844+0000] {processor.py:161} INFO - Started process (PID=2423) to work on /opt/airflow/dags/sdp_pipeline_dag.py
[2026-07-15T11:05:30.846+0000] {processor.py:830} INFO - Processing file /opt/airflow/dags/sdp_pipeline_dag.py for tasks to queue
[2026-07-15T11:05:30.850+0000] {logging_mixin.py:188} INFO - [2026-07-15T11:05:30.849+0000] {dagbag.py:540} INFO - Filling up the DagBag from /opt/airflow/dags/sdp_pipeline_dag.py
[2026-07-15T11:05:30.891+0000] {processor.py:840} INFO - DAG(s) 'e-commerce_kafka_streaming_pipeline_v10' retrieved from /opt/airflow/dags/sdp_pipeline_dag.py
[2026-07-15T11:05:30.957+0000] {logging_mixin.py:188} INFO - [2026-07-15T11:05:30.956+0000] {dag.py:3096} INFO - Sync 1 DAGs
[2026-07-15T11:05:30.989+0000] {logging_mixin.py:188} INFO - [2026-07-15T11:05:30.989+0000] {dag.py:3954} INFO - Setting next_dagrun for e-commerce_kafka_streaming_pipeline_v10 to 2026-07-15 10:00:00+00:00, run_after=2026-07-15 11:00:00+00:00
[2026-07-15T11:05:31.013+0000] {processor.py:183} INFO - Processing /opt/airflow/dags/sdp_pipeline_dag.py took 0.175 seconds
[2026-07-15T11:06:01.603+0000] {processor.py:161} INFO - Started process (PID=2448) to work on /opt/airflow/dags/sdp_pipeline_dag.py
[2026-07-15T11:06:01.605+0000] {processor.py:830} INFO - Processing file /opt/airflow/dags/sdp_pipeline_dag.py for tasks to queue
[2026-07-15T11:06:01.607+0000] {logging_mixin.py:188} INFO - [2026-07-15T11:06:01.606+0000] {dagbag.py:540} INFO - Filling up the DagBag from /opt/airflow/dags/sdp_pipeline_dag.py
[2026-07-15T11:06:01.627+0000] {processor.py:840} INFO - DAG(s) 'e-commerce_kafka_streaming_pipeline_v10' retrieved from /opt/airflow/dags/sdp_pipeline_dag.py
[2026-07-15T11:06:01.654+0000] {logging_mixin.py:188} INFO - [2026-07-15T11:06:01.653+0000] {dag.py:3096} INFO - Sync 1 DAGs
[2026-07-15T11:06:01.676+0000] {logging_mixin.py:188} INFO - [2026-07-15T11:06:01.676+0000] {dag.py:3954} INFO - Setting next_dagrun for e-commerce_kafka_streaming_pipeline_v10 to 2026-07-15 10:00:00+00:00, run_after=2026-07-15 11:00:00+00:00
[2026-07-15T11:06:01.704+0000] {processor.py:183} INFO - Processing /opt/airflow/dags/sdp_pipeline_dag.py took 0.109 seconds
[2026-07-15T11:06:32.434+0000] {processor.py:161} INFO - Started process (PID=2473) to work on /opt/airflow/dags/sdp_pipeline_dag.py
[2026-07-15T11:06:32.435+0000] {processor.py:830} INFO - Processing file /opt/airflow/dags/sdp_pipeline_dag.py for tasks to queue
[2026-07-15T11:06:32.437+0000] {logging_mixin.py:188} INFO - [2026-07-15T11:06:32.436+0000] {dagbag.py:540} INFO - Filling up the DagBag from /opt/airflow/dags/sdp_pipeline_dag.py
[2026-07-15T11:06:32.458+0000] {processor.py:840} INFO - DAG(s) 'e-commerce_kafka_streaming_pipeline_v10' retrieved from /opt/airflow/dags/sdp_pipeline_dag.py
[2026-07-15T11:06:32.534+0000] {logging_mixin.py:188} INFO - [2026-07-15T11:06:32.534+0000] {dag.py:3096} INFO - Sync 1 DAGs
[2026-07-15T11:06:32.573+0000] {logging_mixin.py:188} INFO - [2026-07-15T11:06:32.573+0000] {dag.py:3954} INFO - Setting next_dagrun for e-commerce_kafka_streaming_pipeline_v10 to 2026-07-15 10:00:00+00:00, run_after=2026-07-15 11:00:00+00:00
[2026-07-15T11:06:32.592+0000] {processor.py:183} INFO - Processing /opt/airflow/dags/sdp_pipeline_dag.py took 0.165 seconds
[2026-07-15T11:07:03.380+0000] {processor.py:161} INFO - Started process (PID=2498) to work on /opt/airflow/dags/sdp_pipeline_dag.py
[2026-07-15T11:07:03.381+0000] {processor.py:830} INFO - Processing file /opt/airflow/dags/sdp_pipeline_dag.py for tasks to queue
[2026-07-15T11:07:03.384+0000] {logging_mixin.py:188} INFO - [2026-07-15T11:07:03.383+0000] {dagbag.py:540} INFO - Filling up the DagBag from /opt/airflow/dags/sdp_pipeline_dag.py
[2026-07-15T11:07:03.410+0000] {processor.py:840} INFO - DAG(s) 'e-commerce_kafka_streaming_pipeline_v10' retrieved from /opt/airflow/dags/sdp_pipeline_dag.py
[2026-07-15T11:07:03.441+0000] {logging_mixin.py:188} INFO - [2026-07-15T11:07:03.441+0000] {dag.py:3096} INFO - Sync 1 DAGs
[2026-07-15T11:07:03.465+0000] {logging_mixin.py:188} INFO - [2026-07-15T11:07:03.465+0000] {dag.py:3954} INFO - Setting next_dagrun for e-commerce_kafka_streaming_pipeline_v10 to 2026-07-15 10:00:00+00:00, run_after=2026-07-15 11:00:00+00:00
[2026-07-15T11:07:03.485+0000] {processor.py:183} INFO - Processing /opt/airflow/dags/sdp_pipeline_dag.py took 0.111 seconds
[2026-07-15T11:07:34.111+0000] {processor.py:161} INFO - Started process (PID=2523) to work on /opt/airflow/dags/sdp_pipeline_dag.py
[2026-07-15T11:07:34.112+0000] {processor.py:830} INFO - Processing file /opt/airflow/dags/sdp_pipeline_dag.py for tasks to queue
[2026-07-15T11:07:34.116+0000] {logging_mixin.py:188} INFO - [2026-07-15T11:07:34.115+0000] {dagbag.py:540} INFO - Filling up the DagBag from /opt/airflow/dags/sdp_pipeline_dag.py
[2026-07-15T11:07:34.147+0000] {processor.py:840} INFO - DAG(s) 'e-commerce_kafka_streaming_pipeline_v10' retrieved from /opt/airflow/dags/sdp_pipeline_dag.py
[2026-07-15T11:07:34.181+0000] {logging_mixin.py:188} INFO - [2026-07-15T11:07:34.181+0000] {dag.py:3096} INFO - Sync 1 DAGs
[2026-07-15T11:07:34.220+0000] {logging_mixin.py:188} INFO - [2026-07-15T11:07:34.220+0000] {dag.py:3954} INFO - Setting next_dagrun for e-commerce_kafka_streaming_pipeline_v10 to 2026-07-15 10:00:00+00:00, run_after=2026-07-15 11:00:00+00:00
[2026-07-15T11:07:34.242+0000] {processor.py:183} INFO - Processing /opt/airflow/dags/sdp_pipeline_dag.py took 0.140 seconds
[2026-07-15T11:08:04.928+0000] {processor.py:161} INFO - Started process (PID=2548) to work on /opt/airflow/dags/sdp_pipeline_dag.py
[2026-07-15T11:08:04.931+0000] {processor.py:830} INFO - Processing file /opt/airflow/dags/sdp_pipeline_dag.py for tasks to queue
[2026-07-15T11:08:04.935+0000] {logging_mixin.py:188} INFO - [2026-07-15T11:08:04.934+0000] {dagbag.py:540} INFO - Filling up the DagBag from /opt/airflow/dags/sdp_pipeline_dag.py
[2026-07-15T11:08:04.992+0000] {processor.py:840} INFO - DAG(s) 'e-commerce_kafka_streaming_pipeline_v10' retrieved from /opt/airflow/dags/sdp_pipeline_dag.py
[2026-07-15T11:08:05.021+0000] {logging_mixin.py:188} INFO - [2026-07-15T11:08:05.021+0000] {dag.py:3096} INFO - Sync 1 DAGs
[2026-07-15T11:08:05.053+0000] {logging_mixin.py:188} INFO - [2026-07-15T11:08:05.052+0000] {dag.py:3954} INFO - Setting next_dagrun for e-commerce_kafka_streaming_pipeline_v10 to 2026-07-15 10:00:00+00:00, run_after=2026-07-15 11:00:00+00:00
[2026-07-15T11:08:05.076+0000] {processor.py:183} INFO - Processing /opt/airflow/dags/sdp_pipeline_dag.py took 0.163 seconds
[2026-07-15T11:08:35.727+0000] {processor.py:161} INFO - Started process (PID=2573) to work on /opt/airflow/dags/sdp_pipeline_dag.py
[2026-07-15T11:08:35.730+0000] {processor.py:830} INFO - Processing file /opt/airflow/dags/sdp_pipeline_dag.py for tasks to queue
[2026-07-15T11:08:35.732+0000] {logging_mixin.py:188} INFO - [2026-07-15T11:08:35.731+0000] {dagbag.py:540} INFO - Filling up the DagBag from /opt/airflow/dags/sdp_pipeline_dag.py
[2026-07-15T11:08:35.766+0000] {processor.py:840} INFO - DAG(s) 'e-commerce_kafka_streaming_pipeline_v10' retrieved from /opt/airflow/dags/sdp_pipeline_dag.py
[2026-07-15T11:08:35.821+0000] {logging_mixin.py:188} INFO - [2026-07-15T11:08:35.821+0000] {dag.py:3096} INFO - Sync 1 DAGs
[2026-07-15T11:08:35.855+0000] {logging_mixin.py:188} INFO - [2026-07-15T11:08:35.855+0000] {dag.py:3954} INFO - Setting next_dagrun for e-commerce_kafka_streaming_pipeline_v10 to 2026-07-15 10:00:00+00:00, run_after=2026-07-15 11:00:00+00:00
[2026-07-15T11:08:35.891+0000] {processor.py:183} INFO - Processing /opt/airflow/dags/sdp_pipeline_dag.py took 0.175 seconds
[2026-07-15T11:09:06.510+0000] {processor.py:161} INFO - Started process (PID=2598) to work on /opt/airflow/dags/sdp_pipeline_dag.py
[2026-07-15T11:09:06.512+0000] {processor.py:830} INFO - Processing file /opt/airflow/dags/sdp_pipeline_dag.py for tasks to queue
[2026-07-15T11:09:06.514+0000] {logging_mixin.py:188} INFO - [2026-07-15T11:09:06.513+0000] {dagbag.py:540} INFO - Filling up the DagBag from /opt/airflow/dags/sdp_pipeline_dag.py
[2026-07-15T11:09:06.542+0000] {processor.py:840} INFO - DAG(s) 'e-commerce_kafka_streaming_pipeline_v10' retrieved from /opt/airflow/dags/sdp_pipeline_dag.py
[2026-07-15T11:09:06.577+0000] {logging_mixin.py:188} INFO - [2026-07-15T11:09:06.577+0000] {dag.py:3096} INFO - Sync 1 DAGs
[2026-07-15T11:09:06.612+0000] {logging_mixin.py:188} INFO - [2026-07-15T11:09:06.612+0000] {dag.py:3954} INFO - Setting next_dagrun for e-commerce_kafka_streaming_pipeline_v10 to 2026-07-15 10:00:00+00:00, run_after=2026-07-15 11:00:00+00:00
[2026-07-15T11:09:06.637+0000] {processor.py:183} INFO - Processing /opt/airflow/dags/sdp_pipeline_dag.py took 0.134 seconds
[2026-07-15T11:09:37.480+0000] {processor.py:161} INFO - Started process (PID=2623) to work on /opt/airflow/dags/sdp_pipeline_dag.py
[2026-07-15T11:09:37.482+0000] {processor.py:830} INFO - Processing file /opt/airflow/dags/sdp_pipeline_dag.py for tasks to queue
[2026-07-15T11:09:37.484+0000] {logging_mixin.py:188} INFO - [2026-07-15T11:09:37.483+0000] {dagbag.py:540} INFO - Filling up the DagBag from /opt/airflow/dags/sdp_pipeline_dag.py
[2026-07-15T11:09:37.508+0000] {processor.py:840} INFO - DAG(s) 'e-commerce_kafka_streaming_pipeline_v10' retrieved from /opt/airflow/dags/sdp_pipeline_dag.py
[2026-07-15T11:09:37.538+0000] {logging_mixin.py:188} INFO - [2026-07-15T11:09:37.538+0000] {dag.py:3096} INFO - Sync 1 DAGs
[2026-07-15T11:09:37.562+0000] {logging_mixin.py:188} INFO - [2026-07-15T11:09:37.562+0000] {dag.py:3954} INFO - Setting next_dagrun for e-commerce_kafka_streaming_pipeline_v10 to 2026-07-15 10:00:00+00:00, run_after=2026-07-15 11:00:00+00:00
[2026-07-15T11:09:37.581+0000] {processor.py:183} INFO - Processing /opt/airflow/dags/sdp_pipeline_dag.py took 0.107 seconds
[2026-07-15T11:10:08.198+0000] {processor.py:161} INFO - Started process (PID=2648) to work on /opt/airflow/dags/sdp_pipeline_dag.py
[2026-07-15T11:10:08.200+0000] {processor.py:830} INFO - Processing file /opt/airflow/dags/sdp_pipeline_dag.py for tasks to queue
[2026-07-15T11:10:08.202+0000] {logging_mixin.py:188} INFO - [2026-07-15T11:10:08.202+0000] {dagbag.py:540} INFO - Filling up the DagBag from /opt/airflow/dags/sdp_pipeline_dag.py
[2026-07-15T11:10:08.234+0000] {processor.py:840} INFO - DAG(s) 'e-commerce_kafka_streaming_pipeline_v10' retrieved from /opt/airflow/dags/sdp_pipeline_dag.py
[2026-07-15T11:10:08.262+0000] {logging_mixin.py:188} INFO - [2026-07-15T11:10:08.262+0000] {dag.py:3096} INFO - Sync 1 DAGs
[2026-07-15T11:10:08.284+0000] {logging_mixin.py:188} INFO - [2026-07-15T11:10:08.284+0000] {dag.py:3954} INFO - Setting next_dagrun for e-commerce_kafka_streaming_pipeline_v10 to 2026-07-15 10:00:00+00:00, run_after=2026-07-15 11:00:00+00:00
[2026-07-15T11:10:08.305+0000] {processor.py:183} INFO - Processing /opt/airflow/dags/sdp_pipeline_dag.py took 0.113 seconds
[2026-07-15T11:10:38.959+0000] {processor.py:161} INFO - Started process (PID=2673) to work on /opt/airflow/dags/sdp_pipeline_dag.py
[2026-07-15T11:10:38.961+0000] {processor.py:830} INFO - Processing file /opt/airflow/dags/sdp_pipeline_dag.py for tasks to queue
[2026-07-15T11:10:38.963+0000] {logging_mixin.py:188} INFO - [2026-07-15T11:10:38.962+0000] {dagbag.py:540} INFO - Filling up the DagBag from /opt/airflow/dags/sdp_pipeline_dag.py
[2026-07-15T11:10:38.990+0000] {processor.py:840} INFO - DAG(s) 'e-commerce_kafka_streaming_pipeline_v10' retrieved from /opt/airflow/dags/sdp_pipeline_dag.py
[2026-07-15T11:10:39.024+0000] {logging_mixin.py:188} INFO - [2026-07-15T11:10:39.023+0000] {dag.py:3096} INFO - Sync 1 DAGs
[2026-07-15T11:10:39.077+0000] {logging_mixin.py:188} INFO - [2026-07-15T11:10:39.076+0000] {dag.py:3954} INFO - Setting next_dagrun for e-commerce_kafka_streaming_pipeline_v10 to 2026-07-15 10:00:00+00:00, run_after=2026-07-15 11:00:00+00:00
[2026-07-15T11:10:39.105+0000] {processor.py:183} INFO - Processing /opt/airflow/dags/sdp_pipeline_dag.py took 0.152 seconds
[2026-07-15T11:11:09.730+0000] {processor.py:161} INFO - Started process (PID=2698) to work on /opt/airflow/dags/sdp_pipeline_dag.py
[2026-07-15T11:11:09.731+0000] {processor.py:830} INFO - Processing file /opt/airflow/dags/sdp_pipeline_dag.py for tasks to queue
[2026-07-15T11:11:09.733+0000] {logging_mixin.py:188} INFO - [2026-07-15T11:11:09.733+0000] {dagbag.py:540} INFO - Filling up the DagBag from /opt/airflow/dags/sdp_pipeline_dag.py
[2026-07-15T11:11:09.753+0000] {processor.py:840} INFO - DAG(s) 'e-commerce_kafka_streaming_pipeline_v10' retrieved from /opt/airflow/dags/sdp_pipeline_dag.py
[2026-07-15T11:11:09.785+0000] {logging_mixin.py:188} INFO - [2026-07-15T11:11:09.785+0000] {dag.py:3096} INFO - Sync 1 DAGs
[2026-07-15T11:11:09.813+0000] {logging_mixin.py:188} INFO - [2026-07-15T11:11:09.812+0000] {dag.py:3954} INFO - Setting next_dagrun for e-commerce_kafka_streaming_pipeline_v10 to 2026-07-15 10:00:00+00:00, run_after=2026-07-15 11:00:00+00:00
[2026-07-15T11:11:09.833+0000] {processor.py:183} INFO - Processing /opt/airflow/dags/sdp_pipeline_dag.py took 0.109 seconds
[2026-07-15T11:11:40.709+0000] {processor.py:161} INFO - Started process (PID=2723) to work on /opt/airflow/dags/sdp_pipeline_dag.py
[2026-07-15T11:11:40.713+0000] {processor.py:830} INFO - Processing file /opt/airflow/dags/sdp_pipeline_dag.py for tasks to queue
[2026-07-15T11:11:40.714+0000] {logging_mixin.py:188} INFO - [2026-07-15T11:11:40.714+0000] {dagbag.py:540} INFO - Filling up the DagBag from /opt/airflow/dags/sdp_pipeline_dag.py
[2026-07-15T11:11:40.748+0000] {processor.py:840} INFO - DAG(s) 'e-commerce_kafka_streaming_pipeline_v10' retrieved from /opt/airflow/dags/sdp_pipeline_dag.py
[2026-07-15T11:11:40.789+0000] {logging_mixin.py:188} INFO - [2026-07-15T11:11:40.789+0000] {dag.py:3096} INFO - Sync 1 DAGs
[2026-07-15T11:11:40.820+0000] {logging_mixin.py:188} INFO - [2026-07-15T11:11:40.819+0000] {dag.py:3954} INFO - Setting next_dagrun for e-commerce_kafka_streaming_pipeline_v10 to 2026-07-15 10:00:00+00:00, run_after=2026-07-15 11:00:00+00:00
[2026-07-15T11:11:40.847+0000] {processor.py:183} INFO - Processing /opt/airflow/dags/sdp_pipeline_dag.py took 0.144 seconds
[2026-07-15T11:12:11.529+0000] {processor.py:161} INFO - Started process (PID=2748) to work on /opt/airflow/dags/sdp_pipeline_dag.py
[2026-07-15T11:12:11.531+0000] {processor.py:830} INFO - Processing file /opt/airflow/dags/sdp_pipeline_dag.py for tasks to queue
[2026-07-15T11:12:11.534+0000] {logging_mixin.py:188} INFO - [2026-07-15T11:12:11.533+0000] {dagbag.py:540} INFO - Filling up the DagBag from /opt/airflow/dags/sdp_pipeline_dag.py
[2026-07-15T11:12:11.577+0000] {processor.py:840} INFO - DAG(s) 'e-commerce_kafka_streaming_pipeline_v10' retrieved from /opt/airflow/dags/sdp_pipeline_dag.py
[2026-07-15T11:12:11.616+0000] {logging_mixin.py:188} INFO - [2026-07-15T11:12:11.616+0000] {dag.py:3096} INFO - Sync 1 DAGs
[2026-07-15T11:12:11.650+0000] {logging_mixin.py:188} INFO - [2026-07-15T11:12:11.650+0000] {dag.py:3954} INFO - Setting next_dagrun for e-commerce_kafka_streaming_pipeline_v10 to 2026-07-15 10:00:00+00:00, run_after=2026-07-15 11:00:00+00:00
[2026-07-15T11:12:11.680+0000] {processor.py:183} INFO - Processing /opt/airflow/dags/sdp_pipeline_dag.py took 0.160 seconds
[2026-07-15T11:12:42.297+0000] {processor.py:161} INFO - Started process (PID=2773) to work on /opt/airflow/dags/sdp_pipeline_dag.py
[2026-07-15T11:12:42.299+0000] {processor.py:830} INFO - Processing file /opt/airflow/dags/sdp_pipeline_dag.py for tasks to queue
[2026-07-15T11:12:42.301+0000] {logging_mixin.py:188} INFO - [2026-07-15T11:12:42.300+0000] {dagbag.py:540} INFO - Filling up the DagBag from /opt/airflow/dags/sdp_pipeline_dag.py
[2026-07-15T11:12:42.329+0000] {processor.py:840} INFO - DAG(s) 'e-commerce_kafka_streaming_pipeline_v10' retrieved from /opt/airflow/dags/sdp_pipeline_dag.py
[2026-07-15T11:12:42.363+0000] {logging_mixin.py:188} INFO - [2026-07-15T11:12:42.362+0000] {dag.py:3096} INFO - Sync 1 DAGs
[2026-07-15T11:12:42.389+0000] {logging_mixin.py:188} INFO - [2026-07-15T11:12:42.389+0000] {dag.py:3954} INFO - Setting next_dagrun for e-commerce_kafka_streaming_pipeline_v10 to 2026-07-15 10:00:00+00:00, run_after=2026-07-15 11:00:00+00:00
[2026-07-15T11:12:42.412+0000] {processor.py:183} INFO - Processing /opt/airflow/dags/sdp_pipeline_dag.py took 0.125 seconds
[2026-07-15T11:13:12.874+0000] {processor.py:161} INFO - Started process (PID=2798) to work on /opt/airflow/dags/sdp_pipeline_dag.py
[2026-07-15T11:13:12.876+0000] {processor.py:830} INFO - Processing file /opt/airflow/dags/sdp_pipeline_dag.py for tasks to queue
[2026-07-15T11:13:12.878+0000] {logging_mixin.py:188} INFO - [2026-07-15T11:13:12.877+0000] {dagbag.py:540} INFO - Filling up the DagBag from /opt/airflow/dags/sdp_pipeline_dag.py
[2026-07-15T11:13:12.909+0000] {processor.py:840} INFO - DAG(s) 'e-commerce_kafka_streaming_pipeline_v10' retrieved from /opt/airflow/dags/sdp_pipeline_dag.py
[2026-07-15T11:13:12.948+0000] {logging_mixin.py:188} INFO - [2026-07-15T11:13:12.948+0000] {dag.py:3096} INFO - Sync 1 DAGs
[2026-07-15T11:13:12.979+0000] {logging_mixin.py:188} INFO - [2026-07-15T11:13:12.979+0000] {dag.py:3954} INFO - Setting next_dagrun for e-commerce_kafka_streaming_pipeline_v10 to 2026-07-15 10:00:00+00:00, run_after=2026-07-15 11:00:00+00:00
[2026-07-15T11:13:13.005+0000] {processor.py:183} INFO - Processing /opt/airflow/dags/sdp_pipeline_dag.py took 0.137 seconds
[2026-07-15T11:13:43.715+0000] {processor.py:161} INFO - Started process (PID=2855) to work on /opt/airflow/dags/sdp_pipeline_dag.py
[2026-07-15T11:13:43.722+0000] {processor.py:830} INFO - Processing file /opt/airflow/dags/sdp_pipeline_dag.py for tasks to queue
[2026-07-15T11:13:43.726+0000] {logging_mixin.py:188} INFO - [2026-07-15T11:13:43.724+0000] {dagbag.py:540} INFO - Filling up the DagBag from /opt/airflow/dags/sdp_pipeline_dag.py
[2026-07-15T11:13:43.773+0000] {processor.py:840} INFO - DAG(s) 'e-commerce_kafka_streaming_pipeline_v10' retrieved from /opt/airflow/dags/sdp_pipeline_dag.py
[2026-07-15T11:13:43.848+0000] {logging_mixin.py:188} INFO - [2026-07-15T11:13:43.847+0000] {dag.py:3096} INFO - Sync 1 DAGs
[2026-07-15T11:13:43.898+0000] {logging_mixin.py:188} INFO - [2026-07-15T11:13:43.897+0000] {dag.py:3954} INFO - Setting next_dagrun for e-commerce_kafka_streaming_pipeline_v10 to 2026-07-15 11:00:00+00:00, run_after=2026-07-15 12:00:00+00:00
[2026-07-15T11:13:43.966+0000] {processor.py:183} INFO - Processing /opt/airflow/dags/sdp_pipeline_dag.py took 0.279 seconds
[2026-07-15T11:14:14.867+0000] {processor.py:161} INFO - Started process (PID=2881) to work on /opt/airflow/dags/sdp_pipeline_dag.py
[2026-07-15T11:14:14.871+0000] {processor.py:830} INFO - Processing file /opt/airflow/dags/sdp_pipeline_dag.py for tasks to queue
[2026-07-15T11:14:14.874+0000] {logging_mixin.py:188} INFO - [2026-07-15T11:14:14.873+0000] {dagbag.py:540} INFO - Filling up the DagBag from /opt/airflow/dags/sdp_pipeline_dag.py
[2026-07-15T11:14:14.992+0000] {processor.py:840} INFO - DAG(s) 'e-commerce_kafka_streaming_pipeline_v10' retrieved from /opt/airflow/dags/sdp_pipeline_dag.py
[2026-07-15T11:14:15.105+0000] {logging_mixin.py:188} INFO - [2026-07-15T11:14:15.105+0000] {dag.py:3096} INFO - Sync 1 DAGs
[2026-07-15T11:14:15.168+0000] {logging_mixin.py:188} INFO - [2026-07-15T11:14:15.167+0000] {dag.py:3954} INFO - Setting next_dagrun for e-commerce_kafka_streaming_pipeline_v10 to 2026-07-15 11:00:00+00:00, run_after=2026-07-15 12:00:00+00:00
[2026-07-15T11:14:15.208+0000] {processor.py:183} INFO - Processing /opt/airflow/dags/sdp_pipeline_dag.py took 0.362 seconds
[2026-07-15T11:14:46.087+0000] {processor.py:161} INFO - Started process (PID=2906) to work on /opt/airflow/dags/sdp_pipeline_dag.py
[2026-07-15T11:14:46.090+0000] {processor.py:830} INFO - Processing file /opt/airflow/dags/sdp_pipeline_dag.py for tasks to queue
[2026-07-15T11:14:46.092+0000] {logging_mixin.py:188} INFO - [2026-07-15T11:14:46.091+0000] {dagbag.py:540} INFO - Filling up the DagBag from /opt/airflow/dags/sdp_pipeline_dag.py
[2026-07-15T11:14:46.120+0000] {processor.py:840} INFO - DAG(s) 'e-commerce_kafka_streaming_pipeline_v10' retrieved from /opt/airflow/dags/sdp_pipeline_dag.py
[2026-07-15T11:14:46.170+0000] {logging_mixin.py:188} INFO - [2026-07-15T11:14:46.170+0000] {dag.py:3096} INFO - Sync 1 DAGs
[2026-07-15T11:14:46.210+0000] {logging_mixin.py:188} INFO - [2026-07-15T11:14:46.210+0000] {dag.py:3954} INFO - Setting next_dagrun for e-commerce_kafka_streaming_pipeline_v10 to 2026-07-15 11:00:00+00:00, run_after=2026-07-15 12:00:00+00:00
[2026-07-15T11:14:46.234+0000] {processor.py:183} INFO - Processing /opt/airflow/dags/sdp_pipeline_dag.py took 0.156 seconds
[2026-07-15T11:15:16.896+0000] {processor.py:161} INFO - Started process (PID=2931) to work on /opt/airflow/dags/sdp_pipeline_dag.py
[2026-07-15T11:15:16.898+0000] {processor.py:830} INFO - Processing file /opt/airflow/dags/sdp_pipeline_dag.py for tasks to queue
[2026-07-15T11:15:16.903+0000] {logging_mixin.py:188} INFO - [2026-07-15T11:15:16.901+0000] {dagbag.py:540} INFO - Filling up the DagBag from /opt/airflow/dags/sdp_pipeline_dag.py
[2026-07-15T11:15:16.947+0000] {processor.py:840} INFO - DAG(s) 'e-commerce_kafka_streaming_pipeline_v10' retrieved from /opt/airflow/dags/sdp_pipeline_dag.py
[2026-07-15T11:15:16.996+0000] {logging_mixin.py:188} INFO - [2026-07-15T11:15:16.995+0000] {dag.py:3096} INFO - Sync 1 DAGs
[2026-07-15T11:15:17.020+0000] {logging_mixin.py:188} INFO - [2026-07-15T11:15:17.020+0000] {dag.py:3954} INFO - Setting next_dagrun for e-commerce_kafka_streaming_pipeline_v10 to 2026-07-15 11:00:00+00:00, run_after=2026-07-15 12:00:00+00:00
[2026-07-15T11:15:17.040+0000] {processor.py:183} INFO - Processing /opt/airflow/dags/sdp_pipeline_dag.py took 0.153 seconds
[2026-07-15T11:15:47.684+0000] {processor.py:161} INFO - Started process (PID=2956) to work on /opt/airflow/dags/sdp_pipeline_dag.py
[2026-07-15T11:15:47.686+0000] {processor.py:830} INFO - Processing file /opt/airflow/dags/sdp_pipeline_dag.py for tasks to queue
[2026-07-15T11:15:47.688+0000] {logging_mixin.py:188} INFO - [2026-07-15T11:15:47.687+0000] {dagbag.py:540} INFO - Filling up the DagBag from /opt/airflow/dags/sdp_pipeline_dag.py
[2026-07-15T11:15:47.719+0000] {processor.py:840} INFO - DAG(s) 'e-commerce_kafka_streaming_pipeline_v10' retrieved from /opt/airflow/dags/sdp_pipeline_dag.py
[2026-07-15T11:15:47.759+0000] {logging_mixin.py:188} INFO - [2026-07-15T11:15:47.759+0000] {dag.py:3096} INFO - Sync 1 DAGs
[2026-07-15T11:15:47.790+0000] {logging_mixin.py:188} INFO - [2026-07-15T11:15:47.790+0000] {dag.py:3954} INFO - Setting next_dagrun for e-commerce_kafka_streaming_pipeline_v10 to 2026-07-15 11:00:00+00:00, run_after=2026-07-15 12:00:00+00:00
[2026-07-15T11:15:47.818+0000] {processor.py:183} INFO - Processing /opt/airflow/dags/sdp_pipeline_dag.py took 0.143 seconds
[2026-07-15T11:16:18.519+0000] {processor.py:161} INFO - Started process (PID=2994) to work on /opt/airflow/dags/sdp_pipeline_dag.py
[2026-07-15T11:16:18.526+0000] {processor.py:830} INFO - Processing file /opt/airflow/dags/sdp_pipeline_dag.py for tasks to queue
[2026-07-15T11:16:18.531+0000] {logging_mixin.py:188} INFO - [2026-07-15T11:16:18.529+0000] {dagbag.py:540} INFO - Filling up the DagBag from /opt/airflow/dags/sdp_pipeline_dag.py
[2026-07-15T11:16:18.584+0000] {processor.py:840} INFO - DAG(s) 'e-commerce_kafka_streaming_pipeline_v10' retrieved from /opt/airflow/dags/sdp_pipeline_dag.py
[2026-07-15T11:16:18.632+0000] {logging_mixin.py:188} INFO - [2026-07-15T11:16:18.632+0000] {dag.py:3096} INFO - Sync 1 DAGs
[2026-07-15T11:16:18.665+0000] {logging_mixin.py:188} INFO - [2026-07-15T11:16:18.665+0000] {dag.py:3954} INFO - Setting next_dagrun for e-commerce_kafka_streaming_pipeline_v10 to 2026-07-15 11:00:00+00:00, run_after=2026-07-15 12:00:00+00:00
[2026-07-15T11:16:18.696+0000] {processor.py:183} INFO - Processing /opt/airflow/dags/sdp_pipeline_dag.py took 0.208 seconds
[2026-07-15T11:16:49.401+0000] {processor.py:161} INFO - Started process (PID=3019) to work on /opt/airflow/dags/sdp_pipeline_dag.py
[2026-07-15T11:16:49.421+0000] {processor.py:830} INFO - Processing file /opt/airflow/dags/sdp_pipeline_dag.py for tasks to queue
[2026-07-15T11:16:49.426+0000] {logging_mixin.py:188} INFO - [2026-07-15T11:16:49.425+0000] {dagbag.py:540} INFO - Filling up the DagBag from /opt/airflow/dags/sdp_pipeline_dag.py
[2026-07-15T11:16:49.477+0000] {processor.py:840} INFO - DAG(s) 'e-commerce_kafka_streaming_pipeline_v10' retrieved from /opt/airflow/dags/sdp_pipeline_dag.py
[2026-07-15T11:16:49.567+0000] {logging_mixin.py:188} INFO - [2026-07-15T11:16:49.567+0000] {dag.py:3096} INFO - Sync 1 DAGs
[2026-07-15T11:16:49.624+0000] {logging_mixin.py:188} INFO - [2026-07-15T11:16:49.624+0000] {dag.py:3954} INFO - Setting next_dagrun for e-commerce_kafka_streaming_pipeline_v10 to 2026-07-15 11:00:00+00:00, run_after=2026-07-15 12:00:00+00:00
[2026-07-15T11:16:49.674+0000] {processor.py:183} INFO - Processing /opt/airflow/dags/sdp_pipeline_dag.py took 0.300 seconds
[2026-07-15T11:17:20.404+0000] {processor.py:161} INFO - Started process (PID=3044) to work on /opt/airflow/dags/sdp_pipeline_dag.py
[2026-07-15T11:17:20.406+0000] {processor.py:830} INFO - Processing file /opt/airflow/dags/sdp_pipeline_dag.py for tasks to queue
[2026-07-15T11:17:20.408+0000] {logging_mixin.py:188} INFO - [2026-07-15T11:17:20.408+0000] {dagbag.py:540} INFO - Filling up the DagBag from /opt/airflow/dags/sdp_pipeline_dag.py
[2026-07-15T11:17:20.437+0000] {processor.py:840} INFO - DAG(s) 'e-commerce_kafka_streaming_pipeline_v10' retrieved from /opt/airflow/dags/sdp_pipeline_dag.py
[2026-07-15T11:17:20.479+0000] {logging_mixin.py:188} INFO - [2026-07-15T11:17:20.479+0000] {dag.py:3096} INFO - Sync 1 DAGs
[2026-07-15T11:17:20.529+0000] {logging_mixin.py:188} INFO - [2026-07-15T11:17:20.529+0000] {dag.py:3954} INFO - Setting next_dagrun for e-commerce_kafka_streaming_pipeline_v10 to 2026-07-15 11:00:00+00:00, run_after=2026-07-15 12:00:00+00:00
[2026-07-15T11:17:20.569+0000] {processor.py:183} INFO - Processing /opt/airflow/dags/sdp_pipeline_dag.py took 0.175 seconds
[2026-07-15T11:17:51.993+0000] {processor.py:161} INFO - Started process (PID=3082) to work on /opt/airflow/dags/sdp_pipeline_dag.py
[2026-07-15T11:17:52.030+0000] {processor.py:830} INFO - Processing file /opt/airflow/dags/sdp_pipeline_dag.py for tasks to queue
[2026-07-15T11:17:52.058+0000] {logging_mixin.py:188} INFO - [2026-07-15T11:17:52.049+0000] {dagbag.py:540} INFO - Filling up the DagBag from /opt/airflow/dags/sdp_pipeline_dag.py
[2026-07-15T11:17:52.326+0000] {processor.py:840} INFO - DAG(s) 'e-commerce_kafka_streaming_pipeline_v10' retrieved from /opt/airflow/dags/sdp_pipeline_dag.py
[2026-07-15T11:17:52.758+0000] {logging_mixin.py:188} INFO - [2026-07-15T11:17:52.757+0000] {dag.py:3096} INFO - Sync 1 DAGs
[2026-07-15T11:17:53.092+0000] {logging_mixin.py:188} INFO - [2026-07-15T11:17:53.092+0000] {dag.py:3954} INFO - Setting next_dagrun for e-commerce_kafka_streaming_pipeline_v10 to 2026-07-15 11:00:00+00:00, run_after=2026-07-15 12:00:00+00:00
[2026-07-15T11:17:53.212+0000] {processor.py:183} INFO - Processing /opt/airflow/dags/sdp_pipeline_dag.py took 1.414 seconds
[2026-07-15T11:18:23.677+0000] {processor.py:161} INFO - Started process (PID=3107) to work on /opt/airflow/dags/sdp_pipeline_dag.py
[2026-07-15T11:18:23.679+0000] {processor.py:830} INFO - Processing file /opt/airflow/dags/sdp_pipeline_dag.py for tasks to queue
[2026-07-15T11:18:23.683+0000] {logging_mixin.py:188} INFO - [2026-07-15T11:18:23.682+0000] {dagbag.py:540} INFO - Filling up the DagBag from /opt/airflow/dags/sdp_pipeline_dag.py
[2026-07-15T11:18:23.732+0000] {processor.py:840} INFO - DAG(s) 'e-commerce_kafka_streaming_pipeline_v10' retrieved from /opt/airflow/dags/sdp_pipeline_dag.py
[2026-07-15T11:18:23.796+0000] {logging_mixin.py:188} INFO - [2026-07-15T11:18:23.796+0000] {dag.py:3096} INFO - Sync 1 DAGs
[2026-07-15T11:18:23.847+0000] {logging_mixin.py:188} INFO - [2026-07-15T11:18:23.847+0000] {dag.py:3954} INFO - Setting next_dagrun for e-commerce_kafka_streaming_pipeline_v10 to 2026-07-15 11:00:00+00:00, run_after=2026-07-15 12:00:00+00:00
[2026-07-15T11:18:23.900+0000] {processor.py:183} INFO - Processing /opt/airflow/dags/sdp_pipeline_dag.py took 0.241 seconds
[2026-07-15T11:18:54.612+0000] {processor.py:161} INFO - Started process (PID=3132) to work on /opt/airflow/dags/sdp_pipeline_dag.py
[2026-07-15T11:18:54.615+0000] {processor.py:830} INFO - Processing file /opt/airflow/dags/sdp_pipeline_dag.py for tasks to queue
[2026-07-15T11:18:54.618+0000] {logging_mixin.py:188} INFO - [2026-07-15T11:18:54.617+0000] {dagbag.py:540} INFO - Filling up the DagBag from /opt/airflow/dags/sdp_pipeline_dag.py
[2026-07-15T11:18:54.659+0000] {processor.py:840} INFO - DAG(s) 'e-commerce_kafka_streaming_pipeline_v10' retrieved from /opt/airflow/dags/sdp_pipeline_dag.py
[2026-07-15T11:18:54.720+0000] {logging_mixin.py:188} INFO - [2026-07-15T11:18:54.719+0000] {dag.py:3096} INFO - Sync 1 DAGs
[2026-07-15T11:18:54.775+0000] {logging_mixin.py:188} INFO - [2026-07-15T11:18:54.775+0000] {dag.py:3954} INFO - Setting next_dagrun for e-commerce_kafka_streaming_pipeline_v10 to 2026-07-15 11:00:00+00:00, run_after=2026-07-15 12:00:00+00:00
[2026-07-15T11:18:54.809+0000] {processor.py:183} INFO - Processing /opt/airflow/dags/sdp_pipeline_dag.py took 0.212 seconds
[2026-07-15T11:19:25.498+0000] {processor.py:161} INFO - Started process (PID=3157) to work on /opt/airflow/dags/sdp_pipeline_dag.py
[2026-07-15T11:19:25.500+0000] {processor.py:830} INFO - Processing file /opt/airflow/dags/sdp_pipeline_dag.py for tasks to queue
[2026-07-15T11:19:25.502+0000] {logging_mixin.py:188} INFO - [2026-07-15T11:19:25.502+0000] {dagbag.py:540} INFO - Filling up the DagBag from /opt/airflow/dags/sdp_pipeline_dag.py
[2026-07-15T11:19:25.533+0000] {processor.py:840} INFO - DAG(s) 'e-commerce_kafka_streaming_pipeline_v10' retrieved from /opt/airflow/dags/sdp_pipeline_dag.py
[2026-07-15T11:19:25.567+0000] {logging_mixin.py:188} INFO - [2026-07-15T11:19:25.567+0000] {dag.py:3096} INFO - Sync 1 DAGs
[2026-07-15T11:19:25.596+0000] {logging_mixin.py:188} INFO - [2026-07-15T11:19:25.596+0000] {dag.py:3954} INFO - Setting next_dagrun for e-commerce_kafka_streaming_pipeline_v10 to 2026-07-15 11:00:00+00:00, run_after=2026-07-15 12:00:00+00:00
[2026-07-15T11:19:25.618+0000] {processor.py:183} INFO - Processing /opt/airflow/dags/sdp_pipeline_dag.py took 0.130 seconds
[2026-07-15T11:19:56.277+0000] {processor.py:161} INFO - Started process (PID=3182) to work on /opt/airflow/dags/sdp_pipeline_dag.py
[2026-07-15T11:19:56.279+0000] {processor.py:830} INFO - Processing file /opt/airflow/dags/sdp_pipeline_dag.py for tasks to queue
[2026-07-15T11:19:56.282+0000] {logging_mixin.py:188} INFO - [2026-07-15T11:19:56.281+0000] {dagbag.py:540} INFO - Filling up the DagBag from /opt/airflow/dags/sdp_pipeline_dag.py
[2026-07-15T11:19:56.319+0000] {processor.py:840} INFO - DAG(s) 'e-commerce_kafka_streaming_pipeline_v10' retrieved from /opt/airflow/dags/sdp_pipeline_dag.py
[2026-07-15T11:19:56.350+0000] {logging_mixin.py:188} INFO - [2026-07-15T11:19:56.350+0000] {dag.py:3096} INFO - Sync 1 DAGs
[2026-07-15T11:19:56.375+0000] {logging_mixin.py:188} INFO - [2026-07-15T11:19:56.375+0000] {dag.py:3954} INFO - Setting next_dagrun for e-commerce_kafka_streaming_pipeline_v10 to 2026-07-15 11:00:00+00:00, run_after=2026-07-15 12:00:00+00:00
[2026-07-15T11:19:56.394+0000] {processor.py:183} INFO - Processing /opt/airflow/dags/sdp_pipeline_dag.py took 0.126 seconds
[2026-07-15T11:20:27.115+0000] {processor.py:161} INFO - Started process (PID=3207) to work on /opt/airflow/dags/sdp_pipeline_dag.py
[2026-07-15T11:20:27.117+0000] {processor.py:830} INFO - Processing file /opt/airflow/dags/sdp_pipeline_dag.py for tasks to queue
[2026-07-15T11:20:27.119+0000] {logging_mixin.py:188} INFO - [2026-07-15T11:20:27.118+0000] {dagbag.py:540} INFO - Filling up the DagBag from /opt/airflow/dags/sdp_pipeline_dag.py
[2026-07-15T11:20:27.151+0000] {processor.py:840} INFO - DAG(s) 'e-commerce_kafka_streaming_pipeline_v10' retrieved from /opt/airflow/dags/sdp_pipeline_dag.py
[2026-07-15T11:20:27.181+0000] {logging_mixin.py:188} INFO - [2026-07-15T11:20:27.181+0000] {dag.py:3096} INFO - Sync 1 DAGs
[2026-07-15T11:20:27.208+0000] {logging_mixin.py:188} INFO - [2026-07-15T11:20:27.208+0000] {dag.py:3954} INFO - Setting next_dagrun for e-commerce_kafka_streaming_pipeline_v10 to 2026-07-15 11:00:00+00:00, run_after=2026-07-15 12:00:00+00:00
[2026-07-15T11:20:27.235+0000] {processor.py:183} INFO - Processing /opt/airflow/dags/sdp_pipeline_dag.py took 0.127 seconds
[2026-07-15T11:20:57.839+0000] {processor.py:161} INFO - Started process (PID=3232) to work on /opt/airflow/dags/sdp_pipeline_dag.py
[2026-07-15T11:20:57.840+0000] {processor.py:830} INFO - Processing file /opt/airflow/dags/sdp_pipeline_dag.py for tasks to queue
[2026-07-15T11:20:57.842+0000] {logging_mixin.py:188} INFO - [2026-07-15T11:20:57.842+0000] {dagbag.py:540} INFO - Filling up the DagBag from /opt/airflow/dags/sdp_pipeline_dag.py
[2026-07-15T11:20:57.871+0000] {processor.py:840} INFO - DAG(s) 'e-commerce_kafka_streaming_pipeline_v10' retrieved from /opt/airflow/dags/sdp_pipeline_dag.py
[2026-07-15T11:20:57.908+0000] {logging_mixin.py:188} INFO - [2026-07-15T11:20:57.908+0000] {dag.py:3096} INFO - Sync 1 DAGs
[2026-07-15T11:20:57.937+0000] {logging_mixin.py:188} INFO - [2026-07-15T11:20:57.937+0000] {dag.py:3954} INFO - Setting next_dagrun for e-commerce_kafka_streaming_pipeline_v10 to 2026-07-15 11:00:00+00:00, run_after=2026-07-15 12:00:00+00:00
[2026-07-15T11:20:57.957+0000] {processor.py:183} INFO - Processing /opt/airflow/dags/sdp_pipeline_dag.py took 0.125 seconds
[2026-07-15T11:21:28.565+0000] {processor.py:161} INFO - Started process (PID=3257) to work on /opt/airflow/dags/sdp_pipeline_dag.py
[2026-07-15T11:21:28.567+0000] {processor.py:830} INFO - Processing file /opt/airflow/dags/sdp_pipeline_dag.py for tasks to queue
[2026-07-15T11:21:28.568+0000] {logging_mixin.py:188} INFO - [2026-07-15T11:21:28.568+0000] {dagbag.py:540} INFO - Filling up the DagBag from /opt/airflow/dags/sdp_pipeline_dag.py
[2026-07-15T11:21:28.603+0000] {processor.py:840} INFO - DAG(s) 'e-commerce_kafka_streaming_pipeline_v10' retrieved from /opt/airflow/dags/sdp_pipeline_dag.py
[2026-07-15T11:21:28.637+0000] {logging_mixin.py:188} INFO - [2026-07-15T11:21:28.637+0000] {dag.py:3096} INFO - Sync 1 DAGs
[2026-07-15T11:21:28.677+0000] {logging_mixin.py:188} INFO - [2026-07-15T11:21:28.677+0000] {dag.py:3954} INFO - Setting next_dagrun for e-commerce_kafka_streaming_pipeline_v10 to 2026-07-15 11:00:00+00:00, run_after=2026-07-15 12:00:00+00:00
[2026-07-15T11:21:28.715+0000] {processor.py:183} INFO - Processing /opt/airflow/dags/sdp_pipeline_dag.py took 0.158 seconds
[2026-07-15T11:21:45.283+0000] {processor.py:161} INFO - Started process (PID=3282) to work on /opt/airflow/dags/sdp_pipeline_dag.py
[2026-07-15T11:21:45.285+0000] {processor.py:830} INFO - Processing file /opt/airflow/dags/sdp_pipeline_dag.py for tasks to queue
[2026-07-15T11:21:45.288+0000] {logging_mixin.py:188} INFO - [2026-07-15T11:21:45.287+0000] {dagbag.py:540} INFO - Filling up the DagBag from /opt/airflow/dags/sdp_pipeline_dag.py
[2026-07-15T11:21:45.349+0000] {processor.py:840} INFO - DAG(s) 'e-commerce_kafka_streaming_pipeline_v10' retrieved from /opt/airflow/dags/sdp_pipeline_dag.py
[2026-07-15T11:21:45.858+0000] {logging_mixin.py:188} INFO - [2026-07-15T11:21:45.858+0000] {dag.py:3096} INFO - Sync 1 DAGs
[2026-07-15T11:21:45.882+0000] {logging_mixin.py:188} INFO - [2026-07-15T11:21:45.882+0000] {dag.py:3954} INFO - Setting next_dagrun for e-commerce_kafka_streaming_pipeline_v10 to 2026-07-15 11:00:00+00:00, run_after=2026-07-15 12:00:00+00:00
[2026-07-15T11:21:45.918+0000] {processor.py:183} INFO - Processing /opt/airflow/dags/sdp_pipeline_dag.py took 0.647 seconds
[2026-07-15T11:21:58.475+0000] {processor.py:161} INFO - Started process (PID=3287) to work on /opt/airflow/dags/sdp_pipeline_dag.py
[2026-07-15T11:21:58.477+0000] {processor.py:830} INFO - Processing file /opt/airflow/dags/sdp_pipeline_dag.py for tasks to queue
[2026-07-15T11:21:58.478+0000] {logging_mixin.py:188} INFO - [2026-07-15T11:21:58.478+0000] {dagbag.py:540} INFO - Filling up the DagBag from /opt/airflow/dags/sdp_pipeline_dag.py
[2026-07-15T11:21:58.520+0000] {processor.py:840} INFO - DAG(s) 'e-commerce_kafka_streaming_pipeline_v10' retrieved from /opt/airflow/dags/sdp_pipeline_dag.py
[2026-07-15T11:21:58.537+0000] {logging_mixin.py:188} INFO - [2026-07-15T11:21:58.536+0000] {dag.py:3096} INFO - Sync 1 DAGs
[2026-07-15T11:21:58.566+0000] {logging_mixin.py:188} INFO - [2026-07-15T11:21:58.565+0000] {dag.py:3954} INFO - Setting next_dagrun for e-commerce_kafka_streaming_pipeline_v10 to 2026-07-15 11:00:00+00:00, run_after=2026-07-15 12:00:00+00:00
[2026-07-15T11:21:58.609+0000] {processor.py:183} INFO - Processing /opt/airflow/dags/sdp_pipeline_dag.py took 0.140 seconds
[2026-07-15T11:21:59.517+0000] {processor.py:161} INFO - Started process (PID=3292) to work on /opt/airflow/dags/sdp_pipeline_dag.py
[2026-07-15T11:21:59.519+0000] {processor.py:830} INFO - Processing file /opt/airflow/dags/sdp_pipeline_dag.py for tasks to queue
[2026-07-15T11:21:59.521+0000] {logging_mixin.py:188} INFO - [2026-07-15T11:21:59.521+0000] {dagbag.py:540} INFO - Filling up the DagBag from /opt/airflow/dags/sdp_pipeline_dag.py
[2026-07-15T11:21:59.559+0000] {processor.py:840} INFO - DAG(s) 'e-commerce_kafka_streaming_pipeline_v10' retrieved from /opt/airflow/dags/sdp_pipeline_dag.py
[2026-07-15T11:21:59.578+0000] {logging_mixin.py:188} INFO - [2026-07-15T11:21:59.578+0000] {dag.py:3096} INFO - Sync 1 DAGs
[2026-07-15T11:21:59.607+0000] {logging_mixin.py:188} INFO - [2026-07-15T11:21:59.607+0000] {dag.py:3954} INFO - Setting next_dagrun for e-commerce_kafka_streaming_pipeline_v10 to 2026-07-15 11:00:00+00:00, run_after=2026-07-15 12:00:00+00:00
[2026-07-15T11:21:59.634+0000] {processor.py:183} INFO - Processing /opt/airflow/dags/sdp_pipeline_dag.py took 0.124 seconds
[2026-07-15T11:22:30.262+0000] {processor.py:161} INFO - Started process (PID=3317) to work on /opt/airflow/dags/sdp_pipeline_dag.py
[2026-07-15T11:22:30.264+0000] {processor.py:830} INFO - Processing file /opt/airflow/dags/sdp_pipeline_dag.py for tasks to queue
[2026-07-15T11:22:30.267+0000] {logging_mixin.py:188} INFO - [2026-07-15T11:22:30.266+0000] {dagbag.py:540} INFO - Filling up the DagBag from /opt/airflow/dags/sdp_pipeline_dag.py
[2026-07-15T11:22:30.301+0000] {processor.py:840} INFO - DAG(s) 'e-commerce_kafka_streaming_pipeline_v10' retrieved from /opt/airflow/dags/sdp_pipeline_dag.py
[2026-07-15T11:22:30.334+0000] {logging_mixin.py:188} INFO - [2026-07-15T11:22:30.334+0000] {dag.py:3096} INFO - Sync 1 DAGs
[2026-07-15T11:22:30.360+0000] {logging_mixin.py:188} INFO - [2026-07-15T11:22:30.359+0000] {dag.py:3954} INFO - Setting next_dagrun for e-commerce_kafka_streaming_pipeline_v10 to 2026-07-15 11:00:00+00:00, run_after=2026-07-15 12:00:00+00:00
[2026-07-15T11:22:30.381+0000] {processor.py:183} INFO - Processing /opt/airflow/dags/sdp_pipeline_dag.py took 0.131 seconds
[2026-07-15T11:23:01.014+0000] {processor.py:161} INFO - Started process (PID=3342) to work on /opt/airflow/dags/sdp_pipeline_dag.py
[2026-07-15T11:23:01.016+0000] {processor.py:830} INFO - Processing file /opt/airflow/dags/sdp_pipeline_dag.py for tasks to queue
[2026-07-15T11:23:01.018+0000] {logging_mixin.py:188} INFO - [2026-07-15T11:23:01.017+0000] {dagbag.py:540} INFO - Filling up the DagBag from /opt/airflow/dags/sdp_pipeline_dag.py
[2026-07-15T11:23:01.043+0000] {processor.py:840} INFO - DAG(s) 'e-commerce_kafka_streaming_pipeline_v10' retrieved from /opt/airflow/dags/sdp_pipeline_dag.py
[2026-07-15T11:23:01.073+0000] {logging_mixin.py:188} INFO - [2026-07-15T11:23:01.073+0000] {dag.py:3096} INFO - Sync 1 DAGs
[2026-07-15T11:23:01.098+0000] {logging_mixin.py:188} INFO - [2026-07-15T11:23:01.098+0000] {dag.py:3954} INFO - Setting next_dagrun for e-commerce_kafka_streaming_pipeline_v10 to 2026-07-15 11:00:00+00:00, run_after=2026-07-15 12:00:00+00:00
[2026-07-15T11:23:01.118+0000] {processor.py:183} INFO - Processing /opt/airflow/dags/sdp_pipeline_dag.py took 0.110 seconds
[2026-07-15T11:23:13.606+0000] {processor.py:161} INFO - Started process (PID=3367) to work on /opt/airflow/dags/sdp_pipeline_dag.py
[2026-07-15T11:23:13.608+0000] {processor.py:830} INFO - Processing file /opt/airflow/dags/sdp_pipeline_dag.py for tasks to queue
[2026-07-15T11:23:13.610+0000] {logging_mixin.py:188} INFO - [2026-07-15T11:23:13.609+0000] {dagbag.py:540} INFO - Filling up the DagBag from /opt/airflow/dags/sdp_pipeline_dag.py
[2026-07-15T11:23:13.647+0000] {processor.py:840} INFO - DAG(s) 'e-commerce_kafka_streaming_pipeline_v10' retrieved from /opt/airflow/dags/sdp_pipeline_dag.py
[2026-07-15T11:23:13.770+0000] {logging_mixin.py:188} INFO - [2026-07-15T11:23:13.770+0000] {dag.py:3096} INFO - Sync 1 DAGs
[2026-07-15T11:23:13.794+0000] {logging_mixin.py:188} INFO - [2026-07-15T11:23:13.794+0000] {dag.py:3954} INFO - Setting next_dagrun for e-commerce_kafka_streaming_pipeline_v10 to 2026-07-15 11:00:00+00:00, run_after=2026-07-15 12:00:00+00:00
[2026-07-15T11:23:13.826+0000] {processor.py:183} INFO - Processing /opt/airflow/dags/sdp_pipeline_dag.py took 0.229 seconds
[2026-07-15T11:23:44.154+0000] {processor.py:161} INFO - Started process (PID=3387) to work on /opt/airflow/dags/sdp_pipeline_dag.py
[2026-07-15T11:23:44.156+0000] {processor.py:830} INFO - Processing file /opt/airflow/dags/sdp_pipeline_dag.py for tasks to queue
[2026-07-15T11:23:44.158+0000] {logging_mixin.py:188} INFO - [2026-07-15T11:23:44.157+0000] {dagbag.py:540} INFO - Filling up the DagBag from /opt/airflow/dags/sdp_pipeline_dag.py
[2026-07-15T11:23:44.199+0000] {processor.py:840} INFO - DAG(s) 'e-commerce_kafka_streaming_pipeline_v1' retrieved from /opt/airflow/dags/sdp_pipeline_dag.py
[2026-07-15T11:23:44.318+0000] {logging_mixin.py:188} INFO - [2026-07-15T11:23:44.318+0000] {override.py:1829} INFO - Created Permission View: can edit on DAG:e-commerce_kafka_streaming_pipeline_v1
[2026-07-15T11:23:44.327+0000] {logging_mixin.py:188} INFO - [2026-07-15T11:23:44.327+0000] {override.py:1829} INFO - Created Permission View: can delete on DAG:e-commerce_kafka_streaming_pipeline_v1
[2026-07-15T11:23:44.334+0000] {logging_mixin.py:188} INFO - [2026-07-15T11:23:44.333+0000] {override.py:1829} INFO - Created Permission View: can read on DAG:e-commerce_kafka_streaming_pipeline_v1
[2026-07-15T11:23:44.335+0000] {logging_mixin.py:188} INFO - [2026-07-15T11:23:44.335+0000] {dag.py:3096} INFO - Sync 1 DAGs
[2026-07-15T11:23:44.346+0000] {logging_mixin.py:188} INFO - [2026-07-15T11:23:44.345+0000] {dag.py:3118} INFO - Creating ORM DAG for e-commerce_kafka_streaming_pipeline_v1
[2026-07-15T11:23:44.358+0000] {logging_mixin.py:188} INFO - [2026-07-15T11:23:44.358+0000] {dag.py:3954} INFO - Setting next_dagrun for e-commerce_kafka_streaming_pipeline_v1 to 2026-07-15 10:00:00+00:00, run_after=2026-07-15 11:00:00+00:00
[2026-07-15T11:23:44.395+0000] {processor.py:183} INFO - Processing /opt/airflow/dags/sdp_pipeline_dag.py took 0.252 seconds
[2026-07-15T11:23:45.332+0000] {processor.py:161} INFO - Started process (PID=3398) to work on /opt/airflow/dags/sdp_pipeline_dag.py
[2026-07-15T11:23:45.334+0000] {processor.py:830} INFO - Processing file /opt/airflow/dags/sdp_pipeline_dag.py for tasks to queue
[2026-07-15T11:23:45.339+0000] {logging_mixin.py:188} INFO - [2026-07-15T11:23:45.339+0000] {dagbag.py:540} INFO - Filling up the DagBag from /opt/airflow/dags/sdp_pipeline_dag.py
[2026-07-15T11:23:45.386+0000] {processor.py:840} INFO - DAG(s) 'e-commerce_kafka_streaming_pipeline_v1' retrieved from /opt/airflow/dags/sdp_pipeline_dag.py
[2026-07-15T11:23:45.403+0000] {logging_mixin.py:188} INFO - [2026-07-15T11:23:45.403+0000] {dag.py:3096} INFO - Sync 1 DAGs
[2026-07-15T11:23:45.441+0000] {logging_mixin.py:188} INFO - [2026-07-15T11:23:45.441+0000] {dag.py:3954} INFO - Setting next_dagrun for e-commerce_kafka_streaming_pipeline_v1 to 2026-07-15 11:00:00+00:00, run_after=2026-07-15 12:00:00+00:00
[2026-07-15T11:23:45.476+0000] {processor.py:183} INFO - Processing /opt/airflow/dags/sdp_pipeline_dag.py took 0.153 seconds
[2026-07-15T11:24:16.293+0000] {processor.py:161} INFO - Started process (PID=3439) to work on /opt/airflow/dags/sdp_pipeline_dag.py
[2026-07-15T11:24:16.295+0000] {processor.py:830} INFO - Processing file /opt/airflow/dags/sdp_pipeline_dag.py for tasks to queue
[2026-07-15T11:24:16.306+0000] {logging_mixin.py:188} INFO - [2026-07-15T11:24:16.304+0000] {dagbag.py:540} INFO - Filling up the DagBag from /opt/airflow/dags/sdp_pipeline_dag.py
[2026-07-15T11:24:16.351+0000] {processor.py:840} INFO - DAG(s) 'e-commerce_kafka_streaming_pipeline_v1' retrieved from /opt/airflow/dags/sdp_pipeline_dag.py
[2026-07-15T11:24:16.416+0000] {logging_mixin.py:188} INFO - [2026-07-15T11:24:16.416+0000] {dag.py:3096} INFO - Sync 1 DAGs
[2026-07-15T11:24:16.480+0000] {logging_mixin.py:188} INFO - [2026-07-15T11:24:16.479+0000] {dag.py:3954} INFO - Setting next_dagrun for e-commerce_kafka_streaming_pipeline_v1 to 2026-07-15 11:00:00+00:00, run_after=2026-07-15 12:00:00+00:00
[2026-07-15T11:24:16.532+0000] {processor.py:183} INFO - Processing /opt/airflow/dags/sdp_pipeline_dag.py took 0.256 seconds
[2026-07-15T11:24:47.292+0000] {processor.py:161} INFO - Started process (PID=3464) to work on /opt/airflow/dags/sdp_pipeline_dag.py
[2026-07-15T11:24:47.294+0000] {processor.py:830} INFO - Processing file /opt/airflow/dags/sdp_pipeline_dag.py for tasks to queue
[2026-07-15T11:24:47.297+0000] {logging_mixin.py:188} INFO - [2026-07-15T11:24:47.297+0000] {dagbag.py:540} INFO - Filling up the DagBag from /opt/airflow/dags/sdp_pipeline_dag.py
[2026-07-15T11:24:47.352+0000] {processor.py:840} INFO - DAG(s) 'e-commerce_kafka_streaming_pipeline_v1' retrieved from /opt/airflow/dags/sdp_pipeline_dag.py
[2026-07-15T11:24:47.423+0000] {logging_mixin.py:188} INFO - [2026-07-15T11:24:47.423+0000] {dag.py:3096} INFO - Sync 1 DAGs
[2026-07-15T11:24:47.487+0000] {logging_mixin.py:188} INFO - [2026-07-15T11:24:47.487+0000] {dag.py:3954} INFO - Setting next_dagrun for e-commerce_kafka_streaming_pipeline_v1 to 2026-07-15 11:00:00+00:00, run_after=2026-07-15 12:00:00+00:00
[2026-07-15T11:24:47.579+0000] {processor.py:183} INFO - Processing /opt/airflow/dags/sdp_pipeline_dag.py took 0.299 seconds
[2026-07-15T11:25:18.189+0000] {processor.py:161} INFO - Started process (PID=3489) to work on /opt/airflow/dags/sdp_pipeline_dag.py
[2026-07-15T11:25:18.192+0000] {processor.py:830} INFO - Processing file /opt/airflow/dags/sdp_pipeline_dag.py for tasks to queue
[2026-07-15T11:25:18.197+0000] {logging_mixin.py:188} INFO - [2026-07-15T11:25:18.196+0000] {dagbag.py:540} INFO - Filling up the DagBag from /opt/airflow/dags/sdp_pipeline_dag.py
[2026-07-15T11:25:18.241+0000] {processor.py:840} INFO - DAG(s) 'e-commerce_kafka_streaming_pipeline_v1' retrieved from /opt/airflow/dags/sdp_pipeline_dag.py
[2026-07-15T11:25:18.314+0000] {logging_mixin.py:188} INFO - [2026-07-15T11:25:18.314+0000] {dag.py:3096} INFO - Sync 1 DAGs
[2026-07-15T11:25:18.352+0000] {logging_mixin.py:188} INFO - [2026-07-15T11:25:18.351+0000] {dag.py:3954} INFO - Setting next_dagrun for e-commerce_kafka_streaming_pipeline_v1 to 2026-07-15 11:00:00+00:00, run_after=2026-07-15 12:00:00+00:00
[2026-07-15T11:25:18.390+0000] {processor.py:183} INFO - Processing /opt/airflow/dags/sdp_pipeline_dag.py took 0.217 seconds
[2026-07-15T11:25:49.005+0000] {processor.py:161} INFO - Started process (PID=3516) to work on /opt/airflow/dags/sdp_pipeline_dag.py
[2026-07-15T11:25:49.007+0000] {processor.py:830} INFO - Processing file /opt/airflow/dags/sdp_pipeline_dag.py for tasks to queue
[2026-07-15T11:25:49.010+0000] {logging_mixin.py:188} INFO - [2026-07-15T11:25:49.009+0000] {dagbag.py:540} INFO - Filling up the DagBag from /opt/airflow/dags/sdp_pipeline_dag.py
[2026-07-15T11:25:49.038+0000] {processor.py:840} INFO - DAG(s) 'e-commerce_kafka_streaming_pipeline_v1' retrieved from /opt/airflow/dags/sdp_pipeline_dag.py
[2026-07-15T11:25:49.070+0000] {logging_mixin.py:188} INFO - [2026-07-15T11:25:49.070+0000] {dag.py:3096} INFO - Sync 1 DAGs
[2026-07-15T11:25:49.095+0000] {logging_mixin.py:188} INFO - [2026-07-15T11:25:49.095+0000] {dag.py:3954} INFO - Setting next_dagrun for e-commerce_kafka_streaming_pipeline_v1 to 2026-07-15 11:00:00+00:00, run_after=2026-07-15 12:00:00+00:00
[2026-07-15T11:25:49.116+0000] {processor.py:183} INFO - Processing /opt/airflow/dags/sdp_pipeline_dag.py took 0.121 seconds
[2026-07-15T11:26:19.836+0000] {processor.py:161} INFO - Started process (PID=3541) to work on /opt/airflow/dags/sdp_pipeline_dag.py
[2026-07-15T11:26:19.838+0000] {processor.py:830} INFO - Processing file /opt/airflow/dags/sdp_pipeline_dag.py for tasks to queue
[2026-07-15T11:26:19.840+0000] {logging_mixin.py:188} INFO - [2026-07-15T11:26:19.840+0000] {dagbag.py:540} INFO - Filling up the DagBag from /opt/airflow/dags/sdp_pipeline_dag.py
[2026-07-15T11:26:19.871+0000] {processor.py:840} INFO - DAG(s) 'e-commerce_kafka_streaming_pipeline_v1' retrieved from /opt/airflow/dags/sdp_pipeline_dag.py
[2026-07-15T11:26:19.902+0000] {logging_mixin.py:188} INFO - [2026-07-15T11:26:19.901+0000] {dag.py:3096} INFO - Sync 1 DAGs
[2026-07-15T11:26:19.934+0000] {logging_mixin.py:188} INFO - [2026-07-15T11:26:19.934+0000] {dag.py:3954} INFO - Setting next_dagrun for e-commerce_kafka_streaming_pipeline_v1 to 2026-07-15 11:00:00+00:00, run_after=2026-07-15 12:00:00+00:00
[2026-07-15T11:26:19.973+0000] {processor.py:183} INFO - Processing /opt/airflow/dags/sdp_pipeline_dag.py took 0.144 seconds
[2026-07-15T11:26:50.609+0000] {processor.py:161} INFO - Started process (PID=3566) to work on /opt/airflow/dags/sdp_pipeline_dag.py
[2026-07-15T11:26:50.611+0000] {processor.py:830} INFO - Processing file /opt/airflow/dags/sdp_pipeline_dag.py for tasks to queue
[2026-07-15T11:26:50.613+0000] {logging_mixin.py:188} INFO - [2026-07-15T11:26:50.613+0000] {dagbag.py:540} INFO - Filling up the DagBag from /opt/airflow/dags/sdp_pipeline_dag.py
[2026-07-15T11:26:50.637+0000] {processor.py:840} INFO - DAG(s) 'e-commerce_kafka_streaming_pipeline_v1' retrieved from /opt/airflow/dags/sdp_pipeline_dag.py
[2026-07-15T11:26:50.675+0000] {logging_mixin.py:188} INFO - [2026-07-15T11:26:50.674+0000] {dag.py:3096} INFO - Sync 1 DAGs
[2026-07-15T11:26:50.699+0000] {logging_mixin.py:188} INFO - [2026-07-15T11:26:50.699+0000] {dag.py:3954} INFO - Setting next_dagrun for e-commerce_kafka_streaming_pipeline_v1 to 2026-07-15 11:00:00+00:00, run_after=2026-07-15 12:00:00+00:00
[2026-07-15T11:26:50.719+0000] {processor.py:183} INFO - Processing /opt/airflow/dags/sdp_pipeline_dag.py took 0.122 seconds
[2026-07-15T11:27:21.368+0000] {processor.py:161} INFO - Started process (PID=3591) to work on /opt/airflow/dags/sdp_pipeline_dag.py
[2026-07-15T11:27:21.370+0000] {processor.py:830} INFO - Processing file /opt/airflow/dags/sdp_pipeline_dag.py for tasks to queue
[2026-07-15T11:27:21.371+0000] {logging_mixin.py:188} INFO - [2026-07-15T11:27:21.371+0000] {dagbag.py:540} INFO - Filling up the DagBag from /opt/airflow/dags/sdp_pipeline_dag.py
[2026-07-15T11:27:21.391+0000] {processor.py:840} INFO - DAG(s) 'e-commerce_kafka_streaming_pipeline_v1' retrieved from /opt/airflow/dags/sdp_pipeline_dag.py
[2026-07-15T11:27:21.419+0000] {logging_mixin.py:188} INFO - [2026-07-15T11:27:21.419+0000] {dag.py:3096} INFO - Sync 1 DAGs
[2026-07-15T11:27:21.446+0000] {logging_mixin.py:188} INFO - [2026-07-15T11:27:21.446+0000] {dag.py:3954} INFO - Setting next_dagrun for e-commerce_kafka_streaming_pipeline_v1 to 2026-07-15 11:00:00+00:00, run_after=2026-07-15 12:00:00+00:00
[2026-07-15T11:27:21.469+0000] {processor.py:183} INFO - Processing /opt/airflow/dags/sdp_pipeline_dag.py took 0.107 seconds
[2026-07-15T11:27:52.101+0000] {processor.py:161} INFO - Started process (PID=3618) to work on /opt/airflow/dags/sdp_pipeline_dag.py
[2026-07-15T11:27:52.103+0000] {processor.py:830} INFO - Processing file /opt/airflow/dags/sdp_pipeline_dag.py for tasks to queue
[2026-07-15T11:27:52.104+0000] {logging_mixin.py:188} INFO - [2026-07-15T11:27:52.104+0000] {dagbag.py:540} INFO - Filling up the DagBag from /opt/airflow/dags/sdp_pipeline_dag.py
[2026-07-15T11:27:52.128+0000] {processor.py:840} INFO - DAG(s) 'e-commerce_kafka_streaming_pipeline_v1' retrieved from /opt/airflow/dags/sdp_pipeline_dag.py
[2026-07-15T11:27:52.159+0000] {logging_mixin.py:188} INFO - [2026-07-15T11:27:52.159+0000] {dag.py:3096} INFO - Sync 1 DAGs
[2026-07-15T11:27:52.182+0000] {logging_mixin.py:188} INFO - [2026-07-15T11:27:52.182+0000] {dag.py:3954} INFO - Setting next_dagrun for e-commerce_kafka_streaming_pipeline_v1 to 2026-07-15 11:00:00+00:00, run_after=2026-07-15 12:00:00+00:00
[2026-07-15T11:27:52.201+0000] {processor.py:183} INFO - Processing /opt/airflow/dags/sdp_pipeline_dag.py took 0.107 seconds
[2026-07-15T11:28:22.844+0000] {processor.py:161} INFO - Started process (PID=3643) to work on /opt/airflow/dags/sdp_pipeline_dag.py
[2026-07-15T11:28:22.846+0000] {processor.py:830} INFO - Processing file /opt/airflow/dags/sdp_pipeline_dag.py for tasks to queue
[2026-07-15T11:28:22.847+0000] {logging_mixin.py:188} INFO - [2026-07-15T11:28:22.847+0000] {dagbag.py:540} INFO - Filling up the DagBag from /opt/airflow/dags/sdp_pipeline_dag.py
[2026-07-15T11:28:22.875+0000] {processor.py:840} INFO - DAG(s) 'e-commerce_kafka_streaming_pipeline_v1' retrieved from /opt/airflow/dags/sdp_pipeline_dag.py
[2026-07-15T11:28:22.914+0000] {logging_mixin.py:188} INFO - [2026-07-15T11:28:22.913+0000] {dag.py:3096} INFO - Sync 1 DAGs
[2026-07-15T11:28:22.943+0000] {logging_mixin.py:188} INFO - [2026-07-15T11:28:22.943+0000] {dag.py:3954} INFO - Setting next_dagrun for e-commerce_kafka_streaming_pipeline_v1 to 2026-07-15 11:00:00+00:00, run_after=2026-07-15 12:00:00+00:00
[2026-07-15T11:28:22.968+0000] {processor.py:183} INFO - Processing /opt/airflow/dags/sdp_pipeline_dag.py took 0.130 seconds
[2026-07-15T11:28:53.629+0000] {processor.py:161} INFO - Started process (PID=3668) to work on /opt/airflow/dags/sdp_pipeline_dag.py
[2026-07-15T11:28:53.631+0000] {processor.py:830} INFO - Processing file /opt/airflow/dags/sdp_pipeline_dag.py for tasks to queue
[2026-07-15T11:28:53.633+0000] {logging_mixin.py:188} INFO - [2026-07-15T11:28:53.632+0000] {dagbag.py:540} INFO - Filling up the DagBag from /opt/airflow/dags/sdp_pipeline_dag.py
[2026-07-15T11:28:53.658+0000] {processor.py:840} INFO - DAG(s) 'e-commerce_kafka_streaming_pipeline_v1' retrieved from /opt/airflow/dags/sdp_pipeline_dag.py
[2026-07-15T11:28:53.708+0000] {logging_mixin.py:188} INFO - [2026-07-15T11:28:53.708+0000] {dag.py:3096} INFO - Sync 1 DAGs
[2026-07-15T11:28:53.734+0000] {logging_mixin.py:188} INFO - [2026-07-15T11:28:53.733+0000] {dag.py:3954} INFO - Setting next_dagrun for e-commerce_kafka_streaming_pipeline_v1 to 2026-07-15 11:00:00+00:00, run_after=2026-07-15 12:00:00+00:00
[2026-07-15T11:28:53.755+0000] {processor.py:183} INFO - Processing /opt/airflow/dags/sdp_pipeline_dag.py took 0.134 seconds
[2026-07-15T11:29:24.348+0000] {processor.py:161} INFO - Started process (PID=3693) to work on /opt/airflow/dags/sdp_pipeline_dag.py
[2026-07-15T11:29:24.350+0000] {processor.py:830} INFO - Processing file /opt/airflow/dags/sdp_pipeline_dag.py for tasks to queue
[2026-07-15T11:29:24.351+0000] {logging_mixin.py:188} INFO - [2026-07-15T11:29:24.351+0000] {dagbag.py:540} INFO - Filling up the DagBag from /opt/airflow/dags/sdp_pipeline_dag.py
[2026-07-15T11:29:24.384+0000] {processor.py:840} INFO - DAG(s) 'e-commerce_kafka_streaming_pipeline_v1' retrieved from /opt/airflow/dags/sdp_pipeline_dag.py
[2026-07-15T11:29:24.419+0000] {logging_mixin.py:188} INFO - [2026-07-15T11:29:24.419+0000] {dag.py:3096} INFO - Sync 1 DAGs
[2026-07-15T11:29:24.450+0000] {logging_mixin.py:188} INFO - [2026-07-15T11:29:24.450+0000] {dag.py:3954} INFO - Setting next_dagrun for e-commerce_kafka_streaming_pipeline_v1 to 2026-07-15 11:00:00+00:00, run_after=2026-07-15 12:00:00+00:00
[2026-07-15T11:29:24.472+0000] {processor.py:183} INFO - Processing /opt/airflow/dags/sdp_pipeline_dag.py took 0.132 seconds
[2026-07-15T11:29:55.099+0000] {processor.py:161} INFO - Started process (PID=3718) to work on /opt/airflow/dags/sdp_pipeline_dag.py
[2026-07-15T11:29:55.100+0000] {processor.py:830} INFO - Processing file /opt/airflow/dags/sdp_pipeline_dag.py for tasks to queue
[2026-07-15T11:29:55.102+0000] {logging_mixin.py:188} INFO - [2026-07-15T11:29:55.102+0000] {dagbag.py:540} INFO - Filling up the DagBag from /opt/airflow/dags/sdp_pipeline_dag.py
[2026-07-15T11:29:55.128+0000] {processor.py:840} INFO - DAG(s) 'e-commerce_kafka_streaming_pipeline_v1' retrieved from /opt/airflow/dags/sdp_pipeline_dag.py
[2026-07-15T11:29:55.157+0000] {logging_mixin.py:188} INFO - [2026-07-15T11:29:55.157+0000] {dag.py:3096} INFO - Sync 1 DAGs
[2026-07-15T11:29:55.183+0000] {logging_mixin.py:188} INFO - [2026-07-15T11:29:55.182+0000] {dag.py:3954} INFO - Setting next_dagrun for e-commerce_kafka_streaming_pipeline_v1 to 2026-07-15 11:00:00+00:00, run_after=2026-07-15 12:00:00+00:00
[2026-07-15T11:29:55.206+0000] {processor.py:183} INFO - Processing /opt/airflow/dags/sdp_pipeline_dag.py took 0.115 seconds
[2026-07-15T11:30:25.803+0000] {processor.py:161} INFO - Started process (PID=3743) to work on /opt/airflow/dags/sdp_pipeline_dag.py
[2026-07-15T11:30:25.805+0000] {processor.py:830} INFO - Processing file /opt/airflow/dags/sdp_pipeline_dag.py for tasks to queue
[2026-07-15T11:30:25.806+0000] {logging_mixin.py:188} INFO - [2026-07-15T11:30:25.806+0000] {dagbag.py:540} INFO - Filling up the DagBag from /opt/airflow/dags/sdp_pipeline_dag.py
[2026-07-15T11:30:25.841+0000] {processor.py:840} INFO - DAG(s) 'e-commerce_kafka_streaming_pipeline_v1' retrieved from /opt/airflow/dags/sdp_pipeline_dag.py
[2026-07-15T11:30:25.918+0000] {logging_mixin.py:188} INFO - [2026-07-15T11:30:25.918+0000] {dag.py:3096} INFO - Sync 1 DAGs
[2026-07-15T11:30:25.961+0000] {logging_mixin.py:188} INFO - [2026-07-15T11:30:25.961+0000] {dag.py:3954} INFO - Setting next_dagrun for e-commerce_kafka_streaming_pipeline_v1 to 2026-07-15 11:00:00+00:00, run_after=2026-07-15 12:00:00+00:00
[2026-07-15T11:30:25.985+0000] {processor.py:183} INFO - Processing /opt/airflow/dags/sdp_pipeline_dag.py took 0.191 seconds
[2026-07-15T11:30:56.706+0000] {processor.py:161} INFO - Started process (PID=3768) to work on /opt/airflow/dags/sdp_pipeline_dag.py
[2026-07-15T11:30:56.708+0000] {processor.py:830} INFO - Processing file /opt/airflow/dags/sdp_pipeline_dag.py for tasks to queue
[2026-07-15T11:30:56.713+0000] {logging_mixin.py:188} INFO - [2026-07-15T11:30:56.713+0000] {dagbag.py:540} INFO - Filling up the DagBag from /opt/airflow/dags/sdp_pipeline_dag.py
[2026-07-15T11:30:56.734+0000] {processor.py:840} INFO - DAG(s) 'e-commerce_kafka_streaming_pipeline_v1' retrieved from /opt/airflow/dags/sdp_pipeline_dag.py
[2026-07-15T11:30:56.764+0000] {logging_mixin.py:188} INFO - [2026-07-15T11:30:56.764+0000] {dag.py:3096} INFO - Sync 1 DAGs
[2026-07-15T11:30:56.790+0000] {logging_mixin.py:188} INFO - [2026-07-15T11:30:56.789+0000] {dag.py:3954} INFO - Setting next_dagrun for e-commerce_kafka_streaming_pipeline_v1 to 2026-07-15 11:00:00+00:00, run_after=2026-07-15 12:00:00+00:00
[2026-07-15T11:30:56.812+0000] {processor.py:183} INFO - Processing /opt/airflow/dags/sdp_pipeline_dag.py took 0.112 seconds
[2026-07-15T11:31:27.602+0000] {processor.py:161} INFO - Started process (PID=3793) to work on /opt/airflow/dags/sdp_pipeline_dag.py
[2026-07-15T11:31:27.605+0000] {processor.py:830} INFO - Processing file /opt/airflow/dags/sdp_pipeline_dag.py for tasks to queue
[2026-07-15T11:31:27.607+0000] {logging_mixin.py:188} INFO - [2026-07-15T11:31:27.607+0000] {dagbag.py:540} INFO - Filling up the DagBag from /opt/airflow/dags/sdp_pipeline_dag.py
[2026-07-15T11:31:27.631+0000] {processor.py:840} INFO - DAG(s) 'e-commerce_kafka_streaming_pipeline_v1' retrieved from /opt/airflow/dags/sdp_pipeline_dag.py
[2026-07-15T11:31:27.666+0000] {logging_mixin.py:188} INFO - [2026-07-15T11:31:27.666+0000] {dag.py:3096} INFO - Sync 1 DAGs
[2026-07-15T11:31:27.689+0000] {logging_mixin.py:188} INFO - [2026-07-15T11:31:27.689+0000] {dag.py:3954} INFO - Setting next_dagrun for e-commerce_kafka_streaming_pipeline_v1 to 2026-07-15 11:00:00+00:00, run_after=2026-07-15 12:00:00+00:00
[2026-07-15T11:31:27.712+0000] {processor.py:183} INFO - Processing /opt/airflow/dags/sdp_pipeline_dag.py took 0.117 seconds
[2026-07-15T11:31:58.415+0000] {processor.py:161} INFO - Started process (PID=3818) to work on /opt/airflow/dags/sdp_pipeline_dag.py
[2026-07-15T11:31:58.417+0000] {processor.py:830} INFO - Processing file /opt/airflow/dags/sdp_pipeline_dag.py for tasks to queue
[2026-07-15T11:31:58.419+0000] {logging_mixin.py:188} INFO - [2026-07-15T11:31:58.418+0000] {dagbag.py:540} INFO - Filling up the DagBag from /opt/airflow/dags/sdp_pipeline_dag.py
[2026-07-15T11:31:58.449+0000] {processor.py:840} INFO - DAG(s) 'e-commerce_kafka_streaming_pipeline_v1' retrieved from /opt/airflow/dags/sdp_pipeline_dag.py
[2026-07-15T11:31:58.487+0000] {logging_mixin.py:188} INFO - [2026-07-15T11:31:58.486+0000] {dag.py:3096} INFO - Sync 1 DAGs
[2026-07-15T11:31:58.522+0000] {logging_mixin.py:188} INFO - [2026-07-15T11:31:58.521+0000] {dag.py:3954} INFO - Setting next_dagrun for e-commerce_kafka_streaming_pipeline_v1 to 2026-07-15 11:00:00+00:00, run_after=2026-07-15 12:00:00+00:00
[2026-07-15T11:31:58.554+0000] {processor.py:183} INFO - Processing /opt/airflow/dags/sdp_pipeline_dag.py took 0.147 seconds
[2026-07-15T11:32:29.194+0000] {processor.py:161} INFO - Started process (PID=3843) to work on /opt/airflow/dags/sdp_pipeline_dag.py
[2026-07-15T11:32:29.196+0000] {processor.py:830} INFO - Processing file /opt/airflow/dags/sdp_pipeline_dag.py for tasks to queue
[2026-07-15T11:32:29.198+0000] {logging_mixin.py:188} INFO - [2026-07-15T11:32:29.198+0000] {dagbag.py:540} INFO - Filling up the DagBag from /opt/airflow/dags/sdp_pipeline_dag.py
[2026-07-15T11:32:29.230+0000] {processor.py:840} INFO - DAG(s) 'e-commerce_kafka_streaming_pipeline_v1' retrieved from /opt/airflow/dags/sdp_pipeline_dag.py
[2026-07-15T11:32:29.257+0000] {logging_mixin.py:188} INFO - [2026-07-15T11:32:29.257+0000] {dag.py:3096} INFO - Sync 1 DAGs
[2026-07-15T11:32:29.279+0000] {logging_mixin.py:188} INFO - [2026-07-15T11:32:29.279+0000] {dag.py:3954} INFO - Setting next_dagrun for e-commerce_kafka_streaming_pipeline_v1 to 2026-07-15 11:00:00+00:00, run_after=2026-07-15 12:00:00+00:00
[2026-07-15T11:32:29.301+0000] {processor.py:183} INFO - Processing /opt/airflow/dags/sdp_pipeline_dag.py took 0.113 seconds
[2026-07-15T11:32:59.842+0000] {processor.py:161} INFO - Started process (PID=3868) to work on /opt/airflow/dags/sdp_pipeline_dag.py
[2026-07-15T11:32:59.844+0000] {processor.py:830} INFO - Processing file /opt/airflow/dags/sdp_pipeline_dag.py for tasks to queue
[2026-07-15T11:32:59.846+0000] {logging_mixin.py:188} INFO - [2026-07-15T11:32:59.845+0000] {dagbag.py:540} INFO - Filling up the DagBag from /opt/airflow/dags/sdp_pipeline_dag.py
[2026-07-15T11:32:59.880+0000] {processor.py:840} INFO - DAG(s) 'e-commerce_kafka_streaming_pipeline_v1' retrieved from /opt/airflow/dags/sdp_pipeline_dag.py
[2026-07-15T11:32:59.924+0000] {logging_mixin.py:188} INFO - [2026-07-15T11:32:59.924+0000] {dag.py:3096} INFO - Sync 1 DAGs
[2026-07-15T11:32:59.949+0000] {logging_mixin.py:188} INFO - [2026-07-15T11:32:59.949+0000] {dag.py:3954} INFO - Setting next_dagrun for e-commerce_kafka_streaming_pipeline_v1 to 2026-07-15 11:00:00+00:00, run_after=2026-07-15 12:00:00+00:00
[2026-07-15T11:32:59.970+0000] {processor.py:183} INFO - Processing /opt/airflow/dags/sdp_pipeline_dag.py took 0.140 seconds
[2026-07-15T11:33:30.606+0000] {processor.py:161} INFO - Started process (PID=3893) to work on /opt/airflow/dags/sdp_pipeline_dag.py
[2026-07-15T11:33:30.607+0000] {processor.py:830} INFO - Processing file /opt/airflow/dags/sdp_pipeline_dag.py for tasks to queue
[2026-07-15T11:33:30.609+0000] {logging_mixin.py:188} INFO - [2026-07-15T11:33:30.608+0000] {dagbag.py:540} INFO - Filling up the DagBag from /opt/airflow/dags/sdp_pipeline_dag.py
[2026-07-15T11:33:30.630+0000] {processor.py:840} INFO - DAG(s) 'e-commerce_kafka_streaming_pipeline_v1' retrieved from /opt/airflow/dags/sdp_pipeline_dag.py
[2026-07-15T11:33:30.658+0000] {logging_mixin.py:188} INFO - [2026-07-15T11:33:30.657+0000] {dag.py:3096} INFO - Sync 1 DAGs
[2026-07-15T11:33:30.680+0000] {logging_mixin.py:188} INFO - [2026-07-15T11:33:30.679+0000] {dag.py:3954} INFO - Setting next_dagrun for e-commerce_kafka_streaming_pipeline_v1 to 2026-07-15 11:00:00+00:00, run_after=2026-07-15 12:00:00+00:00
[2026-07-15T11:33:30.706+0000] {processor.py:183} INFO - Processing /opt/airflow/dags/sdp_pipeline_dag.py took 0.106 seconds
[2026-07-15T11:34:01.341+0000] {processor.py:161} INFO - Started process (PID=3918) to work on /opt/airflow/dags/sdp_pipeline_dag.py
[2026-07-15T11:34:01.342+0000] {processor.py:830} INFO - Processing file /opt/airflow/dags/sdp_pipeline_dag.py for tasks to queue
[2026-07-15T11:34:01.344+0000] {logging_mixin.py:188} INFO - [2026-07-15T11:34:01.344+0000] {dagbag.py:540} INFO - Filling up the DagBag from /opt/airflow/dags/sdp_pipeline_dag.py
[2026-07-15T11:34:01.370+0000] {processor.py:840} INFO - DAG(s) 'e-commerce_kafka_streaming_pipeline_v1' retrieved from /opt/airflow/dags/sdp_pipeline_dag.py
[2026-07-15T11:34:01.412+0000] {logging_mixin.py:188} INFO - [2026-07-15T11:34:01.412+0000] {dag.py:3096} INFO - Sync 1 DAGs
[2026-07-15T11:34:01.444+0000] {logging_mixin.py:188} INFO - [2026-07-15T11:34:01.444+0000] {dag.py:3954} INFO - Setting next_dagrun for e-commerce_kafka_streaming_pipeline_v1 to 2026-07-15 11:00:00+00:00, run_after=2026-07-15 12:00:00+00:00
[2026-07-15T11:34:01.468+0000] {processor.py:183} INFO - Processing /opt/airflow/dags/sdp_pipeline_dag.py took 0.133 seconds
[2026-07-15T11:34:32.102+0000] {processor.py:161} INFO - Started process (PID=3943) to work on /opt/airflow/dags/sdp_pipeline_dag.py
[2026-07-15T11:34:32.103+0000] {processor.py:830} INFO - Processing file /opt/airflow/dags/sdp_pipeline_dag.py for tasks to queue
[2026-07-15T11:34:32.105+0000] {logging_mixin.py:188} INFO - [2026-07-15T11:34:32.105+0000] {dagbag.py:540} INFO - Filling up the DagBag from /opt/airflow/dags/sdp_pipeline_dag.py
[2026-07-15T11:34:32.132+0000] {processor.py:840} INFO - DAG(s) 'e-commerce_kafka_streaming_pipeline_v1' retrieved from /opt/airflow/dags/sdp_pipeline_dag.py
[2026-07-15T11:34:32.165+0000] {logging_mixin.py:188} INFO - [2026-07-15T11:34:32.165+0000] {dag.py:3096} INFO - Sync 1 DAGs
[2026-07-15T11:34:32.191+0000] {logging_mixin.py:188} INFO - [2026-07-15T11:34:32.191+0000] {dag.py:3954} INFO - Setting next_dagrun for e-commerce_kafka_streaming_pipeline_v1 to 2026-07-15 11:00:00+00:00, run_after=2026-07-15 12:00:00+00:00
[2026-07-15T11:34:32.212+0000] {processor.py:183} INFO - Processing /opt/airflow/dags/sdp_pipeline_dag.py took 0.117 seconds
[2026-07-15T11:35:02.941+0000] {processor.py:161} INFO - Started process (PID=3968) to work on /opt/airflow/dags/sdp_pipeline_dag.py
[2026-07-15T11:35:02.944+0000] {processor.py:830} INFO - Processing file /opt/airflow/dags/sdp_pipeline_dag.py for tasks to queue
[2026-07-15T11:35:02.946+0000] {logging_mixin.py:188} INFO - [2026-07-15T11:35:02.945+0000] {dagbag.py:540} INFO - Filling up the DagBag from /opt/airflow/dags/sdp_pipeline_dag.py
[2026-07-15T11:35:02.978+0000] {processor.py:840} INFO - DAG(s) 'e-commerce_kafka_streaming_pipeline_v1' retrieved from /opt/airflow/dags/sdp_pipeline_dag.py
[2026-07-15T11:35:03.016+0000] {logging_mixin.py:188} INFO - [2026-07-15T11:35:03.015+0000] {dag.py:3096} INFO - Sync 1 DAGs
[2026-07-15T11:35:03.043+0000] {logging_mixin.py:188} INFO - [2026-07-15T11:35:03.042+0000] {dag.py:3954} INFO - Setting next_dagrun for e-commerce_kafka_streaming_pipeline_v1 to 2026-07-15 11:00:00+00:00, run_after=2026-07-15 12:00:00+00:00
[2026-07-15T11:35:03.065+0000] {processor.py:183} INFO - Processing /opt/airflow/dags/sdp_pipeline_dag.py took 0.131 seconds
[2026-07-15T11:35:33.677+0000] {processor.py:161} INFO - Started process (PID=3993) to work on /opt/airflow/dags/sdp_pipeline_dag.py
[2026-07-15T11:35:33.679+0000] {processor.py:830} INFO - Processing file /opt/airflow/dags/sdp_pipeline_dag.py for tasks to queue
[2026-07-15T11:35:33.681+0000] {logging_mixin.py:188} INFO - [2026-07-15T11:35:33.680+0000] {dagbag.py:540} INFO - Filling up the DagBag from /opt/airflow/dags/sdp_pipeline_dag.py
[2026-07-15T11:35:33.711+0000] {processor.py:840} INFO - DAG(s) 'e-commerce_kafka_streaming_pipeline_v1' retrieved from /opt/airflow/dags/sdp_pipeline_dag.py
[2026-07-15T11:35:33.743+0000] {logging_mixin.py:188} INFO - [2026-07-15T11:35:33.743+0000] {dag.py:3096} INFO - Sync 1 DAGs
[2026-07-15T11:35:33.766+0000] {logging_mixin.py:188} INFO - [2026-07-15T11:35:33.766+0000] {dag.py:3954} INFO - Setting next_dagrun for e-commerce_kafka_streaming_pipeline_v1 to 2026-07-15 11:00:00+00:00, run_after=2026-07-15 12:00:00+00:00
[2026-07-15T11:35:33.784+0000] {processor.py:183} INFO - Processing /opt/airflow/dags/sdp_pipeline_dag.py took 0.115 seconds
[2026-07-15T11:36:04.417+0000] {processor.py:161} INFO - Started process (PID=4018) to work on /opt/airflow/dags/sdp_pipeline_dag.py
[2026-07-15T11:36:04.418+0000] {processor.py:830} INFO - Processing file /opt/airflow/dags/sdp_pipeline_dag.py for tasks to queue
[2026-07-15T11:36:04.420+0000] {logging_mixin.py:188} INFO - [2026-07-15T11:36:04.420+0000] {dagbag.py:540} INFO - Filling up the DagBag from /opt/airflow/dags/sdp_pipeline_dag.py
[2026-07-15T11:36:04.448+0000] {processor.py:840} INFO - DAG(s) 'e-commerce_kafka_streaming_pipeline_v1' retrieved from /opt/airflow/dags/sdp_pipeline_dag.py
[2026-07-15T11:36:04.476+0000] {logging_mixin.py:188} INFO - [2026-07-15T11:36:04.475+0000] {dag.py:3096} INFO - Sync 1 DAGs
[2026-07-15T11:36:04.500+0000] {logging_mixin.py:188} INFO - [2026-07-15T11:36:04.500+0000] {dag.py:3954} INFO - Setting next_dagrun for e-commerce_kafka_streaming_pipeline_v1 to 2026-07-15 11:00:00+00:00, run_after=2026-07-15 12:00:00+00:00
[2026-07-15T11:36:04.524+0000] {processor.py:183} INFO - Processing /opt/airflow/dags/sdp_pipeline_dag.py took 0.114 seconds
[2026-07-15T11:36:35.011+0000] {processor.py:161} INFO - Started process (PID=4043) to work on /opt/airflow/dags/sdp_pipeline_dag.py
[2026-07-15T11:36:35.013+0000] {processor.py:830} INFO - Processing file /opt/airflow/dags/sdp_pipeline_dag.py for tasks to queue
[2026-07-15T11:36:35.014+0000] {logging_mixin.py:188} INFO - [2026-07-15T11:36:35.014+0000] {dagbag.py:540} INFO - Filling up the DagBag from /opt/airflow/dags/sdp_pipeline_dag.py
[2026-07-15T11:36:35.043+0000] {processor.py:840} INFO - DAG(s) 'e-commerce_kafka_streaming_pipeline_v1' retrieved from /opt/airflow/dags/sdp_pipeline_dag.py
[2026-07-15T11:36:35.085+0000] {logging_mixin.py:188} INFO - [2026-07-15T11:36:35.085+0000] {dag.py:3096} INFO - Sync 1 DAGs
[2026-07-15T11:36:35.112+0000] {logging_mixin.py:188} INFO - [2026-07-15T11:36:35.112+0000] {dag.py:3954} INFO - Setting next_dagrun for e-commerce_kafka_streaming_pipeline_v1 to 2026-07-15 11:00:00+00:00, run_after=2026-07-15 12:00:00+00:00
[2026-07-15T11:36:35.130+0000] {processor.py:183} INFO - Processing /opt/airflow/dags/sdp_pipeline_dag.py took 0.126 seconds
[2026-07-15T11:37:05.885+0000] {processor.py:161} INFO - Started process (PID=4068) to work on /opt/airflow/dags/sdp_pipeline_dag.py
[2026-07-15T11:37:05.887+0000] {processor.py:830} INFO - Processing file /opt/airflow/dags/sdp_pipeline_dag.py for tasks to queue
[2026-07-15T11:37:05.889+0000] {logging_mixin.py:188} INFO - [2026-07-15T11:37:05.888+0000] {dagbag.py:540} INFO - Filling up the DagBag from /opt/airflow/dags/sdp_pipeline_dag.py
[2026-07-15T11:37:05.918+0000] {processor.py:840} INFO - DAG(s) 'e-commerce_kafka_streaming_pipeline_v1' retrieved from /opt/airflow/dags/sdp_pipeline_dag.py
[2026-07-15T11:37:05.958+0000] {logging_mixin.py:188} INFO - [2026-07-15T11:37:05.956+0000] {dag.py:3096} INFO - Sync 1 DAGs
[2026-07-15T11:37:05.990+0000] {logging_mixin.py:188} INFO - [2026-07-15T11:37:05.990+0000] {dag.py:3954} INFO - Setting next_dagrun for e-commerce_kafka_streaming_pipeline_v1 to 2026-07-15 11:00:00+00:00, run_after=2026-07-15 12:00:00+00:00
[2026-07-15T11:37:06.016+0000] {processor.py:183} INFO - Processing /opt/airflow/dags/sdp_pipeline_dag.py took 0.137 seconds
[2026-07-15T11:37:36.233+0000] {processor.py:161} INFO - Started process (PID=4110) to work on /opt/airflow/dags/sdp_pipeline_dag.py
[2026-07-15T11:37:36.235+0000] {processor.py:830} INFO - Processing file /opt/airflow/dags/sdp_pipeline_dag.py for tasks to queue
[2026-07-15T11:37:36.240+0000] {logging_mixin.py:188} INFO - [2026-07-15T11:37:36.240+0000] {dagbag.py:540} INFO - Filling up the DagBag from /opt/airflow/dags/sdp_pipeline_dag.py
[2026-07-15T11:37:36.276+0000] {processor.py:840} INFO - DAG(s) 'e-commerce_kafka_streaming_pipeline_v1' retrieved from /opt/airflow/dags/sdp_pipeline_dag.py
[2026-07-15T11:37:36.326+0000] {logging_mixin.py:188} INFO - [2026-07-15T11:37:36.325+0000] {dag.py:3096} INFO - Sync 1 DAGs
[2026-07-15T11:37:36.374+0000] {logging_mixin.py:188} INFO - [2026-07-15T11:37:36.374+0000] {dag.py:3954} INFO - Setting next_dagrun for e-commerce_kafka_streaming_pipeline_v1 to 2026-07-15 11:00:00+00:00, run_after=2026-07-15 12:00:00+00:00
[2026-07-15T11:37:36.421+0000] {processor.py:183} INFO - Processing /opt/airflow/dags/sdp_pipeline_dag.py took 0.198 seconds
[2026-07-15T11:38:06.584+0000] {processor.py:161} INFO - Started process (PID=4135) to work on /opt/airflow/dags/sdp_pipeline_dag.py
[2026-07-15T11:38:06.587+0000] {processor.py:830} INFO - Processing file /opt/airflow/dags/sdp_pipeline_dag.py for tasks to queue
[2026-07-15T11:38:06.591+0000] {logging_mixin.py:188} INFO - [2026-07-15T11:38:06.590+0000] {dagbag.py:540} INFO - Filling up the DagBag from /opt/airflow/dags/sdp_pipeline_dag.py
[2026-07-15T11:38:06.657+0000] {processor.py:840} INFO - DAG(s) 'e-commerce_kafka_streaming_pipeline_v1' retrieved from /opt/airflow/dags/sdp_pipeline_dag.py
[2026-07-15T11:38:06.756+0000] {logging_mixin.py:188} INFO - [2026-07-15T11:38:06.755+0000] {dag.py:3096} INFO - Sync 1 DAGs
[2026-07-15T11:38:06.832+0000] {logging_mixin.py:188} INFO - [2026-07-15T11:38:06.831+0000] {dag.py:3954} INFO - Setting next_dagrun for e-commerce_kafka_streaming_pipeline_v1 to 2026-07-15 11:00:00+00:00, run_after=2026-07-15 12:00:00+00:00
[2026-07-15T11:38:06.877+0000] {processor.py:183} INFO - Processing /opt/airflow/dags/sdp_pipeline_dag.py took 0.321 seconds
[2026-07-15T11:38:36.989+0000] {processor.py:161} INFO - Started process (PID=4160) to work on /opt/airflow/dags/sdp_pipeline_dag.py
[2026-07-15T11:38:36.991+0000] {processor.py:830} INFO - Processing file /opt/airflow/dags/sdp_pipeline_dag.py for tasks to queue
[2026-07-15T11:38:36.995+0000] {logging_mixin.py:188} INFO - [2026-07-15T11:38:36.994+0000] {dagbag.py:540} INFO - Filling up the DagBag from /opt/airflow/dags/sdp_pipeline_dag.py
[2026-07-15T11:38:37.028+0000] {processor.py:840} INFO - DAG(s) 'e-commerce_kafka_streaming_pipeline_v1' retrieved from /opt/airflow/dags/sdp_pipeline_dag.py
[2026-07-15T11:38:37.074+0000] {logging_mixin.py:188} INFO - [2026-07-15T11:38:37.073+0000] {dag.py:3096} INFO - Sync 1 DAGs
[2026-07-15T11:38:37.118+0000] {logging_mixin.py:188} INFO - [2026-07-15T11:38:37.118+0000] {dag.py:3954} INFO - Setting next_dagrun for e-commerce_kafka_streaming_pipeline_v1 to 2026-07-15 11:00:00+00:00, run_after=2026-07-15 12:00:00+00:00
[2026-07-15T11:38:37.147+0000] {processor.py:183} INFO - Processing /opt/airflow/dags/sdp_pipeline_dag.py took 0.169 seconds
[2026-07-15T11:39:07.388+0000] {processor.py:161} INFO - Started process (PID=4185) to work on /opt/airflow/dags/sdp_pipeline_dag.py
[2026-07-15T11:39:07.391+0000] {processor.py:830} INFO - Processing file /opt/airflow/dags/sdp_pipeline_dag.py for tasks to queue
[2026-07-15T11:39:07.394+0000] {logging_mixin.py:188} INFO - [2026-07-15T11:39:07.393+0000] {dagbag.py:540} INFO - Filling up the DagBag from /opt/airflow/dags/sdp_pipeline_dag.py
[2026-07-15T11:39:07.430+0000] {processor.py:840} INFO - DAG(s) 'e-commerce_kafka_streaming_pipeline_v1' retrieved from /opt/airflow/dags/sdp_pipeline_dag.py
[2026-07-15T11:39:07.504+0000] {logging_mixin.py:188} INFO - [2026-07-15T11:39:07.503+0000] {dag.py:3096} INFO - Sync 1 DAGs
[2026-07-15T11:39:07.542+0000] {logging_mixin.py:188} INFO - [2026-07-15T11:39:07.542+0000] {dag.py:3954} INFO - Setting next_dagrun for e-commerce_kafka_streaming_pipeline_v1 to 2026-07-15 11:00:00+00:00, run_after=2026-07-15 12:00:00+00:00
[2026-07-15T11:39:07.574+0000] {processor.py:183} INFO - Processing /opt/airflow/dags/sdp_pipeline_dag.py took 0.204 seconds
[2026-07-15T11:39:37.880+0000] {processor.py:161} INFO - Started process (PID=4224) to work on /opt/airflow/dags/sdp_pipeline_dag.py
[2026-07-15T11:39:37.885+0000] {processor.py:830} INFO - Processing file /opt/airflow/dags/sdp_pipeline_dag.py for tasks to queue
[2026-07-15T11:39:37.897+0000] {logging_mixin.py:188} INFO - [2026-07-15T11:39:37.896+0000] {dagbag.py:540} INFO - Filling up the DagBag from /opt/airflow/dags/sdp_pipeline_dag.py
[2026-07-15T11:39:37.976+0000] {processor.py:840} INFO - DAG(s) 'e-commerce_kafka_streaming_pipeline_v1' retrieved from /opt/airflow/dags/sdp_pipeline_dag.py
[2026-07-15T11:39:38.050+0000] {logging_mixin.py:188} INFO - [2026-07-15T11:39:38.049+0000] {dag.py:3096} INFO - Sync 1 DAGs
[2026-07-15T11:39:38.106+0000] {logging_mixin.py:188} INFO - [2026-07-15T11:39:38.105+0000] {dag.py:3954} INFO - Setting next_dagrun for e-commerce_kafka_streaming_pipeline_v1 to 2026-07-15 11:00:00+00:00, run_after=2026-07-15 12:00:00+00:00
[2026-07-15T11:39:38.144+0000] {processor.py:183} INFO - Processing /opt/airflow/dags/sdp_pipeline_dag.py took 0.290 seconds
[2026-07-15T11:40:08.616+0000] {processor.py:161} INFO - Started process (PID=4249) to work on /opt/airflow/dags/sdp_pipeline_dag.py
[2026-07-15T11:40:08.619+0000] {processor.py:830} INFO - Processing file /opt/airflow/dags/sdp_pipeline_dag.py for tasks to queue
[2026-07-15T11:40:08.622+0000] {logging_mixin.py:188} INFO - [2026-07-15T11:40:08.621+0000] {dagbag.py:540} INFO - Filling up the DagBag from /opt/airflow/dags/sdp_pipeline_dag.py
[2026-07-15T11:40:08.668+0000] {processor.py:840} INFO - DAG(s) 'e-commerce_kafka_streaming_pipeline_v1' retrieved from /opt/airflow/dags/sdp_pipeline_dag.py
[2026-07-15T11:40:08.739+0000] {logging_mixin.py:188} INFO - [2026-07-15T11:40:08.738+0000] {dag.py:3096} INFO - Sync 1 DAGs
[2026-07-15T11:40:08.799+0000] {logging_mixin.py:188} INFO - [2026-07-15T11:40:08.798+0000] {dag.py:3954} INFO - Setting next_dagrun for e-commerce_kafka_streaming_pipeline_v1 to 2026-07-15 11:00:00+00:00, run_after=2026-07-15 12:00:00+00:00
[2026-07-15T11:40:08.835+0000] {processor.py:183} INFO - Processing /opt/airflow/dags/sdp_pipeline_dag.py took 0.251 seconds
[2026-07-15T11:40:39.602+0000] {processor.py:161} INFO - Started process (PID=4274) to work on /opt/airflow/dags/sdp_pipeline_dag.py
[2026-07-15T11:40:39.605+0000] {processor.py:830} INFO - Processing file /opt/airflow/dags/sdp_pipeline_dag.py for tasks to queue
[2026-07-15T11:40:39.609+0000] {logging_mixin.py:188} INFO - [2026-07-15T11:40:39.607+0000] {dagbag.py:540} INFO - Filling up the DagBag from /opt/airflow/dags/sdp_pipeline_dag.py
[2026-07-15T11:40:39.656+0000] {processor.py:840} INFO - DAG(s) 'e-commerce_kafka_streaming_pipeline_v1' retrieved from /opt/airflow/dags/sdp_pipeline_dag.py
[2026-07-15T11:40:39.744+0000] {logging_mixin.py:188} INFO - [2026-07-15T11:40:39.744+0000] {dag.py:3096} INFO - Sync 1 DAGs
[2026-07-15T11:40:39.795+0000] {logging_mixin.py:188} INFO - [2026-07-15T11:40:39.795+0000] {dag.py:3954} INFO - Setting next_dagrun for e-commerce_kafka_streaming_pipeline_v1 to 2026-07-15 11:00:00+00:00, run_after=2026-07-15 12:00:00+00:00
[2026-07-15T11:40:39.839+0000] {processor.py:183} INFO - Processing /opt/airflow/dags/sdp_pipeline_dag.py took 0.253 seconds
[2026-07-15T11:41:09.987+0000] {processor.py:161} INFO - Started process (PID=4299) to work on /opt/airflow/dags/sdp_pipeline_dag.py
[2026-07-15T11:41:09.993+0000] {processor.py:830} INFO - Processing file /opt/airflow/dags/sdp_pipeline_dag.py for tasks to queue
[2026-07-15T11:41:10.000+0000] {logging_mixin.py:188} INFO - [2026-07-15T11:41:09.996+0000] {dagbag.py:540} INFO - Filling up the DagBag from /opt/airflow/dags/sdp_pipeline_dag.py
[2026-07-15T11:41:10.059+0000] {processor.py:840} INFO - DAG(s) 'e-commerce_kafka_streaming_pipeline_v1' retrieved from /opt/airflow/dags/sdp_pipeline_dag.py
[2026-07-15T11:41:10.130+0000] {logging_mixin.py:188} INFO - [2026-07-15T11:41:10.130+0000] {dag.py:3096} INFO - Sync 1 DAGs
[2026-07-15T11:41:10.184+0000] {logging_mixin.py:188} INFO - [2026-07-15T11:41:10.183+0000] {dag.py:3954} INFO - Setting next_dagrun for e-commerce_kafka_streaming_pipeline_v1 to 2026-07-15 11:00:00+00:00, run_after=2026-07-15 12:00:00+00:00
[2026-07-15T11:41:10.222+0000] {processor.py:183} INFO - Processing /opt/airflow/dags/sdp_pipeline_dag.py took 0.275 seconds
[2026-07-15T11:41:40.374+0000] {processor.py:161} INFO - Started process (PID=4324) to work on /opt/airflow/dags/sdp_pipeline_dag.py
[2026-07-15T11:41:40.376+0000] {processor.py:830} INFO - Processing file /opt/airflow/dags/sdp_pipeline_dag.py for tasks to queue
[2026-07-15T11:41:40.379+0000] {logging_mixin.py:188} INFO - [2026-07-15T11:41:40.378+0000] {dagbag.py:540} INFO - Filling up the DagBag from /opt/airflow/dags/sdp_pipeline_dag.py
[2026-07-15T11:41:40.412+0000] {processor.py:840} INFO - DAG(s) 'e-commerce_kafka_streaming_pipeline_v1' retrieved from /opt/airflow/dags/sdp_pipeline_dag.py
[2026-07-15T11:41:40.453+0000] {logging_mixin.py:188} INFO - [2026-07-15T11:41:40.452+0000] {dag.py:3096} INFO - Sync 1 DAGs
[2026-07-15T11:41:40.515+0000] {logging_mixin.py:188} INFO - [2026-07-15T11:41:40.515+0000] {dag.py:3954} INFO - Setting next_dagrun for e-commerce_kafka_streaming_pipeline_v1 to 2026-07-15 11:00:00+00:00, run_after=2026-07-15 12:00:00+00:00
[2026-07-15T11:41:40.543+0000] {processor.py:183} INFO - Processing /opt/airflow/dags/sdp_pipeline_dag.py took 0.182 seconds
[2026-07-15T11:42:10.794+0000] {processor.py:161} INFO - Started process (PID=4349) to work on /opt/airflow/dags/sdp_pipeline_dag.py
[2026-07-15T11:42:10.796+0000] {processor.py:830} INFO - Processing file /opt/airflow/dags/sdp_pipeline_dag.py for tasks to queue
[2026-07-15T11:42:10.799+0000] {logging_mixin.py:188} INFO - [2026-07-15T11:42:10.798+0000] {dagbag.py:540} INFO - Filling up the DagBag from /opt/airflow/dags/sdp_pipeline_dag.py
[2026-07-15T11:42:10.841+0000] {processor.py:840} INFO - DAG(s) 'e-commerce_kafka_streaming_pipeline_v1' retrieved from /opt/airflow/dags/sdp_pipeline_dag.py
[2026-07-15T11:42:10.887+0000] {logging_mixin.py:188} INFO - [2026-07-15T11:42:10.887+0000] {dag.py:3096} INFO - Sync 1 DAGs
[2026-07-15T11:42:10.926+0000] {logging_mixin.py:188} INFO - [2026-07-15T11:42:10.926+0000] {dag.py:3954} INFO - Setting next_dagrun for e-commerce_kafka_streaming_pipeline_v1 to 2026-07-15 11:00:00+00:00, run_after=2026-07-15 12:00:00+00:00
[2026-07-15T11:42:10.968+0000] {processor.py:183} INFO - Processing /opt/airflow/dags/sdp_pipeline_dag.py took 0.186 seconds
[2026-07-15T11:42:41.074+0000] {processor.py:161} INFO - Started process (PID=4374) to work on /opt/airflow/dags/sdp_pipeline_dag.py
[2026-07-15T11:42:41.076+0000] {processor.py:830} INFO - Processing file /opt/airflow/dags/sdp_pipeline_dag.py for tasks to queue
[2026-07-15T11:42:41.079+0000] {logging_mixin.py:188} INFO - [2026-07-15T11:42:41.078+0000] {dagbag.py:540} INFO - Filling up the DagBag from /opt/airflow/dags/sdp_pipeline_dag.py
[2026-07-15T11:42:41.119+0000] {processor.py:840} INFO - DAG(s) 'e-commerce_kafka_streaming_pipeline_v1' retrieved from /opt/airflow/dags/sdp_pipeline_dag.py
[2026-07-15T11:42:41.167+0000] {logging_mixin.py:188} INFO - [2026-07-15T11:42:41.167+0000] {dag.py:3096} INFO - Sync 1 DAGs
[2026-07-15T11:42:41.206+0000] {logging_mixin.py:188} INFO - [2026-07-15T11:42:41.206+0000] {dag.py:3954} INFO - Setting next_dagrun for e-commerce_kafka_streaming_pipeline_v1 to 2026-07-15 11:00:00+00:00, run_after=2026-07-15 12:00:00+00:00
[2026-07-15T11:42:41.231+0000] {processor.py:183} INFO - Processing /opt/airflow/dags/sdp_pipeline_dag.py took 0.170 seconds
[2026-07-15T11:43:11.307+0000] {processor.py:161} INFO - Started process (PID=4399) to work on /opt/airflow/dags/sdp_pipeline_dag.py
[2026-07-15T11:43:11.309+0000] {processor.py:830} INFO - Processing file /opt/airflow/dags/sdp_pipeline_dag.py for tasks to queue
[2026-07-15T11:43:11.311+0000] {logging_mixin.py:188} INFO - [2026-07-15T11:43:11.311+0000] {dagbag.py:540} INFO - Filling up the DagBag from /opt/airflow/dags/sdp_pipeline_dag.py
[2026-07-15T11:43:11.341+0000] {processor.py:840} INFO - DAG(s) 'e-commerce_kafka_streaming_pipeline_v1' retrieved from /opt/airflow/dags/sdp_pipeline_dag.py
[2026-07-15T11:43:11.391+0000] {logging_mixin.py:188} INFO - [2026-07-15T11:43:11.391+0000] {dag.py:3096} INFO - Sync 1 DAGs
[2026-07-15T11:43:11.432+0000] {logging_mixin.py:188} INFO - [2026-07-15T11:43:11.432+0000] {dag.py:3954} INFO - Setting next_dagrun for e-commerce_kafka_streaming_pipeline_v1 to 2026-07-15 11:00:00+00:00, run_after=2026-07-15 12:00:00+00:00
[2026-07-15T11:43:11.466+0000] {processor.py:183} INFO - Processing /opt/airflow/dags/sdp_pipeline_dag.py took 0.168 seconds
[2026-07-15T11:43:41.787+0000] {processor.py:161} INFO - Started process (PID=4436) to work on /opt/airflow/dags/sdp_pipeline_dag.py
[2026-07-15T11:43:41.789+0000] {processor.py:830} INFO - Processing file /opt/airflow/dags/sdp_pipeline_dag.py for tasks to queue
[2026-07-15T11:43:41.791+0000] {logging_mixin.py:188} INFO - [2026-07-15T11:43:41.791+0000] {dagbag.py:540} INFO - Filling up the DagBag from /opt/airflow/dags/sdp_pipeline_dag.py
[2026-07-15T11:43:41.829+0000] {processor.py:840} INFO - DAG(s) 'e-commerce_kafka_streaming_pipeline_v1' retrieved from /opt/airflow/dags/sdp_pipeline_dag.py
[2026-07-15T11:43:41.887+0000] {logging_mixin.py:188} INFO - [2026-07-15T11:43:41.886+0000] {dag.py:3096} INFO - Sync 1 DAGs
[2026-07-15T11:43:41.947+0000] {logging_mixin.py:188} INFO - [2026-07-15T11:43:41.946+0000] {dag.py:3954} INFO - Setting next_dagrun for e-commerce_kafka_streaming_pipeline_v1 to 2026-07-15 11:00:00+00:00, run_after=2026-07-15 12:00:00+00:00
[2026-07-15T11:43:41.991+0000] {processor.py:183} INFO - Processing /opt/airflow/dags/sdp_pipeline_dag.py took 0.214 seconds
[2026-07-15T11:44:12.293+0000] {processor.py:161} INFO - Started process (PID=4456) to work on /opt/airflow/dags/sdp_pipeline_dag.py
[2026-07-15T11:44:12.296+0000] {processor.py:830} INFO - Processing file /opt/airflow/dags/sdp_pipeline_dag.py for tasks to queue
[2026-07-15T11:44:12.300+0000] {logging_mixin.py:188} INFO - [2026-07-15T11:44:12.299+0000] {dagbag.py:540} INFO - Filling up the DagBag from /opt/airflow/dags/sdp_pipeline_dag.py
[2026-07-15T11:44:12.347+0000] {processor.py:840} INFO - DAG(s) 'e-commerce_kafka_streaming_pipeline_v1' retrieved from /opt/airflow/dags/sdp_pipeline_dag.py
[2026-07-15T11:44:12.421+0000] {logging_mixin.py:188} INFO - [2026-07-15T11:44:12.421+0000] {dag.py:3096} INFO - Sync 1 DAGs
[2026-07-15T11:44:12.492+0000] {logging_mixin.py:188} INFO - [2026-07-15T11:44:12.491+0000] {dag.py:3954} INFO - Setting next_dagrun for e-commerce_kafka_streaming_pipeline_v1 to 2026-07-15 11:00:00+00:00, run_after=2026-07-15 12:00:00+00:00
[2026-07-15T11:44:12.535+0000] {processor.py:183} INFO - Processing /opt/airflow/dags/sdp_pipeline_dag.py took 0.260 seconds
[2026-07-15T11:44:42.692+0000] {processor.py:161} INFO - Started process (PID=4481) to work on /opt/airflow/dags/sdp_pipeline_dag.py
[2026-07-15T11:44:42.699+0000] {processor.py:830} INFO - Processing file /opt/airflow/dags/sdp_pipeline_dag.py for tasks to queue
[2026-07-15T11:44:42.704+0000] {logging_mixin.py:188} INFO - [2026-07-15T11:44:42.702+0000] {dagbag.py:540} INFO - Filling up the DagBag from /opt/airflow/dags/sdp_pipeline_dag.py
[2026-07-15T11:44:42.758+0000] {processor.py:840} INFO - DAG(s) 'e-commerce_kafka_streaming_pipeline_v1' retrieved from /opt/airflow/dags/sdp_pipeline_dag.py
[2026-07-15T11:44:42.831+0000] {logging_mixin.py:188} INFO - [2026-07-15T11:44:42.830+0000] {dag.py:3096} INFO - Sync 1 DAGs
[2026-07-15T11:44:42.885+0000] {logging_mixin.py:188} INFO - [2026-07-15T11:44:42.884+0000] {dag.py:3954} INFO - Setting next_dagrun for e-commerce_kafka_streaming_pipeline_v1 to 2026-07-15 11:00:00+00:00, run_after=2026-07-15 12:00:00+00:00
[2026-07-15T11:44:42.930+0000] {processor.py:183} INFO - Processing /opt/airflow/dags/sdp_pipeline_dag.py took 0.269 seconds
[2026-07-15T11:45:14.003+0000] {processor.py:161} INFO - Started process (PID=4506) to work on /opt/airflow/dags/sdp_pipeline_dag.py
[2026-07-15T11:45:14.005+0000] {processor.py:830} INFO - Processing file /opt/airflow/dags/sdp_pipeline_dag.py for tasks to queue
[2026-07-15T11:45:14.009+0000] {logging_mixin.py:188} INFO - [2026-07-15T11:45:14.008+0000] {dagbag.py:540} INFO - Filling up the DagBag from /opt/airflow/dags/sdp_pipeline_dag.py
[2026-07-15T11:45:14.064+0000] {processor.py:840} INFO - DAG(s) 'e-commerce_kafka_streaming_pipeline_v1' retrieved from /opt/airflow/dags/sdp_pipeline_dag.py
[2026-07-15T11:45:14.170+0000] {logging_mixin.py:188} INFO - [2026-07-15T11:45:14.170+0000] {dag.py:3096} INFO - Sync 1 DAGs
[2026-07-15T11:45:14.241+0000] {logging_mixin.py:188} INFO - [2026-07-15T11:45:14.241+0000] {dag.py:3954} INFO - Setting next_dagrun for e-commerce_kafka_streaming_pipeline_v1 to 2026-07-15 11:00:00+00:00, run_after=2026-07-15 12:00:00+00:00
[2026-07-15T11:45:14.279+0000] {processor.py:183} INFO - Processing /opt/airflow/dags/sdp_pipeline_dag.py took 0.299 seconds
[2026-07-15T11:45:44.431+0000] {processor.py:161} INFO - Started process (PID=4531) to work on /opt/airflow/dags/sdp_pipeline_dag.py
[2026-07-15T11:45:44.433+0000] {processor.py:830} INFO - Processing file /opt/airflow/dags/sdp_pipeline_dag.py for tasks to queue
[2026-07-15T11:45:44.436+0000] {logging_mixin.py:188} INFO - [2026-07-15T11:45:44.435+0000] {dagbag.py:540} INFO - Filling up the DagBag from /opt/airflow/dags/sdp_pipeline_dag.py
[2026-07-15T11:45:44.475+0000] {processor.py:840} INFO - DAG(s) 'e-commerce_kafka_streaming_pipeline_v1' retrieved from /opt/airflow/dags/sdp_pipeline_dag.py
[2026-07-15T11:45:44.521+0000] {logging_mixin.py:188} INFO - [2026-07-15T11:45:44.521+0000] {dag.py:3096} INFO - Sync 1 DAGs
[2026-07-15T11:45:44.558+0000] {logging_mixin.py:188} INFO - [2026-07-15T11:45:44.557+0000] {dag.py:3954} INFO - Setting next_dagrun for e-commerce_kafka_streaming_pipeline_v1 to 2026-07-15 11:00:00+00:00, run_after=2026-07-15 12:00:00+00:00
[2026-07-15T11:45:44.589+0000] {processor.py:183} INFO - Processing /opt/airflow/dags/sdp_pipeline_dag.py took 0.169 seconds
[2026-07-15T11:46:14.728+0000] {processor.py:161} INFO - Started process (PID=4556) to work on /opt/airflow/dags/sdp_pipeline_dag.py
[2026-07-15T11:46:14.731+0000] {processor.py:830} INFO - Processing file /opt/airflow/dags/sdp_pipeline_dag.py for tasks to queue
[2026-07-15T11:46:14.733+0000] {logging_mixin.py:188} INFO - [2026-07-15T11:46:14.733+0000] {dagbag.py:540} INFO - Filling up the DagBag from /opt/airflow/dags/sdp_pipeline_dag.py
[2026-07-15T11:46:14.775+0000] {processor.py:840} INFO - DAG(s) 'e-commerce_kafka_streaming_pipeline_v1' retrieved from /opt/airflow/dags/sdp_pipeline_dag.py
[2026-07-15T11:46:14.827+0000] {logging_mixin.py:188} INFO - [2026-07-15T11:46:14.826+0000] {dag.py:3096} INFO - Sync 1 DAGs
[2026-07-15T11:46:14.863+0000] {logging_mixin.py:188} INFO - [2026-07-15T11:46:14.862+0000] {dag.py:3954} INFO - Setting next_dagrun for e-commerce_kafka_streaming_pipeline_v1 to 2026-07-15 11:00:00+00:00, run_after=2026-07-15 12:00:00+00:00
[2026-07-15T11:46:14.891+0000] {processor.py:183} INFO - Processing /opt/airflow/dags/sdp_pipeline_dag.py took 0.177 seconds
[2026-07-15T11:46:45.025+0000] {processor.py:161} INFO - Started process (PID=4581) to work on /opt/airflow/dags/sdp_pipeline_dag.py
[2026-07-15T11:46:45.028+0000] {processor.py:830} INFO - Processing file /opt/airflow/dags/sdp_pipeline_dag.py for tasks to queue
[2026-07-15T11:46:45.031+0000] {logging_mixin.py:188} INFO - [2026-07-15T11:46:45.030+0000] {dagbag.py:540} INFO - Filling up the DagBag from /opt/airflow/dags/sdp_pipeline_dag.py
[2026-07-15T11:46:45.080+0000] {processor.py:840} INFO - DAG(s) 'e-commerce_kafka_streaming_pipeline_v1' retrieved from /opt/airflow/dags/sdp_pipeline_dag.py
[2026-07-15T11:46:45.127+0000] {logging_mixin.py:188} INFO - [2026-07-15T11:46:45.127+0000] {dag.py:3096} INFO - Sync 1 DAGs
[2026-07-15T11:46:45.165+0000] {logging_mixin.py:188} INFO - [2026-07-15T11:46:45.164+0000] {dag.py:3954} INFO - Setting next_dagrun for e-commerce_kafka_streaming_pipeline_v1 to 2026-07-15 11:00:00+00:00, run_after=2026-07-15 12:00:00+00:00
[2026-07-15T11:46:45.198+0000] {processor.py:183} INFO - Processing /opt/airflow/dags/sdp_pipeline_dag.py took 0.184 seconds
[2026-07-15T11:47:15.952+0000] {processor.py:161} INFO - Started process (PID=4606) to work on /opt/airflow/dags/sdp_pipeline_dag.py
[2026-07-15T11:47:15.955+0000] {processor.py:830} INFO - Processing file /opt/airflow/dags/sdp_pipeline_dag.py for tasks to queue
[2026-07-15T11:47:15.958+0000] {logging_mixin.py:188} INFO - [2026-07-15T11:47:15.957+0000] {dagbag.py:540} INFO - Filling up the DagBag from /opt/airflow/dags/sdp_pipeline_dag.py
[2026-07-15T11:47:15.993+0000] {processor.py:840} INFO - DAG(s) 'e-commerce_kafka_streaming_pipeline_v1' retrieved from /opt/airflow/dags/sdp_pipeline_dag.py
[2026-07-15T11:47:16.043+0000] {logging_mixin.py:188} INFO - [2026-07-15T11:47:16.042+0000] {dag.py:3096} INFO - Sync 1 DAGs
[2026-07-15T11:47:16.083+0000] {logging_mixin.py:188} INFO - [2026-07-15T11:47:16.083+0000] {dag.py:3954} INFO - Setting next_dagrun for e-commerce_kafka_streaming_pipeline_v1 to 2026-07-15 11:00:00+00:00, run_after=2026-07-15 12:00:00+00:00
[2026-07-15T11:47:16.110+0000] {processor.py:183} INFO - Processing /opt/airflow/dags/sdp_pipeline_dag.py took 0.173 seconds
[2026-07-15T11:47:46.927+0000] {processor.py:161} INFO - Started process (PID=4631) to work on /opt/airflow/dags/sdp_pipeline_dag.py
[2026-07-15T11:47:46.930+0000] {processor.py:830} INFO - Processing file /opt/airflow/dags/sdp_pipeline_dag.py for tasks to queue
[2026-07-15T11:47:46.932+0000] {logging_mixin.py:188} INFO - [2026-07-15T11:47:46.931+0000] {dagbag.py:540} INFO - Filling up the DagBag from /opt/airflow/dags/sdp_pipeline_dag.py
[2026-07-15T11:47:46.967+0000] {processor.py:840} INFO - DAG(s) 'e-commerce_kafka_streaming_pipeline_v1' retrieved from /opt/airflow/dags/sdp_pipeline_dag.py
[2026-07-15T11:47:47.010+0000] {logging_mixin.py:188} INFO - [2026-07-15T11:47:47.010+0000] {dag.py:3096} INFO - Sync 1 DAGs
[2026-07-15T11:47:47.045+0000] {logging_mixin.py:188} INFO - [2026-07-15T11:47:47.045+0000] {dag.py:3954} INFO - Setting next_dagrun for e-commerce_kafka_streaming_pipeline_v1 to 2026-07-15 11:00:00+00:00, run_after=2026-07-15 12:00:00+00:00
[2026-07-15T11:47:47.077+0000] {processor.py:183} INFO - Processing /opt/airflow/dags/sdp_pipeline_dag.py took 0.164 seconds
[2026-07-15T11:48:17.814+0000] {processor.py:161} INFO - Started process (PID=4656) to work on /opt/airflow/dags/sdp_pipeline_dag.py
[2026-07-15T11:48:17.817+0000] {processor.py:830} INFO - Processing file /opt/airflow/dags/sdp_pipeline_dag.py for tasks to queue
[2026-07-15T11:48:17.819+0000] {logging_mixin.py:188} INFO - [2026-07-15T11:48:17.818+0000] {dagbag.py:540} INFO - Filling up the DagBag from /opt/airflow/dags/sdp_pipeline_dag.py
[2026-07-15T11:48:17.860+0000] {processor.py:840} INFO - DAG(s) 'e-commerce_kafka_streaming_pipeline_v1' retrieved from /opt/airflow/dags/sdp_pipeline_dag.py
[2026-07-15T11:48:17.922+0000] {logging_mixin.py:188} INFO - [2026-07-15T11:48:17.922+0000] {dag.py:3096} INFO - Sync 1 DAGs
[2026-07-15T11:48:17.965+0000] {logging_mixin.py:188} INFO - [2026-07-15T11:48:17.965+0000] {dag.py:3954} INFO - Setting next_dagrun for e-commerce_kafka_streaming_pipeline_v1 to 2026-07-15 11:00:00+00:00, run_after=2026-07-15 12:00:00+00:00
[2026-07-15T11:48:17.992+0000] {processor.py:183} INFO - Processing /opt/airflow/dags/sdp_pipeline_dag.py took 0.193 seconds
[2026-07-15T11:48:48.724+0000] {processor.py:161} INFO - Started process (PID=4681) to work on /opt/airflow/dags/sdp_pipeline_dag.py
[2026-07-15T11:48:48.727+0000] {processor.py:830} INFO - Processing file /opt/airflow/dags/sdp_pipeline_dag.py for tasks to queue
[2026-07-15T11:48:48.730+0000] {logging_mixin.py:188} INFO - [2026-07-15T11:48:48.729+0000] {dagbag.py:540} INFO - Filling up the DagBag from /opt/airflow/dags/sdp_pipeline_dag.py
[2026-07-15T11:48:48.781+0000] {processor.py:840} INFO - DAG(s) 'e-commerce_kafka_streaming_pipeline_v1' retrieved from /opt/airflow/dags/sdp_pipeline_dag.py
[2026-07-15T11:48:48.843+0000] {logging_mixin.py:188} INFO - [2026-07-15T11:48:48.842+0000] {dag.py:3096} INFO - Sync 1 DAGs
[2026-07-15T11:48:48.898+0000] {logging_mixin.py:188} INFO - [2026-07-15T11:48:48.898+0000] {dag.py:3954} INFO - Setting next_dagrun for e-commerce_kafka_streaming_pipeline_v1 to 2026-07-15 11:00:00+00:00, run_after=2026-07-15 12:00:00+00:00
[2026-07-15T11:48:48.933+0000] {processor.py:183} INFO - Processing /opt/airflow/dags/sdp_pipeline_dag.py took 0.244 seconds
[2026-07-15T11:49:19.645+0000] {processor.py:161} INFO - Started process (PID=4706) to work on /opt/airflow/dags/sdp_pipeline_dag.py
[2026-07-15T11:49:19.648+0000] {processor.py:830} INFO - Processing file /opt/airflow/dags/sdp_pipeline_dag.py for tasks to queue
[2026-07-15T11:49:19.650+0000] {logging_mixin.py:188} INFO - [2026-07-15T11:49:19.650+0000] {dagbag.py:540} INFO - Filling up the DagBag from /opt/airflow/dags/sdp_pipeline_dag.py
[2026-07-15T11:49:19.685+0000] {processor.py:840} INFO - DAG(s) 'e-commerce_kafka_streaming_pipeline_v1' retrieved from /opt/airflow/dags/sdp_pipeline_dag.py
[2026-07-15T11:49:19.741+0000] {logging_mixin.py:188} INFO - [2026-07-15T11:49:19.741+0000] {dag.py:3096} INFO - Sync 1 DAGs
[2026-07-15T11:49:19.778+0000] {logging_mixin.py:188} INFO - [2026-07-15T11:49:19.778+0000] {dag.py:3954} INFO - Setting next_dagrun for e-commerce_kafka_streaming_pipeline_v1 to 2026-07-15 11:00:00+00:00, run_after=2026-07-15 12:00:00+00:00
[2026-07-15T11:49:19.808+0000] {processor.py:183} INFO - Processing /opt/airflow/dags/sdp_pipeline_dag.py took 0.175 seconds
[2026-07-15T11:49:50.810+0000] {processor.py:161} INFO - Started process (PID=4731) to work on /opt/airflow/dags/sdp_pipeline_dag.py
[2026-07-15T11:49:50.812+0000] {processor.py:830} INFO - Processing file /opt/airflow/dags/sdp_pipeline_dag.py for tasks to queue
[2026-07-15T11:49:50.815+0000] {logging_mixin.py:188} INFO - [2026-07-15T11:49:50.814+0000] {dagbag.py:540} INFO - Filling up the DagBag from /opt/airflow/dags/sdp_pipeline_dag.py
[2026-07-15T11:49:50.854+0000] {processor.py:840} INFO - DAG(s) 'e-commerce_kafka_streaming_pipeline_v1' retrieved from /opt/airflow/dags/sdp_pipeline_dag.py
[2026-07-15T11:49:50.904+0000] {logging_mixin.py:188} INFO - [2026-07-15T11:49:50.903+0000] {dag.py:3096} INFO - Sync 1 DAGs
[2026-07-15T11:49:50.946+0000] {logging_mixin.py:188} INFO - [2026-07-15T11:49:50.945+0000] {dag.py:3954} INFO - Setting next_dagrun for e-commerce_kafka_streaming_pipeline_v1 to 2026-07-15 11:00:00+00:00, run_after=2026-07-15 12:00:00+00:00
[2026-07-15T11:49:50.980+0000] {processor.py:183} INFO - Processing /opt/airflow/dags/sdp_pipeline_dag.py took 0.189 seconds
[2026-07-15T11:50:21.571+0000] {processor.py:161} INFO - Started process (PID=4756) to work on /opt/airflow/dags/sdp_pipeline_dag.py
[2026-07-15T11:50:21.573+0000] {processor.py:830} INFO - Processing file /opt/airflow/dags/sdp_pipeline_dag.py for tasks to queue
[2026-07-15T11:50:21.576+0000] {logging_mixin.py:188} INFO - [2026-07-15T11:50:21.575+0000] {dagbag.py:540} INFO - Filling up the DagBag from /opt/airflow/dags/sdp_pipeline_dag.py
[2026-07-15T11:50:21.617+0000] {processor.py:840} INFO - DAG(s) 'e-commerce_kafka_streaming_pipeline_v1' retrieved from /opt/airflow/dags/sdp_pipeline_dag.py
[2026-07-15T11:50:21.672+0000] {logging_mixin.py:188} INFO - [2026-07-15T11:50:21.672+0000] {dag.py:3096} INFO - Sync 1 DAGs
[2026-07-15T11:50:21.720+0000] {logging_mixin.py:188} INFO - [2026-07-15T11:50:21.720+0000] {dag.py:3954} INFO - Setting next_dagrun for e-commerce_kafka_streaming_pipeline_v1 to 2026-07-15 11:00:00+00:00, run_after=2026-07-15 12:00:00+00:00
[2026-07-15T11:50:21.758+0000] {processor.py:183} INFO - Processing /opt/airflow/dags/sdp_pipeline_dag.py took 0.205 seconds
[2026-07-15T11:50:52.596+0000] {processor.py:161} INFO - Started process (PID=4781) to work on /opt/airflow/dags/sdp_pipeline_dag.py
[2026-07-15T11:50:52.598+0000] {processor.py:830} INFO - Processing file /opt/airflow/dags/sdp_pipeline_dag.py for tasks to queue
[2026-07-15T11:50:52.602+0000] {logging_mixin.py:188} INFO - [2026-07-15T11:50:52.601+0000] {dagbag.py:540} INFO - Filling up the DagBag from /opt/airflow/dags/sdp_pipeline_dag.py
[2026-07-15T11:50:52.644+0000] {processor.py:840} INFO - DAG(s) 'e-commerce_kafka_streaming_pipeline_v1' retrieved from /opt/airflow/dags/sdp_pipeline_dag.py
[2026-07-15T11:50:52.702+0000] {logging_mixin.py:188} INFO - [2026-07-15T11:50:52.702+0000] {dag.py:3096} INFO - Sync 1 DAGs
[2026-07-15T11:50:52.754+0000] {logging_mixin.py:188} INFO - [2026-07-15T11:50:52.753+0000] {dag.py:3954} INFO - Setting next_dagrun for e-commerce_kafka_streaming_pipeline_v1 to 2026-07-15 11:00:00+00:00, run_after=2026-07-15 12:00:00+00:00
[2026-07-15T11:50:52.859+0000] {processor.py:183} INFO - Processing /opt/airflow/dags/sdp_pipeline_dag.py took 0.280 seconds
[2026-07-15T11:51:23.820+0000] {processor.py:161} INFO - Started process (PID=4806) to work on /opt/airflow/dags/sdp_pipeline_dag.py
[2026-07-15T11:51:23.829+0000] {processor.py:830} INFO - Processing file /opt/airflow/dags/sdp_pipeline_dag.py for tasks to queue
[2026-07-15T11:51:23.833+0000] {logging_mixin.py:188} INFO - [2026-07-15T11:51:23.832+0000] {dagbag.py:540} INFO - Filling up the DagBag from /opt/airflow/dags/sdp_pipeline_dag.py
[2026-07-15T11:51:23.967+0000] {processor.py:840} INFO - DAG(s) 'e-commerce_kafka_streaming_pipeline_v1' retrieved from /opt/airflow/dags/sdp_pipeline_dag.py
[2026-07-15T11:51:24.065+0000] {logging_mixin.py:188} INFO - [2026-07-15T11:51:24.064+0000] {dag.py:3096} INFO - Sync 1 DAGs
[2026-07-15T11:51:24.130+0000] {logging_mixin.py:188} INFO - [2026-07-15T11:51:24.129+0000] {dag.py:3954} INFO - Setting next_dagrun for e-commerce_kafka_streaming_pipeline_v1 to 2026-07-15 11:00:00+00:00, run_after=2026-07-15 12:00:00+00:00
[2026-07-15T11:51:24.167+0000] {processor.py:183} INFO - Processing /opt/airflow/dags/sdp_pipeline_dag.py took 0.379 seconds
[2026-07-15T11:51:55.173+0000] {processor.py:161} INFO - Started process (PID=4847) to work on /opt/airflow/dags/sdp_pipeline_dag.py
[2026-07-15T11:51:55.176+0000] {processor.py:830} INFO - Processing file /opt/airflow/dags/sdp_pipeline_dag.py for tasks to queue
[2026-07-15T11:51:55.179+0000] {logging_mixin.py:188} INFO - [2026-07-15T11:51:55.178+0000] {dagbag.py:540} INFO - Filling up the DagBag from /opt/airflow/dags/sdp_pipeline_dag.py
[2026-07-15T11:51:55.216+0000] {processor.py:840} INFO - DAG(s) 'e-commerce_kafka_streaming_pipeline_v1' retrieved from /opt/airflow/dags/sdp_pipeline_dag.py
[2026-07-15T11:51:55.273+0000] {logging_mixin.py:188} INFO - [2026-07-15T11:51:55.272+0000] {dag.py:3096} INFO - Sync 1 DAGs
[2026-07-15T11:51:55.316+0000] {logging_mixin.py:188} INFO - [2026-07-15T11:51:55.316+0000] {dag.py:3954} INFO - Setting next_dagrun for e-commerce_kafka_streaming_pipeline_v1 to 2026-07-15 11:00:00+00:00, run_after=2026-07-15 12:00:00+00:00
[2026-07-15T11:51:55.349+0000] {processor.py:183} INFO - Processing /opt/airflow/dags/sdp_pipeline_dag.py took 0.196 seconds
[2026-07-15T11:52:26.116+0000] {processor.py:161} INFO - Started process (PID=4872) to work on /opt/airflow/dags/sdp_pipeline_dag.py
[2026-07-15T11:52:26.119+0000] {processor.py:830} INFO - Processing file /opt/airflow/dags/sdp_pipeline_dag.py for tasks to queue
[2026-07-15T11:52:26.122+0000] {logging_mixin.py:188} INFO - [2026-07-15T11:52:26.121+0000] {dagbag.py:540} INFO - Filling up the DagBag from /opt/airflow/dags/sdp_pipeline_dag.py
[2026-07-15T11:52:26.224+0000] {processor.py:840} INFO - DAG(s) 'e-commerce_kafka_streaming_pipeline_v1' retrieved from /opt/airflow/dags/sdp_pipeline_dag.py
[2026-07-15T11:52:26.315+0000] {logging_mixin.py:188} INFO - [2026-07-15T11:52:26.315+0000] {dag.py:3096} INFO - Sync 1 DAGs
[2026-07-15T11:52:26.450+0000] {logging_mixin.py:188} INFO - [2026-07-15T11:52:26.449+0000] {dag.py:3954} INFO - Setting next_dagrun for e-commerce_kafka_streaming_pipeline_v1 to 2026-07-15 11:00:00+00:00, run_after=2026-07-15 12:00:00+00:00
[2026-07-15T11:52:26.524+0000] {processor.py:183} INFO - Processing /opt/airflow/dags/sdp_pipeline_dag.py took 0.436 seconds
[2026-07-15T11:52:57.398+0000] {processor.py:161} INFO - Started process (PID=4897) to work on /opt/airflow/dags/sdp_pipeline_dag.py
[2026-07-15T11:52:57.402+0000] {processor.py:830} INFO - Processing file /opt/airflow/dags/sdp_pipeline_dag.py for tasks to queue
[2026-07-15T11:52:57.406+0000] {logging_mixin.py:188} INFO - [2026-07-15T11:52:57.405+0000] {dagbag.py:540} INFO - Filling up the DagBag from /opt/airflow/dags/sdp_pipeline_dag.py
[2026-07-15T11:52:57.472+0000] {processor.py:840} INFO - DAG(s) 'e-commerce_kafka_streaming_pipeline_v1' retrieved from /opt/airflow/dags/sdp_pipeline_dag.py
[2026-07-15T11:52:57.543+0000] {logging_mixin.py:188} INFO - [2026-07-15T11:52:57.542+0000] {dag.py:3096} INFO - Sync 1 DAGs
[2026-07-15T11:52:57.606+0000] {logging_mixin.py:188} INFO - [2026-07-15T11:52:57.605+0000] {dag.py:3954} INFO - Setting next_dagrun for e-commerce_kafka_streaming_pipeline_v1 to 2026-07-15 11:00:00+00:00, run_after=2026-07-15 12:00:00+00:00
[2026-07-15T11:52:57.648+0000] {processor.py:183} INFO - Processing /opt/airflow/dags/sdp_pipeline_dag.py took 0.269 seconds
[2026-07-15T11:53:28.729+0000] {processor.py:161} INFO - Started process (PID=4922) to work on /opt/airflow/dags/sdp_pipeline_dag.py
[2026-07-15T11:53:28.732+0000] {processor.py:830} INFO - Processing file /opt/airflow/dags/sdp_pipeline_dag.py for tasks to queue
[2026-07-15T11:53:28.737+0000] {logging_mixin.py:188} INFO - [2026-07-15T11:53:28.734+0000] {dagbag.py:540} INFO - Filling up the DagBag from /opt/airflow/dags/sdp_pipeline_dag.py
[2026-07-15T11:53:28.791+0000] {processor.py:840} INFO - DAG(s) 'e-commerce_kafka_streaming_pipeline_v1' retrieved from /opt/airflow/dags/sdp_pipeline_dag.py
[2026-07-15T11:53:28.870+0000] {logging_mixin.py:188} INFO - [2026-07-15T11:53:28.869+0000] {dag.py:3096} INFO - Sync 1 DAGs
[2026-07-15T11:53:28.945+0000] {logging_mixin.py:188} INFO - [2026-07-15T11:53:28.944+0000] {dag.py:3954} INFO - Setting next_dagrun for e-commerce_kafka_streaming_pipeline_v1 to 2026-07-15 11:00:00+00:00, run_after=2026-07-15 12:00:00+00:00
[2026-07-15T11:53:28.984+0000] {processor.py:183} INFO - Processing /opt/airflow/dags/sdp_pipeline_dag.py took 0.274 seconds
[2026-07-15T11:53:59.361+0000] {processor.py:161} INFO - Started process (PID=4962) to work on /opt/airflow/dags/sdp_pipeline_dag.py
[2026-07-15T11:53:59.364+0000] {processor.py:830} INFO - Processing file /opt/airflow/dags/sdp_pipeline_dag.py for tasks to queue
[2026-07-15T11:53:59.367+0000] {logging_mixin.py:188} INFO - [2026-07-15T11:53:59.366+0000] {dagbag.py:540} INFO - Filling up the DagBag from /opt/airflow/dags/sdp_pipeline_dag.py
[2026-07-15T11:53:59.415+0000] {processor.py:840} INFO - DAG(s) 'e-commerce_kafka_streaming_pipeline_v1' retrieved from /opt/airflow/dags/sdp_pipeline_dag.py
[2026-07-15T11:53:59.503+0000] {logging_mixin.py:188} INFO - [2026-07-15T11:53:59.502+0000] {dag.py:3096} INFO - Sync 1 DAGs
[2026-07-15T11:53:59.573+0000] {logging_mixin.py:188} INFO - [2026-07-15T11:53:59.572+0000] {dag.py:3954} INFO - Setting next_dagrun for e-commerce_kafka_streaming_pipeline_v1 to 2026-07-15 11:00:00+00:00, run_after=2026-07-15 12:00:00+00:00
[2026-07-15T11:53:59.613+0000] {processor.py:183} INFO - Processing /opt/airflow/dags/sdp_pipeline_dag.py took 0.329 seconds
[2026-07-15T11:54:29.903+0000] {processor.py:161} INFO - Started process (PID=4987) to work on /opt/airflow/dags/sdp_pipeline_dag.py
[2026-07-15T11:54:29.909+0000] {processor.py:830} INFO - Processing file /opt/airflow/dags/sdp_pipeline_dag.py for tasks to queue
[2026-07-15T11:54:29.917+0000] {logging_mixin.py:188} INFO - [2026-07-15T11:54:29.916+0000] {dagbag.py:540} INFO - Filling up the DagBag from /opt/airflow/dags/sdp_pipeline_dag.py
[2026-07-15T11:54:30.033+0000] {processor.py:840} INFO - DAG(s) 'e-commerce_kafka_streaming_pipeline_v1' retrieved from /opt/airflow/dags/sdp_pipeline_dag.py
[2026-07-15T11:54:30.115+0000] {logging_mixin.py:188} INFO - [2026-07-15T11:54:30.114+0000] {dag.py:3096} INFO - Sync 1 DAGs
[2026-07-15T11:54:30.181+0000] {logging_mixin.py:188} INFO - [2026-07-15T11:54:30.180+0000] {dag.py:3954} INFO - Setting next_dagrun for e-commerce_kafka_streaming_pipeline_v1 to 2026-07-15 11:00:00+00:00, run_after=2026-07-15 12:00:00+00:00
[2026-07-15T11:54:30.222+0000] {processor.py:183} INFO - Processing /opt/airflow/dags/sdp_pipeline_dag.py took 0.342 seconds
[2026-07-15T11:55:00.610+0000] {processor.py:161} INFO - Started process (PID=5012) to work on /opt/airflow/dags/sdp_pipeline_dag.py
[2026-07-15T11:55:00.612+0000] {processor.py:830} INFO - Processing file /opt/airflow/dags/sdp_pipeline_dag.py for tasks to queue
[2026-07-15T11:55:00.616+0000] {logging_mixin.py:188} INFO - [2026-07-15T11:55:00.615+0000] {dagbag.py:540} INFO - Filling up the DagBag from /opt/airflow/dags/sdp_pipeline_dag.py
[2026-07-15T11:55:00.674+0000] {processor.py:840} INFO - DAG(s) 'e-commerce_kafka_streaming_pipeline_v1' retrieved from /opt/airflow/dags/sdp_pipeline_dag.py
[2026-07-15T11:55:00.770+0000] {logging_mixin.py:188} INFO - [2026-07-15T11:55:00.769+0000] {dag.py:3096} INFO - Sync 1 DAGs
[2026-07-15T11:55:00.839+0000] {logging_mixin.py:188} INFO - [2026-07-15T11:55:00.839+0000] {dag.py:3954} INFO - Setting next_dagrun for e-commerce_kafka_streaming_pipeline_v1 to 2026-07-15 11:00:00+00:00, run_after=2026-07-15 12:00:00+00:00
[2026-07-15T11:55:00.888+0000] {processor.py:183} INFO - Processing /opt/airflow/dags/sdp_pipeline_dag.py took 0.296 seconds
[2026-07-15T11:55:31.954+0000] {processor.py:161} INFO - Started process (PID=5037) to work on /opt/airflow/dags/sdp_pipeline_dag.py
[2026-07-15T11:55:31.956+0000] {processor.py:830} INFO - Processing file /opt/airflow/dags/sdp_pipeline_dag.py for tasks to queue
[2026-07-15T11:55:31.960+0000] {logging_mixin.py:188} INFO - [2026-07-15T11:55:31.959+0000] {dagbag.py:540} INFO - Filling up the DagBag from /opt/airflow/dags/sdp_pipeline_dag.py
[2026-07-15T11:55:32.011+0000] {processor.py:840} INFO - DAG(s) 'e-commerce_kafka_streaming_pipeline_v1' retrieved from /opt/airflow/dags/sdp_pipeline_dag.py
[2026-07-15T11:55:32.079+0000] {logging_mixin.py:188} INFO - [2026-07-15T11:55:32.078+0000] {dag.py:3096} INFO - Sync 1 DAGs
[2026-07-15T11:55:32.129+0000] {logging_mixin.py:188} INFO - [2026-07-15T11:55:32.128+0000] {dag.py:3954} INFO - Setting next_dagrun for e-commerce_kafka_streaming_pipeline_v1 to 2026-07-15 11:00:00+00:00, run_after=2026-07-15 12:00:00+00:00
[2026-07-15T11:55:32.163+0000] {processor.py:183} INFO - Processing /opt/airflow/dags/sdp_pipeline_dag.py took 0.231 seconds
[2026-07-15T11:56:02.900+0000] {processor.py:161} INFO - Started process (PID=5075) to work on /opt/airflow/dags/sdp_pipeline_dag.py
[2026-07-15T11:56:02.903+0000] {processor.py:830} INFO - Processing file /opt/airflow/dags/sdp_pipeline_dag.py for tasks to queue
[2026-07-15T11:56:02.907+0000] {logging_mixin.py:188} INFO - [2026-07-15T11:56:02.906+0000] {dagbag.py:540} INFO - Filling up the DagBag from /opt/airflow/dags/sdp_pipeline_dag.py
[2026-07-15T11:56:02.971+0000] {processor.py:840} INFO - DAG(s) 'e-commerce_kafka_streaming_pipeline_v1' retrieved from /opt/airflow/dags/sdp_pipeline_dag.py
[2026-07-15T11:56:03.064+0000] {logging_mixin.py:188} INFO - [2026-07-15T11:56:03.063+0000] {dag.py:3096} INFO - Sync 1 DAGs
[2026-07-15T11:56:03.135+0000] {logging_mixin.py:188} INFO - [2026-07-15T11:56:03.135+0000] {dag.py:3954} INFO - Setting next_dagrun for e-commerce_kafka_streaming_pipeline_v1 to 2026-07-15 11:00:00+00:00, run_after=2026-07-15 12:00:00+00:00
[2026-07-15T11:56:03.178+0000] {processor.py:183} INFO - Processing /opt/airflow/dags/sdp_pipeline_dag.py took 0.295 seconds
[2026-07-15T11:56:34.010+0000] {processor.py:161} INFO - Started process (PID=5100) to work on /opt/airflow/dags/sdp_pipeline_dag.py
[2026-07-15T11:56:34.012+0000] {processor.py:830} INFO - Processing file /opt/airflow/dags/sdp_pipeline_dag.py for tasks to queue
[2026-07-15T11:56:34.014+0000] {logging_mixin.py:188} INFO - [2026-07-15T11:56:34.013+0000] {dagbag.py:540} INFO - Filling up the DagBag from /opt/airflow/dags/sdp_pipeline_dag.py
[2026-07-15T11:56:34.050+0000] {processor.py:840} INFO - DAG(s) 'e-commerce_kafka_streaming_pipeline_v1' retrieved from /opt/airflow/dags/sdp_pipeline_dag.py
[2026-07-15T11:56:34.096+0000] {logging_mixin.py:188} INFO - [2026-07-15T11:56:34.096+0000] {dag.py:3096} INFO - Sync 1 DAGs
[2026-07-15T11:56:34.131+0000] {logging_mixin.py:188} INFO - [2026-07-15T11:56:34.131+0000] {dag.py:3954} INFO - Setting next_dagrun for e-commerce_kafka_streaming_pipeline_v1 to 2026-07-15 11:00:00+00:00, run_after=2026-07-15 12:00:00+00:00
[2026-07-15T11:56:34.166+0000] {processor.py:183} INFO - Processing /opt/airflow/dags/sdp_pipeline_dag.py took 0.167 seconds
[2026-07-15T11:57:04.428+0000] {processor.py:161} INFO - Started process (PID=5125) to work on /opt/airflow/dags/sdp_pipeline_dag.py
[2026-07-15T11:57:04.430+0000] {processor.py:830} INFO - Processing file /opt/airflow/dags/sdp_pipeline_dag.py for tasks to queue
[2026-07-15T11:57:04.432+0000] {logging_mixin.py:188} INFO - [2026-07-15T11:57:04.432+0000] {dagbag.py:540} INFO - Filling up the DagBag from /opt/airflow/dags/sdp_pipeline_dag.py
[2026-07-15T11:57:04.464+0000] {processor.py:840} INFO - DAG(s) 'e-commerce_kafka_streaming_pipeline_v1' retrieved from /opt/airflow/dags/sdp_pipeline_dag.py
[2026-07-15T11:57:04.505+0000] {logging_mixin.py:188} INFO - [2026-07-15T11:57:04.505+0000] {dag.py:3096} INFO - Sync 1 DAGs
[2026-07-15T11:57:04.539+0000] {logging_mixin.py:188} INFO - [2026-07-15T11:57:04.539+0000] {dag.py:3954} INFO - Setting next_dagrun for e-commerce_kafka_streaming_pipeline_v1 to 2026-07-15 11:00:00+00:00, run_after=2026-07-15 12:00:00+00:00
[2026-07-15T11:57:04.566+0000] {processor.py:183} INFO - Processing /opt/airflow/dags/sdp_pipeline_dag.py took 0.149 seconds
[2026-07-15T11:57:34.684+0000] {processor.py:161} INFO - Started process (PID=5150) to work on /opt/airflow/dags/sdp_pipeline_dag.py
[2026-07-15T11:57:34.686+0000] {processor.py:830} INFO - Processing file /opt/airflow/dags/sdp_pipeline_dag.py for tasks to queue
[2026-07-15T11:57:34.689+0000] {logging_mixin.py:188} INFO - [2026-07-15T11:57:34.688+0000] {dagbag.py:540} INFO - Filling up the DagBag from /opt/airflow/dags/sdp_pipeline_dag.py
[2026-07-15T11:57:34.724+0000] {processor.py:840} INFO - DAG(s) 'e-commerce_kafka_streaming_pipeline_v1' retrieved from /opt/airflow/dags/sdp_pipeline_dag.py
[2026-07-15T11:57:34.778+0000] {logging_mixin.py:188} INFO - [2026-07-15T11:57:34.778+0000] {dag.py:3096} INFO - Sync 1 DAGs
[2026-07-15T11:57:34.815+0000] {logging_mixin.py:188} INFO - [2026-07-15T11:57:34.815+0000] {dag.py:3954} INFO - Setting next_dagrun for e-commerce_kafka_streaming_pipeline_v1 to 2026-07-15 11:00:00+00:00, run_after=2026-07-15 12:00:00+00:00
[2026-07-15T11:57:34.846+0000] {processor.py:183} INFO - Processing /opt/airflow/dags/sdp_pipeline_dag.py took 0.172 seconds
[2026-07-15T11:58:05.025+0000] {processor.py:161} INFO - Started process (PID=5175) to work on /opt/airflow/dags/sdp_pipeline_dag.py
[2026-07-15T11:58:05.028+0000] {processor.py:830} INFO - Processing file /opt/airflow/dags/sdp_pipeline_dag.py for tasks to queue
[2026-07-15T11:58:05.030+0000] {logging_mixin.py:188} INFO - [2026-07-15T11:58:05.029+0000] {dagbag.py:540} INFO - Filling up the DagBag from /opt/airflow/dags/sdp_pipeline_dag.py
[2026-07-15T11:58:05.062+0000] {processor.py:840} INFO - DAG(s) 'e-commerce_kafka_streaming_pipeline_v1' retrieved from /opt/airflow/dags/sdp_pipeline_dag.py
[2026-07-15T11:58:05.114+0000] {logging_mixin.py:188} INFO - [2026-07-15T11:58:05.113+0000] {dag.py:3096} INFO - Sync 1 DAGs
[2026-07-15T11:58:05.160+0000] {logging_mixin.py:188} INFO - [2026-07-15T11:58:05.160+0000] {dag.py:3954} INFO - Setting next_dagrun for e-commerce_kafka_streaming_pipeline_v1 to 2026-07-15 11:00:00+00:00, run_after=2026-07-15 12:00:00+00:00
[2026-07-15T11:58:05.207+0000] {processor.py:183} INFO - Processing /opt/airflow/dags/sdp_pipeline_dag.py took 0.195 seconds
[2026-07-15T11:58:35.314+0000] {processor.py:161} INFO - Started process (PID=5211) to work on /opt/airflow/dags/sdp_pipeline_dag.py
[2026-07-15T11:58:35.317+0000] {processor.py:830} INFO - Processing file /opt/airflow/dags/sdp_pipeline_dag.py for tasks to queue
[2026-07-15T11:58:35.320+0000] {logging_mixin.py:188} INFO - [2026-07-15T11:58:35.319+0000] {dagbag.py:540} INFO - Filling up the DagBag from /opt/airflow/dags/sdp_pipeline_dag.py
[2026-07-15T11:58:35.363+0000] {processor.py:840} INFO - DAG(s) 'e-commerce_kafka_streaming_pipeline_v1' retrieved from /opt/airflow/dags/sdp_pipeline_dag.py
[2026-07-15T11:58:35.423+0000] {logging_mixin.py:188} INFO - [2026-07-15T11:58:35.422+0000] {dag.py:3096} INFO - Sync 1 DAGs
[2026-07-15T11:58:35.469+0000] {logging_mixin.py:188} INFO - [2026-07-15T11:58:35.469+0000] {dag.py:3954} INFO - Setting next_dagrun for e-commerce_kafka_streaming_pipeline_v1 to 2026-07-15 11:00:00+00:00, run_after=2026-07-15 12:00:00+00:00
[2026-07-15T11:58:35.504+0000] {processor.py:183} INFO - Processing /opt/airflow/dags/sdp_pipeline_dag.py took 0.208 seconds
[2026-07-15T11:59:05.633+0000] {processor.py:161} INFO - Started process (PID=5236) to work on /opt/airflow/dags/sdp_pipeline_dag.py
[2026-07-15T11:59:05.635+0000] {processor.py:830} INFO - Processing file /opt/airflow/dags/sdp_pipeline_dag.py for tasks to queue
[2026-07-15T11:59:05.638+0000] {logging_mixin.py:188} INFO - [2026-07-15T11:59:05.637+0000] {dagbag.py:540} INFO - Filling up the DagBag from /opt/airflow/dags/sdp_pipeline_dag.py
[2026-07-15T11:59:05.666+0000] {processor.py:840} INFO - DAG(s) 'e-commerce_kafka_streaming_pipeline_v1' retrieved from /opt/airflow/dags/sdp_pipeline_dag.py
[2026-07-15T11:59:05.714+0000] {logging_mixin.py:188} INFO - [2026-07-15T11:59:05.714+0000] {dag.py:3096} INFO - Sync 1 DAGs
[2026-07-15T11:59:05.749+0000] {logging_mixin.py:188} INFO - [2026-07-15T11:59:05.749+0000] {dag.py:3954} INFO - Setting next_dagrun for e-commerce_kafka_streaming_pipeline_v1 to 2026-07-15 11:00:00+00:00, run_after=2026-07-15 12:00:00+00:00
[2026-07-15T11:59:05.785+0000] {processor.py:183} INFO - Processing /opt/airflow/dags/sdp_pipeline_dag.py took 0.161 seconds
[2026-07-15T11:59:36.000+0000] {processor.py:161} INFO - Started process (PID=5261) to work on /opt/airflow/dags/sdp_pipeline_dag.py
[2026-07-15T11:59:36.004+0000] {processor.py:830} INFO - Processing file /opt/airflow/dags/sdp_pipeline_dag.py for tasks to queue
[2026-07-15T11:59:36.011+0000] {logging_mixin.py:188} INFO - [2026-07-15T11:59:36.007+0000] {dagbag.py:540} INFO - Filling up the DagBag from /opt/airflow/dags/sdp_pipeline_dag.py
[2026-07-15T11:59:36.070+0000] {processor.py:840} INFO - DAG(s) 'e-commerce_kafka_streaming_pipeline_v1' retrieved from /opt/airflow/dags/sdp_pipeline_dag.py
[2026-07-15T11:59:36.123+0000] {logging_mixin.py:188} INFO - [2026-07-15T11:59:36.123+0000] {dag.py:3096} INFO - Sync 1 DAGs
[2026-07-15T11:59:36.160+0000] {logging_mixin.py:188} INFO - [2026-07-15T11:59:36.159+0000] {dag.py:3954} INFO - Setting next_dagrun for e-commerce_kafka_streaming_pipeline_v1 to 2026-07-15 11:00:00+00:00, run_after=2026-07-15 12:00:00+00:00
[2026-07-15T11:59:36.197+0000] {processor.py:183} INFO - Processing /opt/airflow/dags/sdp_pipeline_dag.py took 0.217 seconds
[2026-07-15T12:00:06.326+0000] {processor.py:161} INFO - Started process (PID=5290) to work on /opt/airflow/dags/sdp_pipeline_dag.py
[2026-07-15T12:00:06.330+0000] {processor.py:830} INFO - Processing file /opt/airflow/dags/sdp_pipeline_dag.py for tasks to queue
[2026-07-15T12:00:06.333+0000] {logging_mixin.py:188} INFO - [2026-07-15T12:00:06.333+0000] {dagbag.py:540} INFO - Filling up the DagBag from /opt/airflow/dags/sdp_pipeline_dag.py
[2026-07-15T12:00:06.375+0000] {processor.py:840} INFO - DAG(s) 'e-commerce_kafka_streaming_pipeline_v1' retrieved from /opt/airflow/dags/sdp_pipeline_dag.py
[2026-07-15T12:00:06.434+0000] {logging_mixin.py:188} INFO - [2026-07-15T12:00:06.434+0000] {dag.py:3096} INFO - Sync 1 DAGs
[2026-07-15T12:00:06.475+0000] {logging_mixin.py:188} INFO - [2026-07-15T12:00:06.474+0000] {dag.py:3954} INFO - Setting next_dagrun for e-commerce_kafka_streaming_pipeline_v1 to 2026-07-15 12:00:00+00:00, run_after=2026-07-15 13:00:00+00:00
[2026-07-15T12:00:06.505+0000] {processor.py:183} INFO - Processing /opt/airflow/dags/sdp_pipeline_dag.py took 0.196 seconds
[2026-07-15T12:00:36.854+0000] {processor.py:161} INFO - Started process (PID=5327) to work on /opt/airflow/dags/sdp_pipeline_dag.py
[2026-07-15T12:00:36.857+0000] {processor.py:830} INFO - Processing file /opt/airflow/dags/sdp_pipeline_dag.py for tasks to queue
[2026-07-15T12:00:36.865+0000] {logging_mixin.py:188} INFO - [2026-07-15T12:00:36.860+0000] {dagbag.py:540} INFO - Filling up the DagBag from /opt/airflow/dags/sdp_pipeline_dag.py
[2026-07-15T12:00:36.923+0000] {processor.py:840} INFO - DAG(s) 'e-commerce_kafka_streaming_pipeline_v1' retrieved from /opt/airflow/dags/sdp_pipeline_dag.py
[2026-07-15T12:00:36.997+0000] {logging_mixin.py:188} INFO - [2026-07-15T12:00:36.997+0000] {dag.py:3096} INFO - Sync 1 DAGs
[2026-07-15T12:00:37.067+0000] {logging_mixin.py:188} INFO - [2026-07-15T12:00:37.066+0000] {dag.py:3954} INFO - Setting next_dagrun for e-commerce_kafka_streaming_pipeline_v1 to 2026-07-15 12:00:00+00:00, run_after=2026-07-15 13:00:00+00:00
[2026-07-15T12:00:37.123+0000] {processor.py:183} INFO - Processing /opt/airflow/dags/sdp_pipeline_dag.py took 0.284 seconds
[2026-07-15T12:05:50.355+0000] {processor.py:161} INFO - Started process (PID=181) to work on /opt/airflow/dags/sdp_pipeline_dag.py
[2026-07-15T12:05:50.371+0000] {processor.py:830} INFO - Processing file /opt/airflow/dags/sdp_pipeline_dag.py for tasks to queue
[2026-07-15T12:05:50.390+0000] {logging_mixin.py:188} INFO - [2026-07-15T12:05:50.389+0000] {dagbag.py:540} INFO - Filling up the DagBag from /opt/airflow/dags/sdp_pipeline_dag.py
[2026-07-15T12:05:50.496+0000] {processor.py:840} INFO - DAG(s) 'e-commerce_kafka_streaming_pipeline_v1' retrieved from /opt/airflow/dags/sdp_pipeline_dag.py
[2026-07-15T12:05:51.071+0000] {logging_mixin.py:188} INFO - [2026-07-15T12:05:51.071+0000] {dag.py:3096} INFO - Sync 1 DAGs
[2026-07-15T12:05:51.150+0000] {logging_mixin.py:188} INFO - [2026-07-15T12:05:51.149+0000] {dag.py:3954} INFO - Setting next_dagrun for e-commerce_kafka_streaming_pipeline_v1 to 2026-07-15 12:00:00+00:00, run_after=2026-07-15 13:00:00+00:00
[2026-07-15T12:05:51.203+0000] {processor.py:183} INFO - Processing /opt/airflow/dags/sdp_pipeline_dag.py took 0.883 seconds
[2026-07-15T12:06:21.572+0000] {processor.py:161} INFO - Started process (PID=217) to work on /opt/airflow/dags/sdp_pipeline_dag.py
[2026-07-15T12:06:21.577+0000] {processor.py:830} INFO - Processing file /opt/airflow/dags/sdp_pipeline_dag.py for tasks to queue
[2026-07-15T12:06:21.585+0000] {logging_mixin.py:188} INFO - [2026-07-15T12:06:21.584+0000] {dagbag.py:540} INFO - Filling up the DagBag from /opt/airflow/dags/sdp_pipeline_dag.py
[2026-07-15T12:06:21.642+0000] {processor.py:840} INFO - DAG(s) 'e-commerce_kafka_streaming_pipeline_v1' retrieved from /opt/airflow/dags/sdp_pipeline_dag.py
[2026-07-15T12:06:21.681+0000] {logging_mixin.py:188} INFO - [2026-07-15T12:06:21.680+0000] {dag.py:3096} INFO - Sync 1 DAGs
[2026-07-15T12:06:21.761+0000] {logging_mixin.py:188} INFO - [2026-07-15T12:06:21.760+0000] {dag.py:3954} INFO - Setting next_dagrun for e-commerce_kafka_streaming_pipeline_v1 to 2026-07-15 12:00:00+00:00, run_after=2026-07-15 13:00:00+00:00
[2026-07-15T12:06:21.816+0000] {processor.py:183} INFO - Processing /opt/airflow/dags/sdp_pipeline_dag.py took 0.271 seconds
[2026-07-15T12:06:52.028+0000] {processor.py:161} INFO - Started process (PID=243) to work on /opt/airflow/dags/sdp_pipeline_dag.py
[2026-07-15T12:06:52.033+0000] {processor.py:830} INFO - Processing file /opt/airflow/dags/sdp_pipeline_dag.py for tasks to queue
[2026-07-15T12:06:52.040+0000] {logging_mixin.py:188} INFO - [2026-07-15T12:06:52.038+0000] {dagbag.py:540} INFO - Filling up the DagBag from /opt/airflow/dags/sdp_pipeline_dag.py
[2026-07-15T12:06:52.109+0000] {processor.py:840} INFO - DAG(s) 'e-commerce_kafka_streaming_pipeline_v1' retrieved from /opt/airflow/dags/sdp_pipeline_dag.py
[2026-07-15T12:06:52.580+0000] {logging_mixin.py:188} INFO - [2026-07-15T12:06:52.580+0000] {dag.py:3096} INFO - Sync 1 DAGs
[2026-07-15T12:06:52.642+0000] {logging_mixin.py:188} INFO - [2026-07-15T12:06:52.641+0000] {dag.py:3954} INFO - Setting next_dagrun for e-commerce_kafka_streaming_pipeline_v1 to 2026-07-15 12:00:00+00:00, run_after=2026-07-15 13:00:00+00:00
[2026-07-15T12:06:52.692+0000] {processor.py:183} INFO - Processing /opt/airflow/dags/sdp_pipeline_dag.py took 0.690 seconds
[2026-07-15T12:07:23.318+0000] {processor.py:161} INFO - Started process (PID=268) to work on /opt/airflow/dags/sdp_pipeline_dag.py
[2026-07-15T12:07:23.322+0000] {processor.py:830} INFO - Processing file /opt/airflow/dags/sdp_pipeline_dag.py for tasks to queue
[2026-07-15T12:07:23.329+0000] {logging_mixin.py:188} INFO - [2026-07-15T12:07:23.328+0000] {dagbag.py:540} INFO - Filling up the DagBag from /opt/airflow/dags/sdp_pipeline_dag.py
[2026-07-15T12:07:23.376+0000] {processor.py:840} INFO - DAG(s) 'e-commerce_kafka_streaming_pipeline_v1' retrieved from /opt/airflow/dags/sdp_pipeline_dag.py
[2026-07-15T12:07:23.456+0000] {logging_mixin.py:188} INFO - [2026-07-15T12:07:23.455+0000] {dag.py:3096} INFO - Sync 1 DAGs
[2026-07-15T12:07:23.514+0000] {logging_mixin.py:188} INFO - [2026-07-15T12:07:23.514+0000] {dag.py:3954} INFO - Setting next_dagrun for e-commerce_kafka_streaming_pipeline_v1 to 2026-07-15 12:00:00+00:00, run_after=2026-07-15 13:00:00+00:00
[2026-07-15T12:07:23.559+0000] {processor.py:183} INFO - Processing /opt/airflow/dags/sdp_pipeline_dag.py took 0.259 seconds
[2026-07-15T12:07:53.795+0000] {processor.py:161} INFO - Started process (PID=293) to work on /opt/airflow/dags/sdp_pipeline_dag.py
[2026-07-15T12:07:53.798+0000] {processor.py:830} INFO - Processing file /opt/airflow/dags/sdp_pipeline_dag.py for tasks to queue
[2026-07-15T12:07:53.803+0000] {logging_mixin.py:188} INFO - [2026-07-15T12:07:53.802+0000] {dagbag.py:540} INFO - Filling up the DagBag from /opt/airflow/dags/sdp_pipeline_dag.py
[2026-07-15T12:07:53.850+0000] {processor.py:840} INFO - DAG(s) 'e-commerce_kafka_streaming_pipeline_v1' retrieved from /opt/airflow/dags/sdp_pipeline_dag.py
[2026-07-15T12:07:53.926+0000] {logging_mixin.py:188} INFO - [2026-07-15T12:07:53.926+0000] {dag.py:3096} INFO - Sync 1 DAGs
[2026-07-15T12:07:53.989+0000] {logging_mixin.py:188} INFO - [2026-07-15T12:07:53.988+0000] {dag.py:3954} INFO - Setting next_dagrun for e-commerce_kafka_streaming_pipeline_v1 to 2026-07-15 12:00:00+00:00, run_after=2026-07-15 13:00:00+00:00
[2026-07-15T12:07:54.040+0000] {processor.py:183} INFO - Processing /opt/airflow/dags/sdp_pipeline_dag.py took 0.262 seconds
[2026-07-15T12:08:24.159+0000] {processor.py:161} INFO - Started process (PID=318) to work on /opt/airflow/dags/sdp_pipeline_dag.py
[2026-07-15T12:08:24.162+0000] {processor.py:830} INFO - Processing file /opt/airflow/dags/sdp_pipeline_dag.py for tasks to queue
[2026-07-15T12:08:24.168+0000] {logging_mixin.py:188} INFO - [2026-07-15T12:08:24.167+0000] {dagbag.py:540} INFO - Filling up the DagBag from /opt/airflow/dags/sdp_pipeline_dag.py
[2026-07-15T12:08:24.221+0000] {processor.py:840} INFO - DAG(s) 'e-commerce_kafka_streaming_pipeline_v1' retrieved from /opt/airflow/dags/sdp_pipeline_dag.py
[2026-07-15T12:08:24.285+0000] {logging_mixin.py:188} INFO - [2026-07-15T12:08:24.284+0000] {dag.py:3096} INFO - Sync 1 DAGs
[2026-07-15T12:08:24.343+0000] {logging_mixin.py:188} INFO - [2026-07-15T12:08:24.342+0000] {dag.py:3954} INFO - Setting next_dagrun for e-commerce_kafka_streaming_pipeline_v1 to 2026-07-15 12:00:00+00:00, run_after=2026-07-15 13:00:00+00:00
[2026-07-15T12:08:24.390+0000] {processor.py:183} INFO - Processing /opt/airflow/dags/sdp_pipeline_dag.py took 0.248 seconds
[2026-07-15T12:08:54.785+0000] {processor.py:161} INFO - Started process (PID=343) to work on /opt/airflow/dags/sdp_pipeline_dag.py
[2026-07-15T12:08:54.795+0000] {processor.py:830} INFO - Processing file /opt/airflow/dags/sdp_pipeline_dag.py for tasks to queue
[2026-07-15T12:08:54.802+0000] {logging_mixin.py:188} INFO - [2026-07-15T12:08:54.801+0000] {dagbag.py:540} INFO - Filling up the DagBag from /opt/airflow/dags/sdp_pipeline_dag.py
[2026-07-15T12:08:54.868+0000] {processor.py:840} INFO - DAG(s) 'e-commerce_kafka_streaming_pipeline_v1' retrieved from /opt/airflow/dags/sdp_pipeline_dag.py
[2026-07-15T12:08:54.984+0000] {logging_mixin.py:188} INFO - [2026-07-15T12:08:54.983+0000] {dag.py:3096} INFO - Sync 1 DAGs
[2026-07-15T12:08:55.073+0000] {logging_mixin.py:188} INFO - [2026-07-15T12:08:55.072+0000] {dag.py:3954} INFO - Setting next_dagrun for e-commerce_kafka_streaming_pipeline_v1 to 2026-07-15 12:00:00+00:00, run_after=2026-07-15 13:00:00+00:00
[2026-07-15T12:08:55.124+0000] {processor.py:183} INFO - Processing /opt/airflow/dags/sdp_pipeline_dag.py took 0.366 seconds
[2026-07-15T12:09:26.007+0000] {processor.py:161} INFO - Started process (PID=368) to work on /opt/airflow/dags/sdp_pipeline_dag.py
[2026-07-15T12:09:26.015+0000] {processor.py:830} INFO - Processing file /opt/airflow/dags/sdp_pipeline_dag.py for tasks to queue
[2026-07-15T12:09:26.023+0000] {logging_mixin.py:188} INFO - [2026-07-15T12:09:26.022+0000] {dagbag.py:540} INFO - Filling up the DagBag from /opt/airflow/dags/sdp_pipeline_dag.py
[2026-07-15T12:09:26.098+0000] {processor.py:840} INFO - DAG(s) 'e-commerce_kafka_streaming_pipeline_v1' retrieved from /opt/airflow/dags/sdp_pipeline_dag.py
[2026-07-15T12:09:26.167+0000] {logging_mixin.py:188} INFO - [2026-07-15T12:09:26.166+0000] {dag.py:3096} INFO - Sync 1 DAGs
[2026-07-15T12:09:26.217+0000] {logging_mixin.py:188} INFO - [2026-07-15T12:09:26.217+0000] {dag.py:3954} INFO - Setting next_dagrun for e-commerce_kafka_streaming_pipeline_v1 to 2026-07-15 12:00:00+00:00, run_after=2026-07-15 13:00:00+00:00
[2026-07-15T12:09:26.255+0000] {processor.py:183} INFO - Processing /opt/airflow/dags/sdp_pipeline_dag.py took 0.264 seconds
[2026-07-15T12:09:56.948+0000] {processor.py:161} INFO - Started process (PID=393) to work on /opt/airflow/dags/sdp_pipeline_dag.py
[2026-07-15T12:09:56.950+0000] {processor.py:830} INFO - Processing file /opt/airflow/dags/sdp_pipeline_dag.py for tasks to queue
[2026-07-15T12:09:56.955+0000] {logging_mixin.py:188} INFO - [2026-07-15T12:09:56.955+0000] {dagbag.py:540} INFO - Filling up the DagBag from /opt/airflow/dags/sdp_pipeline_dag.py
[2026-07-15T12:09:56.996+0000] {processor.py:840} INFO - DAG(s) 'e-commerce_kafka_streaming_pipeline_v1' retrieved from /opt/airflow/dags/sdp_pipeline_dag.py
[2026-07-15T12:09:57.058+0000] {logging_mixin.py:188} INFO - [2026-07-15T12:09:57.058+0000] {dag.py:3096} INFO - Sync 1 DAGs
[2026-07-15T12:09:57.143+0000] {logging_mixin.py:188} INFO - [2026-07-15T12:09:57.143+0000] {dag.py:3954} INFO - Setting next_dagrun for e-commerce_kafka_streaming_pipeline_v1 to 2026-07-15 12:00:00+00:00, run_after=2026-07-15 13:00:00+00:00
[2026-07-15T12:09:57.202+0000] {processor.py:183} INFO - Processing /opt/airflow/dags/sdp_pipeline_dag.py took 0.265 seconds
[2026-07-15T12:10:27.981+0000] {processor.py:161} INFO - Started process (PID=418) to work on /opt/airflow/dags/sdp_pipeline_dag.py
[2026-07-15T12:10:27.984+0000] {processor.py:830} INFO - Processing file /opt/airflow/dags/sdp_pipeline_dag.py for tasks to queue
[2026-07-15T12:10:27.992+0000] {logging_mixin.py:188} INFO - [2026-07-15T12:10:27.991+0000] {dagbag.py:540} INFO - Filling up the DagBag from /opt/airflow/dags/sdp_pipeline_dag.py
[2026-07-15T12:10:28.050+0000] {processor.py:840} INFO - DAG(s) 'e-commerce_kafka_streaming_pipeline_v1' retrieved from /opt/airflow/dags/sdp_pipeline_dag.py
[2026-07-15T12:10:28.114+0000] {logging_mixin.py:188} INFO - [2026-07-15T12:10:28.114+0000] {dag.py:3096} INFO - Sync 1 DAGs
[2026-07-15T12:10:28.167+0000] {logging_mixin.py:188} INFO - [2026-07-15T12:10:28.166+0000] {dag.py:3954} INFO - Setting next_dagrun for e-commerce_kafka_streaming_pipeline_v1 to 2026-07-15 12:00:00+00:00, run_after=2026-07-15 13:00:00+00:00
[2026-07-15T12:10:28.208+0000] {processor.py:183} INFO - Processing /opt/airflow/dags/sdp_pipeline_dag.py took 0.244 seconds
[2026-07-15T12:10:59.146+0000] {processor.py:161} INFO - Started process (PID=443) to work on /opt/airflow/dags/sdp_pipeline_dag.py
[2026-07-15T12:10:59.151+0000] {processor.py:830} INFO - Processing file /opt/airflow/dags/sdp_pipeline_dag.py for tasks to queue
[2026-07-15T12:10:59.161+0000] {logging_mixin.py:188} INFO - [2026-07-15T12:10:59.160+0000] {dagbag.py:540} INFO - Filling up the DagBag from /opt/airflow/dags/sdp_pipeline_dag.py
[2026-07-15T12:10:59.242+0000] {processor.py:840} INFO - DAG(s) 'e-commerce_kafka_streaming_pipeline_v1' retrieved from /opt/airflow/dags/sdp_pipeline_dag.py
[2026-07-15T12:10:59.341+0000] {logging_mixin.py:188} INFO - [2026-07-15T12:10:59.340+0000] {dag.py:3096} INFO - Sync 1 DAGs
[2026-07-15T12:10:59.428+0000] {logging_mixin.py:188} INFO - [2026-07-15T12:10:59.428+0000] {dag.py:3954} INFO - Setting next_dagrun for e-commerce_kafka_streaming_pipeline_v1 to 2026-07-15 12:00:00+00:00, run_after=2026-07-15 13:00:00+00:00
[2026-07-15T12:10:59.499+0000] {processor.py:183} INFO - Processing /opt/airflow/dags/sdp_pipeline_dag.py took 0.371 seconds
[2026-07-15T12:11:30.135+0000] {processor.py:161} INFO - Started process (PID=468) to work on /opt/airflow/dags/sdp_pipeline_dag.py
[2026-07-15T12:11:30.138+0000] {processor.py:830} INFO - Processing file /opt/airflow/dags/sdp_pipeline_dag.py for tasks to queue
[2026-07-15T12:11:30.141+0000] {logging_mixin.py:188} INFO - [2026-07-15T12:11:30.141+0000] {dagbag.py:540} INFO - Filling up the DagBag from /opt/airflow/dags/sdp_pipeline_dag.py
[2026-07-15T12:11:30.177+0000] {processor.py:840} INFO - DAG(s) 'e-commerce_kafka_streaming_pipeline_v1' retrieved from /opt/airflow/dags/sdp_pipeline_dag.py
[2026-07-15T12:11:30.221+0000] {logging_mixin.py:188} INFO - [2026-07-15T12:11:30.221+0000] {dag.py:3096} INFO - Sync 1 DAGs
[2026-07-15T12:11:30.262+0000] {logging_mixin.py:188} INFO - [2026-07-15T12:11:30.261+0000] {dag.py:3954} INFO - Setting next_dagrun for e-commerce_kafka_streaming_pipeline_v1 to 2026-07-15 12:00:00+00:00, run_after=2026-07-15 13:00:00+00:00
[2026-07-15T12:11:30.292+0000] {processor.py:183} INFO - Processing /opt/airflow/dags/sdp_pipeline_dag.py took 0.167 seconds
[2026-07-15T12:12:01.130+0000] {processor.py:161} INFO - Started process (PID=493) to work on /opt/airflow/dags/sdp_pipeline_dag.py
[2026-07-15T12:12:01.132+0000] {processor.py:830} INFO - Processing file /opt/airflow/dags/sdp_pipeline_dag.py for tasks to queue
[2026-07-15T12:12:01.136+0000] {logging_mixin.py:188} INFO - [2026-07-15T12:12:01.135+0000] {dagbag.py:540} INFO - Filling up the DagBag from /opt/airflow/dags/sdp_pipeline_dag.py
[2026-07-15T12:12:01.168+0000] {processor.py:840} INFO - DAG(s) 'e-commerce_kafka_streaming_pipeline_v1' retrieved from /opt/airflow/dags/sdp_pipeline_dag.py
[2026-07-15T12:12:01.211+0000] {logging_mixin.py:188} INFO - [2026-07-15T12:12:01.211+0000] {dag.py:3096} INFO - Sync 1 DAGs
[2026-07-15T12:12:01.248+0000] {logging_mixin.py:188} INFO - [2026-07-15T12:12:01.247+0000] {dag.py:3954} INFO - Setting next_dagrun for e-commerce_kafka_streaming_pipeline_v1 to 2026-07-15 12:00:00+00:00, run_after=2026-07-15 13:00:00+00:00
[2026-07-15T12:12:01.274+0000] {processor.py:183} INFO - Processing /opt/airflow/dags/sdp_pipeline_dag.py took 0.159 seconds
[2026-07-15T12:12:32.197+0000] {processor.py:161} INFO - Started process (PID=518) to work on /opt/airflow/dags/sdp_pipeline_dag.py
[2026-07-15T12:12:32.203+0000] {processor.py:830} INFO - Processing file /opt/airflow/dags/sdp_pipeline_dag.py for tasks to queue
[2026-07-15T12:12:32.211+0000] {logging_mixin.py:188} INFO - [2026-07-15T12:12:32.209+0000] {dagbag.py:540} INFO - Filling up the DagBag from /opt/airflow/dags/sdp_pipeline_dag.py
[2026-07-15T12:12:32.326+0000] {processor.py:840} INFO - DAG(s) 'e-commerce_kafka_streaming_pipeline_v1' retrieved from /opt/airflow/dags/sdp_pipeline_dag.py
[2026-07-15T12:12:32.419+0000] {logging_mixin.py:188} INFO - [2026-07-15T12:12:32.419+0000] {dag.py:3096} INFO - Sync 1 DAGs
[2026-07-15T12:12:32.491+0000] {logging_mixin.py:188} INFO - [2026-07-15T12:12:32.491+0000] {dag.py:3954} INFO - Setting next_dagrun for e-commerce_kafka_streaming_pipeline_v1 to 2026-07-15 12:00:00+00:00, run_after=2026-07-15 13:00:00+00:00
[2026-07-15T12:12:32.551+0000] {processor.py:183} INFO - Processing /opt/airflow/dags/sdp_pipeline_dag.py took 0.374 seconds
[2026-07-15T12:13:03.092+0000] {processor.py:161} INFO - Started process (PID=546) to work on /opt/airflow/dags/sdp_pipeline_dag.py
[2026-07-15T12:13:03.096+0000] {processor.py:830} INFO - Processing file /opt/airflow/dags/sdp_pipeline_dag.py for tasks to queue
[2026-07-15T12:13:03.106+0000] {logging_mixin.py:188} INFO - [2026-07-15T12:13:03.105+0000] {dagbag.py:540} INFO - Filling up the DagBag from /opt/airflow/dags/sdp_pipeline_dag.py
[2026-07-15T12:13:03.208+0000] {processor.py:840} INFO - DAG(s) 'e-commerce_kafka_streaming_pipeline_v1' retrieved from /opt/airflow/dags/sdp_pipeline_dag.py
[2026-07-15T12:13:03.323+0000] {logging_mixin.py:188} INFO - [2026-07-15T12:13:03.322+0000] {dag.py:3096} INFO - Sync 1 DAGs
[2026-07-15T12:13:03.408+0000] {logging_mixin.py:188} INFO - [2026-07-15T12:13:03.407+0000] {dag.py:3954} INFO - Setting next_dagrun for e-commerce_kafka_streaming_pipeline_v1 to 2026-07-15 12:00:00+00:00, run_after=2026-07-15 13:00:00+00:00
[2026-07-15T12:13:03.466+0000] {processor.py:183} INFO - Processing /opt/airflow/dags/sdp_pipeline_dag.py took 0.394 seconds
[2026-07-15T12:13:33.825+0000] {processor.py:161} INFO - Started process (PID=584) to work on /opt/airflow/dags/sdp_pipeline_dag.py
[2026-07-15T12:13:33.829+0000] {processor.py:830} INFO - Processing file /opt/airflow/dags/sdp_pipeline_dag.py for tasks to queue
[2026-07-15T12:13:33.835+0000] {logging_mixin.py:188} INFO - [2026-07-15T12:13:33.834+0000] {dagbag.py:540} INFO - Filling up the DagBag from /opt/airflow/dags/sdp_pipeline_dag.py
[2026-07-15T12:13:33.900+0000] {processor.py:840} INFO - DAG(s) 'e-commerce_kafka_streaming_pipeline_v1' retrieved from /opt/airflow/dags/sdp_pipeline_dag.py
[2026-07-15T12:13:33.987+0000] {logging_mixin.py:188} INFO - [2026-07-15T12:13:33.986+0000] {dag.py:3096} INFO - Sync 1 DAGs
[2026-07-15T12:13:34.052+0000] {logging_mixin.py:188} INFO - [2026-07-15T12:13:34.051+0000] {dag.py:3954} INFO - Setting next_dagrun for e-commerce_kafka_streaming_pipeline_v1 to 2026-07-15 12:00:00+00:00, run_after=2026-07-15 13:00:00+00:00
[2026-07-15T12:13:34.115+0000] {processor.py:183} INFO - Processing /opt/airflow/dags/sdp_pipeline_dag.py took 0.314 seconds
[2026-07-15T12:14:04.757+0000] {processor.py:161} INFO - Started process (PID=609) to work on /opt/airflow/dags/sdp_pipeline_dag.py
[2026-07-15T12:14:04.758+0000] {processor.py:830} INFO - Processing file /opt/airflow/dags/sdp_pipeline_dag.py for tasks to queue
[2026-07-15T12:14:04.760+0000] {logging_mixin.py:188} INFO - [2026-07-15T12:14:04.760+0000] {dagbag.py:540} INFO - Filling up the DagBag from /opt/airflow/dags/sdp_pipeline_dag.py
[2026-07-15T12:14:04.789+0000] {processor.py:840} INFO - DAG(s) 'e-commerce_kafka_streaming_pipeline_v1' retrieved from /opt/airflow/dags/sdp_pipeline_dag.py
[2026-07-15T12:14:04.826+0000] {logging_mixin.py:188} INFO - [2026-07-15T12:14:04.826+0000] {dag.py:3096} INFO - Sync 1 DAGs
[2026-07-15T12:14:04.857+0000] {logging_mixin.py:188} INFO - [2026-07-15T12:14:04.857+0000] {dag.py:3954} INFO - Setting next_dagrun for e-commerce_kafka_streaming_pipeline_v1 to 2026-07-15 12:00:00+00:00, run_after=2026-07-15 13:00:00+00:00
[2026-07-15T12:14:04.887+0000] {processor.py:183} INFO - Processing /opt/airflow/dags/sdp_pipeline_dag.py took 0.137 seconds
[2026-07-15T12:14:35.697+0000] {processor.py:161} INFO - Started process (PID=634) to work on /opt/airflow/dags/sdp_pipeline_dag.py
[2026-07-15T12:14:35.700+0000] {processor.py:830} INFO - Processing file /opt/airflow/dags/sdp_pipeline_dag.py for tasks to queue
[2026-07-15T12:14:35.705+0000] {logging_mixin.py:188} INFO - [2026-07-15T12:14:35.704+0000] {dagbag.py:540} INFO - Filling up the DagBag from /opt/airflow/dags/sdp_pipeline_dag.py
[2026-07-15T12:14:35.742+0000] {processor.py:840} INFO - DAG(s) 'e-commerce_kafka_streaming_pipeline_v1' retrieved from /opt/airflow/dags/sdp_pipeline_dag.py
[2026-07-15T12:14:35.785+0000] {logging_mixin.py:188} INFO - [2026-07-15T12:14:35.785+0000] {dag.py:3096} INFO - Sync 1 DAGs
[2026-07-15T12:14:35.815+0000] {logging_mixin.py:188} INFO - [2026-07-15T12:14:35.815+0000] {dag.py:3954} INFO - Setting next_dagrun for e-commerce_kafka_streaming_pipeline_v1 to 2026-07-15 12:00:00+00:00, run_after=2026-07-15 13:00:00+00:00
[2026-07-15T12:14:35.844+0000] {processor.py:183} INFO - Processing /opt/airflow/dags/sdp_pipeline_dag.py took 0.159 seconds
[2026-07-15T12:15:06.705+0000] {processor.py:161} INFO - Started process (PID=659) to work on /opt/airflow/dags/sdp_pipeline_dag.py
[2026-07-15T12:15:06.707+0000] {processor.py:830} INFO - Processing file /opt/airflow/dags/sdp_pipeline_dag.py for tasks to queue
[2026-07-15T12:15:06.711+0000] {logging_mixin.py:188} INFO - [2026-07-15T12:15:06.711+0000] {dagbag.py:540} INFO - Filling up the DagBag from /opt/airflow/dags/sdp_pipeline_dag.py
[2026-07-15T12:15:06.741+0000] {processor.py:840} INFO - DAG(s) 'e-commerce_kafka_streaming_pipeline_v1' retrieved from /opt/airflow/dags/sdp_pipeline_dag.py
[2026-07-15T12:15:06.775+0000] {logging_mixin.py:188} INFO - [2026-07-15T12:15:06.775+0000] {dag.py:3096} INFO - Sync 1 DAGs
[2026-07-15T12:15:06.803+0000] {logging_mixin.py:188} INFO - [2026-07-15T12:15:06.803+0000] {dag.py:3954} INFO - Setting next_dagrun for e-commerce_kafka_streaming_pipeline_v1 to 2026-07-15 12:00:00+00:00, run_after=2026-07-15 13:00:00+00:00
[2026-07-15T12:15:06.827+0000] {processor.py:183} INFO - Processing /opt/airflow/dags/sdp_pipeline_dag.py took 0.132 seconds
[2026-07-15T12:15:37.440+0000] {processor.py:161} INFO - Started process (PID=684) to work on /opt/airflow/dags/sdp_pipeline_dag.py
[2026-07-15T12:15:37.442+0000] {processor.py:830} INFO - Processing file /opt/airflow/dags/sdp_pipeline_dag.py for tasks to queue
[2026-07-15T12:15:37.445+0000] {logging_mixin.py:188} INFO - [2026-07-15T12:15:37.444+0000] {dagbag.py:540} INFO - Filling up the DagBag from /opt/airflow/dags/sdp_pipeline_dag.py
[2026-07-15T12:15:37.469+0000] {processor.py:840} INFO - DAG(s) 'e-commerce_kafka_streaming_pipeline_v1' retrieved from /opt/airflow/dags/sdp_pipeline_dag.py
[2026-07-15T12:15:37.507+0000] {logging_mixin.py:188} INFO - [2026-07-15T12:15:37.507+0000] {dag.py:3096} INFO - Sync 1 DAGs
[2026-07-15T12:15:37.535+0000] {logging_mixin.py:188} INFO - [2026-07-15T12:15:37.535+0000] {dag.py:3954} INFO - Setting next_dagrun for e-commerce_kafka_streaming_pipeline_v1 to 2026-07-15 12:00:00+00:00, run_after=2026-07-15 13:00:00+00:00
[2026-07-15T12:15:37.563+0000] {processor.py:183} INFO - Processing /opt/airflow/dags/sdp_pipeline_dag.py took 0.133 seconds
[2026-07-15T12:16:08.370+0000] {processor.py:161} INFO - Started process (PID=721) to work on /opt/airflow/dags/sdp_pipeline_dag.py
[2026-07-15T12:16:08.373+0000] {processor.py:830} INFO - Processing file /opt/airflow/dags/sdp_pipeline_dag.py for tasks to queue
[2026-07-15T12:16:08.379+0000] {logging_mixin.py:188} INFO - [2026-07-15T12:16:08.378+0000] {dagbag.py:540} INFO - Filling up the DagBag from /opt/airflow/dags/sdp_pipeline_dag.py
[2026-07-15T12:16:08.421+0000] {processor.py:840} INFO - DAG(s) 'e-commerce_kafka_streaming_pipeline_v1' retrieved from /opt/airflow/dags/sdp_pipeline_dag.py
[2026-07-15T12:16:08.487+0000] {logging_mixin.py:188} INFO - [2026-07-15T12:16:08.486+0000] {dag.py:3096} INFO - Sync 1 DAGs
[2026-07-15T12:16:08.543+0000] {logging_mixin.py:188} INFO - [2026-07-15T12:16:08.542+0000] {dag.py:3954} INFO - Setting next_dagrun for e-commerce_kafka_streaming_pipeline_v1 to 2026-07-15 12:00:00+00:00, run_after=2026-07-15 13:00:00+00:00
[2026-07-15T12:16:08.590+0000] {processor.py:183} INFO - Processing /opt/airflow/dags/sdp_pipeline_dag.py took 0.252 seconds
[2026-07-15T12:16:38.812+0000] {processor.py:161} INFO - Started process (PID=746) to work on /opt/airflow/dags/sdp_pipeline_dag.py
[2026-07-15T12:16:38.814+0000] {processor.py:830} INFO - Processing file /opt/airflow/dags/sdp_pipeline_dag.py for tasks to queue
[2026-07-15T12:16:38.817+0000] {logging_mixin.py:188} INFO - [2026-07-15T12:16:38.817+0000] {dagbag.py:540} INFO - Filling up the DagBag from /opt/airflow/dags/sdp_pipeline_dag.py
[2026-07-15T12:16:38.842+0000] {processor.py:840} INFO - DAG(s) 'e-commerce_kafka_streaming_pipeline_v1' retrieved from /opt/airflow/dags/sdp_pipeline_dag.py
[2026-07-15T12:16:38.875+0000] {logging_mixin.py:188} INFO - [2026-07-15T12:16:38.874+0000] {dag.py:3096} INFO - Sync 1 DAGs
[2026-07-15T12:16:38.901+0000] {logging_mixin.py:188} INFO - [2026-07-15T12:16:38.901+0000] {dag.py:3954} INFO - Setting next_dagrun for e-commerce_kafka_streaming_pipeline_v1 to 2026-07-15 12:00:00+00:00, run_after=2026-07-15 13:00:00+00:00
[2026-07-15T12:16:38.930+0000] {processor.py:183} INFO - Processing /opt/airflow/dags/sdp_pipeline_dag.py took 0.126 seconds
[2026-07-15T12:17:09.569+0000] {processor.py:161} INFO - Started process (PID=771) to work on /opt/airflow/dags/sdp_pipeline_dag.py
[2026-07-15T12:17:09.570+0000] {processor.py:830} INFO - Processing file /opt/airflow/dags/sdp_pipeline_dag.py for tasks to queue
[2026-07-15T12:17:09.573+0000] {logging_mixin.py:188} INFO - [2026-07-15T12:17:09.572+0000] {dagbag.py:540} INFO - Filling up the DagBag from /opt/airflow/dags/sdp_pipeline_dag.py
[2026-07-15T12:17:09.595+0000] {processor.py:840} INFO - DAG(s) 'e-commerce_kafka_streaming_pipeline_v1' retrieved from /opt/airflow/dags/sdp_pipeline_dag.py
[2026-07-15T12:17:09.629+0000] {logging_mixin.py:188} INFO - [2026-07-15T12:17:09.629+0000] {dag.py:3096} INFO - Sync 1 DAGs
[2026-07-15T12:17:09.655+0000] {logging_mixin.py:188} INFO - [2026-07-15T12:17:09.655+0000] {dag.py:3954} INFO - Setting next_dagrun for e-commerce_kafka_streaming_pipeline_v1 to 2026-07-15 12:00:00+00:00, run_after=2026-07-15 13:00:00+00:00
[2026-07-15T12:17:09.682+0000] {processor.py:183} INFO - Processing /opt/airflow/dags/sdp_pipeline_dag.py took 0.119 seconds
[2026-07-15T12:17:40.383+0000] {processor.py:161} INFO - Started process (PID=796) to work on /opt/airflow/dags/sdp_pipeline_dag.py
[2026-07-15T12:17:40.385+0000] {processor.py:830} INFO - Processing file /opt/airflow/dags/sdp_pipeline_dag.py for tasks to queue
[2026-07-15T12:17:40.388+0000] {logging_mixin.py:188} INFO - [2026-07-15T12:17:40.387+0000] {dagbag.py:540} INFO - Filling up the DagBag from /opt/airflow/dags/sdp_pipeline_dag.py
[2026-07-15T12:17:40.410+0000] {processor.py:840} INFO - DAG(s) 'e-commerce_kafka_streaming_pipeline_v1' retrieved from /opt/airflow/dags/sdp_pipeline_dag.py
[2026-07-15T12:17:40.440+0000] {logging_mixin.py:188} INFO - [2026-07-15T12:17:40.440+0000] {dag.py:3096} INFO - Sync 1 DAGs
[2026-07-15T12:17:40.465+0000] {logging_mixin.py:188} INFO - [2026-07-15T12:17:40.465+0000] {dag.py:3954} INFO - Setting next_dagrun for e-commerce_kafka_streaming_pipeline_v1 to 2026-07-15 12:00:00+00:00, run_after=2026-07-15 13:00:00+00:00
[2026-07-15T12:17:40.491+0000] {processor.py:183} INFO - Processing /opt/airflow/dags/sdp_pipeline_dag.py took 0.115 seconds
[2026-07-15T12:18:11.111+0000] {processor.py:161} INFO - Started process (PID=821) to work on /opt/airflow/dags/sdp_pipeline_dag.py
[2026-07-15T12:18:11.113+0000] {processor.py:830} INFO - Processing file /opt/airflow/dags/sdp_pipeline_dag.py for tasks to queue
[2026-07-15T12:18:11.116+0000] {logging_mixin.py:188} INFO - [2026-07-15T12:18:11.115+0000] {dagbag.py:540} INFO - Filling up the DagBag from /opt/airflow/dags/sdp_pipeline_dag.py
[2026-07-15T12:18:11.139+0000] {processor.py:840} INFO - DAG(s) 'e-commerce_kafka_streaming_pipeline_v1' retrieved from /opt/airflow/dags/sdp_pipeline_dag.py
[2026-07-15T12:18:11.169+0000] {logging_mixin.py:188} INFO - [2026-07-15T12:18:11.169+0000] {dag.py:3096} INFO - Sync 1 DAGs
[2026-07-15T12:18:11.193+0000] {logging_mixin.py:188} INFO - [2026-07-15T12:18:11.193+0000] {dag.py:3954} INFO - Setting next_dagrun for e-commerce_kafka_streaming_pipeline_v1 to 2026-07-15 12:00:00+00:00, run_after=2026-07-15 13:00:00+00:00
[2026-07-15T12:18:11.222+0000] {processor.py:183} INFO - Processing /opt/airflow/dags/sdp_pipeline_dag.py took 0.120 seconds
[2026-07-15T12:18:41.841+0000] {processor.py:161} INFO - Started process (PID=846) to work on /opt/airflow/dags/sdp_pipeline_dag.py
[2026-07-15T12:18:41.844+0000] {processor.py:830} INFO - Processing file /opt/airflow/dags/sdp_pipeline_dag.py for tasks to queue
[2026-07-15T12:18:41.849+0000] {logging_mixin.py:188} INFO - [2026-07-15T12:18:41.848+0000] {dagbag.py:540} INFO - Filling up the DagBag from /opt/airflow/dags/sdp_pipeline_dag.py
[2026-07-15T12:18:41.884+0000] {processor.py:840} INFO - DAG(s) 'e-commerce_kafka_streaming_pipeline_v1' retrieved from /opt/airflow/dags/sdp_pipeline_dag.py
[2026-07-15T12:18:41.938+0000] {logging_mixin.py:188} INFO - [2026-07-15T12:18:41.938+0000] {dag.py:3096} INFO - Sync 1 DAGs
[2026-07-15T12:18:41.984+0000] {logging_mixin.py:188} INFO - [2026-07-15T12:18:41.984+0000] {dag.py:3954} INFO - Setting next_dagrun for e-commerce_kafka_streaming_pipeline_v1 to 2026-07-15 12:00:00+00:00, run_after=2026-07-15 13:00:00+00:00
[2026-07-15T12:18:42.019+0000] {processor.py:183} INFO - Processing /opt/airflow/dags/sdp_pipeline_dag.py took 0.191 seconds
[2026-07-15T12:19:12.549+0000] {processor.py:161} INFO - Started process (PID=871) to work on /opt/airflow/dags/sdp_pipeline_dag.py
[2026-07-15T12:19:12.551+0000] {processor.py:830} INFO - Processing file /opt/airflow/dags/sdp_pipeline_dag.py for tasks to queue
[2026-07-15T12:19:12.554+0000] {logging_mixin.py:188} INFO - [2026-07-15T12:19:12.553+0000] {dagbag.py:540} INFO - Filling up the DagBag from /opt/airflow/dags/sdp_pipeline_dag.py
[2026-07-15T12:19:12.584+0000] {processor.py:840} INFO - DAG(s) 'e-commerce_kafka_streaming_pipeline_v1' retrieved from /opt/airflow/dags/sdp_pipeline_dag.py
[2026-07-15T12:19:12.621+0000] {logging_mixin.py:188} INFO - [2026-07-15T12:19:12.621+0000] {dag.py:3096} INFO - Sync 1 DAGs
[2026-07-15T12:19:12.647+0000] {logging_mixin.py:188} INFO - [2026-07-15T12:19:12.647+0000] {dag.py:3954} INFO - Setting next_dagrun for e-commerce_kafka_streaming_pipeline_v1 to 2026-07-15 12:00:00+00:00, run_after=2026-07-15 13:00:00+00:00
[2026-07-15T12:19:12.669+0000] {processor.py:183} INFO - Processing /opt/airflow/dags/sdp_pipeline_dag.py took 0.128 seconds
[2026-07-15T12:19:43.244+0000] {processor.py:161} INFO - Started process (PID=896) to work on /opt/airflow/dags/sdp_pipeline_dag.py
[2026-07-15T12:19:43.245+0000] {processor.py:830} INFO - Processing file /opt/airflow/dags/sdp_pipeline_dag.py for tasks to queue
[2026-07-15T12:19:43.248+0000] {logging_mixin.py:188} INFO - [2026-07-15T12:19:43.248+0000] {dagbag.py:540} INFO - Filling up the DagBag from /opt/airflow/dags/sdp_pipeline_dag.py
[2026-07-15T12:19:43.272+0000] {processor.py:840} INFO - DAG(s) 'e-commerce_kafka_streaming_pipeline_v1' retrieved from /opt/airflow/dags/sdp_pipeline_dag.py
[2026-07-15T12:19:43.306+0000] {logging_mixin.py:188} INFO - [2026-07-15T12:19:43.305+0000] {dag.py:3096} INFO - Sync 1 DAGs
[2026-07-15T12:19:43.331+0000] {logging_mixin.py:188} INFO - [2026-07-15T12:19:43.330+0000] {dag.py:3954} INFO - Setting next_dagrun for e-commerce_kafka_streaming_pipeline_v1 to 2026-07-15 12:00:00+00:00, run_after=2026-07-15 13:00:00+00:00
[2026-07-15T12:19:43.356+0000] {processor.py:183} INFO - Processing /opt/airflow/dags/sdp_pipeline_dag.py took 0.121 seconds
[2026-07-15T12:20:14.023+0000] {processor.py:161} INFO - Started process (PID=921) to work on /opt/airflow/dags/sdp_pipeline_dag.py
[2026-07-15T12:20:14.025+0000] {processor.py:830} INFO - Processing file /opt/airflow/dags/sdp_pipeline_dag.py for tasks to queue
[2026-07-15T12:20:14.028+0000] {logging_mixin.py:188} INFO - [2026-07-15T12:20:14.027+0000] {dagbag.py:540} INFO - Filling up the DagBag from /opt/airflow/dags/sdp_pipeline_dag.py
[2026-07-15T12:20:14.052+0000] {processor.py:840} INFO - DAG(s) 'e-commerce_kafka_streaming_pipeline_v1' retrieved from /opt/airflow/dags/sdp_pipeline_dag.py
[2026-07-15T12:20:14.083+0000] {logging_mixin.py:188} INFO - [2026-07-15T12:20:14.083+0000] {dag.py:3096} INFO - Sync 1 DAGs
[2026-07-15T12:20:14.108+0000] {logging_mixin.py:188} INFO - [2026-07-15T12:20:14.107+0000] {dag.py:3954} INFO - Setting next_dagrun for e-commerce_kafka_streaming_pipeline_v1 to 2026-07-15 12:00:00+00:00, run_after=2026-07-15 13:00:00+00:00
[2026-07-15T12:20:14.134+0000] {processor.py:183} INFO - Processing /opt/airflow/dags/sdp_pipeline_dag.py took 0.120 seconds
[2026-07-15T12:40:07.998+0000] {processor.py:161} INFO - Started process (PID=948) to work on /opt/airflow/dags/sdp_pipeline_dag.py
[2026-07-15T12:40:08.012+0000] {processor.py:830} INFO - Processing file /opt/airflow/dags/sdp_pipeline_dag.py for tasks to queue
[2026-07-15T12:40:08.021+0000] {logging_mixin.py:188} INFO - [2026-07-15T12:40:08.021+0000] {dagbag.py:540} INFO - Filling up the DagBag from /opt/airflow/dags/sdp_pipeline_dag.py
[2026-07-15T12:40:08.201+0000] {processor.py:840} INFO - DAG(s) 'e-commerce_kafka_streaming_pipeline_v1' retrieved from /opt/airflow/dags/sdp_pipeline_dag.py
[2026-07-15T12:40:08.268+0000] {logging_mixin.py:188} INFO - [2026-07-15T12:40:08.268+0000] {dag.py:3096} INFO - Sync 1 DAGs
[2026-07-15T12:40:08.304+0000] {logging_mixin.py:188} INFO - [2026-07-15T12:40:08.304+0000] {dag.py:3954} INFO - Setting next_dagrun for e-commerce_kafka_streaming_pipeline_v1 to 2026-07-15 12:00:00+00:00, run_after=2026-07-15 13:00:00+00:00
[2026-07-15T12:40:08.335+0000] {processor.py:183} INFO - Processing /opt/airflow/dags/sdp_pipeline_dag.py took 0.390 seconds
[2026-07-15T12:40:39.100+0000] {processor.py:161} INFO - Started process (PID=973) to work on /opt/airflow/dags/sdp_pipeline_dag.py
[2026-07-15T12:40:39.102+0000] {processor.py:830} INFO - Processing file /opt/airflow/dags/sdp_pipeline_dag.py for tasks to queue
[2026-07-15T12:40:39.106+0000] {logging_mixin.py:188} INFO - [2026-07-15T12:40:39.105+0000] {dagbag.py:540} INFO - Filling up the DagBag from /opt/airflow/dags/sdp_pipeline_dag.py
[2026-07-15T12:40:39.139+0000] {processor.py:840} INFO - DAG(s) 'e-commerce_kafka_streaming_pipeline_v1' retrieved from /opt/airflow/dags/sdp_pipeline_dag.py
[2026-07-15T12:40:39.171+0000] {logging_mixin.py:188} INFO - [2026-07-15T12:40:39.171+0000] {dag.py:3096} INFO - Sync 1 DAGs
[2026-07-15T12:40:39.200+0000] {logging_mixin.py:188} INFO - [2026-07-15T12:40:39.199+0000] {dag.py:3954} INFO - Setting next_dagrun for e-commerce_kafka_streaming_pipeline_v1 to 2026-07-15 12:00:00+00:00, run_after=2026-07-15 13:00:00+00:00
[2026-07-15T12:40:39.231+0000] {processor.py:183} INFO - Processing /opt/airflow/dags/sdp_pipeline_dag.py took 0.141 seconds
[2026-07-15T12:41:09.958+0000] {processor.py:161} INFO - Started process (PID=998) to work on /opt/airflow/dags/sdp_pipeline_dag.py
[2026-07-15T12:41:09.961+0000] {processor.py:830} INFO - Processing file /opt/airflow/dags/sdp_pipeline_dag.py for tasks to queue
[2026-07-15T12:41:09.965+0000] {logging_mixin.py:188} INFO - [2026-07-15T12:41:09.965+0000] {dagbag.py:540} INFO - Filling up the DagBag from /opt/airflow/dags/sdp_pipeline_dag.py
[2026-07-15T12:41:10.011+0000] {processor.py:840} INFO - DAG(s) 'e-commerce_kafka_streaming_pipeline_v1' retrieved from /opt/airflow/dags/sdp_pipeline_dag.py
[2026-07-15T12:41:10.048+0000] {logging_mixin.py:188} INFO - [2026-07-15T12:41:10.048+0000] {dag.py:3096} INFO - Sync 1 DAGs
[2026-07-15T12:41:10.075+0000] {logging_mixin.py:188} INFO - [2026-07-15T12:41:10.075+0000] {dag.py:3954} INFO - Setting next_dagrun for e-commerce_kafka_streaming_pipeline_v1 to 2026-07-15 12:00:00+00:00, run_after=2026-07-15 13:00:00+00:00
[2026-07-15T12:41:10.096+0000] {processor.py:183} INFO - Processing /opt/airflow/dags/sdp_pipeline_dag.py took 0.151 seconds
[2026-07-15T12:41:40.854+0000] {processor.py:161} INFO - Started process (PID=1023) to work on /opt/airflow/dags/sdp_pipeline_dag.py
[2026-07-15T12:41:40.857+0000] {processor.py:830} INFO - Processing file /opt/airflow/dags/sdp_pipeline_dag.py for tasks to queue
[2026-07-15T12:41:40.863+0000] {logging_mixin.py:188} INFO - [2026-07-15T12:41:40.862+0000] {dagbag.py:540} INFO - Filling up the DagBag from /opt/airflow/dags/sdp_pipeline_dag.py
[2026-07-15T12:41:40.906+0000] {processor.py:840} INFO - DAG(s) 'e-commerce_kafka_streaming_pipeline_v1' retrieved from /opt/airflow/dags/sdp_pipeline_dag.py
[2026-07-15T12:41:40.949+0000] {logging_mixin.py:188} INFO - [2026-07-15T12:41:40.948+0000] {dag.py:3096} INFO - Sync 1 DAGs
[2026-07-15T12:41:40.977+0000] {logging_mixin.py:188} INFO - [2026-07-15T12:41:40.977+0000] {dag.py:3954} INFO - Setting next_dagrun for e-commerce_kafka_streaming_pipeline_v1 to 2026-07-15 12:00:00+00:00, run_after=2026-07-15 13:00:00+00:00
[2026-07-15T12:41:41.008+0000] {processor.py:183} INFO - Processing /opt/airflow/dags/sdp_pipeline_dag.py took 0.170 seconds
[2026-07-15T12:42:11.756+0000] {processor.py:161} INFO - Started process (PID=1048) to work on /opt/airflow/dags/sdp_pipeline_dag.py
[2026-07-15T12:42:11.761+0000] {processor.py:830} INFO - Processing file /opt/airflow/dags/sdp_pipeline_dag.py for tasks to queue
[2026-07-15T12:42:11.765+0000] {logging_mixin.py:188} INFO - [2026-07-15T12:42:11.765+0000] {dagbag.py:540} INFO - Filling up the DagBag from /opt/airflow/dags/sdp_pipeline_dag.py
[2026-07-15T12:42:11.805+0000] {processor.py:840} INFO - DAG(s) 'e-commerce_kafka_streaming_pipeline_v1' retrieved from /opt/airflow/dags/sdp_pipeline_dag.py
[2026-07-15T12:42:11.844+0000] {logging_mixin.py:188} INFO - [2026-07-15T12:42:11.843+0000] {dag.py:3096} INFO - Sync 1 DAGs
[2026-07-15T12:42:11.871+0000] {logging_mixin.py:188} INFO - [2026-07-15T12:42:11.871+0000] {dag.py:3954} INFO - Setting next_dagrun for e-commerce_kafka_streaming_pipeline_v1 to 2026-07-15 12:00:00+00:00, run_after=2026-07-15 13:00:00+00:00
[2026-07-15T12:42:11.897+0000] {processor.py:183} INFO - Processing /opt/airflow/dags/sdp_pipeline_dag.py took 0.152 seconds
[2026-07-15T12:42:42.595+0000] {processor.py:161} INFO - Started process (PID=1073) to work on /opt/airflow/dags/sdp_pipeline_dag.py
[2026-07-15T12:42:42.597+0000] {processor.py:830} INFO - Processing file /opt/airflow/dags/sdp_pipeline_dag.py for tasks to queue
[2026-07-15T12:42:42.600+0000] {logging_mixin.py:188} INFO - [2026-07-15T12:42:42.600+0000] {dagbag.py:540} INFO - Filling up the DagBag from /opt/airflow/dags/sdp_pipeline_dag.py
[2026-07-15T12:42:42.636+0000] {processor.py:840} INFO - DAG(s) 'e-commerce_kafka_streaming_pipeline_v1' retrieved from /opt/airflow/dags/sdp_pipeline_dag.py
[2026-07-15T12:42:42.688+0000] {logging_mixin.py:188} INFO - [2026-07-15T12:42:42.687+0000] {dag.py:3096} INFO - Sync 1 DAGs
[2026-07-15T12:42:42.717+0000] {logging_mixin.py:188} INFO - [2026-07-15T12:42:42.717+0000] {dag.py:3954} INFO - Setting next_dagrun for e-commerce_kafka_streaming_pipeline_v1 to 2026-07-15 12:00:00+00:00, run_after=2026-07-15 13:00:00+00:00
[2026-07-15T12:42:42.739+0000] {processor.py:183} INFO - Processing /opt/airflow/dags/sdp_pipeline_dag.py took 0.154 seconds
[2026-07-15T12:43:07.364+0000] {processor.py:161} INFO - Started process (PID=1098) to work on /opt/airflow/dags/sdp_pipeline_dag.py
[2026-07-15T12:43:07.368+0000] {processor.py:830} INFO - Processing file /opt/airflow/dags/sdp_pipeline_dag.py for tasks to queue
[2026-07-15T12:43:07.371+0000] {logging_mixin.py:188} INFO - [2026-07-15T12:43:07.370+0000] {dagbag.py:540} INFO - Filling up the DagBag from /opt/airflow/dags/sdp_pipeline_dag.py
[2026-07-15T12:43:07.421+0000] {processor.py:840} INFO - DAG(s) 'e-commerce_kafka_streaming_pipeline_v1' retrieved from /opt/airflow/dags/sdp_pipeline_dag.py
[2026-07-15T12:43:07.457+0000] {logging_mixin.py:188} INFO - [2026-07-15T12:43:07.457+0000] {dag.py:3096} INFO - Sync 1 DAGs
[2026-07-15T12:43:07.485+0000] {logging_mixin.py:188} INFO - [2026-07-15T12:43:07.485+0000] {dag.py:3954} INFO - Setting next_dagrun for e-commerce_kafka_streaming_pipeline_v1 to 2026-07-15 12:00:00+00:00, run_after=2026-07-15 13:00:00+00:00
[2026-07-15T12:43:07.512+0000] {processor.py:183} INFO - Processing /opt/airflow/dags/sdp_pipeline_dag.py took 0.155 seconds
[2026-07-15T12:43:38.187+0000] {processor.py:161} INFO - Started process (PID=1123) to work on /opt/airflow/dags/sdp_pipeline_dag.py
[2026-07-15T12:43:38.189+0000] {processor.py:830} INFO - Processing file /opt/airflow/dags/sdp_pipeline_dag.py for tasks to queue
[2026-07-15T12:43:38.194+0000] {logging_mixin.py:188} INFO - [2026-07-15T12:43:38.193+0000] {dagbag.py:540} INFO - Filling up the DagBag from /opt/airflow/dags/sdp_pipeline_dag.py
[2026-07-15T12:43:38.219+0000] {processor.py:840} INFO - DAG(s) 'e-commerce_kafka_streaming_pipeline_v1' retrieved from /opt/airflow/dags/sdp_pipeline_dag.py
[2026-07-15T12:43:38.249+0000] {logging_mixin.py:188} INFO - [2026-07-15T12:43:38.249+0000] {dag.py:3096} INFO - Sync 1 DAGs
[2026-07-15T12:43:38.276+0000] {logging_mixin.py:188} INFO - [2026-07-15T12:43:38.276+0000] {dag.py:3954} INFO - Setting next_dagrun for e-commerce_kafka_streaming_pipeline_v1 to 2026-07-15 12:00:00+00:00, run_after=2026-07-15 13:00:00+00:00
[2026-07-15T12:43:38.299+0000] {processor.py:183} INFO - Processing /opt/airflow/dags/sdp_pipeline_dag.py took 0.119 seconds
[2026-07-15T12:44:08.998+0000] {processor.py:161} INFO - Started process (PID=1148) to work on /opt/airflow/dags/sdp_pipeline_dag.py
[2026-07-15T12:44:09.000+0000] {processor.py:830} INFO - Processing file /opt/airflow/dags/sdp_pipeline_dag.py for tasks to queue
[2026-07-15T12:44:09.003+0000] {logging_mixin.py:188} INFO - [2026-07-15T12:44:09.002+0000] {dagbag.py:540} INFO - Filling up the DagBag from /opt/airflow/dags/sdp_pipeline_dag.py
[2026-07-15T12:44:09.030+0000] {processor.py:840} INFO - DAG(s) 'e-commerce_kafka_streaming_pipeline_v1' retrieved from /opt/airflow/dags/sdp_pipeline_dag.py
[2026-07-15T12:44:09.056+0000] {logging_mixin.py:188} INFO - [2026-07-15T12:44:09.056+0000] {dag.py:3096} INFO - Sync 1 DAGs
[2026-07-15T12:44:09.079+0000] {logging_mixin.py:188} INFO - [2026-07-15T12:44:09.079+0000] {dag.py:3954} INFO - Setting next_dagrun for e-commerce_kafka_streaming_pipeline_v1 to 2026-07-15 12:00:00+00:00, run_after=2026-07-15 13:00:00+00:00
[2026-07-15T12:44:09.099+0000] {processor.py:183} INFO - Processing /opt/airflow/dags/sdp_pipeline_dag.py took 0.107 seconds
[2026-07-15T12:44:39.986+0000] {processor.py:161} INFO - Started process (PID=1189) to work on /opt/airflow/dags/sdp_pipeline_dag.py
[2026-07-15T12:44:39.988+0000] {processor.py:830} INFO - Processing file /opt/airflow/dags/sdp_pipeline_dag.py for tasks to queue
[2026-07-15T12:44:39.992+0000] {logging_mixin.py:188} INFO - [2026-07-15T12:44:39.991+0000] {dagbag.py:540} INFO - Filling up the DagBag from /opt/airflow/dags/sdp_pipeline_dag.py
[2026-07-15T12:44:40.026+0000] {processor.py:840} INFO - DAG(s) 'e-commerce_kafka_streaming_pipeline_v1' retrieved from /opt/airflow/dags/sdp_pipeline_dag.py
[2026-07-15T12:44:40.067+0000] {logging_mixin.py:188} INFO - [2026-07-15T12:44:40.066+0000] {dag.py:3096} INFO - Sync 1 DAGs
[2026-07-15T12:44:40.100+0000] {logging_mixin.py:188} INFO - [2026-07-15T12:44:40.099+0000] {dag.py:3954} INFO - Setting next_dagrun for e-commerce_kafka_streaming_pipeline_v1 to 2026-07-15 12:00:00+00:00, run_after=2026-07-15 13:00:00+00:00
[2026-07-15T12:44:40.132+0000] {processor.py:183} INFO - Processing /opt/airflow/dags/sdp_pipeline_dag.py took 0.159 seconds
[2026-07-15T12:45:10.934+0000] {processor.py:161} INFO - Started process (PID=1214) to work on /opt/airflow/dags/sdp_pipeline_dag.py
[2026-07-15T12:45:10.938+0000] {processor.py:830} INFO - Processing file /opt/airflow/dags/sdp_pipeline_dag.py for tasks to queue
[2026-07-15T12:45:10.947+0000] {logging_mixin.py:188} INFO - [2026-07-15T12:45:10.946+0000] {dagbag.py:540} INFO - Filling up the DagBag from /opt/airflow/dags/sdp_pipeline_dag.py
[2026-07-15T12:45:11.003+0000] {processor.py:840} INFO - DAG(s) 'e-commerce_kafka_streaming_pipeline_v1' retrieved from /opt/airflow/dags/sdp_pipeline_dag.py
[2026-07-15T12:45:11.075+0000] {logging_mixin.py:188} INFO - [2026-07-15T12:45:11.074+0000] {dag.py:3096} INFO - Sync 1 DAGs
[2026-07-15T12:45:11.121+0000] {logging_mixin.py:188} INFO - [2026-07-15T12:45:11.121+0000] {dag.py:3954} INFO - Setting next_dagrun for e-commerce_kafka_streaming_pipeline_v1 to 2026-07-15 12:00:00+00:00, run_after=2026-07-15 13:00:00+00:00
[2026-07-15T12:45:11.152+0000] {processor.py:183} INFO - Processing /opt/airflow/dags/sdp_pipeline_dag.py took 0.235 seconds
[2026-07-15T12:45:42.019+0000] {processor.py:161} INFO - Started process (PID=1239) to work on /opt/airflow/dags/sdp_pipeline_dag.py
[2026-07-15T12:45:42.023+0000] {processor.py:830} INFO - Processing file /opt/airflow/dags/sdp_pipeline_dag.py for tasks to queue
[2026-07-15T12:45:42.027+0000] {logging_mixin.py:188} INFO - [2026-07-15T12:45:42.026+0000] {dagbag.py:540} INFO - Filling up the DagBag from /opt/airflow/dags/sdp_pipeline_dag.py
[2026-07-15T12:45:42.060+0000] {processor.py:840} INFO - DAG(s) 'e-commerce_kafka_streaming_pipeline_v1' retrieved from /opt/airflow/dags/sdp_pipeline_dag.py
[2026-07-15T12:45:42.103+0000] {logging_mixin.py:188} INFO - [2026-07-15T12:45:42.103+0000] {dag.py:3096} INFO - Sync 1 DAGs
[2026-07-15T12:45:42.136+0000] {logging_mixin.py:188} INFO - [2026-07-15T12:45:42.136+0000] {dag.py:3954} INFO - Setting next_dagrun for e-commerce_kafka_streaming_pipeline_v1 to 2026-07-15 12:00:00+00:00, run_after=2026-07-15 13:00:00+00:00
[2026-07-15T12:45:42.159+0000] {processor.py:183} INFO - Processing /opt/airflow/dags/sdp_pipeline_dag.py took 0.155 seconds
[2026-07-15T12:46:12.303+0000] {processor.py:161} INFO - Started process (PID=1264) to work on /opt/airflow/dags/sdp_pipeline_dag.py
[2026-07-15T12:46:12.306+0000] {processor.py:830} INFO - Processing file /opt/airflow/dags/sdp_pipeline_dag.py for tasks to queue
[2026-07-15T12:46:12.311+0000] {logging_mixin.py:188} INFO - [2026-07-15T12:46:12.310+0000] {dagbag.py:540} INFO - Filling up the DagBag from /opt/airflow/dags/sdp_pipeline_dag.py
[2026-07-15T12:46:12.356+0000] {processor.py:840} INFO - DAG(s) 'e-commerce_kafka_streaming_pipeline_v1' retrieved from /opt/airflow/dags/sdp_pipeline_dag.py
[2026-07-15T12:46:12.397+0000] {logging_mixin.py:188} INFO - [2026-07-15T12:46:12.396+0000] {dag.py:3096} INFO - Sync 1 DAGs
[2026-07-15T12:46:12.439+0000] {logging_mixin.py:188} INFO - [2026-07-15T12:46:12.439+0000] {dag.py:3954} INFO - Setting next_dagrun for e-commerce_kafka_streaming_pipeline_v1 to 2026-07-15 12:00:00+00:00, run_after=2026-07-15 13:00:00+00:00
[2026-07-15T12:46:12.478+0000] {processor.py:183} INFO - Processing /opt/airflow/dags/sdp_pipeline_dag.py took 0.187 seconds
[2026-07-15T12:46:42.544+0000] {processor.py:161} INFO - Started process (PID=1303) to work on /opt/airflow/dags/sdp_pipeline_dag.py
[2026-07-15T12:46:42.546+0000] {processor.py:830} INFO - Processing file /opt/airflow/dags/sdp_pipeline_dag.py for tasks to queue
[2026-07-15T12:46:42.551+0000] {logging_mixin.py:188} INFO - [2026-07-15T12:46:42.550+0000] {dagbag.py:540} INFO - Filling up the DagBag from /opt/airflow/dags/sdp_pipeline_dag.py
[2026-07-15T12:46:42.584+0000] {processor.py:840} INFO - DAG(s) 'e-commerce_kafka_streaming_pipeline_v1' retrieved from /opt/airflow/dags/sdp_pipeline_dag.py
[2026-07-15T12:46:42.648+0000] {logging_mixin.py:188} INFO - [2026-07-15T12:46:42.647+0000] {dag.py:3096} INFO - Sync 1 DAGs
[2026-07-15T12:46:42.683+0000] {logging_mixin.py:188} INFO - [2026-07-15T12:46:42.682+0000] {dag.py:3954} INFO - Setting next_dagrun for e-commerce_kafka_streaming_pipeline_v1 to 2026-07-15 12:00:00+00:00, run_after=2026-07-15 13:00:00+00:00
[2026-07-15T12:46:42.713+0000] {processor.py:183} INFO - Processing /opt/airflow/dags/sdp_pipeline_dag.py took 0.182 seconds
[2026-07-15T12:47:12.898+0000] {processor.py:161} INFO - Started process (PID=1328) to work on /opt/airflow/dags/sdp_pipeline_dag.py
[2026-07-15T12:47:12.906+0000] {processor.py:830} INFO - Processing file /opt/airflow/dags/sdp_pipeline_dag.py for tasks to queue
[2026-07-15T12:47:12.920+0000] {logging_mixin.py:188} INFO - [2026-07-15T12:47:12.917+0000] {dagbag.py:540} INFO - Filling up the DagBag from /opt/airflow/dags/sdp_pipeline_dag.py
[2026-07-15T12:47:13.019+0000] {processor.py:840} INFO - DAG(s) 'e-commerce_kafka_streaming_pipeline_v1' retrieved from /opt/airflow/dags/sdp_pipeline_dag.py
[2026-07-15T12:47:13.128+0000] {logging_mixin.py:188} INFO - [2026-07-15T12:47:13.128+0000] {dag.py:3096} INFO - Sync 1 DAGs
[2026-07-15T12:47:13.244+0000] {logging_mixin.py:188} INFO - [2026-07-15T12:47:13.244+0000] {dag.py:3954} INFO - Setting next_dagrun for e-commerce_kafka_streaming_pipeline_v1 to 2026-07-15 12:00:00+00:00, run_after=2026-07-15 13:00:00+00:00
[2026-07-15T12:47:13.313+0000] {processor.py:183} INFO - Processing /opt/airflow/dags/sdp_pipeline_dag.py took 0.442 seconds
[2026-07-15T12:47:43.608+0000] {processor.py:161} INFO - Started process (PID=1353) to work on /opt/airflow/dags/sdp_pipeline_dag.py
[2026-07-15T12:47:43.611+0000] {processor.py:830} INFO - Processing file /opt/airflow/dags/sdp_pipeline_dag.py for tasks to queue
[2026-07-15T12:47:43.614+0000] {logging_mixin.py:188} INFO - [2026-07-15T12:47:43.614+0000] {dagbag.py:540} INFO - Filling up the DagBag from /opt/airflow/dags/sdp_pipeline_dag.py
[2026-07-15T12:47:43.661+0000] {processor.py:840} INFO - DAG(s) 'e-commerce_kafka_streaming_pipeline_v1' retrieved from /opt/airflow/dags/sdp_pipeline_dag.py
[2026-07-15T12:47:43.732+0000] {logging_mixin.py:188} INFO - [2026-07-15T12:47:43.732+0000] {dag.py:3096} INFO - Sync 1 DAGs
[2026-07-15T12:47:43.784+0000] {logging_mixin.py:188} INFO - [2026-07-15T12:47:43.783+0000] {dag.py:3954} INFO - Setting next_dagrun for e-commerce_kafka_streaming_pipeline_v1 to 2026-07-15 12:00:00+00:00, run_after=2026-07-15 13:00:00+00:00
[2026-07-15T12:47:43.827+0000] {processor.py:183} INFO - Processing /opt/airflow/dags/sdp_pipeline_dag.py took 0.235 seconds
[2026-07-15T12:48:13.984+0000] {processor.py:161} INFO - Started process (PID=1378) to work on /opt/airflow/dags/sdp_pipeline_dag.py
[2026-07-15T12:48:13.986+0000] {processor.py:830} INFO - Processing file /opt/airflow/dags/sdp_pipeline_dag.py for tasks to queue
[2026-07-15T12:48:13.992+0000] {logging_mixin.py:188} INFO - [2026-07-15T12:48:13.991+0000] {dagbag.py:540} INFO - Filling up the DagBag from /opt/airflow/dags/sdp_pipeline_dag.py
[2026-07-15T12:48:14.035+0000] {processor.py:840} INFO - DAG(s) 'e-commerce_kafka_streaming_pipeline_v1' retrieved from /opt/airflow/dags/sdp_pipeline_dag.py
[2026-07-15T12:48:14.103+0000] {logging_mixin.py:188} INFO - [2026-07-15T12:48:14.102+0000] {dag.py:3096} INFO - Sync 1 DAGs
[2026-07-15T12:48:14.153+0000] {logging_mixin.py:188} INFO - [2026-07-15T12:48:14.153+0000] {dag.py:3954} INFO - Setting next_dagrun for e-commerce_kafka_streaming_pipeline_v1 to 2026-07-15 12:00:00+00:00, run_after=2026-07-15 13:00:00+00:00
[2026-07-15T12:48:14.203+0000] {processor.py:183} INFO - Processing /opt/airflow/dags/sdp_pipeline_dag.py took 0.238 seconds
[2026-07-15T12:48:44.352+0000] {processor.py:161} INFO - Started process (PID=1416) to work on /opt/airflow/dags/sdp_pipeline_dag.py
[2026-07-15T12:48:44.355+0000] {processor.py:830} INFO - Processing file /opt/airflow/dags/sdp_pipeline_dag.py for tasks to queue
[2026-07-15T12:48:44.361+0000] {logging_mixin.py:188} INFO - [2026-07-15T12:48:44.360+0000] {dagbag.py:540} INFO - Filling up the DagBag from /opt/airflow/dags/sdp_pipeline_dag.py
[2026-07-15T12:48:44.458+0000] {processor.py:840} INFO - DAG(s) 'e-commerce_kafka_streaming_pipeline_v1' retrieved from /opt/airflow/dags/sdp_pipeline_dag.py
[2026-07-15T12:48:44.574+0000] {logging_mixin.py:188} INFO - [2026-07-15T12:48:44.573+0000] {dag.py:3096} INFO - Sync 1 DAGs
[2026-07-15T12:48:44.628+0000] {logging_mixin.py:188} INFO - [2026-07-15T12:48:44.628+0000] {dag.py:3954} INFO - Setting next_dagrun for e-commerce_kafka_streaming_pipeline_v1 to 2026-07-15 12:00:00+00:00, run_after=2026-07-15 13:00:00+00:00
[2026-07-15T12:48:44.666+0000] {processor.py:183} INFO - Processing /opt/airflow/dags/sdp_pipeline_dag.py took 0.328 seconds
[2026-07-15T12:49:14.933+0000] {processor.py:161} INFO - Started process (PID=1441) to work on /opt/airflow/dags/sdp_pipeline_dag.py
[2026-07-15T12:49:14.936+0000] {processor.py:830} INFO - Processing file /opt/airflow/dags/sdp_pipeline_dag.py for tasks to queue
[2026-07-15T12:49:14.942+0000] {logging_mixin.py:188} INFO - [2026-07-15T12:49:14.941+0000] {dagbag.py:540} INFO - Filling up the DagBag from /opt/airflow/dags/sdp_pipeline_dag.py
[2026-07-15T12:49:14.985+0000] {processor.py:840} INFO - DAG(s) 'e-commerce_kafka_streaming_pipeline_v1' retrieved from /opt/airflow/dags/sdp_pipeline_dag.py
[2026-07-15T12:49:15.046+0000] {logging_mixin.py:188} INFO - [2026-07-15T12:49:15.045+0000] {dag.py:3096} INFO - Sync 1 DAGs
[2026-07-15T12:49:15.106+0000] {logging_mixin.py:188} INFO - [2026-07-15T12:49:15.105+0000] {dag.py:3954} INFO - Setting next_dagrun for e-commerce_kafka_streaming_pipeline_v1 to 2026-07-15 12:00:00+00:00, run_after=2026-07-15 13:00:00+00:00
[2026-07-15T12:49:15.150+0000] {processor.py:183} INFO - Processing /opt/airflow/dags/sdp_pipeline_dag.py took 0.231 seconds
[2026-07-15T12:49:45.409+0000] {processor.py:161} INFO - Started process (PID=1466) to work on /opt/airflow/dags/sdp_pipeline_dag.py
[2026-07-15T12:49:45.411+0000] {processor.py:830} INFO - Processing file /opt/airflow/dags/sdp_pipeline_dag.py for tasks to queue
[2026-07-15T12:49:45.417+0000] {logging_mixin.py:188} INFO - [2026-07-15T12:49:45.416+0000] {dagbag.py:540} INFO - Filling up the DagBag from /opt/airflow/dags/sdp_pipeline_dag.py
[2026-07-15T12:49:45.464+0000] {processor.py:840} INFO - DAG(s) 'e-commerce_kafka_streaming_pipeline_v1' retrieved from /opt/airflow/dags/sdp_pipeline_dag.py
[2026-07-15T12:49:45.534+0000] {logging_mixin.py:188} INFO - [2026-07-15T12:49:45.534+0000] {dag.py:3096} INFO - Sync 1 DAGs
[2026-07-15T12:49:45.611+0000] {logging_mixin.py:188} INFO - [2026-07-15T12:49:45.611+0000] {dag.py:3954} INFO - Setting next_dagrun for e-commerce_kafka_streaming_pipeline_v1 to 2026-07-15 12:00:00+00:00, run_after=2026-07-15 13:00:00+00:00
[2026-07-15T12:49:45.671+0000] {processor.py:183} INFO - Processing /opt/airflow/dags/sdp_pipeline_dag.py took 0.272 seconds
[2026-07-15T12:50:15.893+0000] {processor.py:161} INFO - Started process (PID=1498) to work on /opt/airflow/dags/sdp_pipeline_dag.py
[2026-07-15T12:50:15.895+0000] {processor.py:830} INFO - Processing file /opt/airflow/dags/sdp_pipeline_dag.py for tasks to queue
[2026-07-15T12:50:15.900+0000] {logging_mixin.py:188} INFO - [2026-07-15T12:50:15.900+0000] {dagbag.py:540} INFO - Filling up the DagBag from /opt/airflow/dags/sdp_pipeline_dag.py
[2026-07-15T12:50:15.938+0000] {processor.py:840} INFO - DAG(s) 'e-commerce_kafka_streaming_pipeline_v1' retrieved from /opt/airflow/dags/sdp_pipeline_dag.py
[2026-07-15T12:50:15.990+0000] {logging_mixin.py:188} INFO - [2026-07-15T12:50:15.989+0000] {dag.py:3096} INFO - Sync 1 DAGs
[2026-07-15T12:50:16.037+0000] {logging_mixin.py:188} INFO - [2026-07-15T12:50:16.037+0000] {dag.py:3954} INFO - Setting next_dagrun for e-commerce_kafka_streaming_pipeline_v1 to 2026-07-15 12:00:00+00:00, run_after=2026-07-15 13:00:00+00:00
[2026-07-15T12:50:16.075+0000] {processor.py:183} INFO - Processing /opt/airflow/dags/sdp_pipeline_dag.py took 0.193 seconds
[2026-07-15T12:50:46.198+0000] {processor.py:161} INFO - Started process (PID=1523) to work on /opt/airflow/dags/sdp_pipeline_dag.py
[2026-07-15T12:50:46.200+0000] {processor.py:830} INFO - Processing file /opt/airflow/dags/sdp_pipeline_dag.py for tasks to queue
[2026-07-15T12:50:46.205+0000] {logging_mixin.py:188} INFO - [2026-07-15T12:50:46.204+0000] {dagbag.py:540} INFO - Filling up the DagBag from /opt/airflow/dags/sdp_pipeline_dag.py
[2026-07-15T12:50:46.248+0000] {processor.py:840} INFO - DAG(s) 'e-commerce_kafka_streaming_pipeline_v1' retrieved from /opt/airflow/dags/sdp_pipeline_dag.py
[2026-07-15T12:50:46.297+0000] {logging_mixin.py:188} INFO - [2026-07-15T12:50:46.296+0000] {dag.py:3096} INFO - Sync 1 DAGs
[2026-07-15T12:50:46.330+0000] {logging_mixin.py:188} INFO - [2026-07-15T12:50:46.330+0000] {dag.py:3954} INFO - Setting next_dagrun for e-commerce_kafka_streaming_pipeline_v1 to 2026-07-15 12:00:00+00:00, run_after=2026-07-15 13:00:00+00:00
[2026-07-15T12:50:46.363+0000] {processor.py:183} INFO - Processing /opt/airflow/dags/sdp_pipeline_dag.py took 0.177 seconds
[2026-07-15T12:51:16.572+0000] {processor.py:161} INFO - Started process (PID=1548) to work on /opt/airflow/dags/sdp_pipeline_dag.py
[2026-07-15T12:51:16.575+0000] {processor.py:830} INFO - Processing file /opt/airflow/dags/sdp_pipeline_dag.py for tasks to queue
[2026-07-15T12:51:16.583+0000] {logging_mixin.py:188} INFO - [2026-07-15T12:51:16.582+0000] {dagbag.py:540} INFO - Filling up the DagBag from /opt/airflow/dags/sdp_pipeline_dag.py
[2026-07-15T12:51:16.641+0000] {processor.py:840} INFO - DAG(s) 'e-commerce_kafka_streaming_pipeline_v1' retrieved from /opt/airflow/dags/sdp_pipeline_dag.py
[2026-07-15T12:51:16.709+0000] {logging_mixin.py:188} INFO - [2026-07-15T12:51:16.709+0000] {dag.py:3096} INFO - Sync 1 DAGs
[2026-07-15T12:51:16.758+0000] {logging_mixin.py:188} INFO - [2026-07-15T12:51:16.758+0000] {dag.py:3954} INFO - Setting next_dagrun for e-commerce_kafka_streaming_pipeline_v1 to 2026-07-15 12:00:00+00:00, run_after=2026-07-15 13:00:00+00:00
[2026-07-15T12:51:16.819+0000] {processor.py:183} INFO - Processing /opt/airflow/dags/sdp_pipeline_dag.py took 0.258 seconds
[2026-07-15T12:51:47.106+0000] {processor.py:161} INFO - Started process (PID=1573) to work on /opt/airflow/dags/sdp_pipeline_dag.py
[2026-07-15T12:51:47.109+0000] {processor.py:830} INFO - Processing file /opt/airflow/dags/sdp_pipeline_dag.py for tasks to queue
[2026-07-15T12:51:47.113+0000] {logging_mixin.py:188} INFO - [2026-07-15T12:51:47.112+0000] {dagbag.py:540} INFO - Filling up the DagBag from /opt/airflow/dags/sdp_pipeline_dag.py
[2026-07-15T12:51:47.143+0000] {processor.py:840} INFO - DAG(s) 'e-commerce_kafka_streaming_pipeline_v1' retrieved from /opt/airflow/dags/sdp_pipeline_dag.py
[2026-07-15T12:51:47.183+0000] {logging_mixin.py:188} INFO - [2026-07-15T12:51:47.182+0000] {dag.py:3096} INFO - Sync 1 DAGs
[2026-07-15T12:51:47.215+0000] {logging_mixin.py:188} INFO - [2026-07-15T12:51:47.215+0000] {dag.py:3954} INFO - Setting next_dagrun for e-commerce_kafka_streaming_pipeline_v1 to 2026-07-15 12:00:00+00:00, run_after=2026-07-15 13:00:00+00:00
[2026-07-15T12:51:47.241+0000] {processor.py:183} INFO - Processing /opt/airflow/dags/sdp_pipeline_dag.py took 0.146 seconds
[2026-07-15T12:52:18.145+0000] {processor.py:161} INFO - Started process (PID=1598) to work on /opt/airflow/dags/sdp_pipeline_dag.py
[2026-07-15T12:52:18.148+0000] {processor.py:830} INFO - Processing file /opt/airflow/dags/sdp_pipeline_dag.py for tasks to queue
[2026-07-15T12:52:18.151+0000] {logging_mixin.py:188} INFO - [2026-07-15T12:52:18.150+0000] {dagbag.py:540} INFO - Filling up the DagBag from /opt/airflow/dags/sdp_pipeline_dag.py
[2026-07-15T12:52:18.184+0000] {processor.py:840} INFO - DAG(s) 'e-commerce_kafka_streaming_pipeline_v1' retrieved from /opt/airflow/dags/sdp_pipeline_dag.py
[2026-07-15T12:52:18.222+0000] {logging_mixin.py:188} INFO - [2026-07-15T12:52:18.222+0000] {dag.py:3096} INFO - Sync 1 DAGs
[2026-07-15T12:52:18.260+0000] {logging_mixin.py:188} INFO - [2026-07-15T12:52:18.260+0000] {dag.py:3954} INFO - Setting next_dagrun for e-commerce_kafka_streaming_pipeline_v1 to 2026-07-15 12:00:00+00:00, run_after=2026-07-15 13:00:00+00:00
[2026-07-15T12:52:18.290+0000] {processor.py:183} INFO - Processing /opt/airflow/dags/sdp_pipeline_dag.py took 0.154 seconds
[2026-07-15T12:52:48.381+0000] {processor.py:161} INFO - Started process (PID=1623) to work on /opt/airflow/dags/sdp_pipeline_dag.py
[2026-07-15T12:52:48.383+0000] {processor.py:830} INFO - Processing file /opt/airflow/dags/sdp_pipeline_dag.py for tasks to queue
[2026-07-15T12:52:48.387+0000] {logging_mixin.py:188} INFO - [2026-07-15T12:52:48.386+0000] {dagbag.py:540} INFO - Filling up the DagBag from /opt/airflow/dags/sdp_pipeline_dag.py
[2026-07-15T12:52:48.430+0000] {processor.py:840} INFO - DAG(s) 'e-commerce_kafka_streaming_pipeline_v1' retrieved from /opt/airflow/dags/sdp_pipeline_dag.py
[2026-07-15T12:52:48.480+0000] {logging_mixin.py:188} INFO - [2026-07-15T12:52:48.480+0000] {dag.py:3096} INFO - Sync 1 DAGs
[2026-07-15T12:52:48.518+0000] {logging_mixin.py:188} INFO - [2026-07-15T12:52:48.518+0000] {dag.py:3954} INFO - Setting next_dagrun for e-commerce_kafka_streaming_pipeline_v1 to 2026-07-15 12:00:00+00:00, run_after=2026-07-15 13:00:00+00:00
[2026-07-15T12:52:48.546+0000] {processor.py:183} INFO - Processing /opt/airflow/dags/sdp_pipeline_dag.py took 0.176 seconds
[2026-07-15T12:53:18.708+0000] {processor.py:161} INFO - Started process (PID=1648) to work on /opt/airflow/dags/sdp_pipeline_dag.py
[2026-07-15T12:53:18.711+0000] {processor.py:830} INFO - Processing file /opt/airflow/dags/sdp_pipeline_dag.py for tasks to queue
[2026-07-15T12:53:18.715+0000] {logging_mixin.py:188} INFO - [2026-07-15T12:53:18.715+0000] {dagbag.py:540} INFO - Filling up the DagBag from /opt/airflow/dags/sdp_pipeline_dag.py
[2026-07-15T12:53:18.747+0000] {processor.py:840} INFO - DAG(s) 'e-commerce_kafka_streaming_pipeline_v1' retrieved from /opt/airflow/dags/sdp_pipeline_dag.py
[2026-07-15T12:53:18.802+0000] {logging_mixin.py:188} INFO - [2026-07-15T12:53:18.801+0000] {dag.py:3096} INFO - Sync 1 DAGs
[2026-07-15T12:53:18.841+0000] {logging_mixin.py:188} INFO - [2026-07-15T12:53:18.841+0000] {dag.py:3954} INFO - Setting next_dagrun for e-commerce_kafka_streaming_pipeline_v1 to 2026-07-15 12:00:00+00:00, run_after=2026-07-15 13:00:00+00:00
[2026-07-15T12:53:18.872+0000] {processor.py:183} INFO - Processing /opt/airflow/dags/sdp_pipeline_dag.py took 0.174 seconds
[2026-07-15T12:53:49.072+0000] {processor.py:161} INFO - Started process (PID=1673) to work on /opt/airflow/dags/sdp_pipeline_dag.py
[2026-07-15T12:53:49.074+0000] {processor.py:830} INFO - Processing file /opt/airflow/dags/sdp_pipeline_dag.py for tasks to queue
[2026-07-15T12:53:49.081+0000] {logging_mixin.py:188} INFO - [2026-07-15T12:53:49.079+0000] {dagbag.py:540} INFO - Filling up the DagBag from /opt/airflow/dags/sdp_pipeline_dag.py
[2026-07-15T12:53:49.118+0000] {processor.py:840} INFO - DAG(s) 'e-commerce_kafka_streaming_pipeline_v1' retrieved from /opt/airflow/dags/sdp_pipeline_dag.py
[2026-07-15T12:53:49.159+0000] {logging_mixin.py:188} INFO - [2026-07-15T12:53:49.158+0000] {dag.py:3096} INFO - Sync 1 DAGs
[2026-07-15T12:53:49.191+0000] {logging_mixin.py:188} INFO - [2026-07-15T12:53:49.190+0000] {dag.py:3954} INFO - Setting next_dagrun for e-commerce_kafka_streaming_pipeline_v1 to 2026-07-15 12:00:00+00:00, run_after=2026-07-15 13:00:00+00:00
[2026-07-15T12:53:49.220+0000] {processor.py:183} INFO - Processing /opt/airflow/dags/sdp_pipeline_dag.py took 0.155 seconds
[2026-07-15T12:54:19.354+0000] {processor.py:161} INFO - Started process (PID=1698) to work on /opt/airflow/dags/sdp_pipeline_dag.py
[2026-07-15T12:54:19.358+0000] {processor.py:830} INFO - Processing file /opt/airflow/dags/sdp_pipeline_dag.py for tasks to queue
[2026-07-15T12:54:19.362+0000] {logging_mixin.py:188} INFO - [2026-07-15T12:54:19.362+0000] {dagbag.py:540} INFO - Filling up the DagBag from /opt/airflow/dags/sdp_pipeline_dag.py
[2026-07-15T12:54:19.394+0000] {processor.py:840} INFO - DAG(s) 'e-commerce_kafka_streaming_pipeline_v1' retrieved from /opt/airflow/dags/sdp_pipeline_dag.py
[2026-07-15T12:54:19.438+0000] {logging_mixin.py:188} INFO - [2026-07-15T12:54:19.437+0000] {dag.py:3096} INFO - Sync 1 DAGs
[2026-07-15T12:54:19.475+0000] {logging_mixin.py:188} INFO - [2026-07-15T12:54:19.475+0000] {dag.py:3954} INFO - Setting next_dagrun for e-commerce_kafka_streaming_pipeline_v1 to 2026-07-15 12:00:00+00:00, run_after=2026-07-15 13:00:00+00:00
[2026-07-15T12:54:19.511+0000] {processor.py:183} INFO - Processing /opt/airflow/dags/sdp_pipeline_dag.py took 0.167 seconds
[2026-07-15T12:54:49.693+0000] {processor.py:161} INFO - Started process (PID=1723) to work on /opt/airflow/dags/sdp_pipeline_dag.py
[2026-07-15T12:54:49.696+0000] {processor.py:830} INFO - Processing file /opt/airflow/dags/sdp_pipeline_dag.py for tasks to queue
[2026-07-15T12:54:49.701+0000] {logging_mixin.py:188} INFO - [2026-07-15T12:54:49.701+0000] {dagbag.py:540} INFO - Filling up the DagBag from /opt/airflow/dags/sdp_pipeline_dag.py
[2026-07-15T12:54:49.735+0000] {processor.py:840} INFO - DAG(s) 'e-commerce_kafka_streaming_pipeline_v1' retrieved from /opt/airflow/dags/sdp_pipeline_dag.py
[2026-07-15T12:54:49.778+0000] {logging_mixin.py:188} INFO - [2026-07-15T12:54:49.777+0000] {dag.py:3096} INFO - Sync 1 DAGs
[2026-07-15T12:54:49.811+0000] {logging_mixin.py:188} INFO - [2026-07-15T12:54:49.811+0000] {dag.py:3954} INFO - Setting next_dagrun for e-commerce_kafka_streaming_pipeline_v1 to 2026-07-15 12:00:00+00:00, run_after=2026-07-15 13:00:00+00:00
[2026-07-15T12:54:49.839+0000] {processor.py:183} INFO - Processing /opt/airflow/dags/sdp_pipeline_dag.py took 0.157 seconds
[2026-07-15T12:55:20.089+0000] {processor.py:161} INFO - Started process (PID=1748) to work on /opt/airflow/dags/sdp_pipeline_dag.py
[2026-07-15T12:55:20.091+0000] {processor.py:830} INFO - Processing file /opt/airflow/dags/sdp_pipeline_dag.py for tasks to queue
[2026-07-15T12:55:20.095+0000] {logging_mixin.py:188} INFO - [2026-07-15T12:55:20.094+0000] {dagbag.py:540} INFO - Filling up the DagBag from /opt/airflow/dags/sdp_pipeline_dag.py
[2026-07-15T12:55:20.138+0000] {processor.py:840} INFO - DAG(s) 'e-commerce_kafka_streaming_pipeline_v1' retrieved from /opt/airflow/dags/sdp_pipeline_dag.py
[2026-07-15T12:55:20.186+0000] {logging_mixin.py:188} INFO - [2026-07-15T12:55:20.186+0000] {dag.py:3096} INFO - Sync 1 DAGs
[2026-07-15T12:55:20.238+0000] {logging_mixin.py:188} INFO - [2026-07-15T12:55:20.237+0000] {dag.py:3954} INFO - Setting next_dagrun for e-commerce_kafka_streaming_pipeline_v1 to 2026-07-15 12:00:00+00:00, run_after=2026-07-15 13:00:00+00:00
[2026-07-15T12:55:20.266+0000] {processor.py:183} INFO - Processing /opt/airflow/dags/sdp_pipeline_dag.py took 0.190 seconds
[2026-07-15T12:55:50.450+0000] {processor.py:161} INFO - Started process (PID=1773) to work on /opt/airflow/dags/sdp_pipeline_dag.py
[2026-07-15T12:55:50.453+0000] {processor.py:830} INFO - Processing file /opt/airflow/dags/sdp_pipeline_dag.py for tasks to queue
[2026-07-15T12:55:50.457+0000] {logging_mixin.py:188} INFO - [2026-07-15T12:55:50.456+0000] {dagbag.py:540} INFO - Filling up the DagBag from /opt/airflow/dags/sdp_pipeline_dag.py
[2026-07-15T12:55:50.497+0000] {processor.py:840} INFO - DAG(s) 'e-commerce_kafka_streaming_pipeline_v1' retrieved from /opt/airflow/dags/sdp_pipeline_dag.py
[2026-07-15T12:55:50.538+0000] {logging_mixin.py:188} INFO - [2026-07-15T12:55:50.538+0000] {dag.py:3096} INFO - Sync 1 DAGs
[2026-07-15T12:55:50.574+0000] {logging_mixin.py:188} INFO - [2026-07-15T12:55:50.574+0000] {dag.py:3954} INFO - Setting next_dagrun for e-commerce_kafka_streaming_pipeline_v1 to 2026-07-15 12:00:00+00:00, run_after=2026-07-15 13:00:00+00:00
[2026-07-15T12:55:50.620+0000] {processor.py:183} INFO - Processing /opt/airflow/dags/sdp_pipeline_dag.py took 0.178 seconds
[2026-07-15T12:56:20.799+0000] {processor.py:161} INFO - Started process (PID=1798) to work on /opt/airflow/dags/sdp_pipeline_dag.py
[2026-07-15T12:56:20.802+0000] {processor.py:830} INFO - Processing file /opt/airflow/dags/sdp_pipeline_dag.py for tasks to queue
[2026-07-15T12:56:20.807+0000] {logging_mixin.py:188} INFO - [2026-07-15T12:56:20.806+0000] {dagbag.py:540} INFO - Filling up the DagBag from /opt/airflow/dags/sdp_pipeline_dag.py
[2026-07-15T12:56:20.840+0000] {processor.py:840} INFO - DAG(s) 'e-commerce_kafka_streaming_pipeline_v1' retrieved from /opt/airflow/dags/sdp_pipeline_dag.py
[2026-07-15T12:56:20.880+0000] {logging_mixin.py:188} INFO - [2026-07-15T12:56:20.880+0000] {dag.py:3096} INFO - Sync 1 DAGs
[2026-07-15T12:56:20.913+0000] {logging_mixin.py:188} INFO - [2026-07-15T12:56:20.913+0000] {dag.py:3954} INFO - Setting next_dagrun for e-commerce_kafka_streaming_pipeline_v1 to 2026-07-15 12:00:00+00:00, run_after=2026-07-15 13:00:00+00:00
[2026-07-15T12:56:20.942+0000] {processor.py:183} INFO - Processing /opt/airflow/dags/sdp_pipeline_dag.py took 0.154 seconds
[2026-07-15T12:56:51.917+0000] {processor.py:161} INFO - Started process (PID=1823) to work on /opt/airflow/dags/sdp_pipeline_dag.py
[2026-07-15T12:56:51.919+0000] {processor.py:830} INFO - Processing file /opt/airflow/dags/sdp_pipeline_dag.py for tasks to queue
[2026-07-15T12:56:51.922+0000] {logging_mixin.py:188} INFO - [2026-07-15T12:56:51.921+0000] {dagbag.py:540} INFO - Filling up the DagBag from /opt/airflow/dags/sdp_pipeline_dag.py
[2026-07-15T12:56:51.954+0000] {processor.py:840} INFO - DAG(s) 'e-commerce_kafka_streaming_pipeline_v1' retrieved from /opt/airflow/dags/sdp_pipeline_dag.py
[2026-07-15T12:56:51.987+0000] {logging_mixin.py:188} INFO - [2026-07-15T12:56:51.986+0000] {dag.py:3096} INFO - Sync 1 DAGs
[2026-07-15T12:56:52.018+0000] {logging_mixin.py:188} INFO - [2026-07-15T12:56:52.018+0000] {dag.py:3954} INFO - Setting next_dagrun for e-commerce_kafka_streaming_pipeline_v1 to 2026-07-15 12:00:00+00:00, run_after=2026-07-15 13:00:00+00:00
[2026-07-15T12:56:52.050+0000] {processor.py:183} INFO - Processing /opt/airflow/dags/sdp_pipeline_dag.py took 0.141 seconds
[2026-07-15T12:57:22.152+0000] {processor.py:161} INFO - Started process (PID=1848) to work on /opt/airflow/dags/sdp_pipeline_dag.py
[2026-07-15T12:57:22.154+0000] {processor.py:830} INFO - Processing file /opt/airflow/dags/sdp_pipeline_dag.py for tasks to queue
[2026-07-15T12:57:22.159+0000] {logging_mixin.py:188} INFO - [2026-07-15T12:57:22.158+0000] {dagbag.py:540} INFO - Filling up the DagBag from /opt/airflow/dags/sdp_pipeline_dag.py
[2026-07-15T12:57:22.191+0000] {processor.py:840} INFO - DAG(s) 'e-commerce_kafka_streaming_pipeline_v1' retrieved from /opt/airflow/dags/sdp_pipeline_dag.py
[2026-07-15T12:57:22.228+0000] {logging_mixin.py:188} INFO - [2026-07-15T12:57:22.228+0000] {dag.py:3096} INFO - Sync 1 DAGs
[2026-07-15T12:57:22.265+0000] {logging_mixin.py:188} INFO - [2026-07-15T12:57:22.265+0000] {dag.py:3954} INFO - Setting next_dagrun for e-commerce_kafka_streaming_pipeline_v1 to 2026-07-15 12:00:00+00:00, run_after=2026-07-15 13:00:00+00:00
[2026-07-15T12:57:22.300+0000] {processor.py:183} INFO - Processing /opt/airflow/dags/sdp_pipeline_dag.py took 0.157 seconds
[2026-07-15T12:57:52.455+0000] {processor.py:161} INFO - Started process (PID=1873) to work on /opt/airflow/dags/sdp_pipeline_dag.py
[2026-07-15T12:57:52.458+0000] {processor.py:830} INFO - Processing file /opt/airflow/dags/sdp_pipeline_dag.py for tasks to queue
[2026-07-15T12:57:52.461+0000] {logging_mixin.py:188} INFO - [2026-07-15T12:57:52.461+0000] {dagbag.py:540} INFO - Filling up the DagBag from /opt/airflow/dags/sdp_pipeline_dag.py
[2026-07-15T12:57:52.491+0000] {processor.py:840} INFO - DAG(s) 'e-commerce_kafka_streaming_pipeline_v1' retrieved from /opt/airflow/dags/sdp_pipeline_dag.py
[2026-07-15T12:57:52.526+0000] {logging_mixin.py:188} INFO - [2026-07-15T12:57:52.526+0000] {dag.py:3096} INFO - Sync 1 DAGs
[2026-07-15T12:57:52.561+0000] {logging_mixin.py:188} INFO - [2026-07-15T12:57:52.561+0000] {dag.py:3954} INFO - Setting next_dagrun for e-commerce_kafka_streaming_pipeline_v1 to 2026-07-15 12:00:00+00:00, run_after=2026-07-15 13:00:00+00:00
[2026-07-15T12:57:52.595+0000] {processor.py:183} INFO - Processing /opt/airflow/dags/sdp_pipeline_dag.py took 0.148 seconds
[2026-07-15T12:58:22.689+0000] {processor.py:161} INFO - Started process (PID=1898) to work on /opt/airflow/dags/sdp_pipeline_dag.py
[2026-07-15T12:58:22.691+0000] {processor.py:830} INFO - Processing file /opt/airflow/dags/sdp_pipeline_dag.py for tasks to queue
[2026-07-15T12:58:22.695+0000] {logging_mixin.py:188} INFO - [2026-07-15T12:58:22.695+0000] {dagbag.py:540} INFO - Filling up the DagBag from /opt/airflow/dags/sdp_pipeline_dag.py
[2026-07-15T12:58:22.731+0000] {processor.py:840} INFO - DAG(s) 'e-commerce_kafka_streaming_pipeline_v1' retrieved from /opt/airflow/dags/sdp_pipeline_dag.py
[2026-07-15T12:58:22.776+0000] {logging_mixin.py:188} INFO - [2026-07-15T12:58:22.775+0000] {dag.py:3096} INFO - Sync 1 DAGs
[2026-07-15T12:58:22.819+0000] {logging_mixin.py:188} INFO - [2026-07-15T12:58:22.819+0000] {dag.py:3954} INFO - Setting next_dagrun for e-commerce_kafka_streaming_pipeline_v1 to 2026-07-15 12:00:00+00:00, run_after=2026-07-15 13:00:00+00:00
[2026-07-15T12:58:22.857+0000] {processor.py:183} INFO - Processing /opt/airflow/dags/sdp_pipeline_dag.py took 0.184 seconds
[2026-07-15T12:58:53.219+0000] {processor.py:161} INFO - Started process (PID=1993) to work on /opt/airflow/dags/sdp_pipeline_dag.py
[2026-07-15T12:58:53.222+0000] {processor.py:830} INFO - Processing file /opt/airflow/dags/sdp_pipeline_dag.py for tasks to queue
[2026-07-15T12:58:53.230+0000] {logging_mixin.py:188} INFO - [2026-07-15T12:58:53.228+0000] {dagbag.py:540} INFO - Filling up the DagBag from /opt/airflow/dags/sdp_pipeline_dag.py
[2026-07-15T12:58:53.314+0000] {processor.py:840} INFO - DAG(s) 'e-commerce_kafka_streaming_pipeline_v1' retrieved from /opt/airflow/dags/sdp_pipeline_dag.py
[2026-07-15T12:58:53.605+0000] {logging_mixin.py:188} INFO - [2026-07-15T12:58:53.604+0000] {dag.py:3096} INFO - Sync 1 DAGs
[2026-07-15T12:58:53.709+0000] {logging_mixin.py:188} INFO - [2026-07-15T12:58:53.709+0000] {dag.py:3954} INFO - Setting next_dagrun for e-commerce_kafka_streaming_pipeline_v1 to 2026-07-15 12:00:00+00:00, run_after=2026-07-15 13:00:00+00:00
[2026-07-15T12:58:53.772+0000] {processor.py:183} INFO - Processing /opt/airflow/dags/sdp_pipeline_dag.py took 0.588 seconds
[2026-07-15T12:59:24.962+0000] {processor.py:161} INFO - Started process (PID=2042) to work on /opt/airflow/dags/sdp_pipeline_dag.py
[2026-07-15T12:59:24.972+0000] {processor.py:830} INFO - Processing file /opt/airflow/dags/sdp_pipeline_dag.py for tasks to queue
[2026-07-15T12:59:24.991+0000] {logging_mixin.py:188} INFO - [2026-07-15T12:59:24.987+0000] {dagbag.py:540} INFO - Filling up the DagBag from /opt/airflow/dags/sdp_pipeline_dag.py
[2026-07-15T12:59:25.339+0000] {processor.py:840} INFO - DAG(s) 'e-commerce_kafka_streaming_pipeline_v1' retrieved from /opt/airflow/dags/sdp_pipeline_dag.py
[2026-07-15T12:59:25.922+0000] {logging_mixin.py:188} INFO - [2026-07-15T12:59:25.921+0000] {dag.py:3096} INFO - Sync 1 DAGs
[2026-07-15T12:59:26.738+0000] {logging_mixin.py:188} INFO - [2026-07-15T12:59:26.736+0000] {dag.py:3954} INFO - Setting next_dagrun for e-commerce_kafka_streaming_pipeline_v1 to 2026-07-15 12:00:00+00:00, run_after=2026-07-15 13:00:00+00:00
[2026-07-15T12:59:26.901+0000] {processor.py:183} INFO - Processing /opt/airflow/dags/sdp_pipeline_dag.py took 2.025 seconds
[2026-07-15T12:59:57.737+0000] {processor.py:161} INFO - Started process (PID=2067) to work on /opt/airflow/dags/sdp_pipeline_dag.py
[2026-07-15T12:59:57.741+0000] {processor.py:830} INFO - Processing file /opt/airflow/dags/sdp_pipeline_dag.py for tasks to queue
[2026-07-15T12:59:57.799+0000] {logging_mixin.py:188} INFO - [2026-07-15T12:59:57.789+0000] {dagbag.py:540} INFO - Filling up the DagBag from /opt/airflow/dags/sdp_pipeline_dag.py
[2026-07-15T12:59:57.927+0000] {processor.py:840} INFO - DAG(s) 'e-commerce_kafka_streaming_pipeline_v1' retrieved from /opt/airflow/dags/sdp_pipeline_dag.py
[2026-07-15T12:59:58.127+0000] {logging_mixin.py:188} INFO - [2026-07-15T12:59:58.126+0000] {dag.py:3096} INFO - Sync 1 DAGs
[2026-07-15T12:59:58.321+0000] {logging_mixin.py:188} INFO - [2026-07-15T12:59:58.321+0000] {dag.py:3954} INFO - Setting next_dagrun for e-commerce_kafka_streaming_pipeline_v1 to 2026-07-15 12:00:00+00:00, run_after=2026-07-15 13:00:00+00:00
[2026-07-15T12:59:58.452+0000] {processor.py:183} INFO - Processing /opt/airflow/dags/sdp_pipeline_dag.py took 0.814 seconds
[2026-07-15T13:00:29.095+0000] {processor.py:161} INFO - Started process (PID=2110) to work on /opt/airflow/dags/sdp_pipeline_dag.py
[2026-07-15T13:00:29.112+0000] {processor.py:830} INFO - Processing file /opt/airflow/dags/sdp_pipeline_dag.py for tasks to queue
[2026-07-15T13:00:29.125+0000] {logging_mixin.py:188} INFO - [2026-07-15T13:00:29.122+0000] {dagbag.py:540} INFO - Filling up the DagBag from /opt/airflow/dags/sdp_pipeline_dag.py
[2026-07-15T13:00:29.247+0000] {processor.py:840} INFO - DAG(s) 'e-commerce_kafka_streaming_pipeline_v1' retrieved from /opt/airflow/dags/sdp_pipeline_dag.py
[2026-07-15T13:00:29.589+0000] {logging_mixin.py:188} INFO - [2026-07-15T13:00:29.588+0000] {dag.py:3096} INFO - Sync 1 DAGs
[2026-07-15T13:00:29.761+0000] {logging_mixin.py:188} INFO - [2026-07-15T13:00:29.761+0000] {dag.py:3954} INFO - Setting next_dagrun for e-commerce_kafka_streaming_pipeline_v1 to 2026-07-15 13:00:00+00:00, run_after=2026-07-15 14:00:00+00:00
[2026-07-15T13:00:29.871+0000] {processor.py:183} INFO - Processing /opt/airflow/dags/sdp_pipeline_dag.py took 0.852 seconds
[2026-07-15T13:04:12.003+0000] {processor.py:161} INFO - Started process (PID=2177) to work on /opt/airflow/dags/sdp_pipeline_dag.py
[2026-07-15T13:04:12.018+0000] {processor.py:830} INFO - Processing file /opt/airflow/dags/sdp_pipeline_dag.py for tasks to queue
[2026-07-15T13:04:12.034+0000] {logging_mixin.py:188} INFO - [2026-07-15T13:04:12.029+0000] {dagbag.py:540} INFO - Filling up the DagBag from /opt/airflow/dags/sdp_pipeline_dag.py
[2026-07-15T13:04:12.193+0000] {processor.py:840} INFO - DAG(s) 'e-commerce_kafka_streaming_pipeline_v1' retrieved from /opt/airflow/dags/sdp_pipeline_dag.py
[2026-07-15T13:04:12.307+0000] {logging_mixin.py:188} INFO - [2026-07-15T13:04:12.306+0000] {dag.py:3096} INFO - Sync 1 DAGs
[2026-07-15T13:04:12.423+0000] {logging_mixin.py:188} INFO - [2026-07-15T13:04:12.423+0000] {dag.py:3954} INFO - Setting next_dagrun for e-commerce_kafka_streaming_pipeline_v1 to 2026-07-15 13:00:00+00:00, run_after=2026-07-15 14:00:00+00:00
[2026-07-15T13:04:12.503+0000] {processor.py:183} INFO - Processing /opt/airflow/dags/sdp_pipeline_dag.py took 0.555 seconds
[2026-07-15T13:04:43.613+0000] {processor.py:161} INFO - Started process (PID=2202) to work on /opt/airflow/dags/sdp_pipeline_dag.py
[2026-07-15T13:04:43.621+0000] {processor.py:830} INFO - Processing file /opt/airflow/dags/sdp_pipeline_dag.py for tasks to queue
[2026-07-15T13:04:43.637+0000] {logging_mixin.py:188} INFO - [2026-07-15T13:04:43.631+0000] {dagbag.py:540} INFO - Filling up the DagBag from /opt/airflow/dags/sdp_pipeline_dag.py
[2026-07-15T13:04:43.729+0000] {processor.py:840} INFO - DAG(s) 'e-commerce_kafka_streaming_pipeline_v1' retrieved from /opt/airflow/dags/sdp_pipeline_dag.py
[2026-07-15T13:04:43.846+0000] {logging_mixin.py:188} INFO - [2026-07-15T13:04:43.845+0000] {dag.py:3096} INFO - Sync 1 DAGs
[2026-07-15T13:04:44.445+0000] {logging_mixin.py:188} INFO - [2026-07-15T13:04:44.445+0000] {dag.py:3954} INFO - Setting next_dagrun for e-commerce_kafka_streaming_pipeline_v1 to 2026-07-15 13:00:00+00:00, run_after=2026-07-15 14:00:00+00:00
[2026-07-15T13:04:44.619+0000] {processor.py:183} INFO - Processing /opt/airflow/dags/sdp_pipeline_dag.py took 1.037 seconds
[2026-07-15T13:25:22.457+0000] {processor.py:161} INFO - Started process (PID=2213) to work on /opt/airflow/dags/sdp_pipeline_dag.py
[2026-07-15T13:25:22.465+0000] {processor.py:830} INFO - Processing file /opt/airflow/dags/sdp_pipeline_dag.py for tasks to queue
[2026-07-15T13:25:22.483+0000] {logging_mixin.py:188} INFO - [2026-07-15T13:25:22.482+0000] {dagbag.py:540} INFO - Filling up the DagBag from /opt/airflow/dags/sdp_pipeline_dag.py
[2026-07-15T13:25:22.985+0000] {processor.py:840} INFO - DAG(s) 'e-commerce_kafka_streaming_pipeline_v1' retrieved from /opt/airflow/dags/sdp_pipeline_dag.py
[2026-07-15T13:25:23.532+0000] {logging_mixin.py:188} INFO - [2026-07-15T13:25:23.505+0000] {dag.py:3096} INFO - Sync 1 DAGs
[2026-07-15T13:25:24.217+0000] {logging_mixin.py:188} INFO - [2026-07-15T13:25:24.217+0000] {dag.py:3954} INFO - Setting next_dagrun for e-commerce_kafka_streaming_pipeline_v1 to 2026-07-15 13:00:00+00:00, run_after=2026-07-15 14:00:00+00:00
[2026-07-15T13:25:24.538+0000] {processor.py:183} INFO - Processing /opt/airflow/dags/sdp_pipeline_dag.py took 2.138 seconds
[2026-07-15T13:25:55.689+0000] {processor.py:161} INFO - Started process (PID=2291) to work on /opt/airflow/dags/sdp_pipeline_dag.py
[2026-07-15T13:25:55.711+0000] {processor.py:830} INFO - Processing file /opt/airflow/dags/sdp_pipeline_dag.py for tasks to queue
[2026-07-15T13:25:55.845+0000] {logging_mixin.py:188} INFO - [2026-07-15T13:25:55.840+0000] {dagbag.py:540} INFO - Filling up the DagBag from /opt/airflow/dags/sdp_pipeline_dag.py
[2026-07-15T13:25:56.512+0000] {processor.py:840} INFO - DAG(s) 'e-commerce_kafka_streaming_pipeline_v1' retrieved from /opt/airflow/dags/sdp_pipeline_dag.py
[2026-07-15T13:25:57.629+0000] {logging_mixin.py:188} INFO - [2026-07-15T13:25:57.619+0000] {dag.py:3096} INFO - Sync 1 DAGs
[2026-07-15T13:25:58.402+0000] {logging_mixin.py:188} INFO - [2026-07-15T13:25:58.397+0000] {dag.py:3954} INFO - Setting next_dagrun for e-commerce_kafka_streaming_pipeline_v1 to 2026-07-15 13:00:00+00:00, run_after=2026-07-15 14:00:00+00:00
[2026-07-15T13:25:58.988+0000] {processor.py:183} INFO - Processing /opt/airflow/dags/sdp_pipeline_dag.py took 3.602 seconds
[2026-07-15T13:26:30.292+0000] {processor.py:161} INFO - Started process (PID=2319) to work on /opt/airflow/dags/sdp_pipeline_dag.py
[2026-07-15T13:26:30.306+0000] {processor.py:830} INFO - Processing file /opt/airflow/dags/sdp_pipeline_dag.py for tasks to queue
[2026-07-15T13:26:30.324+0000] {logging_mixin.py:188} INFO - [2026-07-15T13:26:30.323+0000] {dagbag.py:540} INFO - Filling up the DagBag from /opt/airflow/dags/sdp_pipeline_dag.py
[2026-07-15T13:26:30.455+0000] {processor.py:840} INFO - DAG(s) 'e-commerce_kafka_streaming_pipeline_v1' retrieved from /opt/airflow/dags/sdp_pipeline_dag.py
[2026-07-15T13:26:30.716+0000] {logging_mixin.py:188} INFO - [2026-07-15T13:26:30.715+0000] {dag.py:3096} INFO - Sync 1 DAGs
[2026-07-15T13:26:30.957+0000] {logging_mixin.py:188} INFO - [2026-07-15T13:26:30.956+0000] {dag.py:3954} INFO - Setting next_dagrun for e-commerce_kafka_streaming_pipeline_v1 to 2026-07-15 13:00:00+00:00, run_after=2026-07-15 14:00:00+00:00
[2026-07-15T13:26:31.204+0000] {processor.py:183} INFO - Processing /opt/airflow/dags/sdp_pipeline_dag.py took 0.959 seconds
[2026-07-15T13:27:02.071+0000] {processor.py:161} INFO - Started process (PID=2344) to work on /opt/airflow/dags/sdp_pipeline_dag.py
[2026-07-15T13:27:02.083+0000] {processor.py:830} INFO - Processing file /opt/airflow/dags/sdp_pipeline_dag.py for tasks to queue
[2026-07-15T13:27:02.110+0000] {logging_mixin.py:188} INFO - [2026-07-15T13:27:02.109+0000] {dagbag.py:540} INFO - Filling up the DagBag from /opt/airflow/dags/sdp_pipeline_dag.py
[2026-07-15T13:27:02.432+0000] {processor.py:840} INFO - DAG(s) 'e-commerce_kafka_streaming_pipeline_v1' retrieved from /opt/airflow/dags/sdp_pipeline_dag.py
[2026-07-15T13:27:02.940+0000] {logging_mixin.py:188} INFO - [2026-07-15T13:27:02.939+0000] {dag.py:3096} INFO - Sync 1 DAGs
[2026-07-15T13:27:03.157+0000] {logging_mixin.py:188} INFO - [2026-07-15T13:27:03.152+0000] {dag.py:3954} INFO - Setting next_dagrun for e-commerce_kafka_streaming_pipeline_v1 to 2026-07-15 13:00:00+00:00, run_after=2026-07-15 14:00:00+00:00
[2026-07-15T13:27:03.486+0000] {processor.py:183} INFO - Processing /opt/airflow/dags/sdp_pipeline_dag.py took 1.708 seconds
[2026-07-15T13:27:34.061+0000] {processor.py:161} INFO - Started process (PID=2370) to work on /opt/airflow/dags/sdp_pipeline_dag.py
[2026-07-15T13:27:34.066+0000] {processor.py:830} INFO - Processing file /opt/airflow/dags/sdp_pipeline_dag.py for tasks to queue
[2026-07-15T13:27:34.079+0000] {logging_mixin.py:188} INFO - [2026-07-15T13:27:34.078+0000] {dagbag.py:540} INFO - Filling up the DagBag from /opt/airflow/dags/sdp_pipeline_dag.py
[2026-07-15T13:27:34.465+0000] {processor.py:840} INFO - DAG(s) 'e-commerce_kafka_streaming_pipeline_v1' retrieved from /opt/airflow/dags/sdp_pipeline_dag.py
[2026-07-15T13:27:34.746+0000] {logging_mixin.py:188} INFO - [2026-07-15T13:27:34.745+0000] {dag.py:3096} INFO - Sync 1 DAGs
[2026-07-15T13:27:35.005+0000] {logging_mixin.py:188} INFO - [2026-07-15T13:27:35.004+0000] {dag.py:3954} INFO - Setting next_dagrun for e-commerce_kafka_streaming_pipeline_v1 to 2026-07-15 13:00:00+00:00, run_after=2026-07-15 14:00:00+00:00
[2026-07-15T13:27:35.145+0000] {processor.py:183} INFO - Processing /opt/airflow/dags/sdp_pipeline_dag.py took 1.126 seconds
[2026-07-15T13:28:06.745+0000] {processor.py:161} INFO - Started process (PID=2395) to work on /opt/airflow/dags/sdp_pipeline_dag.py
[2026-07-15T13:28:06.793+0000] {processor.py:830} INFO - Processing file /opt/airflow/dags/sdp_pipeline_dag.py for tasks to queue
[2026-07-15T13:28:06.823+0000] {logging_mixin.py:188} INFO - [2026-07-15T13:28:06.817+0000] {dagbag.py:540} INFO - Filling up the DagBag from /opt/airflow/dags/sdp_pipeline_dag.py
[2026-07-15T13:28:13.838+0000] {processor.py:840} INFO - DAG(s) 'e-commerce_kafka_streaming_pipeline_v1' retrieved from /opt/airflow/dags/sdp_pipeline_dag.py
[2026-07-15T13:28:47.183+0000] {processor.py:186} ERROR - Got an exception! Propagating...
Traceback (most recent call last):
  File "/home/airflow/.local/lib/python3.12/site-packages/sqlalchemy/engine/base.py", line 3371, in _wrap_pool_connect
    return fn()
           ^^^^
  File "/home/airflow/.local/lib/python3.12/site-packages/sqlalchemy/pool/base.py", line 327, in connect
    return _ConnectionFairy._checkout(self)
           ^^^^^^^^^^^^^^^^^^^^^^^^^^^^^^^^
  File "/home/airflow/.local/lib/python3.12/site-packages/sqlalchemy/pool/base.py", line 894, in _checkout
    fairy = _ConnectionRecord.checkout(pool)
            ^^^^^^^^^^^^^^^^^^^^^^^^^^^^^^^^
  File "/home/airflow/.local/lib/python3.12/site-packages/sqlalchemy/pool/base.py", line 493, in checkout
    rec = pool._do_get()
          ^^^^^^^^^^^^^^
  File "/home/airflow/.local/lib/python3.12/site-packages/sqlalchemy/pool/impl.py", line 145, in _do_get
    with util.safe_reraise():
  File "/home/airflow/.local/lib/python3.12/site-packages/sqlalchemy/util/langhelpers.py", line 70, in __exit__
    compat.raise_(
  File "/home/airflow/.local/lib/python3.12/site-packages/sqlalchemy/util/compat.py", line 211, in raise_
    raise exception
  File "/home/airflow/.local/lib/python3.12/site-packages/sqlalchemy/pool/impl.py", line 143, in _do_get
    return self._create_connection()
           ^^^^^^^^^^^^^^^^^^^^^^^^^
  File "/home/airflow/.local/lib/python3.12/site-packages/sqlalchemy/pool/base.py", line 273, in _create_connection
    return _ConnectionRecord(self)
           ^^^^^^^^^^^^^^^^^^^^^^^
  File "/home/airflow/.local/lib/python3.12/site-packages/sqlalchemy/pool/base.py", line 388, in __init__
    self.__connect()
  File "/home/airflow/.local/lib/python3.12/site-packages/sqlalchemy/pool/base.py", line 690, in __connect
    with util.safe_reraise():
  File "/home/airflow/.local/lib/python3.12/site-packages/sqlalchemy/util/langhelpers.py", line 70, in __exit__
    compat.raise_(
  File "/home/airflow/.local/lib/python3.12/site-packages/sqlalchemy/util/compat.py", line 211, in raise_
    raise exception
  File "/home/airflow/.local/lib/python3.12/site-packages/sqlalchemy/pool/base.py", line 686, in __connect
    self.dbapi_connection = connection = pool._invoke_creator(self)
                                         ^^^^^^^^^^^^^^^^^^^^^^^^^^
  File "/home/airflow/.local/lib/python3.12/site-packages/sqlalchemy/engine/create.py", line 574, in connect
    return dialect.connect(*cargs, **cparams)
           ^^^^^^^^^^^^^^^^^^^^^^^^^^^^^^^^^^
  File "/home/airflow/.local/lib/python3.12/site-packages/sqlalchemy/engine/default.py", line 598, in connect
    return self.dbapi.connect(*cargs, **cparams)
           ^^^^^^^^^^^^^^^^^^^^^^^^^^^^^^^^^^^^^
  File "/home/airflow/.local/lib/python3.12/site-packages/psycopg2/__init__.py", line 122, in connect
    conn = _connect(dsn, connection_factory=connection_factory, **kwasync)
           ^^^^^^^^^^^^^^^^^^^^^^^^^^^^^^^^^^^^^^^^^^^^^^^^^^^^^^^^^^^^^^^
psycopg2.OperationalError: could not translate host name "postgres" to address: Temporary failure in name resolution


The above exception was the direct cause of the following exception:

Traceback (most recent call last):
  File "/home/airflow/.local/lib/python3.12/site-packages/airflow/dag_processing/processor.py", line 182, in _run_file_processor
    _handle_dag_file_processing()
  File "/home/airflow/.local/lib/python3.12/site-packages/airflow/dag_processing/processor.py", line 163, in _handle_dag_file_processing
    result: tuple[int, int] = dag_file_processor.process_file(
                              ^^^^^^^^^^^^^^^^^^^^^^^^^^^^^^^^
  File "/home/airflow/.local/lib/python3.12/site-packages/airflow/utils/session.py", line 79, in wrapper
    return func(*args, session=session, **kwargs)
           ^^^^^^^^^^^^^^^^^^^^^^^^^^^^^^^^^^^^^^
  File "/home/airflow/.local/lib/python3.12/site-packages/airflow/dag_processing/processor.py", line 859, in process_file
    serialize_errors = DagFileProcessor.save_dag_to_db(
                       ^^^^^^^^^^^^^^^^^^^^^^^^^^^^^^^^
  File "/home/airflow/.local/lib/python3.12/site-packages/airflow/api_internal/internal_api_call.py", line 115, in wrapper
    return func(*args, **kwargs)
           ^^^^^^^^^^^^^^^^^^^^^
  File "/home/airflow/.local/lib/python3.12/site-packages/airflow/utils/session.py", line 79, in wrapper
    return func(*args, session=session, **kwargs)
           ^^^^^^^^^^^^^^^^^^^^^^^^^^^^^^^^^^^^^^
  File "/home/airflow/.local/lib/python3.12/site-packages/airflow/dag_processing/processor.py", line 895, in save_dag_to_db
    import_errors = DagBag._sync_to_db(dags=dags, processor_subdir=dag_directory, session=session)
                    ^^^^^^^^^^^^^^^^^^^^^^^^^^^^^^^^^^^^^^^^^^^^^^^^^^^^^^^^^^^^^^^^^^^^^^^^^^^^^^
  File "/home/airflow/.local/lib/python3.12/site-packages/airflow/utils/session.py", line 76, in wrapper
    return func(*args, **kwargs)
           ^^^^^^^^^^^^^^^^^^^^^
  File "/home/airflow/.local/lib/python3.12/site-packages/airflow/models/dagbag.py", line 659, in _sync_to_db
    for attempt in run_with_db_retries(logger=log):
  File "/home/airflow/.local/lib/python3.12/site-packages/tenacity/__init__.py", line 347, in __iter__
    do = self.iter(retry_state=retry_state)
         ^^^^^^^^^^^^^^^^^^^^^^^^^^^^^^^^^^
  File "/home/airflow/.local/lib/python3.12/site-packages/tenacity/__init__.py", line 325, in iter
    raise retry_exc.reraise()
          ^^^^^^^^^^^^^^^^^^^
  File "/home/airflow/.local/lib/python3.12/site-packages/tenacity/__init__.py", line 158, in reraise
    raise self.last_attempt.result()
          ^^^^^^^^^^^^^^^^^^^^^^^^^^
  File "/usr/local/lib/python3.12/concurrent/futures/_base.py", line 449, in result
    return self.__get_result()
           ^^^^^^^^^^^^^^^^^^^
  File "/usr/local/lib/python3.12/concurrent/futures/_base.py", line 401, in __get_result
    raise self._exception
  File "/home/airflow/.local/lib/python3.12/site-packages/airflow/models/dagbag.py", line 672, in _sync_to_db
    _serialize_dag_capturing_errors(dag, session, processor_subdir)
  File "/home/airflow/.local/lib/python3.12/site-packages/airflow/models/dagbag.py", line 637, in _serialize_dag_capturing_errors
    dag_was_updated = SerializedDagModel.write_dag(
                      ^^^^^^^^^^^^^^^^^^^^^^^^^^^^^
  File "/home/airflow/.local/lib/python3.12/site-packages/airflow/utils/session.py", line 76, in wrapper
    return func(*args, **kwargs)
           ^^^^^^^^^^^^^^^^^^^^^
  File "/home/airflow/.local/lib/python3.12/site-packages/airflow/models/serialized_dag.py", line 158, in write_dag
    if session.scalar(
       ^^^^^^^^^^^^^^^
  File "/home/airflow/.local/lib/python3.12/site-packages/sqlalchemy/orm/session.py", line 1747, in scalar
    return self.execute(
           ^^^^^^^^^^^^^
  File "/home/airflow/.local/lib/python3.12/site-packages/sqlalchemy/orm/session.py", line 1716, in execute
    conn = self._connection_for_bind(bind)
           ^^^^^^^^^^^^^^^^^^^^^^^^^^^^^^^
  File "/home/airflow/.local/lib/python3.12/site-packages/sqlalchemy/orm/session.py", line 1555, in _connection_for_bind
    return self._transaction._connection_for_bind(
           ^^^^^^^^^^^^^^^^^^^^^^^^^^^^^^^^^^^^^^^
  File "/home/airflow/.local/lib/python3.12/site-packages/sqlalchemy/orm/session.py", line 750, in _connection_for_bind
    conn = bind.connect()
           ^^^^^^^^^^^^^^
  File "/home/airflow/.local/lib/python3.12/site-packages/sqlalchemy/future/engine.py", line 412, in connect
    return super(Engine, self).connect()
           ^^^^^^^^^^^^^^^^^^^^^^^^^^^^^
  File "/home/airflow/.local/lib/python3.12/site-packages/sqlalchemy/engine/base.py", line 3325, in connect
    return self._connection_cls(self, close_with_result=close_with_result)
           ^^^^^^^^^^^^^^^^^^^^^^^^^^^^^^^^^^^^^^^^^^^^^^^^^^^^^^^^^^^^^^^
  File "/home/airflow/.local/lib/python3.12/site-packages/sqlalchemy/engine/base.py", line 96, in __init__
    else engine.raw_connection()
         ^^^^^^^^^^^^^^^^^^^^^^^
  File "/home/airflow/.local/lib/python3.12/site-packages/sqlalchemy/engine/base.py", line 3404, in raw_connection
    return self._wrap_pool_connect(self.pool.connect, _connection)
           ^^^^^^^^^^^^^^^^^^^^^^^^^^^^^^^^^^^^^^^^^^^^^^^^^^^^^^^
  File "/home/airflow/.local/lib/python3.12/site-packages/sqlalchemy/engine/base.py", line 3374, in _wrap_pool_connect
    Connection._handle_dbapi_exception_noconnection(
  File "/home/airflow/.local/lib/python3.12/site-packages/sqlalchemy/engine/base.py", line 2208, in _handle_dbapi_exception_noconnection
    util.raise_(
  File "/home/airflow/.local/lib/python3.12/site-packages/sqlalchemy/util/compat.py", line 211, in raise_
    raise exception
  File "/home/airflow/.local/lib/python3.12/site-packages/sqlalchemy/engine/base.py", line 3371, in _wrap_pool_connect
    return fn()
           ^^^^
  File "/home/airflow/.local/lib/python3.12/site-packages/sqlalchemy/pool/base.py", line 327, in connect
    return _ConnectionFairy._checkout(self)
           ^^^^^^^^^^^^^^^^^^^^^^^^^^^^^^^^
  File "/home/airflow/.local/lib/python3.12/site-packages/sqlalchemy/pool/base.py", line 894, in _checkout
    fairy = _ConnectionRecord.checkout(pool)
            ^^^^^^^^^^^^^^^^^^^^^^^^^^^^^^^^
  File "/home/airflow/.local/lib/python3.12/site-packages/sqlalchemy/pool/base.py", line 493, in checkout
    rec = pool._do_get()
          ^^^^^^^^^^^^^^
  File "/home/airflow/.local/lib/python3.12/site-packages/sqlalchemy/pool/impl.py", line 145, in _do_get
    with util.safe_reraise():
  File "/home/airflow/.local/lib/python3.12/site-packages/sqlalchemy/util/langhelpers.py", line 70, in __exit__
    compat.raise_(
  File "/home/airflow/.local/lib/python3.12/site-packages/sqlalchemy/util/compat.py", line 211, in raise_
    raise exception
  File "/home/airflow/.local/lib/python3.12/site-packages/sqlalchemy/pool/impl.py", line 143, in _do_get
    return self._create_connection()
           ^^^^^^^^^^^^^^^^^^^^^^^^^
  File "/home/airflow/.local/lib/python3.12/site-packages/sqlalchemy/pool/base.py", line 273, in _create_connection
    return _ConnectionRecord(self)
           ^^^^^^^^^^^^^^^^^^^^^^^
  File "/home/airflow/.local/lib/python3.12/site-packages/sqlalchemy/pool/base.py", line 388, in __init__
    self.__connect()
  File "/home/airflow/.local/lib/python3.12/site-packages/sqlalchemy/pool/base.py", line 690, in __connect
    with util.safe_reraise():
  File "/home/airflow/.local/lib/python3.12/site-packages/sqlalchemy/util/langhelpers.py", line 70, in __exit__
    compat.raise_(
  File "/home/airflow/.local/lib/python3.12/site-packages/sqlalchemy/util/compat.py", line 211, in raise_
    raise exception
  File "/home/airflow/.local/lib/python3.12/site-packages/sqlalchemy/pool/base.py", line 686, in __connect
    self.dbapi_connection = connection = pool._invoke_creator(self)
                                         ^^^^^^^^^^^^^^^^^^^^^^^^^^
  File "/home/airflow/.local/lib/python3.12/site-packages/sqlalchemy/engine/create.py", line 574, in connect
    return dialect.connect(*cargs, **cparams)
           ^^^^^^^^^^^^^^^^^^^^^^^^^^^^^^^^^^
  File "/home/airflow/.local/lib/python3.12/site-packages/sqlalchemy/engine/default.py", line 598, in connect
    return self.dbapi.connect(*cargs, **cparams)
           ^^^^^^^^^^^^^^^^^^^^^^^^^^^^^^^^^^^^^
  File "/home/airflow/.local/lib/python3.12/site-packages/psycopg2/__init__.py", line 122, in connect
    conn = _connect(dsn, connection_factory=connection_factory, **kwasync)
           ^^^^^^^^^^^^^^^^^^^^^^^^^^^^^^^^^^^^^^^^^^^^^^^^^^^^^^^^^^^^^^^
sqlalchemy.exc.OperationalError: (psycopg2.OperationalError) could not translate host name "postgres" to address: Temporary failure in name resolution

(Background on this error at: https://sqlalche.me/e/14/e3q8)
[2026-07-15T13:32:59.885+0000] {processor.py:161} INFO - Started process (PID=2418) to work on /opt/airflow/dags/sdp_pipeline_dag.py
[2026-07-15T13:32:59.894+0000] {processor.py:830} INFO - Processing file /opt/airflow/dags/sdp_pipeline_dag.py for tasks to queue
[2026-07-15T13:32:59.922+0000] {logging_mixin.py:188} INFO - [2026-07-15T13:32:59.920+0000] {dagbag.py:540} INFO - Filling up the DagBag from /opt/airflow/dags/sdp_pipeline_dag.py
[2026-07-15T13:33:00.243+0000] {processor.py:840} INFO - DAG(s) 'e-commerce_kafka_streaming_pipeline_v1' retrieved from /opt/airflow/dags/sdp_pipeline_dag.py
[2026-07-15T13:33:02.850+0000] {logging_mixin.py:188} INFO - [2026-07-15T13:33:02.849+0000] {dag.py:3096} INFO - Sync 1 DAGs
[2026-07-15T13:33:02.916+0000] {logging_mixin.py:188} INFO - [2026-07-15T13:33:02.915+0000] {dag.py:3954} INFO - Setting next_dagrun for e-commerce_kafka_streaming_pipeline_v1 to 2026-07-15 13:00:00+00:00, run_after=2026-07-15 14:00:00+00:00
[2026-07-15T13:33:02.983+0000] {processor.py:183} INFO - Processing /opt/airflow/dags/sdp_pipeline_dag.py took 3.231 seconds
[2026-07-15T13:33:33.829+0000] {processor.py:161} INFO - Started process (PID=2445) to work on /opt/airflow/dags/sdp_pipeline_dag.py
[2026-07-15T13:33:33.831+0000] {processor.py:830} INFO - Processing file /opt/airflow/dags/sdp_pipeline_dag.py for tasks to queue
[2026-07-15T13:33:33.834+0000] {logging_mixin.py:188} INFO - [2026-07-15T13:33:33.833+0000] {dagbag.py:540} INFO - Filling up the DagBag from /opt/airflow/dags/sdp_pipeline_dag.py
[2026-07-15T13:33:33.870+0000] {processor.py:840} INFO - DAG(s) 'e-commerce_kafka_streaming_pipeline_v1' retrieved from /opt/airflow/dags/sdp_pipeline_dag.py
[2026-07-15T13:33:33.891+0000] {logging_mixin.py:188} INFO - [2026-07-15T13:33:33.891+0000] {dag.py:3096} INFO - Sync 1 DAGs
[2026-07-15T13:33:33.939+0000] {logging_mixin.py:188} INFO - [2026-07-15T13:33:33.939+0000] {dag.py:3954} INFO - Setting next_dagrun for e-commerce_kafka_streaming_pipeline_v1 to 2026-07-15 13:00:00+00:00, run_after=2026-07-15 14:00:00+00:00
[2026-07-15T13:33:33.974+0000] {processor.py:183} INFO - Processing /opt/airflow/dags/sdp_pipeline_dag.py took 0.162 seconds
[2026-07-15T13:34:04.312+0000] {processor.py:161} INFO - Started process (PID=2470) to work on /opt/airflow/dags/sdp_pipeline_dag.py
[2026-07-15T13:34:04.315+0000] {processor.py:830} INFO - Processing file /opt/airflow/dags/sdp_pipeline_dag.py for tasks to queue
[2026-07-15T13:34:04.319+0000] {logging_mixin.py:188} INFO - [2026-07-15T13:34:04.318+0000] {dagbag.py:540} INFO - Filling up the DagBag from /opt/airflow/dags/sdp_pipeline_dag.py
[2026-07-15T13:34:04.368+0000] {processor.py:840} INFO - DAG(s) 'e-commerce_kafka_streaming_pipeline_v1' retrieved from /opt/airflow/dags/sdp_pipeline_dag.py
[2026-07-15T13:34:04.564+0000] {logging_mixin.py:188} INFO - [2026-07-15T13:34:04.563+0000] {dag.py:3096} INFO - Sync 1 DAGs
[2026-07-15T13:34:04.600+0000] {logging_mixin.py:188} INFO - [2026-07-15T13:34:04.599+0000] {dag.py:3954} INFO - Setting next_dagrun for e-commerce_kafka_streaming_pipeline_v1 to 2026-07-15 13:00:00+00:00, run_after=2026-07-15 14:00:00+00:00
[2026-07-15T13:34:04.634+0000] {processor.py:183} INFO - Processing /opt/airflow/dags/sdp_pipeline_dag.py took 0.338 seconds
[2026-07-15T13:34:34.889+0000] {processor.py:161} INFO - Started process (PID=2495) to work on /opt/airflow/dags/sdp_pipeline_dag.py
[2026-07-15T13:34:34.892+0000] {processor.py:830} INFO - Processing file /opt/airflow/dags/sdp_pipeline_dag.py for tasks to queue
[2026-07-15T13:34:34.895+0000] {logging_mixin.py:188} INFO - [2026-07-15T13:34:34.895+0000] {dagbag.py:540} INFO - Filling up the DagBag from /opt/airflow/dags/sdp_pipeline_dag.py
[2026-07-15T13:34:34.943+0000] {processor.py:840} INFO - DAG(s) 'e-commerce_kafka_streaming_pipeline_v1' retrieved from /opt/airflow/dags/sdp_pipeline_dag.py
[2026-07-15T13:34:35.013+0000] {logging_mixin.py:188} INFO - [2026-07-15T13:34:35.012+0000] {dag.py:3096} INFO - Sync 1 DAGs
[2026-07-15T13:34:35.066+0000] {logging_mixin.py:188} INFO - [2026-07-15T13:34:35.065+0000] {dag.py:3954} INFO - Setting next_dagrun for e-commerce_kafka_streaming_pipeline_v1 to 2026-07-15 13:00:00+00:00, run_after=2026-07-15 14:00:00+00:00
[2026-07-15T13:34:35.119+0000] {processor.py:183} INFO - Processing /opt/airflow/dags/sdp_pipeline_dag.py took 0.246 seconds
[2026-07-15T13:35:05.263+0000] {processor.py:161} INFO - Started process (PID=2520) to work on /opt/airflow/dags/sdp_pipeline_dag.py
[2026-07-15T13:35:05.266+0000] {processor.py:830} INFO - Processing file /opt/airflow/dags/sdp_pipeline_dag.py for tasks to queue
[2026-07-15T13:35:05.270+0000] {logging_mixin.py:188} INFO - [2026-07-15T13:35:05.270+0000] {dagbag.py:540} INFO - Filling up the DagBag from /opt/airflow/dags/sdp_pipeline_dag.py
[2026-07-15T13:35:05.326+0000] {processor.py:840} INFO - DAG(s) 'e-commerce_kafka_streaming_pipeline_v1' retrieved from /opt/airflow/dags/sdp_pipeline_dag.py
[2026-07-15T13:35:05.360+0000] {logging_mixin.py:188} INFO - [2026-07-15T13:35:05.359+0000] {dag.py:3096} INFO - Sync 1 DAGs
[2026-07-15T13:35:05.425+0000] {logging_mixin.py:188} INFO - [2026-07-15T13:35:05.424+0000] {dag.py:3954} INFO - Setting next_dagrun for e-commerce_kafka_streaming_pipeline_v1 to 2026-07-15 13:00:00+00:00, run_after=2026-07-15 14:00:00+00:00
[2026-07-15T13:35:05.477+0000] {processor.py:183} INFO - Processing /opt/airflow/dags/sdp_pipeline_dag.py took 0.234 seconds
[2026-07-15T13:35:35.842+0000] {processor.py:161} INFO - Started process (PID=2545) to work on /opt/airflow/dags/sdp_pipeline_dag.py
[2026-07-15T13:35:35.845+0000] {processor.py:830} INFO - Processing file /opt/airflow/dags/sdp_pipeline_dag.py for tasks to queue
[2026-07-15T13:35:35.847+0000] {logging_mixin.py:188} INFO - [2026-07-15T13:35:35.847+0000] {dagbag.py:540} INFO - Filling up the DagBag from /opt/airflow/dags/sdp_pipeline_dag.py
[2026-07-15T13:35:35.886+0000] {processor.py:840} INFO - DAG(s) 'e-commerce_kafka_streaming_pipeline_v1' retrieved from /opt/airflow/dags/sdp_pipeline_dag.py
[2026-07-15T13:35:36.064+0000] {logging_mixin.py:188} INFO - [2026-07-15T13:35:36.064+0000] {dag.py:3096} INFO - Sync 1 DAGs
[2026-07-15T13:35:36.098+0000] {logging_mixin.py:188} INFO - [2026-07-15T13:35:36.098+0000] {dag.py:3954} INFO - Setting next_dagrun for e-commerce_kafka_streaming_pipeline_v1 to 2026-07-15 13:00:00+00:00, run_after=2026-07-15 14:00:00+00:00
[2026-07-15T13:35:36.132+0000] {processor.py:183} INFO - Processing /opt/airflow/dags/sdp_pipeline_dag.py took 0.314 seconds
[2026-07-15T13:36:06.306+0000] {processor.py:161} INFO - Started process (PID=2570) to work on /opt/airflow/dags/sdp_pipeline_dag.py
[2026-07-15T13:36:06.308+0000] {processor.py:830} INFO - Processing file /opt/airflow/dags/sdp_pipeline_dag.py for tasks to queue
[2026-07-15T13:36:06.310+0000] {logging_mixin.py:188} INFO - [2026-07-15T13:36:06.310+0000] {dagbag.py:540} INFO - Filling up the DagBag from /opt/airflow/dags/sdp_pipeline_dag.py
[2026-07-15T13:36:06.351+0000] {processor.py:840} INFO - DAG(s) 'e-commerce_kafka_streaming_pipeline_v1' retrieved from /opt/airflow/dags/sdp_pipeline_dag.py
[2026-07-15T13:36:06.402+0000] {logging_mixin.py:188} INFO - [2026-07-15T13:36:06.401+0000] {dag.py:3096} INFO - Sync 1 DAGs
[2026-07-15T13:36:06.446+0000] {logging_mixin.py:188} INFO - [2026-07-15T13:36:06.446+0000] {dag.py:3954} INFO - Setting next_dagrun for e-commerce_kafka_streaming_pipeline_v1 to 2026-07-15 13:00:00+00:00, run_after=2026-07-15 14:00:00+00:00
[2026-07-15T13:36:06.484+0000] {processor.py:183} INFO - Processing /opt/airflow/dags/sdp_pipeline_dag.py took 0.196 seconds
[2026-07-15T13:36:36.734+0000] {processor.py:161} INFO - Started process (PID=2595) to work on /opt/airflow/dags/sdp_pipeline_dag.py
[2026-07-15T13:36:36.737+0000] {processor.py:830} INFO - Processing file /opt/airflow/dags/sdp_pipeline_dag.py for tasks to queue
[2026-07-15T13:36:36.742+0000] {logging_mixin.py:188} INFO - [2026-07-15T13:36:36.741+0000] {dagbag.py:540} INFO - Filling up the DagBag from /opt/airflow/dags/sdp_pipeline_dag.py
[2026-07-15T13:36:36.785+0000] {processor.py:840} INFO - DAG(s) 'e-commerce_kafka_streaming_pipeline_v1' retrieved from /opt/airflow/dags/sdp_pipeline_dag.py
[2026-07-15T13:36:36.839+0000] {logging_mixin.py:188} INFO - [2026-07-15T13:36:36.839+0000] {dag.py:3096} INFO - Sync 1 DAGs
[2026-07-15T13:36:36.881+0000] {logging_mixin.py:188} INFO - [2026-07-15T13:36:36.881+0000] {dag.py:3954} INFO - Setting next_dagrun for e-commerce_kafka_streaming_pipeline_v1 to 2026-07-15 13:00:00+00:00, run_after=2026-07-15 14:00:00+00:00
[2026-07-15T13:36:36.914+0000] {processor.py:183} INFO - Processing /opt/airflow/dags/sdp_pipeline_dag.py took 0.198 seconds
[2026-07-15T13:37:07.044+0000] {processor.py:161} INFO - Started process (PID=2620) to work on /opt/airflow/dags/sdp_pipeline_dag.py
[2026-07-15T13:37:07.046+0000] {processor.py:830} INFO - Processing file /opt/airflow/dags/sdp_pipeline_dag.py for tasks to queue
[2026-07-15T13:37:07.049+0000] {logging_mixin.py:188} INFO - [2026-07-15T13:37:07.049+0000] {dagbag.py:540} INFO - Filling up the DagBag from /opt/airflow/dags/sdp_pipeline_dag.py
[2026-07-15T13:37:07.087+0000] {processor.py:840} INFO - DAG(s) 'e-commerce_kafka_streaming_pipeline_v1' retrieved from /opt/airflow/dags/sdp_pipeline_dag.py
[2026-07-15T13:37:07.136+0000] {logging_mixin.py:188} INFO - [2026-07-15T13:37:07.135+0000] {dag.py:3096} INFO - Sync 1 DAGs
[2026-07-15T13:37:07.196+0000] {logging_mixin.py:188} INFO - [2026-07-15T13:37:07.195+0000] {dag.py:3954} INFO - Setting next_dagrun for e-commerce_kafka_streaming_pipeline_v1 to 2026-07-15 13:00:00+00:00, run_after=2026-07-15 14:00:00+00:00
[2026-07-15T13:37:07.246+0000] {processor.py:183} INFO - Processing /opt/airflow/dags/sdp_pipeline_dag.py took 0.220 seconds
[2026-07-15T13:37:37.431+0000] {processor.py:161} INFO - Started process (PID=2645) to work on /opt/airflow/dags/sdp_pipeline_dag.py
[2026-07-15T13:37:37.434+0000] {processor.py:830} INFO - Processing file /opt/airflow/dags/sdp_pipeline_dag.py for tasks to queue
[2026-07-15T13:37:37.438+0000] {logging_mixin.py:188} INFO - [2026-07-15T13:37:37.437+0000] {dagbag.py:540} INFO - Filling up the DagBag from /opt/airflow/dags/sdp_pipeline_dag.py
[2026-07-15T13:37:37.501+0000] {processor.py:840} INFO - DAG(s) 'e-commerce_kafka_streaming_pipeline_v1' retrieved from /opt/airflow/dags/sdp_pipeline_dag.py
[2026-07-15T13:37:37.557+0000] {logging_mixin.py:188} INFO - [2026-07-15T13:37:37.556+0000] {dag.py:3096} INFO - Sync 1 DAGs
[2026-07-15T13:37:37.602+0000] {logging_mixin.py:188} INFO - [2026-07-15T13:37:37.601+0000] {dag.py:3954} INFO - Setting next_dagrun for e-commerce_kafka_streaming_pipeline_v1 to 2026-07-15 13:00:00+00:00, run_after=2026-07-15 14:00:00+00:00
[2026-07-15T13:37:37.635+0000] {processor.py:183} INFO - Processing /opt/airflow/dags/sdp_pipeline_dag.py took 0.228 seconds
[2026-07-15T13:38:07.749+0000] {processor.py:161} INFO - Started process (PID=2670) to work on /opt/airflow/dags/sdp_pipeline_dag.py
[2026-07-15T13:38:07.752+0000] {processor.py:830} INFO - Processing file /opt/airflow/dags/sdp_pipeline_dag.py for tasks to queue
[2026-07-15T13:38:07.755+0000] {logging_mixin.py:188} INFO - [2026-07-15T13:38:07.755+0000] {dagbag.py:540} INFO - Filling up the DagBag from /opt/airflow/dags/sdp_pipeline_dag.py
[2026-07-15T13:38:07.794+0000] {processor.py:840} INFO - DAG(s) 'e-commerce_kafka_streaming_pipeline_v1' retrieved from /opt/airflow/dags/sdp_pipeline_dag.py
[2026-07-15T13:38:07.850+0000] {logging_mixin.py:188} INFO - [2026-07-15T13:38:07.849+0000] {dag.py:3096} INFO - Sync 1 DAGs
[2026-07-15T13:38:07.890+0000] {logging_mixin.py:188} INFO - [2026-07-15T13:38:07.890+0000] {dag.py:3954} INFO - Setting next_dagrun for e-commerce_kafka_streaming_pipeline_v1 to 2026-07-15 13:00:00+00:00, run_after=2026-07-15 14:00:00+00:00
[2026-07-15T13:38:07.921+0000] {processor.py:183} INFO - Processing /opt/airflow/dags/sdp_pipeline_dag.py took 0.185 seconds
[2026-07-15T13:38:38.045+0000] {processor.py:161} INFO - Started process (PID=2695) to work on /opt/airflow/dags/sdp_pipeline_dag.py
[2026-07-15T13:38:38.048+0000] {processor.py:830} INFO - Processing file /opt/airflow/dags/sdp_pipeline_dag.py for tasks to queue
[2026-07-15T13:38:38.056+0000] {logging_mixin.py:188} INFO - [2026-07-15T13:38:38.051+0000] {dagbag.py:540} INFO - Filling up the DagBag from /opt/airflow/dags/sdp_pipeline_dag.py
[2026-07-15T13:38:38.093+0000] {processor.py:840} INFO - DAG(s) 'e-commerce_kafka_streaming_pipeline_v1' retrieved from /opt/airflow/dags/sdp_pipeline_dag.py
[2026-07-15T13:38:38.144+0000] {logging_mixin.py:188} INFO - [2026-07-15T13:38:38.144+0000] {dag.py:3096} INFO - Sync 1 DAGs
[2026-07-15T13:38:38.195+0000] {logging_mixin.py:188} INFO - [2026-07-15T13:38:38.194+0000] {dag.py:3954} INFO - Setting next_dagrun for e-commerce_kafka_streaming_pipeline_v1 to 2026-07-15 13:00:00+00:00, run_after=2026-07-15 14:00:00+00:00
[2026-07-15T13:38:38.235+0000] {processor.py:183} INFO - Processing /opt/airflow/dags/sdp_pipeline_dag.py took 0.203 seconds
[2026-07-15T13:39:08.542+0000] {processor.py:161} INFO - Started process (PID=2720) to work on /opt/airflow/dags/sdp_pipeline_dag.py
[2026-07-15T13:39:08.544+0000] {processor.py:830} INFO - Processing file /opt/airflow/dags/sdp_pipeline_dag.py for tasks to queue
[2026-07-15T13:39:08.547+0000] {logging_mixin.py:188} INFO - [2026-07-15T13:39:08.546+0000] {dagbag.py:540} INFO - Filling up the DagBag from /opt/airflow/dags/sdp_pipeline_dag.py
[2026-07-15T13:39:08.590+0000] {processor.py:840} INFO - DAG(s) 'e-commerce_kafka_streaming_pipeline_v1' retrieved from /opt/airflow/dags/sdp_pipeline_dag.py
[2026-07-15T13:39:08.639+0000] {logging_mixin.py:188} INFO - [2026-07-15T13:39:08.639+0000] {dag.py:3096} INFO - Sync 1 DAGs
[2026-07-15T13:39:08.682+0000] {logging_mixin.py:188} INFO - [2026-07-15T13:39:08.682+0000] {dag.py:3954} INFO - Setting next_dagrun for e-commerce_kafka_streaming_pipeline_v1 to 2026-07-15 13:00:00+00:00, run_after=2026-07-15 14:00:00+00:00
[2026-07-15T13:39:08.715+0000] {processor.py:183} INFO - Processing /opt/airflow/dags/sdp_pipeline_dag.py took 0.189 seconds
[2026-07-15T13:39:38.906+0000] {processor.py:161} INFO - Started process (PID=2745) to work on /opt/airflow/dags/sdp_pipeline_dag.py
[2026-07-15T13:39:38.909+0000] {processor.py:830} INFO - Processing file /opt/airflow/dags/sdp_pipeline_dag.py for tasks to queue
[2026-07-15T13:39:38.911+0000] {logging_mixin.py:188} INFO - [2026-07-15T13:39:38.911+0000] {dagbag.py:540} INFO - Filling up the DagBag from /opt/airflow/dags/sdp_pipeline_dag.py
[2026-07-15T13:39:38.950+0000] {processor.py:840} INFO - DAG(s) 'e-commerce_kafka_streaming_pipeline_v1' retrieved from /opt/airflow/dags/sdp_pipeline_dag.py
[2026-07-15T13:39:39.006+0000] {logging_mixin.py:188} INFO - [2026-07-15T13:39:39.006+0000] {dag.py:3096} INFO - Sync 1 DAGs
[2026-07-15T13:39:39.049+0000] {logging_mixin.py:188} INFO - [2026-07-15T13:39:39.048+0000] {dag.py:3954} INFO - Setting next_dagrun for e-commerce_kafka_streaming_pipeline_v1 to 2026-07-15 13:00:00+00:00, run_after=2026-07-15 14:00:00+00:00
[2026-07-15T13:39:39.081+0000] {processor.py:183} INFO - Processing /opt/airflow/dags/sdp_pipeline_dag.py took 0.187 seconds
[2026-07-15T13:40:09.337+0000] {processor.py:161} INFO - Started process (PID=2770) to work on /opt/airflow/dags/sdp_pipeline_dag.py
[2026-07-15T13:40:09.339+0000] {processor.py:830} INFO - Processing file /opt/airflow/dags/sdp_pipeline_dag.py for tasks to queue
[2026-07-15T13:40:09.343+0000] {logging_mixin.py:188} INFO - [2026-07-15T13:40:09.342+0000] {dagbag.py:540} INFO - Filling up the DagBag from /opt/airflow/dags/sdp_pipeline_dag.py
[2026-07-15T13:40:09.386+0000] {processor.py:840} INFO - DAG(s) 'e-commerce_kafka_streaming_pipeline_v1' retrieved from /opt/airflow/dags/sdp_pipeline_dag.py
[2026-07-15T13:40:09.454+0000] {logging_mixin.py:188} INFO - [2026-07-15T13:40:09.454+0000] {dag.py:3096} INFO - Sync 1 DAGs
[2026-07-15T13:40:09.509+0000] {logging_mixin.py:188} INFO - [2026-07-15T13:40:09.509+0000] {dag.py:3954} INFO - Setting next_dagrun for e-commerce_kafka_streaming_pipeline_v1 to 2026-07-15 13:00:00+00:00, run_after=2026-07-15 14:00:00+00:00
[2026-07-15T13:40:09.553+0000] {processor.py:183} INFO - Processing /opt/airflow/dags/sdp_pipeline_dag.py took 0.232 seconds
[2026-07-15T13:40:39.941+0000] {processor.py:161} INFO - Started process (PID=2795) to work on /opt/airflow/dags/sdp_pipeline_dag.py
[2026-07-15T13:40:39.944+0000] {processor.py:830} INFO - Processing file /opt/airflow/dags/sdp_pipeline_dag.py for tasks to queue
[2026-07-15T13:40:39.949+0000] {logging_mixin.py:188} INFO - [2026-07-15T13:40:39.948+0000] {dagbag.py:540} INFO - Filling up the DagBag from /opt/airflow/dags/sdp_pipeline_dag.py
[2026-07-15T13:40:40.008+0000] {processor.py:840} INFO - DAG(s) 'e-commerce_kafka_streaming_pipeline_v1' retrieved from /opt/airflow/dags/sdp_pipeline_dag.py
[2026-07-15T13:40:40.091+0000] {logging_mixin.py:188} INFO - [2026-07-15T13:40:40.090+0000] {dag.py:3096} INFO - Sync 1 DAGs
[2026-07-15T13:40:40.163+0000] {logging_mixin.py:188} INFO - [2026-07-15T13:40:40.162+0000] {dag.py:3954} INFO - Setting next_dagrun for e-commerce_kafka_streaming_pipeline_v1 to 2026-07-15 13:00:00+00:00, run_after=2026-07-15 14:00:00+00:00
[2026-07-15T13:40:40.231+0000] {processor.py:183} INFO - Processing /opt/airflow/dags/sdp_pipeline_dag.py took 0.304 seconds
[2026-07-15T13:41:10.328+0000] {processor.py:161} INFO - Started process (PID=2820) to work on /opt/airflow/dags/sdp_pipeline_dag.py
[2026-07-15T13:41:10.330+0000] {processor.py:830} INFO - Processing file /opt/airflow/dags/sdp_pipeline_dag.py for tasks to queue
[2026-07-15T13:41:10.332+0000] {logging_mixin.py:188} INFO - [2026-07-15T13:41:10.332+0000] {dagbag.py:540} INFO - Filling up the DagBag from /opt/airflow/dags/sdp_pipeline_dag.py
[2026-07-15T13:41:10.364+0000] {processor.py:840} INFO - DAG(s) 'e-commerce_kafka_streaming_pipeline_v1' retrieved from /opt/airflow/dags/sdp_pipeline_dag.py
[2026-07-15T13:41:10.407+0000] {logging_mixin.py:188} INFO - [2026-07-15T13:41:10.407+0000] {dag.py:3096} INFO - Sync 1 DAGs
[2026-07-15T13:41:10.447+0000] {logging_mixin.py:188} INFO - [2026-07-15T13:41:10.447+0000] {dag.py:3954} INFO - Setting next_dagrun for e-commerce_kafka_streaming_pipeline_v1 to 2026-07-15 13:00:00+00:00, run_after=2026-07-15 14:00:00+00:00
[2026-07-15T13:41:10.483+0000] {processor.py:183} INFO - Processing /opt/airflow/dags/sdp_pipeline_dag.py took 0.165 seconds
[2026-07-15T13:41:41.431+0000] {processor.py:161} INFO - Started process (PID=2845) to work on /opt/airflow/dags/sdp_pipeline_dag.py
[2026-07-15T13:41:41.437+0000] {processor.py:830} INFO - Processing file /opt/airflow/dags/sdp_pipeline_dag.py for tasks to queue
[2026-07-15T13:41:41.441+0000] {logging_mixin.py:188} INFO - [2026-07-15T13:41:41.440+0000] {dagbag.py:540} INFO - Filling up the DagBag from /opt/airflow/dags/sdp_pipeline_dag.py
[2026-07-15T13:41:41.504+0000] {processor.py:840} INFO - DAG(s) 'e-commerce_kafka_streaming_pipeline_v1' retrieved from /opt/airflow/dags/sdp_pipeline_dag.py
[2026-07-15T13:41:41.580+0000] {logging_mixin.py:188} INFO - [2026-07-15T13:41:41.580+0000] {dag.py:3096} INFO - Sync 1 DAGs
[2026-07-15T13:41:41.625+0000] {logging_mixin.py:188} INFO - [2026-07-15T13:41:41.624+0000] {dag.py:3954} INFO - Setting next_dagrun for e-commerce_kafka_streaming_pipeline_v1 to 2026-07-15 13:00:00+00:00, run_after=2026-07-15 14:00:00+00:00
[2026-07-15T13:41:41.656+0000] {processor.py:183} INFO - Processing /opt/airflow/dags/sdp_pipeline_dag.py took 0.252 seconds
[2026-07-15T13:42:12.477+0000] {processor.py:161} INFO - Started process (PID=2870) to work on /opt/airflow/dags/sdp_pipeline_dag.py
[2026-07-15T13:42:12.480+0000] {processor.py:830} INFO - Processing file /opt/airflow/dags/sdp_pipeline_dag.py for tasks to queue
[2026-07-15T13:42:12.484+0000] {logging_mixin.py:188} INFO - [2026-07-15T13:42:12.483+0000] {dagbag.py:540} INFO - Filling up the DagBag from /opt/airflow/dags/sdp_pipeline_dag.py
[2026-07-15T13:42:12.539+0000] {processor.py:840} INFO - DAG(s) 'e-commerce_kafka_streaming_pipeline_v1' retrieved from /opt/airflow/dags/sdp_pipeline_dag.py
[2026-07-15T13:42:12.605+0000] {logging_mixin.py:188} INFO - [2026-07-15T13:42:12.604+0000] {dag.py:3096} INFO - Sync 1 DAGs
[2026-07-15T13:42:12.659+0000] {logging_mixin.py:188} INFO - [2026-07-15T13:42:12.658+0000] {dag.py:3954} INFO - Setting next_dagrun for e-commerce_kafka_streaming_pipeline_v1 to 2026-07-15 13:00:00+00:00, run_after=2026-07-15 14:00:00+00:00
[2026-07-15T13:42:12.698+0000] {processor.py:183} INFO - Processing /opt/airflow/dags/sdp_pipeline_dag.py took 0.237 seconds
[2026-07-15T13:42:43.478+0000] {processor.py:161} INFO - Started process (PID=2895) to work on /opt/airflow/dags/sdp_pipeline_dag.py
[2026-07-15T13:42:43.481+0000] {processor.py:830} INFO - Processing file /opt/airflow/dags/sdp_pipeline_dag.py for tasks to queue
[2026-07-15T13:42:43.483+0000] {logging_mixin.py:188} INFO - [2026-07-15T13:42:43.482+0000] {dagbag.py:540} INFO - Filling up the DagBag from /opt/airflow/dags/sdp_pipeline_dag.py
[2026-07-15T13:42:43.527+0000] {processor.py:840} INFO - DAG(s) 'e-commerce_kafka_streaming_pipeline_v1' retrieved from /opt/airflow/dags/sdp_pipeline_dag.py
[2026-07-15T13:42:43.577+0000] {logging_mixin.py:188} INFO - [2026-07-15T13:42:43.577+0000] {dag.py:3096} INFO - Sync 1 DAGs
[2026-07-15T13:42:43.617+0000] {logging_mixin.py:188} INFO - [2026-07-15T13:42:43.617+0000] {dag.py:3954} INFO - Setting next_dagrun for e-commerce_kafka_streaming_pipeline_v1 to 2026-07-15 13:00:00+00:00, run_after=2026-07-15 14:00:00+00:00
[2026-07-15T13:42:43.647+0000] {processor.py:183} INFO - Processing /opt/airflow/dags/sdp_pipeline_dag.py took 0.184 seconds
[2026-07-15T13:43:13.786+0000] {processor.py:161} INFO - Started process (PID=2920) to work on /opt/airflow/dags/sdp_pipeline_dag.py
[2026-07-15T13:43:13.788+0000] {processor.py:830} INFO - Processing file /opt/airflow/dags/sdp_pipeline_dag.py for tasks to queue
[2026-07-15T13:43:13.791+0000] {logging_mixin.py:188} INFO - [2026-07-15T13:43:13.790+0000] {dagbag.py:540} INFO - Filling up the DagBag from /opt/airflow/dags/sdp_pipeline_dag.py
[2026-07-15T13:43:13.833+0000] {processor.py:840} INFO - DAG(s) 'e-commerce_kafka_streaming_pipeline_v1' retrieved from /opt/airflow/dags/sdp_pipeline_dag.py
[2026-07-15T13:43:13.887+0000] {logging_mixin.py:188} INFO - [2026-07-15T13:43:13.887+0000] {dag.py:3096} INFO - Sync 1 DAGs
[2026-07-15T13:43:13.931+0000] {logging_mixin.py:188} INFO - [2026-07-15T13:43:13.931+0000] {dag.py:3954} INFO - Setting next_dagrun for e-commerce_kafka_streaming_pipeline_v1 to 2026-07-15 13:00:00+00:00, run_after=2026-07-15 14:00:00+00:00
[2026-07-15T13:43:13.966+0000] {processor.py:183} INFO - Processing /opt/airflow/dags/sdp_pipeline_dag.py took 0.193 seconds
[2026-07-15T13:43:44.889+0000] {processor.py:161} INFO - Started process (PID=2945) to work on /opt/airflow/dags/sdp_pipeline_dag.py
[2026-07-15T13:43:44.891+0000] {processor.py:830} INFO - Processing file /opt/airflow/dags/sdp_pipeline_dag.py for tasks to queue
[2026-07-15T13:43:44.894+0000] {logging_mixin.py:188} INFO - [2026-07-15T13:43:44.893+0000] {dagbag.py:540} INFO - Filling up the DagBag from /opt/airflow/dags/sdp_pipeline_dag.py
[2026-07-15T13:43:44.936+0000] {processor.py:840} INFO - DAG(s) 'e-commerce_kafka_streaming_pipeline_v1' retrieved from /opt/airflow/dags/sdp_pipeline_dag.py
[2026-07-15T13:43:44.988+0000] {logging_mixin.py:188} INFO - [2026-07-15T13:43:44.988+0000] {dag.py:3096} INFO - Sync 1 DAGs
[2026-07-15T13:43:45.038+0000] {logging_mixin.py:188} INFO - [2026-07-15T13:43:45.038+0000] {dag.py:3954} INFO - Setting next_dagrun for e-commerce_kafka_streaming_pipeline_v1 to 2026-07-15 13:00:00+00:00, run_after=2026-07-15 14:00:00+00:00
[2026-07-15T13:43:45.085+0000] {processor.py:183} INFO - Processing /opt/airflow/dags/sdp_pipeline_dag.py took 0.209 seconds
[2026-07-15T13:44:15.871+0000] {processor.py:161} INFO - Started process (PID=2970) to work on /opt/airflow/dags/sdp_pipeline_dag.py
[2026-07-15T13:44:15.873+0000] {processor.py:830} INFO - Processing file /opt/airflow/dags/sdp_pipeline_dag.py for tasks to queue
[2026-07-15T13:44:15.875+0000] {logging_mixin.py:188} INFO - [2026-07-15T13:44:15.875+0000] {dagbag.py:540} INFO - Filling up the DagBag from /opt/airflow/dags/sdp_pipeline_dag.py
[2026-07-15T13:44:15.920+0000] {processor.py:840} INFO - DAG(s) 'e-commerce_kafka_streaming_pipeline_v1' retrieved from /opt/airflow/dags/sdp_pipeline_dag.py
[2026-07-15T13:44:15.977+0000] {logging_mixin.py:188} INFO - [2026-07-15T13:44:15.976+0000] {dag.py:3096} INFO - Sync 1 DAGs
[2026-07-15T13:44:16.017+0000] {logging_mixin.py:188} INFO - [2026-07-15T13:44:16.017+0000] {dag.py:3954} INFO - Setting next_dagrun for e-commerce_kafka_streaming_pipeline_v1 to 2026-07-15 13:00:00+00:00, run_after=2026-07-15 14:00:00+00:00
[2026-07-15T13:44:16.053+0000] {processor.py:183} INFO - Processing /opt/airflow/dags/sdp_pipeline_dag.py took 0.192 seconds
[2026-07-15T13:44:46.327+0000] {processor.py:161} INFO - Started process (PID=2995) to work on /opt/airflow/dags/sdp_pipeline_dag.py
[2026-07-15T13:44:46.329+0000] {processor.py:830} INFO - Processing file /opt/airflow/dags/sdp_pipeline_dag.py for tasks to queue
[2026-07-15T13:44:46.332+0000] {logging_mixin.py:188} INFO - [2026-07-15T13:44:46.331+0000] {dagbag.py:540} INFO - Filling up the DagBag from /opt/airflow/dags/sdp_pipeline_dag.py
[2026-07-15T13:44:46.372+0000] {processor.py:840} INFO - DAG(s) 'e-commerce_kafka_streaming_pipeline_v1' retrieved from /opt/airflow/dags/sdp_pipeline_dag.py
[2026-07-15T13:44:46.431+0000] {logging_mixin.py:188} INFO - [2026-07-15T13:44:46.431+0000] {dag.py:3096} INFO - Sync 1 DAGs
[2026-07-15T13:44:46.477+0000] {logging_mixin.py:188} INFO - [2026-07-15T13:44:46.476+0000] {dag.py:3954} INFO - Setting next_dagrun for e-commerce_kafka_streaming_pipeline_v1 to 2026-07-15 13:00:00+00:00, run_after=2026-07-15 14:00:00+00:00
[2026-07-15T13:44:46.511+0000] {processor.py:183} INFO - Processing /opt/airflow/dags/sdp_pipeline_dag.py took 0.197 seconds
[2026-07-15T13:45:16.638+0000] {processor.py:161} INFO - Started process (PID=3020) to work on /opt/airflow/dags/sdp_pipeline_dag.py
[2026-07-15T13:45:16.640+0000] {processor.py:830} INFO - Processing file /opt/airflow/dags/sdp_pipeline_dag.py for tasks to queue
[2026-07-15T13:45:16.643+0000] {logging_mixin.py:188} INFO - [2026-07-15T13:45:16.642+0000] {dagbag.py:540} INFO - Filling up the DagBag from /opt/airflow/dags/sdp_pipeline_dag.py
[2026-07-15T13:45:16.685+0000] {processor.py:840} INFO - DAG(s) 'e-commerce_kafka_streaming_pipeline_v1' retrieved from /opt/airflow/dags/sdp_pipeline_dag.py
[2026-07-15T13:45:16.745+0000] {logging_mixin.py:188} INFO - [2026-07-15T13:45:16.744+0000] {dag.py:3096} INFO - Sync 1 DAGs
[2026-07-15T13:45:16.788+0000] {logging_mixin.py:188} INFO - [2026-07-15T13:45:16.787+0000] {dag.py:3954} INFO - Setting next_dagrun for e-commerce_kafka_streaming_pipeline_v1 to 2026-07-15 13:00:00+00:00, run_after=2026-07-15 14:00:00+00:00
[2026-07-15T13:45:16.821+0000] {processor.py:183} INFO - Processing /opt/airflow/dags/sdp_pipeline_dag.py took 0.197 seconds
[2026-07-15T13:45:47.666+0000] {processor.py:161} INFO - Started process (PID=3045) to work on /opt/airflow/dags/sdp_pipeline_dag.py
[2026-07-15T13:45:47.668+0000] {processor.py:830} INFO - Processing file /opt/airflow/dags/sdp_pipeline_dag.py for tasks to queue
[2026-07-15T13:45:47.673+0000] {logging_mixin.py:188} INFO - [2026-07-15T13:45:47.672+0000] {dagbag.py:540} INFO - Filling up the DagBag from /opt/airflow/dags/sdp_pipeline_dag.py
[2026-07-15T13:45:47.709+0000] {processor.py:840} INFO - DAG(s) 'e-commerce_kafka_streaming_pipeline_v1' retrieved from /opt/airflow/dags/sdp_pipeline_dag.py
[2026-07-15T13:45:47.758+0000] {logging_mixin.py:188} INFO - [2026-07-15T13:45:47.757+0000] {dag.py:3096} INFO - Sync 1 DAGs
[2026-07-15T13:45:47.806+0000] {logging_mixin.py:188} INFO - [2026-07-15T13:45:47.805+0000] {dag.py:3954} INFO - Setting next_dagrun for e-commerce_kafka_streaming_pipeline_v1 to 2026-07-15 13:00:00+00:00, run_after=2026-07-15 14:00:00+00:00
[2026-07-15T13:45:47.847+0000] {processor.py:183} INFO - Processing /opt/airflow/dags/sdp_pipeline_dag.py took 0.191 seconds
[2026-07-15T13:46:18.421+0000] {processor.py:161} INFO - Started process (PID=3070) to work on /opt/airflow/dags/sdp_pipeline_dag.py
[2026-07-15T13:46:18.423+0000] {processor.py:830} INFO - Processing file /opt/airflow/dags/sdp_pipeline_dag.py for tasks to queue
[2026-07-15T13:46:18.425+0000] {logging_mixin.py:188} INFO - [2026-07-15T13:46:18.424+0000] {dagbag.py:540} INFO - Filling up the DagBag from /opt/airflow/dags/sdp_pipeline_dag.py
[2026-07-15T13:46:18.460+0000] {processor.py:840} INFO - DAG(s) 'e-commerce_kafka_streaming_pipeline_v1' retrieved from /opt/airflow/dags/sdp_pipeline_dag.py
[2026-07-15T13:46:18.507+0000] {logging_mixin.py:188} INFO - [2026-07-15T13:46:18.506+0000] {dag.py:3096} INFO - Sync 1 DAGs
[2026-07-15T13:46:18.548+0000] {logging_mixin.py:188} INFO - [2026-07-15T13:46:18.548+0000] {dag.py:3954} INFO - Setting next_dagrun for e-commerce_kafka_streaming_pipeline_v1 to 2026-07-15 13:00:00+00:00, run_after=2026-07-15 14:00:00+00:00
[2026-07-15T13:46:18.577+0000] {processor.py:183} INFO - Processing /opt/airflow/dags/sdp_pipeline_dag.py took 0.169 seconds
[2026-07-15T13:46:48.955+0000] {processor.py:161} INFO - Started process (PID=3095) to work on /opt/airflow/dags/sdp_pipeline_dag.py
[2026-07-15T13:46:48.957+0000] {processor.py:830} INFO - Processing file /opt/airflow/dags/sdp_pipeline_dag.py for tasks to queue
[2026-07-15T13:46:48.959+0000] {logging_mixin.py:188} INFO - [2026-07-15T13:46:48.958+0000] {dagbag.py:540} INFO - Filling up the DagBag from /opt/airflow/dags/sdp_pipeline_dag.py
[2026-07-15T13:46:48.991+0000] {processor.py:840} INFO - DAG(s) 'e-commerce_kafka_streaming_pipeline_v1' retrieved from /opt/airflow/dags/sdp_pipeline_dag.py
[2026-07-15T13:46:49.050+0000] {logging_mixin.py:188} INFO - [2026-07-15T13:46:49.050+0000] {dag.py:3096} INFO - Sync 1 DAGs
[2026-07-15T13:46:49.093+0000] {logging_mixin.py:188} INFO - [2026-07-15T13:46:49.093+0000] {dag.py:3954} INFO - Setting next_dagrun for e-commerce_kafka_streaming_pipeline_v1 to 2026-07-15 13:00:00+00:00, run_after=2026-07-15 14:00:00+00:00
[2026-07-15T13:46:49.114+0000] {processor.py:183} INFO - Processing /opt/airflow/dags/sdp_pipeline_dag.py took 0.166 seconds
[2026-07-15T14:09:23.690+0000] {processor.py:161} INFO - Started process (PID=202) to work on /opt/airflow/dags/sdp_pipeline_dag.py
[2026-07-15T14:09:23.693+0000] {processor.py:830} INFO - Processing file /opt/airflow/dags/sdp_pipeline_dag.py for tasks to queue
[2026-07-15T14:09:23.697+0000] {logging_mixin.py:188} INFO - [2026-07-15T14:09:23.697+0000] {dagbag.py:540} INFO - Filling up the DagBag from /opt/airflow/dags/sdp_pipeline_dag.py
[2026-07-15T14:09:23.742+0000] {processor.py:840} INFO - DAG(s) 'e-commerce_kafka_streaming_pipeline_v1' retrieved from /opt/airflow/dags/sdp_pipeline_dag.py
[2026-07-15T14:09:24.200+0000] {logging_mixin.py:188} INFO - [2026-07-15T14:09:24.200+0000] {dag.py:3096} INFO - Sync 1 DAGs
[2026-07-15T14:09:24.244+0000] {logging_mixin.py:188} INFO - [2026-07-15T14:09:24.243+0000] {dag.py:3954} INFO - Setting next_dagrun for e-commerce_kafka_streaming_pipeline_v1 to 2026-07-15 13:00:00+00:00, run_after=2026-07-15 14:00:00+00:00
[2026-07-15T14:09:24.275+0000] {processor.py:183} INFO - Processing /opt/airflow/dags/sdp_pipeline_dag.py took 0.600 seconds
[2026-07-15T14:09:54.430+0000] {processor.py:161} INFO - Started process (PID=227) to work on /opt/airflow/dags/sdp_pipeline_dag.py
[2026-07-15T14:09:54.431+0000] {processor.py:830} INFO - Processing file /opt/airflow/dags/sdp_pipeline_dag.py for tasks to queue
[2026-07-15T14:09:54.435+0000] {logging_mixin.py:188} INFO - [2026-07-15T14:09:54.434+0000] {dagbag.py:540} INFO - Filling up the DagBag from /opt/airflow/dags/sdp_pipeline_dag.py
[2026-07-15T14:09:54.461+0000] {processor.py:840} INFO - DAG(s) 'e-commerce_kafka_streaming_pipeline_v1' retrieved from /opt/airflow/dags/sdp_pipeline_dag.py
[2026-07-15T14:09:54.481+0000] {logging_mixin.py:188} INFO - [2026-07-15T14:09:54.481+0000] {dag.py:3096} INFO - Sync 1 DAGs
[2026-07-15T14:09:54.514+0000] {logging_mixin.py:188} INFO - [2026-07-15T14:09:54.514+0000] {dag.py:3954} INFO - Setting next_dagrun for e-commerce_kafka_streaming_pipeline_v1 to 2026-07-15 13:00:00+00:00, run_after=2026-07-15 14:00:00+00:00
[2026-07-15T14:09:54.540+0000] {processor.py:183} INFO - Processing /opt/airflow/dags/sdp_pipeline_dag.py took 0.119 seconds
[2026-07-15T14:10:24.926+0000] {processor.py:161} INFO - Started process (PID=260) to work on /opt/airflow/dags/sdp_pipeline_dag.py
[2026-07-15T14:10:24.928+0000] {processor.py:830} INFO - Processing file /opt/airflow/dags/sdp_pipeline_dag.py for tasks to queue
[2026-07-15T14:10:24.931+0000] {logging_mixin.py:188} INFO - [2026-07-15T14:10:24.930+0000] {dagbag.py:540} INFO - Filling up the DagBag from /opt/airflow/dags/sdp_pipeline_dag.py
[2026-07-15T14:10:24.963+0000] {processor.py:840} INFO - DAG(s) 'e-commerce_kafka_streaming_pipeline_v1' retrieved from /opt/airflow/dags/sdp_pipeline_dag.py
[2026-07-15T14:10:25.200+0000] {logging_mixin.py:188} INFO - [2026-07-15T14:10:25.199+0000] {dag.py:3096} INFO - Sync 1 DAGs
[2026-07-15T14:10:25.239+0000] {logging_mixin.py:188} INFO - [2026-07-15T14:10:25.239+0000] {dag.py:3954} INFO - Setting next_dagrun for e-commerce_kafka_streaming_pipeline_v1 to 2026-07-15 14:00:00+00:00, run_after=2026-07-15 15:00:00+00:00
[2026-07-15T14:10:25.277+0000] {processor.py:183} INFO - Processing /opt/airflow/dags/sdp_pipeline_dag.py took 0.362 seconds
[2026-07-15T14:10:55.550+0000] {processor.py:161} INFO - Started process (PID=309) to work on /opt/airflow/dags/sdp_pipeline_dag.py
[2026-07-15T14:10:55.553+0000] {processor.py:830} INFO - Processing file /opt/airflow/dags/sdp_pipeline_dag.py for tasks to queue
[2026-07-15T14:10:55.563+0000] {logging_mixin.py:188} INFO - [2026-07-15T14:10:55.559+0000] {dagbag.py:540} INFO - Filling up the DagBag from /opt/airflow/dags/sdp_pipeline_dag.py
[2026-07-15T14:10:55.640+0000] {processor.py:840} INFO - DAG(s) 'e-commerce_kafka_streaming_pipeline_v1' retrieved from /opt/airflow/dags/sdp_pipeline_dag.py
[2026-07-15T14:10:55.720+0000] {logging_mixin.py:188} INFO - [2026-07-15T14:10:55.719+0000] {dag.py:3096} INFO - Sync 1 DAGs
[2026-07-15T14:10:55.775+0000] {logging_mixin.py:188} INFO - [2026-07-15T14:10:55.774+0000] {dag.py:3954} INFO - Setting next_dagrun for e-commerce_kafka_streaming_pipeline_v1 to 2026-07-15 14:00:00+00:00, run_after=2026-07-15 15:00:00+00:00
[2026-07-15T14:10:55.839+0000] {processor.py:183} INFO - Processing /opt/airflow/dags/sdp_pipeline_dag.py took 0.340 seconds
[2026-07-15T14:11:26.539+0000] {processor.py:161} INFO - Started process (PID=334) to work on /opt/airflow/dags/sdp_pipeline_dag.py
[2026-07-15T14:11:26.546+0000] {processor.py:830} INFO - Processing file /opt/airflow/dags/sdp_pipeline_dag.py for tasks to queue
[2026-07-15T14:11:26.552+0000] {logging_mixin.py:188} INFO - [2026-07-15T14:11:26.551+0000] {dagbag.py:540} INFO - Filling up the DagBag from /opt/airflow/dags/sdp_pipeline_dag.py
[2026-07-15T14:11:26.591+0000] {processor.py:840} INFO - DAG(s) 'e-commerce_kafka_streaming_pipeline_v1' retrieved from /opt/airflow/dags/sdp_pipeline_dag.py
[2026-07-15T14:11:26.643+0000] {logging_mixin.py:188} INFO - [2026-07-15T14:11:26.642+0000] {dag.py:3096} INFO - Sync 1 DAGs
[2026-07-15T14:11:26.686+0000] {logging_mixin.py:188} INFO - [2026-07-15T14:11:26.686+0000] {dag.py:3954} INFO - Setting next_dagrun for e-commerce_kafka_streaming_pipeline_v1 to 2026-07-15 14:00:00+00:00, run_after=2026-07-15 15:00:00+00:00
[2026-07-15T14:11:26.722+0000] {processor.py:183} INFO - Processing /opt/airflow/dags/sdp_pipeline_dag.py took 0.194 seconds
[2026-07-15T14:11:57.131+0000] {processor.py:161} INFO - Started process (PID=359) to work on /opt/airflow/dags/sdp_pipeline_dag.py
[2026-07-15T14:11:57.133+0000] {processor.py:830} INFO - Processing file /opt/airflow/dags/sdp_pipeline_dag.py for tasks to queue
[2026-07-15T14:11:57.136+0000] {logging_mixin.py:188} INFO - [2026-07-15T14:11:57.135+0000] {dagbag.py:540} INFO - Filling up the DagBag from /opt/airflow/dags/sdp_pipeline_dag.py
[2026-07-15T14:11:57.155+0000] {processor.py:840} INFO - DAG(s) 'e-commerce_kafka_streaming_pipeline_v1' retrieved from /opt/airflow/dags/sdp_pipeline_dag.py
[2026-07-15T14:11:57.189+0000] {logging_mixin.py:188} INFO - [2026-07-15T14:11:57.189+0000] {dag.py:3096} INFO - Sync 1 DAGs
[2026-07-15T14:11:57.218+0000] {logging_mixin.py:188} INFO - [2026-07-15T14:11:57.218+0000] {dag.py:3954} INFO - Setting next_dagrun for e-commerce_kafka_streaming_pipeline_v1 to 2026-07-15 14:00:00+00:00, run_after=2026-07-15 15:00:00+00:00
[2026-07-15T14:11:57.242+0000] {processor.py:183} INFO - Processing /opt/airflow/dags/sdp_pipeline_dag.py took 0.118 seconds
[2026-07-15T14:12:27.738+0000] {processor.py:161} INFO - Started process (PID=384) to work on /opt/airflow/dags/sdp_pipeline_dag.py
[2026-07-15T14:12:27.740+0000] {processor.py:830} INFO - Processing file /opt/airflow/dags/sdp_pipeline_dag.py for tasks to queue
[2026-07-15T14:12:27.742+0000] {logging_mixin.py:188} INFO - [2026-07-15T14:12:27.742+0000] {dagbag.py:540} INFO - Filling up the DagBag from /opt/airflow/dags/sdp_pipeline_dag.py
[2026-07-15T14:12:27.763+0000] {processor.py:840} INFO - DAG(s) 'e-commerce_kafka_streaming_pipeline_v1' retrieved from /opt/airflow/dags/sdp_pipeline_dag.py
[2026-07-15T14:12:27.799+0000] {logging_mixin.py:188} INFO - [2026-07-15T14:12:27.799+0000] {dag.py:3096} INFO - Sync 1 DAGs
[2026-07-15T14:12:27.831+0000] {logging_mixin.py:188} INFO - [2026-07-15T14:12:27.831+0000] {dag.py:3954} INFO - Setting next_dagrun for e-commerce_kafka_streaming_pipeline_v1 to 2026-07-15 14:00:00+00:00, run_after=2026-07-15 15:00:00+00:00
[2026-07-15T14:12:27.864+0000] {processor.py:183} INFO - Processing /opt/airflow/dags/sdp_pipeline_dag.py took 0.134 seconds
[2026-07-15T14:12:58.264+0000] {processor.py:161} INFO - Started process (PID=423) to work on /opt/airflow/dags/sdp_pipeline_dag.py
[2026-07-15T14:12:58.266+0000] {processor.py:830} INFO - Processing file /opt/airflow/dags/sdp_pipeline_dag.py for tasks to queue
[2026-07-15T14:12:58.269+0000] {logging_mixin.py:188} INFO - [2026-07-15T14:12:58.269+0000] {dagbag.py:540} INFO - Filling up the DagBag from /opt/airflow/dags/sdp_pipeline_dag.py
[2026-07-15T14:12:58.300+0000] {processor.py:840} INFO - DAG(s) 'e-commerce_kafka_streaming_pipeline_v1' retrieved from /opt/airflow/dags/sdp_pipeline_dag.py
[2026-07-15T14:12:58.345+0000] {logging_mixin.py:188} INFO - [2026-07-15T14:12:58.345+0000] {dag.py:3096} INFO - Sync 1 DAGs
[2026-07-15T14:12:58.380+0000] {logging_mixin.py:188} INFO - [2026-07-15T14:12:58.379+0000] {dag.py:3954} INFO - Setting next_dagrun for e-commerce_kafka_streaming_pipeline_v1 to 2026-07-15 14:00:00+00:00, run_after=2026-07-15 15:00:00+00:00
[2026-07-15T14:12:58.407+0000] {processor.py:183} INFO - Processing /opt/airflow/dags/sdp_pipeline_dag.py took 0.151 seconds
[2026-07-15T14:13:29.127+0000] {processor.py:161} INFO - Started process (PID=448) to work on /opt/airflow/dags/sdp_pipeline_dag.py
[2026-07-15T14:13:29.128+0000] {processor.py:830} INFO - Processing file /opt/airflow/dags/sdp_pipeline_dag.py for tasks to queue
[2026-07-15T14:13:29.131+0000] {logging_mixin.py:188} INFO - [2026-07-15T14:13:29.130+0000] {dagbag.py:540} INFO - Filling up the DagBag from /opt/airflow/dags/sdp_pipeline_dag.py
[2026-07-15T14:13:29.155+0000] {processor.py:840} INFO - DAG(s) 'e-commerce_kafka_streaming_pipeline_v1' retrieved from /opt/airflow/dags/sdp_pipeline_dag.py
[2026-07-15T14:13:29.192+0000] {logging_mixin.py:188} INFO - [2026-07-15T14:13:29.192+0000] {dag.py:3096} INFO - Sync 1 DAGs
[2026-07-15T14:13:29.222+0000] {logging_mixin.py:188} INFO - [2026-07-15T14:13:29.222+0000] {dag.py:3954} INFO - Setting next_dagrun for e-commerce_kafka_streaming_pipeline_v1 to 2026-07-15 14:00:00+00:00, run_after=2026-07-15 15:00:00+00:00
[2026-07-15T14:13:29.247+0000] {processor.py:183} INFO - Processing /opt/airflow/dags/sdp_pipeline_dag.py took 0.130 seconds
[2026-07-15T14:13:59.702+0000] {processor.py:161} INFO - Started process (PID=473) to work on /opt/airflow/dags/sdp_pipeline_dag.py
[2026-07-15T14:13:59.703+0000] {processor.py:830} INFO - Processing file /opt/airflow/dags/sdp_pipeline_dag.py for tasks to queue
[2026-07-15T14:13:59.707+0000] {logging_mixin.py:188} INFO - [2026-07-15T14:13:59.706+0000] {dagbag.py:540} INFO - Filling up the DagBag from /opt/airflow/dags/sdp_pipeline_dag.py
[2026-07-15T14:13:59.734+0000] {processor.py:840} INFO - DAG(s) 'e-commerce_kafka_streaming_pipeline_v1' retrieved from /opt/airflow/dags/sdp_pipeline_dag.py
[2026-07-15T14:13:59.772+0000] {logging_mixin.py:188} INFO - [2026-07-15T14:13:59.772+0000] {dag.py:3096} INFO - Sync 1 DAGs
[2026-07-15T14:13:59.805+0000] {logging_mixin.py:188} INFO - [2026-07-15T14:13:59.805+0000] {dag.py:3954} INFO - Setting next_dagrun for e-commerce_kafka_streaming_pipeline_v1 to 2026-07-15 14:00:00+00:00, run_after=2026-07-15 15:00:00+00:00
[2026-07-15T14:13:59.829+0000] {processor.py:183} INFO - Processing /opt/airflow/dags/sdp_pipeline_dag.py took 0.136 seconds
[2026-07-15T14:14:30.581+0000] {processor.py:161} INFO - Started process (PID=500) to work on /opt/airflow/dags/sdp_pipeline_dag.py
[2026-07-15T14:14:30.582+0000] {processor.py:830} INFO - Processing file /opt/airflow/dags/sdp_pipeline_dag.py for tasks to queue
[2026-07-15T14:14:30.585+0000] {logging_mixin.py:188} INFO - [2026-07-15T14:14:30.584+0000] {dagbag.py:540} INFO - Filling up the DagBag from /opt/airflow/dags/sdp_pipeline_dag.py
[2026-07-15T14:14:30.605+0000] {processor.py:840} INFO - DAG(s) 'e-commerce_kafka_streaming_pipeline_v1' retrieved from /opt/airflow/dags/sdp_pipeline_dag.py
[2026-07-15T14:14:30.637+0000] {logging_mixin.py:188} INFO - [2026-07-15T14:14:30.637+0000] {dag.py:3096} INFO - Sync 1 DAGs
[2026-07-15T14:14:30.663+0000] {logging_mixin.py:188} INFO - [2026-07-15T14:14:30.663+0000] {dag.py:3954} INFO - Setting next_dagrun for e-commerce_kafka_streaming_pipeline_v1 to 2026-07-15 14:00:00+00:00, run_after=2026-07-15 15:00:00+00:00
[2026-07-15T14:14:30.686+0000] {processor.py:183} INFO - Processing /opt/airflow/dags/sdp_pipeline_dag.py took 0.114 seconds
[2026-07-15T14:15:01.157+0000] {processor.py:161} INFO - Started process (PID=527) to work on /opt/airflow/dags/sdp_pipeline_dag.py
[2026-07-15T14:15:01.161+0000] {processor.py:830} INFO - Processing file /opt/airflow/dags/sdp_pipeline_dag.py for tasks to queue
[2026-07-15T14:15:01.163+0000] {logging_mixin.py:188} INFO - [2026-07-15T14:15:01.163+0000] {dagbag.py:540} INFO - Filling up the DagBag from /opt/airflow/dags/sdp_pipeline_dag.py
[2026-07-15T14:15:01.182+0000] {processor.py:840} INFO - DAG(s) 'e-commerce_kafka_streaming_pipeline_v1' retrieved from /opt/airflow/dags/sdp_pipeline_dag.py
[2026-07-15T14:15:01.209+0000] {logging_mixin.py:188} INFO - [2026-07-15T14:15:01.209+0000] {dag.py:3096} INFO - Sync 1 DAGs
[2026-07-15T14:15:01.235+0000] {logging_mixin.py:188} INFO - [2026-07-15T14:15:01.235+0000] {dag.py:3954} INFO - Setting next_dagrun for e-commerce_kafka_streaming_pipeline_v1 to 2026-07-15 14:00:00+00:00, run_after=2026-07-15 15:00:00+00:00
[2026-07-15T14:15:01.257+0000] {processor.py:183} INFO - Processing /opt/airflow/dags/sdp_pipeline_dag.py took 0.107 seconds
[2026-07-15T14:15:31.656+0000] {processor.py:161} INFO - Started process (PID=552) to work on /opt/airflow/dags/sdp_pipeline_dag.py
[2026-07-15T14:15:31.657+0000] {processor.py:830} INFO - Processing file /opt/airflow/dags/sdp_pipeline_dag.py for tasks to queue
[2026-07-15T14:15:31.660+0000] {logging_mixin.py:188} INFO - [2026-07-15T14:15:31.659+0000] {dagbag.py:540} INFO - Filling up the DagBag from /opt/airflow/dags/sdp_pipeline_dag.py
[2026-07-15T14:15:31.680+0000] {processor.py:840} INFO - DAG(s) 'e-commerce_kafka_streaming_pipeline_v1' retrieved from /opt/airflow/dags/sdp_pipeline_dag.py
[2026-07-15T14:15:31.710+0000] {logging_mixin.py:188} INFO - [2026-07-15T14:15:31.710+0000] {dag.py:3096} INFO - Sync 1 DAGs
[2026-07-15T14:15:31.737+0000] {logging_mixin.py:188} INFO - [2026-07-15T14:15:31.736+0000] {dag.py:3954} INFO - Setting next_dagrun for e-commerce_kafka_streaming_pipeline_v1 to 2026-07-15 14:00:00+00:00, run_after=2026-07-15 15:00:00+00:00
[2026-07-15T14:15:31.758+0000] {processor.py:183} INFO - Processing /opt/airflow/dags/sdp_pipeline_dag.py took 0.109 seconds
[2026-07-15T14:16:02.250+0000] {processor.py:161} INFO - Started process (PID=577) to work on /opt/airflow/dags/sdp_pipeline_dag.py
[2026-07-15T14:16:02.252+0000] {processor.py:830} INFO - Processing file /opt/airflow/dags/sdp_pipeline_dag.py for tasks to queue
[2026-07-15T14:16:02.256+0000] {logging_mixin.py:188} INFO - [2026-07-15T14:16:02.254+0000] {dagbag.py:540} INFO - Filling up the DagBag from /opt/airflow/dags/sdp_pipeline_dag.py
[2026-07-15T14:16:02.282+0000] {processor.py:840} INFO - DAG(s) 'e-commerce_kafka_streaming_pipeline_v1' retrieved from /opt/airflow/dags/sdp_pipeline_dag.py
[2026-07-15T14:16:02.317+0000] {logging_mixin.py:188} INFO - [2026-07-15T14:16:02.317+0000] {dag.py:3096} INFO - Sync 1 DAGs
[2026-07-15T14:16:02.356+0000] {logging_mixin.py:188} INFO - [2026-07-15T14:16:02.356+0000] {dag.py:3954} INFO - Setting next_dagrun for e-commerce_kafka_streaming_pipeline_v1 to 2026-07-15 14:00:00+00:00, run_after=2026-07-15 15:00:00+00:00
[2026-07-15T14:16:02.385+0000] {processor.py:183} INFO - Processing /opt/airflow/dags/sdp_pipeline_dag.py took 0.141 seconds
[2026-07-15T14:16:32.919+0000] {processor.py:161} INFO - Started process (PID=602) to work on /opt/airflow/dags/sdp_pipeline_dag.py
[2026-07-15T14:16:32.920+0000] {processor.py:830} INFO - Processing file /opt/airflow/dags/sdp_pipeline_dag.py for tasks to queue
[2026-07-15T14:16:32.925+0000] {logging_mixin.py:188} INFO - [2026-07-15T14:16:32.924+0000] {dagbag.py:540} INFO - Filling up the DagBag from /opt/airflow/dags/sdp_pipeline_dag.py
[2026-07-15T14:16:32.945+0000] {processor.py:840} INFO - DAG(s) 'e-commerce_kafka_streaming_pipeline_v1' retrieved from /opt/airflow/dags/sdp_pipeline_dag.py
[2026-07-15T14:16:32.972+0000] {logging_mixin.py:188} INFO - [2026-07-15T14:16:32.972+0000] {dag.py:3096} INFO - Sync 1 DAGs
[2026-07-15T14:16:32.993+0000] {logging_mixin.py:188} INFO - [2026-07-15T14:16:32.993+0000] {dag.py:3954} INFO - Setting next_dagrun for e-commerce_kafka_streaming_pipeline_v1 to 2026-07-15 14:00:00+00:00, run_after=2026-07-15 15:00:00+00:00
[2026-07-15T14:16:33.015+0000] {processor.py:183} INFO - Processing /opt/airflow/dags/sdp_pipeline_dag.py took 0.103 seconds
[2026-07-15T14:17:03.532+0000] {processor.py:161} INFO - Started process (PID=629) to work on /opt/airflow/dags/sdp_pipeline_dag.py
[2026-07-15T14:17:03.533+0000] {processor.py:830} INFO - Processing file /opt/airflow/dags/sdp_pipeline_dag.py for tasks to queue
[2026-07-15T14:17:03.536+0000] {logging_mixin.py:188} INFO - [2026-07-15T14:17:03.536+0000] {dagbag.py:540} INFO - Filling up the DagBag from /opt/airflow/dags/sdp_pipeline_dag.py
[2026-07-15T14:17:03.558+0000] {processor.py:840} INFO - DAG(s) 'e-commerce_kafka_streaming_pipeline_v1' retrieved from /opt/airflow/dags/sdp_pipeline_dag.py
[2026-07-15T14:17:03.589+0000] {logging_mixin.py:188} INFO - [2026-07-15T14:17:03.589+0000] {dag.py:3096} INFO - Sync 1 DAGs
[2026-07-15T14:17:03.616+0000] {logging_mixin.py:188} INFO - [2026-07-15T14:17:03.615+0000] {dag.py:3954} INFO - Setting next_dagrun for e-commerce_kafka_streaming_pipeline_v1 to 2026-07-15 14:00:00+00:00, run_after=2026-07-15 15:00:00+00:00
[2026-07-15T14:17:03.650+0000] {processor.py:183} INFO - Processing /opt/airflow/dags/sdp_pipeline_dag.py took 0.124 seconds
[2026-07-15T14:17:34.159+0000] {processor.py:161} INFO - Started process (PID=654) to work on /opt/airflow/dags/sdp_pipeline_dag.py
[2026-07-15T14:17:34.161+0000] {processor.py:830} INFO - Processing file /opt/airflow/dags/sdp_pipeline_dag.py for tasks to queue
[2026-07-15T14:17:34.163+0000] {logging_mixin.py:188} INFO - [2026-07-15T14:17:34.163+0000] {dagbag.py:540} INFO - Filling up the DagBag from /opt/airflow/dags/sdp_pipeline_dag.py
[2026-07-15T14:17:34.182+0000] {processor.py:840} INFO - DAG(s) 'e-commerce_kafka_streaming_pipeline_v1' retrieved from /opt/airflow/dags/sdp_pipeline_dag.py
[2026-07-15T14:17:34.210+0000] {logging_mixin.py:188} INFO - [2026-07-15T14:17:34.210+0000] {dag.py:3096} INFO - Sync 1 DAGs
[2026-07-15T14:17:34.233+0000] {logging_mixin.py:188} INFO - [2026-07-15T14:17:34.232+0000] {dag.py:3954} INFO - Setting next_dagrun for e-commerce_kafka_streaming_pipeline_v1 to 2026-07-15 14:00:00+00:00, run_after=2026-07-15 15:00:00+00:00
[2026-07-15T14:17:34.257+0000] {processor.py:183} INFO - Processing /opt/airflow/dags/sdp_pipeline_dag.py took 0.104 seconds
[2026-07-15T14:18:04.684+0000] {processor.py:161} INFO - Started process (PID=679) to work on /opt/airflow/dags/sdp_pipeline_dag.py
[2026-07-15T14:18:04.685+0000] {processor.py:830} INFO - Processing file /opt/airflow/dags/sdp_pipeline_dag.py for tasks to queue
[2026-07-15T14:18:04.688+0000] {logging_mixin.py:188} INFO - [2026-07-15T14:18:04.687+0000] {dagbag.py:540} INFO - Filling up the DagBag from /opt/airflow/dags/sdp_pipeline_dag.py
[2026-07-15T14:18:04.705+0000] {processor.py:840} INFO - DAG(s) 'e-commerce_kafka_streaming_pipeline_v1' retrieved from /opt/airflow/dags/sdp_pipeline_dag.py
[2026-07-15T14:18:04.733+0000] {logging_mixin.py:188} INFO - [2026-07-15T14:18:04.733+0000] {dag.py:3096} INFO - Sync 1 DAGs
[2026-07-15T14:18:04.755+0000] {logging_mixin.py:188} INFO - [2026-07-15T14:18:04.755+0000] {dag.py:3954} INFO - Setting next_dagrun for e-commerce_kafka_streaming_pipeline_v1 to 2026-07-15 14:00:00+00:00, run_after=2026-07-15 15:00:00+00:00
[2026-07-15T14:18:04.778+0000] {processor.py:183} INFO - Processing /opt/airflow/dags/sdp_pipeline_dag.py took 0.102 seconds
[2026-07-15T14:18:35.237+0000] {processor.py:161} INFO - Started process (PID=704) to work on /opt/airflow/dags/sdp_pipeline_dag.py
[2026-07-15T14:18:35.238+0000] {processor.py:830} INFO - Processing file /opt/airflow/dags/sdp_pipeline_dag.py for tasks to queue
[2026-07-15T14:18:35.241+0000] {logging_mixin.py:188} INFO - [2026-07-15T14:18:35.240+0000] {dagbag.py:540} INFO - Filling up the DagBag from /opt/airflow/dags/sdp_pipeline_dag.py
[2026-07-15T14:18:35.259+0000] {processor.py:840} INFO - DAG(s) 'e-commerce_kafka_streaming_pipeline_v1' retrieved from /opt/airflow/dags/sdp_pipeline_dag.py
[2026-07-15T14:18:35.287+0000] {logging_mixin.py:188} INFO - [2026-07-15T14:18:35.287+0000] {dag.py:3096} INFO - Sync 1 DAGs
[2026-07-15T14:18:35.314+0000] {logging_mixin.py:188} INFO - [2026-07-15T14:18:35.314+0000] {dag.py:3954} INFO - Setting next_dagrun for e-commerce_kafka_streaming_pipeline_v1 to 2026-07-15 14:00:00+00:00, run_after=2026-07-15 15:00:00+00:00
[2026-07-15T14:18:35.336+0000] {processor.py:183} INFO - Processing /opt/airflow/dags/sdp_pipeline_dag.py took 0.107 seconds
[2026-07-15T14:19:05.733+0000] {processor.py:161} INFO - Started process (PID=729) to work on /opt/airflow/dags/sdp_pipeline_dag.py
[2026-07-15T14:19:05.734+0000] {processor.py:830} INFO - Processing file /opt/airflow/dags/sdp_pipeline_dag.py for tasks to queue
[2026-07-15T14:19:05.737+0000] {logging_mixin.py:188} INFO - [2026-07-15T14:19:05.736+0000] {dagbag.py:540} INFO - Filling up the DagBag from /opt/airflow/dags/sdp_pipeline_dag.py
[2026-07-15T14:19:05.754+0000] {processor.py:840} INFO - DAG(s) 'e-commerce_kafka_streaming_pipeline_v1' retrieved from /opt/airflow/dags/sdp_pipeline_dag.py
[2026-07-15T14:19:05.782+0000] {logging_mixin.py:188} INFO - [2026-07-15T14:19:05.782+0000] {dag.py:3096} INFO - Sync 1 DAGs
[2026-07-15T14:19:05.805+0000] {logging_mixin.py:188} INFO - [2026-07-15T14:19:05.805+0000] {dag.py:3954} INFO - Setting next_dagrun for e-commerce_kafka_streaming_pipeline_v1 to 2026-07-15 14:00:00+00:00, run_after=2026-07-15 15:00:00+00:00
[2026-07-15T14:19:05.825+0000] {processor.py:183} INFO - Processing /opt/airflow/dags/sdp_pipeline_dag.py took 0.098 seconds
[2026-07-15T14:19:36.338+0000] {processor.py:161} INFO - Started process (PID=754) to work on /opt/airflow/dags/sdp_pipeline_dag.py
[2026-07-15T14:19:36.340+0000] {processor.py:830} INFO - Processing file /opt/airflow/dags/sdp_pipeline_dag.py for tasks to queue
[2026-07-15T14:19:36.343+0000] {logging_mixin.py:188} INFO - [2026-07-15T14:19:36.343+0000] {dagbag.py:540} INFO - Filling up the DagBag from /opt/airflow/dags/sdp_pipeline_dag.py
[2026-07-15T14:19:36.365+0000] {processor.py:840} INFO - DAG(s) 'e-commerce_kafka_streaming_pipeline_v1' retrieved from /opt/airflow/dags/sdp_pipeline_dag.py
[2026-07-15T14:19:36.393+0000] {logging_mixin.py:188} INFO - [2026-07-15T14:19:36.393+0000] {dag.py:3096} INFO - Sync 1 DAGs
[2026-07-15T14:19:36.427+0000] {logging_mixin.py:188} INFO - [2026-07-15T14:19:36.427+0000] {dag.py:3954} INFO - Setting next_dagrun for e-commerce_kafka_streaming_pipeline_v1 to 2026-07-15 14:00:00+00:00, run_after=2026-07-15 15:00:00+00:00
[2026-07-15T14:19:36.449+0000] {processor.py:183} INFO - Processing /opt/airflow/dags/sdp_pipeline_dag.py took 0.121 seconds
[2026-07-15T14:20:06.939+0000] {processor.py:161} INFO - Started process (PID=779) to work on /opt/airflow/dags/sdp_pipeline_dag.py
[2026-07-15T14:20:06.940+0000] {processor.py:830} INFO - Processing file /opt/airflow/dags/sdp_pipeline_dag.py for tasks to queue
[2026-07-15T14:20:06.942+0000] {logging_mixin.py:188} INFO - [2026-07-15T14:20:06.942+0000] {dagbag.py:540} INFO - Filling up the DagBag from /opt/airflow/dags/sdp_pipeline_dag.py
[2026-07-15T14:20:06.960+0000] {processor.py:840} INFO - DAG(s) 'e-commerce_kafka_streaming_pipeline_v1' retrieved from /opt/airflow/dags/sdp_pipeline_dag.py
[2026-07-15T14:20:06.991+0000] {logging_mixin.py:188} INFO - [2026-07-15T14:20:06.991+0000] {dag.py:3096} INFO - Sync 1 DAGs
[2026-07-15T14:20:07.015+0000] {logging_mixin.py:188} INFO - [2026-07-15T14:20:07.015+0000] {dag.py:3954} INFO - Setting next_dagrun for e-commerce_kafka_streaming_pipeline_v1 to 2026-07-15 14:00:00+00:00, run_after=2026-07-15 15:00:00+00:00
[2026-07-15T14:20:07.039+0000] {processor.py:183} INFO - Processing /opt/airflow/dags/sdp_pipeline_dag.py took 0.106 seconds
[2026-07-15T14:20:37.540+0000] {processor.py:161} INFO - Started process (PID=821) to work on /opt/airflow/dags/sdp_pipeline_dag.py
[2026-07-15T14:20:37.542+0000] {processor.py:830} INFO - Processing file /opt/airflow/dags/sdp_pipeline_dag.py for tasks to queue
[2026-07-15T14:20:37.556+0000] {logging_mixin.py:188} INFO - [2026-07-15T14:20:37.555+0000] {dagbag.py:540} INFO - Filling up the DagBag from /opt/airflow/dags/sdp_pipeline_dag.py
[2026-07-15T14:20:37.632+0000] {processor.py:840} INFO - DAG(s) 'e-commerce_kafka_streaming_pipeline_v1' retrieved from /opt/airflow/dags/sdp_pipeline_dag.py
[2026-07-15T14:20:37.710+0000] {logging_mixin.py:188} INFO - [2026-07-15T14:20:37.709+0000] {dag.py:3096} INFO - Sync 1 DAGs
[2026-07-15T14:20:37.790+0000] {logging_mixin.py:188} INFO - [2026-07-15T14:20:37.790+0000] {dag.py:3954} INFO - Setting next_dagrun for e-commerce_kafka_streaming_pipeline_v1 to 2026-07-15 14:00:00+00:00, run_after=2026-07-15 15:00:00+00:00
[2026-07-15T14:20:37.830+0000] {processor.py:183} INFO - Processing /opt/airflow/dags/sdp_pipeline_dag.py took 0.310 seconds
[2026-07-15T14:21:08.379+0000] {processor.py:161} INFO - Started process (PID=846) to work on /opt/airflow/dags/sdp_pipeline_dag.py
[2026-07-15T14:21:08.384+0000] {processor.py:830} INFO - Processing file /opt/airflow/dags/sdp_pipeline_dag.py for tasks to queue
[2026-07-15T14:21:08.388+0000] {logging_mixin.py:188} INFO - [2026-07-15T14:21:08.388+0000] {dagbag.py:540} INFO - Filling up the DagBag from /opt/airflow/dags/sdp_pipeline_dag.py
[2026-07-15T14:21:08.430+0000] {processor.py:840} INFO - DAG(s) 'e-commerce_kafka_streaming_pipeline_v1' retrieved from /opt/airflow/dags/sdp_pipeline_dag.py
[2026-07-15T14:21:08.486+0000] {logging_mixin.py:188} INFO - [2026-07-15T14:21:08.485+0000] {dag.py:3096} INFO - Sync 1 DAGs
[2026-07-15T14:21:08.547+0000] {logging_mixin.py:188} INFO - [2026-07-15T14:21:08.546+0000] {dag.py:3954} INFO - Setting next_dagrun for e-commerce_kafka_streaming_pipeline_v1 to 2026-07-15 14:00:00+00:00, run_after=2026-07-15 15:00:00+00:00
[2026-07-15T14:21:08.592+0000] {processor.py:183} INFO - Processing /opt/airflow/dags/sdp_pipeline_dag.py took 0.221 seconds
[2026-07-15T14:21:39.186+0000] {processor.py:161} INFO - Started process (PID=871) to work on /opt/airflow/dags/sdp_pipeline_dag.py
[2026-07-15T14:21:39.187+0000] {processor.py:830} INFO - Processing file /opt/airflow/dags/sdp_pipeline_dag.py for tasks to queue
[2026-07-15T14:21:39.190+0000] {logging_mixin.py:188} INFO - [2026-07-15T14:21:39.190+0000] {dagbag.py:540} INFO - Filling up the DagBag from /opt/airflow/dags/sdp_pipeline_dag.py
[2026-07-15T14:21:39.211+0000] {processor.py:840} INFO - DAG(s) 'e-commerce_kafka_streaming_pipeline_v1' retrieved from /opt/airflow/dags/sdp_pipeline_dag.py
[2026-07-15T14:21:39.246+0000] {logging_mixin.py:188} INFO - [2026-07-15T14:21:39.245+0000] {dag.py:3096} INFO - Sync 1 DAGs
[2026-07-15T14:21:39.272+0000] {logging_mixin.py:188} INFO - [2026-07-15T14:21:39.272+0000] {dag.py:3954} INFO - Setting next_dagrun for e-commerce_kafka_streaming_pipeline_v1 to 2026-07-15 14:00:00+00:00, run_after=2026-07-15 15:00:00+00:00
[2026-07-15T14:21:39.294+0000] {processor.py:183} INFO - Processing /opt/airflow/dags/sdp_pipeline_dag.py took 0.115 seconds
[2026-07-15T14:22:09.914+0000] {processor.py:161} INFO - Started process (PID=910) to work on /opt/airflow/dags/sdp_pipeline_dag.py
[2026-07-15T14:22:09.917+0000] {processor.py:830} INFO - Processing file /opt/airflow/dags/sdp_pipeline_dag.py for tasks to queue
[2026-07-15T14:22:09.924+0000] {logging_mixin.py:188} INFO - [2026-07-15T14:22:09.923+0000] {dagbag.py:540} INFO - Filling up the DagBag from /opt/airflow/dags/sdp_pipeline_dag.py
[2026-07-15T14:22:09.978+0000] {processor.py:840} INFO - DAG(s) 'e-commerce_kafka_streaming_pipeline_v1' retrieved from /opt/airflow/dags/sdp_pipeline_dag.py
[2026-07-15T14:22:10.063+0000] {logging_mixin.py:188} INFO - [2026-07-15T14:22:10.062+0000] {dag.py:3096} INFO - Sync 1 DAGs
[2026-07-15T14:22:10.138+0000] {logging_mixin.py:188} INFO - [2026-07-15T14:22:10.138+0000] {dag.py:3954} INFO - Setting next_dagrun for e-commerce_kafka_streaming_pipeline_v1 to 2026-07-15 14:00:00+00:00, run_after=2026-07-15 15:00:00+00:00
[2026-07-15T14:22:10.237+0000] {processor.py:183} INFO - Processing /opt/airflow/dags/sdp_pipeline_dag.py took 0.358 seconds
[2026-07-15T14:22:40.521+0000] {processor.py:161} INFO - Started process (PID=935) to work on /opt/airflow/dags/sdp_pipeline_dag.py
[2026-07-15T14:22:40.524+0000] {processor.py:830} INFO - Processing file /opt/airflow/dags/sdp_pipeline_dag.py for tasks to queue
[2026-07-15T14:22:40.537+0000] {logging_mixin.py:188} INFO - [2026-07-15T14:22:40.533+0000] {dagbag.py:540} INFO - Filling up the DagBag from /opt/airflow/dags/sdp_pipeline_dag.py
[2026-07-15T14:22:40.598+0000] {processor.py:840} INFO - DAG(s) 'e-commerce_kafka_streaming_pipeline_v1' retrieved from /opt/airflow/dags/sdp_pipeline_dag.py
[2026-07-15T14:22:40.717+0000] {logging_mixin.py:188} INFO - [2026-07-15T14:22:40.716+0000] {dag.py:3096} INFO - Sync 1 DAGs
[2026-07-15T14:22:40.831+0000] {logging_mixin.py:188} INFO - [2026-07-15T14:22:40.830+0000] {dag.py:3954} INFO - Setting next_dagrun for e-commerce_kafka_streaming_pipeline_v1 to 2026-07-15 14:00:00+00:00, run_after=2026-07-15 15:00:00+00:00
[2026-07-15T14:22:40.917+0000] {processor.py:183} INFO - Processing /opt/airflow/dags/sdp_pipeline_dag.py took 0.430 seconds
[2026-07-15T14:23:11.257+0000] {processor.py:161} INFO - Started process (PID=960) to work on /opt/airflow/dags/sdp_pipeline_dag.py
[2026-07-15T14:23:11.260+0000] {processor.py:830} INFO - Processing file /opt/airflow/dags/sdp_pipeline_dag.py for tasks to queue
[2026-07-15T14:23:11.270+0000] {logging_mixin.py:188} INFO - [2026-07-15T14:23:11.269+0000] {dagbag.py:540} INFO - Filling up the DagBag from /opt/airflow/dags/sdp_pipeline_dag.py
[2026-07-15T14:23:11.312+0000] {processor.py:840} INFO - DAG(s) 'e-commerce_kafka_streaming_pipeline_v1' retrieved from /opt/airflow/dags/sdp_pipeline_dag.py
[2026-07-15T14:23:11.367+0000] {logging_mixin.py:188} INFO - [2026-07-15T14:23:11.367+0000] {dag.py:3096} INFO - Sync 1 DAGs
[2026-07-15T14:23:11.412+0000] {logging_mixin.py:188} INFO - [2026-07-15T14:23:11.412+0000] {dag.py:3954} INFO - Setting next_dagrun for e-commerce_kafka_streaming_pipeline_v1 to 2026-07-15 14:00:00+00:00, run_after=2026-07-15 15:00:00+00:00
[2026-07-15T14:23:11.445+0000] {processor.py:183} INFO - Processing /opt/airflow/dags/sdp_pipeline_dag.py took 0.225 seconds
[2026-07-15T14:23:41.851+0000] {processor.py:161} INFO - Started process (PID=985) to work on /opt/airflow/dags/sdp_pipeline_dag.py
[2026-07-15T14:23:41.855+0000] {processor.py:830} INFO - Processing file /opt/airflow/dags/sdp_pipeline_dag.py for tasks to queue
[2026-07-15T14:23:41.860+0000] {logging_mixin.py:188} INFO - [2026-07-15T14:23:41.860+0000] {dagbag.py:540} INFO - Filling up the DagBag from /opt/airflow/dags/sdp_pipeline_dag.py
[2026-07-15T14:23:41.910+0000] {processor.py:840} INFO - DAG(s) 'e-commerce_kafka_streaming_pipeline_v1' retrieved from /opt/airflow/dags/sdp_pipeline_dag.py
[2026-07-15T14:23:41.983+0000] {logging_mixin.py:188} INFO - [2026-07-15T14:23:41.982+0000] {dag.py:3096} INFO - Sync 1 DAGs
[2026-07-15T14:23:42.070+0000] {logging_mixin.py:188} INFO - [2026-07-15T14:23:42.070+0000] {dag.py:3954} INFO - Setting next_dagrun for e-commerce_kafka_streaming_pipeline_v1 to 2026-07-15 14:00:00+00:00, run_after=2026-07-15 15:00:00+00:00
[2026-07-15T14:23:42.126+0000] {processor.py:183} INFO - Processing /opt/airflow/dags/sdp_pipeline_dag.py took 0.295 seconds
[2026-07-15T14:24:12.814+0000] {processor.py:161} INFO - Started process (PID=1024) to work on /opt/airflow/dags/sdp_pipeline_dag.py
[2026-07-15T14:24:12.816+0000] {processor.py:830} INFO - Processing file /opt/airflow/dags/sdp_pipeline_dag.py for tasks to queue
[2026-07-15T14:24:12.820+0000] {logging_mixin.py:188} INFO - [2026-07-15T14:24:12.819+0000] {dagbag.py:540} INFO - Filling up the DagBag from /opt/airflow/dags/sdp_pipeline_dag.py
[2026-07-15T14:24:12.857+0000] {processor.py:840} INFO - DAG(s) 'e-commerce_kafka_streaming_pipeline_v1' retrieved from /opt/airflow/dags/sdp_pipeline_dag.py
[2026-07-15T14:24:12.903+0000] {logging_mixin.py:188} INFO - [2026-07-15T14:24:12.903+0000] {dag.py:3096} INFO - Sync 1 DAGs
[2026-07-15T14:24:12.943+0000] {logging_mixin.py:188} INFO - [2026-07-15T14:24:12.943+0000] {dag.py:3954} INFO - Setting next_dagrun for e-commerce_kafka_streaming_pipeline_v1 to 2026-07-15 14:00:00+00:00, run_after=2026-07-15 15:00:00+00:00
[2026-07-15T14:24:12.977+0000] {processor.py:183} INFO - Processing /opt/airflow/dags/sdp_pipeline_dag.py took 0.177 seconds
[2026-07-15T14:47:17.275+0000] {processor.py:161} INFO - Started process (PID=1049) to work on /opt/airflow/dags/sdp_pipeline_dag.py
[2026-07-15T14:47:17.289+0000] {processor.py:830} INFO - Processing file /opt/airflow/dags/sdp_pipeline_dag.py for tasks to queue
[2026-07-15T14:47:17.304+0000] {logging_mixin.py:188} INFO - [2026-07-15T14:47:17.304+0000] {dagbag.py:540} INFO - Filling up the DagBag from /opt/airflow/dags/sdp_pipeline_dag.py
[2026-07-15T14:47:17.519+0000] {processor.py:840} INFO - DAG(s) 'e-commerce_kafka_streaming_pipeline_v1' retrieved from /opt/airflow/dags/sdp_pipeline_dag.py
[2026-07-15T14:47:17.624+0000] {logging_mixin.py:188} INFO - [2026-07-15T14:47:17.623+0000] {dag.py:3096} INFO - Sync 1 DAGs
[2026-07-15T14:47:17.767+0000] {logging_mixin.py:188} INFO - [2026-07-15T14:47:17.766+0000] {dag.py:3954} INFO - Setting next_dagrun for e-commerce_kafka_streaming_pipeline_v1 to 2026-07-15 14:00:00+00:00, run_after=2026-07-15 15:00:00+00:00
[2026-07-15T14:47:17.880+0000] {processor.py:183} INFO - Processing /opt/airflow/dags/sdp_pipeline_dag.py took 0.655 seconds
[2026-07-15T15:14:24.451+0000] {processor.py:161} INFO - Started process (PID=1079) to work on /opt/airflow/dags/sdp_pipeline_dag.py
[2026-07-15T15:14:24.457+0000] {processor.py:830} INFO - Processing file /opt/airflow/dags/sdp_pipeline_dag.py for tasks to queue
[2026-07-15T15:14:24.464+0000] {logging_mixin.py:188} INFO - [2026-07-15T15:14:24.464+0000] {dagbag.py:540} INFO - Filling up the DagBag from /opt/airflow/dags/sdp_pipeline_dag.py
[2026-07-15T15:14:24.530+0000] {processor.py:840} INFO - DAG(s) 'e-commerce_kafka_streaming_pipeline_v1' retrieved from /opt/airflow/dags/sdp_pipeline_dag.py
[2026-07-15T15:14:24.612+0000] {logging_mixin.py:188} INFO - [2026-07-15T15:14:24.611+0000] {dag.py:3096} INFO - Sync 1 DAGs
[2026-07-15T15:14:24.705+0000] {logging_mixin.py:188} INFO - [2026-07-15T15:14:24.704+0000] {dag.py:3954} INFO - Setting next_dagrun for e-commerce_kafka_streaming_pipeline_v1 to 2026-07-15 15:00:00+00:00, run_after=2026-07-15 16:00:00+00:00
[2026-07-15T15:14:24.810+0000] {processor.py:183} INFO - Processing /opt/airflow/dags/sdp_pipeline_dag.py took 0.377 seconds
[2026-07-15T15:14:55.517+0000] {processor.py:161} INFO - Started process (PID=1121) to work on /opt/airflow/dags/sdp_pipeline_dag.py
[2026-07-15T15:14:55.522+0000] {processor.py:830} INFO - Processing file /opt/airflow/dags/sdp_pipeline_dag.py for tasks to queue
[2026-07-15T15:14:55.529+0000] {logging_mixin.py:188} INFO - [2026-07-15T15:14:55.528+0000] {dagbag.py:540} INFO - Filling up the DagBag from /opt/airflow/dags/sdp_pipeline_dag.py
[2026-07-15T15:14:55.652+0000] {processor.py:840} INFO - DAG(s) 'e-commerce_kafka_streaming_pipeline_v1' retrieved from /opt/airflow/dags/sdp_pipeline_dag.py
[2026-07-15T15:14:56.082+0000] {logging_mixin.py:188} INFO - [2026-07-15T15:14:56.081+0000] {dag.py:3096} INFO - Sync 1 DAGs
[2026-07-15T15:14:56.270+0000] {logging_mixin.py:188} INFO - [2026-07-15T15:14:56.270+0000] {dag.py:3954} INFO - Setting next_dagrun for e-commerce_kafka_streaming_pipeline_v1 to 2026-07-15 15:00:00+00:00, run_after=2026-07-15 16:00:00+00:00
[2026-07-15T15:14:56.399+0000] {processor.py:183} INFO - Processing /opt/airflow/dags/sdp_pipeline_dag.py took 0.990 seconds
[2026-07-15T15:15:26.820+0000] {processor.py:161} INFO - Started process (PID=1146) to work on /opt/airflow/dags/sdp_pipeline_dag.py
[2026-07-15T15:15:26.829+0000] {processor.py:830} INFO - Processing file /opt/airflow/dags/sdp_pipeline_dag.py for tasks to queue
[2026-07-15T15:15:26.851+0000] {logging_mixin.py:188} INFO - [2026-07-15T15:15:26.848+0000] {dagbag.py:540} INFO - Filling up the DagBag from /opt/airflow/dags/sdp_pipeline_dag.py
[2026-07-15T15:15:27.011+0000] {processor.py:840} INFO - DAG(s) 'e-commerce_kafka_streaming_pipeline_v1' retrieved from /opt/airflow/dags/sdp_pipeline_dag.py
[2026-07-15T15:15:27.496+0000] {logging_mixin.py:188} INFO - [2026-07-15T15:15:27.492+0000] {dag.py:3096} INFO - Sync 1 DAGs
[2026-07-15T15:15:27.949+0000] {logging_mixin.py:188} INFO - [2026-07-15T15:15:27.949+0000] {dag.py:3954} INFO - Setting next_dagrun for e-commerce_kafka_streaming_pipeline_v1 to 2026-07-15 15:00:00+00:00, run_after=2026-07-15 16:00:00+00:00
[2026-07-15T15:15:28.362+0000] {processor.py:183} INFO - Processing /opt/airflow/dags/sdp_pipeline_dag.py took 1.600 seconds
[2026-07-15T15:15:58.851+0000] {processor.py:161} INFO - Started process (PID=1171) to work on /opt/airflow/dags/sdp_pipeline_dag.py
[2026-07-15T15:15:58.858+0000] {processor.py:830} INFO - Processing file /opt/airflow/dags/sdp_pipeline_dag.py for tasks to queue
[2026-07-15T15:15:58.884+0000] {logging_mixin.py:188} INFO - [2026-07-15T15:15:58.881+0000] {dagbag.py:540} INFO - Filling up the DagBag from /opt/airflow/dags/sdp_pipeline_dag.py
[2026-07-15T15:15:58.985+0000] {processor.py:840} INFO - DAG(s) 'e-commerce_kafka_streaming_pipeline_v1' retrieved from /opt/airflow/dags/sdp_pipeline_dag.py
[2026-07-15T15:15:59.111+0000] {logging_mixin.py:188} INFO - [2026-07-15T15:15:59.111+0000] {dag.py:3096} INFO - Sync 1 DAGs
[2026-07-15T15:15:59.212+0000] {logging_mixin.py:188} INFO - [2026-07-15T15:15:59.211+0000] {dag.py:3954} INFO - Setting next_dagrun for e-commerce_kafka_streaming_pipeline_v1 to 2026-07-15 15:00:00+00:00, run_after=2026-07-15 16:00:00+00:00
[2026-07-15T15:15:59.269+0000] {processor.py:183} INFO - Processing /opt/airflow/dags/sdp_pipeline_dag.py took 0.495 seconds
[2026-07-15T15:16:29.395+0000] {processor.py:161} INFO - Started process (PID=1202) to work on /opt/airflow/dags/sdp_pipeline_dag.py
[2026-07-15T15:16:29.397+0000] {processor.py:830} INFO - Processing file /opt/airflow/dags/sdp_pipeline_dag.py for tasks to queue
[2026-07-15T15:16:29.402+0000] {logging_mixin.py:188} INFO - [2026-07-15T15:16:29.401+0000] {dagbag.py:540} INFO - Filling up the DagBag from /opt/airflow/dags/sdp_pipeline_dag.py
[2026-07-15T15:16:29.436+0000] {processor.py:840} INFO - DAG(s) 'e-commerce_kafka_streaming_pipeline_v1' retrieved from /opt/airflow/dags/sdp_pipeline_dag.py
[2026-07-15T15:16:29.481+0000] {logging_mixin.py:188} INFO - [2026-07-15T15:16:29.481+0000] {dag.py:3096} INFO - Sync 1 DAGs
[2026-07-15T15:16:29.518+0000] {logging_mixin.py:188} INFO - [2026-07-15T15:16:29.518+0000] {dag.py:3954} INFO - Setting next_dagrun for e-commerce_kafka_streaming_pipeline_v1 to 2026-07-15 15:00:00+00:00, run_after=2026-07-15 16:00:00+00:00
[2026-07-15T15:16:29.548+0000] {processor.py:183} INFO - Processing /opt/airflow/dags/sdp_pipeline_dag.py took 0.171 seconds
[2026-07-15T15:16:59.677+0000] {processor.py:161} INFO - Started process (PID=1242) to work on /opt/airflow/dags/sdp_pipeline_dag.py
[2026-07-15T15:16:59.679+0000] {processor.py:830} INFO - Processing file /opt/airflow/dags/sdp_pipeline_dag.py for tasks to queue
[2026-07-15T15:16:59.682+0000] {logging_mixin.py:188} INFO - [2026-07-15T15:16:59.681+0000] {dagbag.py:540} INFO - Filling up the DagBag from /opt/airflow/dags/sdp_pipeline_dag.py
[2026-07-15T15:16:59.707+0000] {processor.py:840} INFO - DAG(s) 'e-commerce_kafka_streaming_pipeline_v1' retrieved from /opt/airflow/dags/sdp_pipeline_dag.py
[2026-07-15T15:16:59.744+0000] {logging_mixin.py:188} INFO - [2026-07-15T15:16:59.744+0000] {dag.py:3096} INFO - Sync 1 DAGs
[2026-07-15T15:16:59.780+0000] {logging_mixin.py:188} INFO - [2026-07-15T15:16:59.779+0000] {dag.py:3954} INFO - Setting next_dagrun for e-commerce_kafka_streaming_pipeline_v1 to 2026-07-15 15:00:00+00:00, run_after=2026-07-15 16:00:00+00:00
[2026-07-15T15:16:59.811+0000] {processor.py:183} INFO - Processing /opt/airflow/dags/sdp_pipeline_dag.py took 0.142 seconds
[2026-07-15T15:17:30.113+0000] {processor.py:161} INFO - Started process (PID=1267) to work on /opt/airflow/dags/sdp_pipeline_dag.py
[2026-07-15T15:17:30.117+0000] {processor.py:830} INFO - Processing file /opt/airflow/dags/sdp_pipeline_dag.py for tasks to queue
[2026-07-15T15:17:30.127+0000] {logging_mixin.py:188} INFO - [2026-07-15T15:17:30.126+0000] {dagbag.py:540} INFO - Filling up the DagBag from /opt/airflow/dags/sdp_pipeline_dag.py
[2026-07-15T15:17:30.226+0000] {processor.py:840} INFO - DAG(s) 'e-commerce_kafka_streaming_pipeline_v1' retrieved from /opt/airflow/dags/sdp_pipeline_dag.py
[2026-07-15T15:17:30.315+0000] {logging_mixin.py:188} INFO - [2026-07-15T15:17:30.314+0000] {dag.py:3096} INFO - Sync 1 DAGs
[2026-07-15T15:17:30.383+0000] {logging_mixin.py:188} INFO - [2026-07-15T15:17:30.383+0000] {dag.py:3954} INFO - Setting next_dagrun for e-commerce_kafka_streaming_pipeline_v1 to 2026-07-15 15:00:00+00:00, run_after=2026-07-15 16:00:00+00:00
[2026-07-15T15:17:30.434+0000] {processor.py:183} INFO - Processing /opt/airflow/dags/sdp_pipeline_dag.py took 0.339 seconds
[2026-07-15T15:18:00.836+0000] {processor.py:161} INFO - Started process (PID=1292) to work on /opt/airflow/dags/sdp_pipeline_dag.py
[2026-07-15T15:18:00.846+0000] {processor.py:830} INFO - Processing file /opt/airflow/dags/sdp_pipeline_dag.py for tasks to queue
[2026-07-15T15:18:00.862+0000] {logging_mixin.py:188} INFO - [2026-07-15T15:18:00.861+0000] {dagbag.py:540} INFO - Filling up the DagBag from /opt/airflow/dags/sdp_pipeline_dag.py
[2026-07-15T15:18:00.964+0000] {processor.py:840} INFO - DAG(s) 'e-commerce_kafka_streaming_pipeline_v1' retrieved from /opt/airflow/dags/sdp_pipeline_dag.py
[2026-07-15T15:18:01.073+0000] {logging_mixin.py:188} INFO - [2026-07-15T15:18:01.073+0000] {dag.py:3096} INFO - Sync 1 DAGs
[2026-07-15T15:18:01.154+0000] {logging_mixin.py:188} INFO - [2026-07-15T15:18:01.153+0000] {dag.py:3954} INFO - Setting next_dagrun for e-commerce_kafka_streaming_pipeline_v1 to 2026-07-15 15:00:00+00:00, run_after=2026-07-15 16:00:00+00:00
[2026-07-15T15:18:01.213+0000] {processor.py:183} INFO - Processing /opt/airflow/dags/sdp_pipeline_dag.py took 0.425 seconds
[2026-07-15T15:18:31.327+0000] {processor.py:161} INFO - Started process (PID=1317) to work on /opt/airflow/dags/sdp_pipeline_dag.py
[2026-07-15T15:18:31.331+0000] {processor.py:830} INFO - Processing file /opt/airflow/dags/sdp_pipeline_dag.py for tasks to queue
[2026-07-15T15:18:31.335+0000] {logging_mixin.py:188} INFO - [2026-07-15T15:18:31.335+0000] {dagbag.py:540} INFO - Filling up the DagBag from /opt/airflow/dags/sdp_pipeline_dag.py
[2026-07-15T15:18:31.384+0000] {processor.py:840} INFO - DAG(s) 'e-commerce_kafka_streaming_pipeline_v1' retrieved from /opt/airflow/dags/sdp_pipeline_dag.py
[2026-07-15T15:18:31.440+0000] {logging_mixin.py:188} INFO - [2026-07-15T15:18:31.439+0000] {dag.py:3096} INFO - Sync 1 DAGs
[2026-07-15T15:18:31.492+0000] {logging_mixin.py:188} INFO - [2026-07-15T15:18:31.492+0000] {dag.py:3954} INFO - Setting next_dagrun for e-commerce_kafka_streaming_pipeline_v1 to 2026-07-15 15:00:00+00:00, run_after=2026-07-15 16:00:00+00:00
[2026-07-15T15:18:31.532+0000] {processor.py:183} INFO - Processing /opt/airflow/dags/sdp_pipeline_dag.py took 0.224 seconds
[2026-07-15T15:19:02.049+0000] {processor.py:161} INFO - Started process (PID=1355) to work on /opt/airflow/dags/sdp_pipeline_dag.py
[2026-07-15T15:19:02.052+0000] {processor.py:830} INFO - Processing file /opt/airflow/dags/sdp_pipeline_dag.py for tasks to queue
[2026-07-15T15:19:02.064+0000] {logging_mixin.py:188} INFO - [2026-07-15T15:19:02.060+0000] {dagbag.py:540} INFO - Filling up the DagBag from /opt/airflow/dags/sdp_pipeline_dag.py
[2026-07-15T15:19:02.131+0000] {processor.py:840} INFO - DAG(s) 'e-commerce_kafka_streaming_pipeline_v1' retrieved from /opt/airflow/dags/sdp_pipeline_dag.py
[2026-07-15T15:19:02.272+0000] {logging_mixin.py:188} INFO - [2026-07-15T15:19:02.271+0000] {dag.py:3096} INFO - Sync 1 DAGs
[2026-07-15T15:19:02.347+0000] {logging_mixin.py:188} INFO - [2026-07-15T15:19:02.347+0000] {dag.py:3954} INFO - Setting next_dagrun for e-commerce_kafka_streaming_pipeline_v1 to 2026-07-15 15:00:00+00:00, run_after=2026-07-15 16:00:00+00:00
[2026-07-15T15:19:02.412+0000] {processor.py:183} INFO - Processing /opt/airflow/dags/sdp_pipeline_dag.py took 0.421 seconds
[2026-07-15T15:19:33.417+0000] {processor.py:161} INFO - Started process (PID=1380) to work on /opt/airflow/dags/sdp_pipeline_dag.py
[2026-07-15T15:19:33.420+0000] {processor.py:830} INFO - Processing file /opt/airflow/dags/sdp_pipeline_dag.py for tasks to queue
[2026-07-15T15:19:33.433+0000] {logging_mixin.py:188} INFO - [2026-07-15T15:19:33.431+0000] {dagbag.py:540} INFO - Filling up the DagBag from /opt/airflow/dags/sdp_pipeline_dag.py
[2026-07-15T15:19:33.493+0000] {processor.py:840} INFO - DAG(s) 'e-commerce_kafka_streaming_pipeline_v1' retrieved from /opt/airflow/dags/sdp_pipeline_dag.py
[2026-07-15T15:19:33.593+0000] {logging_mixin.py:188} INFO - [2026-07-15T15:19:33.592+0000] {dag.py:3096} INFO - Sync 1 DAGs
[2026-07-15T15:19:33.667+0000] {logging_mixin.py:188} INFO - [2026-07-15T15:19:33.667+0000] {dag.py:3954} INFO - Setting next_dagrun for e-commerce_kafka_streaming_pipeline_v1 to 2026-07-15 15:00:00+00:00, run_after=2026-07-15 16:00:00+00:00
[2026-07-15T15:19:33.719+0000] {processor.py:183} INFO - Processing /opt/airflow/dags/sdp_pipeline_dag.py took 0.323 seconds
[2026-07-15T15:20:04.162+0000] {processor.py:161} INFO - Started process (PID=1405) to work on /opt/airflow/dags/sdp_pipeline_dag.py
[2026-07-15T15:20:04.170+0000] {processor.py:830} INFO - Processing file /opt/airflow/dags/sdp_pipeline_dag.py for tasks to queue
[2026-07-15T15:20:04.182+0000] {logging_mixin.py:188} INFO - [2026-07-15T15:20:04.181+0000] {dagbag.py:540} INFO - Filling up the DagBag from /opt/airflow/dags/sdp_pipeline_dag.py
[2026-07-15T15:20:04.261+0000] {processor.py:840} INFO - DAG(s) 'e-commerce_kafka_streaming_pipeline_v1' retrieved from /opt/airflow/dags/sdp_pipeline_dag.py
[2026-07-15T15:20:04.366+0000] {logging_mixin.py:188} INFO - [2026-07-15T15:20:04.366+0000] {dag.py:3096} INFO - Sync 1 DAGs
[2026-07-15T15:20:04.449+0000] {logging_mixin.py:188} INFO - [2026-07-15T15:20:04.449+0000] {dag.py:3954} INFO - Setting next_dagrun for e-commerce_kafka_streaming_pipeline_v1 to 2026-07-15 15:00:00+00:00, run_after=2026-07-15 16:00:00+00:00
[2026-07-15T15:20:04.547+0000] {processor.py:183} INFO - Processing /opt/airflow/dags/sdp_pipeline_dag.py took 0.413 seconds
[2026-07-15T15:20:35.510+0000] {processor.py:161} INFO - Started process (PID=1430) to work on /opt/airflow/dags/sdp_pipeline_dag.py
[2026-07-15T15:20:35.514+0000] {processor.py:830} INFO - Processing file /opt/airflow/dags/sdp_pipeline_dag.py for tasks to queue
[2026-07-15T15:20:35.534+0000] {logging_mixin.py:188} INFO - [2026-07-15T15:20:35.533+0000] {dagbag.py:540} INFO - Filling up the DagBag from /opt/airflow/dags/sdp_pipeline_dag.py
[2026-07-15T15:20:35.680+0000] {processor.py:840} INFO - DAG(s) 'e-commerce_kafka_streaming_pipeline_v1' retrieved from /opt/airflow/dags/sdp_pipeline_dag.py
[2026-07-15T15:20:35.782+0000] {logging_mixin.py:188} INFO - [2026-07-15T15:20:35.781+0000] {dag.py:3096} INFO - Sync 1 DAGs
[2026-07-15T15:20:35.852+0000] {logging_mixin.py:188} INFO - [2026-07-15T15:20:35.851+0000] {dag.py:3954} INFO - Setting next_dagrun for e-commerce_kafka_streaming_pipeline_v1 to 2026-07-15 15:00:00+00:00, run_after=2026-07-15 16:00:00+00:00
[2026-07-15T15:20:35.901+0000] {processor.py:183} INFO - Processing /opt/airflow/dags/sdp_pipeline_dag.py took 0.429 seconds
[2026-07-15T15:21:06.347+0000] {processor.py:161} INFO - Started process (PID=1455) to work on /opt/airflow/dags/sdp_pipeline_dag.py
[2026-07-15T15:21:06.352+0000] {processor.py:830} INFO - Processing file /opt/airflow/dags/sdp_pipeline_dag.py for tasks to queue
[2026-07-15T15:21:06.358+0000] {logging_mixin.py:188} INFO - [2026-07-15T15:21:06.358+0000] {dagbag.py:540} INFO - Filling up the DagBag from /opt/airflow/dags/sdp_pipeline_dag.py
[2026-07-15T15:21:06.401+0000] {processor.py:840} INFO - DAG(s) 'e-commerce_kafka_streaming_pipeline_v1' retrieved from /opt/airflow/dags/sdp_pipeline_dag.py
[2026-07-15T15:21:06.454+0000] {logging_mixin.py:188} INFO - [2026-07-15T15:21:06.454+0000] {dag.py:3096} INFO - Sync 1 DAGs
[2026-07-15T15:21:06.496+0000] {logging_mixin.py:188} INFO - [2026-07-15T15:21:06.496+0000] {dag.py:3954} INFO - Setting next_dagrun for e-commerce_kafka_streaming_pipeline_v1 to 2026-07-15 15:00:00+00:00, run_after=2026-07-15 16:00:00+00:00
[2026-07-15T15:21:06.540+0000] {processor.py:183} INFO - Processing /opt/airflow/dags/sdp_pipeline_dag.py took 0.209 seconds
[2026-07-15T15:21:36.966+0000] {processor.py:161} INFO - Started process (PID=1486) to work on /opt/airflow/dags/sdp_pipeline_dag.py
[2026-07-15T15:21:36.969+0000] {processor.py:830} INFO - Processing file /opt/airflow/dags/sdp_pipeline_dag.py for tasks to queue
[2026-07-15T15:21:36.974+0000] {logging_mixin.py:188} INFO - [2026-07-15T15:21:36.973+0000] {dagbag.py:540} INFO - Filling up the DagBag from /opt/airflow/dags/sdp_pipeline_dag.py
[2026-07-15T15:21:37.005+0000] {processor.py:840} INFO - DAG(s) 'e-commerce_kafka_streaming_pipeline_v1' retrieved from /opt/airflow/dags/sdp_pipeline_dag.py
[2026-07-15T15:21:37.036+0000] {logging_mixin.py:188} INFO - [2026-07-15T15:21:37.036+0000] {dag.py:3096} INFO - Sync 1 DAGs
[2026-07-15T15:21:37.067+0000] {logging_mixin.py:188} INFO - [2026-07-15T15:21:37.067+0000] {dag.py:3954} INFO - Setting next_dagrun for e-commerce_kafka_streaming_pipeline_v1 to 2026-07-15 15:00:00+00:00, run_after=2026-07-15 16:00:00+00:00
[2026-07-15T15:21:37.096+0000] {processor.py:183} INFO - Processing /opt/airflow/dags/sdp_pipeline_dag.py took 0.141 seconds
[2026-07-15T15:22:07.492+0000] {processor.py:161} INFO - Started process (PID=1511) to work on /opt/airflow/dags/sdp_pipeline_dag.py
[2026-07-15T15:22:07.494+0000] {processor.py:830} INFO - Processing file /opt/airflow/dags/sdp_pipeline_dag.py for tasks to queue
[2026-07-15T15:22:07.497+0000] {logging_mixin.py:188} INFO - [2026-07-15T15:22:07.497+0000] {dagbag.py:540} INFO - Filling up the DagBag from /opt/airflow/dags/sdp_pipeline_dag.py
[2026-07-15T15:22:07.523+0000] {processor.py:840} INFO - DAG(s) 'e-commerce_kafka_streaming_pipeline_v1' retrieved from /opt/airflow/dags/sdp_pipeline_dag.py
[2026-07-15T15:22:07.559+0000] {logging_mixin.py:188} INFO - [2026-07-15T15:22:07.558+0000] {dag.py:3096} INFO - Sync 1 DAGs
[2026-07-15T15:22:07.588+0000] {logging_mixin.py:188} INFO - [2026-07-15T15:22:07.588+0000] {dag.py:3954} INFO - Setting next_dagrun for e-commerce_kafka_streaming_pipeline_v1 to 2026-07-15 15:00:00+00:00, run_after=2026-07-15 16:00:00+00:00
[2026-07-15T15:22:07.622+0000] {processor.py:183} INFO - Processing /opt/airflow/dags/sdp_pipeline_dag.py took 0.139 seconds
[2026-07-15T15:22:38.025+0000] {processor.py:161} INFO - Started process (PID=1536) to work on /opt/airflow/dags/sdp_pipeline_dag.py
[2026-07-15T15:22:38.027+0000] {processor.py:830} INFO - Processing file /opt/airflow/dags/sdp_pipeline_dag.py for tasks to queue
[2026-07-15T15:22:38.029+0000] {logging_mixin.py:188} INFO - [2026-07-15T15:22:38.029+0000] {dagbag.py:540} INFO - Filling up the DagBag from /opt/airflow/dags/sdp_pipeline_dag.py
[2026-07-15T15:22:38.053+0000] {processor.py:840} INFO - DAG(s) 'e-commerce_kafka_streaming_pipeline_v1' retrieved from /opt/airflow/dags/sdp_pipeline_dag.py
[2026-07-15T15:22:38.084+0000] {logging_mixin.py:188} INFO - [2026-07-15T15:22:38.084+0000] {dag.py:3096} INFO - Sync 1 DAGs
[2026-07-15T15:22:38.110+0000] {logging_mixin.py:188} INFO - [2026-07-15T15:22:38.109+0000] {dag.py:3954} INFO - Setting next_dagrun for e-commerce_kafka_streaming_pipeline_v1 to 2026-07-15 15:00:00+00:00, run_after=2026-07-15 16:00:00+00:00
[2026-07-15T15:22:38.133+0000] {processor.py:183} INFO - Processing /opt/airflow/dags/sdp_pipeline_dag.py took 0.114 seconds
[2026-07-15T15:23:08.695+0000] {processor.py:161} INFO - Started process (PID=1561) to work on /opt/airflow/dags/sdp_pipeline_dag.py
[2026-07-15T15:23:08.696+0000] {processor.py:830} INFO - Processing file /opt/airflow/dags/sdp_pipeline_dag.py for tasks to queue
[2026-07-15T15:23:08.700+0000] {logging_mixin.py:188} INFO - [2026-07-15T15:23:08.699+0000] {dagbag.py:540} INFO - Filling up the DagBag from /opt/airflow/dags/sdp_pipeline_dag.py
[2026-07-15T15:23:08.722+0000] {processor.py:840} INFO - DAG(s) 'e-commerce_kafka_streaming_pipeline_v1' retrieved from /opt/airflow/dags/sdp_pipeline_dag.py
[2026-07-15T15:23:08.762+0000] {logging_mixin.py:188} INFO - [2026-07-15T15:23:08.761+0000] {dag.py:3096} INFO - Sync 1 DAGs
[2026-07-15T15:23:08.790+0000] {logging_mixin.py:188} INFO - [2026-07-15T15:23:08.790+0000] {dag.py:3954} INFO - Setting next_dagrun for e-commerce_kafka_streaming_pipeline_v1 to 2026-07-15 15:00:00+00:00, run_after=2026-07-15 16:00:00+00:00
[2026-07-15T15:23:08.817+0000] {processor.py:183} INFO - Processing /opt/airflow/dags/sdp_pipeline_dag.py took 0.131 seconds
[2026-07-15T15:23:39.173+0000] {processor.py:161} INFO - Started process (PID=1586) to work on /opt/airflow/dags/sdp_pipeline_dag.py
[2026-07-15T15:23:39.175+0000] {processor.py:830} INFO - Processing file /opt/airflow/dags/sdp_pipeline_dag.py for tasks to queue
[2026-07-15T15:23:39.177+0000] {logging_mixin.py:188} INFO - [2026-07-15T15:23:39.177+0000] {dagbag.py:540} INFO - Filling up the DagBag from /opt/airflow/dags/sdp_pipeline_dag.py
[2026-07-15T15:23:39.198+0000] {processor.py:840} INFO - DAG(s) 'e-commerce_kafka_streaming_pipeline_v1' retrieved from /opt/airflow/dags/sdp_pipeline_dag.py
[2026-07-15T15:23:39.227+0000] {logging_mixin.py:188} INFO - [2026-07-15T15:23:39.227+0000] {dag.py:3096} INFO - Sync 1 DAGs
[2026-07-15T15:23:39.250+0000] {logging_mixin.py:188} INFO - [2026-07-15T15:23:39.250+0000] {dag.py:3954} INFO - Setting next_dagrun for e-commerce_kafka_streaming_pipeline_v1 to 2026-07-15 15:00:00+00:00, run_after=2026-07-15 16:00:00+00:00
[2026-07-15T15:23:39.270+0000] {processor.py:183} INFO - Processing /opt/airflow/dags/sdp_pipeline_dag.py took 0.104 seconds
[2026-07-15T15:24:09.892+0000] {processor.py:161} INFO - Started process (PID=1611) to work on /opt/airflow/dags/sdp_pipeline_dag.py
[2026-07-15T15:24:09.894+0000] {processor.py:830} INFO - Processing file /opt/airflow/dags/sdp_pipeline_dag.py for tasks to queue
[2026-07-15T15:24:09.896+0000] {logging_mixin.py:188} INFO - [2026-07-15T15:24:09.896+0000] {dagbag.py:540} INFO - Filling up the DagBag from /opt/airflow/dags/sdp_pipeline_dag.py
[2026-07-15T15:24:09.915+0000] {processor.py:840} INFO - DAG(s) 'e-commerce_kafka_streaming_pipeline_v1' retrieved from /opt/airflow/dags/sdp_pipeline_dag.py
[2026-07-15T15:24:09.943+0000] {logging_mixin.py:188} INFO - [2026-07-15T15:24:09.943+0000] {dag.py:3096} INFO - Sync 1 DAGs
[2026-07-15T15:24:09.976+0000] {logging_mixin.py:188} INFO - [2026-07-15T15:24:09.975+0000] {dag.py:3954} INFO - Setting next_dagrun for e-commerce_kafka_streaming_pipeline_v1 to 2026-07-15 15:00:00+00:00, run_after=2026-07-15 16:00:00+00:00
[2026-07-15T15:24:09.997+0000] {processor.py:183} INFO - Processing /opt/airflow/dags/sdp_pipeline_dag.py took 0.112 seconds
[2026-07-15T15:24:40.605+0000] {processor.py:161} INFO - Started process (PID=1636) to work on /opt/airflow/dags/sdp_pipeline_dag.py
[2026-07-15T15:24:40.607+0000] {processor.py:830} INFO - Processing file /opt/airflow/dags/sdp_pipeline_dag.py for tasks to queue
[2026-07-15T15:24:40.610+0000] {logging_mixin.py:188} INFO - [2026-07-15T15:24:40.609+0000] {dagbag.py:540} INFO - Filling up the DagBag from /opt/airflow/dags/sdp_pipeline_dag.py
[2026-07-15T15:24:40.632+0000] {processor.py:840} INFO - DAG(s) 'e-commerce_kafka_streaming_pipeline_v1' retrieved from /opt/airflow/dags/sdp_pipeline_dag.py
[2026-07-15T15:24:40.661+0000] {logging_mixin.py:188} INFO - [2026-07-15T15:24:40.660+0000] {dag.py:3096} INFO - Sync 1 DAGs
[2026-07-15T15:24:40.685+0000] {logging_mixin.py:188} INFO - [2026-07-15T15:24:40.684+0000] {dag.py:3954} INFO - Setting next_dagrun for e-commerce_kafka_streaming_pipeline_v1 to 2026-07-15 15:00:00+00:00, run_after=2026-07-15 16:00:00+00:00
[2026-07-15T15:24:40.706+0000] {processor.py:183} INFO - Processing /opt/airflow/dags/sdp_pipeline_dag.py took 0.109 seconds
[2026-07-15T15:25:11.119+0000] {processor.py:161} INFO - Started process (PID=1661) to work on /opt/airflow/dags/sdp_pipeline_dag.py
[2026-07-15T15:25:11.120+0000] {processor.py:830} INFO - Processing file /opt/airflow/dags/sdp_pipeline_dag.py for tasks to queue
[2026-07-15T15:25:11.122+0000] {logging_mixin.py:188} INFO - [2026-07-15T15:25:11.122+0000] {dagbag.py:540} INFO - Filling up the DagBag from /opt/airflow/dags/sdp_pipeline_dag.py
[2026-07-15T15:25:11.146+0000] {processor.py:840} INFO - DAG(s) 'e-commerce_kafka_streaming_pipeline_v1' retrieved from /opt/airflow/dags/sdp_pipeline_dag.py
[2026-07-15T15:25:11.178+0000] {logging_mixin.py:188} INFO - [2026-07-15T15:25:11.178+0000] {dag.py:3096} INFO - Sync 1 DAGs
[2026-07-15T15:25:11.201+0000] {logging_mixin.py:188} INFO - [2026-07-15T15:25:11.201+0000] {dag.py:3954} INFO - Setting next_dagrun for e-commerce_kafka_streaming_pipeline_v1 to 2026-07-15 15:00:00+00:00, run_after=2026-07-15 16:00:00+00:00
[2026-07-15T15:25:11.225+0000] {processor.py:183} INFO - Processing /opt/airflow/dags/sdp_pipeline_dag.py took 0.112 seconds
[2026-07-15T15:25:41.780+0000] {processor.py:161} INFO - Started process (PID=1686) to work on /opt/airflow/dags/sdp_pipeline_dag.py
[2026-07-15T15:25:41.782+0000] {processor.py:830} INFO - Processing file /opt/airflow/dags/sdp_pipeline_dag.py for tasks to queue
[2026-07-15T15:25:41.786+0000] {logging_mixin.py:188} INFO - [2026-07-15T15:25:41.785+0000] {dagbag.py:540} INFO - Filling up the DagBag from /opt/airflow/dags/sdp_pipeline_dag.py
[2026-07-15T15:25:41.817+0000] {processor.py:840} INFO - DAG(s) 'e-commerce_kafka_streaming_pipeline_v1' retrieved from /opt/airflow/dags/sdp_pipeline_dag.py
[2026-07-15T15:25:41.873+0000] {logging_mixin.py:188} INFO - [2026-07-15T15:25:41.873+0000] {dag.py:3096} INFO - Sync 1 DAGs
[2026-07-15T15:25:41.906+0000] {logging_mixin.py:188} INFO - [2026-07-15T15:25:41.906+0000] {dag.py:3954} INFO - Setting next_dagrun for e-commerce_kafka_streaming_pipeline_v1 to 2026-07-15 15:00:00+00:00, run_after=2026-07-15 16:00:00+00:00
[2026-07-15T15:25:41.938+0000] {processor.py:183} INFO - Processing /opt/airflow/dags/sdp_pipeline_dag.py took 0.169 seconds
[2026-07-15T15:26:12.369+0000] {processor.py:161} INFO - Started process (PID=1711) to work on /opt/airflow/dags/sdp_pipeline_dag.py
[2026-07-15T15:26:12.371+0000] {processor.py:830} INFO - Processing file /opt/airflow/dags/sdp_pipeline_dag.py for tasks to queue
[2026-07-15T15:26:12.373+0000] {logging_mixin.py:188} INFO - [2026-07-15T15:26:12.373+0000] {dagbag.py:540} INFO - Filling up the DagBag from /opt/airflow/dags/sdp_pipeline_dag.py
[2026-07-15T15:26:12.396+0000] {processor.py:840} INFO - DAG(s) 'e-commerce_kafka_streaming_pipeline_v1' retrieved from /opt/airflow/dags/sdp_pipeline_dag.py
[2026-07-15T15:26:12.427+0000] {logging_mixin.py:188} INFO - [2026-07-15T15:26:12.427+0000] {dag.py:3096} INFO - Sync 1 DAGs
[2026-07-15T15:26:12.451+0000] {logging_mixin.py:188} INFO - [2026-07-15T15:26:12.451+0000] {dag.py:3954} INFO - Setting next_dagrun for e-commerce_kafka_streaming_pipeline_v1 to 2026-07-15 15:00:00+00:00, run_after=2026-07-15 16:00:00+00:00
[2026-07-15T15:26:12.474+0000] {processor.py:183} INFO - Processing /opt/airflow/dags/sdp_pipeline_dag.py took 0.113 seconds
[2026-07-15T15:26:42.973+0000] {processor.py:161} INFO - Started process (PID=1736) to work on /opt/airflow/dags/sdp_pipeline_dag.py
[2026-07-15T15:26:42.975+0000] {processor.py:830} INFO - Processing file /opt/airflow/dags/sdp_pipeline_dag.py for tasks to queue
[2026-07-15T15:26:42.977+0000] {logging_mixin.py:188} INFO - [2026-07-15T15:26:42.977+0000] {dagbag.py:540} INFO - Filling up the DagBag from /opt/airflow/dags/sdp_pipeline_dag.py
[2026-07-15T15:26:42.996+0000] {processor.py:840} INFO - DAG(s) 'e-commerce_kafka_streaming_pipeline_v1' retrieved from /opt/airflow/dags/sdp_pipeline_dag.py
[2026-07-15T15:26:43.028+0000] {logging_mixin.py:188} INFO - [2026-07-15T15:26:43.028+0000] {dag.py:3096} INFO - Sync 1 DAGs
[2026-07-15T15:26:43.077+0000] {logging_mixin.py:188} INFO - [2026-07-15T15:26:43.077+0000] {dag.py:3954} INFO - Setting next_dagrun for e-commerce_kafka_streaming_pipeline_v1 to 2026-07-15 15:00:00+00:00, run_after=2026-07-15 16:00:00+00:00
[2026-07-15T15:26:43.127+0000] {processor.py:183} INFO - Processing /opt/airflow/dags/sdp_pipeline_dag.py took 0.162 seconds
[2026-07-15T15:27:13.479+0000] {processor.py:161} INFO - Started process (PID=1761) to work on /opt/airflow/dags/sdp_pipeline_dag.py
[2026-07-15T15:27:13.481+0000] {processor.py:830} INFO - Processing file /opt/airflow/dags/sdp_pipeline_dag.py for tasks to queue
[2026-07-15T15:27:13.486+0000] {logging_mixin.py:188} INFO - [2026-07-15T15:27:13.485+0000] {dagbag.py:540} INFO - Filling up the DagBag from /opt/airflow/dags/sdp_pipeline_dag.py
[2026-07-15T15:27:13.511+0000] {processor.py:840} INFO - DAG(s) 'e-commerce_kafka_streaming_pipeline_v1' retrieved from /opt/airflow/dags/sdp_pipeline_dag.py
[2026-07-15T15:27:13.545+0000] {logging_mixin.py:188} INFO - [2026-07-15T15:27:13.544+0000] {dag.py:3096} INFO - Sync 1 DAGs
[2026-07-15T15:27:13.577+0000] {logging_mixin.py:188} INFO - [2026-07-15T15:27:13.577+0000] {dag.py:3954} INFO - Setting next_dagrun for e-commerce_kafka_streaming_pipeline_v1 to 2026-07-15 15:00:00+00:00, run_after=2026-07-15 16:00:00+00:00
[2026-07-15T15:27:13.606+0000] {processor.py:183} INFO - Processing /opt/airflow/dags/sdp_pipeline_dag.py took 0.137 seconds
[2026-07-15T15:27:44.075+0000] {processor.py:161} INFO - Started process (PID=1786) to work on /opt/airflow/dags/sdp_pipeline_dag.py
[2026-07-15T15:27:44.078+0000] {processor.py:830} INFO - Processing file /opt/airflow/dags/sdp_pipeline_dag.py for tasks to queue
[2026-07-15T15:27:44.083+0000] {logging_mixin.py:188} INFO - [2026-07-15T15:27:44.082+0000] {dagbag.py:540} INFO - Filling up the DagBag from /opt/airflow/dags/sdp_pipeline_dag.py
[2026-07-15T15:27:44.108+0000] {processor.py:840} INFO - DAG(s) 'e-commerce_kafka_streaming_pipeline_v1' retrieved from /opt/airflow/dags/sdp_pipeline_dag.py
[2026-07-15T15:27:44.142+0000] {logging_mixin.py:188} INFO - [2026-07-15T15:27:44.142+0000] {dag.py:3096} INFO - Sync 1 DAGs
[2026-07-15T15:27:44.182+0000] {logging_mixin.py:188} INFO - [2026-07-15T15:27:44.181+0000] {dag.py:3954} INFO - Setting next_dagrun for e-commerce_kafka_streaming_pipeline_v1 to 2026-07-15 15:00:00+00:00, run_after=2026-07-15 16:00:00+00:00
[2026-07-15T15:27:44.215+0000] {processor.py:183} INFO - Processing /opt/airflow/dags/sdp_pipeline_dag.py took 0.153 seconds
[2026-07-15T15:28:14.693+0000] {processor.py:161} INFO - Started process (PID=1811) to work on /opt/airflow/dags/sdp_pipeline_dag.py
[2026-07-15T15:28:14.694+0000] {processor.py:830} INFO - Processing file /opt/airflow/dags/sdp_pipeline_dag.py for tasks to queue
[2026-07-15T15:28:14.696+0000] {logging_mixin.py:188} INFO - [2026-07-15T15:28:14.696+0000] {dagbag.py:540} INFO - Filling up the DagBag from /opt/airflow/dags/sdp_pipeline_dag.py
[2026-07-15T15:28:14.717+0000] {processor.py:840} INFO - DAG(s) 'e-commerce_kafka_streaming_pipeline_v1' retrieved from /opt/airflow/dags/sdp_pipeline_dag.py
[2026-07-15T15:28:14.745+0000] {logging_mixin.py:188} INFO - [2026-07-15T15:28:14.745+0000] {dag.py:3096} INFO - Sync 1 DAGs
[2026-07-15T15:28:14.767+0000] {logging_mixin.py:188} INFO - [2026-07-15T15:28:14.767+0000] {dag.py:3954} INFO - Setting next_dagrun for e-commerce_kafka_streaming_pipeline_v1 to 2026-07-15 15:00:00+00:00, run_after=2026-07-15 16:00:00+00:00
[2026-07-15T15:28:14.789+0000] {processor.py:183} INFO - Processing /opt/airflow/dags/sdp_pipeline_dag.py took 0.103 seconds
[2026-07-15T15:28:45.196+0000] {processor.py:161} INFO - Started process (PID=1836) to work on /opt/airflow/dags/sdp_pipeline_dag.py
[2026-07-15T15:28:45.199+0000] {processor.py:830} INFO - Processing file /opt/airflow/dags/sdp_pipeline_dag.py for tasks to queue
[2026-07-15T15:28:45.204+0000] {logging_mixin.py:188} INFO - [2026-07-15T15:28:45.202+0000] {dagbag.py:540} INFO - Filling up the DagBag from /opt/airflow/dags/sdp_pipeline_dag.py
[2026-07-15T15:28:45.231+0000] {processor.py:840} INFO - DAG(s) 'e-commerce_kafka_streaming_pipeline_v1' retrieved from /opt/airflow/dags/sdp_pipeline_dag.py
[2026-07-15T15:28:45.276+0000] {logging_mixin.py:188} INFO - [2026-07-15T15:28:45.276+0000] {dag.py:3096} INFO - Sync 1 DAGs
[2026-07-15T15:28:45.309+0000] {logging_mixin.py:188} INFO - [2026-07-15T15:28:45.308+0000] {dag.py:3954} INFO - Setting next_dagrun for e-commerce_kafka_streaming_pipeline_v1 to 2026-07-15 15:00:00+00:00, run_after=2026-07-15 16:00:00+00:00
[2026-07-15T15:28:45.340+0000] {processor.py:183} INFO - Processing /opt/airflow/dags/sdp_pipeline_dag.py took 0.153 seconds
[2026-07-15T15:29:15.848+0000] {processor.py:161} INFO - Started process (PID=1861) to work on /opt/airflow/dags/sdp_pipeline_dag.py
[2026-07-15T15:29:15.850+0000] {processor.py:830} INFO - Processing file /opt/airflow/dags/sdp_pipeline_dag.py for tasks to queue
[2026-07-15T15:29:15.856+0000] {logging_mixin.py:188} INFO - [2026-07-15T15:29:15.855+0000] {dagbag.py:540} INFO - Filling up the DagBag from /opt/airflow/dags/sdp_pipeline_dag.py
[2026-07-15T15:29:15.939+0000] {processor.py:840} INFO - DAG(s) 'e-commerce_kafka_streaming_pipeline_v1' retrieved from /opt/airflow/dags/sdp_pipeline_dag.py
[2026-07-15T15:29:16.035+0000] {logging_mixin.py:188} INFO - [2026-07-15T15:29:16.035+0000] {dag.py:3096} INFO - Sync 1 DAGs
[2026-07-15T15:29:16.138+0000] {logging_mixin.py:188} INFO - [2026-07-15T15:29:16.137+0000] {dag.py:3954} INFO - Setting next_dagrun for e-commerce_kafka_streaming_pipeline_v1 to 2026-07-15 15:00:00+00:00, run_after=2026-07-15 16:00:00+00:00
[2026-07-15T15:29:16.225+0000] {processor.py:183} INFO - Processing /opt/airflow/dags/sdp_pipeline_dag.py took 0.398 seconds
[2026-07-15T15:29:47.039+0000] {processor.py:161} INFO - Started process (PID=1886) to work on /opt/airflow/dags/sdp_pipeline_dag.py
[2026-07-15T15:29:47.043+0000] {processor.py:830} INFO - Processing file /opt/airflow/dags/sdp_pipeline_dag.py for tasks to queue
[2026-07-15T15:29:47.047+0000] {logging_mixin.py:188} INFO - [2026-07-15T15:29:47.046+0000] {dagbag.py:540} INFO - Filling up the DagBag from /opt/airflow/dags/sdp_pipeline_dag.py
[2026-07-15T15:29:47.093+0000] {processor.py:840} INFO - DAG(s) 'e-commerce_kafka_streaming_pipeline_v1' retrieved from /opt/airflow/dags/sdp_pipeline_dag.py
[2026-07-15T15:29:47.146+0000] {logging_mixin.py:188} INFO - [2026-07-15T15:29:47.145+0000] {dag.py:3096} INFO - Sync 1 DAGs
[2026-07-15T15:29:47.185+0000] {logging_mixin.py:188} INFO - [2026-07-15T15:29:47.185+0000] {dag.py:3954} INFO - Setting next_dagrun for e-commerce_kafka_streaming_pipeline_v1 to 2026-07-15 15:00:00+00:00, run_after=2026-07-15 16:00:00+00:00
[2026-07-15T15:29:47.216+0000] {processor.py:183} INFO - Processing /opt/airflow/dags/sdp_pipeline_dag.py took 0.193 seconds
[2026-07-15T15:30:17.644+0000] {processor.py:161} INFO - Started process (PID=1911) to work on /opt/airflow/dags/sdp_pipeline_dag.py
[2026-07-15T15:30:17.645+0000] {processor.py:830} INFO - Processing file /opt/airflow/dags/sdp_pipeline_dag.py for tasks to queue
[2026-07-15T15:30:17.648+0000] {logging_mixin.py:188} INFO - [2026-07-15T15:30:17.648+0000] {dagbag.py:540} INFO - Filling up the DagBag from /opt/airflow/dags/sdp_pipeline_dag.py
[2026-07-15T15:30:17.668+0000] {processor.py:840} INFO - DAG(s) 'e-commerce_kafka_streaming_pipeline_v1' retrieved from /opt/airflow/dags/sdp_pipeline_dag.py
[2026-07-15T15:30:17.710+0000] {logging_mixin.py:188} INFO - [2026-07-15T15:30:17.710+0000] {dag.py:3096} INFO - Sync 1 DAGs
[2026-07-15T15:30:17.742+0000] {logging_mixin.py:188} INFO - [2026-07-15T15:30:17.742+0000] {dag.py:3954} INFO - Setting next_dagrun for e-commerce_kafka_streaming_pipeline_v1 to 2026-07-15 15:00:00+00:00, run_after=2026-07-15 16:00:00+00:00
[2026-07-15T15:30:17.764+0000] {processor.py:183} INFO - Processing /opt/airflow/dags/sdp_pipeline_dag.py took 0.126 seconds
[2026-07-15T15:42:49.544+0000] {processor.py:161} INFO - Started process (PID=205) to work on /opt/airflow/dags/sdp_pipeline_dag.py
[2026-07-15T15:42:49.549+0000] {processor.py:830} INFO - Processing file /opt/airflow/dags/sdp_pipeline_dag.py for tasks to queue
[2026-07-15T15:42:49.559+0000] {logging_mixin.py:188} INFO - [2026-07-15T15:42:49.556+0000] {dagbag.py:540} INFO - Filling up the DagBag from /opt/airflow/dags/sdp_pipeline_dag.py
[2026-07-15T15:42:49.634+0000] {processor.py:840} INFO - DAG(s) 'e-commerce_kafka_streaming_pipeline_v1' retrieved from /opt/airflow/dags/sdp_pipeline_dag.py
[2026-07-15T15:42:50.204+0000] {logging_mixin.py:188} INFO - [2026-07-15T15:42:50.204+0000] {dag.py:3096} INFO - Sync 1 DAGs
[2026-07-15T15:42:50.246+0000] {logging_mixin.py:188} INFO - [2026-07-15T15:42:50.246+0000] {dag.py:3954} INFO - Setting next_dagrun for e-commerce_kafka_streaming_pipeline_v1 to 2026-07-15 15:00:00+00:00, run_after=2026-07-15 16:00:00+00:00
[2026-07-15T15:42:50.283+0000] {processor.py:183} INFO - Processing /opt/airflow/dags/sdp_pipeline_dag.py took 0.760 seconds
[2026-07-15T15:43:20.798+0000] {processor.py:161} INFO - Started process (PID=230) to work on /opt/airflow/dags/sdp_pipeline_dag.py
[2026-07-15T15:43:20.801+0000] {processor.py:830} INFO - Processing file /opt/airflow/dags/sdp_pipeline_dag.py for tasks to queue
[2026-07-15T15:43:20.807+0000] {logging_mixin.py:188} INFO - [2026-07-15T15:43:20.806+0000] {dagbag.py:540} INFO - Filling up the DagBag from /opt/airflow/dags/sdp_pipeline_dag.py
[2026-07-15T15:43:20.859+0000] {processor.py:840} INFO - DAG(s) 'e-commerce_kafka_streaming_pipeline_v1' retrieved from /opt/airflow/dags/sdp_pipeline_dag.py
[2026-07-15T15:43:20.928+0000] {logging_mixin.py:188} INFO - [2026-07-15T15:43:20.928+0000] {dag.py:3096} INFO - Sync 1 DAGs
[2026-07-15T15:43:20.991+0000] {logging_mixin.py:188} INFO - [2026-07-15T15:43:20.990+0000] {dag.py:3954} INFO - Setting next_dagrun for e-commerce_kafka_streaming_pipeline_v1 to 2026-07-15 15:00:00+00:00, run_after=2026-07-15 16:00:00+00:00
[2026-07-15T15:43:21.045+0000] {processor.py:183} INFO - Processing /opt/airflow/dags/sdp_pipeline_dag.py took 0.261 seconds
[2026-07-15T15:43:51.484+0000] {processor.py:161} INFO - Started process (PID=255) to work on /opt/airflow/dags/sdp_pipeline_dag.py
[2026-07-15T15:43:51.487+0000] {processor.py:830} INFO - Processing file /opt/airflow/dags/sdp_pipeline_dag.py for tasks to queue
[2026-07-15T15:43:51.490+0000] {logging_mixin.py:188} INFO - [2026-07-15T15:43:51.490+0000] {dagbag.py:540} INFO - Filling up the DagBag from /opt/airflow/dags/sdp_pipeline_dag.py
[2026-07-15T15:43:51.526+0000] {processor.py:840} INFO - DAG(s) 'e-commerce_kafka_streaming_pipeline_v1' retrieved from /opt/airflow/dags/sdp_pipeline_dag.py
[2026-07-15T15:43:51.548+0000] {logging_mixin.py:188} INFO - [2026-07-15T15:43:51.547+0000] {dag.py:3096} INFO - Sync 1 DAGs
[2026-07-15T15:43:51.594+0000] {logging_mixin.py:188} INFO - [2026-07-15T15:43:51.594+0000] {dag.py:3954} INFO - Setting next_dagrun for e-commerce_kafka_streaming_pipeline_v1 to 2026-07-15 15:00:00+00:00, run_after=2026-07-15 16:00:00+00:00
[2026-07-15T15:43:51.628+0000] {processor.py:183} INFO - Processing /opt/airflow/dags/sdp_pipeline_dag.py took 0.152 seconds
[2026-07-15T15:44:22.426+0000] {processor.py:161} INFO - Started process (PID=280) to work on /opt/airflow/dags/sdp_pipeline_dag.py
[2026-07-15T15:44:22.429+0000] {processor.py:830} INFO - Processing file /opt/airflow/dags/sdp_pipeline_dag.py for tasks to queue
[2026-07-15T15:44:22.434+0000] {logging_mixin.py:188} INFO - [2026-07-15T15:44:22.433+0000] {dagbag.py:540} INFO - Filling up the DagBag from /opt/airflow/dags/sdp_pipeline_dag.py
[2026-07-15T15:44:22.479+0000] {processor.py:840} INFO - DAG(s) 'e-commerce_kafka_streaming_pipeline_v1' retrieved from /opt/airflow/dags/sdp_pipeline_dag.py
[2026-07-15T15:44:22.777+0000] {logging_mixin.py:188} INFO - [2026-07-15T15:44:22.776+0000] {dag.py:3096} INFO - Sync 1 DAGs
[2026-07-15T15:44:22.813+0000] {logging_mixin.py:188} INFO - [2026-07-15T15:44:22.812+0000] {dag.py:3954} INFO - Setting next_dagrun for e-commerce_kafka_streaming_pipeline_v1 to 2026-07-15 15:00:00+00:00, run_after=2026-07-15 16:00:00+00:00
[2026-07-15T15:44:22.849+0000] {processor.py:183} INFO - Processing /opt/airflow/dags/sdp_pipeline_dag.py took 0.442 seconds
[2026-07-15T15:44:52.994+0000] {processor.py:161} INFO - Started process (PID=305) to work on /opt/airflow/dags/sdp_pipeline_dag.py
[2026-07-15T15:44:52.997+0000] {processor.py:830} INFO - Processing file /opt/airflow/dags/sdp_pipeline_dag.py for tasks to queue
[2026-07-15T15:44:53.002+0000] {logging_mixin.py:188} INFO - [2026-07-15T15:44:53.001+0000] {dagbag.py:540} INFO - Filling up the DagBag from /opt/airflow/dags/sdp_pipeline_dag.py
[2026-07-15T15:44:53.047+0000] {processor.py:840} INFO - DAG(s) 'e-commerce_kafka_streaming_pipeline_v1' retrieved from /opt/airflow/dags/sdp_pipeline_dag.py
[2026-07-15T15:44:53.133+0000] {logging_mixin.py:188} INFO - [2026-07-15T15:44:53.133+0000] {dag.py:3096} INFO - Sync 1 DAGs
[2026-07-15T15:44:53.199+0000] {logging_mixin.py:188} INFO - [2026-07-15T15:44:53.199+0000] {dag.py:3954} INFO - Setting next_dagrun for e-commerce_kafka_streaming_pipeline_v1 to 2026-07-15 15:00:00+00:00, run_after=2026-07-15 16:00:00+00:00
[2026-07-15T15:44:53.249+0000] {processor.py:183} INFO - Processing /opt/airflow/dags/sdp_pipeline_dag.py took 0.269 seconds
[2026-07-15T15:45:24.152+0000] {processor.py:161} INFO - Started process (PID=330) to work on /opt/airflow/dags/sdp_pipeline_dag.py
[2026-07-15T15:45:24.154+0000] {processor.py:830} INFO - Processing file /opt/airflow/dags/sdp_pipeline_dag.py for tasks to queue
[2026-07-15T15:45:24.162+0000] {logging_mixin.py:188} INFO - [2026-07-15T15:45:24.161+0000] {dagbag.py:540} INFO - Filling up the DagBag from /opt/airflow/dags/sdp_pipeline_dag.py
[2026-07-15T15:45:24.206+0000] {processor.py:840} INFO - DAG(s) 'e-commerce_kafka_streaming_pipeline_v1' retrieved from /opt/airflow/dags/sdp_pipeline_dag.py
[2026-07-15T15:45:24.256+0000] {logging_mixin.py:188} INFO - [2026-07-15T15:45:24.256+0000] {dag.py:3096} INFO - Sync 1 DAGs
[2026-07-15T15:45:24.309+0000] {logging_mixin.py:188} INFO - [2026-07-15T15:45:24.308+0000] {dag.py:3954} INFO - Setting next_dagrun for e-commerce_kafka_streaming_pipeline_v1 to 2026-07-15 15:00:00+00:00, run_after=2026-07-15 16:00:00+00:00
[2026-07-15T15:45:24.350+0000] {processor.py:183} INFO - Processing /opt/airflow/dags/sdp_pipeline_dag.py took 0.212 seconds
[2026-07-15T15:45:54.593+0000] {processor.py:161} INFO - Started process (PID=355) to work on /opt/airflow/dags/sdp_pipeline_dag.py
[2026-07-15T15:45:54.598+0000] {processor.py:830} INFO - Processing file /opt/airflow/dags/sdp_pipeline_dag.py for tasks to queue
[2026-07-15T15:45:54.614+0000] {logging_mixin.py:188} INFO - [2026-07-15T15:45:54.610+0000] {dagbag.py:540} INFO - Filling up the DagBag from /opt/airflow/dags/sdp_pipeline_dag.py
[2026-07-15T15:45:54.691+0000] {processor.py:840} INFO - DAG(s) 'e-commerce_kafka_streaming_pipeline_v1' retrieved from /opt/airflow/dags/sdp_pipeline_dag.py
[2026-07-15T15:45:54.794+0000] {logging_mixin.py:188} INFO - [2026-07-15T15:45:54.794+0000] {dag.py:3096} INFO - Sync 1 DAGs
[2026-07-15T15:45:54.874+0000] {logging_mixin.py:188} INFO - [2026-07-15T15:45:54.874+0000] {dag.py:3954} INFO - Setting next_dagrun for e-commerce_kafka_streaming_pipeline_v1 to 2026-07-15 15:00:00+00:00, run_after=2026-07-15 16:00:00+00:00
[2026-07-15T15:45:54.944+0000] {processor.py:183} INFO - Processing /opt/airflow/dags/sdp_pipeline_dag.py took 0.371 seconds
[2026-07-15T15:46:25.262+0000] {processor.py:161} INFO - Started process (PID=380) to work on /opt/airflow/dags/sdp_pipeline_dag.py
[2026-07-15T15:46:25.264+0000] {processor.py:830} INFO - Processing file /opt/airflow/dags/sdp_pipeline_dag.py for tasks to queue
[2026-07-15T15:46:25.268+0000] {logging_mixin.py:188} INFO - [2026-07-15T15:46:25.267+0000] {dagbag.py:540} INFO - Filling up the DagBag from /opt/airflow/dags/sdp_pipeline_dag.py
[2026-07-15T15:46:25.301+0000] {processor.py:840} INFO - DAG(s) 'e-commerce_kafka_streaming_pipeline_v1' retrieved from /opt/airflow/dags/sdp_pipeline_dag.py
[2026-07-15T15:46:25.346+0000] {logging_mixin.py:188} INFO - [2026-07-15T15:46:25.346+0000] {dag.py:3096} INFO - Sync 1 DAGs
[2026-07-15T15:46:25.386+0000] {logging_mixin.py:188} INFO - [2026-07-15T15:46:25.386+0000] {dag.py:3954} INFO - Setting next_dagrun for e-commerce_kafka_streaming_pipeline_v1 to 2026-07-15 15:00:00+00:00, run_after=2026-07-15 16:00:00+00:00
[2026-07-15T15:46:25.419+0000] {processor.py:183} INFO - Processing /opt/airflow/dags/sdp_pipeline_dag.py took 0.168 seconds
[2026-07-15T15:46:55.894+0000] {processor.py:161} INFO - Started process (PID=405) to work on /opt/airflow/dags/sdp_pipeline_dag.py
[2026-07-15T15:46:55.896+0000] {processor.py:830} INFO - Processing file /opt/airflow/dags/sdp_pipeline_dag.py for tasks to queue
[2026-07-15T15:46:55.898+0000] {logging_mixin.py:188} INFO - [2026-07-15T15:46:55.898+0000] {dagbag.py:540} INFO - Filling up the DagBag from /opt/airflow/dags/sdp_pipeline_dag.py
[2026-07-15T15:46:55.918+0000] {processor.py:840} INFO - DAG(s) 'e-commerce_kafka_streaming_pipeline_v1' retrieved from /opt/airflow/dags/sdp_pipeline_dag.py
[2026-07-15T15:46:55.948+0000] {logging_mixin.py:188} INFO - [2026-07-15T15:46:55.948+0000] {dag.py:3096} INFO - Sync 1 DAGs
[2026-07-15T15:46:55.973+0000] {logging_mixin.py:188} INFO - [2026-07-15T15:46:55.973+0000] {dag.py:3954} INFO - Setting next_dagrun for e-commerce_kafka_streaming_pipeline_v1 to 2026-07-15 15:00:00+00:00, run_after=2026-07-15 16:00:00+00:00
[2026-07-15T15:46:55.999+0000] {processor.py:183} INFO - Processing /opt/airflow/dags/sdp_pipeline_dag.py took 0.111 seconds
[2026-07-15T15:47:26.607+0000] {processor.py:161} INFO - Started process (PID=430) to work on /opt/airflow/dags/sdp_pipeline_dag.py
[2026-07-15T15:47:26.610+0000] {processor.py:830} INFO - Processing file /opt/airflow/dags/sdp_pipeline_dag.py for tasks to queue
[2026-07-15T15:47:26.613+0000] {logging_mixin.py:188} INFO - [2026-07-15T15:47:26.613+0000] {dagbag.py:540} INFO - Filling up the DagBag from /opt/airflow/dags/sdp_pipeline_dag.py
[2026-07-15T15:47:26.646+0000] {processor.py:840} INFO - DAG(s) 'e-commerce_kafka_streaming_pipeline_v1' retrieved from /opt/airflow/dags/sdp_pipeline_dag.py
[2026-07-15T15:47:26.698+0000] {logging_mixin.py:188} INFO - [2026-07-15T15:47:26.698+0000] {dag.py:3096} INFO - Sync 1 DAGs
[2026-07-15T15:47:26.741+0000] {logging_mixin.py:188} INFO - [2026-07-15T15:47:26.740+0000] {dag.py:3954} INFO - Setting next_dagrun for e-commerce_kafka_streaming_pipeline_v1 to 2026-07-15 15:00:00+00:00, run_after=2026-07-15 16:00:00+00:00
[2026-07-15T15:47:26.783+0000] {processor.py:183} INFO - Processing /opt/airflow/dags/sdp_pipeline_dag.py took 0.188 seconds
[2026-07-15T15:47:57.331+0000] {processor.py:161} INFO - Started process (PID=472) to work on /opt/airflow/dags/sdp_pipeline_dag.py
[2026-07-15T15:47:57.340+0000] {processor.py:830} INFO - Processing file /opt/airflow/dags/sdp_pipeline_dag.py for tasks to queue
[2026-07-15T15:47:57.354+0000] {logging_mixin.py:188} INFO - [2026-07-15T15:47:57.350+0000] {dagbag.py:540} INFO - Filling up the DagBag from /opt/airflow/dags/sdp_pipeline_dag.py
[2026-07-15T15:47:57.514+0000] {processor.py:840} INFO - DAG(s) 'e-commerce_kafka_streaming_pipeline_v1' retrieved from /opt/airflow/dags/sdp_pipeline_dag.py
[2026-07-15T15:47:57.682+0000] {logging_mixin.py:188} INFO - [2026-07-15T15:47:57.682+0000] {dag.py:3096} INFO - Sync 1 DAGs
[2026-07-15T15:47:57.792+0000] {logging_mixin.py:188} INFO - [2026-07-15T15:47:57.792+0000] {dag.py:3954} INFO - Setting next_dagrun for e-commerce_kafka_streaming_pipeline_v1 to 2026-07-15 15:00:00+00:00, run_after=2026-07-15 16:00:00+00:00
[2026-07-15T15:47:57.865+0000] {processor.py:183} INFO - Processing /opt/airflow/dags/sdp_pipeline_dag.py took 0.584 seconds
[2026-07-15T15:48:28.818+0000] {processor.py:161} INFO - Started process (PID=497) to work on /opt/airflow/dags/sdp_pipeline_dag.py
[2026-07-15T15:48:28.852+0000] {processor.py:830} INFO - Processing file /opt/airflow/dags/sdp_pipeline_dag.py for tasks to queue
[2026-07-15T15:48:28.904+0000] {logging_mixin.py:188} INFO - [2026-07-15T15:48:28.903+0000] {dagbag.py:540} INFO - Filling up the DagBag from /opt/airflow/dags/sdp_pipeline_dag.py
[2026-07-15T15:48:29.105+0000] {processor.py:840} INFO - DAG(s) 'e-commerce_kafka_streaming_pipeline_v1' retrieved from /opt/airflow/dags/sdp_pipeline_dag.py
[2026-07-15T15:48:29.365+0000] {logging_mixin.py:188} INFO - [2026-07-15T15:48:29.363+0000] {dag.py:3096} INFO - Sync 1 DAGs
[2026-07-15T15:48:29.604+0000] {logging_mixin.py:188} INFO - [2026-07-15T15:48:29.603+0000] {dag.py:3954} INFO - Setting next_dagrun for e-commerce_kafka_streaming_pipeline_v1 to 2026-07-15 15:00:00+00:00, run_after=2026-07-15 16:00:00+00:00
[2026-07-15T15:48:29.738+0000] {processor.py:183} INFO - Processing /opt/airflow/dags/sdp_pipeline_dag.py took 1.059 seconds
[2026-07-15T15:49:00.259+0000] {processor.py:161} INFO - Started process (PID=522) to work on /opt/airflow/dags/sdp_pipeline_dag.py
[2026-07-15T15:49:00.284+0000] {processor.py:830} INFO - Processing file /opt/airflow/dags/sdp_pipeline_dag.py for tasks to queue
[2026-07-15T15:49:00.318+0000] {logging_mixin.py:188} INFO - [2026-07-15T15:49:00.316+0000] {dagbag.py:540} INFO - Filling up the DagBag from /opt/airflow/dags/sdp_pipeline_dag.py
[2026-07-15T15:49:00.492+0000] {processor.py:840} INFO - DAG(s) 'e-commerce_kafka_streaming_pipeline_v1' retrieved from /opt/airflow/dags/sdp_pipeline_dag.py
[2026-07-15T15:49:00.725+0000] {logging_mixin.py:188} INFO - [2026-07-15T15:49:00.724+0000] {dag.py:3096} INFO - Sync 1 DAGs
[2026-07-15T15:49:00.982+0000] {logging_mixin.py:188} INFO - [2026-07-15T15:49:00.982+0000] {dag.py:3954} INFO - Setting next_dagrun for e-commerce_kafka_streaming_pipeline_v1 to 2026-07-15 15:00:00+00:00, run_after=2026-07-15 16:00:00+00:00
[2026-07-15T15:49:01.133+0000] {processor.py:183} INFO - Processing /opt/airflow/dags/sdp_pipeline_dag.py took 0.907 seconds
[2026-07-15T15:49:31.991+0000] {processor.py:161} INFO - Started process (PID=547) to work on /opt/airflow/dags/sdp_pipeline_dag.py
[2026-07-15T15:49:31.996+0000] {processor.py:830} INFO - Processing file /opt/airflow/dags/sdp_pipeline_dag.py for tasks to queue
[2026-07-15T15:49:32.004+0000] {logging_mixin.py:188} INFO - [2026-07-15T15:49:32.001+0000] {dagbag.py:540} INFO - Filling up the DagBag from /opt/airflow/dags/sdp_pipeline_dag.py
[2026-07-15T15:49:32.078+0000] {processor.py:840} INFO - DAG(s) 'e-commerce_kafka_streaming_pipeline_v1' retrieved from /opt/airflow/dags/sdp_pipeline_dag.py
[2026-07-15T15:49:32.240+0000] {logging_mixin.py:188} INFO - [2026-07-15T15:49:32.239+0000] {dag.py:3096} INFO - Sync 1 DAGs
[2026-07-15T15:49:32.374+0000] {logging_mixin.py:188} INFO - [2026-07-15T15:49:32.374+0000] {dag.py:3954} INFO - Setting next_dagrun for e-commerce_kafka_streaming_pipeline_v1 to 2026-07-15 15:00:00+00:00, run_after=2026-07-15 16:00:00+00:00
[2026-07-15T15:49:32.446+0000] {processor.py:183} INFO - Processing /opt/airflow/dags/sdp_pipeline_dag.py took 0.481 seconds
[2026-07-15T15:50:02.746+0000] {processor.py:161} INFO - Started process (PID=572) to work on /opt/airflow/dags/sdp_pipeline_dag.py
[2026-07-15T15:50:02.748+0000] {processor.py:830} INFO - Processing file /opt/airflow/dags/sdp_pipeline_dag.py for tasks to queue
[2026-07-15T15:50:02.751+0000] {logging_mixin.py:188} INFO - [2026-07-15T15:50:02.751+0000] {dagbag.py:540} INFO - Filling up the DagBag from /opt/airflow/dags/sdp_pipeline_dag.py
[2026-07-15T15:50:02.778+0000] {processor.py:840} INFO - DAG(s) 'e-commerce_kafka_streaming_pipeline_v1' retrieved from /opt/airflow/dags/sdp_pipeline_dag.py
[2026-07-15T15:50:02.813+0000] {logging_mixin.py:188} INFO - [2026-07-15T15:50:02.813+0000] {dag.py:3096} INFO - Sync 1 DAGs
[2026-07-15T15:50:02.842+0000] {logging_mixin.py:188} INFO - [2026-07-15T15:50:02.842+0000] {dag.py:3954} INFO - Setting next_dagrun for e-commerce_kafka_streaming_pipeline_v1 to 2026-07-15 15:00:00+00:00, run_after=2026-07-15 16:00:00+00:00
[2026-07-15T15:50:02.872+0000] {processor.py:183} INFO - Processing /opt/airflow/dags/sdp_pipeline_dag.py took 0.135 seconds
[2026-07-15T18:45:50.559+0000] {processor.py:161} INFO - Started process (PID=599) to work on /opt/airflow/dags/sdp_pipeline_dag.py
[2026-07-15T18:45:50.592+0000] {processor.py:830} INFO - Processing file /opt/airflow/dags/sdp_pipeline_dag.py for tasks to queue
[2026-07-15T18:45:50.649+0000] {logging_mixin.py:188} INFO - [2026-07-15T18:45:50.645+0000] {dagbag.py:540} INFO - Filling up the DagBag from /opt/airflow/dags/sdp_pipeline_dag.py
[2026-07-15T18:45:50.869+0000] {processor.py:840} INFO - DAG(s) 'e-commerce_kafka_streaming_pipeline_v1' retrieved from /opt/airflow/dags/sdp_pipeline_dag.py
[2026-07-15T18:45:51.008+0000] {logging_mixin.py:188} INFO - [2026-07-15T18:45:51.008+0000] {dag.py:3096} INFO - Sync 1 DAGs
[2026-07-15T18:45:51.148+0000] {logging_mixin.py:188} INFO - [2026-07-15T18:45:51.147+0000] {dag.py:3954} INFO - Setting next_dagrun for e-commerce_kafka_streaming_pipeline_v1 to 2026-07-15 18:00:00+00:00, run_after=2026-07-15 19:00:00+00:00
[2026-07-15T18:45:51.230+0000] {processor.py:183} INFO - Processing /opt/airflow/dags/sdp_pipeline_dag.py took 0.744 seconds
