[2026-07-15T10:36:31.399+0000] {processor.py:161} INFO - Started process (PID=993) to work on /opt/airflow/dags/silver_dag3.py
[2026-07-15T10:36:31.400+0000] {processor.py:830} INFO - Processing file /opt/airflow/dags/silver_dag3.py for tasks to queue
[2026-07-15T10:36:31.403+0000] {logging_mixin.py:188} INFO - [2026-07-15T10:36:31.402+0000] {dagbag.py:540} INFO - Filling up the DagBag from /opt/airflow/dags/silver_dag3.py
[2026-07-15T10:36:31.443+0000] {processor.py:840} INFO - DAG(s) 'silver_dag3' retrieved from /opt/airflow/dags/silver_dag3.py
[2026-07-15T10:36:31.572+0000] {logging_mixin.py:188} INFO - [2026-07-15T10:36:31.572+0000] {override.py:1829} INFO - Created Permission View: can edit on DAG:silver_dag3
[2026-07-15T10:36:31.581+0000] {logging_mixin.py:188} INFO - [2026-07-15T10:36:31.581+0000] {override.py:1829} INFO - Created Permission View: can delete on DAG:silver_dag3
[2026-07-15T10:36:31.589+0000] {logging_mixin.py:188} INFO - [2026-07-15T10:36:31.589+0000] {override.py:1829} INFO - Created Permission View: can read on DAG:silver_dag3
[2026-07-15T10:36:31.590+0000] {logging_mixin.py:188} INFO - [2026-07-15T10:36:31.590+0000] {dag.py:3096} INFO - Sync 1 DAGs
[2026-07-15T10:36:31.600+0000] {logging_mixin.py:188} INFO - [2026-07-15T10:36:31.600+0000] {dag.py:3118} INFO - Creating ORM DAG for silver_dag3
[2026-07-15T10:36:31.611+0000] {logging_mixin.py:188} INFO - [2026-07-15T10:36:31.610+0000] {dag.py:3954} INFO - Setting next_dagrun for silver_dag3 to 2026-07-15 09:00:00+00:00, run_after=2026-07-15 10:00:00+00:00
[2026-07-15T10:36:31.633+0000] {processor.py:183} INFO - Processing /opt/airflow/dags/silver_dag3.py took 0.245 seconds
[2026-07-15T10:37:01.729+0000] {processor.py:161} INFO - Started process (PID=1067) to work on /opt/airflow/dags/silver_dag3.py
[2026-07-15T10:37:01.731+0000] {processor.py:830} INFO - Processing file /opt/airflow/dags/silver_dag3.py for tasks to queue
[2026-07-15T10:37:01.733+0000] {logging_mixin.py:188} INFO - [2026-07-15T10:37:01.732+0000] {dagbag.py:540} INFO - Filling up the DagBag from /opt/airflow/dags/silver_dag3.py
[2026-07-15T10:37:01.765+0000] {processor.py:840} INFO - DAG(s) 'silver_dag3' retrieved from /opt/airflow/dags/silver_dag3.py
[2026-07-15T10:37:01.826+0000] {logging_mixin.py:188} INFO - [2026-07-15T10:37:01.825+0000] {dag.py:3096} INFO - Sync 1 DAGs
[2026-07-15T10:37:01.876+0000] {logging_mixin.py:188} INFO - [2026-07-15T10:37:01.876+0000] {dag.py:3954} INFO - Setting next_dagrun for silver_dag3 to 2026-07-15 10:00:00+00:00, run_after=2026-07-15 11:00:00+00:00
[2026-07-15T10:37:01.921+0000] {processor.py:183} INFO - Processing /opt/airflow/dags/silver_dag3.py took 0.202 seconds
[2026-07-15T10:37:32.535+0000] {processor.py:161} INFO - Started process (PID=1092) to work on /opt/airflow/dags/silver_dag3.py
[2026-07-15T10:37:32.536+0000] {processor.py:830} INFO - Processing file /opt/airflow/dags/silver_dag3.py for tasks to queue
[2026-07-15T10:37:32.538+0000] {logging_mixin.py:188} INFO - [2026-07-15T10:37:32.538+0000] {dagbag.py:540} INFO - Filling up the DagBag from /opt/airflow/dags/silver_dag3.py
[2026-07-15T10:37:32.557+0000] {processor.py:840} INFO - DAG(s) 'silver_dag3' retrieved from /opt/airflow/dags/silver_dag3.py
[2026-07-15T10:37:32.591+0000] {logging_mixin.py:188} INFO - [2026-07-15T10:37:32.591+0000] {dag.py:3096} INFO - Sync 1 DAGs
[2026-07-15T10:37:32.619+0000] {logging_mixin.py:188} INFO - [2026-07-15T10:37:32.619+0000] {dag.py:3954} INFO - Setting next_dagrun for silver_dag3 to 2026-07-15 10:00:00+00:00, run_after=2026-07-15 11:00:00+00:00
[2026-07-15T10:37:32.641+0000] {processor.py:183} INFO - Processing /opt/airflow/dags/silver_dag3.py took 0.114 seconds
[2026-07-15T10:38:03.264+0000] {processor.py:161} INFO - Started process (PID=1117) to work on /opt/airflow/dags/silver_dag3.py
[2026-07-15T10:38:03.265+0000] {processor.py:830} INFO - Processing file /opt/airflow/dags/silver_dag3.py for tasks to queue
[2026-07-15T10:38:03.266+0000] {logging_mixin.py:188} INFO - [2026-07-15T10:38:03.266+0000] {dagbag.py:540} INFO - Filling up the DagBag from /opt/airflow/dags/silver_dag3.py
[2026-07-15T10:38:03.284+0000] {processor.py:840} INFO - DAG(s) 'silver_dag3' retrieved from /opt/airflow/dags/silver_dag3.py
[2026-07-15T10:38:03.311+0000] {logging_mixin.py:188} INFO - [2026-07-15T10:38:03.311+0000] {dag.py:3096} INFO - Sync 1 DAGs
[2026-07-15T10:38:03.335+0000] {logging_mixin.py:188} INFO - [2026-07-15T10:38:03.335+0000] {dag.py:3954} INFO - Setting next_dagrun for silver_dag3 to 2026-07-15 10:00:00+00:00, run_after=2026-07-15 11:00:00+00:00
[2026-07-15T10:38:03.353+0000] {processor.py:183} INFO - Processing /opt/airflow/dags/silver_dag3.py took 0.096 seconds
[2026-07-15T10:38:33.968+0000] {processor.py:161} INFO - Started process (PID=1136) to work on /opt/airflow/dags/silver_dag3.py
[2026-07-15T10:38:33.970+0000] {processor.py:830} INFO - Processing file /opt/airflow/dags/silver_dag3.py for tasks to queue
[2026-07-15T10:38:33.973+0000] {logging_mixin.py:188} INFO - [2026-07-15T10:38:33.972+0000] {dagbag.py:540} INFO - Filling up the DagBag from /opt/airflow/dags/silver_dag3.py
[2026-07-15T10:38:34.032+0000] {processor.py:840} INFO - DAG(s) 'silver_dag3' retrieved from /opt/airflow/dags/silver_dag3.py
[2026-07-15T10:38:34.127+0000] {logging_mixin.py:188} INFO - [2026-07-15T10:38:34.127+0000] {dag.py:3096} INFO - Sync 1 DAGs
[2026-07-15T10:38:34.178+0000] {logging_mixin.py:188} INFO - [2026-07-15T10:38:34.178+0000] {dag.py:3954} INFO - Setting next_dagrun for silver_dag3 to 2026-07-15 10:00:00+00:00, run_after=2026-07-15 11:00:00+00:00
[2026-07-15T10:38:34.217+0000] {processor.py:183} INFO - Processing /opt/airflow/dags/silver_dag3.py took 0.264 seconds
[2026-07-15T10:39:04.766+0000] {processor.py:161} INFO - Started process (PID=1156) to work on /opt/airflow/dags/silver_dag3.py
[2026-07-15T10:39:04.767+0000] {processor.py:830} INFO - Processing file /opt/airflow/dags/silver_dag3.py for tasks to queue
[2026-07-15T10:39:04.768+0000] {logging_mixin.py:188} INFO - [2026-07-15T10:39:04.768+0000] {dagbag.py:540} INFO - Filling up the DagBag from /opt/airflow/dags/silver_dag3.py
[2026-07-15T10:39:04.784+0000] {processor.py:840} INFO - DAG(s) 'silver_dag3' retrieved from /opt/airflow/dags/silver_dag3.py
[2026-07-15T10:39:04.811+0000] {logging_mixin.py:188} INFO - [2026-07-15T10:39:04.811+0000] {dag.py:3096} INFO - Sync 1 DAGs
[2026-07-15T10:39:04.835+0000] {logging_mixin.py:188} INFO - [2026-07-15T10:39:04.835+0000] {dag.py:3954} INFO - Setting next_dagrun for silver_dag3 to 2026-07-15 10:00:00+00:00, run_after=2026-07-15 11:00:00+00:00
[2026-07-15T10:39:04.856+0000] {processor.py:183} INFO - Processing /opt/airflow/dags/silver_dag3.py took 0.095 seconds
[2026-07-15T10:39:35.308+0000] {processor.py:161} INFO - Started process (PID=1176) to work on /opt/airflow/dags/silver_dag3.py
[2026-07-15T10:39:35.309+0000] {processor.py:830} INFO - Processing file /opt/airflow/dags/silver_dag3.py for tasks to queue
[2026-07-15T10:39:35.310+0000] {logging_mixin.py:188} INFO - [2026-07-15T10:39:35.310+0000] {dagbag.py:540} INFO - Filling up the DagBag from /opt/airflow/dags/silver_dag3.py
[2026-07-15T10:39:35.327+0000] {processor.py:840} INFO - DAG(s) 'silver_dag3' retrieved from /opt/airflow/dags/silver_dag3.py
[2026-07-15T10:39:35.353+0000] {logging_mixin.py:188} INFO - [2026-07-15T10:39:35.352+0000] {dag.py:3096} INFO - Sync 1 DAGs
[2026-07-15T10:39:35.375+0000] {logging_mixin.py:188} INFO - [2026-07-15T10:39:35.374+0000] {dag.py:3954} INFO - Setting next_dagrun for silver_dag3 to 2026-07-15 10:00:00+00:00, run_after=2026-07-15 11:00:00+00:00
[2026-07-15T10:39:35.394+0000] {processor.py:183} INFO - Processing /opt/airflow/dags/silver_dag3.py took 0.091 seconds
[2026-07-15T10:40:05.868+0000] {processor.py:161} INFO - Started process (PID=1196) to work on /opt/airflow/dags/silver_dag3.py
[2026-07-15T10:40:05.870+0000] {processor.py:830} INFO - Processing file /opt/airflow/dags/silver_dag3.py for tasks to queue
[2026-07-15T10:40:05.871+0000] {logging_mixin.py:188} INFO - [2026-07-15T10:40:05.871+0000] {dagbag.py:540} INFO - Filling up the DagBag from /opt/airflow/dags/silver_dag3.py
[2026-07-15T10:40:05.894+0000] {processor.py:840} INFO - DAG(s) 'silver_dag3' retrieved from /opt/airflow/dags/silver_dag3.py
[2026-07-15T10:40:05.926+0000] {logging_mixin.py:188} INFO - [2026-07-15T10:40:05.925+0000] {dag.py:3096} INFO - Sync 1 DAGs
[2026-07-15T10:40:05.952+0000] {logging_mixin.py:188} INFO - [2026-07-15T10:40:05.951+0000] {dag.py:3954} INFO - Setting next_dagrun for silver_dag3 to 2026-07-15 10:00:00+00:00, run_after=2026-07-15 11:00:00+00:00
[2026-07-15T10:40:05.971+0000] {processor.py:183} INFO - Processing /opt/airflow/dags/silver_dag3.py took 0.113 seconds
[2026-07-15T10:40:36.437+0000] {processor.py:161} INFO - Started process (PID=1216) to work on /opt/airflow/dags/silver_dag3.py
[2026-07-15T10:40:36.438+0000] {processor.py:830} INFO - Processing file /opt/airflow/dags/silver_dag3.py for tasks to queue
[2026-07-15T10:40:36.439+0000] {logging_mixin.py:188} INFO - [2026-07-15T10:40:36.439+0000] {dagbag.py:540} INFO - Filling up the DagBag from /opt/airflow/dags/silver_dag3.py
[2026-07-15T10:40:36.456+0000] {processor.py:840} INFO - DAG(s) 'silver_dag3' retrieved from /opt/airflow/dags/silver_dag3.py
[2026-07-15T10:40:36.483+0000] {logging_mixin.py:188} INFO - [2026-07-15T10:40:36.483+0000] {dag.py:3096} INFO - Sync 1 DAGs
[2026-07-15T10:40:36.506+0000] {logging_mixin.py:188} INFO - [2026-07-15T10:40:36.505+0000] {dag.py:3954} INFO - Setting next_dagrun for silver_dag3 to 2026-07-15 10:00:00+00:00, run_after=2026-07-15 11:00:00+00:00
[2026-07-15T10:40:36.524+0000] {processor.py:183} INFO - Processing /opt/airflow/dags/silver_dag3.py took 0.096 seconds
[2026-07-15T10:41:07.003+0000] {processor.py:161} INFO - Started process (PID=1236) to work on /opt/airflow/dags/silver_dag3.py
[2026-07-15T10:41:07.004+0000] {processor.py:830} INFO - Processing file /opt/airflow/dags/silver_dag3.py for tasks to queue
[2026-07-15T10:41:07.005+0000] {logging_mixin.py:188} INFO - [2026-07-15T10:41:07.005+0000] {dagbag.py:540} INFO - Filling up the DagBag from /opt/airflow/dags/silver_dag3.py
[2026-07-15T10:41:07.021+0000] {processor.py:840} INFO - DAG(s) 'silver_dag3' retrieved from /opt/airflow/dags/silver_dag3.py
[2026-07-15T10:41:07.047+0000] {logging_mixin.py:188} INFO - [2026-07-15T10:41:07.047+0000] {dag.py:3096} INFO - Sync 1 DAGs
[2026-07-15T10:41:07.076+0000] {logging_mixin.py:188} INFO - [2026-07-15T10:41:07.076+0000] {dag.py:3954} INFO - Setting next_dagrun for silver_dag3 to 2026-07-15 10:00:00+00:00, run_after=2026-07-15 11:00:00+00:00
[2026-07-15T10:41:07.113+0000] {processor.py:183} INFO - Processing /opt/airflow/dags/silver_dag3.py took 0.116 seconds
[2026-07-15T10:41:37.865+0000] {processor.py:161} INFO - Started process (PID=1261) to work on /opt/airflow/dags/silver_dag3.py
[2026-07-15T10:41:37.867+0000] {processor.py:830} INFO - Processing file /opt/airflow/dags/silver_dag3.py for tasks to queue
[2026-07-15T10:41:37.868+0000] {logging_mixin.py:188} INFO - [2026-07-15T10:41:37.868+0000] {dagbag.py:540} INFO - Filling up the DagBag from /opt/airflow/dags/silver_dag3.py
[2026-07-15T10:41:37.896+0000] {processor.py:840} INFO - DAG(s) 'silver_dag3' retrieved from /opt/airflow/dags/silver_dag3.py
[2026-07-15T10:41:37.929+0000] {logging_mixin.py:188} INFO - [2026-07-15T10:41:37.929+0000] {dag.py:3096} INFO - Sync 1 DAGs
[2026-07-15T10:41:37.955+0000] {logging_mixin.py:188} INFO - [2026-07-15T10:41:37.955+0000] {dag.py:3954} INFO - Setting next_dagrun for silver_dag3 to 2026-07-15 10:00:00+00:00, run_after=2026-07-15 11:00:00+00:00
[2026-07-15T10:41:37.979+0000] {processor.py:183} INFO - Processing /opt/airflow/dags/silver_dag3.py took 0.120 seconds
[2026-07-15T10:42:08.657+0000] {processor.py:161} INFO - Started process (PID=1286) to work on /opt/airflow/dags/silver_dag3.py
[2026-07-15T10:42:08.658+0000] {processor.py:830} INFO - Processing file /opt/airflow/dags/silver_dag3.py for tasks to queue
[2026-07-15T10:42:08.660+0000] {logging_mixin.py:188} INFO - [2026-07-15T10:42:08.660+0000] {dagbag.py:540} INFO - Filling up the DagBag from /opt/airflow/dags/silver_dag3.py
[2026-07-15T10:42:08.687+0000] {processor.py:840} INFO - DAG(s) 'silver_dag3' retrieved from /opt/airflow/dags/silver_dag3.py
[2026-07-15T10:42:08.720+0000] {logging_mixin.py:188} INFO - [2026-07-15T10:42:08.720+0000] {dag.py:3096} INFO - Sync 1 DAGs
[2026-07-15T10:42:08.745+0000] {logging_mixin.py:188} INFO - [2026-07-15T10:42:08.745+0000] {dag.py:3954} INFO - Setting next_dagrun for silver_dag3 to 2026-07-15 10:00:00+00:00, run_after=2026-07-15 11:00:00+00:00
[2026-07-15T10:42:08.766+0000] {processor.py:183} INFO - Processing /opt/airflow/dags/silver_dag3.py took 0.116 seconds
[2026-07-15T10:42:39.338+0000] {processor.py:161} INFO - Started process (PID=1311) to work on /opt/airflow/dags/silver_dag3.py
[2026-07-15T10:42:39.341+0000] {processor.py:830} INFO - Processing file /opt/airflow/dags/silver_dag3.py for tasks to queue
[2026-07-15T10:42:39.345+0000] {logging_mixin.py:188} INFO - [2026-07-15T10:42:39.344+0000] {dagbag.py:540} INFO - Filling up the DagBag from /opt/airflow/dags/silver_dag3.py
[2026-07-15T10:42:39.382+0000] {processor.py:840} INFO - DAG(s) 'silver_dag3' retrieved from /opt/airflow/dags/silver_dag3.py
[2026-07-15T10:42:39.438+0000] {logging_mixin.py:188} INFO - [2026-07-15T10:42:39.438+0000] {dag.py:3096} INFO - Sync 1 DAGs
[2026-07-15T10:42:39.495+0000] {logging_mixin.py:188} INFO - [2026-07-15T10:42:39.494+0000] {dag.py:3954} INFO - Setting next_dagrun for silver_dag3 to 2026-07-15 10:00:00+00:00, run_after=2026-07-15 11:00:00+00:00
[2026-07-15T10:42:39.552+0000] {processor.py:183} INFO - Processing /opt/airflow/dags/silver_dag3.py took 0.225 seconds
[2026-07-15T10:43:10.324+0000] {processor.py:161} INFO - Started process (PID=1336) to work on /opt/airflow/dags/silver_dag3.py
[2026-07-15T10:43:10.325+0000] {processor.py:830} INFO - Processing file /opt/airflow/dags/silver_dag3.py for tasks to queue
[2026-07-15T10:43:10.327+0000] {logging_mixin.py:188} INFO - [2026-07-15T10:43:10.326+0000] {dagbag.py:540} INFO - Filling up the DagBag from /opt/airflow/dags/silver_dag3.py
[2026-07-15T10:43:10.351+0000] {processor.py:840} INFO - DAG(s) 'silver_dag3' retrieved from /opt/airflow/dags/silver_dag3.py
[2026-07-15T10:43:10.384+0000] {logging_mixin.py:188} INFO - [2026-07-15T10:43:10.383+0000] {dag.py:3096} INFO - Sync 1 DAGs
[2026-07-15T10:43:10.411+0000] {logging_mixin.py:188} INFO - [2026-07-15T10:43:10.411+0000] {dag.py:3954} INFO - Setting next_dagrun for silver_dag3 to 2026-07-15 10:00:00+00:00, run_after=2026-07-15 11:00:00+00:00
[2026-07-15T10:43:10.432+0000] {processor.py:183} INFO - Processing /opt/airflow/dags/silver_dag3.py took 0.116 seconds
[2026-07-15T10:43:41.095+0000] {processor.py:161} INFO - Started process (PID=1361) to work on /opt/airflow/dags/silver_dag3.py
[2026-07-15T10:43:41.096+0000] {processor.py:830} INFO - Processing file /opt/airflow/dags/silver_dag3.py for tasks to queue
[2026-07-15T10:43:41.098+0000] {logging_mixin.py:188} INFO - [2026-07-15T10:43:41.097+0000] {dagbag.py:540} INFO - Filling up the DagBag from /opt/airflow/dags/silver_dag3.py
[2026-07-15T10:43:41.121+0000] {processor.py:840} INFO - DAG(s) 'silver_dag3' retrieved from /opt/airflow/dags/silver_dag3.py
[2026-07-15T10:43:41.153+0000] {logging_mixin.py:188} INFO - [2026-07-15T10:43:41.153+0000] {dag.py:3096} INFO - Sync 1 DAGs
[2026-07-15T10:43:41.178+0000] {logging_mixin.py:188} INFO - [2026-07-15T10:43:41.178+0000] {dag.py:3954} INFO - Setting next_dagrun for silver_dag3 to 2026-07-15 10:00:00+00:00, run_after=2026-07-15 11:00:00+00:00
[2026-07-15T10:43:41.198+0000] {processor.py:183} INFO - Processing /opt/airflow/dags/silver_dag3.py took 0.116 seconds
[2026-07-15T10:44:11.839+0000] {processor.py:161} INFO - Started process (PID=1386) to work on /opt/airflow/dags/silver_dag3.py
[2026-07-15T10:44:11.841+0000] {processor.py:830} INFO - Processing file /opt/airflow/dags/silver_dag3.py for tasks to queue
[2026-07-15T10:44:11.844+0000] {logging_mixin.py:188} INFO - [2026-07-15T10:44:11.844+0000] {dagbag.py:540} INFO - Filling up the DagBag from /opt/airflow/dags/silver_dag3.py
[2026-07-15T10:44:11.873+0000] {processor.py:840} INFO - DAG(s) 'silver_dag3' retrieved from /opt/airflow/dags/silver_dag3.py
[2026-07-15T10:44:11.907+0000] {logging_mixin.py:188} INFO - [2026-07-15T10:44:11.907+0000] {dag.py:3096} INFO - Sync 1 DAGs
[2026-07-15T10:44:11.931+0000] {logging_mixin.py:188} INFO - [2026-07-15T10:44:11.931+0000] {dag.py:3954} INFO - Setting next_dagrun for silver_dag3 to 2026-07-15 10:00:00+00:00, run_after=2026-07-15 11:00:00+00:00
[2026-07-15T10:44:11.954+0000] {processor.py:183} INFO - Processing /opt/airflow/dags/silver_dag3.py took 0.126 seconds
[2026-07-15T10:44:42.607+0000] {processor.py:161} INFO - Started process (PID=1411) to work on /opt/airflow/dags/silver_dag3.py
[2026-07-15T10:44:42.609+0000] {processor.py:830} INFO - Processing file /opt/airflow/dags/silver_dag3.py for tasks to queue
[2026-07-15T10:44:42.611+0000] {logging_mixin.py:188} INFO - [2026-07-15T10:44:42.610+0000] {dagbag.py:540} INFO - Filling up the DagBag from /opt/airflow/dags/silver_dag3.py
[2026-07-15T10:44:42.637+0000] {processor.py:840} INFO - DAG(s) 'silver_dag3' retrieved from /opt/airflow/dags/silver_dag3.py
[2026-07-15T10:44:42.673+0000] {logging_mixin.py:188} INFO - [2026-07-15T10:44:42.672+0000] {dag.py:3096} INFO - Sync 1 DAGs
[2026-07-15T10:44:42.707+0000] {logging_mixin.py:188} INFO - [2026-07-15T10:44:42.707+0000] {dag.py:3954} INFO - Setting next_dagrun for silver_dag3 to 2026-07-15 10:00:00+00:00, run_after=2026-07-15 11:00:00+00:00
[2026-07-15T10:44:42.734+0000] {processor.py:183} INFO - Processing /opt/airflow/dags/silver_dag3.py took 0.135 seconds
[2026-07-15T10:45:13.410+0000] {processor.py:161} INFO - Started process (PID=1436) to work on /opt/airflow/dags/silver_dag3.py
[2026-07-15T10:45:13.412+0000] {processor.py:830} INFO - Processing file /opt/airflow/dags/silver_dag3.py for tasks to queue
[2026-07-15T10:45:13.416+0000] {logging_mixin.py:188} INFO - [2026-07-15T10:45:13.415+0000] {dagbag.py:540} INFO - Filling up the DagBag from /opt/airflow/dags/silver_dag3.py
[2026-07-15T10:45:13.443+0000] {processor.py:840} INFO - DAG(s) 'silver_dag3' retrieved from /opt/airflow/dags/silver_dag3.py
[2026-07-15T10:45:13.472+0000] {logging_mixin.py:188} INFO - [2026-07-15T10:45:13.472+0000] {dag.py:3096} INFO - Sync 1 DAGs
[2026-07-15T10:45:13.498+0000] {logging_mixin.py:188} INFO - [2026-07-15T10:45:13.497+0000] {dag.py:3954} INFO - Setting next_dagrun for silver_dag3 to 2026-07-15 10:00:00+00:00, run_after=2026-07-15 11:00:00+00:00
[2026-07-15T10:45:13.520+0000] {processor.py:183} INFO - Processing /opt/airflow/dags/silver_dag3.py took 0.119 seconds
[2026-07-15T10:45:44.171+0000] {processor.py:161} INFO - Started process (PID=1461) to work on /opt/airflow/dags/silver_dag3.py
[2026-07-15T10:45:44.174+0000] {processor.py:830} INFO - Processing file /opt/airflow/dags/silver_dag3.py for tasks to queue
[2026-07-15T10:45:44.176+0000] {logging_mixin.py:188} INFO - [2026-07-15T10:45:44.175+0000] {dagbag.py:540} INFO - Filling up the DagBag from /opt/airflow/dags/silver_dag3.py
[2026-07-15T10:45:44.200+0000] {processor.py:840} INFO - DAG(s) 'silver_dag3' retrieved from /opt/airflow/dags/silver_dag3.py
[2026-07-15T10:45:44.233+0000] {logging_mixin.py:188} INFO - [2026-07-15T10:45:44.233+0000] {dag.py:3096} INFO - Sync 1 DAGs
[2026-07-15T10:45:44.262+0000] {logging_mixin.py:188} INFO - [2026-07-15T10:45:44.262+0000] {dag.py:3954} INFO - Setting next_dagrun for silver_dag3 to 2026-07-15 10:00:00+00:00, run_after=2026-07-15 11:00:00+00:00
[2026-07-15T10:45:44.284+0000] {processor.py:183} INFO - Processing /opt/airflow/dags/silver_dag3.py took 0.120 seconds
[2026-07-15T10:46:14.925+0000] {processor.py:161} INFO - Started process (PID=1486) to work on /opt/airflow/dags/silver_dag3.py
[2026-07-15T10:46:14.926+0000] {processor.py:830} INFO - Processing file /opt/airflow/dags/silver_dag3.py for tasks to queue
[2026-07-15T10:46:14.928+0000] {logging_mixin.py:188} INFO - [2026-07-15T10:46:14.927+0000] {dagbag.py:540} INFO - Filling up the DagBag from /opt/airflow/dags/silver_dag3.py
[2026-07-15T10:46:14.954+0000] {processor.py:840} INFO - DAG(s) 'silver_dag3' retrieved from /opt/airflow/dags/silver_dag3.py
[2026-07-15T10:46:14.987+0000] {logging_mixin.py:188} INFO - [2026-07-15T10:46:14.986+0000] {dag.py:3096} INFO - Sync 1 DAGs
[2026-07-15T10:46:15.013+0000] {logging_mixin.py:188} INFO - [2026-07-15T10:46:15.013+0000] {dag.py:3954} INFO - Setting next_dagrun for silver_dag3 to 2026-07-15 10:00:00+00:00, run_after=2026-07-15 11:00:00+00:00
[2026-07-15T10:46:15.035+0000] {processor.py:183} INFO - Processing /opt/airflow/dags/silver_dag3.py took 0.120 seconds
[2026-07-15T10:46:45.760+0000] {processor.py:161} INFO - Started process (PID=1511) to work on /opt/airflow/dags/silver_dag3.py
[2026-07-15T10:46:45.762+0000] {processor.py:830} INFO - Processing file /opt/airflow/dags/silver_dag3.py for tasks to queue
[2026-07-15T10:46:45.764+0000] {logging_mixin.py:188} INFO - [2026-07-15T10:46:45.763+0000] {dagbag.py:540} INFO - Filling up the DagBag from /opt/airflow/dags/silver_dag3.py
[2026-07-15T10:46:45.796+0000] {processor.py:840} INFO - DAG(s) 'silver_dag3' retrieved from /opt/airflow/dags/silver_dag3.py
[2026-07-15T10:46:45.839+0000] {logging_mixin.py:188} INFO - [2026-07-15T10:46:45.839+0000] {dag.py:3096} INFO - Sync 1 DAGs
[2026-07-15T10:46:45.883+0000] {logging_mixin.py:188} INFO - [2026-07-15T10:46:45.883+0000] {dag.py:3954} INFO - Setting next_dagrun for silver_dag3 to 2026-07-15 10:00:00+00:00, run_after=2026-07-15 11:00:00+00:00
[2026-07-15T10:46:45.913+0000] {processor.py:183} INFO - Processing /opt/airflow/dags/silver_dag3.py took 0.165 seconds
[2026-07-15T10:47:16.383+0000] {processor.py:161} INFO - Started process (PID=1536) to work on /opt/airflow/dags/silver_dag3.py
[2026-07-15T10:47:16.384+0000] {processor.py:830} INFO - Processing file /opt/airflow/dags/silver_dag3.py for tasks to queue
[2026-07-15T10:47:16.386+0000] {logging_mixin.py:188} INFO - [2026-07-15T10:47:16.385+0000] {dagbag.py:540} INFO - Filling up the DagBag from /opt/airflow/dags/silver_dag3.py
[2026-07-15T10:47:16.412+0000] {processor.py:840} INFO - DAG(s) 'silver_dag3' retrieved from /opt/airflow/dags/silver_dag3.py
[2026-07-15T10:47:16.442+0000] {logging_mixin.py:188} INFO - [2026-07-15T10:47:16.442+0000] {dag.py:3096} INFO - Sync 1 DAGs
[2026-07-15T10:47:16.468+0000] {logging_mixin.py:188} INFO - [2026-07-15T10:47:16.468+0000] {dag.py:3954} INFO - Setting next_dagrun for silver_dag3 to 2026-07-15 10:00:00+00:00, run_after=2026-07-15 11:00:00+00:00
[2026-07-15T10:47:16.505+0000] {processor.py:183} INFO - Processing /opt/airflow/dags/silver_dag3.py took 0.129 seconds
[2026-07-15T10:47:47.240+0000] {processor.py:161} INFO - Started process (PID=1561) to work on /opt/airflow/dags/silver_dag3.py
[2026-07-15T10:47:47.242+0000] {processor.py:830} INFO - Processing file /opt/airflow/dags/silver_dag3.py for tasks to queue
[2026-07-15T10:47:47.243+0000] {logging_mixin.py:188} INFO - [2026-07-15T10:47:47.243+0000] {dagbag.py:540} INFO - Filling up the DagBag from /opt/airflow/dags/silver_dag3.py
[2026-07-15T10:47:47.269+0000] {processor.py:840} INFO - DAG(s) 'silver_dag3' retrieved from /opt/airflow/dags/silver_dag3.py
[2026-07-15T10:47:47.299+0000] {logging_mixin.py:188} INFO - [2026-07-15T10:47:47.299+0000] {dag.py:3096} INFO - Sync 1 DAGs
[2026-07-15T10:47:47.323+0000] {logging_mixin.py:188} INFO - [2026-07-15T10:47:47.323+0000] {dag.py:3954} INFO - Setting next_dagrun for silver_dag3 to 2026-07-15 10:00:00+00:00, run_after=2026-07-15 11:00:00+00:00
[2026-07-15T10:47:47.343+0000] {processor.py:183} INFO - Processing /opt/airflow/dags/silver_dag3.py took 0.112 seconds
[2026-07-15T10:48:17.986+0000] {processor.py:161} INFO - Started process (PID=1586) to work on /opt/airflow/dags/silver_dag3.py
[2026-07-15T10:48:17.988+0000] {processor.py:830} INFO - Processing file /opt/airflow/dags/silver_dag3.py for tasks to queue
[2026-07-15T10:48:17.990+0000] {logging_mixin.py:188} INFO - [2026-07-15T10:48:17.989+0000] {dagbag.py:540} INFO - Filling up the DagBag from /opt/airflow/dags/silver_dag3.py
[2026-07-15T10:48:18.015+0000] {processor.py:840} INFO - DAG(s) 'silver_dag3' retrieved from /opt/airflow/dags/silver_dag3.py
[2026-07-15T10:48:18.045+0000] {logging_mixin.py:188} INFO - [2026-07-15T10:48:18.045+0000] {dag.py:3096} INFO - Sync 1 DAGs
[2026-07-15T10:48:18.073+0000] {logging_mixin.py:188} INFO - [2026-07-15T10:48:18.072+0000] {dag.py:3954} INFO - Setting next_dagrun for silver_dag3 to 2026-07-15 10:00:00+00:00, run_after=2026-07-15 11:00:00+00:00
[2026-07-15T10:48:18.093+0000] {processor.py:183} INFO - Processing /opt/airflow/dags/silver_dag3.py took 0.114 seconds
[2026-07-15T10:48:48.819+0000] {processor.py:161} INFO - Started process (PID=1611) to work on /opt/airflow/dags/silver_dag3.py
[2026-07-15T10:48:48.821+0000] {processor.py:830} INFO - Processing file /opt/airflow/dags/silver_dag3.py for tasks to queue
[2026-07-15T10:48:48.822+0000] {logging_mixin.py:188} INFO - [2026-07-15T10:48:48.822+0000] {dagbag.py:540} INFO - Filling up the DagBag from /opt/airflow/dags/silver_dag3.py
[2026-07-15T10:48:48.850+0000] {processor.py:840} INFO - DAG(s) 'silver_dag3' retrieved from /opt/airflow/dags/silver_dag3.py
[2026-07-15T10:48:48.879+0000] {logging_mixin.py:188} INFO - [2026-07-15T10:48:48.879+0000] {dag.py:3096} INFO - Sync 1 DAGs
[2026-07-15T10:48:48.904+0000] {logging_mixin.py:188} INFO - [2026-07-15T10:48:48.904+0000] {dag.py:3954} INFO - Setting next_dagrun for silver_dag3 to 2026-07-15 10:00:00+00:00, run_after=2026-07-15 11:00:00+00:00
[2026-07-15T10:48:48.927+0000] {processor.py:183} INFO - Processing /opt/airflow/dags/silver_dag3.py took 0.115 seconds
[2026-07-15T10:49:19.564+0000] {processor.py:161} INFO - Started process (PID=1636) to work on /opt/airflow/dags/silver_dag3.py
[2026-07-15T10:49:19.565+0000] {processor.py:830} INFO - Processing file /opt/airflow/dags/silver_dag3.py for tasks to queue
[2026-07-15T10:49:19.567+0000] {logging_mixin.py:188} INFO - [2026-07-15T10:49:19.566+0000] {dagbag.py:540} INFO - Filling up the DagBag from /opt/airflow/dags/silver_dag3.py
[2026-07-15T10:49:19.592+0000] {processor.py:840} INFO - DAG(s) 'silver_dag3' retrieved from /opt/airflow/dags/silver_dag3.py
[2026-07-15T10:49:19.627+0000] {logging_mixin.py:188} INFO - [2026-07-15T10:49:19.627+0000] {dag.py:3096} INFO - Sync 1 DAGs
[2026-07-15T10:49:19.652+0000] {logging_mixin.py:188} INFO - [2026-07-15T10:49:19.652+0000] {dag.py:3954} INFO - Setting next_dagrun for silver_dag3 to 2026-07-15 10:00:00+00:00, run_after=2026-07-15 11:00:00+00:00
[2026-07-15T10:49:19.672+0000] {processor.py:183} INFO - Processing /opt/airflow/dags/silver_dag3.py took 0.116 seconds
[2026-07-15T10:49:50.423+0000] {processor.py:161} INFO - Started process (PID=1661) to work on /opt/airflow/dags/silver_dag3.py
[2026-07-15T10:49:50.424+0000] {processor.py:830} INFO - Processing file /opt/airflow/dags/silver_dag3.py for tasks to queue
[2026-07-15T10:49:50.426+0000] {logging_mixin.py:188} INFO - [2026-07-15T10:49:50.426+0000] {dagbag.py:540} INFO - Filling up the DagBag from /opt/airflow/dags/silver_dag3.py
[2026-07-15T10:49:50.450+0000] {processor.py:840} INFO - DAG(s) 'silver_dag3' retrieved from /opt/airflow/dags/silver_dag3.py
[2026-07-15T10:49:50.477+0000] {logging_mixin.py:188} INFO - [2026-07-15T10:49:50.477+0000] {dag.py:3096} INFO - Sync 1 DAGs
[2026-07-15T10:49:50.501+0000] {logging_mixin.py:188} INFO - [2026-07-15T10:49:50.501+0000] {dag.py:3954} INFO - Setting next_dagrun for silver_dag3 to 2026-07-15 10:00:00+00:00, run_after=2026-07-15 11:00:00+00:00
[2026-07-15T10:49:50.522+0000] {processor.py:183} INFO - Processing /opt/airflow/dags/silver_dag3.py took 0.108 seconds
[2026-07-15T10:50:21.157+0000] {processor.py:161} INFO - Started process (PID=1686) to work on /opt/airflow/dags/silver_dag3.py
[2026-07-15T10:50:21.159+0000] {processor.py:830} INFO - Processing file /opt/airflow/dags/silver_dag3.py for tasks to queue
[2026-07-15T10:50:21.161+0000] {logging_mixin.py:188} INFO - [2026-07-15T10:50:21.161+0000] {dagbag.py:540} INFO - Filling up the DagBag from /opt/airflow/dags/silver_dag3.py
[2026-07-15T10:50:21.188+0000] {processor.py:840} INFO - DAG(s) 'silver_dag3' retrieved from /opt/airflow/dags/silver_dag3.py
[2026-07-15T10:50:21.218+0000] {logging_mixin.py:188} INFO - [2026-07-15T10:50:21.218+0000] {dag.py:3096} INFO - Sync 1 DAGs
[2026-07-15T10:50:21.241+0000] {logging_mixin.py:188} INFO - [2026-07-15T10:50:21.241+0000] {dag.py:3954} INFO - Setting next_dagrun for silver_dag3 to 2026-07-15 10:00:00+00:00, run_after=2026-07-15 11:00:00+00:00
[2026-07-15T10:50:21.261+0000] {processor.py:183} INFO - Processing /opt/airflow/dags/silver_dag3.py took 0.111 seconds
[2026-07-15T10:50:51.936+0000] {processor.py:161} INFO - Started process (PID=1711) to work on /opt/airflow/dags/silver_dag3.py
[2026-07-15T10:50:51.937+0000] {processor.py:830} INFO - Processing file /opt/airflow/dags/silver_dag3.py for tasks to queue
[2026-07-15T10:50:51.939+0000] {logging_mixin.py:188} INFO - [2026-07-15T10:50:51.938+0000] {dagbag.py:540} INFO - Filling up the DagBag from /opt/airflow/dags/silver_dag3.py
[2026-07-15T10:50:51.966+0000] {processor.py:840} INFO - DAG(s) 'silver_dag3' retrieved from /opt/airflow/dags/silver_dag3.py
[2026-07-15T10:50:51.996+0000] {logging_mixin.py:188} INFO - [2026-07-15T10:50:51.995+0000] {dag.py:3096} INFO - Sync 1 DAGs
[2026-07-15T10:50:52.021+0000] {logging_mixin.py:188} INFO - [2026-07-15T10:50:52.021+0000] {dag.py:3954} INFO - Setting next_dagrun for silver_dag3 to 2026-07-15 10:00:00+00:00, run_after=2026-07-15 11:00:00+00:00
[2026-07-15T10:50:52.045+0000] {processor.py:183} INFO - Processing /opt/airflow/dags/silver_dag3.py took 0.119 seconds
[2026-07-15T10:51:22.725+0000] {processor.py:161} INFO - Started process (PID=1736) to work on /opt/airflow/dags/silver_dag3.py
[2026-07-15T10:51:22.727+0000] {processor.py:830} INFO - Processing file /opt/airflow/dags/silver_dag3.py for tasks to queue
[2026-07-15T10:51:22.729+0000] {logging_mixin.py:188} INFO - [2026-07-15T10:51:22.729+0000] {dagbag.py:540} INFO - Filling up the DagBag from /opt/airflow/dags/silver_dag3.py
[2026-07-15T10:51:22.754+0000] {processor.py:840} INFO - DAG(s) 'silver_dag3' retrieved from /opt/airflow/dags/silver_dag3.py
[2026-07-15T10:51:22.785+0000] {logging_mixin.py:188} INFO - [2026-07-15T10:51:22.784+0000] {dag.py:3096} INFO - Sync 1 DAGs
[2026-07-15T10:51:22.810+0000] {logging_mixin.py:188} INFO - [2026-07-15T10:51:22.810+0000] {dag.py:3954} INFO - Setting next_dagrun for silver_dag3 to 2026-07-15 10:00:00+00:00, run_after=2026-07-15 11:00:00+00:00
[2026-07-15T10:51:22.830+0000] {processor.py:183} INFO - Processing /opt/airflow/dags/silver_dag3.py took 0.114 seconds
[2026-07-15T10:51:53.591+0000] {processor.py:161} INFO - Started process (PID=1761) to work on /opt/airflow/dags/silver_dag3.py
[2026-07-15T10:51:53.593+0000] {processor.py:830} INFO - Processing file /opt/airflow/dags/silver_dag3.py for tasks to queue
[2026-07-15T10:51:53.595+0000] {logging_mixin.py:188} INFO - [2026-07-15T10:51:53.595+0000] {dagbag.py:540} INFO - Filling up the DagBag from /opt/airflow/dags/silver_dag3.py
[2026-07-15T10:51:53.624+0000] {processor.py:840} INFO - DAG(s) 'silver_dag3' retrieved from /opt/airflow/dags/silver_dag3.py
[2026-07-15T10:51:53.651+0000] {logging_mixin.py:188} INFO - [2026-07-15T10:51:53.651+0000] {dag.py:3096} INFO - Sync 1 DAGs
[2026-07-15T10:51:53.675+0000] {logging_mixin.py:188} INFO - [2026-07-15T10:51:53.675+0000] {dag.py:3954} INFO - Setting next_dagrun for silver_dag3 to 2026-07-15 10:00:00+00:00, run_after=2026-07-15 11:00:00+00:00
[2026-07-15T10:51:53.697+0000] {processor.py:183} INFO - Processing /opt/airflow/dags/silver_dag3.py took 0.113 seconds
[2026-07-15T10:52:24.340+0000] {processor.py:161} INFO - Started process (PID=1786) to work on /opt/airflow/dags/silver_dag3.py
[2026-07-15T10:52:24.341+0000] {processor.py:830} INFO - Processing file /opt/airflow/dags/silver_dag3.py for tasks to queue
[2026-07-15T10:52:24.343+0000] {logging_mixin.py:188} INFO - [2026-07-15T10:52:24.342+0000] {dagbag.py:540} INFO - Filling up the DagBag from /opt/airflow/dags/silver_dag3.py
[2026-07-15T10:52:24.362+0000] {processor.py:840} INFO - DAG(s) 'silver_dag3' retrieved from /opt/airflow/dags/silver_dag3.py
[2026-07-15T10:52:24.388+0000] {logging_mixin.py:188} INFO - [2026-07-15T10:52:24.388+0000] {dag.py:3096} INFO - Sync 1 DAGs
[2026-07-15T10:52:24.411+0000] {logging_mixin.py:188} INFO - [2026-07-15T10:52:24.411+0000] {dag.py:3954} INFO - Setting next_dagrun for silver_dag3 to 2026-07-15 10:00:00+00:00, run_after=2026-07-15 11:00:00+00:00
[2026-07-15T10:52:24.431+0000] {processor.py:183} INFO - Processing /opt/airflow/dags/silver_dag3.py took 0.097 seconds
[2026-07-15T10:52:55.132+0000] {processor.py:161} INFO - Started process (PID=1811) to work on /opt/airflow/dags/silver_dag3.py
[2026-07-15T10:52:55.135+0000] {processor.py:830} INFO - Processing file /opt/airflow/dags/silver_dag3.py for tasks to queue
[2026-07-15T10:52:55.137+0000] {logging_mixin.py:188} INFO - [2026-07-15T10:52:55.136+0000] {dagbag.py:540} INFO - Filling up the DagBag from /opt/airflow/dags/silver_dag3.py
[2026-07-15T10:52:55.167+0000] {processor.py:840} INFO - DAG(s) 'silver_dag3' retrieved from /opt/airflow/dags/silver_dag3.py
[2026-07-15T10:52:55.197+0000] {logging_mixin.py:188} INFO - [2026-07-15T10:52:55.196+0000] {dag.py:3096} INFO - Sync 1 DAGs
[2026-07-15T10:52:55.218+0000] {logging_mixin.py:188} INFO - [2026-07-15T10:52:55.217+0000] {dag.py:3954} INFO - Setting next_dagrun for silver_dag3 to 2026-07-15 10:00:00+00:00, run_after=2026-07-15 11:00:00+00:00
[2026-07-15T10:52:55.239+0000] {processor.py:183} INFO - Processing /opt/airflow/dags/silver_dag3.py took 0.115 seconds
[2026-07-15T10:53:25.912+0000] {processor.py:161} INFO - Started process (PID=1836) to work on /opt/airflow/dags/silver_dag3.py
[2026-07-15T10:53:25.914+0000] {processor.py:830} INFO - Processing file /opt/airflow/dags/silver_dag3.py for tasks to queue
[2026-07-15T10:53:25.915+0000] {logging_mixin.py:188} INFO - [2026-07-15T10:53:25.915+0000] {dagbag.py:540} INFO - Filling up the DagBag from /opt/airflow/dags/silver_dag3.py
[2026-07-15T10:53:25.946+0000] {processor.py:840} INFO - DAG(s) 'silver_dag3' retrieved from /opt/airflow/dags/silver_dag3.py
[2026-07-15T10:53:25.975+0000] {logging_mixin.py:188} INFO - [2026-07-15T10:53:25.975+0000] {dag.py:3096} INFO - Sync 1 DAGs
[2026-07-15T10:53:26.002+0000] {logging_mixin.py:188} INFO - [2026-07-15T10:53:26.001+0000] {dag.py:3954} INFO - Setting next_dagrun for silver_dag3 to 2026-07-15 10:00:00+00:00, run_after=2026-07-15 11:00:00+00:00
[2026-07-15T10:53:26.022+0000] {processor.py:183} INFO - Processing /opt/airflow/dags/silver_dag3.py took 0.120 seconds
[2026-07-15T10:53:56.701+0000] {processor.py:161} INFO - Started process (PID=1861) to work on /opt/airflow/dags/silver_dag3.py
[2026-07-15T10:53:56.703+0000] {processor.py:830} INFO - Processing file /opt/airflow/dags/silver_dag3.py for tasks to queue
[2026-07-15T10:53:56.705+0000] {logging_mixin.py:188} INFO - [2026-07-15T10:53:56.704+0000] {dagbag.py:540} INFO - Filling up the DagBag from /opt/airflow/dags/silver_dag3.py
[2026-07-15T10:53:56.730+0000] {processor.py:840} INFO - DAG(s) 'silver_dag3' retrieved from /opt/airflow/dags/silver_dag3.py
[2026-07-15T10:53:56.764+0000] {logging_mixin.py:188} INFO - [2026-07-15T10:53:56.763+0000] {dag.py:3096} INFO - Sync 1 DAGs
[2026-07-15T10:53:56.790+0000] {logging_mixin.py:188} INFO - [2026-07-15T10:53:56.789+0000] {dag.py:3954} INFO - Setting next_dagrun for silver_dag3 to 2026-07-15 10:00:00+00:00, run_after=2026-07-15 11:00:00+00:00
[2026-07-15T10:53:56.810+0000] {processor.py:183} INFO - Processing /opt/airflow/dags/silver_dag3.py took 0.119 seconds
[2026-07-15T10:54:27.474+0000] {processor.py:161} INFO - Started process (PID=1886) to work on /opt/airflow/dags/silver_dag3.py
[2026-07-15T10:54:27.476+0000] {processor.py:830} INFO - Processing file /opt/airflow/dags/silver_dag3.py for tasks to queue
[2026-07-15T10:54:27.477+0000] {logging_mixin.py:188} INFO - [2026-07-15T10:54:27.477+0000] {dagbag.py:540} INFO - Filling up the DagBag from /opt/airflow/dags/silver_dag3.py
[2026-07-15T10:54:27.504+0000] {processor.py:840} INFO - DAG(s) 'silver_dag3' retrieved from /opt/airflow/dags/silver_dag3.py
[2026-07-15T10:54:27.540+0000] {logging_mixin.py:188} INFO - [2026-07-15T10:54:27.540+0000] {dag.py:3096} INFO - Sync 1 DAGs
[2026-07-15T10:54:27.567+0000] {logging_mixin.py:188} INFO - [2026-07-15T10:54:27.567+0000] {dag.py:3954} INFO - Setting next_dagrun for silver_dag3 to 2026-07-15 10:00:00+00:00, run_after=2026-07-15 11:00:00+00:00
[2026-07-15T10:54:27.592+0000] {processor.py:183} INFO - Processing /opt/airflow/dags/silver_dag3.py took 0.125 seconds
[2026-07-15T10:54:58.271+0000] {processor.py:161} INFO - Started process (PID=1911) to work on /opt/airflow/dags/silver_dag3.py
[2026-07-15T10:54:58.272+0000] {processor.py:830} INFO - Processing file /opt/airflow/dags/silver_dag3.py for tasks to queue
[2026-07-15T10:54:58.274+0000] {logging_mixin.py:188} INFO - [2026-07-15T10:54:58.274+0000] {dagbag.py:540} INFO - Filling up the DagBag from /opt/airflow/dags/silver_dag3.py
[2026-07-15T10:54:58.297+0000] {processor.py:840} INFO - DAG(s) 'silver_dag3' retrieved from /opt/airflow/dags/silver_dag3.py
[2026-07-15T10:54:58.323+0000] {logging_mixin.py:188} INFO - [2026-07-15T10:54:58.323+0000] {dag.py:3096} INFO - Sync 1 DAGs
[2026-07-15T10:54:58.349+0000] {logging_mixin.py:188} INFO - [2026-07-15T10:54:58.349+0000] {dag.py:3954} INFO - Setting next_dagrun for silver_dag3 to 2026-07-15 10:00:00+00:00, run_after=2026-07-15 11:00:00+00:00
[2026-07-15T10:54:58.378+0000] {processor.py:183} INFO - Processing /opt/airflow/dags/silver_dag3.py took 0.113 seconds
[2026-07-15T10:55:29.077+0000] {processor.py:161} INFO - Started process (PID=1936) to work on /opt/airflow/dags/silver_dag3.py
[2026-07-15T10:55:29.078+0000] {processor.py:830} INFO - Processing file /opt/airflow/dags/silver_dag3.py for tasks to queue
[2026-07-15T10:55:29.080+0000] {logging_mixin.py:188} INFO - [2026-07-15T10:55:29.080+0000] {dagbag.py:540} INFO - Filling up the DagBag from /opt/airflow/dags/silver_dag3.py
[2026-07-15T10:55:29.107+0000] {processor.py:840} INFO - DAG(s) 'silver_dag3' retrieved from /opt/airflow/dags/silver_dag3.py
[2026-07-15T10:55:29.136+0000] {logging_mixin.py:188} INFO - [2026-07-15T10:55:29.135+0000] {dag.py:3096} INFO - Sync 1 DAGs
[2026-07-15T10:55:29.163+0000] {logging_mixin.py:188} INFO - [2026-07-15T10:55:29.163+0000] {dag.py:3954} INFO - Setting next_dagrun for silver_dag3 to 2026-07-15 10:00:00+00:00, run_after=2026-07-15 11:00:00+00:00
[2026-07-15T10:55:29.187+0000] {processor.py:183} INFO - Processing /opt/airflow/dags/silver_dag3.py took 0.118 seconds
[2026-07-15T10:55:59.792+0000] {processor.py:161} INFO - Started process (PID=1961) to work on /opt/airflow/dags/silver_dag3.py
[2026-07-15T10:55:59.795+0000] {processor.py:830} INFO - Processing file /opt/airflow/dags/silver_dag3.py for tasks to queue
[2026-07-15T10:55:59.798+0000] {logging_mixin.py:188} INFO - [2026-07-15T10:55:59.797+0000] {dagbag.py:540} INFO - Filling up the DagBag from /opt/airflow/dags/silver_dag3.py
[2026-07-15T10:55:59.827+0000] {processor.py:840} INFO - DAG(s) 'silver_dag3' retrieved from /opt/airflow/dags/silver_dag3.py
[2026-07-15T10:55:59.864+0000] {logging_mixin.py:188} INFO - [2026-07-15T10:55:59.864+0000] {dag.py:3096} INFO - Sync 1 DAGs
[2026-07-15T10:55:59.896+0000] {logging_mixin.py:188} INFO - [2026-07-15T10:55:59.896+0000] {dag.py:3954} INFO - Setting next_dagrun for silver_dag3 to 2026-07-15 10:00:00+00:00, run_after=2026-07-15 11:00:00+00:00
[2026-07-15T10:55:59.928+0000] {processor.py:183} INFO - Processing /opt/airflow/dags/silver_dag3.py took 0.145 seconds
[2026-07-15T10:56:30.662+0000] {processor.py:161} INFO - Started process (PID=1986) to work on /opt/airflow/dags/silver_dag3.py
[2026-07-15T10:56:30.664+0000] {processor.py:830} INFO - Processing file /opt/airflow/dags/silver_dag3.py for tasks to queue
[2026-07-15T10:56:30.666+0000] {logging_mixin.py:188} INFO - [2026-07-15T10:56:30.665+0000] {dagbag.py:540} INFO - Filling up the DagBag from /opt/airflow/dags/silver_dag3.py
[2026-07-15T10:56:30.689+0000] {processor.py:840} INFO - DAG(s) 'silver_dag3' retrieved from /opt/airflow/dags/silver_dag3.py
[2026-07-15T10:56:30.716+0000] {logging_mixin.py:188} INFO - [2026-07-15T10:56:30.716+0000] {dag.py:3096} INFO - Sync 1 DAGs
[2026-07-15T10:56:30.743+0000] {logging_mixin.py:188} INFO - [2026-07-15T10:56:30.743+0000] {dag.py:3954} INFO - Setting next_dagrun for silver_dag3 to 2026-07-15 10:00:00+00:00, run_after=2026-07-15 11:00:00+00:00
[2026-07-15T10:56:30.765+0000] {processor.py:183} INFO - Processing /opt/airflow/dags/silver_dag3.py took 0.109 seconds
[2026-07-15T10:57:01.566+0000] {processor.py:161} INFO - Started process (PID=2011) to work on /opt/airflow/dags/silver_dag3.py
[2026-07-15T10:57:01.567+0000] {processor.py:830} INFO - Processing file /opt/airflow/dags/silver_dag3.py for tasks to queue
[2026-07-15T10:57:01.569+0000] {logging_mixin.py:188} INFO - [2026-07-15T10:57:01.569+0000] {dagbag.py:540} INFO - Filling up the DagBag from /opt/airflow/dags/silver_dag3.py
[2026-07-15T10:57:01.595+0000] {processor.py:840} INFO - DAG(s) 'silver_dag3' retrieved from /opt/airflow/dags/silver_dag3.py
[2026-07-15T10:57:01.623+0000] {logging_mixin.py:188} INFO - [2026-07-15T10:57:01.623+0000] {dag.py:3096} INFO - Sync 1 DAGs
[2026-07-15T10:57:01.648+0000] {logging_mixin.py:188} INFO - [2026-07-15T10:57:01.648+0000] {dag.py:3954} INFO - Setting next_dagrun for silver_dag3 to 2026-07-15 10:00:00+00:00, run_after=2026-07-15 11:00:00+00:00
[2026-07-15T10:57:01.671+0000] {processor.py:183} INFO - Processing /opt/airflow/dags/silver_dag3.py took 0.113 seconds
[2026-07-15T10:57:32.369+0000] {processor.py:161} INFO - Started process (PID=2036) to work on /opt/airflow/dags/silver_dag3.py
[2026-07-15T10:57:32.371+0000] {processor.py:830} INFO - Processing file /opt/airflow/dags/silver_dag3.py for tasks to queue
[2026-07-15T10:57:32.373+0000] {logging_mixin.py:188} INFO - [2026-07-15T10:57:32.372+0000] {dagbag.py:540} INFO - Filling up the DagBag from /opt/airflow/dags/silver_dag3.py
[2026-07-15T10:57:32.398+0000] {processor.py:840} INFO - DAG(s) 'silver_dag3' retrieved from /opt/airflow/dags/silver_dag3.py
[2026-07-15T10:57:32.430+0000] {logging_mixin.py:188} INFO - [2026-07-15T10:57:32.430+0000] {dag.py:3096} INFO - Sync 1 DAGs
[2026-07-15T10:57:32.454+0000] {logging_mixin.py:188} INFO - [2026-07-15T10:57:32.454+0000] {dag.py:3954} INFO - Setting next_dagrun for silver_dag3 to 2026-07-15 10:00:00+00:00, run_after=2026-07-15 11:00:00+00:00
[2026-07-15T10:57:32.476+0000] {processor.py:183} INFO - Processing /opt/airflow/dags/silver_dag3.py took 0.116 seconds
[2026-07-15T10:58:03.106+0000] {processor.py:161} INFO - Started process (PID=2061) to work on /opt/airflow/dags/silver_dag3.py
[2026-07-15T10:58:03.108+0000] {processor.py:830} INFO - Processing file /opt/airflow/dags/silver_dag3.py for tasks to queue
[2026-07-15T10:58:03.110+0000] {logging_mixin.py:188} INFO - [2026-07-15T10:58:03.110+0000] {dagbag.py:540} INFO - Filling up the DagBag from /opt/airflow/dags/silver_dag3.py
[2026-07-15T10:58:03.139+0000] {processor.py:840} INFO - DAG(s) 'silver_dag3' retrieved from /opt/airflow/dags/silver_dag3.py
[2026-07-15T10:58:03.172+0000] {logging_mixin.py:188} INFO - [2026-07-15T10:58:03.172+0000] {dag.py:3096} INFO - Sync 1 DAGs
[2026-07-15T10:58:03.196+0000] {logging_mixin.py:188} INFO - [2026-07-15T10:58:03.196+0000] {dag.py:3954} INFO - Setting next_dagrun for silver_dag3 to 2026-07-15 10:00:00+00:00, run_after=2026-07-15 11:00:00+00:00
[2026-07-15T10:58:03.216+0000] {processor.py:183} INFO - Processing /opt/airflow/dags/silver_dag3.py took 0.118 seconds
[2026-07-15T10:58:33.865+0000] {processor.py:161} INFO - Started process (PID=2086) to work on /opt/airflow/dags/silver_dag3.py
[2026-07-15T10:58:33.867+0000] {processor.py:830} INFO - Processing file /opt/airflow/dags/silver_dag3.py for tasks to queue
[2026-07-15T10:58:33.870+0000] {logging_mixin.py:188} INFO - [2026-07-15T10:58:33.870+0000] {dagbag.py:540} INFO - Filling up the DagBag from /opt/airflow/dags/silver_dag3.py
[2026-07-15T10:58:33.907+0000] {processor.py:840} INFO - DAG(s) 'silver_dag3' retrieved from /opt/airflow/dags/silver_dag3.py
[2026-07-15T10:58:33.983+0000] {logging_mixin.py:188} INFO - [2026-07-15T10:58:33.982+0000] {dag.py:3096} INFO - Sync 1 DAGs
[2026-07-15T10:58:34.054+0000] {logging_mixin.py:188} INFO - [2026-07-15T10:58:34.054+0000] {dag.py:3954} INFO - Setting next_dagrun for silver_dag3 to 2026-07-15 10:00:00+00:00, run_after=2026-07-15 11:00:00+00:00
[2026-07-15T10:58:34.104+0000] {processor.py:183} INFO - Processing /opt/airflow/dags/silver_dag3.py took 0.255 seconds
[2026-07-15T10:59:04.746+0000] {processor.py:161} INFO - Started process (PID=2111) to work on /opt/airflow/dags/silver_dag3.py
[2026-07-15T10:59:04.748+0000] {processor.py:830} INFO - Processing file /opt/airflow/dags/silver_dag3.py for tasks to queue
[2026-07-15T10:59:04.750+0000] {logging_mixin.py:188} INFO - [2026-07-15T10:59:04.750+0000] {dagbag.py:540} INFO - Filling up the DagBag from /opt/airflow/dags/silver_dag3.py
[2026-07-15T10:59:04.773+0000] {processor.py:840} INFO - DAG(s) 'silver_dag3' retrieved from /opt/airflow/dags/silver_dag3.py
[2026-07-15T10:59:04.803+0000] {logging_mixin.py:188} INFO - [2026-07-15T10:59:04.803+0000] {dag.py:3096} INFO - Sync 1 DAGs
[2026-07-15T10:59:04.827+0000] {logging_mixin.py:188} INFO - [2026-07-15T10:59:04.827+0000] {dag.py:3954} INFO - Setting next_dagrun for silver_dag3 to 2026-07-15 10:00:00+00:00, run_after=2026-07-15 11:00:00+00:00
[2026-07-15T10:59:04.851+0000] {processor.py:183} INFO - Processing /opt/airflow/dags/silver_dag3.py took 0.112 seconds
[2026-07-15T10:59:35.577+0000] {processor.py:161} INFO - Started process (PID=2136) to work on /opt/airflow/dags/silver_dag3.py
[2026-07-15T10:59:35.582+0000] {processor.py:830} INFO - Processing file /opt/airflow/dags/silver_dag3.py for tasks to queue
[2026-07-15T10:59:35.584+0000] {logging_mixin.py:188} INFO - [2026-07-15T10:59:35.583+0000] {dagbag.py:540} INFO - Filling up the DagBag from /opt/airflow/dags/silver_dag3.py
[2026-07-15T10:59:35.626+0000] {processor.py:840} INFO - DAG(s) 'silver_dag3' retrieved from /opt/airflow/dags/silver_dag3.py
[2026-07-15T10:59:35.665+0000] {logging_mixin.py:188} INFO - [2026-07-15T10:59:35.664+0000] {dag.py:3096} INFO - Sync 1 DAGs
[2026-07-15T10:59:35.700+0000] {logging_mixin.py:188} INFO - [2026-07-15T10:59:35.700+0000] {dag.py:3954} INFO - Setting next_dagrun for silver_dag3 to 2026-07-15 10:00:00+00:00, run_after=2026-07-15 11:00:00+00:00
[2026-07-15T10:59:35.726+0000] {processor.py:183} INFO - Processing /opt/airflow/dags/silver_dag3.py took 0.168 seconds
[2026-07-15T11:00:06.372+0000] {processor.py:161} INFO - Started process (PID=2161) to work on /opt/airflow/dags/silver_dag3.py
[2026-07-15T11:00:06.373+0000] {processor.py:830} INFO - Processing file /opt/airflow/dags/silver_dag3.py for tasks to queue
[2026-07-15T11:00:06.375+0000] {logging_mixin.py:188} INFO - [2026-07-15T11:00:06.375+0000] {dagbag.py:540} INFO - Filling up the DagBag from /opt/airflow/dags/silver_dag3.py
[2026-07-15T11:00:06.401+0000] {processor.py:840} INFO - DAG(s) 'silver_dag3' retrieved from /opt/airflow/dags/silver_dag3.py
[2026-07-15T11:00:06.434+0000] {logging_mixin.py:188} INFO - [2026-07-15T11:00:06.434+0000] {dag.py:3096} INFO - Sync 1 DAGs
[2026-07-15T11:00:06.472+0000] {logging_mixin.py:188} INFO - [2026-07-15T11:00:06.472+0000] {dag.py:3954} INFO - Setting next_dagrun for silver_dag3 to 2026-07-15 10:00:00+00:00, run_after=2026-07-15 11:00:00+00:00
[2026-07-15T11:00:06.503+0000] {processor.py:183} INFO - Processing /opt/airflow/dags/silver_dag3.py took 0.138 seconds
[2026-07-15T11:00:37.147+0000] {processor.py:161} INFO - Started process (PID=2186) to work on /opt/airflow/dags/silver_dag3.py
[2026-07-15T11:00:37.149+0000] {processor.py:830} INFO - Processing file /opt/airflow/dags/silver_dag3.py for tasks to queue
[2026-07-15T11:00:37.151+0000] {logging_mixin.py:188} INFO - [2026-07-15T11:00:37.150+0000] {dagbag.py:540} INFO - Filling up the DagBag from /opt/airflow/dags/silver_dag3.py
[2026-07-15T11:00:37.178+0000] {processor.py:840} INFO - DAG(s) 'silver_dag3' retrieved from /opt/airflow/dags/silver_dag3.py
[2026-07-15T11:00:37.211+0000] {logging_mixin.py:188} INFO - [2026-07-15T11:00:37.210+0000] {dag.py:3096} INFO - Sync 1 DAGs
[2026-07-15T11:00:37.243+0000] {logging_mixin.py:188} INFO - [2026-07-15T11:00:37.242+0000] {dag.py:3954} INFO - Setting next_dagrun for silver_dag3 to 2026-07-15 10:00:00+00:00, run_after=2026-07-15 11:00:00+00:00
[2026-07-15T11:00:37.277+0000] {processor.py:183} INFO - Processing /opt/airflow/dags/silver_dag3.py took 0.142 seconds
[2026-07-15T11:01:07.954+0000] {processor.py:161} INFO - Started process (PID=2211) to work on /opt/airflow/dags/silver_dag3.py
[2026-07-15T11:01:07.956+0000] {processor.py:830} INFO - Processing file /opt/airflow/dags/silver_dag3.py for tasks to queue
[2026-07-15T11:01:07.957+0000] {logging_mixin.py:188} INFO - [2026-07-15T11:01:07.957+0000] {dagbag.py:540} INFO - Filling up the DagBag from /opt/airflow/dags/silver_dag3.py
[2026-07-15T11:01:07.982+0000] {processor.py:840} INFO - DAG(s) 'silver_dag3' retrieved from /opt/airflow/dags/silver_dag3.py
[2026-07-15T11:01:08.012+0000] {logging_mixin.py:188} INFO - [2026-07-15T11:01:08.012+0000] {dag.py:3096} INFO - Sync 1 DAGs
[2026-07-15T11:01:08.042+0000] {logging_mixin.py:188} INFO - [2026-07-15T11:01:08.042+0000] {dag.py:3954} INFO - Setting next_dagrun for silver_dag3 to 2026-07-15 10:00:00+00:00, run_after=2026-07-15 11:00:00+00:00
[2026-07-15T11:01:08.061+0000] {processor.py:183} INFO - Processing /opt/airflow/dags/silver_dag3.py took 0.115 seconds
[2026-07-15T11:01:38.884+0000] {processor.py:161} INFO - Started process (PID=2236) to work on /opt/airflow/dags/silver_dag3.py
[2026-07-15T11:01:38.886+0000] {processor.py:830} INFO - Processing file /opt/airflow/dags/silver_dag3.py for tasks to queue
[2026-07-15T11:01:38.888+0000] {logging_mixin.py:188} INFO - [2026-07-15T11:01:38.888+0000] {dagbag.py:540} INFO - Filling up the DagBag from /opt/airflow/dags/silver_dag3.py
[2026-07-15T11:01:38.920+0000] {processor.py:840} INFO - DAG(s) 'silver_dag3' retrieved from /opt/airflow/dags/silver_dag3.py
[2026-07-15T11:01:38.950+0000] {logging_mixin.py:188} INFO - [2026-07-15T11:01:38.949+0000] {dag.py:3096} INFO - Sync 1 DAGs
[2026-07-15T11:01:38.981+0000] {logging_mixin.py:188} INFO - [2026-07-15T11:01:38.981+0000] {dag.py:3954} INFO - Setting next_dagrun for silver_dag3 to 2026-07-15 10:00:00+00:00, run_after=2026-07-15 11:00:00+00:00
[2026-07-15T11:01:39.008+0000] {processor.py:183} INFO - Processing /opt/airflow/dags/silver_dag3.py took 0.135 seconds
[2026-07-15T11:02:09.674+0000] {processor.py:161} INFO - Started process (PID=2261) to work on /opt/airflow/dags/silver_dag3.py
[2026-07-15T11:02:09.677+0000] {processor.py:830} INFO - Processing file /opt/airflow/dags/silver_dag3.py for tasks to queue
[2026-07-15T11:02:09.678+0000] {logging_mixin.py:188} INFO - [2026-07-15T11:02:09.678+0000] {dagbag.py:540} INFO - Filling up the DagBag from /opt/airflow/dags/silver_dag3.py
[2026-07-15T11:02:09.707+0000] {processor.py:840} INFO - DAG(s) 'silver_dag3' retrieved from /opt/airflow/dags/silver_dag3.py
[2026-07-15T11:02:09.737+0000] {logging_mixin.py:188} INFO - [2026-07-15T11:02:09.737+0000] {dag.py:3096} INFO - Sync 1 DAGs
[2026-07-15T11:02:09.762+0000] {logging_mixin.py:188} INFO - [2026-07-15T11:02:09.762+0000] {dag.py:3954} INFO - Setting next_dagrun for silver_dag3 to 2026-07-15 10:00:00+00:00, run_after=2026-07-15 11:00:00+00:00
[2026-07-15T11:02:09.783+0000] {processor.py:183} INFO - Processing /opt/airflow/dags/silver_dag3.py took 0.116 seconds
[2026-07-15T11:02:40.422+0000] {processor.py:161} INFO - Started process (PID=2286) to work on /opt/airflow/dags/silver_dag3.py
[2026-07-15T11:02:40.425+0000] {processor.py:830} INFO - Processing file /opt/airflow/dags/silver_dag3.py for tasks to queue
[2026-07-15T11:02:40.428+0000] {logging_mixin.py:188} INFO - [2026-07-15T11:02:40.427+0000] {dagbag.py:540} INFO - Filling up the DagBag from /opt/airflow/dags/silver_dag3.py
[2026-07-15T11:02:40.466+0000] {processor.py:840} INFO - DAG(s) 'silver_dag3' retrieved from /opt/airflow/dags/silver_dag3.py
[2026-07-15T11:02:40.513+0000] {logging_mixin.py:188} INFO - [2026-07-15T11:02:40.513+0000] {dag.py:3096} INFO - Sync 1 DAGs
[2026-07-15T11:02:40.546+0000] {logging_mixin.py:188} INFO - [2026-07-15T11:02:40.546+0000] {dag.py:3954} INFO - Setting next_dagrun for silver_dag3 to 2026-07-15 10:00:00+00:00, run_after=2026-07-15 11:00:00+00:00
[2026-07-15T11:02:40.571+0000] {processor.py:183} INFO - Processing /opt/airflow/dags/silver_dag3.py took 0.157 seconds
[2026-07-15T11:03:11.190+0000] {processor.py:161} INFO - Started process (PID=2311) to work on /opt/airflow/dags/silver_dag3.py
[2026-07-15T11:03:11.191+0000] {processor.py:830} INFO - Processing file /opt/airflow/dags/silver_dag3.py for tasks to queue
[2026-07-15T11:03:11.194+0000] {logging_mixin.py:188} INFO - [2026-07-15T11:03:11.194+0000] {dagbag.py:540} INFO - Filling up the DagBag from /opt/airflow/dags/silver_dag3.py
[2026-07-15T11:03:11.224+0000] {processor.py:840} INFO - DAG(s) 'silver_dag3' retrieved from /opt/airflow/dags/silver_dag3.py
[2026-07-15T11:03:11.265+0000] {logging_mixin.py:188} INFO - [2026-07-15T11:03:11.265+0000] {dag.py:3096} INFO - Sync 1 DAGs
[2026-07-15T11:03:11.296+0000] {logging_mixin.py:188} INFO - [2026-07-15T11:03:11.296+0000] {dag.py:3954} INFO - Setting next_dagrun for silver_dag3 to 2026-07-15 10:00:00+00:00, run_after=2026-07-15 11:00:00+00:00
[2026-07-15T11:03:11.320+0000] {processor.py:183} INFO - Processing /opt/airflow/dags/silver_dag3.py took 0.138 seconds
[2026-07-15T11:03:42.004+0000] {processor.py:161} INFO - Started process (PID=2336) to work on /opt/airflow/dags/silver_dag3.py
[2026-07-15T11:03:42.007+0000] {processor.py:830} INFO - Processing file /opt/airflow/dags/silver_dag3.py for tasks to queue
[2026-07-15T11:03:42.009+0000] {logging_mixin.py:188} INFO - [2026-07-15T11:03:42.008+0000] {dagbag.py:540} INFO - Filling up the DagBag from /opt/airflow/dags/silver_dag3.py
[2026-07-15T11:03:42.035+0000] {processor.py:840} INFO - DAG(s) 'silver_dag3' retrieved from /opt/airflow/dags/silver_dag3.py
[2026-07-15T11:03:42.071+0000] {logging_mixin.py:188} INFO - [2026-07-15T11:03:42.071+0000] {dag.py:3096} INFO - Sync 1 DAGs
[2026-07-15T11:03:42.113+0000] {logging_mixin.py:188} INFO - [2026-07-15T11:03:42.113+0000] {dag.py:3954} INFO - Setting next_dagrun for silver_dag3 to 2026-07-15 10:00:00+00:00, run_after=2026-07-15 11:00:00+00:00
[2026-07-15T11:03:42.142+0000] {processor.py:183} INFO - Processing /opt/airflow/dags/silver_dag3.py took 0.146 seconds
[2026-07-15T11:04:12.803+0000] {processor.py:161} INFO - Started process (PID=2361) to work on /opt/airflow/dags/silver_dag3.py
[2026-07-15T11:04:12.807+0000] {processor.py:830} INFO - Processing file /opt/airflow/dags/silver_dag3.py for tasks to queue
[2026-07-15T11:04:12.811+0000] {logging_mixin.py:188} INFO - [2026-07-15T11:04:12.810+0000] {dagbag.py:540} INFO - Filling up the DagBag from /opt/airflow/dags/silver_dag3.py
[2026-07-15T11:04:12.860+0000] {processor.py:840} INFO - DAG(s) 'silver_dag3' retrieved from /opt/airflow/dags/silver_dag3.py
[2026-07-15T11:04:12.922+0000] {logging_mixin.py:188} INFO - [2026-07-15T11:04:12.922+0000] {dag.py:3096} INFO - Sync 1 DAGs
[2026-07-15T11:04:12.954+0000] {logging_mixin.py:188} INFO - [2026-07-15T11:04:12.953+0000] {dag.py:3954} INFO - Setting next_dagrun for silver_dag3 to 2026-07-15 10:00:00+00:00, run_after=2026-07-15 11:00:00+00:00
[2026-07-15T11:04:12.976+0000] {processor.py:183} INFO - Processing /opt/airflow/dags/silver_dag3.py took 0.192 seconds
[2026-07-15T11:04:43.583+0000] {processor.py:161} INFO - Started process (PID=2386) to work on /opt/airflow/dags/silver_dag3.py
[2026-07-15T11:04:43.585+0000] {processor.py:830} INFO - Processing file /opt/airflow/dags/silver_dag3.py for tasks to queue
[2026-07-15T11:04:43.587+0000] {logging_mixin.py:188} INFO - [2026-07-15T11:04:43.586+0000] {dagbag.py:540} INFO - Filling up the DagBag from /opt/airflow/dags/silver_dag3.py
[2026-07-15T11:04:43.617+0000] {processor.py:840} INFO - DAG(s) 'silver_dag3' retrieved from /opt/airflow/dags/silver_dag3.py
[2026-07-15T11:04:43.650+0000] {logging_mixin.py:188} INFO - [2026-07-15T11:04:43.649+0000] {dag.py:3096} INFO - Sync 1 DAGs
[2026-07-15T11:04:43.724+0000] {logging_mixin.py:188} INFO - [2026-07-15T11:04:43.724+0000] {dag.py:3954} INFO - Setting next_dagrun for silver_dag3 to 2026-07-15 10:00:00+00:00, run_after=2026-07-15 11:00:00+00:00
[2026-07-15T11:04:43.770+0000] {processor.py:183} INFO - Processing /opt/airflow/dags/silver_dag3.py took 0.194 seconds
[2026-07-15T11:05:14.457+0000] {processor.py:161} INFO - Started process (PID=2411) to work on /opt/airflow/dags/silver_dag3.py
[2026-07-15T11:05:14.458+0000] {processor.py:830} INFO - Processing file /opt/airflow/dags/silver_dag3.py for tasks to queue
[2026-07-15T11:05:14.463+0000] {logging_mixin.py:188} INFO - [2026-07-15T11:05:14.462+0000] {dagbag.py:540} INFO - Filling up the DagBag from /opt/airflow/dags/silver_dag3.py
[2026-07-15T11:05:14.488+0000] {processor.py:840} INFO - DAG(s) 'silver_dag3' retrieved from /opt/airflow/dags/silver_dag3.py
[2026-07-15T11:05:14.525+0000] {logging_mixin.py:188} INFO - [2026-07-15T11:05:14.525+0000] {dag.py:3096} INFO - Sync 1 DAGs
[2026-07-15T11:05:14.557+0000] {logging_mixin.py:188} INFO - [2026-07-15T11:05:14.557+0000] {dag.py:3954} INFO - Setting next_dagrun for silver_dag3 to 2026-07-15 10:00:00+00:00, run_after=2026-07-15 11:00:00+00:00
[2026-07-15T11:05:14.584+0000] {processor.py:183} INFO - Processing /opt/airflow/dags/silver_dag3.py took 0.135 seconds
[2026-07-15T11:05:45.233+0000] {processor.py:161} INFO - Started process (PID=2436) to work on /opt/airflow/dags/silver_dag3.py
[2026-07-15T11:05:45.235+0000] {processor.py:830} INFO - Processing file /opt/airflow/dags/silver_dag3.py for tasks to queue
[2026-07-15T11:05:45.237+0000] {logging_mixin.py:188} INFO - [2026-07-15T11:05:45.236+0000] {dagbag.py:540} INFO - Filling up the DagBag from /opt/airflow/dags/silver_dag3.py
[2026-07-15T11:05:45.263+0000] {processor.py:840} INFO - DAG(s) 'silver_dag3' retrieved from /opt/airflow/dags/silver_dag3.py
[2026-07-15T11:05:45.291+0000] {logging_mixin.py:188} INFO - [2026-07-15T11:05:45.290+0000] {dag.py:3096} INFO - Sync 1 DAGs
[2026-07-15T11:05:45.315+0000] {logging_mixin.py:188} INFO - [2026-07-15T11:05:45.314+0000] {dag.py:3954} INFO - Setting next_dagrun for silver_dag3 to 2026-07-15 10:00:00+00:00, run_after=2026-07-15 11:00:00+00:00
[2026-07-15T11:05:45.335+0000] {processor.py:183} INFO - Processing /opt/airflow/dags/silver_dag3.py took 0.111 seconds
[2026-07-15T11:06:16.014+0000] {processor.py:161} INFO - Started process (PID=2461) to work on /opt/airflow/dags/silver_dag3.py
[2026-07-15T11:06:16.016+0000] {processor.py:830} INFO - Processing file /opt/airflow/dags/silver_dag3.py for tasks to queue
[2026-07-15T11:06:16.019+0000] {logging_mixin.py:188} INFO - [2026-07-15T11:06:16.019+0000] {dagbag.py:540} INFO - Filling up the DagBag from /opt/airflow/dags/silver_dag3.py
[2026-07-15T11:06:16.052+0000] {processor.py:840} INFO - DAG(s) 'silver_dag3' retrieved from /opt/airflow/dags/silver_dag3.py
[2026-07-15T11:06:16.098+0000] {logging_mixin.py:188} INFO - [2026-07-15T11:06:16.097+0000] {dag.py:3096} INFO - Sync 1 DAGs
[2026-07-15T11:06:16.135+0000] {logging_mixin.py:188} INFO - [2026-07-15T11:06:16.135+0000] {dag.py:3954} INFO - Setting next_dagrun for silver_dag3 to 2026-07-15 10:00:00+00:00, run_after=2026-07-15 11:00:00+00:00
[2026-07-15T11:06:16.160+0000] {processor.py:183} INFO - Processing /opt/airflow/dags/silver_dag3.py took 0.155 seconds
[2026-07-15T11:06:46.914+0000] {processor.py:161} INFO - Started process (PID=2486) to work on /opt/airflow/dags/silver_dag3.py
[2026-07-15T11:06:46.916+0000] {processor.py:830} INFO - Processing file /opt/airflow/dags/silver_dag3.py for tasks to queue
[2026-07-15T11:06:46.922+0000] {logging_mixin.py:188} INFO - [2026-07-15T11:06:46.921+0000] {dagbag.py:540} INFO - Filling up the DagBag from /opt/airflow/dags/silver_dag3.py
[2026-07-15T11:06:46.990+0000] {processor.py:840} INFO - DAG(s) 'silver_dag3' retrieved from /opt/airflow/dags/silver_dag3.py
[2026-07-15T11:06:47.043+0000] {logging_mixin.py:188} INFO - [2026-07-15T11:06:47.042+0000] {dag.py:3096} INFO - Sync 1 DAGs
[2026-07-15T11:06:47.082+0000] {logging_mixin.py:188} INFO - [2026-07-15T11:06:47.082+0000] {dag.py:3954} INFO - Setting next_dagrun for silver_dag3 to 2026-07-15 10:00:00+00:00, run_after=2026-07-15 11:00:00+00:00
[2026-07-15T11:06:47.106+0000] {processor.py:183} INFO - Processing /opt/airflow/dags/silver_dag3.py took 0.227 seconds
[2026-07-15T11:07:17.714+0000] {processor.py:161} INFO - Started process (PID=2511) to work on /opt/airflow/dags/silver_dag3.py
[2026-07-15T11:07:17.716+0000] {processor.py:830} INFO - Processing file /opt/airflow/dags/silver_dag3.py for tasks to queue
[2026-07-15T11:07:17.718+0000] {logging_mixin.py:188} INFO - [2026-07-15T11:07:17.717+0000] {dagbag.py:540} INFO - Filling up the DagBag from /opt/airflow/dags/silver_dag3.py
[2026-07-15T11:07:17.746+0000] {processor.py:840} INFO - DAG(s) 'silver_dag3' retrieved from /opt/airflow/dags/silver_dag3.py
[2026-07-15T11:07:17.774+0000] {logging_mixin.py:188} INFO - [2026-07-15T11:07:17.773+0000] {dag.py:3096} INFO - Sync 1 DAGs
[2026-07-15T11:07:17.800+0000] {logging_mixin.py:188} INFO - [2026-07-15T11:07:17.800+0000] {dag.py:3954} INFO - Setting next_dagrun for silver_dag3 to 2026-07-15 10:00:00+00:00, run_after=2026-07-15 11:00:00+00:00
[2026-07-15T11:07:17.820+0000] {processor.py:183} INFO - Processing /opt/airflow/dags/silver_dag3.py took 0.115 seconds
[2026-07-15T11:07:48.480+0000] {processor.py:161} INFO - Started process (PID=2536) to work on /opt/airflow/dags/silver_dag3.py
[2026-07-15T11:07:48.482+0000] {processor.py:830} INFO - Processing file /opt/airflow/dags/silver_dag3.py for tasks to queue
[2026-07-15T11:07:48.483+0000] {logging_mixin.py:188} INFO - [2026-07-15T11:07:48.483+0000] {dagbag.py:540} INFO - Filling up the DagBag from /opt/airflow/dags/silver_dag3.py
[2026-07-15T11:07:48.505+0000] {processor.py:840} INFO - DAG(s) 'silver_dag3' retrieved from /opt/airflow/dags/silver_dag3.py
[2026-07-15T11:07:48.541+0000] {logging_mixin.py:188} INFO - [2026-07-15T11:07:48.541+0000] {dag.py:3096} INFO - Sync 1 DAGs
[2026-07-15T11:07:48.568+0000] {logging_mixin.py:188} INFO - [2026-07-15T11:07:48.568+0000] {dag.py:3954} INFO - Setting next_dagrun for silver_dag3 to 2026-07-15 10:00:00+00:00, run_after=2026-07-15 11:00:00+00:00
[2026-07-15T11:07:48.590+0000] {processor.py:183} INFO - Processing /opt/airflow/dags/silver_dag3.py took 0.117 seconds
[2026-07-15T11:08:19.329+0000] {processor.py:161} INFO - Started process (PID=2561) to work on /opt/airflow/dags/silver_dag3.py
[2026-07-15T11:08:19.331+0000] {processor.py:830} INFO - Processing file /opt/airflow/dags/silver_dag3.py for tasks to queue
[2026-07-15T11:08:19.333+0000] {logging_mixin.py:188} INFO - [2026-07-15T11:08:19.333+0000] {dagbag.py:540} INFO - Filling up the DagBag from /opt/airflow/dags/silver_dag3.py
[2026-07-15T11:08:19.361+0000] {processor.py:840} INFO - DAG(s) 'silver_dag3' retrieved from /opt/airflow/dags/silver_dag3.py
[2026-07-15T11:08:19.392+0000] {logging_mixin.py:188} INFO - [2026-07-15T11:08:19.392+0000] {dag.py:3096} INFO - Sync 1 DAGs
[2026-07-15T11:08:19.419+0000] {logging_mixin.py:188} INFO - [2026-07-15T11:08:19.419+0000] {dag.py:3954} INFO - Setting next_dagrun for silver_dag3 to 2026-07-15 10:00:00+00:00, run_after=2026-07-15 11:00:00+00:00
[2026-07-15T11:08:19.441+0000] {processor.py:183} INFO - Processing /opt/airflow/dags/silver_dag3.py took 0.122 seconds
[2026-07-15T11:08:50.129+0000] {processor.py:161} INFO - Started process (PID=2586) to work on /opt/airflow/dags/silver_dag3.py
[2026-07-15T11:08:50.131+0000] {processor.py:830} INFO - Processing file /opt/airflow/dags/silver_dag3.py for tasks to queue
[2026-07-15T11:08:50.133+0000] {logging_mixin.py:188} INFO - [2026-07-15T11:08:50.132+0000] {dagbag.py:540} INFO - Filling up the DagBag from /opt/airflow/dags/silver_dag3.py
[2026-07-15T11:08:50.161+0000] {processor.py:840} INFO - DAG(s) 'silver_dag3' retrieved from /opt/airflow/dags/silver_dag3.py
[2026-07-15T11:08:50.196+0000] {logging_mixin.py:188} INFO - [2026-07-15T11:08:50.196+0000] {dag.py:3096} INFO - Sync 1 DAGs
[2026-07-15T11:08:50.226+0000] {logging_mixin.py:188} INFO - [2026-07-15T11:08:50.226+0000] {dag.py:3954} INFO - Setting next_dagrun for silver_dag3 to 2026-07-15 10:00:00+00:00, run_after=2026-07-15 11:00:00+00:00
[2026-07-15T11:08:50.249+0000] {processor.py:183} INFO - Processing /opt/airflow/dags/silver_dag3.py took 0.129 seconds
[2026-07-15T11:09:21.080+0000] {processor.py:161} INFO - Started process (PID=2611) to work on /opt/airflow/dags/silver_dag3.py
[2026-07-15T11:09:21.081+0000] {processor.py:830} INFO - Processing file /opt/airflow/dags/silver_dag3.py for tasks to queue
[2026-07-15T11:09:21.083+0000] {logging_mixin.py:188} INFO - [2026-07-15T11:09:21.082+0000] {dagbag.py:540} INFO - Filling up the DagBag from /opt/airflow/dags/silver_dag3.py
[2026-07-15T11:09:21.102+0000] {processor.py:840} INFO - DAG(s) 'silver_dag3' retrieved from /opt/airflow/dags/silver_dag3.py
[2026-07-15T11:09:21.131+0000] {logging_mixin.py:188} INFO - [2026-07-15T11:09:21.130+0000] {dag.py:3096} INFO - Sync 1 DAGs
[2026-07-15T11:09:21.169+0000] {logging_mixin.py:188} INFO - [2026-07-15T11:09:21.168+0000] {dag.py:3954} INFO - Setting next_dagrun for silver_dag3 to 2026-07-15 10:00:00+00:00, run_after=2026-07-15 11:00:00+00:00
[2026-07-15T11:09:21.205+0000] {processor.py:183} INFO - Processing /opt/airflow/dags/silver_dag3.py took 0.134 seconds
[2026-07-15T11:09:51.800+0000] {processor.py:161} INFO - Started process (PID=2636) to work on /opt/airflow/dags/silver_dag3.py
[2026-07-15T11:09:51.802+0000] {processor.py:830} INFO - Processing file /opt/airflow/dags/silver_dag3.py for tasks to queue
[2026-07-15T11:09:51.803+0000] {logging_mixin.py:188} INFO - [2026-07-15T11:09:51.803+0000] {dagbag.py:540} INFO - Filling up the DagBag from /opt/airflow/dags/silver_dag3.py
[2026-07-15T11:09:51.827+0000] {processor.py:840} INFO - DAG(s) 'silver_dag3' retrieved from /opt/airflow/dags/silver_dag3.py
[2026-07-15T11:09:51.862+0000] {logging_mixin.py:188} INFO - [2026-07-15T11:09:51.861+0000] {dag.py:3096} INFO - Sync 1 DAGs
[2026-07-15T11:09:51.889+0000] {logging_mixin.py:188} INFO - [2026-07-15T11:09:51.889+0000] {dag.py:3954} INFO - Setting next_dagrun for silver_dag3 to 2026-07-15 10:00:00+00:00, run_after=2026-07-15 11:00:00+00:00
[2026-07-15T11:09:51.910+0000] {processor.py:183} INFO - Processing /opt/airflow/dags/silver_dag3.py took 0.119 seconds
[2026-07-15T11:10:22.589+0000] {processor.py:161} INFO - Started process (PID=2661) to work on /opt/airflow/dags/silver_dag3.py
[2026-07-15T11:10:22.591+0000] {processor.py:830} INFO - Processing file /opt/airflow/dags/silver_dag3.py for tasks to queue
[2026-07-15T11:10:22.593+0000] {logging_mixin.py:188} INFO - [2026-07-15T11:10:22.592+0000] {dagbag.py:540} INFO - Filling up the DagBag from /opt/airflow/dags/silver_dag3.py
[2026-07-15T11:10:22.616+0000] {processor.py:840} INFO - DAG(s) 'silver_dag3' retrieved from /opt/airflow/dags/silver_dag3.py
[2026-07-15T11:10:22.646+0000] {logging_mixin.py:188} INFO - [2026-07-15T11:10:22.646+0000] {dag.py:3096} INFO - Sync 1 DAGs
[2026-07-15T11:10:22.671+0000] {logging_mixin.py:188} INFO - [2026-07-15T11:10:22.671+0000] {dag.py:3954} INFO - Setting next_dagrun for silver_dag3 to 2026-07-15 10:00:00+00:00, run_after=2026-07-15 11:00:00+00:00
[2026-07-15T11:10:22.695+0000] {processor.py:183} INFO - Processing /opt/airflow/dags/silver_dag3.py took 0.115 seconds
[2026-07-15T11:10:53.359+0000] {processor.py:161} INFO - Started process (PID=2686) to work on /opt/airflow/dags/silver_dag3.py
[2026-07-15T11:10:53.360+0000] {processor.py:830} INFO - Processing file /opt/airflow/dags/silver_dag3.py for tasks to queue
[2026-07-15T11:10:53.362+0000] {logging_mixin.py:188} INFO - [2026-07-15T11:10:53.362+0000] {dagbag.py:540} INFO - Filling up the DagBag from /opt/airflow/dags/silver_dag3.py
[2026-07-15T11:10:53.386+0000] {processor.py:840} INFO - DAG(s) 'silver_dag3' retrieved from /opt/airflow/dags/silver_dag3.py
[2026-07-15T11:10:53.420+0000] {logging_mixin.py:188} INFO - [2026-07-15T11:10:53.420+0000] {dag.py:3096} INFO - Sync 1 DAGs
[2026-07-15T11:10:53.452+0000] {logging_mixin.py:188} INFO - [2026-07-15T11:10:53.452+0000] {dag.py:3954} INFO - Setting next_dagrun for silver_dag3 to 2026-07-15 10:00:00+00:00, run_after=2026-07-15 11:00:00+00:00
[2026-07-15T11:10:53.475+0000] {processor.py:183} INFO - Processing /opt/airflow/dags/silver_dag3.py took 0.123 seconds
[2026-07-15T11:11:24.135+0000] {processor.py:161} INFO - Started process (PID=2711) to work on /opt/airflow/dags/silver_dag3.py
[2026-07-15T11:11:24.137+0000] {processor.py:830} INFO - Processing file /opt/airflow/dags/silver_dag3.py for tasks to queue
[2026-07-15T11:11:24.138+0000] {logging_mixin.py:188} INFO - [2026-07-15T11:11:24.138+0000] {dagbag.py:540} INFO - Filling up the DagBag from /opt/airflow/dags/silver_dag3.py
[2026-07-15T11:11:24.172+0000] {processor.py:840} INFO - DAG(s) 'silver_dag3' retrieved from /opt/airflow/dags/silver_dag3.py
[2026-07-15T11:11:24.210+0000] {logging_mixin.py:188} INFO - [2026-07-15T11:11:24.210+0000] {dag.py:3096} INFO - Sync 1 DAGs
[2026-07-15T11:11:24.239+0000] {logging_mixin.py:188} INFO - [2026-07-15T11:11:24.238+0000] {dag.py:3954} INFO - Setting next_dagrun for silver_dag3 to 2026-07-15 10:00:00+00:00, run_after=2026-07-15 11:00:00+00:00
[2026-07-15T11:11:24.269+0000] {processor.py:183} INFO - Processing /opt/airflow/dags/silver_dag3.py took 0.145 seconds
[2026-07-15T11:11:55.117+0000] {processor.py:161} INFO - Started process (PID=2736) to work on /opt/airflow/dags/silver_dag3.py
[2026-07-15T11:11:55.119+0000] {processor.py:830} INFO - Processing file /opt/airflow/dags/silver_dag3.py for tasks to queue
[2026-07-15T11:11:55.121+0000] {logging_mixin.py:188} INFO - [2026-07-15T11:11:55.120+0000] {dagbag.py:540} INFO - Filling up the DagBag from /opt/airflow/dags/silver_dag3.py
[2026-07-15T11:11:55.146+0000] {processor.py:840} INFO - DAG(s) 'silver_dag3' retrieved from /opt/airflow/dags/silver_dag3.py
[2026-07-15T11:11:55.178+0000] {logging_mixin.py:188} INFO - [2026-07-15T11:11:55.177+0000] {dag.py:3096} INFO - Sync 1 DAGs
[2026-07-15T11:11:55.205+0000] {logging_mixin.py:188} INFO - [2026-07-15T11:11:55.205+0000] {dag.py:3954} INFO - Setting next_dagrun for silver_dag3 to 2026-07-15 10:00:00+00:00, run_after=2026-07-15 11:00:00+00:00
[2026-07-15T11:11:55.225+0000] {processor.py:183} INFO - Processing /opt/airflow/dags/silver_dag3.py took 0.117 seconds
[2026-07-15T11:12:25.907+0000] {processor.py:161} INFO - Started process (PID=2761) to work on /opt/airflow/dags/silver_dag3.py
[2026-07-15T11:12:25.909+0000] {processor.py:830} INFO - Processing file /opt/airflow/dags/silver_dag3.py for tasks to queue
[2026-07-15T11:12:25.911+0000] {logging_mixin.py:188} INFO - [2026-07-15T11:12:25.911+0000] {dagbag.py:540} INFO - Filling up the DagBag from /opt/airflow/dags/silver_dag3.py
[2026-07-15T11:12:25.940+0000] {processor.py:840} INFO - DAG(s) 'silver_dag3' retrieved from /opt/airflow/dags/silver_dag3.py
[2026-07-15T11:12:25.969+0000] {logging_mixin.py:188} INFO - [2026-07-15T11:12:25.969+0000] {dag.py:3096} INFO - Sync 1 DAGs
[2026-07-15T11:12:25.996+0000] {logging_mixin.py:188} INFO - [2026-07-15T11:12:25.996+0000] {dag.py:3954} INFO - Setting next_dagrun for silver_dag3 to 2026-07-15 10:00:00+00:00, run_after=2026-07-15 11:00:00+00:00
[2026-07-15T11:12:26.019+0000] {processor.py:183} INFO - Processing /opt/airflow/dags/silver_dag3.py took 0.125 seconds
[2026-07-15T11:12:56.485+0000] {processor.py:161} INFO - Started process (PID=2786) to work on /opt/airflow/dags/silver_dag3.py
[2026-07-15T11:12:56.487+0000] {processor.py:830} INFO - Processing file /opt/airflow/dags/silver_dag3.py for tasks to queue
[2026-07-15T11:12:56.489+0000] {logging_mixin.py:188} INFO - [2026-07-15T11:12:56.488+0000] {dagbag.py:540} INFO - Filling up the DagBag from /opt/airflow/dags/silver_dag3.py
[2026-07-15T11:12:56.517+0000] {processor.py:840} INFO - DAG(s) 'silver_dag3' retrieved from /opt/airflow/dags/silver_dag3.py
[2026-07-15T11:12:56.556+0000] {logging_mixin.py:188} INFO - [2026-07-15T11:12:56.556+0000] {dag.py:3096} INFO - Sync 1 DAGs
[2026-07-15T11:12:56.588+0000] {logging_mixin.py:188} INFO - [2026-07-15T11:12:56.587+0000] {dag.py:3954} INFO - Setting next_dagrun for silver_dag3 to 2026-07-15 10:00:00+00:00, run_after=2026-07-15 11:00:00+00:00
[2026-07-15T11:12:56.614+0000] {processor.py:183} INFO - Processing /opt/airflow/dags/silver_dag3.py took 0.140 seconds
[2026-07-15T11:13:27.270+0000] {processor.py:161} INFO - Started process (PID=2811) to work on /opt/airflow/dags/silver_dag3.py
[2026-07-15T11:13:27.272+0000] {processor.py:830} INFO - Processing file /opt/airflow/dags/silver_dag3.py for tasks to queue
[2026-07-15T11:13:27.274+0000] {logging_mixin.py:188} INFO - [2026-07-15T11:13:27.273+0000] {dagbag.py:540} INFO - Filling up the DagBag from /opt/airflow/dags/silver_dag3.py
[2026-07-15T11:13:27.303+0000] {processor.py:840} INFO - DAG(s) 'silver_dag3' retrieved from /opt/airflow/dags/silver_dag3.py
[2026-07-15T11:13:27.338+0000] {logging_mixin.py:188} INFO - [2026-07-15T11:13:27.337+0000] {dag.py:3096} INFO - Sync 1 DAGs
[2026-07-15T11:13:27.369+0000] {logging_mixin.py:188} INFO - [2026-07-15T11:13:27.369+0000] {dag.py:3954} INFO - Setting next_dagrun for silver_dag3 to 2026-07-15 10:00:00+00:00, run_after=2026-07-15 11:00:00+00:00
[2026-07-15T11:13:27.392+0000] {processor.py:183} INFO - Processing /opt/airflow/dags/silver_dag3.py took 0.132 seconds
[2026-07-15T11:13:57.539+0000] {processor.py:161} INFO - Started process (PID=2868) to work on /opt/airflow/dags/silver_dag3.py
[2026-07-15T11:13:57.550+0000] {processor.py:830} INFO - Processing file /opt/airflow/dags/silver_dag3.py for tasks to queue
[2026-07-15T11:13:57.553+0000] {logging_mixin.py:188} INFO - [2026-07-15T11:13:57.552+0000] {dagbag.py:540} INFO - Filling up the DagBag from /opt/airflow/dags/silver_dag3.py
[2026-07-15T11:13:57.628+0000] {processor.py:840} INFO - DAG(s) 'silver_dag3' retrieved from /opt/airflow/dags/silver_dag3.py
[2026-07-15T11:13:57.744+0000] {logging_mixin.py:188} INFO - [2026-07-15T11:13:57.743+0000] {dag.py:3096} INFO - Sync 1 DAGs
[2026-07-15T11:13:57.837+0000] {logging_mixin.py:188} INFO - [2026-07-15T11:13:57.836+0000] {dag.py:3954} INFO - Setting next_dagrun for silver_dag3 to 2026-07-15 10:00:00+00:00, run_after=2026-07-15 11:00:00+00:00
[2026-07-15T11:13:57.896+0000] {processor.py:183} INFO - Processing /opt/airflow/dags/silver_dag3.py took 0.392 seconds
[2026-07-15T11:14:28.539+0000] {processor.py:161} INFO - Started process (PID=2894) to work on /opt/airflow/dags/silver_dag3.py
[2026-07-15T11:14:28.542+0000] {processor.py:830} INFO - Processing file /opt/airflow/dags/silver_dag3.py for tasks to queue
[2026-07-15T11:14:28.547+0000] {logging_mixin.py:188} INFO - [2026-07-15T11:14:28.546+0000] {dagbag.py:540} INFO - Filling up the DagBag from /opt/airflow/dags/silver_dag3.py
[2026-07-15T11:14:28.610+0000] {processor.py:840} INFO - DAG(s) 'silver_dag3' retrieved from /opt/airflow/dags/silver_dag3.py
[2026-07-15T11:14:28.684+0000] {logging_mixin.py:188} INFO - [2026-07-15T11:14:28.684+0000] {dag.py:3096} INFO - Sync 1 DAGs
[2026-07-15T11:14:28.736+0000] {logging_mixin.py:188} INFO - [2026-07-15T11:14:28.736+0000] {dag.py:3954} INFO - Setting next_dagrun for silver_dag3 to 2026-07-15 10:00:00+00:00, run_after=2026-07-15 11:00:00+00:00
[2026-07-15T11:14:28.785+0000] {processor.py:183} INFO - Processing /opt/airflow/dags/silver_dag3.py took 0.260 seconds
[2026-07-15T11:14:59.474+0000] {processor.py:161} INFO - Started process (PID=2919) to work on /opt/airflow/dags/silver_dag3.py
[2026-07-15T11:14:59.477+0000] {processor.py:830} INFO - Processing file /opt/airflow/dags/silver_dag3.py for tasks to queue
[2026-07-15T11:14:59.480+0000] {logging_mixin.py:188} INFO - [2026-07-15T11:14:59.479+0000] {dagbag.py:540} INFO - Filling up the DagBag from /opt/airflow/dags/silver_dag3.py
[2026-07-15T11:14:59.514+0000] {processor.py:840} INFO - DAG(s) 'silver_dag3' retrieved from /opt/airflow/dags/silver_dag3.py
[2026-07-15T11:14:59.550+0000] {logging_mixin.py:188} INFO - [2026-07-15T11:14:59.550+0000] {dag.py:3096} INFO - Sync 1 DAGs
[2026-07-15T11:14:59.580+0000] {logging_mixin.py:188} INFO - [2026-07-15T11:14:59.580+0000] {dag.py:3954} INFO - Setting next_dagrun for silver_dag3 to 2026-07-15 10:00:00+00:00, run_after=2026-07-15 11:00:00+00:00
[2026-07-15T11:14:59.604+0000] {processor.py:183} INFO - Processing /opt/airflow/dags/silver_dag3.py took 0.143 seconds
[2026-07-15T11:15:30.272+0000] {processor.py:161} INFO - Started process (PID=2944) to work on /opt/airflow/dags/silver_dag3.py
[2026-07-15T11:15:30.274+0000] {processor.py:830} INFO - Processing file /opt/airflow/dags/silver_dag3.py for tasks to queue
[2026-07-15T11:15:30.276+0000] {logging_mixin.py:188} INFO - [2026-07-15T11:15:30.276+0000] {dagbag.py:540} INFO - Filling up the DagBag from /opt/airflow/dags/silver_dag3.py
[2026-07-15T11:15:30.312+0000] {processor.py:840} INFO - DAG(s) 'silver_dag3' retrieved from /opt/airflow/dags/silver_dag3.py
[2026-07-15T11:15:30.358+0000] {logging_mixin.py:188} INFO - [2026-07-15T11:15:30.358+0000] {dag.py:3096} INFO - Sync 1 DAGs
[2026-07-15T11:15:30.391+0000] {logging_mixin.py:188} INFO - [2026-07-15T11:15:30.391+0000] {dag.py:3954} INFO - Setting next_dagrun for silver_dag3 to 2026-07-15 10:00:00+00:00, run_after=2026-07-15 11:00:00+00:00
[2026-07-15T11:15:30.415+0000] {processor.py:183} INFO - Processing /opt/airflow/dags/silver_dag3.py took 0.152 seconds
[2026-07-15T11:16:01.056+0000] {processor.py:161} INFO - Started process (PID=2969) to work on /opt/airflow/dags/silver_dag3.py
[2026-07-15T11:16:01.058+0000] {processor.py:830} INFO - Processing file /opt/airflow/dags/silver_dag3.py for tasks to queue
[2026-07-15T11:16:01.059+0000] {logging_mixin.py:188} INFO - [2026-07-15T11:16:01.059+0000] {dagbag.py:540} INFO - Filling up the DagBag from /opt/airflow/dags/silver_dag3.py
[2026-07-15T11:16:01.082+0000] {processor.py:840} INFO - DAG(s) 'silver_dag3' retrieved from /opt/airflow/dags/silver_dag3.py
[2026-07-15T11:16:01.114+0000] {logging_mixin.py:188} INFO - [2026-07-15T11:16:01.114+0000] {dag.py:3096} INFO - Sync 1 DAGs
[2026-07-15T11:16:01.139+0000] {logging_mixin.py:188} INFO - [2026-07-15T11:16:01.139+0000] {dag.py:3954} INFO - Setting next_dagrun for silver_dag3 to 2026-07-15 10:00:00+00:00, run_after=2026-07-15 11:00:00+00:00
[2026-07-15T11:16:01.159+0000] {processor.py:183} INFO - Processing /opt/airflow/dags/silver_dag3.py took 0.112 seconds
[2026-07-15T11:16:31.928+0000] {processor.py:161} INFO - Started process (PID=3007) to work on /opt/airflow/dags/silver_dag3.py
[2026-07-15T11:16:31.931+0000] {processor.py:830} INFO - Processing file /opt/airflow/dags/silver_dag3.py for tasks to queue
[2026-07-15T11:16:31.934+0000] {logging_mixin.py:188} INFO - [2026-07-15T11:16:31.933+0000] {dagbag.py:540} INFO - Filling up the DagBag from /opt/airflow/dags/silver_dag3.py
[2026-07-15T11:16:31.976+0000] {processor.py:840} INFO - DAG(s) 'silver_dag3' retrieved from /opt/airflow/dags/silver_dag3.py
[2026-07-15T11:16:32.032+0000] {logging_mixin.py:188} INFO - [2026-07-15T11:16:32.032+0000] {dag.py:3096} INFO - Sync 1 DAGs
[2026-07-15T11:16:32.094+0000] {logging_mixin.py:188} INFO - [2026-07-15T11:16:32.093+0000] {dag.py:3954} INFO - Setting next_dagrun for silver_dag3 to 2026-07-15 10:00:00+00:00, run_after=2026-07-15 11:00:00+00:00
[2026-07-15T11:16:32.130+0000] {processor.py:183} INFO - Processing /opt/airflow/dags/silver_dag3.py took 0.219 seconds
[2026-07-15T11:17:02.989+0000] {processor.py:161} INFO - Started process (PID=3032) to work on /opt/airflow/dags/silver_dag3.py
[2026-07-15T11:17:02.991+0000] {processor.py:830} INFO - Processing file /opt/airflow/dags/silver_dag3.py for tasks to queue
[2026-07-15T11:17:02.993+0000] {logging_mixin.py:188} INFO - [2026-07-15T11:17:02.993+0000] {dagbag.py:540} INFO - Filling up the DagBag from /opt/airflow/dags/silver_dag3.py
[2026-07-15T11:17:03.028+0000] {processor.py:840} INFO - DAG(s) 'silver_dag3' retrieved from /opt/airflow/dags/silver_dag3.py
[2026-07-15T11:17:03.069+0000] {logging_mixin.py:188} INFO - [2026-07-15T11:17:03.069+0000] {dag.py:3096} INFO - Sync 1 DAGs
[2026-07-15T11:17:03.109+0000] {logging_mixin.py:188} INFO - [2026-07-15T11:17:03.108+0000] {dag.py:3954} INFO - Setting next_dagrun for silver_dag3 to 2026-07-15 10:00:00+00:00, run_after=2026-07-15 11:00:00+00:00
[2026-07-15T11:17:03.139+0000] {processor.py:183} INFO - Processing /opt/airflow/dags/silver_dag3.py took 0.161 seconds
[2026-07-15T11:17:33.871+0000] {processor.py:161} INFO - Started process (PID=3057) to work on /opt/airflow/dags/silver_dag3.py
[2026-07-15T11:17:33.874+0000] {processor.py:830} INFO - Processing file /opt/airflow/dags/silver_dag3.py for tasks to queue
[2026-07-15T11:17:33.876+0000] {logging_mixin.py:188} INFO - [2026-07-15T11:17:33.875+0000] {dagbag.py:540} INFO - Filling up the DagBag from /opt/airflow/dags/silver_dag3.py
[2026-07-15T11:17:33.908+0000] {processor.py:840} INFO - DAG(s) 'silver_dag3' retrieved from /opt/airflow/dags/silver_dag3.py
[2026-07-15T11:17:33.956+0000] {logging_mixin.py:188} INFO - [2026-07-15T11:17:33.955+0000] {dag.py:3096} INFO - Sync 1 DAGs
[2026-07-15T11:17:33.992+0000] {logging_mixin.py:188} INFO - [2026-07-15T11:17:33.991+0000] {dag.py:3954} INFO - Setting next_dagrun for silver_dag3 to 2026-07-15 10:00:00+00:00, run_after=2026-07-15 11:00:00+00:00
[2026-07-15T11:17:34.025+0000] {processor.py:183} INFO - Processing /opt/airflow/dags/silver_dag3.py took 0.169 seconds
[2026-07-15T11:18:04.458+0000] {processor.py:161} INFO - Started process (PID=3095) to work on /opt/airflow/dags/silver_dag3.py
[2026-07-15T11:18:04.464+0000] {processor.py:830} INFO - Processing file /opt/airflow/dags/silver_dag3.py for tasks to queue
[2026-07-15T11:18:04.473+0000] {logging_mixin.py:188} INFO - [2026-07-15T11:18:04.468+0000] {dagbag.py:540} INFO - Filling up the DagBag from /opt/airflow/dags/silver_dag3.py
[2026-07-15T11:18:04.575+0000] {processor.py:840} INFO - DAG(s) 'silver_dag3' retrieved from /opt/airflow/dags/silver_dag3.py
[2026-07-15T11:18:04.786+0000] {logging_mixin.py:188} INFO - [2026-07-15T11:18:04.785+0000] {dag.py:3096} INFO - Sync 1 DAGs
[2026-07-15T11:18:04.911+0000] {logging_mixin.py:188} INFO - [2026-07-15T11:18:04.911+0000] {dag.py:3954} INFO - Setting next_dagrun for silver_dag3 to 2026-07-15 10:00:00+00:00, run_after=2026-07-15 11:00:00+00:00
[2026-07-15T11:18:05.023+0000] {processor.py:183} INFO - Processing /opt/airflow/dags/silver_dag3.py took 0.637 seconds
[2026-07-15T11:18:35.251+0000] {processor.py:161} INFO - Started process (PID=3122) to work on /opt/airflow/dags/silver_dag3.py
[2026-07-15T11:18:35.253+0000] {processor.py:830} INFO - Processing file /opt/airflow/dags/silver_dag3.py for tasks to queue
[2026-07-15T11:18:35.254+0000] {logging_mixin.py:188} INFO - [2026-07-15T11:18:35.254+0000] {dagbag.py:540} INFO - Filling up the DagBag from /opt/airflow/dags/silver_dag3.py
[2026-07-15T11:18:35.281+0000] {processor.py:840} INFO - DAG(s) 'silver_dag3' retrieved from /opt/airflow/dags/silver_dag3.py
[2026-07-15T11:18:35.336+0000] {logging_mixin.py:188} INFO - [2026-07-15T11:18:35.335+0000] {dag.py:3096} INFO - Sync 1 DAGs
[2026-07-15T11:18:35.381+0000] {logging_mixin.py:188} INFO - [2026-07-15T11:18:35.381+0000] {dag.py:3954} INFO - Setting next_dagrun for silver_dag3 to 2026-07-15 10:00:00+00:00, run_after=2026-07-15 11:00:00+00:00
[2026-07-15T11:18:35.411+0000] {processor.py:183} INFO - Processing /opt/airflow/dags/silver_dag3.py took 0.169 seconds
[2026-07-15T11:19:06.010+0000] {processor.py:161} INFO - Started process (PID=3145) to work on /opt/airflow/dags/silver_dag3.py
[2026-07-15T11:19:06.012+0000] {processor.py:830} INFO - Processing file /opt/airflow/dags/silver_dag3.py for tasks to queue
[2026-07-15T11:19:06.014+0000] {logging_mixin.py:188} INFO - [2026-07-15T11:19:06.014+0000] {dagbag.py:540} INFO - Filling up the DagBag from /opt/airflow/dags/silver_dag3.py
[2026-07-15T11:19:06.037+0000] {processor.py:840} INFO - DAG(s) 'silver_dag3' retrieved from /opt/airflow/dags/silver_dag3.py
[2026-07-15T11:19:06.074+0000] {logging_mixin.py:188} INFO - [2026-07-15T11:19:06.074+0000] {dag.py:3096} INFO - Sync 1 DAGs
[2026-07-15T11:19:06.105+0000] {logging_mixin.py:188} INFO - [2026-07-15T11:19:06.105+0000] {dag.py:3954} INFO - Setting next_dagrun for silver_dag3 to 2026-07-15 10:00:00+00:00, run_after=2026-07-15 11:00:00+00:00
[2026-07-15T11:19:06.135+0000] {processor.py:183} INFO - Processing /opt/airflow/dags/silver_dag3.py took 0.135 seconds
[2026-07-15T11:19:36.877+0000] {processor.py:161} INFO - Started process (PID=3170) to work on /opt/airflow/dags/silver_dag3.py
[2026-07-15T11:19:36.879+0000] {processor.py:830} INFO - Processing file /opt/airflow/dags/silver_dag3.py for tasks to queue
[2026-07-15T11:19:36.882+0000] {logging_mixin.py:188} INFO - [2026-07-15T11:19:36.881+0000] {dagbag.py:540} INFO - Filling up the DagBag from /opt/airflow/dags/silver_dag3.py
[2026-07-15T11:19:36.910+0000] {processor.py:840} INFO - DAG(s) 'silver_dag3' retrieved from /opt/airflow/dags/silver_dag3.py
[2026-07-15T11:19:36.943+0000] {logging_mixin.py:188} INFO - [2026-07-15T11:19:36.942+0000] {dag.py:3096} INFO - Sync 1 DAGs
[2026-07-15T11:19:36.971+0000] {logging_mixin.py:188} INFO - [2026-07-15T11:19:36.971+0000] {dag.py:3954} INFO - Setting next_dagrun for silver_dag3 to 2026-07-15 10:00:00+00:00, run_after=2026-07-15 11:00:00+00:00
[2026-07-15T11:19:36.993+0000] {processor.py:183} INFO - Processing /opt/airflow/dags/silver_dag3.py took 0.127 seconds
[2026-07-15T11:20:07.628+0000] {processor.py:161} INFO - Started process (PID=3195) to work on /opt/airflow/dags/silver_dag3.py
[2026-07-15T11:20:07.630+0000] {processor.py:830} INFO - Processing file /opt/airflow/dags/silver_dag3.py for tasks to queue
[2026-07-15T11:20:07.631+0000] {logging_mixin.py:188} INFO - [2026-07-15T11:20:07.631+0000] {dagbag.py:540} INFO - Filling up the DagBag from /opt/airflow/dags/silver_dag3.py
[2026-07-15T11:20:07.655+0000] {processor.py:840} INFO - DAG(s) 'silver_dag3' retrieved from /opt/airflow/dags/silver_dag3.py
[2026-07-15T11:20:07.689+0000] {logging_mixin.py:188} INFO - [2026-07-15T11:20:07.688+0000] {dag.py:3096} INFO - Sync 1 DAGs
[2026-07-15T11:20:07.718+0000] {logging_mixin.py:188} INFO - [2026-07-15T11:20:07.717+0000] {dag.py:3954} INFO - Setting next_dagrun for silver_dag3 to 2026-07-15 10:00:00+00:00, run_after=2026-07-15 11:00:00+00:00
[2026-07-15T11:20:07.741+0000] {processor.py:183} INFO - Processing /opt/airflow/dags/silver_dag3.py took 0.120 seconds
[2026-07-15T11:20:38.422+0000] {processor.py:161} INFO - Started process (PID=3220) to work on /opt/airflow/dags/silver_dag3.py
[2026-07-15T11:20:38.424+0000] {processor.py:830} INFO - Processing file /opt/airflow/dags/silver_dag3.py for tasks to queue
[2026-07-15T11:20:38.426+0000] {logging_mixin.py:188} INFO - [2026-07-15T11:20:38.425+0000] {dagbag.py:540} INFO - Filling up the DagBag from /opt/airflow/dags/silver_dag3.py
[2026-07-15T11:20:38.456+0000] {processor.py:840} INFO - DAG(s) 'silver_dag3' retrieved from /opt/airflow/dags/silver_dag3.py
[2026-07-15T11:20:38.504+0000] {logging_mixin.py:188} INFO - [2026-07-15T11:20:38.503+0000] {dag.py:3096} INFO - Sync 1 DAGs
[2026-07-15T11:20:38.531+0000] {logging_mixin.py:188} INFO - [2026-07-15T11:20:38.531+0000] {dag.py:3954} INFO - Setting next_dagrun for silver_dag3 to 2026-07-15 10:00:00+00:00, run_after=2026-07-15 11:00:00+00:00
[2026-07-15T11:20:38.554+0000] {processor.py:183} INFO - Processing /opt/airflow/dags/silver_dag3.py took 0.143 seconds
[2026-07-15T11:21:09.143+0000] {processor.py:161} INFO - Started process (PID=3245) to work on /opt/airflow/dags/silver_dag3.py
[2026-07-15T11:21:09.145+0000] {processor.py:830} INFO - Processing file /opt/airflow/dags/silver_dag3.py for tasks to queue
[2026-07-15T11:21:09.147+0000] {logging_mixin.py:188} INFO - [2026-07-15T11:21:09.147+0000] {dagbag.py:540} INFO - Filling up the DagBag from /opt/airflow/dags/silver_dag3.py
[2026-07-15T11:21:09.174+0000] {processor.py:840} INFO - DAG(s) 'silver_dag3' retrieved from /opt/airflow/dags/silver_dag3.py
[2026-07-15T11:21:09.207+0000] {logging_mixin.py:188} INFO - [2026-07-15T11:21:09.207+0000] {dag.py:3096} INFO - Sync 1 DAGs
[2026-07-15T11:21:09.238+0000] {logging_mixin.py:188} INFO - [2026-07-15T11:21:09.238+0000] {dag.py:3954} INFO - Setting next_dagrun for silver_dag3 to 2026-07-15 10:00:00+00:00, run_after=2026-07-15 11:00:00+00:00
[2026-07-15T11:21:09.259+0000] {processor.py:183} INFO - Processing /opt/airflow/dags/silver_dag3.py took 0.126 seconds
[2026-07-15T11:21:40.054+0000] {processor.py:161} INFO - Started process (PID=3270) to work on /opt/airflow/dags/silver_dag3.py
[2026-07-15T11:21:40.056+0000] {processor.py:830} INFO - Processing file /opt/airflow/dags/silver_dag3.py for tasks to queue
[2026-07-15T11:21:40.058+0000] {logging_mixin.py:188} INFO - [2026-07-15T11:21:40.058+0000] {dagbag.py:540} INFO - Filling up the DagBag from /opt/airflow/dags/silver_dag3.py
[2026-07-15T11:21:40.089+0000] {processor.py:840} INFO - DAG(s) 'silver_dag3' retrieved from /opt/airflow/dags/silver_dag3.py
[2026-07-15T11:21:40.124+0000] {logging_mixin.py:188} INFO - [2026-07-15T11:21:40.124+0000] {dag.py:3096} INFO - Sync 1 DAGs
[2026-07-15T11:21:40.153+0000] {logging_mixin.py:188} INFO - [2026-07-15T11:21:40.153+0000] {dag.py:3954} INFO - Setting next_dagrun for silver_dag3 to 2026-07-15 10:00:00+00:00, run_after=2026-07-15 11:00:00+00:00
[2026-07-15T11:21:40.178+0000] {processor.py:183} INFO - Processing /opt/airflow/dags/silver_dag3.py took 0.139 seconds
[2026-07-15T11:22:10.861+0000] {processor.py:161} INFO - Started process (PID=3305) to work on /opt/airflow/dags/silver_dag3.py
[2026-07-15T11:22:10.863+0000] {processor.py:830} INFO - Processing file /opt/airflow/dags/silver_dag3.py for tasks to queue
[2026-07-15T11:22:10.864+0000] {logging_mixin.py:188} INFO - [2026-07-15T11:22:10.864+0000] {dagbag.py:540} INFO - Filling up the DagBag from /opt/airflow/dags/silver_dag3.py
[2026-07-15T11:22:10.884+0000] {processor.py:840} INFO - DAG(s) 'silver_dag3' retrieved from /opt/airflow/dags/silver_dag3.py
[2026-07-15T11:22:10.916+0000] {logging_mixin.py:188} INFO - [2026-07-15T11:22:10.916+0000] {dag.py:3096} INFO - Sync 1 DAGs
[2026-07-15T11:22:10.942+0000] {logging_mixin.py:188} INFO - [2026-07-15T11:22:10.942+0000] {dag.py:3954} INFO - Setting next_dagrun for silver_dag3 to 2026-07-15 10:00:00+00:00, run_after=2026-07-15 11:00:00+00:00
[2026-07-15T11:22:10.966+0000] {processor.py:183} INFO - Processing /opt/airflow/dags/silver_dag3.py took 0.113 seconds
[2026-07-15T11:22:41.572+0000] {processor.py:161} INFO - Started process (PID=3330) to work on /opt/airflow/dags/silver_dag3.py
[2026-07-15T11:22:41.574+0000] {processor.py:830} INFO - Processing file /opt/airflow/dags/silver_dag3.py for tasks to queue
[2026-07-15T11:22:41.575+0000] {logging_mixin.py:188} INFO - [2026-07-15T11:22:41.575+0000] {dagbag.py:540} INFO - Filling up the DagBag from /opt/airflow/dags/silver_dag3.py
[2026-07-15T11:22:41.601+0000] {processor.py:840} INFO - DAG(s) 'silver_dag3' retrieved from /opt/airflow/dags/silver_dag3.py
[2026-07-15T11:22:41.629+0000] {logging_mixin.py:188} INFO - [2026-07-15T11:22:41.629+0000] {dag.py:3096} INFO - Sync 1 DAGs
[2026-07-15T11:22:41.655+0000] {logging_mixin.py:188} INFO - [2026-07-15T11:22:41.655+0000] {dag.py:3954} INFO - Setting next_dagrun for silver_dag3 to 2026-07-15 10:00:00+00:00, run_after=2026-07-15 11:00:00+00:00
[2026-07-15T11:22:41.676+0000] {processor.py:183} INFO - Processing /opt/airflow/dags/silver_dag3.py took 0.112 seconds
[2026-07-15T11:23:12.314+0000] {processor.py:161} INFO - Started process (PID=3355) to work on /opt/airflow/dags/silver_dag3.py
[2026-07-15T11:23:12.316+0000] {processor.py:830} INFO - Processing file /opt/airflow/dags/silver_dag3.py for tasks to queue
[2026-07-15T11:23:12.318+0000] {logging_mixin.py:188} INFO - [2026-07-15T11:23:12.317+0000] {dagbag.py:540} INFO - Filling up the DagBag from /opt/airflow/dags/silver_dag3.py
[2026-07-15T11:23:12.341+0000] {processor.py:840} INFO - DAG(s) 'silver_dag3' retrieved from /opt/airflow/dags/silver_dag3.py
[2026-07-15T11:23:12.377+0000] {logging_mixin.py:188} INFO - [2026-07-15T11:23:12.376+0000] {dag.py:3096} INFO - Sync 1 DAGs
[2026-07-15T11:23:12.406+0000] {logging_mixin.py:188} INFO - [2026-07-15T11:23:12.405+0000] {dag.py:3954} INFO - Setting next_dagrun for silver_dag3 to 2026-07-15 10:00:00+00:00, run_after=2026-07-15 11:00:00+00:00
[2026-07-15T11:23:12.434+0000] {processor.py:183} INFO - Processing /opt/airflow/dags/silver_dag3.py took 0.128 seconds
[2026-07-15T11:23:42.959+0000] {processor.py:161} INFO - Started process (PID=3380) to work on /opt/airflow/dags/silver_dag3.py
[2026-07-15T11:23:42.961+0000] {processor.py:830} INFO - Processing file /opt/airflow/dags/silver_dag3.py for tasks to queue
[2026-07-15T11:23:42.962+0000] {logging_mixin.py:188} INFO - [2026-07-15T11:23:42.962+0000] {dagbag.py:540} INFO - Filling up the DagBag from /opt/airflow/dags/silver_dag3.py
[2026-07-15T11:23:42.993+0000] {processor.py:840} INFO - DAG(s) 'silver_dag3' retrieved from /opt/airflow/dags/silver_dag3.py
[2026-07-15T11:23:43.026+0000] {logging_mixin.py:188} INFO - [2026-07-15T11:23:43.026+0000] {dag.py:3096} INFO - Sync 1 DAGs
[2026-07-15T11:23:43.051+0000] {logging_mixin.py:188} INFO - [2026-07-15T11:23:43.051+0000] {dag.py:3954} INFO - Setting next_dagrun for silver_dag3 to 2026-07-15 10:00:00+00:00, run_after=2026-07-15 11:00:00+00:00
[2026-07-15T11:23:43.083+0000] {processor.py:183} INFO - Processing /opt/airflow/dags/silver_dag3.py took 0.133 seconds
[2026-07-15T11:24:13.940+0000] {processor.py:161} INFO - Started process (PID=3427) to work on /opt/airflow/dags/silver_dag3.py
[2026-07-15T11:24:13.942+0000] {processor.py:830} INFO - Processing file /opt/airflow/dags/silver_dag3.py for tasks to queue
[2026-07-15T11:24:13.946+0000] {logging_mixin.py:188} INFO - [2026-07-15T11:24:13.945+0000] {dagbag.py:540} INFO - Filling up the DagBag from /opt/airflow/dags/silver_dag3.py
[2026-07-15T11:24:13.986+0000] {processor.py:840} INFO - DAG(s) 'silver_dag3' retrieved from /opt/airflow/dags/silver_dag3.py
[2026-07-15T11:24:14.056+0000] {logging_mixin.py:188} INFO - [2026-07-15T11:24:14.055+0000] {dag.py:3096} INFO - Sync 1 DAGs
[2026-07-15T11:24:14.103+0000] {logging_mixin.py:188} INFO - [2026-07-15T11:24:14.103+0000] {dag.py:3954} INFO - Setting next_dagrun for silver_dag3 to 2026-07-15 10:00:00+00:00, run_after=2026-07-15 11:00:00+00:00
[2026-07-15T11:24:14.147+0000] {processor.py:183} INFO - Processing /opt/airflow/dags/silver_dag3.py took 0.226 seconds
[2026-07-15T11:24:44.989+0000] {processor.py:161} INFO - Started process (PID=3452) to work on /opt/airflow/dags/silver_dag3.py
[2026-07-15T11:24:44.991+0000] {processor.py:830} INFO - Processing file /opt/airflow/dags/silver_dag3.py for tasks to queue
[2026-07-15T11:24:44.994+0000] {logging_mixin.py:188} INFO - [2026-07-15T11:24:44.993+0000] {dagbag.py:540} INFO - Filling up the DagBag from /opt/airflow/dags/silver_dag3.py
[2026-07-15T11:24:45.035+0000] {processor.py:840} INFO - DAG(s) 'silver_dag3' retrieved from /opt/airflow/dags/silver_dag3.py
[2026-07-15T11:24:45.125+0000] {logging_mixin.py:188} INFO - [2026-07-15T11:24:45.124+0000] {dag.py:3096} INFO - Sync 1 DAGs
[2026-07-15T11:24:45.163+0000] {logging_mixin.py:188} INFO - [2026-07-15T11:24:45.163+0000] {dag.py:3954} INFO - Setting next_dagrun for silver_dag3 to 2026-07-15 10:00:00+00:00, run_after=2026-07-15 11:00:00+00:00
[2026-07-15T11:24:45.194+0000] {processor.py:183} INFO - Processing /opt/airflow/dags/silver_dag3.py took 0.217 seconds
[2026-07-15T11:25:15.882+0000] {processor.py:161} INFO - Started process (PID=3477) to work on /opt/airflow/dags/silver_dag3.py
[2026-07-15T11:25:15.885+0000] {processor.py:830} INFO - Processing file /opt/airflow/dags/silver_dag3.py for tasks to queue
[2026-07-15T11:25:15.887+0000] {logging_mixin.py:188} INFO - [2026-07-15T11:25:15.887+0000] {dagbag.py:540} INFO - Filling up the DagBag from /opt/airflow/dags/silver_dag3.py
[2026-07-15T11:25:15.915+0000] {processor.py:840} INFO - DAG(s) 'silver_dag3' retrieved from /opt/airflow/dags/silver_dag3.py
[2026-07-15T11:25:15.954+0000] {logging_mixin.py:188} INFO - [2026-07-15T11:25:15.954+0000] {dag.py:3096} INFO - Sync 1 DAGs
[2026-07-15T11:25:15.990+0000] {logging_mixin.py:188} INFO - [2026-07-15T11:25:15.989+0000] {dag.py:3954} INFO - Setting next_dagrun for silver_dag3 to 2026-07-15 10:00:00+00:00, run_after=2026-07-15 11:00:00+00:00
[2026-07-15T11:25:16.016+0000] {processor.py:183} INFO - Processing /opt/airflow/dags/silver_dag3.py took 0.143 seconds
[2026-07-15T11:25:46.771+0000] {processor.py:161} INFO - Started process (PID=3504) to work on /opt/airflow/dags/silver_dag3.py
[2026-07-15T11:25:46.773+0000] {processor.py:830} INFO - Processing file /opt/airflow/dags/silver_dag3.py for tasks to queue
[2026-07-15T11:25:46.775+0000] {logging_mixin.py:188} INFO - [2026-07-15T11:25:46.775+0000] {dagbag.py:540} INFO - Filling up the DagBag from /opt/airflow/dags/silver_dag3.py
[2026-07-15T11:25:46.799+0000] {processor.py:840} INFO - DAG(s) 'silver_dag3' retrieved from /opt/airflow/dags/silver_dag3.py
[2026-07-15T11:25:46.832+0000] {logging_mixin.py:188} INFO - [2026-07-15T11:25:46.832+0000] {dag.py:3096} INFO - Sync 1 DAGs
[2026-07-15T11:25:46.867+0000] {logging_mixin.py:188} INFO - [2026-07-15T11:25:46.866+0000] {dag.py:3954} INFO - Setting next_dagrun for silver_dag3 to 2026-07-15 10:00:00+00:00, run_after=2026-07-15 11:00:00+00:00
[2026-07-15T11:25:46.893+0000] {processor.py:183} INFO - Processing /opt/airflow/dags/silver_dag3.py took 0.129 seconds
[2026-07-15T11:26:17.543+0000] {processor.py:161} INFO - Started process (PID=3529) to work on /opt/airflow/dags/silver_dag3.py
[2026-07-15T11:26:17.545+0000] {processor.py:830} INFO - Processing file /opt/airflow/dags/silver_dag3.py for tasks to queue
[2026-07-15T11:26:17.547+0000] {logging_mixin.py:188} INFO - [2026-07-15T11:26:17.546+0000] {dagbag.py:540} INFO - Filling up the DagBag from /opt/airflow/dags/silver_dag3.py
[2026-07-15T11:26:17.589+0000] {processor.py:840} INFO - DAG(s) 'silver_dag3' retrieved from /opt/airflow/dags/silver_dag3.py
[2026-07-15T11:26:17.658+0000] {logging_mixin.py:188} INFO - [2026-07-15T11:26:17.658+0000] {dag.py:3096} INFO - Sync 1 DAGs
[2026-07-15T11:26:17.703+0000] {logging_mixin.py:188} INFO - [2026-07-15T11:26:17.703+0000] {dag.py:3954} INFO - Setting next_dagrun for silver_dag3 to 2026-07-15 10:00:00+00:00, run_after=2026-07-15 11:00:00+00:00
[2026-07-15T11:26:17.745+0000] {processor.py:183} INFO - Processing /opt/airflow/dags/silver_dag3.py took 0.211 seconds
[2026-07-15T11:26:48.403+0000] {processor.py:161} INFO - Started process (PID=3554) to work on /opt/airflow/dags/silver_dag3.py
[2026-07-15T11:26:48.405+0000] {processor.py:830} INFO - Processing file /opt/airflow/dags/silver_dag3.py for tasks to queue
[2026-07-15T11:26:48.407+0000] {logging_mixin.py:188} INFO - [2026-07-15T11:26:48.406+0000] {dagbag.py:540} INFO - Filling up the DagBag from /opt/airflow/dags/silver_dag3.py
[2026-07-15T11:26:48.432+0000] {processor.py:840} INFO - DAG(s) 'silver_dag3' retrieved from /opt/airflow/dags/silver_dag3.py
[2026-07-15T11:26:48.460+0000] {logging_mixin.py:188} INFO - [2026-07-15T11:26:48.459+0000] {dag.py:3096} INFO - Sync 1 DAGs
[2026-07-15T11:26:48.485+0000] {logging_mixin.py:188} INFO - [2026-07-15T11:26:48.485+0000] {dag.py:3954} INFO - Setting next_dagrun for silver_dag3 to 2026-07-15 10:00:00+00:00, run_after=2026-07-15 11:00:00+00:00
[2026-07-15T11:26:48.507+0000] {processor.py:183} INFO - Processing /opt/airflow/dags/silver_dag3.py took 0.113 seconds
[2026-07-15T11:27:19.166+0000] {processor.py:161} INFO - Started process (PID=3579) to work on /opt/airflow/dags/silver_dag3.py
[2026-07-15T11:27:19.168+0000] {processor.py:830} INFO - Processing file /opt/airflow/dags/silver_dag3.py for tasks to queue
[2026-07-15T11:27:19.169+0000] {logging_mixin.py:188} INFO - [2026-07-15T11:27:19.169+0000] {dagbag.py:540} INFO - Filling up the DagBag from /opt/airflow/dags/silver_dag3.py
[2026-07-15T11:27:19.193+0000] {processor.py:840} INFO - DAG(s) 'silver_dag3' retrieved from /opt/airflow/dags/silver_dag3.py
[2026-07-15T11:27:19.227+0000] {logging_mixin.py:188} INFO - [2026-07-15T11:27:19.227+0000] {dag.py:3096} INFO - Sync 1 DAGs
[2026-07-15T11:27:19.252+0000] {logging_mixin.py:188} INFO - [2026-07-15T11:27:19.252+0000] {dag.py:3954} INFO - Setting next_dagrun for silver_dag3 to 2026-07-15 10:00:00+00:00, run_after=2026-07-15 11:00:00+00:00
[2026-07-15T11:27:19.271+0000] {processor.py:183} INFO - Processing /opt/airflow/dags/silver_dag3.py took 0.115 seconds
[2026-07-15T11:27:49.889+0000] {processor.py:161} INFO - Started process (PID=3606) to work on /opt/airflow/dags/silver_dag3.py
[2026-07-15T11:27:49.891+0000] {processor.py:830} INFO - Processing file /opt/airflow/dags/silver_dag3.py for tasks to queue
[2026-07-15T11:27:49.893+0000] {logging_mixin.py:188} INFO - [2026-07-15T11:27:49.893+0000] {dagbag.py:540} INFO - Filling up the DagBag from /opt/airflow/dags/silver_dag3.py
[2026-07-15T11:27:49.920+0000] {processor.py:840} INFO - DAG(s) 'silver_dag3' retrieved from /opt/airflow/dags/silver_dag3.py
[2026-07-15T11:27:49.952+0000] {logging_mixin.py:188} INFO - [2026-07-15T11:27:49.951+0000] {dag.py:3096} INFO - Sync 1 DAGs
[2026-07-15T11:27:49.979+0000] {logging_mixin.py:188} INFO - [2026-07-15T11:27:49.979+0000] {dag.py:3954} INFO - Setting next_dagrun for silver_dag3 to 2026-07-15 10:00:00+00:00, run_after=2026-07-15 11:00:00+00:00
[2026-07-15T11:27:50.002+0000] {processor.py:183} INFO - Processing /opt/airflow/dags/silver_dag3.py took 0.123 seconds
[2026-07-15T11:28:20.630+0000] {processor.py:161} INFO - Started process (PID=3631) to work on /opt/airflow/dags/silver_dag3.py
[2026-07-15T11:28:20.632+0000] {processor.py:830} INFO - Processing file /opt/airflow/dags/silver_dag3.py for tasks to queue
[2026-07-15T11:28:20.634+0000] {logging_mixin.py:188} INFO - [2026-07-15T11:28:20.634+0000] {dagbag.py:540} INFO - Filling up the DagBag from /opt/airflow/dags/silver_dag3.py
[2026-07-15T11:28:20.661+0000] {processor.py:840} INFO - DAG(s) 'silver_dag3' retrieved from /opt/airflow/dags/silver_dag3.py
[2026-07-15T11:28:20.704+0000] {logging_mixin.py:188} INFO - [2026-07-15T11:28:20.704+0000] {dag.py:3096} INFO - Sync 1 DAGs
[2026-07-15T11:28:20.731+0000] {logging_mixin.py:188} INFO - [2026-07-15T11:28:20.730+0000] {dag.py:3954} INFO - Setting next_dagrun for silver_dag3 to 2026-07-15 10:00:00+00:00, run_after=2026-07-15 11:00:00+00:00
[2026-07-15T11:28:20.758+0000] {processor.py:183} INFO - Processing /opt/airflow/dags/silver_dag3.py took 0.136 seconds
[2026-07-15T11:28:51.375+0000] {processor.py:161} INFO - Started process (PID=3656) to work on /opt/airflow/dags/silver_dag3.py
[2026-07-15T11:28:51.376+0000] {processor.py:830} INFO - Processing file /opt/airflow/dags/silver_dag3.py for tasks to queue
[2026-07-15T11:28:51.378+0000] {logging_mixin.py:188} INFO - [2026-07-15T11:28:51.377+0000] {dagbag.py:540} INFO - Filling up the DagBag from /opt/airflow/dags/silver_dag3.py
[2026-07-15T11:28:51.419+0000] {processor.py:840} INFO - DAG(s) 'silver_dag3' retrieved from /opt/airflow/dags/silver_dag3.py
[2026-07-15T11:28:51.478+0000] {logging_mixin.py:188} INFO - [2026-07-15T11:28:51.478+0000] {dag.py:3096} INFO - Sync 1 DAGs
[2026-07-15T11:28:51.519+0000] {logging_mixin.py:188} INFO - [2026-07-15T11:28:51.519+0000] {dag.py:3954} INFO - Setting next_dagrun for silver_dag3 to 2026-07-15 10:00:00+00:00, run_after=2026-07-15 11:00:00+00:00
[2026-07-15T11:28:51.543+0000] {processor.py:183} INFO - Processing /opt/airflow/dags/silver_dag3.py took 0.178 seconds
[2026-07-15T11:29:22.167+0000] {processor.py:161} INFO - Started process (PID=3681) to work on /opt/airflow/dags/silver_dag3.py
[2026-07-15T11:29:22.168+0000] {processor.py:830} INFO - Processing file /opt/airflow/dags/silver_dag3.py for tasks to queue
[2026-07-15T11:29:22.170+0000] {logging_mixin.py:188} INFO - [2026-07-15T11:29:22.169+0000] {dagbag.py:540} INFO - Filling up the DagBag from /opt/airflow/dags/silver_dag3.py
[2026-07-15T11:29:22.194+0000] {processor.py:840} INFO - DAG(s) 'silver_dag3' retrieved from /opt/airflow/dags/silver_dag3.py
[2026-07-15T11:29:22.224+0000] {logging_mixin.py:188} INFO - [2026-07-15T11:29:22.224+0000] {dag.py:3096} INFO - Sync 1 DAGs
[2026-07-15T11:29:22.248+0000] {logging_mixin.py:188} INFO - [2026-07-15T11:29:22.248+0000] {dag.py:3954} INFO - Setting next_dagrun for silver_dag3 to 2026-07-15 10:00:00+00:00, run_after=2026-07-15 11:00:00+00:00
[2026-07-15T11:29:22.268+0000] {processor.py:183} INFO - Processing /opt/airflow/dags/silver_dag3.py took 0.110 seconds
[2026-07-15T11:29:52.896+0000] {processor.py:161} INFO - Started process (PID=3706) to work on /opt/airflow/dags/silver_dag3.py
[2026-07-15T11:29:52.898+0000] {processor.py:830} INFO - Processing file /opt/airflow/dags/silver_dag3.py for tasks to queue
[2026-07-15T11:29:52.901+0000] {logging_mixin.py:188} INFO - [2026-07-15T11:29:52.900+0000] {dagbag.py:540} INFO - Filling up the DagBag from /opt/airflow/dags/silver_dag3.py
[2026-07-15T11:29:52.935+0000] {processor.py:840} INFO - DAG(s) 'silver_dag3' retrieved from /opt/airflow/dags/silver_dag3.py
[2026-07-15T11:29:52.965+0000] {logging_mixin.py:188} INFO - [2026-07-15T11:29:52.965+0000] {dag.py:3096} INFO - Sync 1 DAGs
[2026-07-15T11:29:52.993+0000] {logging_mixin.py:188} INFO - [2026-07-15T11:29:52.993+0000] {dag.py:3954} INFO - Setting next_dagrun for silver_dag3 to 2026-07-15 10:00:00+00:00, run_after=2026-07-15 11:00:00+00:00
[2026-07-15T11:29:53.013+0000] {processor.py:183} INFO - Processing /opt/airflow/dags/silver_dag3.py took 0.131 seconds
[2026-07-15T11:30:23.560+0000] {processor.py:161} INFO - Started process (PID=3731) to work on /opt/airflow/dags/silver_dag3.py
[2026-07-15T11:30:23.561+0000] {processor.py:830} INFO - Processing file /opt/airflow/dags/silver_dag3.py for tasks to queue
[2026-07-15T11:30:23.563+0000] {logging_mixin.py:188} INFO - [2026-07-15T11:30:23.563+0000] {dagbag.py:540} INFO - Filling up the DagBag from /opt/airflow/dags/silver_dag3.py
[2026-07-15T11:30:23.591+0000] {processor.py:840} INFO - DAG(s) 'silver_dag3' retrieved from /opt/airflow/dags/silver_dag3.py
[2026-07-15T11:30:23.637+0000] {logging_mixin.py:188} INFO - [2026-07-15T11:30:23.636+0000] {dag.py:3096} INFO - Sync 1 DAGs
[2026-07-15T11:30:23.672+0000] {logging_mixin.py:188} INFO - [2026-07-15T11:30:23.672+0000] {dag.py:3954} INFO - Setting next_dagrun for silver_dag3 to 2026-07-15 10:00:00+00:00, run_after=2026-07-15 11:00:00+00:00
[2026-07-15T11:30:23.701+0000] {processor.py:183} INFO - Processing /opt/airflow/dags/silver_dag3.py took 0.149 seconds
[2026-07-15T11:30:54.432+0000] {processor.py:161} INFO - Started process (PID=3756) to work on /opt/airflow/dags/silver_dag3.py
[2026-07-15T11:30:54.434+0000] {processor.py:830} INFO - Processing file /opt/airflow/dags/silver_dag3.py for tasks to queue
[2026-07-15T11:30:54.436+0000] {logging_mixin.py:188} INFO - [2026-07-15T11:30:54.436+0000] {dagbag.py:540} INFO - Filling up the DagBag from /opt/airflow/dags/silver_dag3.py
[2026-07-15T11:30:54.466+0000] {processor.py:840} INFO - DAG(s) 'silver_dag3' retrieved from /opt/airflow/dags/silver_dag3.py
[2026-07-15T11:30:54.506+0000] {logging_mixin.py:188} INFO - [2026-07-15T11:30:54.505+0000] {dag.py:3096} INFO - Sync 1 DAGs
[2026-07-15T11:30:54.575+0000] {logging_mixin.py:188} INFO - [2026-07-15T11:30:54.575+0000] {dag.py:3954} INFO - Setting next_dagrun for silver_dag3 to 2026-07-15 10:00:00+00:00, run_after=2026-07-15 11:00:00+00:00
[2026-07-15T11:30:54.614+0000] {processor.py:183} INFO - Processing /opt/airflow/dags/silver_dag3.py took 0.196 seconds
[2026-07-15T11:31:25.353+0000] {processor.py:161} INFO - Started process (PID=3781) to work on /opt/airflow/dags/silver_dag3.py
[2026-07-15T11:31:25.357+0000] {processor.py:830} INFO - Processing file /opt/airflow/dags/silver_dag3.py for tasks to queue
[2026-07-15T11:31:25.360+0000] {logging_mixin.py:188} INFO - [2026-07-15T11:31:25.359+0000] {dagbag.py:540} INFO - Filling up the DagBag from /opt/airflow/dags/silver_dag3.py
[2026-07-15T11:31:25.411+0000] {processor.py:840} INFO - DAG(s) 'silver_dag3' retrieved from /opt/airflow/dags/silver_dag3.py
[2026-07-15T11:31:25.450+0000] {logging_mixin.py:188} INFO - [2026-07-15T11:31:25.450+0000] {dag.py:3096} INFO - Sync 1 DAGs
[2026-07-15T11:31:25.481+0000] {logging_mixin.py:188} INFO - [2026-07-15T11:31:25.481+0000] {dag.py:3954} INFO - Setting next_dagrun for silver_dag3 to 2026-07-15 10:00:00+00:00, run_after=2026-07-15 11:00:00+00:00
[2026-07-15T11:31:25.507+0000] {processor.py:183} INFO - Processing /opt/airflow/dags/silver_dag3.py took 0.170 seconds
[2026-07-15T11:31:56.208+0000] {processor.py:161} INFO - Started process (PID=3806) to work on /opt/airflow/dags/silver_dag3.py
[2026-07-15T11:31:56.209+0000] {processor.py:830} INFO - Processing file /opt/airflow/dags/silver_dag3.py for tasks to queue
[2026-07-15T11:31:56.211+0000] {logging_mixin.py:188} INFO - [2026-07-15T11:31:56.211+0000] {dagbag.py:540} INFO - Filling up the DagBag from /opt/airflow/dags/silver_dag3.py
[2026-07-15T11:31:56.238+0000] {processor.py:840} INFO - DAG(s) 'silver_dag3' retrieved from /opt/airflow/dags/silver_dag3.py
[2026-07-15T11:31:56.274+0000] {logging_mixin.py:188} INFO - [2026-07-15T11:31:56.274+0000] {dag.py:3096} INFO - Sync 1 DAGs
[2026-07-15T11:31:56.304+0000] {logging_mixin.py:188} INFO - [2026-07-15T11:31:56.304+0000] {dag.py:3954} INFO - Setting next_dagrun for silver_dag3 to 2026-07-15 10:00:00+00:00, run_after=2026-07-15 11:00:00+00:00
[2026-07-15T11:31:56.331+0000] {processor.py:183} INFO - Processing /opt/airflow/dags/silver_dag3.py took 0.132 seconds
[2026-07-15T11:32:26.971+0000] {processor.py:161} INFO - Started process (PID=3831) to work on /opt/airflow/dags/silver_dag3.py
[2026-07-15T11:32:26.972+0000] {processor.py:830} INFO - Processing file /opt/airflow/dags/silver_dag3.py for tasks to queue
[2026-07-15T11:32:26.974+0000] {logging_mixin.py:188} INFO - [2026-07-15T11:32:26.974+0000] {dagbag.py:540} INFO - Filling up the DagBag from /opt/airflow/dags/silver_dag3.py
[2026-07-15T11:32:26.999+0000] {processor.py:840} INFO - DAG(s) 'silver_dag3' retrieved from /opt/airflow/dags/silver_dag3.py
[2026-07-15T11:32:27.029+0000] {logging_mixin.py:188} INFO - [2026-07-15T11:32:27.029+0000] {dag.py:3096} INFO - Sync 1 DAGs
[2026-07-15T11:32:27.059+0000] {logging_mixin.py:188} INFO - [2026-07-15T11:32:27.059+0000] {dag.py:3954} INFO - Setting next_dagrun for silver_dag3 to 2026-07-15 10:00:00+00:00, run_after=2026-07-15 11:00:00+00:00
[2026-07-15T11:32:27.082+0000] {processor.py:183} INFO - Processing /opt/airflow/dags/silver_dag3.py took 0.118 seconds
[2026-07-15T11:32:57.771+0000] {processor.py:161} INFO - Started process (PID=3856) to work on /opt/airflow/dags/silver_dag3.py
[2026-07-15T11:32:57.773+0000] {processor.py:830} INFO - Processing file /opt/airflow/dags/silver_dag3.py for tasks to queue
[2026-07-15T11:32:57.775+0000] {logging_mixin.py:188} INFO - [2026-07-15T11:32:57.774+0000] {dagbag.py:540} INFO - Filling up the DagBag from /opt/airflow/dags/silver_dag3.py
[2026-07-15T11:32:57.808+0000] {processor.py:840} INFO - DAG(s) 'silver_dag3' retrieved from /opt/airflow/dags/silver_dag3.py
[2026-07-15T11:32:57.843+0000] {logging_mixin.py:188} INFO - [2026-07-15T11:32:57.842+0000] {dag.py:3096} INFO - Sync 1 DAGs
[2026-07-15T11:32:57.877+0000] {logging_mixin.py:188} INFO - [2026-07-15T11:32:57.877+0000] {dag.py:3954} INFO - Setting next_dagrun for silver_dag3 to 2026-07-15 10:00:00+00:00, run_after=2026-07-15 11:00:00+00:00
[2026-07-15T11:32:57.904+0000] {processor.py:183} INFO - Processing /opt/airflow/dags/silver_dag3.py took 0.152 seconds
[2026-07-15T11:33:28.417+0000] {processor.py:161} INFO - Started process (PID=3881) to work on /opt/airflow/dags/silver_dag3.py
[2026-07-15T11:33:28.419+0000] {processor.py:830} INFO - Processing file /opt/airflow/dags/silver_dag3.py for tasks to queue
[2026-07-15T11:33:28.421+0000] {logging_mixin.py:188} INFO - [2026-07-15T11:33:28.420+0000] {dagbag.py:540} INFO - Filling up the DagBag from /opt/airflow/dags/silver_dag3.py
[2026-07-15T11:33:28.446+0000] {processor.py:840} INFO - DAG(s) 'silver_dag3' retrieved from /opt/airflow/dags/silver_dag3.py
[2026-07-15T11:33:28.476+0000] {logging_mixin.py:188} INFO - [2026-07-15T11:33:28.476+0000] {dag.py:3096} INFO - Sync 1 DAGs
[2026-07-15T11:33:28.504+0000] {logging_mixin.py:188} INFO - [2026-07-15T11:33:28.504+0000] {dag.py:3954} INFO - Setting next_dagrun for silver_dag3 to 2026-07-15 10:00:00+00:00, run_after=2026-07-15 11:00:00+00:00
[2026-07-15T11:33:28.528+0000] {processor.py:183} INFO - Processing /opt/airflow/dags/silver_dag3.py took 0.122 seconds
[2026-07-15T11:33:59.161+0000] {processor.py:161} INFO - Started process (PID=3906) to work on /opt/airflow/dags/silver_dag3.py
[2026-07-15T11:33:59.162+0000] {processor.py:830} INFO - Processing file /opt/airflow/dags/silver_dag3.py for tasks to queue
[2026-07-15T11:33:59.164+0000] {logging_mixin.py:188} INFO - [2026-07-15T11:33:59.163+0000] {dagbag.py:540} INFO - Filling up the DagBag from /opt/airflow/dags/silver_dag3.py
[2026-07-15T11:33:59.189+0000] {processor.py:840} INFO - DAG(s) 'silver_dag3' retrieved from /opt/airflow/dags/silver_dag3.py
[2026-07-15T11:33:59.219+0000] {logging_mixin.py:188} INFO - [2026-07-15T11:33:59.218+0000] {dag.py:3096} INFO - Sync 1 DAGs
[2026-07-15T11:33:59.244+0000] {logging_mixin.py:188} INFO - [2026-07-15T11:33:59.244+0000] {dag.py:3954} INFO - Setting next_dagrun for silver_dag3 to 2026-07-15 10:00:00+00:00, run_after=2026-07-15 11:00:00+00:00
[2026-07-15T11:33:59.264+0000] {processor.py:183} INFO - Processing /opt/airflow/dags/silver_dag3.py took 0.111 seconds
[2026-07-15T11:34:29.921+0000] {processor.py:161} INFO - Started process (PID=3931) to work on /opt/airflow/dags/silver_dag3.py
[2026-07-15T11:34:29.923+0000] {processor.py:830} INFO - Processing file /opt/airflow/dags/silver_dag3.py for tasks to queue
[2026-07-15T11:34:29.925+0000] {logging_mixin.py:188} INFO - [2026-07-15T11:34:29.924+0000] {dagbag.py:540} INFO - Filling up the DagBag from /opt/airflow/dags/silver_dag3.py
[2026-07-15T11:34:29.948+0000] {processor.py:840} INFO - DAG(s) 'silver_dag3' retrieved from /opt/airflow/dags/silver_dag3.py
[2026-07-15T11:34:29.980+0000] {logging_mixin.py:188} INFO - [2026-07-15T11:34:29.979+0000] {dag.py:3096} INFO - Sync 1 DAGs
[2026-07-15T11:34:30.004+0000] {logging_mixin.py:188} INFO - [2026-07-15T11:34:30.004+0000] {dag.py:3954} INFO - Setting next_dagrun for silver_dag3 to 2026-07-15 10:00:00+00:00, run_after=2026-07-15 11:00:00+00:00
[2026-07-15T11:34:30.025+0000] {processor.py:183} INFO - Processing /opt/airflow/dags/silver_dag3.py took 0.112 seconds
[2026-07-15T11:35:00.694+0000] {processor.py:161} INFO - Started process (PID=3956) to work on /opt/airflow/dags/silver_dag3.py
[2026-07-15T11:35:00.696+0000] {processor.py:830} INFO - Processing file /opt/airflow/dags/silver_dag3.py for tasks to queue
[2026-07-15T11:35:00.699+0000] {logging_mixin.py:188} INFO - [2026-07-15T11:35:00.698+0000] {dagbag.py:540} INFO - Filling up the DagBag from /opt/airflow/dags/silver_dag3.py
[2026-07-15T11:35:00.732+0000] {processor.py:840} INFO - DAG(s) 'silver_dag3' retrieved from /opt/airflow/dags/silver_dag3.py
[2026-07-15T11:35:00.771+0000] {logging_mixin.py:188} INFO - [2026-07-15T11:35:00.771+0000] {dag.py:3096} INFO - Sync 1 DAGs
[2026-07-15T11:35:00.801+0000] {logging_mixin.py:188} INFO - [2026-07-15T11:35:00.800+0000] {dag.py:3954} INFO - Setting next_dagrun for silver_dag3 to 2026-07-15 10:00:00+00:00, run_after=2026-07-15 11:00:00+00:00
[2026-07-15T11:35:00.825+0000] {processor.py:183} INFO - Processing /opt/airflow/dags/silver_dag3.py took 0.141 seconds
[2026-07-15T11:35:31.465+0000] {processor.py:161} INFO - Started process (PID=3981) to work on /opt/airflow/dags/silver_dag3.py
[2026-07-15T11:35:31.467+0000] {processor.py:830} INFO - Processing file /opt/airflow/dags/silver_dag3.py for tasks to queue
[2026-07-15T11:35:31.469+0000] {logging_mixin.py:188} INFO - [2026-07-15T11:35:31.469+0000] {dagbag.py:540} INFO - Filling up the DagBag from /opt/airflow/dags/silver_dag3.py
[2026-07-15T11:35:31.498+0000] {processor.py:840} INFO - DAG(s) 'silver_dag3' retrieved from /opt/airflow/dags/silver_dag3.py
[2026-07-15T11:35:31.534+0000] {logging_mixin.py:188} INFO - [2026-07-15T11:35:31.534+0000] {dag.py:3096} INFO - Sync 1 DAGs
[2026-07-15T11:35:31.568+0000] {logging_mixin.py:188} INFO - [2026-07-15T11:35:31.568+0000] {dag.py:3954} INFO - Setting next_dagrun for silver_dag3 to 2026-07-15 10:00:00+00:00, run_after=2026-07-15 11:00:00+00:00
[2026-07-15T11:35:31.593+0000] {processor.py:183} INFO - Processing /opt/airflow/dags/silver_dag3.py took 0.137 seconds
[2026-07-15T11:36:02.223+0000] {processor.py:161} INFO - Started process (PID=4006) to work on /opt/airflow/dags/silver_dag3.py
[2026-07-15T11:36:02.225+0000] {processor.py:830} INFO - Processing file /opt/airflow/dags/silver_dag3.py for tasks to queue
[2026-07-15T11:36:02.227+0000] {logging_mixin.py:188} INFO - [2026-07-15T11:36:02.226+0000] {dagbag.py:540} INFO - Filling up the DagBag from /opt/airflow/dags/silver_dag3.py
[2026-07-15T11:36:02.251+0000] {processor.py:840} INFO - DAG(s) 'silver_dag3' retrieved from /opt/airflow/dags/silver_dag3.py
[2026-07-15T11:36:02.287+0000] {logging_mixin.py:188} INFO - [2026-07-15T11:36:02.286+0000] {dag.py:3096} INFO - Sync 1 DAGs
[2026-07-15T11:36:02.313+0000] {logging_mixin.py:188} INFO - [2026-07-15T11:36:02.313+0000] {dag.py:3954} INFO - Setting next_dagrun for silver_dag3 to 2026-07-15 10:00:00+00:00, run_after=2026-07-15 11:00:00+00:00
[2026-07-15T11:36:02.334+0000] {processor.py:183} INFO - Processing /opt/airflow/dags/silver_dag3.py took 0.119 seconds
[2026-07-15T11:36:32.941+0000] {processor.py:161} INFO - Started process (PID=4031) to work on /opt/airflow/dags/silver_dag3.py
[2026-07-15T11:36:32.943+0000] {processor.py:830} INFO - Processing file /opt/airflow/dags/silver_dag3.py for tasks to queue
[2026-07-15T11:36:32.945+0000] {logging_mixin.py:188} INFO - [2026-07-15T11:36:32.944+0000] {dagbag.py:540} INFO - Filling up the DagBag from /opt/airflow/dags/silver_dag3.py
[2026-07-15T11:36:32.975+0000] {processor.py:840} INFO - DAG(s) 'silver_dag3' retrieved from /opt/airflow/dags/silver_dag3.py
[2026-07-15T11:36:33.013+0000] {logging_mixin.py:188} INFO - [2026-07-15T11:36:33.012+0000] {dag.py:3096} INFO - Sync 1 DAGs
[2026-07-15T11:36:33.040+0000] {logging_mixin.py:188} INFO - [2026-07-15T11:36:33.040+0000] {dag.py:3954} INFO - Setting next_dagrun for silver_dag3 to 2026-07-15 10:00:00+00:00, run_after=2026-07-15 11:00:00+00:00
[2026-07-15T11:36:33.069+0000] {processor.py:183} INFO - Processing /opt/airflow/dags/silver_dag3.py took 0.140 seconds
[2026-07-15T11:37:03.681+0000] {processor.py:161} INFO - Started process (PID=4056) to work on /opt/airflow/dags/silver_dag3.py
[2026-07-15T11:37:03.683+0000] {processor.py:830} INFO - Processing file /opt/airflow/dags/silver_dag3.py for tasks to queue
[2026-07-15T11:37:03.685+0000] {logging_mixin.py:188} INFO - [2026-07-15T11:37:03.685+0000] {dagbag.py:540} INFO - Filling up the DagBag from /opt/airflow/dags/silver_dag3.py
[2026-07-15T11:37:03.708+0000] {processor.py:840} INFO - DAG(s) 'silver_dag3' retrieved from /opt/airflow/dags/silver_dag3.py
[2026-07-15T11:37:03.744+0000] {logging_mixin.py:188} INFO - [2026-07-15T11:37:03.743+0000] {dag.py:3096} INFO - Sync 1 DAGs
[2026-07-15T11:37:03.769+0000] {logging_mixin.py:188} INFO - [2026-07-15T11:37:03.769+0000] {dag.py:3954} INFO - Setting next_dagrun for silver_dag3 to 2026-07-15 10:00:00+00:00, run_after=2026-07-15 11:00:00+00:00
[2026-07-15T11:37:03.791+0000] {processor.py:183} INFO - Processing /opt/airflow/dags/silver_dag3.py took 0.121 seconds
[2026-07-15T11:37:33.933+0000] {processor.py:161} INFO - Started process (PID=4098) to work on /opt/airflow/dags/silver_dag3.py
[2026-07-15T11:37:33.936+0000] {processor.py:830} INFO - Processing file /opt/airflow/dags/silver_dag3.py for tasks to queue
[2026-07-15T11:37:33.939+0000] {logging_mixin.py:188} INFO - [2026-07-15T11:37:33.938+0000] {dagbag.py:540} INFO - Filling up the DagBag from /opt/airflow/dags/silver_dag3.py
[2026-07-15T11:37:33.979+0000] {processor.py:840} INFO - DAG(s) 'silver_dag3' retrieved from /opt/airflow/dags/silver_dag3.py
[2026-07-15T11:37:34.033+0000] {logging_mixin.py:188} INFO - [2026-07-15T11:37:34.032+0000] {dag.py:3096} INFO - Sync 1 DAGs
[2026-07-15T11:37:34.076+0000] {logging_mixin.py:188} INFO - [2026-07-15T11:37:34.075+0000] {dag.py:3954} INFO - Setting next_dagrun for silver_dag3 to 2026-07-15 10:00:00+00:00, run_after=2026-07-15 11:00:00+00:00
[2026-07-15T11:37:34.113+0000] {processor.py:183} INFO - Processing /opt/airflow/dags/silver_dag3.py took 0.198 seconds
[2026-07-15T11:38:04.370+0000] {processor.py:161} INFO - Started process (PID=4123) to work on /opt/airflow/dags/silver_dag3.py
[2026-07-15T11:38:04.376+0000] {processor.py:830} INFO - Processing file /opt/airflow/dags/silver_dag3.py for tasks to queue
[2026-07-15T11:38:04.381+0000] {logging_mixin.py:188} INFO - [2026-07-15T11:38:04.379+0000] {dagbag.py:540} INFO - Filling up the DagBag from /opt/airflow/dags/silver_dag3.py
[2026-07-15T11:38:04.464+0000] {processor.py:840} INFO - DAG(s) 'silver_dag3' retrieved from /opt/airflow/dags/silver_dag3.py
[2026-07-15T11:38:04.635+0000] {logging_mixin.py:188} INFO - [2026-07-15T11:38:04.634+0000] {dag.py:3096} INFO - Sync 1 DAGs
[2026-07-15T11:38:04.756+0000] {logging_mixin.py:188} INFO - [2026-07-15T11:38:04.755+0000] {dag.py:3954} INFO - Setting next_dagrun for silver_dag3 to 2026-07-15 10:00:00+00:00, run_after=2026-07-15 11:00:00+00:00
[2026-07-15T11:38:04.827+0000] {processor.py:183} INFO - Processing /opt/airflow/dags/silver_dag3.py took 0.491 seconds
[2026-07-15T11:38:35.469+0000] {processor.py:161} INFO - Started process (PID=4148) to work on /opt/airflow/dags/silver_dag3.py
[2026-07-15T11:38:35.473+0000] {processor.py:830} INFO - Processing file /opt/airflow/dags/silver_dag3.py for tasks to queue
[2026-07-15T11:38:35.475+0000] {logging_mixin.py:188} INFO - [2026-07-15T11:38:35.475+0000] {dagbag.py:540} INFO - Filling up the DagBag from /opt/airflow/dags/silver_dag3.py
[2026-07-15T11:38:35.527+0000] {processor.py:840} INFO - DAG(s) 'silver_dag3' retrieved from /opt/airflow/dags/silver_dag3.py
[2026-07-15T11:38:35.593+0000] {logging_mixin.py:188} INFO - [2026-07-15T11:38:35.592+0000] {dag.py:3096} INFO - Sync 1 DAGs
[2026-07-15T11:38:35.640+0000] {logging_mixin.py:188} INFO - [2026-07-15T11:38:35.640+0000] {dag.py:3954} INFO - Setting next_dagrun for silver_dag3 to 2026-07-15 10:00:00+00:00, run_after=2026-07-15 11:00:00+00:00
[2026-07-15T11:38:35.674+0000] {processor.py:183} INFO - Processing /opt/airflow/dags/silver_dag3.py took 0.237 seconds
[2026-07-15T11:39:05.828+0000] {processor.py:161} INFO - Started process (PID=4173) to work on /opt/airflow/dags/silver_dag3.py
[2026-07-15T11:39:05.830+0000] {processor.py:830} INFO - Processing file /opt/airflow/dags/silver_dag3.py for tasks to queue
[2026-07-15T11:39:05.833+0000] {logging_mixin.py:188} INFO - [2026-07-15T11:39:05.832+0000] {dagbag.py:540} INFO - Filling up the DagBag from /opt/airflow/dags/silver_dag3.py
[2026-07-15T11:39:05.869+0000] {processor.py:840} INFO - DAG(s) 'silver_dag3' retrieved from /opt/airflow/dags/silver_dag3.py
[2026-07-15T11:39:05.925+0000] {logging_mixin.py:188} INFO - [2026-07-15T11:39:05.925+0000] {dag.py:3096} INFO - Sync 1 DAGs
[2026-07-15T11:39:05.967+0000] {logging_mixin.py:188} INFO - [2026-07-15T11:39:05.967+0000] {dag.py:3954} INFO - Setting next_dagrun for silver_dag3 to 2026-07-15 10:00:00+00:00, run_after=2026-07-15 11:00:00+00:00
[2026-07-15T11:39:06.004+0000] {processor.py:183} INFO - Processing /opt/airflow/dags/silver_dag3.py took 0.192 seconds
[2026-07-15T11:39:36.161+0000] {processor.py:161} INFO - Started process (PID=4212) to work on /opt/airflow/dags/silver_dag3.py
[2026-07-15T11:39:36.163+0000] {processor.py:830} INFO - Processing file /opt/airflow/dags/silver_dag3.py for tasks to queue
[2026-07-15T11:39:36.166+0000] {logging_mixin.py:188} INFO - [2026-07-15T11:39:36.165+0000] {dagbag.py:540} INFO - Filling up the DagBag from /opt/airflow/dags/silver_dag3.py
[2026-07-15T11:39:36.207+0000] {processor.py:840} INFO - DAG(s) 'silver_dag3' retrieved from /opt/airflow/dags/silver_dag3.py
[2026-07-15T11:39:36.285+0000] {logging_mixin.py:188} INFO - [2026-07-15T11:39:36.284+0000] {dag.py:3096} INFO - Sync 1 DAGs
[2026-07-15T11:39:36.361+0000] {logging_mixin.py:188} INFO - [2026-07-15T11:39:36.360+0000] {dag.py:3954} INFO - Setting next_dagrun for silver_dag3 to 2026-07-15 10:00:00+00:00, run_after=2026-07-15 11:00:00+00:00
[2026-07-15T11:39:36.414+0000] {processor.py:183} INFO - Processing /opt/airflow/dags/silver_dag3.py took 0.266 seconds
[2026-07-15T11:40:06.678+0000] {processor.py:161} INFO - Started process (PID=4237) to work on /opt/airflow/dags/silver_dag3.py
[2026-07-15T11:40:06.682+0000] {processor.py:830} INFO - Processing file /opt/airflow/dags/silver_dag3.py for tasks to queue
[2026-07-15T11:40:06.688+0000] {logging_mixin.py:188} INFO - [2026-07-15T11:40:06.685+0000] {dagbag.py:540} INFO - Filling up the DagBag from /opt/airflow/dags/silver_dag3.py
[2026-07-15T11:40:06.731+0000] {processor.py:840} INFO - DAG(s) 'silver_dag3' retrieved from /opt/airflow/dags/silver_dag3.py
[2026-07-15T11:40:06.843+0000] {logging_mixin.py:188} INFO - [2026-07-15T11:40:06.842+0000] {dag.py:3096} INFO - Sync 1 DAGs
[2026-07-15T11:40:06.932+0000] {logging_mixin.py:188} INFO - [2026-07-15T11:40:06.931+0000] {dag.py:3954} INFO - Setting next_dagrun for silver_dag3 to 2026-07-15 10:00:00+00:00, run_after=2026-07-15 11:00:00+00:00
[2026-07-15T11:40:06.976+0000] {processor.py:183} INFO - Processing /opt/airflow/dags/silver_dag3.py took 0.333 seconds
[2026-07-15T11:40:37.225+0000] {processor.py:161} INFO - Started process (PID=4262) to work on /opt/airflow/dags/silver_dag3.py
[2026-07-15T11:40:37.227+0000] {processor.py:830} INFO - Processing file /opt/airflow/dags/silver_dag3.py for tasks to queue
[2026-07-15T11:40:37.230+0000] {logging_mixin.py:188} INFO - [2026-07-15T11:40:37.229+0000] {dagbag.py:540} INFO - Filling up the DagBag from /opt/airflow/dags/silver_dag3.py
[2026-07-15T11:40:37.278+0000] {processor.py:840} INFO - DAG(s) 'silver_dag3' retrieved from /opt/airflow/dags/silver_dag3.py
[2026-07-15T11:40:37.357+0000] {logging_mixin.py:188} INFO - [2026-07-15T11:40:37.356+0000] {dag.py:3096} INFO - Sync 1 DAGs
[2026-07-15T11:40:37.431+0000] {logging_mixin.py:188} INFO - [2026-07-15T11:40:37.431+0000] {dag.py:3954} INFO - Setting next_dagrun for silver_dag3 to 2026-07-15 10:00:00+00:00, run_after=2026-07-15 11:00:00+00:00
[2026-07-15T11:40:37.470+0000] {processor.py:183} INFO - Processing /opt/airflow/dags/silver_dag3.py took 0.261 seconds
[2026-07-15T11:41:08.292+0000] {processor.py:161} INFO - Started process (PID=4287) to work on /opt/airflow/dags/silver_dag3.py
[2026-07-15T11:41:08.295+0000] {processor.py:830} INFO - Processing file /opt/airflow/dags/silver_dag3.py for tasks to queue
[2026-07-15T11:41:08.298+0000] {logging_mixin.py:188} INFO - [2026-07-15T11:41:08.297+0000] {dagbag.py:540} INFO - Filling up the DagBag from /opt/airflow/dags/silver_dag3.py
[2026-07-15T11:41:08.369+0000] {processor.py:840} INFO - DAG(s) 'silver_dag3' retrieved from /opt/airflow/dags/silver_dag3.py
[2026-07-15T11:41:08.461+0000] {logging_mixin.py:188} INFO - [2026-07-15T11:41:08.461+0000] {dag.py:3096} INFO - Sync 1 DAGs
[2026-07-15T11:41:08.529+0000] {logging_mixin.py:188} INFO - [2026-07-15T11:41:08.528+0000] {dag.py:3954} INFO - Setting next_dagrun for silver_dag3 to 2026-07-15 10:00:00+00:00, run_after=2026-07-15 11:00:00+00:00
[2026-07-15T11:41:08.576+0000] {processor.py:183} INFO - Processing /opt/airflow/dags/silver_dag3.py took 0.310 seconds
[2026-07-15T11:41:38.886+0000] {processor.py:161} INFO - Started process (PID=4312) to work on /opt/airflow/dags/silver_dag3.py
[2026-07-15T11:41:38.888+0000] {processor.py:830} INFO - Processing file /opt/airflow/dags/silver_dag3.py for tasks to queue
[2026-07-15T11:41:38.890+0000] {logging_mixin.py:188} INFO - [2026-07-15T11:41:38.889+0000] {dagbag.py:540} INFO - Filling up the DagBag from /opt/airflow/dags/silver_dag3.py
[2026-07-15T11:41:38.922+0000] {processor.py:840} INFO - DAG(s) 'silver_dag3' retrieved from /opt/airflow/dags/silver_dag3.py
[2026-07-15T11:41:38.982+0000] {logging_mixin.py:188} INFO - [2026-07-15T11:41:38.982+0000] {dag.py:3096} INFO - Sync 1 DAGs
[2026-07-15T11:41:39.043+0000] {logging_mixin.py:188} INFO - [2026-07-15T11:41:39.042+0000] {dag.py:3954} INFO - Setting next_dagrun for silver_dag3 to 2026-07-15 10:00:00+00:00, run_after=2026-07-15 11:00:00+00:00
[2026-07-15T11:41:39.078+0000] {processor.py:183} INFO - Processing /opt/airflow/dags/silver_dag3.py took 0.204 seconds
[2026-07-15T11:42:09.304+0000] {processor.py:161} INFO - Started process (PID=4337) to work on /opt/airflow/dags/silver_dag3.py
[2026-07-15T11:42:09.306+0000] {processor.py:830} INFO - Processing file /opt/airflow/dags/silver_dag3.py for tasks to queue
[2026-07-15T11:42:09.308+0000] {logging_mixin.py:188} INFO - [2026-07-15T11:42:09.308+0000] {dagbag.py:540} INFO - Filling up the DagBag from /opt/airflow/dags/silver_dag3.py
[2026-07-15T11:42:09.348+0000] {processor.py:840} INFO - DAG(s) 'silver_dag3' retrieved from /opt/airflow/dags/silver_dag3.py
[2026-07-15T11:42:09.397+0000] {logging_mixin.py:188} INFO - [2026-07-15T11:42:09.397+0000] {dag.py:3096} INFO - Sync 1 DAGs
[2026-07-15T11:42:09.444+0000] {logging_mixin.py:188} INFO - [2026-07-15T11:42:09.443+0000] {dag.py:3954} INFO - Setting next_dagrun for silver_dag3 to 2026-07-15 10:00:00+00:00, run_after=2026-07-15 11:00:00+00:00
[2026-07-15T11:42:09.487+0000] {processor.py:183} INFO - Processing /opt/airflow/dags/silver_dag3.py took 0.197 seconds
[2026-07-15T11:42:39.560+0000] {processor.py:161} INFO - Started process (PID=4359) to work on /opt/airflow/dags/silver_dag3.py
[2026-07-15T11:42:39.562+0000] {processor.py:830} INFO - Processing file /opt/airflow/dags/silver_dag3.py for tasks to queue
[2026-07-15T11:42:39.564+0000] {logging_mixin.py:188} INFO - [2026-07-15T11:42:39.564+0000] {dagbag.py:540} INFO - Filling up the DagBag from /opt/airflow/dags/silver_dag3.py
[2026-07-15T11:42:39.593+0000] {processor.py:840} INFO - DAG(s) 'silver_dag3' retrieved from /opt/airflow/dags/silver_dag3.py
[2026-07-15T11:42:39.634+0000] {logging_mixin.py:188} INFO - [2026-07-15T11:42:39.634+0000] {dag.py:3096} INFO - Sync 1 DAGs
[2026-07-15T11:42:39.670+0000] {logging_mixin.py:188} INFO - [2026-07-15T11:42:39.670+0000] {dag.py:3954} INFO - Setting next_dagrun for silver_dag3 to 2026-07-15 10:00:00+00:00, run_after=2026-07-15 11:00:00+00:00
[2026-07-15T11:42:39.698+0000] {processor.py:183} INFO - Processing /opt/airflow/dags/silver_dag3.py took 0.146 seconds
[2026-07-15T11:43:09.831+0000] {processor.py:161} INFO - Started process (PID=4384) to work on /opt/airflow/dags/silver_dag3.py
[2026-07-15T11:43:09.833+0000] {processor.py:830} INFO - Processing file /opt/airflow/dags/silver_dag3.py for tasks to queue
[2026-07-15T11:43:09.836+0000] {logging_mixin.py:188} INFO - [2026-07-15T11:43:09.834+0000] {dagbag.py:540} INFO - Filling up the DagBag from /opt/airflow/dags/silver_dag3.py
[2026-07-15T11:43:09.869+0000] {processor.py:840} INFO - DAG(s) 'silver_dag3' retrieved from /opt/airflow/dags/silver_dag3.py
[2026-07-15T11:43:09.907+0000] {logging_mixin.py:188} INFO - [2026-07-15T11:43:09.907+0000] {dag.py:3096} INFO - Sync 1 DAGs
[2026-07-15T11:43:09.944+0000] {logging_mixin.py:188} INFO - [2026-07-15T11:43:09.944+0000] {dag.py:3954} INFO - Setting next_dagrun for silver_dag3 to 2026-07-15 10:00:00+00:00, run_after=2026-07-15 11:00:00+00:00
[2026-07-15T11:43:09.975+0000] {processor.py:183} INFO - Processing /opt/airflow/dags/silver_dag3.py took 0.155 seconds
[2026-07-15T11:43:40.214+0000] {processor.py:161} INFO - Started process (PID=4421) to work on /opt/airflow/dags/silver_dag3.py
[2026-07-15T11:43:40.217+0000] {processor.py:830} INFO - Processing file /opt/airflow/dags/silver_dag3.py for tasks to queue
[2026-07-15T11:43:40.221+0000] {logging_mixin.py:188} INFO - [2026-07-15T11:43:40.219+0000] {dagbag.py:540} INFO - Filling up the DagBag from /opt/airflow/dags/silver_dag3.py
[2026-07-15T11:43:40.260+0000] {processor.py:840} INFO - DAG(s) 'silver_dag3' retrieved from /opt/airflow/dags/silver_dag3.py
[2026-07-15T11:43:40.312+0000] {logging_mixin.py:188} INFO - [2026-07-15T11:43:40.312+0000] {dag.py:3096} INFO - Sync 1 DAGs
[2026-07-15T11:43:40.359+0000] {logging_mixin.py:188} INFO - [2026-07-15T11:43:40.358+0000] {dag.py:3954} INFO - Setting next_dagrun for silver_dag3 to 2026-07-15 10:00:00+00:00, run_after=2026-07-15 11:00:00+00:00
[2026-07-15T11:43:40.408+0000] {processor.py:183} INFO - Processing /opt/airflow/dags/silver_dag3.py took 0.218 seconds
[2026-07-15T11:44:10.678+0000] {processor.py:161} INFO - Started process (PID=4446) to work on /opt/airflow/dags/silver_dag3.py
[2026-07-15T11:44:10.685+0000] {processor.py:830} INFO - Processing file /opt/airflow/dags/silver_dag3.py for tasks to queue
[2026-07-15T11:44:10.696+0000] {logging_mixin.py:188} INFO - [2026-07-15T11:44:10.694+0000] {dagbag.py:540} INFO - Filling up the DagBag from /opt/airflow/dags/silver_dag3.py
[2026-07-15T11:44:10.817+0000] {processor.py:840} INFO - DAG(s) 'silver_dag3' retrieved from /opt/airflow/dags/silver_dag3.py
[2026-07-15T11:44:10.941+0000] {logging_mixin.py:188} INFO - [2026-07-15T11:44:10.940+0000] {dag.py:3096} INFO - Sync 1 DAGs
[2026-07-15T11:44:11.051+0000] {logging_mixin.py:188} INFO - [2026-07-15T11:44:11.051+0000] {dag.py:3954} INFO - Setting next_dagrun for silver_dag3 to 2026-07-15 10:00:00+00:00, run_after=2026-07-15 11:00:00+00:00
[2026-07-15T11:44:11.135+0000] {processor.py:183} INFO - Processing /opt/airflow/dags/silver_dag3.py took 0.501 seconds
[2026-07-15T11:44:41.328+0000] {processor.py:161} INFO - Started process (PID=4471) to work on /opt/airflow/dags/silver_dag3.py
[2026-07-15T11:44:41.330+0000] {processor.py:830} INFO - Processing file /opt/airflow/dags/silver_dag3.py for tasks to queue
[2026-07-15T11:44:41.333+0000] {logging_mixin.py:188} INFO - [2026-07-15T11:44:41.332+0000] {dagbag.py:540} INFO - Filling up the DagBag from /opt/airflow/dags/silver_dag3.py
[2026-07-15T11:44:41.373+0000] {processor.py:840} INFO - DAG(s) 'silver_dag3' retrieved from /opt/airflow/dags/silver_dag3.py
[2026-07-15T11:44:41.442+0000] {logging_mixin.py:188} INFO - [2026-07-15T11:44:41.441+0000] {dag.py:3096} INFO - Sync 1 DAGs
[2026-07-15T11:44:41.507+0000] {logging_mixin.py:188} INFO - [2026-07-15T11:44:41.506+0000] {dag.py:3954} INFO - Setting next_dagrun for silver_dag3 to 2026-07-15 10:00:00+00:00, run_after=2026-07-15 11:00:00+00:00
[2026-07-15T11:44:41.546+0000] {processor.py:183} INFO - Processing /opt/airflow/dags/silver_dag3.py took 0.232 seconds
[2026-07-15T11:45:11.643+0000] {processor.py:161} INFO - Started process (PID=4496) to work on /opt/airflow/dags/silver_dag3.py
[2026-07-15T11:45:11.646+0000] {processor.py:830} INFO - Processing file /opt/airflow/dags/silver_dag3.py for tasks to queue
[2026-07-15T11:45:11.650+0000] {logging_mixin.py:188} INFO - [2026-07-15T11:45:11.649+0000] {dagbag.py:540} INFO - Filling up the DagBag from /opt/airflow/dags/silver_dag3.py
[2026-07-15T11:45:11.701+0000] {processor.py:840} INFO - DAG(s) 'silver_dag3' retrieved from /opt/airflow/dags/silver_dag3.py
[2026-07-15T11:45:11.774+0000] {logging_mixin.py:188} INFO - [2026-07-15T11:45:11.773+0000] {dag.py:3096} INFO - Sync 1 DAGs
[2026-07-15T11:45:11.830+0000] {logging_mixin.py:188} INFO - [2026-07-15T11:45:11.830+0000] {dag.py:3954} INFO - Setting next_dagrun for silver_dag3 to 2026-07-15 10:00:00+00:00, run_after=2026-07-15 11:00:00+00:00
[2026-07-15T11:45:11.868+0000] {processor.py:183} INFO - Processing /opt/airflow/dags/silver_dag3.py took 0.241 seconds
[2026-07-15T11:45:41.949+0000] {processor.py:161} INFO - Started process (PID=4521) to work on /opt/airflow/dags/silver_dag3.py
[2026-07-15T11:45:41.952+0000] {processor.py:830} INFO - Processing file /opt/airflow/dags/silver_dag3.py for tasks to queue
[2026-07-15T11:45:41.955+0000] {logging_mixin.py:188} INFO - [2026-07-15T11:45:41.954+0000] {dagbag.py:540} INFO - Filling up the DagBag from /opt/airflow/dags/silver_dag3.py
[2026-07-15T11:45:42.001+0000] {processor.py:840} INFO - DAG(s) 'silver_dag3' retrieved from /opt/airflow/dags/silver_dag3.py
[2026-07-15T11:45:42.053+0000] {logging_mixin.py:188} INFO - [2026-07-15T11:45:42.052+0000] {dag.py:3096} INFO - Sync 1 DAGs
[2026-07-15T11:45:42.094+0000] {logging_mixin.py:188} INFO - [2026-07-15T11:45:42.094+0000] {dag.py:3954} INFO - Setting next_dagrun for silver_dag3 to 2026-07-15 10:00:00+00:00, run_after=2026-07-15 11:00:00+00:00
[2026-07-15T11:45:42.125+0000] {processor.py:183} INFO - Processing /opt/airflow/dags/silver_dag3.py took 0.186 seconds
[2026-07-15T11:46:13.153+0000] {processor.py:161} INFO - Started process (PID=4546) to work on /opt/airflow/dags/silver_dag3.py
[2026-07-15T11:46:13.155+0000] {processor.py:830} INFO - Processing file /opt/airflow/dags/silver_dag3.py for tasks to queue
[2026-07-15T11:46:13.158+0000] {logging_mixin.py:188} INFO - [2026-07-15T11:46:13.157+0000] {dagbag.py:540} INFO - Filling up the DagBag from /opt/airflow/dags/silver_dag3.py
[2026-07-15T11:46:13.196+0000] {processor.py:840} INFO - DAG(s) 'silver_dag3' retrieved from /opt/airflow/dags/silver_dag3.py
[2026-07-15T11:46:13.241+0000] {logging_mixin.py:188} INFO - [2026-07-15T11:46:13.241+0000] {dag.py:3096} INFO - Sync 1 DAGs
[2026-07-15T11:46:13.332+0000] {logging_mixin.py:188} INFO - [2026-07-15T11:46:13.331+0000] {dag.py:3954} INFO - Setting next_dagrun for silver_dag3 to 2026-07-15 10:00:00+00:00, run_after=2026-07-15 11:00:00+00:00
[2026-07-15T11:46:13.372+0000] {processor.py:183} INFO - Processing /opt/airflow/dags/silver_dag3.py took 0.230 seconds
[2026-07-15T11:46:43.697+0000] {processor.py:161} INFO - Started process (PID=4571) to work on /opt/airflow/dags/silver_dag3.py
[2026-07-15T11:46:43.699+0000] {processor.py:830} INFO - Processing file /opt/airflow/dags/silver_dag3.py for tasks to queue
[2026-07-15T11:46:43.703+0000] {logging_mixin.py:188} INFO - [2026-07-15T11:46:43.702+0000] {dagbag.py:540} INFO - Filling up the DagBag from /opt/airflow/dags/silver_dag3.py
[2026-07-15T11:46:43.748+0000] {processor.py:840} INFO - DAG(s) 'silver_dag3' retrieved from /opt/airflow/dags/silver_dag3.py
[2026-07-15T11:46:43.807+0000] {logging_mixin.py:188} INFO - [2026-07-15T11:46:43.807+0000] {dag.py:3096} INFO - Sync 1 DAGs
[2026-07-15T11:46:43.870+0000] {logging_mixin.py:188} INFO - [2026-07-15T11:46:43.870+0000] {dag.py:3954} INFO - Setting next_dagrun for silver_dag3 to 2026-07-15 10:00:00+00:00, run_after=2026-07-15 11:00:00+00:00
[2026-07-15T11:46:43.907+0000] {processor.py:183} INFO - Processing /opt/airflow/dags/silver_dag3.py took 0.231 seconds
[2026-07-15T11:47:14.736+0000] {processor.py:161} INFO - Started process (PID=4599) to work on /opt/airflow/dags/silver_dag3.py
[2026-07-15T11:47:14.738+0000] {processor.py:830} INFO - Processing file /opt/airflow/dags/silver_dag3.py for tasks to queue
[2026-07-15T11:47:14.739+0000] {logging_mixin.py:188} INFO - [2026-07-15T11:47:14.739+0000] {dagbag.py:540} INFO - Filling up the DagBag from /opt/airflow/dags/silver_dag3.py
[2026-07-15T11:47:14.767+0000] {processor.py:840} INFO - DAG(s) 'silver_dag3' retrieved from /opt/airflow/dags/silver_dag3.py
[2026-07-15T11:47:14.813+0000] {logging_mixin.py:188} INFO - [2026-07-15T11:47:14.812+0000] {dag.py:3096} INFO - Sync 1 DAGs
[2026-07-15T11:47:14.853+0000] {logging_mixin.py:188} INFO - [2026-07-15T11:47:14.853+0000] {dag.py:3954} INFO - Setting next_dagrun for silver_dag3 to 2026-07-15 10:00:00+00:00, run_after=2026-07-15 11:00:00+00:00
[2026-07-15T11:47:14.886+0000] {processor.py:183} INFO - Processing /opt/airflow/dags/silver_dag3.py took 0.160 seconds
[2026-07-15T11:47:45.685+0000] {processor.py:161} INFO - Started process (PID=4624) to work on /opt/airflow/dags/silver_dag3.py
[2026-07-15T11:47:45.687+0000] {processor.py:830} INFO - Processing file /opt/airflow/dags/silver_dag3.py for tasks to queue
[2026-07-15T11:47:45.690+0000] {logging_mixin.py:188} INFO - [2026-07-15T11:47:45.689+0000] {dagbag.py:540} INFO - Filling up the DagBag from /opt/airflow/dags/silver_dag3.py
[2026-07-15T11:47:45.721+0000] {processor.py:840} INFO - DAG(s) 'silver_dag3' retrieved from /opt/airflow/dags/silver_dag3.py
[2026-07-15T11:47:45.767+0000] {logging_mixin.py:188} INFO - [2026-07-15T11:47:45.767+0000] {dag.py:3096} INFO - Sync 1 DAGs
[2026-07-15T11:47:45.803+0000] {logging_mixin.py:188} INFO - [2026-07-15T11:47:45.803+0000] {dag.py:3954} INFO - Setting next_dagrun for silver_dag3 to 2026-07-15 10:00:00+00:00, run_after=2026-07-15 11:00:00+00:00
[2026-07-15T11:47:45.832+0000] {processor.py:183} INFO - Processing /opt/airflow/dags/silver_dag3.py took 0.161 seconds
[2026-07-15T11:48:16.681+0000] {processor.py:161} INFO - Started process (PID=4649) to work on /opt/airflow/dags/silver_dag3.py
[2026-07-15T11:48:16.683+0000] {processor.py:830} INFO - Processing file /opt/airflow/dags/silver_dag3.py for tasks to queue
[2026-07-15T11:48:16.685+0000] {logging_mixin.py:188} INFO - [2026-07-15T11:48:16.684+0000] {dagbag.py:540} INFO - Filling up the DagBag from /opt/airflow/dags/silver_dag3.py
[2026-07-15T11:48:16.721+0000] {processor.py:840} INFO - DAG(s) 'silver_dag3' retrieved from /opt/airflow/dags/silver_dag3.py
[2026-07-15T11:48:16.762+0000] {logging_mixin.py:188} INFO - [2026-07-15T11:48:16.761+0000] {dag.py:3096} INFO - Sync 1 DAGs
[2026-07-15T11:48:16.797+0000] {logging_mixin.py:188} INFO - [2026-07-15T11:48:16.797+0000] {dag.py:3954} INFO - Setting next_dagrun for silver_dag3 to 2026-07-15 10:00:00+00:00, run_after=2026-07-15 11:00:00+00:00
[2026-07-15T11:48:16.826+0000] {processor.py:183} INFO - Processing /opt/airflow/dags/silver_dag3.py took 0.157 seconds
[2026-07-15T11:48:47.624+0000] {processor.py:161} INFO - Started process (PID=4674) to work on /opt/airflow/dags/silver_dag3.py
[2026-07-15T11:48:47.627+0000] {processor.py:830} INFO - Processing file /opt/airflow/dags/silver_dag3.py for tasks to queue
[2026-07-15T11:48:47.630+0000] {logging_mixin.py:188} INFO - [2026-07-15T11:48:47.629+0000] {dagbag.py:540} INFO - Filling up the DagBag from /opt/airflow/dags/silver_dag3.py
[2026-07-15T11:48:47.666+0000] {processor.py:840} INFO - DAG(s) 'silver_dag3' retrieved from /opt/airflow/dags/silver_dag3.py
[2026-07-15T11:48:47.710+0000] {logging_mixin.py:188} INFO - [2026-07-15T11:48:47.709+0000] {dag.py:3096} INFO - Sync 1 DAGs
[2026-07-15T11:48:47.743+0000] {logging_mixin.py:188} INFO - [2026-07-15T11:48:47.743+0000] {dag.py:3954} INFO - Setting next_dagrun for silver_dag3 to 2026-07-15 10:00:00+00:00, run_after=2026-07-15 11:00:00+00:00
[2026-07-15T11:48:47.769+0000] {processor.py:183} INFO - Processing /opt/airflow/dags/silver_dag3.py took 0.158 seconds
[2026-07-15T11:49:18.558+0000] {processor.py:161} INFO - Started process (PID=4699) to work on /opt/airflow/dags/silver_dag3.py
[2026-07-15T11:49:18.560+0000] {processor.py:830} INFO - Processing file /opt/airflow/dags/silver_dag3.py for tasks to queue
[2026-07-15T11:49:18.563+0000] {logging_mixin.py:188} INFO - [2026-07-15T11:49:18.562+0000] {dagbag.py:540} INFO - Filling up the DagBag from /opt/airflow/dags/silver_dag3.py
[2026-07-15T11:49:18.604+0000] {processor.py:840} INFO - DAG(s) 'silver_dag3' retrieved from /opt/airflow/dags/silver_dag3.py
[2026-07-15T11:49:18.663+0000] {logging_mixin.py:188} INFO - [2026-07-15T11:49:18.662+0000] {dag.py:3096} INFO - Sync 1 DAGs
[2026-07-15T11:49:18.727+0000] {logging_mixin.py:188} INFO - [2026-07-15T11:49:18.726+0000] {dag.py:3954} INFO - Setting next_dagrun for silver_dag3 to 2026-07-15 10:00:00+00:00, run_after=2026-07-15 11:00:00+00:00
[2026-07-15T11:49:18.770+0000] {processor.py:183} INFO - Processing /opt/airflow/dags/silver_dag3.py took 0.224 seconds
[2026-07-15T11:49:49.498+0000] {processor.py:161} INFO - Started process (PID=4724) to work on /opt/airflow/dags/silver_dag3.py
[2026-07-15T11:49:49.500+0000] {processor.py:830} INFO - Processing file /opt/airflow/dags/silver_dag3.py for tasks to queue
[2026-07-15T11:49:49.503+0000] {logging_mixin.py:188} INFO - [2026-07-15T11:49:49.502+0000] {dagbag.py:540} INFO - Filling up the DagBag from /opt/airflow/dags/silver_dag3.py
[2026-07-15T11:49:49.543+0000] {processor.py:840} INFO - DAG(s) 'silver_dag3' retrieved from /opt/airflow/dags/silver_dag3.py
[2026-07-15T11:49:49.592+0000] {logging_mixin.py:188} INFO - [2026-07-15T11:49:49.592+0000] {dag.py:3096} INFO - Sync 1 DAGs
[2026-07-15T11:49:49.636+0000] {logging_mixin.py:188} INFO - [2026-07-15T11:49:49.636+0000] {dag.py:3954} INFO - Setting next_dagrun for silver_dag3 to 2026-07-15 10:00:00+00:00, run_after=2026-07-15 11:00:00+00:00
[2026-07-15T11:49:49.673+0000] {processor.py:183} INFO - Processing /opt/airflow/dags/silver_dag3.py took 0.188 seconds
[2026-07-15T11:50:20.399+0000] {processor.py:161} INFO - Started process (PID=4749) to work on /opt/airflow/dags/silver_dag3.py
[2026-07-15T11:50:20.402+0000] {processor.py:830} INFO - Processing file /opt/airflow/dags/silver_dag3.py for tasks to queue
[2026-07-15T11:50:20.404+0000] {logging_mixin.py:188} INFO - [2026-07-15T11:50:20.403+0000] {dagbag.py:540} INFO - Filling up the DagBag from /opt/airflow/dags/silver_dag3.py
[2026-07-15T11:50:20.437+0000] {processor.py:840} INFO - DAG(s) 'silver_dag3' retrieved from /opt/airflow/dags/silver_dag3.py
[2026-07-15T11:50:20.479+0000] {logging_mixin.py:188} INFO - [2026-07-15T11:50:20.479+0000] {dag.py:3096} INFO - Sync 1 DAGs
[2026-07-15T11:50:20.517+0000] {logging_mixin.py:188} INFO - [2026-07-15T11:50:20.516+0000] {dag.py:3954} INFO - Setting next_dagrun for silver_dag3 to 2026-07-15 10:00:00+00:00, run_after=2026-07-15 11:00:00+00:00
[2026-07-15T11:50:20.547+0000] {processor.py:183} INFO - Processing /opt/airflow/dags/silver_dag3.py took 0.160 seconds
[2026-07-15T11:50:51.335+0000] {processor.py:161} INFO - Started process (PID=4774) to work on /opt/airflow/dags/silver_dag3.py
[2026-07-15T11:50:51.337+0000] {processor.py:830} INFO - Processing file /opt/airflow/dags/silver_dag3.py for tasks to queue
[2026-07-15T11:50:51.340+0000] {logging_mixin.py:188} INFO - [2026-07-15T11:50:51.339+0000] {dagbag.py:540} INFO - Filling up the DagBag from /opt/airflow/dags/silver_dag3.py
[2026-07-15T11:50:51.374+0000] {processor.py:840} INFO - DAG(s) 'silver_dag3' retrieved from /opt/airflow/dags/silver_dag3.py
[2026-07-15T11:50:51.425+0000] {logging_mixin.py:188} INFO - [2026-07-15T11:50:51.425+0000] {dag.py:3096} INFO - Sync 1 DAGs
[2026-07-15T11:50:51.467+0000] {logging_mixin.py:188} INFO - [2026-07-15T11:50:51.466+0000] {dag.py:3954} INFO - Setting next_dagrun for silver_dag3 to 2026-07-15 10:00:00+00:00, run_after=2026-07-15 11:00:00+00:00
[2026-07-15T11:50:51.497+0000] {processor.py:183} INFO - Processing /opt/airflow/dags/silver_dag3.py took 0.179 seconds
[2026-07-15T11:51:22.403+0000] {processor.py:161} INFO - Started process (PID=4799) to work on /opt/airflow/dags/silver_dag3.py
[2026-07-15T11:51:22.406+0000] {processor.py:830} INFO - Processing file /opt/airflow/dags/silver_dag3.py for tasks to queue
[2026-07-15T11:51:22.410+0000] {logging_mixin.py:188} INFO - [2026-07-15T11:51:22.407+0000] {dagbag.py:540} INFO - Filling up the DagBag from /opt/airflow/dags/silver_dag3.py
[2026-07-15T11:51:22.447+0000] {processor.py:840} INFO - DAG(s) 'silver_dag3' retrieved from /opt/airflow/dags/silver_dag3.py
[2026-07-15T11:51:22.519+0000] {logging_mixin.py:188} INFO - [2026-07-15T11:51:22.516+0000] {dag.py:3096} INFO - Sync 1 DAGs
[2026-07-15T11:51:22.566+0000] {logging_mixin.py:188} INFO - [2026-07-15T11:51:22.565+0000] {dag.py:3954} INFO - Setting next_dagrun for silver_dag3 to 2026-07-15 10:00:00+00:00, run_after=2026-07-15 11:00:00+00:00
[2026-07-15T11:51:22.601+0000] {processor.py:183} INFO - Processing /opt/airflow/dags/silver_dag3.py took 0.209 seconds
[2026-07-15T11:51:52.846+0000] {processor.py:161} INFO - Started process (PID=4840) to work on /opt/airflow/dags/silver_dag3.py
[2026-07-15T11:51:52.849+0000] {processor.py:830} INFO - Processing file /opt/airflow/dags/silver_dag3.py for tasks to queue
[2026-07-15T11:51:52.852+0000] {logging_mixin.py:188} INFO - [2026-07-15T11:51:52.851+0000] {dagbag.py:540} INFO - Filling up the DagBag from /opt/airflow/dags/silver_dag3.py
[2026-07-15T11:51:52.891+0000] {processor.py:840} INFO - DAG(s) 'silver_dag3' retrieved from /opt/airflow/dags/silver_dag3.py
[2026-07-15T11:51:52.954+0000] {logging_mixin.py:188} INFO - [2026-07-15T11:51:52.954+0000] {dag.py:3096} INFO - Sync 1 DAGs
[2026-07-15T11:51:53.022+0000] {logging_mixin.py:188} INFO - [2026-07-15T11:51:53.021+0000] {dag.py:3954} INFO - Setting next_dagrun for silver_dag3 to 2026-07-15 10:00:00+00:00, run_after=2026-07-15 11:00:00+00:00
[2026-07-15T11:51:53.076+0000] {processor.py:183} INFO - Processing /opt/airflow/dags/silver_dag3.py took 0.246 seconds
[2026-07-15T11:52:23.896+0000] {processor.py:161} INFO - Started process (PID=4865) to work on /opt/airflow/dags/silver_dag3.py
[2026-07-15T11:52:23.900+0000] {processor.py:830} INFO - Processing file /opt/airflow/dags/silver_dag3.py for tasks to queue
[2026-07-15T11:52:23.904+0000] {logging_mixin.py:188} INFO - [2026-07-15T11:52:23.902+0000] {dagbag.py:540} INFO - Filling up the DagBag from /opt/airflow/dags/silver_dag3.py
[2026-07-15T11:52:23.959+0000] {processor.py:840} INFO - DAG(s) 'silver_dag3' retrieved from /opt/airflow/dags/silver_dag3.py
[2026-07-15T11:52:24.049+0000] {logging_mixin.py:188} INFO - [2026-07-15T11:52:24.048+0000] {dag.py:3096} INFO - Sync 1 DAGs
[2026-07-15T11:52:24.130+0000] {logging_mixin.py:188} INFO - [2026-07-15T11:52:24.129+0000] {dag.py:3954} INFO - Setting next_dagrun for silver_dag3 to 2026-07-15 10:00:00+00:00, run_after=2026-07-15 11:00:00+00:00
[2026-07-15T11:52:24.194+0000] {processor.py:183} INFO - Processing /opt/airflow/dags/silver_dag3.py took 0.325 seconds
[2026-07-15T11:52:55.024+0000] {processor.py:161} INFO - Started process (PID=4890) to work on /opt/airflow/dags/silver_dag3.py
[2026-07-15T11:52:55.026+0000] {processor.py:830} INFO - Processing file /opt/airflow/dags/silver_dag3.py for tasks to queue
[2026-07-15T11:52:55.029+0000] {logging_mixin.py:188} INFO - [2026-07-15T11:52:55.028+0000] {dagbag.py:540} INFO - Filling up the DagBag from /opt/airflow/dags/silver_dag3.py
[2026-07-15T11:52:55.080+0000] {processor.py:840} INFO - DAG(s) 'silver_dag3' retrieved from /opt/airflow/dags/silver_dag3.py
[2026-07-15T11:52:55.165+0000] {logging_mixin.py:188} INFO - [2026-07-15T11:52:55.164+0000] {dag.py:3096} INFO - Sync 1 DAGs
[2026-07-15T11:52:55.249+0000] {logging_mixin.py:188} INFO - [2026-07-15T11:52:55.249+0000] {dag.py:3954} INFO - Setting next_dagrun for silver_dag3 to 2026-07-15 10:00:00+00:00, run_after=2026-07-15 11:00:00+00:00
[2026-07-15T11:52:55.298+0000] {processor.py:183} INFO - Processing /opt/airflow/dags/silver_dag3.py took 0.292 seconds
[2026-07-15T11:53:25.442+0000] {processor.py:161} INFO - Started process (PID=4915) to work on /opt/airflow/dags/silver_dag3.py
[2026-07-15T11:53:25.444+0000] {processor.py:830} INFO - Processing file /opt/airflow/dags/silver_dag3.py for tasks to queue
[2026-07-15T11:53:25.446+0000] {logging_mixin.py:188} INFO - [2026-07-15T11:53:25.445+0000] {dagbag.py:540} INFO - Filling up the DagBag from /opt/airflow/dags/silver_dag3.py
[2026-07-15T11:53:25.484+0000] {processor.py:840} INFO - DAG(s) 'silver_dag3' retrieved from /opt/airflow/dags/silver_dag3.py
[2026-07-15T11:53:25.538+0000] {logging_mixin.py:188} INFO - [2026-07-15T11:53:25.537+0000] {dag.py:3096} INFO - Sync 1 DAGs
[2026-07-15T11:53:25.579+0000] {logging_mixin.py:188} INFO - [2026-07-15T11:53:25.579+0000] {dag.py:3954} INFO - Setting next_dagrun for silver_dag3 to 2026-07-15 10:00:00+00:00, run_after=2026-07-15 11:00:00+00:00
[2026-07-15T11:53:25.610+0000] {processor.py:183} INFO - Processing /opt/airflow/dags/silver_dag3.py took 0.184 seconds
[2026-07-15T11:53:55.960+0000] {processor.py:161} INFO - Started process (PID=4957) to work on /opt/airflow/dags/silver_dag3.py
[2026-07-15T11:53:55.963+0000] {processor.py:830} INFO - Processing file /opt/airflow/dags/silver_dag3.py for tasks to queue
[2026-07-15T11:53:55.966+0000] {logging_mixin.py:188} INFO - [2026-07-15T11:53:55.965+0000] {dagbag.py:540} INFO - Filling up the DagBag from /opt/airflow/dags/silver_dag3.py
[2026-07-15T11:53:56.006+0000] {processor.py:840} INFO - DAG(s) 'silver_dag3' retrieved from /opt/airflow/dags/silver_dag3.py
[2026-07-15T11:53:56.049+0000] {logging_mixin.py:188} INFO - [2026-07-15T11:53:56.048+0000] {dag.py:3096} INFO - Sync 1 DAGs
[2026-07-15T11:53:56.091+0000] {logging_mixin.py:188} INFO - [2026-07-15T11:53:56.091+0000] {dag.py:3954} INFO - Setting next_dagrun for silver_dag3 to 2026-07-15 10:00:00+00:00, run_after=2026-07-15 11:00:00+00:00
[2026-07-15T11:53:56.126+0000] {processor.py:183} INFO - Processing /opt/airflow/dags/silver_dag3.py took 0.183 seconds
[2026-07-15T11:54:26.574+0000] {processor.py:161} INFO - Started process (PID=4980) to work on /opt/airflow/dags/silver_dag3.py
[2026-07-15T11:54:26.582+0000] {processor.py:830} INFO - Processing file /opt/airflow/dags/silver_dag3.py for tasks to queue
[2026-07-15T11:54:26.589+0000] {logging_mixin.py:188} INFO - [2026-07-15T11:54:26.588+0000] {dagbag.py:540} INFO - Filling up the DagBag from /opt/airflow/dags/silver_dag3.py
[2026-07-15T11:54:26.667+0000] {processor.py:840} INFO - DAG(s) 'silver_dag3' retrieved from /opt/airflow/dags/silver_dag3.py
[2026-07-15T11:54:26.799+0000] {logging_mixin.py:188} INFO - [2026-07-15T11:54:26.798+0000] {dag.py:3096} INFO - Sync 1 DAGs
[2026-07-15T11:54:26.896+0000] {logging_mixin.py:188} INFO - [2026-07-15T11:54:26.894+0000] {dag.py:3954} INFO - Setting next_dagrun for silver_dag3 to 2026-07-15 10:00:00+00:00, run_after=2026-07-15 11:00:00+00:00
[2026-07-15T11:54:26.983+0000] {processor.py:183} INFO - Processing /opt/airflow/dags/silver_dag3.py took 0.460 seconds
[2026-07-15T11:54:57.576+0000] {processor.py:161} INFO - Started process (PID=5007) to work on /opt/airflow/dags/silver_dag3.py
[2026-07-15T11:54:57.582+0000] {processor.py:830} INFO - Processing file /opt/airflow/dags/silver_dag3.py for tasks to queue
[2026-07-15T11:54:57.585+0000] {logging_mixin.py:188} INFO - [2026-07-15T11:54:57.584+0000] {dagbag.py:540} INFO - Filling up the DagBag from /opt/airflow/dags/silver_dag3.py
[2026-07-15T11:54:57.646+0000] {processor.py:840} INFO - DAG(s) 'silver_dag3' retrieved from /opt/airflow/dags/silver_dag3.py
[2026-07-15T11:54:57.734+0000] {logging_mixin.py:188} INFO - [2026-07-15T11:54:57.733+0000] {dag.py:3096} INFO - Sync 1 DAGs
[2026-07-15T11:54:57.799+0000] {logging_mixin.py:188} INFO - [2026-07-15T11:54:57.799+0000] {dag.py:3954} INFO - Setting next_dagrun for silver_dag3 to 2026-07-15 10:00:00+00:00, run_after=2026-07-15 11:00:00+00:00
[2026-07-15T11:54:57.847+0000] {processor.py:183} INFO - Processing /opt/airflow/dags/silver_dag3.py took 0.310 seconds
[2026-07-15T11:55:28.608+0000] {processor.py:161} INFO - Started process (PID=5032) to work on /opt/airflow/dags/silver_dag3.py
[2026-07-15T11:55:28.611+0000] {processor.py:830} INFO - Processing file /opt/airflow/dags/silver_dag3.py for tasks to queue
[2026-07-15T11:55:28.613+0000] {logging_mixin.py:188} INFO - [2026-07-15T11:55:28.613+0000] {dagbag.py:540} INFO - Filling up the DagBag from /opt/airflow/dags/silver_dag3.py
[2026-07-15T11:55:28.661+0000] {processor.py:840} INFO - DAG(s) 'silver_dag3' retrieved from /opt/airflow/dags/silver_dag3.py
[2026-07-15T11:55:28.732+0000] {logging_mixin.py:188} INFO - [2026-07-15T11:55:28.731+0000] {dag.py:3096} INFO - Sync 1 DAGs
[2026-07-15T11:55:28.795+0000] {logging_mixin.py:188} INFO - [2026-07-15T11:55:28.794+0000] {dag.py:3954} INFO - Setting next_dagrun for silver_dag3 to 2026-07-15 10:00:00+00:00, run_after=2026-07-15 11:00:00+00:00
[2026-07-15T11:55:28.836+0000] {processor.py:183} INFO - Processing /opt/airflow/dags/silver_dag3.py took 0.242 seconds
[2026-07-15T11:55:59.597+0000] {processor.py:161} INFO - Started process (PID=5070) to work on /opt/airflow/dags/silver_dag3.py
[2026-07-15T11:55:59.599+0000] {processor.py:830} INFO - Processing file /opt/airflow/dags/silver_dag3.py for tasks to queue
[2026-07-15T11:55:59.602+0000] {logging_mixin.py:188} INFO - [2026-07-15T11:55:59.601+0000] {dagbag.py:540} INFO - Filling up the DagBag from /opt/airflow/dags/silver_dag3.py
[2026-07-15T11:55:59.632+0000] {processor.py:840} INFO - DAG(s) 'silver_dag3' retrieved from /opt/airflow/dags/silver_dag3.py
[2026-07-15T11:55:59.674+0000] {logging_mixin.py:188} INFO - [2026-07-15T11:55:59.674+0000] {dag.py:3096} INFO - Sync 1 DAGs
[2026-07-15T11:55:59.713+0000] {logging_mixin.py:188} INFO - [2026-07-15T11:55:59.713+0000] {dag.py:3954} INFO - Setting next_dagrun for silver_dag3 to 2026-07-15 10:00:00+00:00, run_after=2026-07-15 11:00:00+00:00
[2026-07-15T11:55:59.742+0000] {processor.py:183} INFO - Processing /opt/airflow/dags/silver_dag3.py took 0.157 seconds
[2026-07-15T11:56:29.901+0000] {processor.py:161} INFO - Started process (PID=5095) to work on /opt/airflow/dags/silver_dag3.py
[2026-07-15T11:56:29.904+0000] {processor.py:830} INFO - Processing file /opt/airflow/dags/silver_dag3.py for tasks to queue
[2026-07-15T11:56:29.906+0000] {logging_mixin.py:188} INFO - [2026-07-15T11:56:29.905+0000] {dagbag.py:540} INFO - Filling up the DagBag from /opt/airflow/dags/silver_dag3.py
[2026-07-15T11:56:29.940+0000] {processor.py:840} INFO - DAG(s) 'silver_dag3' retrieved from /opt/airflow/dags/silver_dag3.py
[2026-07-15T11:56:30.001+0000] {logging_mixin.py:188} INFO - [2026-07-15T11:56:30.001+0000] {dag.py:3096} INFO - Sync 1 DAGs
[2026-07-15T11:56:30.052+0000] {logging_mixin.py:188} INFO - [2026-07-15T11:56:30.052+0000] {dag.py:3954} INFO - Setting next_dagrun for silver_dag3 to 2026-07-15 10:00:00+00:00, run_after=2026-07-15 11:00:00+00:00
[2026-07-15T11:56:30.090+0000] {processor.py:183} INFO - Processing /opt/airflow/dags/silver_dag3.py took 0.198 seconds
[2026-07-15T11:57:01.080+0000] {processor.py:161} INFO - Started process (PID=5120) to work on /opt/airflow/dags/silver_dag3.py
[2026-07-15T11:57:01.083+0000] {processor.py:830} INFO - Processing file /opt/airflow/dags/silver_dag3.py for tasks to queue
[2026-07-15T11:57:01.103+0000] {logging_mixin.py:188} INFO - [2026-07-15T11:57:01.102+0000] {dagbag.py:540} INFO - Filling up the DagBag from /opt/airflow/dags/silver_dag3.py
[2026-07-15T11:57:01.140+0000] {processor.py:840} INFO - DAG(s) 'silver_dag3' retrieved from /opt/airflow/dags/silver_dag3.py
[2026-07-15T11:57:01.194+0000] {logging_mixin.py:188} INFO - [2026-07-15T11:57:01.194+0000] {dag.py:3096} INFO - Sync 1 DAGs
[2026-07-15T11:57:01.246+0000] {logging_mixin.py:188} INFO - [2026-07-15T11:57:01.246+0000] {dag.py:3954} INFO - Setting next_dagrun for silver_dag3 to 2026-07-15 10:00:00+00:00, run_after=2026-07-15 11:00:00+00:00
[2026-07-15T11:57:01.286+0000] {processor.py:183} INFO - Processing /opt/airflow/dags/silver_dag3.py took 0.229 seconds
[2026-07-15T11:57:31.396+0000] {processor.py:161} INFO - Started process (PID=5145) to work on /opt/airflow/dags/silver_dag3.py
[2026-07-15T11:57:31.399+0000] {processor.py:830} INFO - Processing file /opt/airflow/dags/silver_dag3.py for tasks to queue
[2026-07-15T11:57:31.402+0000] {logging_mixin.py:188} INFO - [2026-07-15T11:57:31.402+0000] {dagbag.py:540} INFO - Filling up the DagBag from /opt/airflow/dags/silver_dag3.py
[2026-07-15T11:57:31.435+0000] {processor.py:840} INFO - DAG(s) 'silver_dag3' retrieved from /opt/airflow/dags/silver_dag3.py
[2026-07-15T11:57:31.478+0000] {logging_mixin.py:188} INFO - [2026-07-15T11:57:31.478+0000] {dag.py:3096} INFO - Sync 1 DAGs
[2026-07-15T11:57:31.514+0000] {logging_mixin.py:188} INFO - [2026-07-15T11:57:31.513+0000] {dag.py:3954} INFO - Setting next_dagrun for silver_dag3 to 2026-07-15 10:00:00+00:00, run_after=2026-07-15 11:00:00+00:00
[2026-07-15T11:57:31.537+0000] {processor.py:183} INFO - Processing /opt/airflow/dags/silver_dag3.py took 0.153 seconds
[2026-07-15T11:58:01.722+0000] {processor.py:161} INFO - Started process (PID=5170) to work on /opt/airflow/dags/silver_dag3.py
[2026-07-15T11:58:01.724+0000] {processor.py:830} INFO - Processing file /opt/airflow/dags/silver_dag3.py for tasks to queue
[2026-07-15T11:58:01.727+0000] {logging_mixin.py:188} INFO - [2026-07-15T11:58:01.726+0000] {dagbag.py:540} INFO - Filling up the DagBag from /opt/airflow/dags/silver_dag3.py
[2026-07-15T11:58:01.759+0000] {processor.py:840} INFO - DAG(s) 'silver_dag3' retrieved from /opt/airflow/dags/silver_dag3.py
[2026-07-15T11:58:01.809+0000] {logging_mixin.py:188} INFO - [2026-07-15T11:58:01.808+0000] {dag.py:3096} INFO - Sync 1 DAGs
[2026-07-15T11:58:01.848+0000] {logging_mixin.py:188} INFO - [2026-07-15T11:58:01.847+0000] {dag.py:3954} INFO - Setting next_dagrun for silver_dag3 to 2026-07-15 10:00:00+00:00, run_after=2026-07-15 11:00:00+00:00
[2026-07-15T11:58:01.873+0000] {processor.py:183} INFO - Processing /opt/airflow/dags/silver_dag3.py took 0.166 seconds
[2026-07-15T11:58:32.099+0000] {processor.py:161} INFO - Started process (PID=5206) to work on /opt/airflow/dags/silver_dag3.py
[2026-07-15T11:58:32.102+0000] {processor.py:830} INFO - Processing file /opt/airflow/dags/silver_dag3.py for tasks to queue
[2026-07-15T11:58:32.105+0000] {logging_mixin.py:188} INFO - [2026-07-15T11:58:32.104+0000] {dagbag.py:540} INFO - Filling up the DagBag from /opt/airflow/dags/silver_dag3.py
[2026-07-15T11:58:32.154+0000] {processor.py:840} INFO - DAG(s) 'silver_dag3' retrieved from /opt/airflow/dags/silver_dag3.py
[2026-07-15T11:58:32.218+0000] {logging_mixin.py:188} INFO - [2026-07-15T11:58:32.218+0000] {dag.py:3096} INFO - Sync 1 DAGs
[2026-07-15T11:58:32.274+0000] {logging_mixin.py:188} INFO - [2026-07-15T11:58:32.273+0000] {dag.py:3954} INFO - Setting next_dagrun for silver_dag3 to 2026-07-15 10:00:00+00:00, run_after=2026-07-15 11:00:00+00:00
[2026-07-15T11:58:32.320+0000] {processor.py:183} INFO - Processing /opt/airflow/dags/silver_dag3.py took 0.248 seconds
[2026-07-15T11:59:02.505+0000] {processor.py:161} INFO - Started process (PID=5231) to work on /opt/airflow/dags/silver_dag3.py
[2026-07-15T11:59:02.507+0000] {processor.py:830} INFO - Processing file /opt/airflow/dags/silver_dag3.py for tasks to queue
[2026-07-15T11:59:02.510+0000] {logging_mixin.py:188} INFO - [2026-07-15T11:59:02.509+0000] {dagbag.py:540} INFO - Filling up the DagBag from /opt/airflow/dags/silver_dag3.py
[2026-07-15T11:59:02.542+0000] {processor.py:840} INFO - DAG(s) 'silver_dag3' retrieved from /opt/airflow/dags/silver_dag3.py
[2026-07-15T11:59:02.578+0000] {logging_mixin.py:188} INFO - [2026-07-15T11:59:02.578+0000] {dag.py:3096} INFO - Sync 1 DAGs
[2026-07-15T11:59:02.609+0000] {logging_mixin.py:188} INFO - [2026-07-15T11:59:02.608+0000] {dag.py:3954} INFO - Setting next_dagrun for silver_dag3 to 2026-07-15 10:00:00+00:00, run_after=2026-07-15 11:00:00+00:00
[2026-07-15T11:59:02.640+0000] {processor.py:183} INFO - Processing /opt/airflow/dags/silver_dag3.py took 0.143 seconds
[2026-07-15T11:59:32.817+0000] {processor.py:161} INFO - Started process (PID=5256) to work on /opt/airflow/dags/silver_dag3.py
[2026-07-15T11:59:32.819+0000] {processor.py:830} INFO - Processing file /opt/airflow/dags/silver_dag3.py for tasks to queue
[2026-07-15T11:59:32.821+0000] {logging_mixin.py:188} INFO - [2026-07-15T11:59:32.821+0000] {dagbag.py:540} INFO - Filling up the DagBag from /opt/airflow/dags/silver_dag3.py
[2026-07-15T11:59:32.857+0000] {processor.py:840} INFO - DAG(s) 'silver_dag3' retrieved from /opt/airflow/dags/silver_dag3.py
[2026-07-15T11:59:32.902+0000] {logging_mixin.py:188} INFO - [2026-07-15T11:59:32.902+0000] {dag.py:3096} INFO - Sync 1 DAGs
[2026-07-15T11:59:32.949+0000] {logging_mixin.py:188} INFO - [2026-07-15T11:59:32.948+0000] {dag.py:3954} INFO - Setting next_dagrun for silver_dag3 to 2026-07-15 10:00:00+00:00, run_after=2026-07-15 11:00:00+00:00
[2026-07-15T11:59:32.985+0000] {processor.py:183} INFO - Processing /opt/airflow/dags/silver_dag3.py took 0.179 seconds
[2026-07-15T12:00:03.062+0000] {processor.py:161} INFO - Started process (PID=5284) to work on /opt/airflow/dags/silver_dag3.py
[2026-07-15T12:00:03.063+0000] {processor.py:830} INFO - Processing file /opt/airflow/dags/silver_dag3.py for tasks to queue
[2026-07-15T12:00:03.066+0000] {logging_mixin.py:188} INFO - [2026-07-15T12:00:03.065+0000] {dagbag.py:540} INFO - Filling up the DagBag from /opt/airflow/dags/silver_dag3.py
[2026-07-15T12:00:03.094+0000] {processor.py:840} INFO - DAG(s) 'silver_dag3' retrieved from /opt/airflow/dags/silver_dag3.py
[2026-07-15T12:00:03.137+0000] {logging_mixin.py:188} INFO - [2026-07-15T12:00:03.136+0000] {dag.py:3096} INFO - Sync 1 DAGs
[2026-07-15T12:00:03.174+0000] {logging_mixin.py:188} INFO - [2026-07-15T12:00:03.174+0000] {dag.py:3954} INFO - Setting next_dagrun for silver_dag3 to 2026-07-15 11:00:00+00:00, run_after=2026-07-15 12:00:00+00:00
[2026-07-15T12:00:03.201+0000] {processor.py:183} INFO - Processing /opt/airflow/dags/silver_dag3.py took 0.152 seconds
[2026-07-15T12:00:33.456+0000] {processor.py:161} INFO - Started process (PID=5322) to work on /opt/airflow/dags/silver_dag3.py
[2026-07-15T12:00:33.458+0000] {processor.py:830} INFO - Processing file /opt/airflow/dags/silver_dag3.py for tasks to queue
[2026-07-15T12:00:33.461+0000] {logging_mixin.py:188} INFO - [2026-07-15T12:00:33.460+0000] {dagbag.py:540} INFO - Filling up the DagBag from /opt/airflow/dags/silver_dag3.py
[2026-07-15T12:00:33.506+0000] {processor.py:840} INFO - DAG(s) 'silver_dag3' retrieved from /opt/airflow/dags/silver_dag3.py
[2026-07-15T12:00:33.557+0000] {logging_mixin.py:188} INFO - [2026-07-15T12:00:33.556+0000] {dag.py:3096} INFO - Sync 1 DAGs
[2026-07-15T12:00:33.610+0000] {logging_mixin.py:188} INFO - [2026-07-15T12:00:33.609+0000] {dag.py:3954} INFO - Setting next_dagrun for silver_dag3 to 2026-07-15 11:00:00+00:00, run_after=2026-07-15 12:00:00+00:00
[2026-07-15T12:00:33.647+0000] {processor.py:183} INFO - Processing /opt/airflow/dags/silver_dag3.py took 0.206 seconds
[2026-07-15T12:05:51.580+0000] {processor.py:161} INFO - Started process (PID=195) to work on /opt/airflow/dags/silver_dag3.py
[2026-07-15T12:05:51.584+0000] {processor.py:830} INFO - Processing file /opt/airflow/dags/silver_dag3.py for tasks to queue
[2026-07-15T12:05:51.589+0000] {logging_mixin.py:188} INFO - [2026-07-15T12:05:51.588+0000] {dagbag.py:540} INFO - Filling up the DagBag from /opt/airflow/dags/silver_dag3.py
[2026-07-15T12:05:51.636+0000] {processor.py:840} INFO - DAG(s) 'silver_dag3' retrieved from /opt/airflow/dags/silver_dag3.py
[2026-07-15T12:05:52.201+0000] {logging_mixin.py:188} INFO - [2026-07-15T12:05:52.201+0000] {dag.py:3096} INFO - Sync 1 DAGs
[2026-07-15T12:05:52.350+0000] {logging_mixin.py:188} INFO - [2026-07-15T12:05:52.349+0000] {dag.py:3954} INFO - Setting next_dagrun for silver_dag3 to 2026-07-15 11:00:00+00:00, run_after=2026-07-15 12:00:00+00:00
[2026-07-15T12:05:52.467+0000] {processor.py:183} INFO - Processing /opt/airflow/dags/silver_dag3.py took 0.905 seconds
[2026-07-15T12:06:22.958+0000] {processor.py:161} INFO - Started process (PID=230) to work on /opt/airflow/dags/silver_dag3.py
[2026-07-15T12:06:22.961+0000] {processor.py:830} INFO - Processing file /opt/airflow/dags/silver_dag3.py for tasks to queue
[2026-07-15T12:06:22.969+0000] {logging_mixin.py:188} INFO - [2026-07-15T12:06:22.968+0000] {dagbag.py:540} INFO - Filling up the DagBag from /opt/airflow/dags/silver_dag3.py
[2026-07-15T12:06:23.012+0000] {processor.py:840} INFO - DAG(s) 'silver_dag3' retrieved from /opt/airflow/dags/silver_dag3.py
[2026-07-15T12:06:23.040+0000] {logging_mixin.py:188} INFO - [2026-07-15T12:06:23.039+0000] {dag.py:3096} INFO - Sync 1 DAGs
[2026-07-15T12:06:23.106+0000] {logging_mixin.py:188} INFO - [2026-07-15T12:06:23.105+0000] {dag.py:3954} INFO - Setting next_dagrun for silver_dag3 to 2026-07-15 11:00:00+00:00, run_after=2026-07-15 12:00:00+00:00
[2026-07-15T12:06:23.151+0000] {processor.py:183} INFO - Processing /opt/airflow/dags/silver_dag3.py took 0.209 seconds
[2026-07-15T12:06:53.869+0000] {processor.py:161} INFO - Started process (PID=256) to work on /opt/airflow/dags/silver_dag3.py
[2026-07-15T12:06:53.873+0000] {processor.py:830} INFO - Processing file /opt/airflow/dags/silver_dag3.py for tasks to queue
[2026-07-15T12:06:53.882+0000] {logging_mixin.py:188} INFO - [2026-07-15T12:06:53.881+0000] {dagbag.py:540} INFO - Filling up the DagBag from /opt/airflow/dags/silver_dag3.py
[2026-07-15T12:06:53.951+0000] {processor.py:840} INFO - DAG(s) 'silver_dag3' retrieved from /opt/airflow/dags/silver_dag3.py
[2026-07-15T12:06:54.357+0000] {logging_mixin.py:188} INFO - [2026-07-15T12:06:54.356+0000] {dag.py:3096} INFO - Sync 1 DAGs
[2026-07-15T12:06:54.460+0000] {logging_mixin.py:188} INFO - [2026-07-15T12:06:54.459+0000] {dag.py:3954} INFO - Setting next_dagrun for silver_dag3 to 2026-07-15 11:00:00+00:00, run_after=2026-07-15 12:00:00+00:00
[2026-07-15T12:06:54.617+0000] {processor.py:183} INFO - Processing /opt/airflow/dags/silver_dag3.py took 0.767 seconds
[2026-07-15T12:07:24.973+0000] {processor.py:161} INFO - Started process (PID=283) to work on /opt/airflow/dags/silver_dag3.py
[2026-07-15T12:07:24.979+0000] {processor.py:830} INFO - Processing file /opt/airflow/dags/silver_dag3.py for tasks to queue
[2026-07-15T12:07:24.988+0000] {logging_mixin.py:188} INFO - [2026-07-15T12:07:24.987+0000] {dagbag.py:540} INFO - Filling up the DagBag from /opt/airflow/dags/silver_dag3.py
[2026-07-15T12:07:25.072+0000] {processor.py:840} INFO - DAG(s) 'silver_dag3' retrieved from /opt/airflow/dags/silver_dag3.py
[2026-07-15T12:07:25.142+0000] {logging_mixin.py:188} INFO - [2026-07-15T12:07:25.141+0000] {dag.py:3096} INFO - Sync 1 DAGs
[2026-07-15T12:07:25.197+0000] {logging_mixin.py:188} INFO - [2026-07-15T12:07:25.197+0000] {dag.py:3954} INFO - Setting next_dagrun for silver_dag3 to 2026-07-15 11:00:00+00:00, run_after=2026-07-15 12:00:00+00:00
[2026-07-15T12:07:25.243+0000] {processor.py:183} INFO - Processing /opt/airflow/dags/silver_dag3.py took 0.285 seconds
[2026-07-15T12:07:55.353+0000] {processor.py:161} INFO - Started process (PID=308) to work on /opt/airflow/dags/silver_dag3.py
[2026-07-15T12:07:55.357+0000] {processor.py:830} INFO - Processing file /opt/airflow/dags/silver_dag3.py for tasks to queue
[2026-07-15T12:07:55.361+0000] {logging_mixin.py:188} INFO - [2026-07-15T12:07:55.360+0000] {dagbag.py:540} INFO - Filling up the DagBag from /opt/airflow/dags/silver_dag3.py
[2026-07-15T12:07:55.402+0000] {processor.py:840} INFO - DAG(s) 'silver_dag3' retrieved from /opt/airflow/dags/silver_dag3.py
[2026-07-15T12:07:55.462+0000] {logging_mixin.py:188} INFO - [2026-07-15T12:07:55.461+0000] {dag.py:3096} INFO - Sync 1 DAGs
[2026-07-15T12:07:55.525+0000] {logging_mixin.py:188} INFO - [2026-07-15T12:07:55.525+0000] {dag.py:3954} INFO - Setting next_dagrun for silver_dag3 to 2026-07-15 11:00:00+00:00, run_after=2026-07-15 12:00:00+00:00
[2026-07-15T12:07:55.564+0000] {processor.py:183} INFO - Processing /opt/airflow/dags/silver_dag3.py took 0.224 seconds
[2026-07-15T12:08:25.870+0000] {processor.py:161} INFO - Started process (PID=333) to work on /opt/airflow/dags/silver_dag3.py
[2026-07-15T12:08:25.872+0000] {processor.py:830} INFO - Processing file /opt/airflow/dags/silver_dag3.py for tasks to queue
[2026-07-15T12:08:25.875+0000] {logging_mixin.py:188} INFO - [2026-07-15T12:08:25.875+0000] {dagbag.py:540} INFO - Filling up the DagBag from /opt/airflow/dags/silver_dag3.py
[2026-07-15T12:08:25.911+0000] {processor.py:840} INFO - DAG(s) 'silver_dag3' retrieved from /opt/airflow/dags/silver_dag3.py
[2026-07-15T12:08:25.968+0000] {logging_mixin.py:188} INFO - [2026-07-15T12:08:25.968+0000] {dag.py:3096} INFO - Sync 1 DAGs
[2026-07-15T12:08:26.026+0000] {logging_mixin.py:188} INFO - [2026-07-15T12:08:26.026+0000] {dag.py:3954} INFO - Setting next_dagrun for silver_dag3 to 2026-07-15 11:00:00+00:00, run_after=2026-07-15 12:00:00+00:00
[2026-07-15T12:08:26.074+0000] {processor.py:183} INFO - Processing /opt/airflow/dags/silver_dag3.py took 0.211 seconds
[2026-07-15T12:08:56.391+0000] {processor.py:161} INFO - Started process (PID=356) to work on /opt/airflow/dags/silver_dag3.py
[2026-07-15T12:08:56.404+0000] {processor.py:830} INFO - Processing file /opt/airflow/dags/silver_dag3.py for tasks to queue
[2026-07-15T12:08:56.411+0000] {logging_mixin.py:188} INFO - [2026-07-15T12:08:56.410+0000] {dagbag.py:540} INFO - Filling up the DagBag from /opt/airflow/dags/silver_dag3.py
[2026-07-15T12:08:56.567+0000] {processor.py:840} INFO - DAG(s) 'silver_dag3' retrieved from /opt/airflow/dags/silver_dag3.py
[2026-07-15T12:08:56.669+0000] {logging_mixin.py:188} INFO - [2026-07-15T12:08:56.668+0000] {dag.py:3096} INFO - Sync 1 DAGs
[2026-07-15T12:08:56.760+0000] {logging_mixin.py:188} INFO - [2026-07-15T12:08:56.759+0000] {dag.py:3954} INFO - Setting next_dagrun for silver_dag3 to 2026-07-15 11:00:00+00:00, run_after=2026-07-15 12:00:00+00:00
[2026-07-15T12:08:56.863+0000] {processor.py:183} INFO - Processing /opt/airflow/dags/silver_dag3.py took 0.500 seconds
[2026-07-15T12:09:27.180+0000] {processor.py:161} INFO - Started process (PID=381) to work on /opt/airflow/dags/silver_dag3.py
[2026-07-15T12:09:27.182+0000] {processor.py:830} INFO - Processing file /opt/airflow/dags/silver_dag3.py for tasks to queue
[2026-07-15T12:09:27.186+0000] {logging_mixin.py:188} INFO - [2026-07-15T12:09:27.185+0000] {dagbag.py:540} INFO - Filling up the DagBag from /opt/airflow/dags/silver_dag3.py
[2026-07-15T12:09:27.219+0000] {processor.py:840} INFO - DAG(s) 'silver_dag3' retrieved from /opt/airflow/dags/silver_dag3.py
[2026-07-15T12:09:27.274+0000] {logging_mixin.py:188} INFO - [2026-07-15T12:09:27.274+0000] {dag.py:3096} INFO - Sync 1 DAGs
[2026-07-15T12:09:27.321+0000] {logging_mixin.py:188} INFO - [2026-07-15T12:09:27.320+0000] {dag.py:3954} INFO - Setting next_dagrun for silver_dag3 to 2026-07-15 11:00:00+00:00, run_after=2026-07-15 12:00:00+00:00
[2026-07-15T12:09:27.356+0000] {processor.py:183} INFO - Processing /opt/airflow/dags/silver_dag3.py took 0.186 seconds
[2026-07-15T12:09:58.193+0000] {processor.py:161} INFO - Started process (PID=406) to work on /opt/airflow/dags/silver_dag3.py
[2026-07-15T12:09:58.196+0000] {processor.py:830} INFO - Processing file /opt/airflow/dags/silver_dag3.py for tasks to queue
[2026-07-15T12:09:58.204+0000] {logging_mixin.py:188} INFO - [2026-07-15T12:09:58.204+0000] {dagbag.py:540} INFO - Filling up the DagBag from /opt/airflow/dags/silver_dag3.py
[2026-07-15T12:09:58.240+0000] {processor.py:840} INFO - DAG(s) 'silver_dag3' retrieved from /opt/airflow/dags/silver_dag3.py
[2026-07-15T12:09:58.287+0000] {logging_mixin.py:188} INFO - [2026-07-15T12:09:58.287+0000] {dag.py:3096} INFO - Sync 1 DAGs
[2026-07-15T12:09:58.328+0000] {logging_mixin.py:188} INFO - [2026-07-15T12:09:58.327+0000] {dag.py:3954} INFO - Setting next_dagrun for silver_dag3 to 2026-07-15 11:00:00+00:00, run_after=2026-07-15 12:00:00+00:00
[2026-07-15T12:09:58.356+0000] {processor.py:183} INFO - Processing /opt/airflow/dags/silver_dag3.py took 0.175 seconds
[2026-07-15T12:10:29.135+0000] {processor.py:161} INFO - Started process (PID=431) to work on /opt/airflow/dags/silver_dag3.py
[2026-07-15T12:10:29.137+0000] {processor.py:830} INFO - Processing file /opt/airflow/dags/silver_dag3.py for tasks to queue
[2026-07-15T12:10:29.143+0000] {logging_mixin.py:188} INFO - [2026-07-15T12:10:29.142+0000] {dagbag.py:540} INFO - Filling up the DagBag from /opt/airflow/dags/silver_dag3.py
[2026-07-15T12:10:29.181+0000] {processor.py:840} INFO - DAG(s) 'silver_dag3' retrieved from /opt/airflow/dags/silver_dag3.py
[2026-07-15T12:10:29.241+0000] {logging_mixin.py:188} INFO - [2026-07-15T12:10:29.240+0000] {dag.py:3096} INFO - Sync 1 DAGs
[2026-07-15T12:10:29.280+0000] {logging_mixin.py:188} INFO - [2026-07-15T12:10:29.279+0000] {dag.py:3954} INFO - Setting next_dagrun for silver_dag3 to 2026-07-15 11:00:00+00:00, run_after=2026-07-15 12:00:00+00:00
[2026-07-15T12:10:29.318+0000] {processor.py:183} INFO - Processing /opt/airflow/dags/silver_dag3.py took 0.199 seconds
[2026-07-15T12:11:00.290+0000] {processor.py:161} INFO - Started process (PID=458) to work on /opt/airflow/dags/silver_dag3.py
[2026-07-15T12:11:00.294+0000] {processor.py:830} INFO - Processing file /opt/airflow/dags/silver_dag3.py for tasks to queue
[2026-07-15T12:11:00.302+0000] {logging_mixin.py:188} INFO - [2026-07-15T12:11:00.300+0000] {dagbag.py:540} INFO - Filling up the DagBag from /opt/airflow/dags/silver_dag3.py
[2026-07-15T12:11:00.359+0000] {processor.py:840} INFO - DAG(s) 'silver_dag3' retrieved from /opt/airflow/dags/silver_dag3.py
[2026-07-15T12:11:00.421+0000] {logging_mixin.py:188} INFO - [2026-07-15T12:11:00.421+0000] {dag.py:3096} INFO - Sync 1 DAGs
[2026-07-15T12:11:00.501+0000] {logging_mixin.py:188} INFO - [2026-07-15T12:11:00.500+0000] {dag.py:3954} INFO - Setting next_dagrun for silver_dag3 to 2026-07-15 11:00:00+00:00, run_after=2026-07-15 12:00:00+00:00
[2026-07-15T12:11:00.554+0000] {processor.py:183} INFO - Processing /opt/airflow/dags/silver_dag3.py took 0.293 seconds
[2026-07-15T12:11:31.417+0000] {processor.py:161} INFO - Started process (PID=483) to work on /opt/airflow/dags/silver_dag3.py
[2026-07-15T12:11:31.419+0000] {processor.py:830} INFO - Processing file /opt/airflow/dags/silver_dag3.py for tasks to queue
[2026-07-15T12:11:31.423+0000] {logging_mixin.py:188} INFO - [2026-07-15T12:11:31.422+0000] {dagbag.py:540} INFO - Filling up the DagBag from /opt/airflow/dags/silver_dag3.py
[2026-07-15T12:11:31.460+0000] {processor.py:840} INFO - DAG(s) 'silver_dag3' retrieved from /opt/airflow/dags/silver_dag3.py
[2026-07-15T12:11:31.504+0000] {logging_mixin.py:188} INFO - [2026-07-15T12:11:31.503+0000] {dag.py:3096} INFO - Sync 1 DAGs
[2026-07-15T12:11:31.546+0000] {logging_mixin.py:188} INFO - [2026-07-15T12:11:31.546+0000] {dag.py:3954} INFO - Setting next_dagrun for silver_dag3 to 2026-07-15 11:00:00+00:00, run_after=2026-07-15 12:00:00+00:00
[2026-07-15T12:11:31.581+0000] {processor.py:183} INFO - Processing /opt/airflow/dags/silver_dag3.py took 0.176 seconds
[2026-07-15T12:12:02.390+0000] {processor.py:161} INFO - Started process (PID=508) to work on /opt/airflow/dags/silver_dag3.py
[2026-07-15T12:12:02.392+0000] {processor.py:830} INFO - Processing file /opt/airflow/dags/silver_dag3.py for tasks to queue
[2026-07-15T12:12:02.398+0000] {logging_mixin.py:188} INFO - [2026-07-15T12:12:02.397+0000] {dagbag.py:540} INFO - Filling up the DagBag from /opt/airflow/dags/silver_dag3.py
[2026-07-15T12:12:02.433+0000] {processor.py:840} INFO - DAG(s) 'silver_dag3' retrieved from /opt/airflow/dags/silver_dag3.py
[2026-07-15T12:12:02.495+0000] {logging_mixin.py:188} INFO - [2026-07-15T12:12:02.495+0000] {dag.py:3096} INFO - Sync 1 DAGs
[2026-07-15T12:12:02.544+0000] {logging_mixin.py:188} INFO - [2026-07-15T12:12:02.544+0000] {dag.py:3954} INFO - Setting next_dagrun for silver_dag3 to 2026-07-15 11:00:00+00:00, run_after=2026-07-15 12:00:00+00:00
[2026-07-15T12:12:02.585+0000] {processor.py:183} INFO - Processing /opt/airflow/dags/silver_dag3.py took 0.209 seconds
[2026-07-15T12:12:33.060+0000] {processor.py:161} INFO - Started process (PID=533) to work on /opt/airflow/dags/silver_dag3.py
[2026-07-15T12:12:33.066+0000] {processor.py:830} INFO - Processing file /opt/airflow/dags/silver_dag3.py for tasks to queue
[2026-07-15T12:12:33.073+0000] {logging_mixin.py:188} INFO - [2026-07-15T12:12:33.073+0000] {dagbag.py:540} INFO - Filling up the DagBag from /opt/airflow/dags/silver_dag3.py
[2026-07-15T12:12:33.184+0000] {processor.py:840} INFO - DAG(s) 'silver_dag3' retrieved from /opt/airflow/dags/silver_dag3.py
[2026-07-15T12:12:33.283+0000] {logging_mixin.py:188} INFO - [2026-07-15T12:12:33.282+0000] {dag.py:3096} INFO - Sync 1 DAGs
[2026-07-15T12:12:33.352+0000] {logging_mixin.py:188} INFO - [2026-07-15T12:12:33.351+0000] {dag.py:3954} INFO - Setting next_dagrun for silver_dag3 to 2026-07-15 11:00:00+00:00, run_after=2026-07-15 12:00:00+00:00
[2026-07-15T12:12:33.407+0000] {processor.py:183} INFO - Processing /opt/airflow/dags/silver_dag3.py took 0.365 seconds
[2026-07-15T12:13:03.636+0000] {processor.py:161} INFO - Started process (PID=556) to work on /opt/airflow/dags/silver_dag3.py
[2026-07-15T12:13:03.639+0000] {processor.py:830} INFO - Processing file /opt/airflow/dags/silver_dag3.py for tasks to queue
[2026-07-15T12:13:03.645+0000] {logging_mixin.py:188} INFO - [2026-07-15T12:13:03.644+0000] {dagbag.py:540} INFO - Filling up the DagBag from /opt/airflow/dags/silver_dag3.py
[2026-07-15T12:13:03.740+0000] {processor.py:840} INFO - DAG(s) 'silver_dag3' retrieved from /opt/airflow/dags/silver_dag3.py
[2026-07-15T12:13:03.813+0000] {logging_mixin.py:188} INFO - [2026-07-15T12:13:03.813+0000] {dag.py:3096} INFO - Sync 1 DAGs
[2026-07-15T12:13:03.916+0000] {logging_mixin.py:188} INFO - [2026-07-15T12:13:03.916+0000] {dag.py:3954} INFO - Setting next_dagrun for silver_dag3 to 2026-07-15 11:00:00+00:00, run_after=2026-07-15 12:00:00+00:00
[2026-07-15T12:13:03.989+0000] {processor.py:183} INFO - Processing /opt/airflow/dags/silver_dag3.py took 0.365 seconds
[2026-07-15T12:13:34.617+0000] {processor.py:161} INFO - Started process (PID=599) to work on /opt/airflow/dags/silver_dag3.py
[2026-07-15T12:13:34.620+0000] {processor.py:830} INFO - Processing file /opt/airflow/dags/silver_dag3.py for tasks to queue
[2026-07-15T12:13:34.630+0000] {logging_mixin.py:188} INFO - [2026-07-15T12:13:34.629+0000] {dagbag.py:540} INFO - Filling up the DagBag from /opt/airflow/dags/silver_dag3.py
[2026-07-15T12:13:34.697+0000] {processor.py:840} INFO - DAG(s) 'silver_dag3' retrieved from /opt/airflow/dags/silver_dag3.py
[2026-07-15T12:13:34.774+0000] {logging_mixin.py:188} INFO - [2026-07-15T12:13:34.772+0000] {dag.py:3096} INFO - Sync 1 DAGs
[2026-07-15T12:13:34.848+0000] {logging_mixin.py:188} INFO - [2026-07-15T12:13:34.848+0000] {dag.py:3954} INFO - Setting next_dagrun for silver_dag3 to 2026-07-15 11:00:00+00:00, run_after=2026-07-15 12:00:00+00:00
[2026-07-15T12:13:34.907+0000] {processor.py:183} INFO - Processing /opt/airflow/dags/silver_dag3.py took 0.312 seconds
[2026-07-15T12:14:05.121+0000] {processor.py:161} INFO - Started process (PID=624) to work on /opt/airflow/dags/silver_dag3.py
[2026-07-15T12:14:05.122+0000] {processor.py:830} INFO - Processing file /opt/airflow/dags/silver_dag3.py for tasks to queue
[2026-07-15T12:14:05.124+0000] {logging_mixin.py:188} INFO - [2026-07-15T12:14:05.124+0000] {dagbag.py:540} INFO - Filling up the DagBag from /opt/airflow/dags/silver_dag3.py
[2026-07-15T12:14:05.146+0000] {processor.py:840} INFO - DAG(s) 'silver_dag3' retrieved from /opt/airflow/dags/silver_dag3.py
[2026-07-15T12:14:05.177+0000] {logging_mixin.py:188} INFO - [2026-07-15T12:14:05.176+0000] {dag.py:3096} INFO - Sync 1 DAGs
[2026-07-15T12:14:05.224+0000] {logging_mixin.py:188} INFO - [2026-07-15T12:14:05.223+0000] {dag.py:3954} INFO - Setting next_dagrun for silver_dag3 to 2026-07-15 11:00:00+00:00, run_after=2026-07-15 12:00:00+00:00
[2026-07-15T12:14:05.263+0000] {processor.py:183} INFO - Processing /opt/airflow/dags/silver_dag3.py took 0.149 seconds
[2026-07-15T12:14:36.067+0000] {processor.py:161} INFO - Started process (PID=649) to work on /opt/airflow/dags/silver_dag3.py
[2026-07-15T12:14:36.069+0000] {processor.py:830} INFO - Processing file /opt/airflow/dags/silver_dag3.py for tasks to queue
[2026-07-15T12:14:36.074+0000] {logging_mixin.py:188} INFO - [2026-07-15T12:14:36.074+0000] {dagbag.py:540} INFO - Filling up the DagBag from /opt/airflow/dags/silver_dag3.py
[2026-07-15T12:14:36.100+0000] {processor.py:840} INFO - DAG(s) 'silver_dag3' retrieved from /opt/airflow/dags/silver_dag3.py
[2026-07-15T12:14:36.134+0000] {logging_mixin.py:188} INFO - [2026-07-15T12:14:36.134+0000] {dag.py:3096} INFO - Sync 1 DAGs
[2026-07-15T12:14:36.167+0000] {logging_mixin.py:188} INFO - [2026-07-15T12:14:36.166+0000] {dag.py:3954} INFO - Setting next_dagrun for silver_dag3 to 2026-07-15 11:00:00+00:00, run_after=2026-07-15 12:00:00+00:00
[2026-07-15T12:14:36.196+0000] {processor.py:183} INFO - Processing /opt/airflow/dags/silver_dag3.py took 0.137 seconds
[2026-07-15T12:15:07.047+0000] {processor.py:161} INFO - Started process (PID=674) to work on /opt/airflow/dags/silver_dag3.py
[2026-07-15T12:15:07.049+0000] {processor.py:830} INFO - Processing file /opt/airflow/dags/silver_dag3.py for tasks to queue
[2026-07-15T12:15:07.053+0000] {logging_mixin.py:188} INFO - [2026-07-15T12:15:07.053+0000] {dagbag.py:540} INFO - Filling up the DagBag from /opt/airflow/dags/silver_dag3.py
[2026-07-15T12:15:07.084+0000] {processor.py:840} INFO - DAG(s) 'silver_dag3' retrieved from /opt/airflow/dags/silver_dag3.py
[2026-07-15T12:15:07.122+0000] {logging_mixin.py:188} INFO - [2026-07-15T12:15:07.122+0000] {dag.py:3096} INFO - Sync 1 DAGs
[2026-07-15T12:15:07.157+0000] {logging_mixin.py:188} INFO - [2026-07-15T12:15:07.157+0000] {dag.py:3954} INFO - Setting next_dagrun for silver_dag3 to 2026-07-15 11:00:00+00:00, run_after=2026-07-15 12:00:00+00:00
[2026-07-15T12:15:07.218+0000] {processor.py:183} INFO - Processing /opt/airflow/dags/silver_dag3.py took 0.181 seconds
[2026-07-15T12:15:37.781+0000] {processor.py:161} INFO - Started process (PID=699) to work on /opt/airflow/dags/silver_dag3.py
[2026-07-15T12:15:37.783+0000] {processor.py:830} INFO - Processing file /opt/airflow/dags/silver_dag3.py for tasks to queue
[2026-07-15T12:15:37.785+0000] {logging_mixin.py:188} INFO - [2026-07-15T12:15:37.785+0000] {dagbag.py:540} INFO - Filling up the DagBag from /opt/airflow/dags/silver_dag3.py
[2026-07-15T12:15:37.807+0000] {processor.py:840} INFO - DAG(s) 'silver_dag3' retrieved from /opt/airflow/dags/silver_dag3.py
[2026-07-15T12:15:37.840+0000] {logging_mixin.py:188} INFO - [2026-07-15T12:15:37.840+0000] {dag.py:3096} INFO - Sync 1 DAGs
[2026-07-15T12:15:37.866+0000] {logging_mixin.py:188} INFO - [2026-07-15T12:15:37.866+0000] {dag.py:3954} INFO - Setting next_dagrun for silver_dag3 to 2026-07-15 11:00:00+00:00, run_after=2026-07-15 12:00:00+00:00
[2026-07-15T12:15:37.889+0000] {processor.py:183} INFO - Processing /opt/airflow/dags/silver_dag3.py took 0.115 seconds
[2026-07-15T12:16:09.013+0000] {processor.py:161} INFO - Started process (PID=736) to work on /opt/airflow/dags/silver_dag3.py
[2026-07-15T12:16:09.019+0000] {processor.py:830} INFO - Processing file /opt/airflow/dags/silver_dag3.py for tasks to queue
[2026-07-15T12:16:09.027+0000] {logging_mixin.py:188} INFO - [2026-07-15T12:16:09.026+0000] {dagbag.py:540} INFO - Filling up the DagBag from /opt/airflow/dags/silver_dag3.py
[2026-07-15T12:16:09.148+0000] {processor.py:840} INFO - DAG(s) 'silver_dag3' retrieved from /opt/airflow/dags/silver_dag3.py
[2026-07-15T12:16:09.235+0000] {logging_mixin.py:188} INFO - [2026-07-15T12:16:09.235+0000] {dag.py:3096} INFO - Sync 1 DAGs
[2026-07-15T12:16:09.293+0000] {logging_mixin.py:188} INFO - [2026-07-15T12:16:09.292+0000] {dag.py:3954} INFO - Setting next_dagrun for silver_dag3 to 2026-07-15 11:00:00+00:00, run_after=2026-07-15 12:00:00+00:00
[2026-07-15T12:16:09.336+0000] {processor.py:183} INFO - Processing /opt/airflow/dags/silver_dag3.py took 0.341 seconds
[2026-07-15T12:16:40.013+0000] {processor.py:161} INFO - Started process (PID=761) to work on /opt/airflow/dags/silver_dag3.py
[2026-07-15T12:16:40.015+0000] {processor.py:830} INFO - Processing file /opt/airflow/dags/silver_dag3.py for tasks to queue
[2026-07-15T12:16:40.021+0000] {logging_mixin.py:188} INFO - [2026-07-15T12:16:40.020+0000] {dagbag.py:540} INFO - Filling up the DagBag from /opt/airflow/dags/silver_dag3.py
[2026-07-15T12:16:40.069+0000] {processor.py:840} INFO - DAG(s) 'silver_dag3' retrieved from /opt/airflow/dags/silver_dag3.py
[2026-07-15T12:16:40.134+0000] {logging_mixin.py:188} INFO - [2026-07-15T12:16:40.134+0000] {dag.py:3096} INFO - Sync 1 DAGs
[2026-07-15T12:16:40.183+0000] {logging_mixin.py:188} INFO - [2026-07-15T12:16:40.183+0000] {dag.py:3954} INFO - Setting next_dagrun for silver_dag3 to 2026-07-15 11:00:00+00:00, run_after=2026-07-15 12:00:00+00:00
[2026-07-15T12:16:40.225+0000] {processor.py:183} INFO - Processing /opt/airflow/dags/silver_dag3.py took 0.222 seconds
[2026-07-15T12:17:10.760+0000] {processor.py:161} INFO - Started process (PID=786) to work on /opt/airflow/dags/silver_dag3.py
[2026-07-15T12:17:10.762+0000] {processor.py:830} INFO - Processing file /opt/airflow/dags/silver_dag3.py for tasks to queue
[2026-07-15T12:17:10.764+0000] {logging_mixin.py:188} INFO - [2026-07-15T12:17:10.764+0000] {dagbag.py:540} INFO - Filling up the DagBag from /opt/airflow/dags/silver_dag3.py
[2026-07-15T12:17:10.785+0000] {processor.py:840} INFO - DAG(s) 'silver_dag3' retrieved from /opt/airflow/dags/silver_dag3.py
[2026-07-15T12:17:10.814+0000] {logging_mixin.py:188} INFO - [2026-07-15T12:17:10.813+0000] {dag.py:3096} INFO - Sync 1 DAGs
[2026-07-15T12:17:10.838+0000] {logging_mixin.py:188} INFO - [2026-07-15T12:17:10.838+0000] {dag.py:3954} INFO - Setting next_dagrun for silver_dag3 to 2026-07-15 11:00:00+00:00, run_after=2026-07-15 12:00:00+00:00
[2026-07-15T12:17:10.864+0000] {processor.py:183} INFO - Processing /opt/airflow/dags/silver_dag3.py took 0.110 seconds
[2026-07-15T12:17:41.575+0000] {processor.py:161} INFO - Started process (PID=811) to work on /opt/airflow/dags/silver_dag3.py
[2026-07-15T12:17:41.577+0000] {processor.py:830} INFO - Processing file /opt/airflow/dags/silver_dag3.py for tasks to queue
[2026-07-15T12:17:41.579+0000] {logging_mixin.py:188} INFO - [2026-07-15T12:17:41.579+0000] {dagbag.py:540} INFO - Filling up the DagBag from /opt/airflow/dags/silver_dag3.py
[2026-07-15T12:17:41.601+0000] {processor.py:840} INFO - DAG(s) 'silver_dag3' retrieved from /opt/airflow/dags/silver_dag3.py
[2026-07-15T12:17:41.630+0000] {logging_mixin.py:188} INFO - [2026-07-15T12:17:41.630+0000] {dag.py:3096} INFO - Sync 1 DAGs
[2026-07-15T12:17:41.655+0000] {logging_mixin.py:188} INFO - [2026-07-15T12:17:41.654+0000] {dag.py:3954} INFO - Setting next_dagrun for silver_dag3 to 2026-07-15 11:00:00+00:00, run_after=2026-07-15 12:00:00+00:00
[2026-07-15T12:17:41.682+0000] {processor.py:183} INFO - Processing /opt/airflow/dags/silver_dag3.py took 0.114 seconds
[2026-07-15T12:18:12.340+0000] {processor.py:161} INFO - Started process (PID=836) to work on /opt/airflow/dags/silver_dag3.py
[2026-07-15T12:18:12.343+0000] {processor.py:830} INFO - Processing file /opt/airflow/dags/silver_dag3.py for tasks to queue
[2026-07-15T12:18:12.347+0000] {logging_mixin.py:188} INFO - [2026-07-15T12:18:12.346+0000] {dagbag.py:540} INFO - Filling up the DagBag from /opt/airflow/dags/silver_dag3.py
[2026-07-15T12:18:12.373+0000] {processor.py:840} INFO - DAG(s) 'silver_dag3' retrieved from /opt/airflow/dags/silver_dag3.py
[2026-07-15T12:18:12.409+0000] {logging_mixin.py:188} INFO - [2026-07-15T12:18:12.408+0000] {dag.py:3096} INFO - Sync 1 DAGs
[2026-07-15T12:18:12.439+0000] {logging_mixin.py:188} INFO - [2026-07-15T12:18:12.439+0000] {dag.py:3954} INFO - Setting next_dagrun for silver_dag3 to 2026-07-15 11:00:00+00:00, run_after=2026-07-15 12:00:00+00:00
[2026-07-15T12:18:12.464+0000] {processor.py:183} INFO - Processing /opt/airflow/dags/silver_dag3.py took 0.135 seconds
[2026-07-15T12:18:43.108+0000] {processor.py:161} INFO - Started process (PID=861) to work on /opt/airflow/dags/silver_dag3.py
[2026-07-15T12:18:43.110+0000] {processor.py:830} INFO - Processing file /opt/airflow/dags/silver_dag3.py for tasks to queue
[2026-07-15T12:18:43.112+0000] {logging_mixin.py:188} INFO - [2026-07-15T12:18:43.112+0000] {dagbag.py:540} INFO - Filling up the DagBag from /opt/airflow/dags/silver_dag3.py
[2026-07-15T12:18:43.133+0000] {processor.py:840} INFO - DAG(s) 'silver_dag3' retrieved from /opt/airflow/dags/silver_dag3.py
[2026-07-15T12:18:43.162+0000] {logging_mixin.py:188} INFO - [2026-07-15T12:18:43.162+0000] {dag.py:3096} INFO - Sync 1 DAGs
[2026-07-15T12:18:43.188+0000] {logging_mixin.py:188} INFO - [2026-07-15T12:18:43.188+0000] {dag.py:3954} INFO - Setting next_dagrun for silver_dag3 to 2026-07-15 11:00:00+00:00, run_after=2026-07-15 12:00:00+00:00
[2026-07-15T12:18:43.214+0000] {processor.py:183} INFO - Processing /opt/airflow/dags/silver_dag3.py took 0.113 seconds
[2026-07-15T12:19:13.745+0000] {processor.py:161} INFO - Started process (PID=886) to work on /opt/airflow/dags/silver_dag3.py
[2026-07-15T12:19:13.747+0000] {processor.py:830} INFO - Processing file /opt/airflow/dags/silver_dag3.py for tasks to queue
[2026-07-15T12:19:13.749+0000] {logging_mixin.py:188} INFO - [2026-07-15T12:19:13.749+0000] {dagbag.py:540} INFO - Filling up the DagBag from /opt/airflow/dags/silver_dag3.py
[2026-07-15T12:19:13.772+0000] {processor.py:840} INFO - DAG(s) 'silver_dag3' retrieved from /opt/airflow/dags/silver_dag3.py
[2026-07-15T12:19:13.802+0000] {logging_mixin.py:188} INFO - [2026-07-15T12:19:13.801+0000] {dag.py:3096} INFO - Sync 1 DAGs
[2026-07-15T12:19:13.827+0000] {logging_mixin.py:188} INFO - [2026-07-15T12:19:13.827+0000] {dag.py:3954} INFO - Setting next_dagrun for silver_dag3 to 2026-07-15 11:00:00+00:00, run_after=2026-07-15 12:00:00+00:00
[2026-07-15T12:19:13.855+0000] {processor.py:183} INFO - Processing /opt/airflow/dags/silver_dag3.py took 0.117 seconds
[2026-07-15T12:19:44.445+0000] {processor.py:161} INFO - Started process (PID=911) to work on /opt/airflow/dags/silver_dag3.py
[2026-07-15T12:19:44.447+0000] {processor.py:830} INFO - Processing file /opt/airflow/dags/silver_dag3.py for tasks to queue
[2026-07-15T12:19:44.450+0000] {logging_mixin.py:188} INFO - [2026-07-15T12:19:44.449+0000] {dagbag.py:540} INFO - Filling up the DagBag from /opt/airflow/dags/silver_dag3.py
[2026-07-15T12:19:44.472+0000] {processor.py:840} INFO - DAG(s) 'silver_dag3' retrieved from /opt/airflow/dags/silver_dag3.py
[2026-07-15T12:19:44.501+0000] {logging_mixin.py:188} INFO - [2026-07-15T12:19:44.500+0000] {dag.py:3096} INFO - Sync 1 DAGs
[2026-07-15T12:19:44.525+0000] {logging_mixin.py:188} INFO - [2026-07-15T12:19:44.525+0000] {dag.py:3954} INFO - Setting next_dagrun for silver_dag3 to 2026-07-15 11:00:00+00:00, run_after=2026-07-15 12:00:00+00:00
[2026-07-15T12:19:44.554+0000] {processor.py:183} INFO - Processing /opt/airflow/dags/silver_dag3.py took 0.117 seconds
[2026-07-15T12:20:15.218+0000] {processor.py:161} INFO - Started process (PID=936) to work on /opt/airflow/dags/silver_dag3.py
[2026-07-15T12:20:15.220+0000] {processor.py:830} INFO - Processing file /opt/airflow/dags/silver_dag3.py for tasks to queue
[2026-07-15T12:20:15.222+0000] {logging_mixin.py:188} INFO - [2026-07-15T12:20:15.222+0000] {dagbag.py:540} INFO - Filling up the DagBag from /opt/airflow/dags/silver_dag3.py
[2026-07-15T12:20:15.247+0000] {processor.py:840} INFO - DAG(s) 'silver_dag3' retrieved from /opt/airflow/dags/silver_dag3.py
[2026-07-15T12:20:15.276+0000] {logging_mixin.py:188} INFO - [2026-07-15T12:20:15.276+0000] {dag.py:3096} INFO - Sync 1 DAGs
[2026-07-15T12:20:15.301+0000] {logging_mixin.py:188} INFO - [2026-07-15T12:20:15.301+0000] {dag.py:3954} INFO - Setting next_dagrun for silver_dag3 to 2026-07-15 11:00:00+00:00, run_after=2026-07-15 12:00:00+00:00
[2026-07-15T12:20:15.325+0000] {processor.py:183} INFO - Processing /opt/airflow/dags/silver_dag3.py took 0.113 seconds
[2026-07-15T12:40:08.556+0000] {processor.py:161} INFO - Started process (PID=963) to work on /opt/airflow/dags/silver_dag3.py
[2026-07-15T12:40:08.558+0000] {processor.py:830} INFO - Processing file /opt/airflow/dags/silver_dag3.py for tasks to queue
[2026-07-15T12:40:08.561+0000] {logging_mixin.py:188} INFO - [2026-07-15T12:40:08.561+0000] {dagbag.py:540} INFO - Filling up the DagBag from /opt/airflow/dags/silver_dag3.py
[2026-07-15T12:40:08.580+0000] {processor.py:840} INFO - DAG(s) 'silver_dag3' retrieved from /opt/airflow/dags/silver_dag3.py
[2026-07-15T12:40:08.622+0000] {logging_mixin.py:188} INFO - [2026-07-15T12:40:08.622+0000] {dag.py:3096} INFO - Sync 1 DAGs
[2026-07-15T12:40:08.665+0000] {logging_mixin.py:188} INFO - [2026-07-15T12:40:08.665+0000] {dag.py:3954} INFO - Setting next_dagrun for silver_dag3 to 2026-07-15 11:00:00+00:00, run_after=2026-07-15 12:00:00+00:00
[2026-07-15T12:40:08.691+0000] {processor.py:183} INFO - Processing /opt/airflow/dags/silver_dag3.py took 0.140 seconds
[2026-07-15T12:40:39.307+0000] {processor.py:161} INFO - Started process (PID=986) to work on /opt/airflow/dags/silver_dag3.py
[2026-07-15T12:40:39.309+0000] {processor.py:830} INFO - Processing file /opt/airflow/dags/silver_dag3.py for tasks to queue
[2026-07-15T12:40:39.312+0000] {logging_mixin.py:188} INFO - [2026-07-15T12:40:39.312+0000] {dagbag.py:540} INFO - Filling up the DagBag from /opt/airflow/dags/silver_dag3.py
[2026-07-15T12:40:39.352+0000] {processor.py:840} INFO - DAG(s) 'silver_dag3' retrieved from /opt/airflow/dags/silver_dag3.py
[2026-07-15T12:40:39.388+0000] {logging_mixin.py:188} INFO - [2026-07-15T12:40:39.388+0000] {dag.py:3096} INFO - Sync 1 DAGs
[2026-07-15T12:40:39.419+0000] {logging_mixin.py:188} INFO - [2026-07-15T12:40:39.419+0000] {dag.py:3954} INFO - Setting next_dagrun for silver_dag3 to 2026-07-15 11:00:00+00:00, run_after=2026-07-15 12:00:00+00:00
[2026-07-15T12:40:39.447+0000] {processor.py:183} INFO - Processing /opt/airflow/dags/silver_dag3.py took 0.147 seconds
[2026-07-15T12:41:10.358+0000] {processor.py:161} INFO - Started process (PID=1013) to work on /opt/airflow/dags/silver_dag3.py
[2026-07-15T12:41:10.361+0000] {processor.py:830} INFO - Processing file /opt/airflow/dags/silver_dag3.py for tasks to queue
[2026-07-15T12:41:10.363+0000] {logging_mixin.py:188} INFO - [2026-07-15T12:41:10.363+0000] {dagbag.py:540} INFO - Filling up the DagBag from /opt/airflow/dags/silver_dag3.py
[2026-07-15T12:41:10.391+0000] {processor.py:840} INFO - DAG(s) 'silver_dag3' retrieved from /opt/airflow/dags/silver_dag3.py
[2026-07-15T12:41:10.447+0000] {logging_mixin.py:188} INFO - [2026-07-15T12:41:10.447+0000] {dag.py:3096} INFO - Sync 1 DAGs
[2026-07-15T12:41:10.538+0000] {logging_mixin.py:188} INFO - [2026-07-15T12:41:10.537+0000] {dag.py:3954} INFO - Setting next_dagrun for silver_dag3 to 2026-07-15 11:00:00+00:00, run_after=2026-07-15 12:00:00+00:00
[2026-07-15T12:41:10.605+0000] {processor.py:183} INFO - Processing /opt/airflow/dags/silver_dag3.py took 0.255 seconds
[2026-07-15T12:41:41.087+0000] {processor.py:161} INFO - Started process (PID=1036) to work on /opt/airflow/dags/silver_dag3.py
[2026-07-15T12:41:41.088+0000] {processor.py:830} INFO - Processing file /opt/airflow/dags/silver_dag3.py for tasks to queue
[2026-07-15T12:41:41.092+0000] {logging_mixin.py:188} INFO - [2026-07-15T12:41:41.091+0000] {dagbag.py:540} INFO - Filling up the DagBag from /opt/airflow/dags/silver_dag3.py
[2026-07-15T12:41:41.140+0000] {processor.py:840} INFO - DAG(s) 'silver_dag3' retrieved from /opt/airflow/dags/silver_dag3.py
[2026-07-15T12:41:41.193+0000] {logging_mixin.py:188} INFO - [2026-07-15T12:41:41.193+0000] {dag.py:3096} INFO - Sync 1 DAGs
[2026-07-15T12:41:41.243+0000] {logging_mixin.py:188} INFO - [2026-07-15T12:41:41.243+0000] {dag.py:3954} INFO - Setting next_dagrun for silver_dag3 to 2026-07-15 11:00:00+00:00, run_after=2026-07-15 12:00:00+00:00
[2026-07-15T12:41:41.276+0000] {processor.py:183} INFO - Processing /opt/airflow/dags/silver_dag3.py took 0.205 seconds
[2026-07-15T12:42:12.157+0000] {processor.py:161} INFO - Started process (PID=1063) to work on /opt/airflow/dags/silver_dag3.py
[2026-07-15T12:42:12.159+0000] {processor.py:830} INFO - Processing file /opt/airflow/dags/silver_dag3.py for tasks to queue
[2026-07-15T12:42:12.167+0000] {logging_mixin.py:188} INFO - [2026-07-15T12:42:12.166+0000] {dagbag.py:540} INFO - Filling up the DagBag from /opt/airflow/dags/silver_dag3.py
[2026-07-15T12:42:12.195+0000] {processor.py:840} INFO - DAG(s) 'silver_dag3' retrieved from /opt/airflow/dags/silver_dag3.py
[2026-07-15T12:42:12.232+0000] {logging_mixin.py:188} INFO - [2026-07-15T12:42:12.232+0000] {dag.py:3096} INFO - Sync 1 DAGs
[2026-07-15T12:42:12.261+0000] {logging_mixin.py:188} INFO - [2026-07-15T12:42:12.261+0000] {dag.py:3954} INFO - Setting next_dagrun for silver_dag3 to 2026-07-15 11:00:00+00:00, run_after=2026-07-15 12:00:00+00:00
[2026-07-15T12:42:12.282+0000] {processor.py:183} INFO - Processing /opt/airflow/dags/silver_dag3.py took 0.134 seconds
[2026-07-15T12:42:43.000+0000] {processor.py:161} INFO - Started process (PID=1088) to work on /opt/airflow/dags/silver_dag3.py
[2026-07-15T12:42:43.002+0000] {processor.py:830} INFO - Processing file /opt/airflow/dags/silver_dag3.py for tasks to queue
[2026-07-15T12:42:43.004+0000] {logging_mixin.py:188} INFO - [2026-07-15T12:42:43.004+0000] {dagbag.py:540} INFO - Filling up the DagBag from /opt/airflow/dags/silver_dag3.py
[2026-07-15T12:42:43.030+0000] {processor.py:840} INFO - DAG(s) 'silver_dag3' retrieved from /opt/airflow/dags/silver_dag3.py
[2026-07-15T12:42:43.062+0000] {logging_mixin.py:188} INFO - [2026-07-15T12:42:43.062+0000] {dag.py:3096} INFO - Sync 1 DAGs
[2026-07-15T12:42:43.088+0000] {logging_mixin.py:188} INFO - [2026-07-15T12:42:43.088+0000] {dag.py:3954} INFO - Setting next_dagrun for silver_dag3 to 2026-07-15 11:00:00+00:00, run_after=2026-07-15 12:00:00+00:00
[2026-07-15T12:42:43.117+0000] {processor.py:183} INFO - Processing /opt/airflow/dags/silver_dag3.py took 0.124 seconds
[2026-07-15T12:43:13.704+0000] {processor.py:161} INFO - Started process (PID=1113) to work on /opt/airflow/dags/silver_dag3.py
[2026-07-15T12:43:13.706+0000] {processor.py:830} INFO - Processing file /opt/airflow/dags/silver_dag3.py for tasks to queue
[2026-07-15T12:43:13.708+0000] {logging_mixin.py:188} INFO - [2026-07-15T12:43:13.708+0000] {dagbag.py:540} INFO - Filling up the DagBag from /opt/airflow/dags/silver_dag3.py
[2026-07-15T12:43:13.727+0000] {processor.py:840} INFO - DAG(s) 'silver_dag3' retrieved from /opt/airflow/dags/silver_dag3.py
[2026-07-15T12:43:13.753+0000] {logging_mixin.py:188} INFO - [2026-07-15T12:43:13.753+0000] {dag.py:3096} INFO - Sync 1 DAGs
[2026-07-15T12:43:13.777+0000] {logging_mixin.py:188} INFO - [2026-07-15T12:43:13.777+0000] {dag.py:3954} INFO - Setting next_dagrun for silver_dag3 to 2026-07-15 11:00:00+00:00, run_after=2026-07-15 12:00:00+00:00
[2026-07-15T12:43:13.797+0000] {processor.py:183} INFO - Processing /opt/airflow/dags/silver_dag3.py took 0.101 seconds
[2026-07-15T12:43:44.485+0000] {processor.py:161} INFO - Started process (PID=1138) to work on /opt/airflow/dags/silver_dag3.py
[2026-07-15T12:43:44.487+0000] {processor.py:830} INFO - Processing file /opt/airflow/dags/silver_dag3.py for tasks to queue
[2026-07-15T12:43:44.490+0000] {logging_mixin.py:188} INFO - [2026-07-15T12:43:44.490+0000] {dagbag.py:540} INFO - Filling up the DagBag from /opt/airflow/dags/silver_dag3.py
[2026-07-15T12:43:44.511+0000] {processor.py:840} INFO - DAG(s) 'silver_dag3' retrieved from /opt/airflow/dags/silver_dag3.py
[2026-07-15T12:43:44.535+0000] {logging_mixin.py:188} INFO - [2026-07-15T12:43:44.535+0000] {dag.py:3096} INFO - Sync 1 DAGs
[2026-07-15T12:43:44.559+0000] {logging_mixin.py:188} INFO - [2026-07-15T12:43:44.558+0000] {dag.py:3954} INFO - Setting next_dagrun for silver_dag3 to 2026-07-15 11:00:00+00:00, run_after=2026-07-15 12:00:00+00:00
[2026-07-15T12:43:44.579+0000] {processor.py:183} INFO - Processing /opt/airflow/dags/silver_dag3.py took 0.099 seconds
[2026-07-15T12:44:15.384+0000] {processor.py:161} INFO - Started process (PID=1163) to work on /opt/airflow/dags/silver_dag3.py
[2026-07-15T12:44:15.386+0000] {processor.py:830} INFO - Processing file /opt/airflow/dags/silver_dag3.py for tasks to queue
[2026-07-15T12:44:15.390+0000] {logging_mixin.py:188} INFO - [2026-07-15T12:44:15.389+0000] {dagbag.py:540} INFO - Filling up the DagBag from /opt/airflow/dags/silver_dag3.py
[2026-07-15T12:44:15.428+0000] {processor.py:840} INFO - DAG(s) 'silver_dag3' retrieved from /opt/airflow/dags/silver_dag3.py
[2026-07-15T12:44:15.480+0000] {logging_mixin.py:188} INFO - [2026-07-15T12:44:15.479+0000] {dag.py:3096} INFO - Sync 1 DAGs
[2026-07-15T12:44:15.540+0000] {logging_mixin.py:188} INFO - [2026-07-15T12:44:15.540+0000] {dag.py:3954} INFO - Setting next_dagrun for silver_dag3 to 2026-07-15 11:00:00+00:00, run_after=2026-07-15 12:00:00+00:00
[2026-07-15T12:44:15.572+0000] {processor.py:183} INFO - Processing /opt/airflow/dags/silver_dag3.py took 0.196 seconds
[2026-07-15T12:44:46.567+0000] {processor.py:161} INFO - Started process (PID=1204) to work on /opt/airflow/dags/silver_dag3.py
[2026-07-15T12:44:46.576+0000] {processor.py:830} INFO - Processing file /opt/airflow/dags/silver_dag3.py for tasks to queue
[2026-07-15T12:44:46.583+0000] {logging_mixin.py:188} INFO - [2026-07-15T12:44:46.582+0000] {dagbag.py:540} INFO - Filling up the DagBag from /opt/airflow/dags/silver_dag3.py
[2026-07-15T12:44:46.679+0000] {processor.py:840} INFO - DAG(s) 'silver_dag3' retrieved from /opt/airflow/dags/silver_dag3.py
[2026-07-15T12:44:46.795+0000] {logging_mixin.py:188} INFO - [2026-07-15T12:44:46.795+0000] {dag.py:3096} INFO - Sync 1 DAGs
[2026-07-15T12:44:46.880+0000] {logging_mixin.py:188} INFO - [2026-07-15T12:44:46.880+0000] {dag.py:3954} INFO - Setting next_dagrun for silver_dag3 to 2026-07-15 11:00:00+00:00, run_after=2026-07-15 12:00:00+00:00
[2026-07-15T12:44:46.943+0000] {processor.py:183} INFO - Processing /opt/airflow/dags/silver_dag3.py took 0.430 seconds
[2026-07-15T12:45:17.330+0000] {processor.py:161} INFO - Started process (PID=1227) to work on /opt/airflow/dags/silver_dag3.py
[2026-07-15T12:45:17.332+0000] {processor.py:830} INFO - Processing file /opt/airflow/dags/silver_dag3.py for tasks to queue
[2026-07-15T12:45:17.335+0000] {logging_mixin.py:188} INFO - [2026-07-15T12:45:17.335+0000] {dagbag.py:540} INFO - Filling up the DagBag from /opt/airflow/dags/silver_dag3.py
[2026-07-15T12:45:17.365+0000] {processor.py:840} INFO - DAG(s) 'silver_dag3' retrieved from /opt/airflow/dags/silver_dag3.py
[2026-07-15T12:45:17.409+0000] {logging_mixin.py:188} INFO - [2026-07-15T12:45:17.408+0000] {dag.py:3096} INFO - Sync 1 DAGs
[2026-07-15T12:45:17.437+0000] {logging_mixin.py:188} INFO - [2026-07-15T12:45:17.437+0000] {dag.py:3954} INFO - Setting next_dagrun for silver_dag3 to 2026-07-15 11:00:00+00:00, run_after=2026-07-15 12:00:00+00:00
[2026-07-15T12:45:17.469+0000] {processor.py:183} INFO - Processing /opt/airflow/dags/silver_dag3.py took 0.149 seconds
[2026-07-15T12:45:48.482+0000] {processor.py:161} INFO - Started process (PID=1252) to work on /opt/airflow/dags/silver_dag3.py
[2026-07-15T12:45:48.484+0000] {processor.py:830} INFO - Processing file /opt/airflow/dags/silver_dag3.py for tasks to queue
[2026-07-15T12:45:48.487+0000] {logging_mixin.py:188} INFO - [2026-07-15T12:45:48.487+0000] {dagbag.py:540} INFO - Filling up the DagBag from /opt/airflow/dags/silver_dag3.py
[2026-07-15T12:45:48.515+0000] {processor.py:840} INFO - DAG(s) 'silver_dag3' retrieved from /opt/airflow/dags/silver_dag3.py
[2026-07-15T12:45:48.546+0000] {logging_mixin.py:188} INFO - [2026-07-15T12:45:48.545+0000] {dag.py:3096} INFO - Sync 1 DAGs
[2026-07-15T12:45:48.583+0000] {logging_mixin.py:188} INFO - [2026-07-15T12:45:48.582+0000] {dag.py:3954} INFO - Setting next_dagrun for silver_dag3 to 2026-07-15 11:00:00+00:00, run_after=2026-07-15 12:00:00+00:00
[2026-07-15T12:45:48.615+0000] {processor.py:183} INFO - Processing /opt/airflow/dags/silver_dag3.py took 0.143 seconds
[2026-07-15T12:46:18.915+0000] {processor.py:161} INFO - Started process (PID=1279) to work on /opt/airflow/dags/silver_dag3.py
[2026-07-15T12:46:18.917+0000] {processor.py:830} INFO - Processing file /opt/airflow/dags/silver_dag3.py for tasks to queue
[2026-07-15T12:46:18.921+0000] {logging_mixin.py:188} INFO - [2026-07-15T12:46:18.920+0000] {dagbag.py:540} INFO - Filling up the DagBag from /opt/airflow/dags/silver_dag3.py
[2026-07-15T12:46:18.945+0000] {processor.py:840} INFO - DAG(s) 'silver_dag3' retrieved from /opt/airflow/dags/silver_dag3.py
[2026-07-15T12:46:18.980+0000] {logging_mixin.py:188} INFO - [2026-07-15T12:46:18.980+0000] {dag.py:3096} INFO - Sync 1 DAGs
[2026-07-15T12:46:19.021+0000] {logging_mixin.py:188} INFO - [2026-07-15T12:46:19.021+0000] {dag.py:3954} INFO - Setting next_dagrun for silver_dag3 to 2026-07-15 11:00:00+00:00, run_after=2026-07-15 12:00:00+00:00
[2026-07-15T12:46:19.055+0000] {processor.py:183} INFO - Processing /opt/airflow/dags/silver_dag3.py took 0.147 seconds
[2026-07-15T12:46:50.116+0000] {processor.py:161} INFO - Started process (PID=1318) to work on /opt/airflow/dags/silver_dag3.py
[2026-07-15T12:46:50.119+0000] {processor.py:830} INFO - Processing file /opt/airflow/dags/silver_dag3.py for tasks to queue
[2026-07-15T12:46:50.131+0000] {logging_mixin.py:188} INFO - [2026-07-15T12:46:50.130+0000] {dagbag.py:540} INFO - Filling up the DagBag from /opt/airflow/dags/silver_dag3.py
[2026-07-15T12:46:50.183+0000] {processor.py:840} INFO - DAG(s) 'silver_dag3' retrieved from /opt/airflow/dags/silver_dag3.py
[2026-07-15T12:46:50.249+0000] {logging_mixin.py:188} INFO - [2026-07-15T12:46:50.248+0000] {dag.py:3096} INFO - Sync 1 DAGs
[2026-07-15T12:46:50.310+0000] {logging_mixin.py:188} INFO - [2026-07-15T12:46:50.309+0000] {dag.py:3954} INFO - Setting next_dagrun for silver_dag3 to 2026-07-15 11:00:00+00:00, run_after=2026-07-15 12:00:00+00:00
[2026-07-15T12:46:50.409+0000] {processor.py:183} INFO - Processing /opt/airflow/dags/silver_dag3.py took 0.314 seconds
[2026-07-15T12:47:20.905+0000] {processor.py:161} INFO - Started process (PID=1343) to work on /opt/airflow/dags/silver_dag3.py
[2026-07-15T12:47:20.907+0000] {processor.py:830} INFO - Processing file /opt/airflow/dags/silver_dag3.py for tasks to queue
[2026-07-15T12:47:20.912+0000] {logging_mixin.py:188} INFO - [2026-07-15T12:47:20.911+0000] {dagbag.py:540} INFO - Filling up the DagBag from /opt/airflow/dags/silver_dag3.py
[2026-07-15T12:47:20.960+0000] {processor.py:840} INFO - DAG(s) 'silver_dag3' retrieved from /opt/airflow/dags/silver_dag3.py
[2026-07-15T12:47:21.039+0000] {logging_mixin.py:188} INFO - [2026-07-15T12:47:21.038+0000] {dag.py:3096} INFO - Sync 1 DAGs
[2026-07-15T12:47:21.102+0000] {logging_mixin.py:188} INFO - [2026-07-15T12:47:21.102+0000] {dag.py:3954} INFO - Setting next_dagrun for silver_dag3 to 2026-07-15 11:00:00+00:00, run_after=2026-07-15 12:00:00+00:00
[2026-07-15T12:47:21.171+0000] {processor.py:183} INFO - Processing /opt/airflow/dags/silver_dag3.py took 0.291 seconds
[2026-07-15T12:47:51.351+0000] {processor.py:161} INFO - Started process (PID=1368) to work on /opt/airflow/dags/silver_dag3.py
[2026-07-15T12:47:51.357+0000] {processor.py:830} INFO - Processing file /opt/airflow/dags/silver_dag3.py for tasks to queue
[2026-07-15T12:47:51.365+0000] {logging_mixin.py:188} INFO - [2026-07-15T12:47:51.364+0000] {dagbag.py:540} INFO - Filling up the DagBag from /opt/airflow/dags/silver_dag3.py
[2026-07-15T12:47:51.416+0000] {processor.py:840} INFO - DAG(s) 'silver_dag3' retrieved from /opt/airflow/dags/silver_dag3.py
[2026-07-15T12:47:51.483+0000] {logging_mixin.py:188} INFO - [2026-07-15T12:47:51.482+0000] {dag.py:3096} INFO - Sync 1 DAGs
[2026-07-15T12:47:51.538+0000] {logging_mixin.py:188} INFO - [2026-07-15T12:47:51.538+0000] {dag.py:3954} INFO - Setting next_dagrun for silver_dag3 to 2026-07-15 11:00:00+00:00, run_after=2026-07-15 12:00:00+00:00
[2026-07-15T12:47:51.576+0000] {processor.py:183} INFO - Processing /opt/airflow/dags/silver_dag3.py took 0.245 seconds
[2026-07-15T12:48:21.697+0000] {processor.py:161} INFO - Started process (PID=1393) to work on /opt/airflow/dags/silver_dag3.py
[2026-07-15T12:48:21.699+0000] {processor.py:830} INFO - Processing file /opt/airflow/dags/silver_dag3.py for tasks to queue
[2026-07-15T12:48:21.703+0000] {logging_mixin.py:188} INFO - [2026-07-15T12:48:21.702+0000] {dagbag.py:540} INFO - Filling up the DagBag from /opt/airflow/dags/silver_dag3.py
[2026-07-15T12:48:21.742+0000] {processor.py:840} INFO - DAG(s) 'silver_dag3' retrieved from /opt/airflow/dags/silver_dag3.py
[2026-07-15T12:48:21.793+0000] {logging_mixin.py:188} INFO - [2026-07-15T12:48:21.793+0000] {dag.py:3096} INFO - Sync 1 DAGs
[2026-07-15T12:48:21.859+0000] {logging_mixin.py:188} INFO - [2026-07-15T12:48:21.858+0000] {dag.py:3954} INFO - Setting next_dagrun for silver_dag3 to 2026-07-15 11:00:00+00:00, run_after=2026-07-15 12:00:00+00:00
[2026-07-15T12:48:21.910+0000] {processor.py:183} INFO - Processing /opt/airflow/dags/silver_dag3.py took 0.224 seconds
[2026-07-15T12:48:52.127+0000] {processor.py:161} INFO - Started process (PID=1431) to work on /opt/airflow/dags/silver_dag3.py
[2026-07-15T12:48:52.130+0000] {processor.py:830} INFO - Processing file /opt/airflow/dags/silver_dag3.py for tasks to queue
[2026-07-15T12:48:52.137+0000] {logging_mixin.py:188} INFO - [2026-07-15T12:48:52.136+0000] {dagbag.py:540} INFO - Filling up the DagBag from /opt/airflow/dags/silver_dag3.py
[2026-07-15T12:48:52.175+0000] {processor.py:840} INFO - DAG(s) 'silver_dag3' retrieved from /opt/airflow/dags/silver_dag3.py
[2026-07-15T12:48:52.228+0000] {logging_mixin.py:188} INFO - [2026-07-15T12:48:52.228+0000] {dag.py:3096} INFO - Sync 1 DAGs
[2026-07-15T12:48:52.271+0000] {logging_mixin.py:188} INFO - [2026-07-15T12:48:52.271+0000] {dag.py:3954} INFO - Setting next_dagrun for silver_dag3 to 2026-07-15 11:00:00+00:00, run_after=2026-07-15 12:00:00+00:00
[2026-07-15T12:48:52.308+0000] {processor.py:183} INFO - Processing /opt/airflow/dags/silver_dag3.py took 0.194 seconds
[2026-07-15T12:49:22.777+0000] {processor.py:161} INFO - Started process (PID=1456) to work on /opt/airflow/dags/silver_dag3.py
[2026-07-15T12:49:22.780+0000] {processor.py:830} INFO - Processing file /opt/airflow/dags/silver_dag3.py for tasks to queue
[2026-07-15T12:49:22.792+0000] {logging_mixin.py:188} INFO - [2026-07-15T12:49:22.788+0000] {dagbag.py:540} INFO - Filling up the DagBag from /opt/airflow/dags/silver_dag3.py
[2026-07-15T12:49:22.830+0000] {processor.py:840} INFO - DAG(s) 'silver_dag3' retrieved from /opt/airflow/dags/silver_dag3.py
[2026-07-15T12:49:22.891+0000] {logging_mixin.py:188} INFO - [2026-07-15T12:49:22.891+0000] {dag.py:3096} INFO - Sync 1 DAGs
[2026-07-15T12:49:22.957+0000] {logging_mixin.py:188} INFO - [2026-07-15T12:49:22.956+0000] {dag.py:3954} INFO - Setting next_dagrun for silver_dag3 to 2026-07-15 11:00:00+00:00, run_after=2026-07-15 12:00:00+00:00
[2026-07-15T12:49:23.002+0000] {processor.py:183} INFO - Processing /opt/airflow/dags/silver_dag3.py took 0.246 seconds
[2026-07-15T12:49:53.103+0000] {processor.py:161} INFO - Started process (PID=1488) to work on /opt/airflow/dags/silver_dag3.py
[2026-07-15T12:49:53.105+0000] {processor.py:830} INFO - Processing file /opt/airflow/dags/silver_dag3.py for tasks to queue
[2026-07-15T12:49:53.111+0000] {logging_mixin.py:188} INFO - [2026-07-15T12:49:53.110+0000] {dagbag.py:540} INFO - Filling up the DagBag from /opt/airflow/dags/silver_dag3.py
[2026-07-15T12:49:53.142+0000] {processor.py:840} INFO - DAG(s) 'silver_dag3' retrieved from /opt/airflow/dags/silver_dag3.py
[2026-07-15T12:49:53.187+0000] {logging_mixin.py:188} INFO - [2026-07-15T12:49:53.186+0000] {dag.py:3096} INFO - Sync 1 DAGs
[2026-07-15T12:49:53.223+0000] {logging_mixin.py:188} INFO - [2026-07-15T12:49:53.222+0000] {dag.py:3954} INFO - Setting next_dagrun for silver_dag3 to 2026-07-15 11:00:00+00:00, run_after=2026-07-15 12:00:00+00:00
[2026-07-15T12:49:53.247+0000] {processor.py:183} INFO - Processing /opt/airflow/dags/silver_dag3.py took 0.153 seconds
[2026-07-15T12:50:23.525+0000] {processor.py:161} INFO - Started process (PID=1513) to work on /opt/airflow/dags/silver_dag3.py
[2026-07-15T12:50:23.527+0000] {processor.py:830} INFO - Processing file /opt/airflow/dags/silver_dag3.py for tasks to queue
[2026-07-15T12:50:23.531+0000] {logging_mixin.py:188} INFO - [2026-07-15T12:50:23.530+0000] {dagbag.py:540} INFO - Filling up the DagBag from /opt/airflow/dags/silver_dag3.py
[2026-07-15T12:50:23.561+0000] {processor.py:840} INFO - DAG(s) 'silver_dag3' retrieved from /opt/airflow/dags/silver_dag3.py
[2026-07-15T12:50:23.612+0000] {logging_mixin.py:188} INFO - [2026-07-15T12:50:23.612+0000] {dag.py:3096} INFO - Sync 1 DAGs
[2026-07-15T12:50:23.663+0000] {logging_mixin.py:188} INFO - [2026-07-15T12:50:23.663+0000] {dag.py:3954} INFO - Setting next_dagrun for silver_dag3 to 2026-07-15 11:00:00+00:00, run_after=2026-07-15 12:00:00+00:00
[2026-07-15T12:50:23.693+0000] {processor.py:183} INFO - Processing /opt/airflow/dags/silver_dag3.py took 0.177 seconds
[2026-07-15T12:50:53.834+0000] {processor.py:161} INFO - Started process (PID=1536) to work on /opt/airflow/dags/silver_dag3.py
[2026-07-15T12:50:53.837+0000] {processor.py:830} INFO - Processing file /opt/airflow/dags/silver_dag3.py for tasks to queue
[2026-07-15T12:50:53.841+0000] {logging_mixin.py:188} INFO - [2026-07-15T12:50:53.841+0000] {dagbag.py:540} INFO - Filling up the DagBag from /opt/airflow/dags/silver_dag3.py
[2026-07-15T12:50:53.882+0000] {processor.py:840} INFO - DAG(s) 'silver_dag3' retrieved from /opt/airflow/dags/silver_dag3.py
[2026-07-15T12:50:53.926+0000] {logging_mixin.py:188} INFO - [2026-07-15T12:50:53.925+0000] {dag.py:3096} INFO - Sync 1 DAGs
[2026-07-15T12:50:53.972+0000] {logging_mixin.py:188} INFO - [2026-07-15T12:50:53.971+0000] {dag.py:3954} INFO - Setting next_dagrun for silver_dag3 to 2026-07-15 11:00:00+00:00, run_after=2026-07-15 12:00:00+00:00
[2026-07-15T12:50:54.007+0000] {processor.py:183} INFO - Processing /opt/airflow/dags/silver_dag3.py took 0.187 seconds
[2026-07-15T12:51:24.314+0000] {processor.py:161} INFO - Started process (PID=1561) to work on /opt/airflow/dags/silver_dag3.py
[2026-07-15T12:51:24.317+0000] {processor.py:830} INFO - Processing file /opt/airflow/dags/silver_dag3.py for tasks to queue
[2026-07-15T12:51:24.324+0000] {logging_mixin.py:188} INFO - [2026-07-15T12:51:24.323+0000] {dagbag.py:540} INFO - Filling up the DagBag from /opt/airflow/dags/silver_dag3.py
[2026-07-15T12:51:24.363+0000] {processor.py:840} INFO - DAG(s) 'silver_dag3' retrieved from /opt/airflow/dags/silver_dag3.py
[2026-07-15T12:51:24.429+0000] {logging_mixin.py:188} INFO - [2026-07-15T12:51:24.429+0000] {dag.py:3096} INFO - Sync 1 DAGs
[2026-07-15T12:51:24.478+0000] {logging_mixin.py:188} INFO - [2026-07-15T12:51:24.477+0000] {dag.py:3954} INFO - Setting next_dagrun for silver_dag3 to 2026-07-15 11:00:00+00:00, run_after=2026-07-15 12:00:00+00:00
[2026-07-15T12:51:24.513+0000] {processor.py:183} INFO - Processing /opt/airflow/dags/silver_dag3.py took 0.221 seconds
[2026-07-15T12:51:55.477+0000] {processor.py:161} INFO - Started process (PID=1586) to work on /opt/airflow/dags/silver_dag3.py
[2026-07-15T12:51:55.479+0000] {processor.py:830} INFO - Processing file /opt/airflow/dags/silver_dag3.py for tasks to queue
[2026-07-15T12:51:55.484+0000] {logging_mixin.py:188} INFO - [2026-07-15T12:51:55.483+0000] {dagbag.py:540} INFO - Filling up the DagBag from /opt/airflow/dags/silver_dag3.py
[2026-07-15T12:51:55.517+0000] {processor.py:840} INFO - DAG(s) 'silver_dag3' retrieved from /opt/airflow/dags/silver_dag3.py
[2026-07-15T12:51:55.558+0000] {logging_mixin.py:188} INFO - [2026-07-15T12:51:55.557+0000] {dag.py:3096} INFO - Sync 1 DAGs
[2026-07-15T12:51:55.593+0000] {logging_mixin.py:188} INFO - [2026-07-15T12:51:55.592+0000] {dag.py:3954} INFO - Setting next_dagrun for silver_dag3 to 2026-07-15 11:00:00+00:00, run_after=2026-07-15 12:00:00+00:00
[2026-07-15T12:51:55.621+0000] {processor.py:183} INFO - Processing /opt/airflow/dags/silver_dag3.py took 0.164 seconds
[2026-07-15T12:52:26.554+0000] {processor.py:161} INFO - Started process (PID=1611) to work on /opt/airflow/dags/silver_dag3.py
[2026-07-15T12:52:26.557+0000] {processor.py:830} INFO - Processing file /opt/airflow/dags/silver_dag3.py for tasks to queue
[2026-07-15T12:52:26.560+0000] {logging_mixin.py:188} INFO - [2026-07-15T12:52:26.560+0000] {dagbag.py:540} INFO - Filling up the DagBag from /opt/airflow/dags/silver_dag3.py
[2026-07-15T12:52:26.597+0000] {processor.py:840} INFO - DAG(s) 'silver_dag3' retrieved from /opt/airflow/dags/silver_dag3.py
[2026-07-15T12:52:26.638+0000] {logging_mixin.py:188} INFO - [2026-07-15T12:52:26.638+0000] {dag.py:3096} INFO - Sync 1 DAGs
[2026-07-15T12:52:26.673+0000] {logging_mixin.py:188} INFO - [2026-07-15T12:52:26.672+0000] {dag.py:3954} INFO - Setting next_dagrun for silver_dag3 to 2026-07-15 11:00:00+00:00, run_after=2026-07-15 12:00:00+00:00
[2026-07-15T12:52:26.704+0000] {processor.py:183} INFO - Processing /opt/airflow/dags/silver_dag3.py took 0.164 seconds
[2026-07-15T12:52:56.856+0000] {processor.py:161} INFO - Started process (PID=1636) to work on /opt/airflow/dags/silver_dag3.py
[2026-07-15T12:52:56.858+0000] {processor.py:830} INFO - Processing file /opt/airflow/dags/silver_dag3.py for tasks to queue
[2026-07-15T12:52:56.862+0000] {logging_mixin.py:188} INFO - [2026-07-15T12:52:56.862+0000] {dagbag.py:540} INFO - Filling up the DagBag from /opt/airflow/dags/silver_dag3.py
[2026-07-15T12:52:56.892+0000] {processor.py:840} INFO - DAG(s) 'silver_dag3' retrieved from /opt/airflow/dags/silver_dag3.py
[2026-07-15T12:52:56.942+0000] {logging_mixin.py:188} INFO - [2026-07-15T12:52:56.941+0000] {dag.py:3096} INFO - Sync 1 DAGs
[2026-07-15T12:52:56.977+0000] {logging_mixin.py:188} INFO - [2026-07-15T12:52:56.977+0000] {dag.py:3954} INFO - Setting next_dagrun for silver_dag3 to 2026-07-15 11:00:00+00:00, run_after=2026-07-15 12:00:00+00:00
[2026-07-15T12:52:57.009+0000] {processor.py:183} INFO - Processing /opt/airflow/dags/silver_dag3.py took 0.165 seconds
[2026-07-15T12:53:27.151+0000] {processor.py:161} INFO - Started process (PID=1661) to work on /opt/airflow/dags/silver_dag3.py
[2026-07-15T12:53:27.154+0000] {processor.py:830} INFO - Processing file /opt/airflow/dags/silver_dag3.py for tasks to queue
[2026-07-15T12:53:27.158+0000] {logging_mixin.py:188} INFO - [2026-07-15T12:53:27.158+0000] {dagbag.py:540} INFO - Filling up the DagBag from /opt/airflow/dags/silver_dag3.py
[2026-07-15T12:53:27.190+0000] {processor.py:840} INFO - DAG(s) 'silver_dag3' retrieved from /opt/airflow/dags/silver_dag3.py
[2026-07-15T12:53:27.250+0000] {logging_mixin.py:188} INFO - [2026-07-15T12:53:27.249+0000] {dag.py:3096} INFO - Sync 1 DAGs
[2026-07-15T12:53:27.304+0000] {logging_mixin.py:188} INFO - [2026-07-15T12:53:27.303+0000] {dag.py:3954} INFO - Setting next_dagrun for silver_dag3 to 2026-07-15 11:00:00+00:00, run_after=2026-07-15 12:00:00+00:00
[2026-07-15T12:53:27.337+0000] {processor.py:183} INFO - Processing /opt/airflow/dags/silver_dag3.py took 0.198 seconds
[2026-07-15T12:53:57.532+0000] {processor.py:161} INFO - Started process (PID=1686) to work on /opt/airflow/dags/silver_dag3.py
[2026-07-15T12:53:57.534+0000] {processor.py:830} INFO - Processing file /opt/airflow/dags/silver_dag3.py for tasks to queue
[2026-07-15T12:53:57.538+0000] {logging_mixin.py:188} INFO - [2026-07-15T12:53:57.537+0000] {dagbag.py:540} INFO - Filling up the DagBag from /opt/airflow/dags/silver_dag3.py
[2026-07-15T12:53:57.572+0000] {processor.py:840} INFO - DAG(s) 'silver_dag3' retrieved from /opt/airflow/dags/silver_dag3.py
[2026-07-15T12:53:57.617+0000] {logging_mixin.py:188} INFO - [2026-07-15T12:53:57.617+0000] {dag.py:3096} INFO - Sync 1 DAGs
[2026-07-15T12:53:57.655+0000] {logging_mixin.py:188} INFO - [2026-07-15T12:53:57.654+0000] {dag.py:3954} INFO - Setting next_dagrun for silver_dag3 to 2026-07-15 11:00:00+00:00, run_after=2026-07-15 12:00:00+00:00
[2026-07-15T12:53:57.685+0000] {processor.py:183} INFO - Processing /opt/airflow/dags/silver_dag3.py took 0.164 seconds
[2026-07-15T12:54:27.817+0000] {processor.py:161} INFO - Started process (PID=1711) to work on /opt/airflow/dags/silver_dag3.py
[2026-07-15T12:54:27.820+0000] {processor.py:830} INFO - Processing file /opt/airflow/dags/silver_dag3.py for tasks to queue
[2026-07-15T12:54:27.825+0000] {logging_mixin.py:188} INFO - [2026-07-15T12:54:27.824+0000] {dagbag.py:540} INFO - Filling up the DagBag from /opt/airflow/dags/silver_dag3.py
[2026-07-15T12:54:27.861+0000] {processor.py:840} INFO - DAG(s) 'silver_dag3' retrieved from /opt/airflow/dags/silver_dag3.py
[2026-07-15T12:54:27.906+0000] {logging_mixin.py:188} INFO - [2026-07-15T12:54:27.906+0000] {dag.py:3096} INFO - Sync 1 DAGs
[2026-07-15T12:54:27.945+0000] {logging_mixin.py:188} INFO - [2026-07-15T12:54:27.944+0000] {dag.py:3954} INFO - Setting next_dagrun for silver_dag3 to 2026-07-15 11:00:00+00:00, run_after=2026-07-15 12:00:00+00:00
[2026-07-15T12:54:27.975+0000] {processor.py:183} INFO - Processing /opt/airflow/dags/silver_dag3.py took 0.167 seconds
[2026-07-15T12:54:58.123+0000] {processor.py:161} INFO - Started process (PID=1736) to work on /opt/airflow/dags/silver_dag3.py
[2026-07-15T12:54:58.125+0000] {processor.py:830} INFO - Processing file /opt/airflow/dags/silver_dag3.py for tasks to queue
[2026-07-15T12:54:58.131+0000] {logging_mixin.py:188} INFO - [2026-07-15T12:54:58.130+0000] {dagbag.py:540} INFO - Filling up the DagBag from /opt/airflow/dags/silver_dag3.py
[2026-07-15T12:54:58.168+0000] {processor.py:840} INFO - DAG(s) 'silver_dag3' retrieved from /opt/airflow/dags/silver_dag3.py
[2026-07-15T12:54:58.203+0000] {logging_mixin.py:188} INFO - [2026-07-15T12:54:58.203+0000] {dag.py:3096} INFO - Sync 1 DAGs
[2026-07-15T12:54:58.241+0000] {logging_mixin.py:188} INFO - [2026-07-15T12:54:58.240+0000] {dag.py:3954} INFO - Setting next_dagrun for silver_dag3 to 2026-07-15 11:00:00+00:00, run_after=2026-07-15 12:00:00+00:00
[2026-07-15T12:54:58.272+0000] {processor.py:183} INFO - Processing /opt/airflow/dags/silver_dag3.py took 0.161 seconds
[2026-07-15T12:55:28.577+0000] {processor.py:161} INFO - Started process (PID=1761) to work on /opt/airflow/dags/silver_dag3.py
[2026-07-15T12:55:28.579+0000] {processor.py:830} INFO - Processing file /opt/airflow/dags/silver_dag3.py for tasks to queue
[2026-07-15T12:55:28.584+0000] {logging_mixin.py:188} INFO - [2026-07-15T12:55:28.584+0000] {dagbag.py:540} INFO - Filling up the DagBag from /opt/airflow/dags/silver_dag3.py
[2026-07-15T12:55:28.621+0000] {processor.py:840} INFO - DAG(s) 'silver_dag3' retrieved from /opt/airflow/dags/silver_dag3.py
[2026-07-15T12:55:28.664+0000] {logging_mixin.py:188} INFO - [2026-07-15T12:55:28.664+0000] {dag.py:3096} INFO - Sync 1 DAGs
[2026-07-15T12:55:28.703+0000] {logging_mixin.py:188} INFO - [2026-07-15T12:55:28.703+0000] {dag.py:3954} INFO - Setting next_dagrun for silver_dag3 to 2026-07-15 11:00:00+00:00, run_after=2026-07-15 12:00:00+00:00
[2026-07-15T12:55:28.731+0000] {processor.py:183} INFO - Processing /opt/airflow/dags/silver_dag3.py took 0.165 seconds
[2026-07-15T12:55:58.927+0000] {processor.py:161} INFO - Started process (PID=1786) to work on /opt/airflow/dags/silver_dag3.py
[2026-07-15T12:55:58.929+0000] {processor.py:830} INFO - Processing file /opt/airflow/dags/silver_dag3.py for tasks to queue
[2026-07-15T12:55:58.933+0000] {logging_mixin.py:188} INFO - [2026-07-15T12:55:58.933+0000] {dagbag.py:540} INFO - Filling up the DagBag from /opt/airflow/dags/silver_dag3.py
[2026-07-15T12:55:58.967+0000] {processor.py:840} INFO - DAG(s) 'silver_dag3' retrieved from /opt/airflow/dags/silver_dag3.py
[2026-07-15T12:55:59.011+0000] {logging_mixin.py:188} INFO - [2026-07-15T12:55:59.010+0000] {dag.py:3096} INFO - Sync 1 DAGs
[2026-07-15T12:55:59.053+0000] {logging_mixin.py:188} INFO - [2026-07-15T12:55:59.052+0000] {dag.py:3954} INFO - Setting next_dagrun for silver_dag3 to 2026-07-15 11:00:00+00:00, run_after=2026-07-15 12:00:00+00:00
[2026-07-15T12:55:59.080+0000] {processor.py:183} INFO - Processing /opt/airflow/dags/silver_dag3.py took 0.164 seconds
[2026-07-15T12:56:29.198+0000] {processor.py:161} INFO - Started process (PID=1811) to work on /opt/airflow/dags/silver_dag3.py
[2026-07-15T12:56:29.201+0000] {processor.py:830} INFO - Processing file /opt/airflow/dags/silver_dag3.py for tasks to queue
[2026-07-15T12:56:29.206+0000] {logging_mixin.py:188} INFO - [2026-07-15T12:56:29.206+0000] {dagbag.py:540} INFO - Filling up the DagBag from /opt/airflow/dags/silver_dag3.py
[2026-07-15T12:56:29.237+0000] {processor.py:840} INFO - DAG(s) 'silver_dag3' retrieved from /opt/airflow/dags/silver_dag3.py
[2026-07-15T12:56:29.279+0000] {logging_mixin.py:188} INFO - [2026-07-15T12:56:29.279+0000] {dag.py:3096} INFO - Sync 1 DAGs
[2026-07-15T12:56:29.316+0000] {logging_mixin.py:188} INFO - [2026-07-15T12:56:29.315+0000] {dag.py:3954} INFO - Setting next_dagrun for silver_dag3 to 2026-07-15 11:00:00+00:00, run_after=2026-07-15 12:00:00+00:00
[2026-07-15T12:56:29.344+0000] {processor.py:183} INFO - Processing /opt/airflow/dags/silver_dag3.py took 0.157 seconds
[2026-07-15T12:57:00.281+0000] {processor.py:161} INFO - Started process (PID=1836) to work on /opt/airflow/dags/silver_dag3.py
[2026-07-15T12:57:00.285+0000] {processor.py:830} INFO - Processing file /opt/airflow/dags/silver_dag3.py for tasks to queue
[2026-07-15T12:57:00.290+0000] {logging_mixin.py:188} INFO - [2026-07-15T12:57:00.289+0000] {dagbag.py:540} INFO - Filling up the DagBag from /opt/airflow/dags/silver_dag3.py
[2026-07-15T12:57:00.325+0000] {processor.py:840} INFO - DAG(s) 'silver_dag3' retrieved from /opt/airflow/dags/silver_dag3.py
[2026-07-15T12:57:00.375+0000] {logging_mixin.py:188} INFO - [2026-07-15T12:57:00.375+0000] {dag.py:3096} INFO - Sync 1 DAGs
[2026-07-15T12:57:00.416+0000] {logging_mixin.py:188} INFO - [2026-07-15T12:57:00.416+0000] {dag.py:3954} INFO - Setting next_dagrun for silver_dag3 to 2026-07-15 11:00:00+00:00, run_after=2026-07-15 12:00:00+00:00
[2026-07-15T12:57:00.447+0000] {processor.py:183} INFO - Processing /opt/airflow/dags/silver_dag3.py took 0.185 seconds
[2026-07-15T12:57:30.627+0000] {processor.py:161} INFO - Started process (PID=1861) to work on /opt/airflow/dags/silver_dag3.py
[2026-07-15T12:57:30.629+0000] {processor.py:830} INFO - Processing file /opt/airflow/dags/silver_dag3.py for tasks to queue
[2026-07-15T12:57:30.633+0000] {logging_mixin.py:188} INFO - [2026-07-15T12:57:30.632+0000] {dagbag.py:540} INFO - Filling up the DagBag from /opt/airflow/dags/silver_dag3.py
[2026-07-15T12:57:30.665+0000] {processor.py:840} INFO - DAG(s) 'silver_dag3' retrieved from /opt/airflow/dags/silver_dag3.py
[2026-07-15T12:57:30.704+0000] {logging_mixin.py:188} INFO - [2026-07-15T12:57:30.703+0000] {dag.py:3096} INFO - Sync 1 DAGs
[2026-07-15T12:57:30.748+0000] {logging_mixin.py:188} INFO - [2026-07-15T12:57:30.748+0000] {dag.py:3954} INFO - Setting next_dagrun for silver_dag3 to 2026-07-15 11:00:00+00:00, run_after=2026-07-15 12:00:00+00:00
[2026-07-15T12:57:30.777+0000] {processor.py:183} INFO - Processing /opt/airflow/dags/silver_dag3.py took 0.162 seconds
[2026-07-15T12:58:01.017+0000] {processor.py:161} INFO - Started process (PID=1886) to work on /opt/airflow/dags/silver_dag3.py
[2026-07-15T12:58:01.019+0000] {processor.py:830} INFO - Processing file /opt/airflow/dags/silver_dag3.py for tasks to queue
[2026-07-15T12:58:01.022+0000] {logging_mixin.py:188} INFO - [2026-07-15T12:58:01.022+0000] {dagbag.py:540} INFO - Filling up the DagBag from /opt/airflow/dags/silver_dag3.py
[2026-07-15T12:58:01.061+0000] {processor.py:840} INFO - DAG(s) 'silver_dag3' retrieved from /opt/airflow/dags/silver_dag3.py
[2026-07-15T12:58:01.127+0000] {logging_mixin.py:188} INFO - [2026-07-15T12:58:01.126+0000] {dag.py:3096} INFO - Sync 1 DAGs
[2026-07-15T12:58:01.184+0000] {logging_mixin.py:188} INFO - [2026-07-15T12:58:01.182+0000] {dag.py:3954} INFO - Setting next_dagrun for silver_dag3 to 2026-07-15 11:00:00+00:00, run_after=2026-07-15 12:00:00+00:00
[2026-07-15T12:58:01.251+0000] {processor.py:183} INFO - Processing /opt/airflow/dags/silver_dag3.py took 0.246 seconds
[2026-07-15T12:58:31.433+0000] {processor.py:161} INFO - Started process (PID=1927) to work on /opt/airflow/dags/silver_dag3.py
[2026-07-15T12:58:31.436+0000] {processor.py:830} INFO - Processing file /opt/airflow/dags/silver_dag3.py for tasks to queue
[2026-07-15T12:58:31.443+0000] {logging_mixin.py:188} INFO - [2026-07-15T12:58:31.442+0000] {dagbag.py:540} INFO - Filling up the DagBag from /opt/airflow/dags/silver_dag3.py
[2026-07-15T12:58:31.509+0000] {processor.py:840} INFO - DAG(s) 'silver_dag3' retrieved from /opt/airflow/dags/silver_dag3.py
[2026-07-15T12:58:31.601+0000] {logging_mixin.py:188} INFO - [2026-07-15T12:58:31.600+0000] {dag.py:3096} INFO - Sync 1 DAGs
[2026-07-15T12:58:31.798+0000] {logging_mixin.py:188} INFO - [2026-07-15T12:58:31.798+0000] {dag.py:3954} INFO - Setting next_dagrun for silver_dag3 to 2026-07-15 11:00:00+00:00, run_after=2026-07-15 12:00:00+00:00
[2026-07-15T12:58:31.908+0000] {processor.py:183} INFO - Processing /opt/airflow/dags/silver_dag3.py took 0.498 seconds
[2026-07-15T12:59:02.558+0000] {processor.py:161} INFO - Started process (PID=2018) to work on /opt/airflow/dags/silver_dag3.py
[2026-07-15T12:59:02.588+0000] {processor.py:830} INFO - Processing file /opt/airflow/dags/silver_dag3.py for tasks to queue
[2026-07-15T12:59:02.601+0000] {logging_mixin.py:188} INFO - [2026-07-15T12:59:02.600+0000] {dagbag.py:540} INFO - Filling up the DagBag from /opt/airflow/dags/silver_dag3.py
[2026-07-15T12:59:02.706+0000] {processor.py:840} INFO - DAG(s) 'silver_dag3' retrieved from /opt/airflow/dags/silver_dag3.py
[2026-07-15T12:59:03.345+0000] {logging_mixin.py:188} INFO - [2026-07-15T12:59:03.344+0000] {dag.py:3096} INFO - Sync 1 DAGs
[2026-07-15T12:59:03.596+0000] {logging_mixin.py:188} INFO - [2026-07-15T12:59:03.595+0000] {dag.py:3954} INFO - Setting next_dagrun for silver_dag3 to 2026-07-15 11:00:00+00:00, run_after=2026-07-15 12:00:00+00:00
[2026-07-15T12:59:03.744+0000] {processor.py:183} INFO - Processing /opt/airflow/dags/silver_dag3.py took 1.281 seconds
[2026-07-15T12:59:34.639+0000] {processor.py:161} INFO - Started process (PID=2055) to work on /opt/airflow/dags/silver_dag3.py
[2026-07-15T12:59:34.646+0000] {processor.py:830} INFO - Processing file /opt/airflow/dags/silver_dag3.py for tasks to queue
[2026-07-15T12:59:34.691+0000] {logging_mixin.py:188} INFO - [2026-07-15T12:59:34.688+0000] {dagbag.py:540} INFO - Filling up the DagBag from /opt/airflow/dags/silver_dag3.py
[2026-07-15T12:59:34.865+0000] {processor.py:840} INFO - DAG(s) 'silver_dag3' retrieved from /opt/airflow/dags/silver_dag3.py
[2026-07-15T12:59:35.102+0000] {logging_mixin.py:188} INFO - [2026-07-15T12:59:35.101+0000] {dag.py:3096} INFO - Sync 1 DAGs
[2026-07-15T12:59:35.521+0000] {logging_mixin.py:188} INFO - [2026-07-15T12:59:35.521+0000] {dag.py:3954} INFO - Setting next_dagrun for silver_dag3 to 2026-07-15 11:00:00+00:00, run_after=2026-07-15 12:00:00+00:00
[2026-07-15T12:59:35.800+0000] {processor.py:183} INFO - Processing /opt/airflow/dags/silver_dag3.py took 1.198 seconds
[2026-07-15T13:00:06.441+0000] {processor.py:161} INFO - Started process (PID=2083) to work on /opt/airflow/dags/silver_dag3.py
[2026-07-15T13:00:06.444+0000] {processor.py:830} INFO - Processing file /opt/airflow/dags/silver_dag3.py for tasks to queue
[2026-07-15T13:00:06.489+0000] {logging_mixin.py:188} INFO - [2026-07-15T13:00:06.476+0000] {dagbag.py:540} INFO - Filling up the DagBag from /opt/airflow/dags/silver_dag3.py
[2026-07-15T13:00:06.631+0000] {processor.py:840} INFO - DAG(s) 'silver_dag3' retrieved from /opt/airflow/dags/silver_dag3.py
[2026-07-15T13:00:06.806+0000] {logging_mixin.py:188} INFO - [2026-07-15T13:00:06.805+0000] {dag.py:3096} INFO - Sync 1 DAGs
[2026-07-15T13:00:07.005+0000] {logging_mixin.py:188} INFO - [2026-07-15T13:00:07.004+0000] {dag.py:3954} INFO - Setting next_dagrun for silver_dag3 to 2026-07-15 12:00:00+00:00, run_after=2026-07-15 13:00:00+00:00
[2026-07-15T13:00:07.158+0000] {processor.py:183} INFO - Processing /opt/airflow/dags/silver_dag3.py took 0.801 seconds
[2026-07-15T13:00:41.545+0000] {processor.py:161} INFO - Started process (PID=2125) to work on /opt/airflow/dags/silver_dag3.py
[2026-07-15T13:00:41.629+0000] {processor.py:830} INFO - Processing file /opt/airflow/dags/silver_dag3.py for tasks to queue
[2026-07-15T13:00:41.872+0000] {logging_mixin.py:188} INFO - [2026-07-15T13:00:41.855+0000] {dagbag.py:540} INFO - Filling up the DagBag from /opt/airflow/dags/silver_dag3.py
[2026-07-15T13:00:42.613+0000] {processor.py:840} INFO - DAG(s) 'silver_dag3' retrieved from /opt/airflow/dags/silver_dag3.py
[2026-07-15T13:00:46.363+0000] {logging_mixin.py:188} INFO - [2026-07-15T13:00:46.330+0000] {dag.py:3096} INFO - Sync 1 DAGs
[2026-07-15T13:00:49.711+0000] {logging_mixin.py:188} INFO - [2026-07-15T13:00:49.325+0000] {dag.py:3954} INFO - Setting next_dagrun for silver_dag3 to 2026-07-15 12:00:00+00:00, run_after=2026-07-15 13:00:00+00:00
[2026-07-15T13:00:50.712+0000] {processor.py:183} INFO - Processing /opt/airflow/dags/silver_dag3.py took 9.761 seconds
[2026-07-15T13:03:52.211+0000] {processor.py:161} INFO - Started process (PID=2155) to work on /opt/airflow/dags/silver_dag3.py
[2026-07-15T13:03:52.216+0000] {processor.py:830} INFO - Processing file /opt/airflow/dags/silver_dag3.py for tasks to queue
[2026-07-15T13:03:52.262+0000] {logging_mixin.py:188} INFO - [2026-07-15T13:03:52.256+0000] {dagbag.py:540} INFO - Filling up the DagBag from /opt/airflow/dags/silver_dag3.py
[2026-07-15T13:03:52.455+0000] {processor.py:840} INFO - DAG(s) 'silver_dag3' retrieved from /opt/airflow/dags/silver_dag3.py
[2026-07-15T13:03:52.649+0000] {logging_mixin.py:188} INFO - [2026-07-15T13:03:52.649+0000] {dag.py:3096} INFO - Sync 1 DAGs
[2026-07-15T13:03:52.867+0000] {logging_mixin.py:188} INFO - [2026-07-15T13:03:52.866+0000] {dag.py:3954} INFO - Setting next_dagrun for silver_dag3 to 2026-07-15 12:00:00+00:00, run_after=2026-07-15 13:00:00+00:00
[2026-07-15T13:03:53.116+0000] {processor.py:183} INFO - Processing /opt/airflow/dags/silver_dag3.py took 1.129 seconds
[2026-07-15T13:04:23.423+0000] {processor.py:161} INFO - Started process (PID=2192) to work on /opt/airflow/dags/silver_dag3.py
[2026-07-15T13:04:23.430+0000] {processor.py:830} INFO - Processing file /opt/airflow/dags/silver_dag3.py for tasks to queue
[2026-07-15T13:04:23.439+0000] {logging_mixin.py:188} INFO - [2026-07-15T13:04:23.438+0000] {dagbag.py:540} INFO - Filling up the DagBag from /opt/airflow/dags/silver_dag3.py
[2026-07-15T13:04:23.535+0000] {processor.py:840} INFO - DAG(s) 'silver_dag3' retrieved from /opt/airflow/dags/silver_dag3.py
[2026-07-15T13:04:23.632+0000] {logging_mixin.py:188} INFO - [2026-07-15T13:04:23.632+0000] {dag.py:3096} INFO - Sync 1 DAGs
[2026-07-15T13:04:23.742+0000] {logging_mixin.py:188} INFO - [2026-07-15T13:04:23.742+0000] {dag.py:3954} INFO - Setting next_dagrun for silver_dag3 to 2026-07-15 12:00:00+00:00, run_after=2026-07-15 13:00:00+00:00
[2026-07-15T13:04:23.905+0000] {processor.py:183} INFO - Processing /opt/airflow/dags/silver_dag3.py took 0.497 seconds
[2026-07-15T13:25:26.013+0000] {processor.py:161} INFO - Started process (PID=2230) to work on /opt/airflow/dags/silver_dag3.py
[2026-07-15T13:25:26.116+0000] {processor.py:830} INFO - Processing file /opt/airflow/dags/silver_dag3.py for tasks to queue
[2026-07-15T13:25:26.162+0000] {logging_mixin.py:188} INFO - [2026-07-15T13:25:26.158+0000] {dagbag.py:540} INFO - Filling up the DagBag from /opt/airflow/dags/silver_dag3.py
[2026-07-15T13:25:26.337+0000] {processor.py:840} INFO - DAG(s) 'silver_dag3' retrieved from /opt/airflow/dags/silver_dag3.py
[2026-07-15T13:25:27.554+0000] {logging_mixin.py:188} INFO - [2026-07-15T13:25:27.542+0000] {dag.py:3096} INFO - Sync 1 DAGs
[2026-07-15T13:25:27.872+0000] {logging_mixin.py:188} INFO - [2026-07-15T13:25:27.872+0000] {dag.py:3954} INFO - Setting next_dagrun for silver_dag3 to 2026-07-15 12:00:00+00:00, run_after=2026-07-15 13:00:00+00:00
[2026-07-15T13:25:28.034+0000] {processor.py:183} INFO - Processing /opt/airflow/dags/silver_dag3.py took 2.206 seconds
[2026-07-15T13:26:00.581+0000] {processor.py:161} INFO - Started process (PID=2304) to work on /opt/airflow/dags/silver_dag3.py
[2026-07-15T13:26:00.586+0000] {processor.py:830} INFO - Processing file /opt/airflow/dags/silver_dag3.py for tasks to queue
[2026-07-15T13:26:00.624+0000] {logging_mixin.py:188} INFO - [2026-07-15T13:26:00.616+0000] {dagbag.py:540} INFO - Filling up the DagBag from /opt/airflow/dags/silver_dag3.py
[2026-07-15T13:26:01.182+0000] {processor.py:840} INFO - DAG(s) 'silver_dag3' retrieved from /opt/airflow/dags/silver_dag3.py
[2026-07-15T13:26:01.635+0000] {logging_mixin.py:188} INFO - [2026-07-15T13:26:01.635+0000] {dag.py:3096} INFO - Sync 1 DAGs
[2026-07-15T13:26:02.093+0000] {logging_mixin.py:188} INFO - [2026-07-15T13:26:02.092+0000] {dag.py:3954} INFO - Setting next_dagrun for silver_dag3 to 2026-07-15 12:00:00+00:00, run_after=2026-07-15 13:00:00+00:00
[2026-07-15T13:26:02.465+0000] {processor.py:183} INFO - Processing /opt/airflow/dags/silver_dag3.py took 2.162 seconds
[2026-07-15T13:26:32.748+0000] {processor.py:161} INFO - Started process (PID=2329) to work on /opt/airflow/dags/silver_dag3.py
[2026-07-15T13:26:32.763+0000] {processor.py:830} INFO - Processing file /opt/airflow/dags/silver_dag3.py for tasks to queue
[2026-07-15T13:26:32.779+0000] {logging_mixin.py:188} INFO - [2026-07-15T13:26:32.778+0000] {dagbag.py:540} INFO - Filling up the DagBag from /opt/airflow/dags/silver_dag3.py
[2026-07-15T13:26:32.903+0000] {processor.py:840} INFO - DAG(s) 'silver_dag3' retrieved from /opt/airflow/dags/silver_dag3.py
[2026-07-15T13:26:33.253+0000] {logging_mixin.py:188} INFO - [2026-07-15T13:26:33.249+0000] {dag.py:3096} INFO - Sync 1 DAGs
[2026-07-15T13:26:33.860+0000] {logging_mixin.py:188} INFO - [2026-07-15T13:26:33.860+0000] {dag.py:3954} INFO - Setting next_dagrun for silver_dag3 to 2026-07-15 12:00:00+00:00, run_after=2026-07-15 13:00:00+00:00
[2026-07-15T13:26:34.162+0000] {processor.py:183} INFO - Processing /opt/airflow/dags/silver_dag3.py took 1.455 seconds
[2026-07-15T13:27:04.940+0000] {processor.py:161} INFO - Started process (PID=2356) to work on /opt/airflow/dags/silver_dag3.py
[2026-07-15T13:27:04.958+0000] {processor.py:830} INFO - Processing file /opt/airflow/dags/silver_dag3.py for tasks to queue
[2026-07-15T13:27:04.973+0000] {logging_mixin.py:188} INFO - [2026-07-15T13:27:04.971+0000] {dagbag.py:540} INFO - Filling up the DagBag from /opt/airflow/dags/silver_dag3.py
[2026-07-15T13:27:05.045+0000] {processor.py:840} INFO - DAG(s) 'silver_dag3' retrieved from /opt/airflow/dags/silver_dag3.py
[2026-07-15T13:27:05.175+0000] {logging_mixin.py:188} INFO - [2026-07-15T13:27:05.174+0000] {dag.py:3096} INFO - Sync 1 DAGs
[2026-07-15T13:27:05.284+0000] {logging_mixin.py:188} INFO - [2026-07-15T13:27:05.284+0000] {dag.py:3954} INFO - Setting next_dagrun for silver_dag3 to 2026-07-15 12:00:00+00:00, run_after=2026-07-15 13:00:00+00:00
[2026-07-15T13:27:05.350+0000] {processor.py:183} INFO - Processing /opt/airflow/dags/silver_dag3.py took 0.487 seconds
[2026-07-15T13:27:36.196+0000] {processor.py:161} INFO - Started process (PID=2385) to work on /opt/airflow/dags/silver_dag3.py
[2026-07-15T13:27:36.209+0000] {processor.py:830} INFO - Processing file /opt/airflow/dags/silver_dag3.py for tasks to queue
[2026-07-15T13:27:36.219+0000] {logging_mixin.py:188} INFO - [2026-07-15T13:27:36.218+0000] {dagbag.py:540} INFO - Filling up the DagBag from /opt/airflow/dags/silver_dag3.py
[2026-07-15T13:27:36.300+0000] {processor.py:840} INFO - DAG(s) 'silver_dag3' retrieved from /opt/airflow/dags/silver_dag3.py
[2026-07-15T13:27:36.405+0000] {logging_mixin.py:188} INFO - [2026-07-15T13:27:36.404+0000] {dag.py:3096} INFO - Sync 1 DAGs
[2026-07-15T13:27:36.585+0000] {logging_mixin.py:188} INFO - [2026-07-15T13:27:36.585+0000] {dag.py:3954} INFO - Setting next_dagrun for silver_dag3 to 2026-07-15 12:00:00+00:00, run_after=2026-07-15 13:00:00+00:00
[2026-07-15T13:27:36.859+0000] {processor.py:183} INFO - Processing /opt/airflow/dags/silver_dag3.py took 0.697 seconds
[2026-07-15T13:29:15.412+0000] {processor.py:161} INFO - Started process (PID=2408) to work on /opt/airflow/dags/silver_dag3.py
[2026-07-15T13:32:14.834+0000] {processor.py:830} INFO - Processing file /opt/airflow/dags/silver_dag3.py for tasks to queue
[2026-07-15T13:32:52.400+0000] {logging_mixin.py:188} INFO - [2026-07-15T13:32:51.583+0000] {dagbag.py:540} INFO - Filling up the DagBag from /opt/airflow/dags/silver_dag3.py
[2026-07-15T13:32:58.132+0000] {processor.py:840} INFO - DAG(s) 'silver_dag3' retrieved from /opt/airflow/dags/silver_dag3.py
[2026-07-15T13:33:28.465+0000] {processor.py:161} INFO - Started process (PID=2433) to work on /opt/airflow/dags/silver_dag3.py
[2026-07-15T13:33:28.469+0000] {processor.py:830} INFO - Processing file /opt/airflow/dags/silver_dag3.py for tasks to queue
[2026-07-15T13:33:28.472+0000] {logging_mixin.py:188} INFO - [2026-07-15T13:33:28.471+0000] {dagbag.py:540} INFO - Filling up the DagBag from /opt/airflow/dags/silver_dag3.py
[2026-07-15T13:33:28.522+0000] {processor.py:840} INFO - DAG(s) 'silver_dag3' retrieved from /opt/airflow/dags/silver_dag3.py
[2026-07-15T13:33:28.552+0000] {logging_mixin.py:188} INFO - [2026-07-15T13:33:28.552+0000] {dag.py:3096} INFO - Sync 1 DAGs
[2026-07-15T13:33:28.631+0000] {logging_mixin.py:188} INFO - [2026-07-15T13:33:28.630+0000] {dag.py:3954} INFO - Setting next_dagrun for silver_dag3 to 2026-07-15 12:00:00+00:00, run_after=2026-07-15 13:00:00+00:00
[2026-07-15T13:33:28.675+0000] {processor.py:183} INFO - Processing /opt/airflow/dags/silver_dag3.py took 0.235 seconds
[2026-07-15T13:33:59.406+0000] {processor.py:161} INFO - Started process (PID=2458) to work on /opt/airflow/dags/silver_dag3.py
[2026-07-15T13:33:59.408+0000] {processor.py:830} INFO - Processing file /opt/airflow/dags/silver_dag3.py for tasks to queue
[2026-07-15T13:33:59.410+0000] {logging_mixin.py:188} INFO - [2026-07-15T13:33:59.410+0000] {dagbag.py:540} INFO - Filling up the DagBag from /opt/airflow/dags/silver_dag3.py
[2026-07-15T13:33:59.461+0000] {processor.py:840} INFO - DAG(s) 'silver_dag3' retrieved from /opt/airflow/dags/silver_dag3.py
[2026-07-15T13:33:59.645+0000] {logging_mixin.py:188} INFO - [2026-07-15T13:33:59.645+0000] {dag.py:3096} INFO - Sync 1 DAGs
[2026-07-15T13:33:59.685+0000] {logging_mixin.py:188} INFO - [2026-07-15T13:33:59.684+0000] {dag.py:3954} INFO - Setting next_dagrun for silver_dag3 to 2026-07-15 12:00:00+00:00, run_after=2026-07-15 13:00:00+00:00
[2026-07-15T13:33:59.734+0000] {processor.py:183} INFO - Processing /opt/airflow/dags/silver_dag3.py took 0.342 seconds
[2026-07-15T13:34:30.182+0000] {processor.py:161} INFO - Started process (PID=2483) to work on /opt/airflow/dags/silver_dag3.py
[2026-07-15T13:34:30.185+0000] {processor.py:830} INFO - Processing file /opt/airflow/dags/silver_dag3.py for tasks to queue
[2026-07-15T13:34:30.188+0000] {logging_mixin.py:188} INFO - [2026-07-15T13:34:30.187+0000] {dagbag.py:540} INFO - Filling up the DagBag from /opt/airflow/dags/silver_dag3.py
[2026-07-15T13:34:30.254+0000] {processor.py:840} INFO - DAG(s) 'silver_dag3' retrieved from /opt/airflow/dags/silver_dag3.py
[2026-07-15T13:34:30.341+0000] {logging_mixin.py:188} INFO - [2026-07-15T13:34:30.341+0000] {dag.py:3096} INFO - Sync 1 DAGs
[2026-07-15T13:34:30.437+0000] {logging_mixin.py:188} INFO - [2026-07-15T13:34:30.437+0000] {dag.py:3954} INFO - Setting next_dagrun for silver_dag3 to 2026-07-15 12:00:00+00:00, run_after=2026-07-15 13:00:00+00:00
[2026-07-15T13:34:30.514+0000] {processor.py:183} INFO - Processing /opt/airflow/dags/silver_dag3.py took 0.357 seconds
[2026-07-15T13:35:00.933+0000] {processor.py:161} INFO - Started process (PID=2510) to work on /opt/airflow/dags/silver_dag3.py
[2026-07-15T13:35:00.936+0000] {processor.py:830} INFO - Processing file /opt/airflow/dags/silver_dag3.py for tasks to queue
[2026-07-15T13:35:00.938+0000] {logging_mixin.py:188} INFO - [2026-07-15T13:35:00.938+0000] {dagbag.py:540} INFO - Filling up the DagBag from /opt/airflow/dags/silver_dag3.py
[2026-07-15T13:35:00.975+0000] {processor.py:840} INFO - DAG(s) 'silver_dag3' retrieved from /opt/airflow/dags/silver_dag3.py
[2026-07-15T13:35:00.995+0000] {logging_mixin.py:188} INFO - [2026-07-15T13:35:00.995+0000] {dag.py:3096} INFO - Sync 1 DAGs
[2026-07-15T13:35:01.036+0000] {logging_mixin.py:188} INFO - [2026-07-15T13:35:01.036+0000] {dag.py:3954} INFO - Setting next_dagrun for silver_dag3 to 2026-07-15 12:00:00+00:00, run_after=2026-07-15 13:00:00+00:00
[2026-07-15T13:35:01.066+0000] {processor.py:183} INFO - Processing /opt/airflow/dags/silver_dag3.py took 0.144 seconds
[2026-07-15T13:35:31.414+0000] {processor.py:161} INFO - Started process (PID=2535) to work on /opt/airflow/dags/silver_dag3.py
[2026-07-15T13:35:31.416+0000] {processor.py:830} INFO - Processing file /opt/airflow/dags/silver_dag3.py for tasks to queue
[2026-07-15T13:35:31.420+0000] {logging_mixin.py:188} INFO - [2026-07-15T13:35:31.419+0000] {dagbag.py:540} INFO - Filling up the DagBag from /opt/airflow/dags/silver_dag3.py
[2026-07-15T13:35:31.451+0000] {processor.py:840} INFO - DAG(s) 'silver_dag3' retrieved from /opt/airflow/dags/silver_dag3.py
[2026-07-15T13:35:31.616+0000] {logging_mixin.py:188} INFO - [2026-07-15T13:35:31.616+0000] {dag.py:3096} INFO - Sync 1 DAGs
[2026-07-15T13:35:31.648+0000] {logging_mixin.py:188} INFO - [2026-07-15T13:35:31.647+0000] {dag.py:3954} INFO - Setting next_dagrun for silver_dag3 to 2026-07-15 12:00:00+00:00, run_after=2026-07-15 13:00:00+00:00
[2026-07-15T13:35:31.676+0000] {processor.py:183} INFO - Processing /opt/airflow/dags/silver_dag3.py took 0.273 seconds
[2026-07-15T13:36:01.964+0000] {processor.py:161} INFO - Started process (PID=2560) to work on /opt/airflow/dags/silver_dag3.py
[2026-07-15T13:36:01.967+0000] {processor.py:830} INFO - Processing file /opt/airflow/dags/silver_dag3.py for tasks to queue
[2026-07-15T13:36:01.970+0000] {logging_mixin.py:188} INFO - [2026-07-15T13:36:01.969+0000] {dagbag.py:540} INFO - Filling up the DagBag from /opt/airflow/dags/silver_dag3.py
[2026-07-15T13:36:02.007+0000] {processor.py:840} INFO - DAG(s) 'silver_dag3' retrieved from /opt/airflow/dags/silver_dag3.py
[2026-07-15T13:36:02.051+0000] {logging_mixin.py:188} INFO - [2026-07-15T13:36:02.050+0000] {dag.py:3096} INFO - Sync 1 DAGs
[2026-07-15T13:36:02.088+0000] {logging_mixin.py:188} INFO - [2026-07-15T13:36:02.088+0000] {dag.py:3954} INFO - Setting next_dagrun for silver_dag3 to 2026-07-15 12:00:00+00:00, run_after=2026-07-15 13:00:00+00:00
[2026-07-15T13:36:02.123+0000] {processor.py:183} INFO - Processing /opt/airflow/dags/silver_dag3.py took 0.172 seconds
[2026-07-15T13:36:32.370+0000] {processor.py:161} INFO - Started process (PID=2585) to work on /opt/airflow/dags/silver_dag3.py
[2026-07-15T13:36:32.373+0000] {processor.py:830} INFO - Processing file /opt/airflow/dags/silver_dag3.py for tasks to queue
[2026-07-15T13:36:32.376+0000] {logging_mixin.py:188} INFO - [2026-07-15T13:36:32.375+0000] {dagbag.py:540} INFO - Filling up the DagBag from /opt/airflow/dags/silver_dag3.py
[2026-07-15T13:36:32.417+0000] {processor.py:840} INFO - DAG(s) 'silver_dag3' retrieved from /opt/airflow/dags/silver_dag3.py
[2026-07-15T13:36:32.463+0000] {logging_mixin.py:188} INFO - [2026-07-15T13:36:32.462+0000] {dag.py:3096} INFO - Sync 1 DAGs
[2026-07-15T13:36:32.507+0000] {logging_mixin.py:188} INFO - [2026-07-15T13:36:32.507+0000] {dag.py:3954} INFO - Setting next_dagrun for silver_dag3 to 2026-07-15 12:00:00+00:00, run_after=2026-07-15 13:00:00+00:00
[2026-07-15T13:36:32.543+0000] {processor.py:183} INFO - Processing /opt/airflow/dags/silver_dag3.py took 0.186 seconds
[2026-07-15T13:37:02.707+0000] {processor.py:161} INFO - Started process (PID=2610) to work on /opt/airflow/dags/silver_dag3.py
[2026-07-15T13:37:02.710+0000] {processor.py:830} INFO - Processing file /opt/airflow/dags/silver_dag3.py for tasks to queue
[2026-07-15T13:37:02.712+0000] {logging_mixin.py:188} INFO - [2026-07-15T13:37:02.711+0000] {dagbag.py:540} INFO - Filling up the DagBag from /opt/airflow/dags/silver_dag3.py
[2026-07-15T13:37:02.744+0000] {processor.py:840} INFO - DAG(s) 'silver_dag3' retrieved from /opt/airflow/dags/silver_dag3.py
[2026-07-15T13:37:02.787+0000] {logging_mixin.py:188} INFO - [2026-07-15T13:37:02.787+0000] {dag.py:3096} INFO - Sync 1 DAGs
[2026-07-15T13:37:02.822+0000] {logging_mixin.py:188} INFO - [2026-07-15T13:37:02.821+0000] {dag.py:3954} INFO - Setting next_dagrun for silver_dag3 to 2026-07-15 12:00:00+00:00, run_after=2026-07-15 13:00:00+00:00
[2026-07-15T13:37:02.857+0000] {processor.py:183} INFO - Processing /opt/airflow/dags/silver_dag3.py took 0.164 seconds
[2026-07-15T13:37:33.047+0000] {processor.py:161} INFO - Started process (PID=2635) to work on /opt/airflow/dags/silver_dag3.py
[2026-07-15T13:37:33.049+0000] {processor.py:830} INFO - Processing file /opt/airflow/dags/silver_dag3.py for tasks to queue
[2026-07-15T13:37:33.052+0000] {logging_mixin.py:188} INFO - [2026-07-15T13:37:33.051+0000] {dagbag.py:540} INFO - Filling up the DagBag from /opt/airflow/dags/silver_dag3.py
[2026-07-15T13:37:33.098+0000] {processor.py:840} INFO - DAG(s) 'silver_dag3' retrieved from /opt/airflow/dags/silver_dag3.py
[2026-07-15T13:37:33.167+0000] {logging_mixin.py:188} INFO - [2026-07-15T13:37:33.167+0000] {dag.py:3096} INFO - Sync 1 DAGs
[2026-07-15T13:37:33.216+0000] {logging_mixin.py:188} INFO - [2026-07-15T13:37:33.216+0000] {dag.py:3954} INFO - Setting next_dagrun for silver_dag3 to 2026-07-15 12:00:00+00:00, run_after=2026-07-15 13:00:00+00:00
[2026-07-15T13:37:33.245+0000] {processor.py:183} INFO - Processing /opt/airflow/dags/silver_dag3.py took 0.209 seconds
[2026-07-15T13:38:03.415+0000] {processor.py:161} INFO - Started process (PID=2660) to work on /opt/airflow/dags/silver_dag3.py
[2026-07-15T13:38:03.418+0000] {processor.py:830} INFO - Processing file /opt/airflow/dags/silver_dag3.py for tasks to queue
[2026-07-15T13:38:03.420+0000] {logging_mixin.py:188} INFO - [2026-07-15T13:38:03.420+0000] {dagbag.py:540} INFO - Filling up the DagBag from /opt/airflow/dags/silver_dag3.py
[2026-07-15T13:38:03.453+0000] {processor.py:840} INFO - DAG(s) 'silver_dag3' retrieved from /opt/airflow/dags/silver_dag3.py
[2026-07-15T13:38:03.496+0000] {logging_mixin.py:188} INFO - [2026-07-15T13:38:03.496+0000] {dag.py:3096} INFO - Sync 1 DAGs
[2026-07-15T13:38:03.537+0000] {logging_mixin.py:188} INFO - [2026-07-15T13:38:03.537+0000] {dag.py:3954} INFO - Setting next_dagrun for silver_dag3 to 2026-07-15 12:00:00+00:00, run_after=2026-07-15 13:00:00+00:00
[2026-07-15T13:38:03.568+0000] {processor.py:183} INFO - Processing /opt/airflow/dags/silver_dag3.py took 0.165 seconds
[2026-07-15T13:38:33.684+0000] {processor.py:161} INFO - Started process (PID=2685) to work on /opt/airflow/dags/silver_dag3.py
[2026-07-15T13:38:33.687+0000] {processor.py:830} INFO - Processing file /opt/airflow/dags/silver_dag3.py for tasks to queue
[2026-07-15T13:38:33.693+0000] {logging_mixin.py:188} INFO - [2026-07-15T13:38:33.692+0000] {dagbag.py:540} INFO - Filling up the DagBag from /opt/airflow/dags/silver_dag3.py
[2026-07-15T13:38:33.730+0000] {processor.py:840} INFO - DAG(s) 'silver_dag3' retrieved from /opt/airflow/dags/silver_dag3.py
[2026-07-15T13:38:33.779+0000] {logging_mixin.py:188} INFO - [2026-07-15T13:38:33.778+0000] {dag.py:3096} INFO - Sync 1 DAGs
[2026-07-15T13:38:33.814+0000] {logging_mixin.py:188} INFO - [2026-07-15T13:38:33.814+0000] {dag.py:3954} INFO - Setting next_dagrun for silver_dag3 to 2026-07-15 12:00:00+00:00, run_after=2026-07-15 13:00:00+00:00
[2026-07-15T13:38:33.845+0000] {processor.py:183} INFO - Processing /opt/airflow/dags/silver_dag3.py took 0.176 seconds
[2026-07-15T13:39:03.930+0000] {processor.py:161} INFO - Started process (PID=2708) to work on /opt/airflow/dags/silver_dag3.py
[2026-07-15T13:39:03.932+0000] {processor.py:830} INFO - Processing file /opt/airflow/dags/silver_dag3.py for tasks to queue
[2026-07-15T13:39:03.936+0000] {logging_mixin.py:188} INFO - [2026-07-15T13:39:03.936+0000] {dagbag.py:540} INFO - Filling up the DagBag from /opt/airflow/dags/silver_dag3.py
[2026-07-15T13:39:03.980+0000] {processor.py:840} INFO - DAG(s) 'silver_dag3' retrieved from /opt/airflow/dags/silver_dag3.py
[2026-07-15T13:39:04.040+0000] {logging_mixin.py:188} INFO - [2026-07-15T13:39:04.039+0000] {dag.py:3096} INFO - Sync 1 DAGs
[2026-07-15T13:39:04.076+0000] {logging_mixin.py:188} INFO - [2026-07-15T13:39:04.076+0000] {dag.py:3954} INFO - Setting next_dagrun for silver_dag3 to 2026-07-15 12:00:00+00:00, run_after=2026-07-15 13:00:00+00:00
[2026-07-15T13:39:04.104+0000] {processor.py:183} INFO - Processing /opt/airflow/dags/silver_dag3.py took 0.188 seconds
[2026-07-15T13:39:34.301+0000] {processor.py:161} INFO - Started process (PID=2733) to work on /opt/airflow/dags/silver_dag3.py
[2026-07-15T13:39:34.305+0000] {processor.py:830} INFO - Processing file /opt/airflow/dags/silver_dag3.py for tasks to queue
[2026-07-15T13:39:34.308+0000] {logging_mixin.py:188} INFO - [2026-07-15T13:39:34.307+0000] {dagbag.py:540} INFO - Filling up the DagBag from /opt/airflow/dags/silver_dag3.py
[2026-07-15T13:39:34.348+0000] {processor.py:840} INFO - DAG(s) 'silver_dag3' retrieved from /opt/airflow/dags/silver_dag3.py
[2026-07-15T13:39:34.398+0000] {logging_mixin.py:188} INFO - [2026-07-15T13:39:34.397+0000] {dag.py:3096} INFO - Sync 1 DAGs
[2026-07-15T13:39:34.440+0000] {logging_mixin.py:188} INFO - [2026-07-15T13:39:34.440+0000] {dag.py:3954} INFO - Setting next_dagrun for silver_dag3 to 2026-07-15 12:00:00+00:00, run_after=2026-07-15 13:00:00+00:00
[2026-07-15T13:39:34.477+0000] {processor.py:183} INFO - Processing /opt/airflow/dags/silver_dag3.py took 0.189 seconds
[2026-07-15T13:40:04.655+0000] {processor.py:161} INFO - Started process (PID=2758) to work on /opt/airflow/dags/silver_dag3.py
[2026-07-15T13:40:04.658+0000] {processor.py:830} INFO - Processing file /opt/airflow/dags/silver_dag3.py for tasks to queue
[2026-07-15T13:40:04.660+0000] {logging_mixin.py:188} INFO - [2026-07-15T13:40:04.660+0000] {dagbag.py:540} INFO - Filling up the DagBag from /opt/airflow/dags/silver_dag3.py
[2026-07-15T13:40:04.700+0000] {processor.py:840} INFO - DAG(s) 'silver_dag3' retrieved from /opt/airflow/dags/silver_dag3.py
[2026-07-15T13:40:04.764+0000] {logging_mixin.py:188} INFO - [2026-07-15T13:40:04.763+0000] {dag.py:3096} INFO - Sync 1 DAGs
[2026-07-15T13:40:04.806+0000] {logging_mixin.py:188} INFO - [2026-07-15T13:40:04.806+0000] {dag.py:3954} INFO - Setting next_dagrun for silver_dag3 to 2026-07-15 12:00:00+00:00, run_after=2026-07-15 13:00:00+00:00
[2026-07-15T13:40:04.849+0000] {processor.py:183} INFO - Processing /opt/airflow/dags/silver_dag3.py took 0.209 seconds
[2026-07-15T13:40:35.136+0000] {processor.py:161} INFO - Started process (PID=2783) to work on /opt/airflow/dags/silver_dag3.py
[2026-07-15T13:40:35.140+0000] {processor.py:830} INFO - Processing file /opt/airflow/dags/silver_dag3.py for tasks to queue
[2026-07-15T13:40:35.144+0000] {logging_mixin.py:188} INFO - [2026-07-15T13:40:35.143+0000] {dagbag.py:540} INFO - Filling up the DagBag from /opt/airflow/dags/silver_dag3.py
[2026-07-15T13:40:35.196+0000] {processor.py:840} INFO - DAG(s) 'silver_dag3' retrieved from /opt/airflow/dags/silver_dag3.py
[2026-07-15T13:40:35.270+0000] {logging_mixin.py:188} INFO - [2026-07-15T13:40:35.269+0000] {dag.py:3096} INFO - Sync 1 DAGs
[2026-07-15T13:40:35.330+0000] {logging_mixin.py:188} INFO - [2026-07-15T13:40:35.330+0000] {dag.py:3954} INFO - Setting next_dagrun for silver_dag3 to 2026-07-15 12:00:00+00:00, run_after=2026-07-15 13:00:00+00:00
[2026-07-15T13:40:35.370+0000] {processor.py:183} INFO - Processing /opt/airflow/dags/silver_dag3.py took 0.247 seconds
[2026-07-15T13:41:05.722+0000] {processor.py:161} INFO - Started process (PID=2810) to work on /opt/airflow/dags/silver_dag3.py
[2026-07-15T13:41:05.724+0000] {processor.py:830} INFO - Processing file /opt/airflow/dags/silver_dag3.py for tasks to queue
[2026-07-15T13:41:05.727+0000] {logging_mixin.py:188} INFO - [2026-07-15T13:41:05.726+0000] {dagbag.py:540} INFO - Filling up the DagBag from /opt/airflow/dags/silver_dag3.py
[2026-07-15T13:41:05.757+0000] {processor.py:840} INFO - DAG(s) 'silver_dag3' retrieved from /opt/airflow/dags/silver_dag3.py
[2026-07-15T13:41:05.795+0000] {logging_mixin.py:188} INFO - [2026-07-15T13:41:05.794+0000] {dag.py:3096} INFO - Sync 1 DAGs
[2026-07-15T13:41:05.835+0000] {logging_mixin.py:188} INFO - [2026-07-15T13:41:05.835+0000] {dag.py:3954} INFO - Setting next_dagrun for silver_dag3 to 2026-07-15 12:00:00+00:00, run_after=2026-07-15 13:00:00+00:00
[2026-07-15T13:41:05.867+0000] {processor.py:183} INFO - Processing /opt/airflow/dags/silver_dag3.py took 0.153 seconds
[2026-07-15T13:41:35.997+0000] {processor.py:161} INFO - Started process (PID=2833) to work on /opt/airflow/dags/silver_dag3.py
[2026-07-15T13:41:35.999+0000] {processor.py:830} INFO - Processing file /opt/airflow/dags/silver_dag3.py for tasks to queue
[2026-07-15T13:41:36.001+0000] {logging_mixin.py:188} INFO - [2026-07-15T13:41:36.001+0000] {dagbag.py:540} INFO - Filling up the DagBag from /opt/airflow/dags/silver_dag3.py
[2026-07-15T13:41:36.039+0000] {processor.py:840} INFO - DAG(s) 'silver_dag3' retrieved from /opt/airflow/dags/silver_dag3.py
[2026-07-15T13:41:36.095+0000] {logging_mixin.py:188} INFO - [2026-07-15T13:41:36.094+0000] {dag.py:3096} INFO - Sync 1 DAGs
[2026-07-15T13:41:36.134+0000] {logging_mixin.py:188} INFO - [2026-07-15T13:41:36.134+0000] {dag.py:3954} INFO - Setting next_dagrun for silver_dag3 to 2026-07-15 12:00:00+00:00, run_after=2026-07-15 13:00:00+00:00
[2026-07-15T13:41:36.170+0000] {processor.py:183} INFO - Processing /opt/airflow/dags/silver_dag3.py took 0.191 seconds
[2026-07-15T13:42:07.008+0000] {processor.py:161} INFO - Started process (PID=2858) to work on /opt/airflow/dags/silver_dag3.py
[2026-07-15T13:42:07.010+0000] {processor.py:830} INFO - Processing file /opt/airflow/dags/silver_dag3.py for tasks to queue
[2026-07-15T13:42:07.017+0000] {logging_mixin.py:188} INFO - [2026-07-15T13:42:07.016+0000] {dagbag.py:540} INFO - Filling up the DagBag from /opt/airflow/dags/silver_dag3.py
[2026-07-15T13:42:07.050+0000] {processor.py:840} INFO - DAG(s) 'silver_dag3' retrieved from /opt/airflow/dags/silver_dag3.py
[2026-07-15T13:42:07.095+0000] {logging_mixin.py:188} INFO - [2026-07-15T13:42:07.095+0000] {dag.py:3096} INFO - Sync 1 DAGs
[2026-07-15T13:42:07.136+0000] {logging_mixin.py:188} INFO - [2026-07-15T13:42:07.136+0000] {dag.py:3954} INFO - Setting next_dagrun for silver_dag3 to 2026-07-15 12:00:00+00:00, run_after=2026-07-15 13:00:00+00:00
[2026-07-15T13:42:07.174+0000] {processor.py:183} INFO - Processing /opt/airflow/dags/silver_dag3.py took 0.177 seconds
[2026-07-15T13:42:38.102+0000] {processor.py:161} INFO - Started process (PID=2883) to work on /opt/airflow/dags/silver_dag3.py
[2026-07-15T13:42:38.104+0000] {processor.py:830} INFO - Processing file /opt/airflow/dags/silver_dag3.py for tasks to queue
[2026-07-15T13:42:38.106+0000] {logging_mixin.py:188} INFO - [2026-07-15T13:42:38.106+0000] {dagbag.py:540} INFO - Filling up the DagBag from /opt/airflow/dags/silver_dag3.py
[2026-07-15T13:42:38.138+0000] {processor.py:840} INFO - DAG(s) 'silver_dag3' retrieved from /opt/airflow/dags/silver_dag3.py
[2026-07-15T13:42:38.191+0000] {logging_mixin.py:188} INFO - [2026-07-15T13:42:38.191+0000] {dag.py:3096} INFO - Sync 1 DAGs
[2026-07-15T13:42:38.240+0000] {logging_mixin.py:188} INFO - [2026-07-15T13:42:38.240+0000] {dag.py:3954} INFO - Setting next_dagrun for silver_dag3 to 2026-07-15 12:00:00+00:00, run_after=2026-07-15 13:00:00+00:00
[2026-07-15T13:42:38.272+0000] {processor.py:183} INFO - Processing /opt/airflow/dags/silver_dag3.py took 0.183 seconds
[2026-07-15T13:43:09.356+0000] {processor.py:161} INFO - Started process (PID=2908) to work on /opt/airflow/dags/silver_dag3.py
[2026-07-15T13:43:09.359+0000] {processor.py:830} INFO - Processing file /opt/airflow/dags/silver_dag3.py for tasks to queue
[2026-07-15T13:43:09.362+0000] {logging_mixin.py:188} INFO - [2026-07-15T13:43:09.361+0000] {dagbag.py:540} INFO - Filling up the DagBag from /opt/airflow/dags/silver_dag3.py
[2026-07-15T13:43:09.403+0000] {processor.py:840} INFO - DAG(s) 'silver_dag3' retrieved from /opt/airflow/dags/silver_dag3.py
[2026-07-15T13:43:09.472+0000] {logging_mixin.py:188} INFO - [2026-07-15T13:43:09.471+0000] {dag.py:3096} INFO - Sync 1 DAGs
[2026-07-15T13:43:09.531+0000] {logging_mixin.py:188} INFO - [2026-07-15T13:43:09.530+0000] {dag.py:3954} INFO - Setting next_dagrun for silver_dag3 to 2026-07-15 12:00:00+00:00, run_after=2026-07-15 13:00:00+00:00
[2026-07-15T13:43:09.580+0000] {processor.py:183} INFO - Processing /opt/airflow/dags/silver_dag3.py took 0.243 seconds
[2026-07-15T13:43:40.526+0000] {processor.py:161} INFO - Started process (PID=2933) to work on /opt/airflow/dags/silver_dag3.py
[2026-07-15T13:43:40.528+0000] {processor.py:830} INFO - Processing file /opt/airflow/dags/silver_dag3.py for tasks to queue
[2026-07-15T13:43:40.531+0000] {logging_mixin.py:188} INFO - [2026-07-15T13:43:40.530+0000] {dagbag.py:540} INFO - Filling up the DagBag from /opt/airflow/dags/silver_dag3.py
[2026-07-15T13:43:40.571+0000] {processor.py:840} INFO - DAG(s) 'silver_dag3' retrieved from /opt/airflow/dags/silver_dag3.py
[2026-07-15T13:43:40.621+0000] {logging_mixin.py:188} INFO - [2026-07-15T13:43:40.620+0000] {dag.py:3096} INFO - Sync 1 DAGs
[2026-07-15T13:43:40.675+0000] {logging_mixin.py:188} INFO - [2026-07-15T13:43:40.675+0000] {dag.py:3954} INFO - Setting next_dagrun for silver_dag3 to 2026-07-15 12:00:00+00:00, run_after=2026-07-15 13:00:00+00:00
[2026-07-15T13:43:40.721+0000] {processor.py:183} INFO - Processing /opt/airflow/dags/silver_dag3.py took 0.208 seconds
[2026-07-15T13:44:11.511+0000] {processor.py:161} INFO - Started process (PID=2958) to work on /opt/airflow/dags/silver_dag3.py
[2026-07-15T13:44:11.512+0000] {processor.py:830} INFO - Processing file /opt/airflow/dags/silver_dag3.py for tasks to queue
[2026-07-15T13:44:11.515+0000] {logging_mixin.py:188} INFO - [2026-07-15T13:44:11.514+0000] {dagbag.py:540} INFO - Filling up the DagBag from /opt/airflow/dags/silver_dag3.py
[2026-07-15T13:44:11.550+0000] {processor.py:840} INFO - DAG(s) 'silver_dag3' retrieved from /opt/airflow/dags/silver_dag3.py
[2026-07-15T13:44:11.605+0000] {logging_mixin.py:188} INFO - [2026-07-15T13:44:11.604+0000] {dag.py:3096} INFO - Sync 1 DAGs
[2026-07-15T13:44:11.653+0000] {logging_mixin.py:188} INFO - [2026-07-15T13:44:11.652+0000] {dag.py:3954} INFO - Setting next_dagrun for silver_dag3 to 2026-07-15 12:00:00+00:00, run_after=2026-07-15 13:00:00+00:00
[2026-07-15T13:44:11.689+0000] {processor.py:183} INFO - Processing /opt/airflow/dags/silver_dag3.py took 0.191 seconds
[2026-07-15T13:44:42.710+0000] {processor.py:161} INFO - Started process (PID=2983) to work on /opt/airflow/dags/silver_dag3.py
[2026-07-15T13:44:42.713+0000] {processor.py:830} INFO - Processing file /opt/airflow/dags/silver_dag3.py for tasks to queue
[2026-07-15T13:44:42.717+0000] {logging_mixin.py:188} INFO - [2026-07-15T13:44:42.716+0000] {dagbag.py:540} INFO - Filling up the DagBag from /opt/airflow/dags/silver_dag3.py
[2026-07-15T13:44:42.788+0000] {processor.py:840} INFO - DAG(s) 'silver_dag3' retrieved from /opt/airflow/dags/silver_dag3.py
[2026-07-15T13:44:42.848+0000] {logging_mixin.py:188} INFO - [2026-07-15T13:44:42.847+0000] {dag.py:3096} INFO - Sync 1 DAGs
[2026-07-15T13:44:42.910+0000] {logging_mixin.py:188} INFO - [2026-07-15T13:44:42.907+0000] {dag.py:3954} INFO - Setting next_dagrun for silver_dag3 to 2026-07-15 12:00:00+00:00, run_after=2026-07-15 13:00:00+00:00
[2026-07-15T13:44:42.948+0000] {processor.py:183} INFO - Processing /opt/airflow/dags/silver_dag3.py took 0.265 seconds
[2026-07-15T13:45:13.235+0000] {processor.py:161} INFO - Started process (PID=3008) to work on /opt/airflow/dags/silver_dag3.py
[2026-07-15T13:45:13.239+0000] {processor.py:830} INFO - Processing file /opt/airflow/dags/silver_dag3.py for tasks to queue
[2026-07-15T13:45:13.243+0000] {logging_mixin.py:188} INFO - [2026-07-15T13:45:13.242+0000] {dagbag.py:540} INFO - Filling up the DagBag from /opt/airflow/dags/silver_dag3.py
[2026-07-15T13:45:13.290+0000] {processor.py:840} INFO - DAG(s) 'silver_dag3' retrieved from /opt/airflow/dags/silver_dag3.py
[2026-07-15T13:45:13.352+0000] {logging_mixin.py:188} INFO - [2026-07-15T13:45:13.352+0000] {dag.py:3096} INFO - Sync 1 DAGs
[2026-07-15T13:45:13.408+0000] {logging_mixin.py:188} INFO - [2026-07-15T13:45:13.408+0000] {dag.py:3954} INFO - Setting next_dagrun for silver_dag3 to 2026-07-15 12:00:00+00:00, run_after=2026-07-15 13:00:00+00:00
[2026-07-15T13:45:13.451+0000] {processor.py:183} INFO - Processing /opt/airflow/dags/silver_dag3.py took 0.252 seconds
[2026-07-15T13:45:44.335+0000] {processor.py:161} INFO - Started process (PID=3033) to work on /opt/airflow/dags/silver_dag3.py
[2026-07-15T13:45:44.338+0000] {processor.py:830} INFO - Processing file /opt/airflow/dags/silver_dag3.py for tasks to queue
[2026-07-15T13:45:44.345+0000] {logging_mixin.py:188} INFO - [2026-07-15T13:45:44.344+0000] {dagbag.py:540} INFO - Filling up the DagBag from /opt/airflow/dags/silver_dag3.py
[2026-07-15T13:45:44.381+0000] {processor.py:840} INFO - DAG(s) 'silver_dag3' retrieved from /opt/airflow/dags/silver_dag3.py
[2026-07-15T13:45:44.434+0000] {logging_mixin.py:188} INFO - [2026-07-15T13:45:44.434+0000] {dag.py:3096} INFO - Sync 1 DAGs
[2026-07-15T13:45:44.488+0000] {logging_mixin.py:188} INFO - [2026-07-15T13:45:44.486+0000] {dag.py:3954} INFO - Setting next_dagrun for silver_dag3 to 2026-07-15 12:00:00+00:00, run_after=2026-07-15 13:00:00+00:00
[2026-07-15T13:45:44.541+0000] {processor.py:183} INFO - Processing /opt/airflow/dags/silver_dag3.py took 0.216 seconds
[2026-07-15T13:46:15.208+0000] {processor.py:161} INFO - Started process (PID=3058) to work on /opt/airflow/dags/silver_dag3.py
[2026-07-15T13:46:15.209+0000] {processor.py:830} INFO - Processing file /opt/airflow/dags/silver_dag3.py for tasks to queue
[2026-07-15T13:46:15.212+0000] {logging_mixin.py:188} INFO - [2026-07-15T13:46:15.211+0000] {dagbag.py:540} INFO - Filling up the DagBag from /opt/airflow/dags/silver_dag3.py
[2026-07-15T13:46:15.233+0000] {processor.py:840} INFO - DAG(s) 'silver_dag3' retrieved from /opt/airflow/dags/silver_dag3.py
[2026-07-15T13:46:15.263+0000] {logging_mixin.py:188} INFO - [2026-07-15T13:46:15.262+0000] {dag.py:3096} INFO - Sync 1 DAGs
[2026-07-15T13:46:15.287+0000] {logging_mixin.py:188} INFO - [2026-07-15T13:46:15.287+0000] {dag.py:3954} INFO - Setting next_dagrun for silver_dag3 to 2026-07-15 12:00:00+00:00, run_after=2026-07-15 13:00:00+00:00
[2026-07-15T13:46:15.332+0000] {processor.py:183} INFO - Processing /opt/airflow/dags/silver_dag3.py took 0.130 seconds
[2026-07-15T13:46:45.735+0000] {processor.py:161} INFO - Started process (PID=3083) to work on /opt/airflow/dags/silver_dag3.py
[2026-07-15T13:46:45.737+0000] {processor.py:830} INFO - Processing file /opt/airflow/dags/silver_dag3.py for tasks to queue
[2026-07-15T13:46:45.739+0000] {logging_mixin.py:188} INFO - [2026-07-15T13:46:45.738+0000] {dagbag.py:540} INFO - Filling up the DagBag from /opt/airflow/dags/silver_dag3.py
[2026-07-15T13:46:45.767+0000] {processor.py:840} INFO - DAG(s) 'silver_dag3' retrieved from /opt/airflow/dags/silver_dag3.py
[2026-07-15T13:46:45.802+0000] {logging_mixin.py:188} INFO - [2026-07-15T13:46:45.802+0000] {dag.py:3096} INFO - Sync 1 DAGs
[2026-07-15T13:46:45.830+0000] {logging_mixin.py:188} INFO - [2026-07-15T13:46:45.830+0000] {dag.py:3954} INFO - Setting next_dagrun for silver_dag3 to 2026-07-15 12:00:00+00:00, run_after=2026-07-15 13:00:00+00:00
[2026-07-15T13:46:45.858+0000] {processor.py:183} INFO - Processing /opt/airflow/dags/silver_dag3.py took 0.132 seconds
[2026-07-15T14:09:24.806+0000] {processor.py:161} INFO - Started process (PID=217) to work on /opt/airflow/dags/silver_dag3.py
[2026-07-15T14:09:24.809+0000] {processor.py:830} INFO - Processing file /opt/airflow/dags/silver_dag3.py for tasks to queue
[2026-07-15T14:09:24.814+0000] {logging_mixin.py:188} INFO - [2026-07-15T14:09:24.813+0000] {dagbag.py:540} INFO - Filling up the DagBag from /opt/airflow/dags/silver_dag3.py
[2026-07-15T14:09:24.853+0000] {processor.py:840} INFO - DAG(s) 'silver_dag3' retrieved from /opt/airflow/dags/silver_dag3.py
[2026-07-15T14:09:25.050+0000] {logging_mixin.py:188} INFO - [2026-07-15T14:09:25.049+0000] {dag.py:3096} INFO - Sync 1 DAGs
[2026-07-15T14:09:25.078+0000] {logging_mixin.py:188} INFO - [2026-07-15T14:09:25.077+0000] {dag.py:3954} INFO - Setting next_dagrun for silver_dag3 to 2026-07-15 13:00:00+00:00, run_after=2026-07-15 14:00:00+00:00
[2026-07-15T14:09:25.107+0000] {processor.py:183} INFO - Processing /opt/airflow/dags/silver_dag3.py took 0.314 seconds
[2026-07-15T14:09:55.467+0000] {processor.py:161} INFO - Started process (PID=240) to work on /opt/airflow/dags/silver_dag3.py
[2026-07-15T14:09:55.468+0000] {processor.py:830} INFO - Processing file /opt/airflow/dags/silver_dag3.py for tasks to queue
[2026-07-15T14:09:55.471+0000] {logging_mixin.py:188} INFO - [2026-07-15T14:09:55.470+0000] {dagbag.py:540} INFO - Filling up the DagBag from /opt/airflow/dags/silver_dag3.py
[2026-07-15T14:09:55.491+0000] {processor.py:840} INFO - DAG(s) 'silver_dag3' retrieved from /opt/airflow/dags/silver_dag3.py
[2026-07-15T14:09:55.507+0000] {logging_mixin.py:188} INFO - [2026-07-15T14:09:55.507+0000] {dag.py:3096} INFO - Sync 1 DAGs
[2026-07-15T14:09:55.540+0000] {logging_mixin.py:188} INFO - [2026-07-15T14:09:55.539+0000] {dag.py:3954} INFO - Setting next_dagrun for silver_dag3 to 2026-07-15 13:00:00+00:00, run_after=2026-07-15 14:00:00+00:00
[2026-07-15T14:09:55.566+0000] {processor.py:183} INFO - Processing /opt/airflow/dags/silver_dag3.py took 0.106 seconds
[2026-07-15T14:10:26.136+0000] {processor.py:161} INFO - Started process (PID=297) to work on /opt/airflow/dags/silver_dag3.py
[2026-07-15T14:10:26.140+0000] {processor.py:830} INFO - Processing file /opt/airflow/dags/silver_dag3.py for tasks to queue
[2026-07-15T14:10:26.150+0000] {logging_mixin.py:188} INFO - [2026-07-15T14:10:26.149+0000] {dagbag.py:540} INFO - Filling up the DagBag from /opt/airflow/dags/silver_dag3.py
[2026-07-15T14:10:26.207+0000] {processor.py:840} INFO - DAG(s) 'silver_dag3' retrieved from /opt/airflow/dags/silver_dag3.py
[2026-07-15T14:10:26.567+0000] {logging_mixin.py:188} INFO - [2026-07-15T14:10:26.567+0000] {dag.py:3096} INFO - Sync 1 DAGs
[2026-07-15T14:10:26.627+0000] {logging_mixin.py:188} INFO - [2026-07-15T14:10:26.627+0000] {dag.py:3954} INFO - Setting next_dagrun for silver_dag3 to 2026-07-15 13:00:00+00:00, run_after=2026-07-15 14:00:00+00:00
[2026-07-15T14:10:26.693+0000] {processor.py:183} INFO - Processing /opt/airflow/dags/silver_dag3.py took 0.578 seconds
[2026-07-15T14:10:56.864+0000] {processor.py:161} INFO - Started process (PID=322) to work on /opt/airflow/dags/silver_dag3.py
[2026-07-15T14:10:56.867+0000] {processor.py:830} INFO - Processing file /opt/airflow/dags/silver_dag3.py for tasks to queue
[2026-07-15T14:10:56.871+0000] {logging_mixin.py:188} INFO - [2026-07-15T14:10:56.870+0000] {dagbag.py:540} INFO - Filling up the DagBag from /opt/airflow/dags/silver_dag3.py
[2026-07-15T14:10:56.912+0000] {processor.py:840} INFO - DAG(s) 'silver_dag3' retrieved from /opt/airflow/dags/silver_dag3.py
[2026-07-15T14:10:56.966+0000] {logging_mixin.py:188} INFO - [2026-07-15T14:10:56.966+0000] {dag.py:3096} INFO - Sync 1 DAGs
[2026-07-15T14:10:57.022+0000] {logging_mixin.py:188} INFO - [2026-07-15T14:10:57.021+0000] {dag.py:3954} INFO - Setting next_dagrun for silver_dag3 to 2026-07-15 13:00:00+00:00, run_after=2026-07-15 14:00:00+00:00
[2026-07-15T14:10:57.069+0000] {processor.py:183} INFO - Processing /opt/airflow/dags/silver_dag3.py took 0.218 seconds
[2026-07-15T14:11:27.813+0000] {processor.py:161} INFO - Started process (PID=347) to work on /opt/airflow/dags/silver_dag3.py
[2026-07-15T14:11:27.815+0000] {processor.py:830} INFO - Processing file /opt/airflow/dags/silver_dag3.py for tasks to queue
[2026-07-15T14:11:27.819+0000] {logging_mixin.py:188} INFO - [2026-07-15T14:11:27.818+0000] {dagbag.py:540} INFO - Filling up the DagBag from /opt/airflow/dags/silver_dag3.py
[2026-07-15T14:11:27.846+0000] {processor.py:840} INFO - DAG(s) 'silver_dag3' retrieved from /opt/airflow/dags/silver_dag3.py
[2026-07-15T14:11:27.887+0000] {logging_mixin.py:188} INFO - [2026-07-15T14:11:27.887+0000] {dag.py:3096} INFO - Sync 1 DAGs
[2026-07-15T14:11:27.928+0000] {logging_mixin.py:188} INFO - [2026-07-15T14:11:27.928+0000] {dag.py:3954} INFO - Setting next_dagrun for silver_dag3 to 2026-07-15 13:00:00+00:00, run_after=2026-07-15 14:00:00+00:00
[2026-07-15T14:11:27.961+0000] {processor.py:183} INFO - Processing /opt/airflow/dags/silver_dag3.py took 0.157 seconds
[2026-07-15T14:11:58.187+0000] {processor.py:161} INFO - Started process (PID=372) to work on /opt/airflow/dags/silver_dag3.py
[2026-07-15T14:11:58.188+0000] {processor.py:830} INFO - Processing file /opt/airflow/dags/silver_dag3.py for tasks to queue
[2026-07-15T14:11:58.190+0000] {logging_mixin.py:188} INFO - [2026-07-15T14:11:58.190+0000] {dagbag.py:540} INFO - Filling up the DagBag from /opt/airflow/dags/silver_dag3.py
[2026-07-15T14:11:58.211+0000] {processor.py:840} INFO - DAG(s) 'silver_dag3' retrieved from /opt/airflow/dags/silver_dag3.py
[2026-07-15T14:11:58.251+0000] {logging_mixin.py:188} INFO - [2026-07-15T14:11:58.251+0000] {dag.py:3096} INFO - Sync 1 DAGs
[2026-07-15T14:11:58.285+0000] {logging_mixin.py:188} INFO - [2026-07-15T14:11:58.285+0000] {dag.py:3954} INFO - Setting next_dagrun for silver_dag3 to 2026-07-15 13:00:00+00:00, run_after=2026-07-15 14:00:00+00:00
[2026-07-15T14:11:58.315+0000] {processor.py:183} INFO - Processing /opt/airflow/dags/silver_dag3.py took 0.135 seconds
[2026-07-15T14:12:28.810+0000] {processor.py:161} INFO - Started process (PID=399) to work on /opt/airflow/dags/silver_dag3.py
[2026-07-15T14:12:28.812+0000] {processor.py:830} INFO - Processing file /opt/airflow/dags/silver_dag3.py for tasks to queue
[2026-07-15T14:12:28.818+0000] {logging_mixin.py:188} INFO - [2026-07-15T14:12:28.818+0000] {dagbag.py:540} INFO - Filling up the DagBag from /opt/airflow/dags/silver_dag3.py
[2026-07-15T14:12:28.843+0000] {processor.py:840} INFO - DAG(s) 'silver_dag3' retrieved from /opt/airflow/dags/silver_dag3.py
[2026-07-15T14:12:28.877+0000] {logging_mixin.py:188} INFO - [2026-07-15T14:12:28.877+0000] {dag.py:3096} INFO - Sync 1 DAGs
[2026-07-15T14:12:28.906+0000] {logging_mixin.py:188} INFO - [2026-07-15T14:12:28.906+0000] {dag.py:3954} INFO - Setting next_dagrun for silver_dag3 to 2026-07-15 13:00:00+00:00, run_after=2026-07-15 14:00:00+00:00
[2026-07-15T14:12:28.928+0000] {processor.py:183} INFO - Processing /opt/airflow/dags/silver_dag3.py took 0.129 seconds
[2026-07-15T14:12:59.550+0000] {processor.py:161} INFO - Started process (PID=436) to work on /opt/airflow/dags/silver_dag3.py
[2026-07-15T14:12:59.552+0000] {processor.py:830} INFO - Processing file /opt/airflow/dags/silver_dag3.py for tasks to queue
[2026-07-15T14:12:59.556+0000] {logging_mixin.py:188} INFO - [2026-07-15T14:12:59.556+0000] {dagbag.py:540} INFO - Filling up the DagBag from /opt/airflow/dags/silver_dag3.py
[2026-07-15T14:12:59.601+0000] {processor.py:840} INFO - DAG(s) 'silver_dag3' retrieved from /opt/airflow/dags/silver_dag3.py
[2026-07-15T14:12:59.661+0000] {logging_mixin.py:188} INFO - [2026-07-15T14:12:59.660+0000] {dag.py:3096} INFO - Sync 1 DAGs
[2026-07-15T14:12:59.738+0000] {logging_mixin.py:188} INFO - [2026-07-15T14:12:59.737+0000] {dag.py:3954} INFO - Setting next_dagrun for silver_dag3 to 2026-07-15 13:00:00+00:00, run_after=2026-07-15 14:00:00+00:00
[2026-07-15T14:12:59.776+0000] {processor.py:183} INFO - Processing /opt/airflow/dags/silver_dag3.py took 0.235 seconds
[2026-07-15T14:13:30.198+0000] {processor.py:161} INFO - Started process (PID=461) to work on /opt/airflow/dags/silver_dag3.py
[2026-07-15T14:13:30.200+0000] {processor.py:830} INFO - Processing file /opt/airflow/dags/silver_dag3.py for tasks to queue
[2026-07-15T14:13:30.204+0000] {logging_mixin.py:188} INFO - [2026-07-15T14:13:30.204+0000] {dagbag.py:540} INFO - Filling up the DagBag from /opt/airflow/dags/silver_dag3.py
[2026-07-15T14:13:30.236+0000] {processor.py:840} INFO - DAG(s) 'silver_dag3' retrieved from /opt/airflow/dags/silver_dag3.py
[2026-07-15T14:13:30.281+0000] {logging_mixin.py:188} INFO - [2026-07-15T14:13:30.280+0000] {dag.py:3096} INFO - Sync 1 DAGs
[2026-07-15T14:13:30.319+0000] {logging_mixin.py:188} INFO - [2026-07-15T14:13:30.319+0000] {dag.py:3954} INFO - Setting next_dagrun for silver_dag3 to 2026-07-15 13:00:00+00:00, run_after=2026-07-15 14:00:00+00:00
[2026-07-15T14:13:30.353+0000] {processor.py:183} INFO - Processing /opt/airflow/dags/silver_dag3.py took 0.166 seconds
[2026-07-15T14:14:00.898+0000] {processor.py:161} INFO - Started process (PID=486) to work on /opt/airflow/dags/silver_dag3.py
[2026-07-15T14:14:00.899+0000] {processor.py:830} INFO - Processing file /opt/airflow/dags/silver_dag3.py for tasks to queue
[2026-07-15T14:14:00.903+0000] {logging_mixin.py:188} INFO - [2026-07-15T14:14:00.902+0000] {dagbag.py:540} INFO - Filling up the DagBag from /opt/airflow/dags/silver_dag3.py
[2026-07-15T14:14:00.921+0000] {processor.py:840} INFO - DAG(s) 'silver_dag3' retrieved from /opt/airflow/dags/silver_dag3.py
[2026-07-15T14:14:00.948+0000] {logging_mixin.py:188} INFO - [2026-07-15T14:14:00.948+0000] {dag.py:3096} INFO - Sync 1 DAGs
[2026-07-15T14:14:00.974+0000] {logging_mixin.py:188} INFO - [2026-07-15T14:14:00.973+0000] {dag.py:3954} INFO - Setting next_dagrun for silver_dag3 to 2026-07-15 13:00:00+00:00, run_after=2026-07-15 14:00:00+00:00
[2026-07-15T14:14:00.999+0000] {processor.py:183} INFO - Processing /opt/airflow/dags/silver_dag3.py took 0.110 seconds
[2026-07-15T14:14:31.636+0000] {processor.py:161} INFO - Started process (PID=513) to work on /opt/airflow/dags/silver_dag3.py
[2026-07-15T14:14:31.638+0000] {processor.py:830} INFO - Processing file /opt/airflow/dags/silver_dag3.py for tasks to queue
[2026-07-15T14:14:31.640+0000] {logging_mixin.py:188} INFO - [2026-07-15T14:14:31.640+0000] {dagbag.py:540} INFO - Filling up the DagBag from /opt/airflow/dags/silver_dag3.py
[2026-07-15T14:14:31.661+0000] {processor.py:840} INFO - DAG(s) 'silver_dag3' retrieved from /opt/airflow/dags/silver_dag3.py
[2026-07-15T14:14:31.693+0000] {logging_mixin.py:188} INFO - [2026-07-15T14:14:31.693+0000] {dag.py:3096} INFO - Sync 1 DAGs
[2026-07-15T14:14:31.718+0000] {logging_mixin.py:188} INFO - [2026-07-15T14:14:31.718+0000] {dag.py:3954} INFO - Setting next_dagrun for silver_dag3 to 2026-07-15 13:00:00+00:00, run_after=2026-07-15 14:00:00+00:00
[2026-07-15T14:14:31.742+0000] {processor.py:183} INFO - Processing /opt/airflow/dags/silver_dag3.py took 0.116 seconds
[2026-07-15T14:15:02.209+0000] {processor.py:161} INFO - Started process (PID=540) to work on /opt/airflow/dags/silver_dag3.py
[2026-07-15T14:15:02.210+0000] {processor.py:830} INFO - Processing file /opt/airflow/dags/silver_dag3.py for tasks to queue
[2026-07-15T14:15:02.212+0000] {logging_mixin.py:188} INFO - [2026-07-15T14:15:02.212+0000] {dagbag.py:540} INFO - Filling up the DagBag from /opt/airflow/dags/silver_dag3.py
[2026-07-15T14:15:02.226+0000] {processor.py:840} INFO - DAG(s) 'silver_dag3' retrieved from /opt/airflow/dags/silver_dag3.py
[2026-07-15T14:15:02.251+0000] {logging_mixin.py:188} INFO - [2026-07-15T14:15:02.251+0000] {dag.py:3096} INFO - Sync 1 DAGs
[2026-07-15T14:15:02.274+0000] {logging_mixin.py:188} INFO - [2026-07-15T14:15:02.274+0000] {dag.py:3954} INFO - Setting next_dagrun for silver_dag3 to 2026-07-15 13:00:00+00:00, run_after=2026-07-15 14:00:00+00:00
[2026-07-15T14:15:02.297+0000] {processor.py:183} INFO - Processing /opt/airflow/dags/silver_dag3.py took 0.093 seconds
[2026-07-15T14:15:32.743+0000] {processor.py:161} INFO - Started process (PID=565) to work on /opt/airflow/dags/silver_dag3.py
[2026-07-15T14:15:32.746+0000] {processor.py:830} INFO - Processing file /opt/airflow/dags/silver_dag3.py for tasks to queue
[2026-07-15T14:15:32.749+0000] {logging_mixin.py:188} INFO - [2026-07-15T14:15:32.749+0000] {dagbag.py:540} INFO - Filling up the DagBag from /opt/airflow/dags/silver_dag3.py
[2026-07-15T14:15:32.781+0000] {processor.py:840} INFO - DAG(s) 'silver_dag3' retrieved from /opt/airflow/dags/silver_dag3.py
[2026-07-15T14:15:32.825+0000] {logging_mixin.py:188} INFO - [2026-07-15T14:15:32.824+0000] {dag.py:3096} INFO - Sync 1 DAGs
[2026-07-15T14:15:32.865+0000] {logging_mixin.py:188} INFO - [2026-07-15T14:15:32.865+0000] {dag.py:3954} INFO - Setting next_dagrun for silver_dag3 to 2026-07-15 13:00:00+00:00, run_after=2026-07-15 14:00:00+00:00
[2026-07-15T14:15:32.888+0000] {processor.py:183} INFO - Processing /opt/airflow/dags/silver_dag3.py took 0.160 seconds
[2026-07-15T14:16:03.437+0000] {processor.py:161} INFO - Started process (PID=590) to work on /opt/airflow/dags/silver_dag3.py
[2026-07-15T14:16:03.439+0000] {processor.py:830} INFO - Processing file /opt/airflow/dags/silver_dag3.py for tasks to queue
[2026-07-15T14:16:03.442+0000] {logging_mixin.py:188} INFO - [2026-07-15T14:16:03.442+0000] {dagbag.py:540} INFO - Filling up the DagBag from /opt/airflow/dags/silver_dag3.py
[2026-07-15T14:16:03.462+0000] {processor.py:840} INFO - DAG(s) 'silver_dag3' retrieved from /opt/airflow/dags/silver_dag3.py
[2026-07-15T14:16:03.506+0000] {logging_mixin.py:188} INFO - [2026-07-15T14:16:03.506+0000] {dag.py:3096} INFO - Sync 1 DAGs
[2026-07-15T14:16:03.546+0000] {logging_mixin.py:188} INFO - [2026-07-15T14:16:03.546+0000] {dag.py:3954} INFO - Setting next_dagrun for silver_dag3 to 2026-07-15 13:00:00+00:00, run_after=2026-07-15 14:00:00+00:00
[2026-07-15T14:16:03.579+0000] {processor.py:183} INFO - Processing /opt/airflow/dags/silver_dag3.py took 0.150 seconds
[2026-07-15T14:16:34.092+0000] {processor.py:161} INFO - Started process (PID=615) to work on /opt/airflow/dags/silver_dag3.py
[2026-07-15T14:16:34.093+0000] {processor.py:830} INFO - Processing file /opt/airflow/dags/silver_dag3.py for tasks to queue
[2026-07-15T14:16:34.097+0000] {logging_mixin.py:188} INFO - [2026-07-15T14:16:34.096+0000] {dagbag.py:540} INFO - Filling up the DagBag from /opt/airflow/dags/silver_dag3.py
[2026-07-15T14:16:34.115+0000] {processor.py:840} INFO - DAG(s) 'silver_dag3' retrieved from /opt/airflow/dags/silver_dag3.py
[2026-07-15T14:16:34.140+0000] {logging_mixin.py:188} INFO - [2026-07-15T14:16:34.139+0000] {dag.py:3096} INFO - Sync 1 DAGs
[2026-07-15T14:16:34.161+0000] {logging_mixin.py:188} INFO - [2026-07-15T14:16:34.161+0000] {dag.py:3954} INFO - Setting next_dagrun for silver_dag3 to 2026-07-15 13:00:00+00:00, run_after=2026-07-15 14:00:00+00:00
[2026-07-15T14:16:34.189+0000] {processor.py:183} INFO - Processing /opt/airflow/dags/silver_dag3.py took 0.107 seconds
[2026-07-15T14:17:04.640+0000] {processor.py:161} INFO - Started process (PID=642) to work on /opt/airflow/dags/silver_dag3.py
[2026-07-15T14:17:04.641+0000] {processor.py:830} INFO - Processing file /opt/airflow/dags/silver_dag3.py for tasks to queue
[2026-07-15T14:17:04.643+0000] {logging_mixin.py:188} INFO - [2026-07-15T14:17:04.643+0000] {dagbag.py:540} INFO - Filling up the DagBag from /opt/airflow/dags/silver_dag3.py
[2026-07-15T14:17:04.665+0000] {processor.py:840} INFO - DAG(s) 'silver_dag3' retrieved from /opt/airflow/dags/silver_dag3.py
[2026-07-15T14:17:04.700+0000] {logging_mixin.py:188} INFO - [2026-07-15T14:17:04.700+0000] {dag.py:3096} INFO - Sync 1 DAGs
[2026-07-15T14:17:04.736+0000] {logging_mixin.py:188} INFO - [2026-07-15T14:17:04.735+0000] {dag.py:3954} INFO - Setting next_dagrun for silver_dag3 to 2026-07-15 13:00:00+00:00, run_after=2026-07-15 14:00:00+00:00
[2026-07-15T14:17:04.759+0000] {processor.py:183} INFO - Processing /opt/airflow/dags/silver_dag3.py took 0.129 seconds
[2026-07-15T14:17:35.282+0000] {processor.py:161} INFO - Started process (PID=667) to work on /opt/airflow/dags/silver_dag3.py
[2026-07-15T14:17:35.284+0000] {processor.py:830} INFO - Processing file /opt/airflow/dags/silver_dag3.py for tasks to queue
[2026-07-15T14:17:35.287+0000] {logging_mixin.py:188} INFO - [2026-07-15T14:17:35.286+0000] {dagbag.py:540} INFO - Filling up the DagBag from /opt/airflow/dags/silver_dag3.py
[2026-07-15T14:17:35.308+0000] {processor.py:840} INFO - DAG(s) 'silver_dag3' retrieved from /opt/airflow/dags/silver_dag3.py
[2026-07-15T14:17:35.335+0000] {logging_mixin.py:188} INFO - [2026-07-15T14:17:35.335+0000] {dag.py:3096} INFO - Sync 1 DAGs
[2026-07-15T14:17:35.357+0000] {logging_mixin.py:188} INFO - [2026-07-15T14:17:35.355+0000] {dag.py:3954} INFO - Setting next_dagrun for silver_dag3 to 2026-07-15 13:00:00+00:00, run_after=2026-07-15 14:00:00+00:00
[2026-07-15T14:17:35.378+0000] {processor.py:183} INFO - Processing /opt/airflow/dags/silver_dag3.py took 0.104 seconds
[2026-07-15T14:18:05.725+0000] {processor.py:161} INFO - Started process (PID=692) to work on /opt/airflow/dags/silver_dag3.py
[2026-07-15T14:18:05.726+0000] {processor.py:830} INFO - Processing file /opt/airflow/dags/silver_dag3.py for tasks to queue
[2026-07-15T14:18:05.729+0000] {logging_mixin.py:188} INFO - [2026-07-15T14:18:05.729+0000] {dagbag.py:540} INFO - Filling up the DagBag from /opt/airflow/dags/silver_dag3.py
[2026-07-15T14:18:05.746+0000] {processor.py:840} INFO - DAG(s) 'silver_dag3' retrieved from /opt/airflow/dags/silver_dag3.py
[2026-07-15T14:18:05.773+0000] {logging_mixin.py:188} INFO - [2026-07-15T14:18:05.772+0000] {dag.py:3096} INFO - Sync 1 DAGs
[2026-07-15T14:18:05.799+0000] {logging_mixin.py:188} INFO - [2026-07-15T14:18:05.799+0000] {dag.py:3954} INFO - Setting next_dagrun for silver_dag3 to 2026-07-15 13:00:00+00:00, run_after=2026-07-15 14:00:00+00:00
[2026-07-15T14:18:05.823+0000] {processor.py:183} INFO - Processing /opt/airflow/dags/silver_dag3.py took 0.103 seconds
[2026-07-15T14:18:36.290+0000] {processor.py:161} INFO - Started process (PID=717) to work on /opt/airflow/dags/silver_dag3.py
[2026-07-15T14:18:36.291+0000] {processor.py:830} INFO - Processing file /opt/airflow/dags/silver_dag3.py for tasks to queue
[2026-07-15T14:18:36.293+0000] {logging_mixin.py:188} INFO - [2026-07-15T14:18:36.293+0000] {dagbag.py:540} INFO - Filling up the DagBag from /opt/airflow/dags/silver_dag3.py
[2026-07-15T14:18:36.308+0000] {processor.py:840} INFO - DAG(s) 'silver_dag3' retrieved from /opt/airflow/dags/silver_dag3.py
[2026-07-15T14:18:36.334+0000] {logging_mixin.py:188} INFO - [2026-07-15T14:18:36.333+0000] {dag.py:3096} INFO - Sync 1 DAGs
[2026-07-15T14:18:36.359+0000] {logging_mixin.py:188} INFO - [2026-07-15T14:18:36.359+0000] {dag.py:3954} INFO - Setting next_dagrun for silver_dag3 to 2026-07-15 13:00:00+00:00, run_after=2026-07-15 14:00:00+00:00
[2026-07-15T14:18:36.379+0000] {processor.py:183} INFO - Processing /opt/airflow/dags/silver_dag3.py took 0.097 seconds
[2026-07-15T14:19:06.840+0000] {processor.py:161} INFO - Started process (PID=742) to work on /opt/airflow/dags/silver_dag3.py
[2026-07-15T14:19:06.842+0000] {processor.py:830} INFO - Processing file /opt/airflow/dags/silver_dag3.py for tasks to queue
[2026-07-15T14:19:06.844+0000] {logging_mixin.py:188} INFO - [2026-07-15T14:19:06.843+0000] {dagbag.py:540} INFO - Filling up the DagBag from /opt/airflow/dags/silver_dag3.py
[2026-07-15T14:19:06.858+0000] {processor.py:840} INFO - DAG(s) 'silver_dag3' retrieved from /opt/airflow/dags/silver_dag3.py
[2026-07-15T14:19:06.883+0000] {logging_mixin.py:188} INFO - [2026-07-15T14:19:06.883+0000] {dag.py:3096} INFO - Sync 1 DAGs
[2026-07-15T14:19:06.902+0000] {logging_mixin.py:188} INFO - [2026-07-15T14:19:06.902+0000] {dag.py:3954} INFO - Setting next_dagrun for silver_dag3 to 2026-07-15 13:00:00+00:00, run_after=2026-07-15 14:00:00+00:00
[2026-07-15T14:19:06.921+0000] {processor.py:183} INFO - Processing /opt/airflow/dags/silver_dag3.py took 0.086 seconds
[2026-07-15T14:19:37.509+0000] {processor.py:161} INFO - Started process (PID=767) to work on /opt/airflow/dags/silver_dag3.py
[2026-07-15T14:19:37.510+0000] {processor.py:830} INFO - Processing file /opt/airflow/dags/silver_dag3.py for tasks to queue
[2026-07-15T14:19:37.512+0000] {logging_mixin.py:188} INFO - [2026-07-15T14:19:37.512+0000] {dagbag.py:540} INFO - Filling up the DagBag from /opt/airflow/dags/silver_dag3.py
[2026-07-15T14:19:37.528+0000] {processor.py:840} INFO - DAG(s) 'silver_dag3' retrieved from /opt/airflow/dags/silver_dag3.py
[2026-07-15T14:19:37.554+0000] {logging_mixin.py:188} INFO - [2026-07-15T14:19:37.553+0000] {dag.py:3096} INFO - Sync 1 DAGs
[2026-07-15T14:19:37.578+0000] {logging_mixin.py:188} INFO - [2026-07-15T14:19:37.577+0000] {dag.py:3954} INFO - Setting next_dagrun for silver_dag3 to 2026-07-15 13:00:00+00:00, run_after=2026-07-15 14:00:00+00:00
[2026-07-15T14:19:37.598+0000] {processor.py:183} INFO - Processing /opt/airflow/dags/silver_dag3.py took 0.095 seconds
[2026-07-15T14:20:08.084+0000] {processor.py:161} INFO - Started process (PID=792) to work on /opt/airflow/dags/silver_dag3.py
[2026-07-15T14:20:08.085+0000] {processor.py:830} INFO - Processing file /opt/airflow/dags/silver_dag3.py for tasks to queue
[2026-07-15T14:20:08.087+0000] {logging_mixin.py:188} INFO - [2026-07-15T14:20:08.087+0000] {dagbag.py:540} INFO - Filling up the DagBag from /opt/airflow/dags/silver_dag3.py
[2026-07-15T14:20:08.103+0000] {processor.py:840} INFO - DAG(s) 'silver_dag3' retrieved from /opt/airflow/dags/silver_dag3.py
[2026-07-15T14:20:08.126+0000] {logging_mixin.py:188} INFO - [2026-07-15T14:20:08.126+0000] {dag.py:3096} INFO - Sync 1 DAGs
[2026-07-15T14:20:08.146+0000] {logging_mixin.py:188} INFO - [2026-07-15T14:20:08.146+0000] {dag.py:3954} INFO - Setting next_dagrun for silver_dag3 to 2026-07-15 13:00:00+00:00, run_after=2026-07-15 14:00:00+00:00
[2026-07-15T14:20:08.166+0000] {processor.py:183} INFO - Processing /opt/airflow/dags/silver_dag3.py took 0.089 seconds
[2026-07-15T14:20:38.777+0000] {processor.py:161} INFO - Started process (PID=834) to work on /opt/airflow/dags/silver_dag3.py
[2026-07-15T14:20:38.780+0000] {processor.py:830} INFO - Processing file /opt/airflow/dags/silver_dag3.py for tasks to queue
[2026-07-15T14:20:38.795+0000] {logging_mixin.py:188} INFO - [2026-07-15T14:20:38.794+0000] {dagbag.py:540} INFO - Filling up the DagBag from /opt/airflow/dags/silver_dag3.py
[2026-07-15T14:20:38.872+0000] {processor.py:840} INFO - DAG(s) 'silver_dag3' retrieved from /opt/airflow/dags/silver_dag3.py
[2026-07-15T14:20:38.938+0000] {logging_mixin.py:188} INFO - [2026-07-15T14:20:38.938+0000] {dag.py:3096} INFO - Sync 1 DAGs
[2026-07-15T14:20:38.984+0000] {logging_mixin.py:188} INFO - [2026-07-15T14:20:38.984+0000] {dag.py:3954} INFO - Setting next_dagrun for silver_dag3 to 2026-07-15 13:00:00+00:00, run_after=2026-07-15 14:00:00+00:00
[2026-07-15T14:20:39.022+0000] {processor.py:183} INFO - Processing /opt/airflow/dags/silver_dag3.py took 0.261 seconds
[2026-07-15T14:21:09.693+0000] {processor.py:161} INFO - Started process (PID=859) to work on /opt/airflow/dags/silver_dag3.py
[2026-07-15T14:21:09.694+0000] {processor.py:830} INFO - Processing file /opt/airflow/dags/silver_dag3.py for tasks to queue
[2026-07-15T14:21:09.697+0000] {logging_mixin.py:188} INFO - [2026-07-15T14:21:09.696+0000] {dagbag.py:540} INFO - Filling up the DagBag from /opt/airflow/dags/silver_dag3.py
[2026-07-15T14:21:09.714+0000] {processor.py:840} INFO - DAG(s) 'silver_dag3' retrieved from /opt/airflow/dags/silver_dag3.py
[2026-07-15T14:21:09.751+0000] {logging_mixin.py:188} INFO - [2026-07-15T14:21:09.751+0000] {dag.py:3096} INFO - Sync 1 DAGs
[2026-07-15T14:21:09.789+0000] {logging_mixin.py:188} INFO - [2026-07-15T14:21:09.789+0000] {dag.py:3954} INFO - Setting next_dagrun for silver_dag3 to 2026-07-15 13:00:00+00:00, run_after=2026-07-15 14:00:00+00:00
[2026-07-15T14:21:09.813+0000] {processor.py:183} INFO - Processing /opt/airflow/dags/silver_dag3.py took 0.127 seconds
[2026-07-15T14:21:40.360+0000] {processor.py:161} INFO - Started process (PID=884) to work on /opt/airflow/dags/silver_dag3.py
[2026-07-15T14:21:40.361+0000] {processor.py:830} INFO - Processing file /opt/airflow/dags/silver_dag3.py for tasks to queue
[2026-07-15T14:21:40.363+0000] {logging_mixin.py:188} INFO - [2026-07-15T14:21:40.363+0000] {dagbag.py:540} INFO - Filling up the DagBag from /opt/airflow/dags/silver_dag3.py
[2026-07-15T14:21:40.381+0000] {processor.py:840} INFO - DAG(s) 'silver_dag3' retrieved from /opt/airflow/dags/silver_dag3.py
[2026-07-15T14:21:40.408+0000] {logging_mixin.py:188} INFO - [2026-07-15T14:21:40.407+0000] {dag.py:3096} INFO - Sync 1 DAGs
[2026-07-15T14:21:40.431+0000] {logging_mixin.py:188} INFO - [2026-07-15T14:21:40.430+0000] {dag.py:3954} INFO - Setting next_dagrun for silver_dag3 to 2026-07-15 13:00:00+00:00, run_after=2026-07-15 14:00:00+00:00
[2026-07-15T14:21:40.451+0000] {processor.py:183} INFO - Processing /opt/airflow/dags/silver_dag3.py took 0.098 seconds
[2026-07-15T14:22:11.072+0000] {processor.py:161} INFO - Started process (PID=923) to work on /opt/airflow/dags/silver_dag3.py
[2026-07-15T14:22:11.075+0000] {processor.py:830} INFO - Processing file /opt/airflow/dags/silver_dag3.py for tasks to queue
[2026-07-15T14:22:11.087+0000] {logging_mixin.py:188} INFO - [2026-07-15T14:22:11.086+0000] {dagbag.py:540} INFO - Filling up the DagBag from /opt/airflow/dags/silver_dag3.py
[2026-07-15T14:22:11.168+0000] {processor.py:840} INFO - DAG(s) 'silver_dag3' retrieved from /opt/airflow/dags/silver_dag3.py
[2026-07-15T14:22:11.265+0000] {logging_mixin.py:188} INFO - [2026-07-15T14:22:11.264+0000] {dag.py:3096} INFO - Sync 1 DAGs
[2026-07-15T14:22:11.397+0000] {logging_mixin.py:188} INFO - [2026-07-15T14:22:11.397+0000] {dag.py:3954} INFO - Setting next_dagrun for silver_dag3 to 2026-07-15 13:00:00+00:00, run_after=2026-07-15 14:00:00+00:00
[2026-07-15T14:22:11.459+0000] {processor.py:183} INFO - Processing /opt/airflow/dags/silver_dag3.py took 0.431 seconds
[2026-07-15T14:22:41.993+0000] {processor.py:161} INFO - Started process (PID=950) to work on /opt/airflow/dags/silver_dag3.py
[2026-07-15T14:22:41.997+0000] {processor.py:830} INFO - Processing file /opt/airflow/dags/silver_dag3.py for tasks to queue
[2026-07-15T14:22:42.003+0000] {logging_mixin.py:188} INFO - [2026-07-15T14:22:42.002+0000] {dagbag.py:540} INFO - Filling up the DagBag from /opt/airflow/dags/silver_dag3.py
[2026-07-15T14:22:42.065+0000] {processor.py:840} INFO - DAG(s) 'silver_dag3' retrieved from /opt/airflow/dags/silver_dag3.py
[2026-07-15T14:22:42.156+0000] {logging_mixin.py:188} INFO - [2026-07-15T14:22:42.155+0000] {dag.py:3096} INFO - Sync 1 DAGs
[2026-07-15T14:22:42.289+0000] {logging_mixin.py:188} INFO - [2026-07-15T14:22:42.287+0000] {dag.py:3954} INFO - Setting next_dagrun for silver_dag3 to 2026-07-15 13:00:00+00:00, run_after=2026-07-15 14:00:00+00:00
[2026-07-15T14:22:42.354+0000] {processor.py:183} INFO - Processing /opt/airflow/dags/silver_dag3.py took 0.397 seconds
[2026-07-15T14:23:12.473+0000] {processor.py:161} INFO - Started process (PID=975) to work on /opt/airflow/dags/silver_dag3.py
[2026-07-15T14:23:12.475+0000] {processor.py:830} INFO - Processing file /opt/airflow/dags/silver_dag3.py for tasks to queue
[2026-07-15T14:23:12.480+0000] {logging_mixin.py:188} INFO - [2026-07-15T14:23:12.480+0000] {dagbag.py:540} INFO - Filling up the DagBag from /opt/airflow/dags/silver_dag3.py
[2026-07-15T14:23:12.517+0000] {processor.py:840} INFO - DAG(s) 'silver_dag3' retrieved from /opt/airflow/dags/silver_dag3.py
[2026-07-15T14:23:12.566+0000] {logging_mixin.py:188} INFO - [2026-07-15T14:23:12.566+0000] {dag.py:3096} INFO - Sync 1 DAGs
[2026-07-15T14:23:12.605+0000] {logging_mixin.py:188} INFO - [2026-07-15T14:23:12.605+0000] {dag.py:3954} INFO - Setting next_dagrun for silver_dag3 to 2026-07-15 13:00:00+00:00, run_after=2026-07-15 14:00:00+00:00
[2026-07-15T14:23:12.633+0000] {processor.py:183} INFO - Processing /opt/airflow/dags/silver_dag3.py took 0.170 seconds
[2026-07-15T14:23:43.090+0000] {processor.py:161} INFO - Started process (PID=998) to work on /opt/airflow/dags/silver_dag3.py
[2026-07-15T14:23:43.096+0000] {processor.py:830} INFO - Processing file /opt/airflow/dags/silver_dag3.py for tasks to queue
[2026-07-15T14:23:43.106+0000] {logging_mixin.py:188} INFO - [2026-07-15T14:23:43.105+0000] {dagbag.py:540} INFO - Filling up the DagBag from /opt/airflow/dags/silver_dag3.py
[2026-07-15T14:23:43.181+0000] {processor.py:840} INFO - DAG(s) 'silver_dag3' retrieved from /opt/airflow/dags/silver_dag3.py
[2026-07-15T14:23:43.298+0000] {logging_mixin.py:188} INFO - [2026-07-15T14:23:43.298+0000] {dag.py:3096} INFO - Sync 1 DAGs
[2026-07-15T14:23:43.378+0000] {logging_mixin.py:188} INFO - [2026-07-15T14:23:43.378+0000] {dag.py:3954} INFO - Setting next_dagrun for silver_dag3 to 2026-07-15 13:00:00+00:00, run_after=2026-07-15 14:00:00+00:00
[2026-07-15T14:23:43.426+0000] {processor.py:183} INFO - Processing /opt/airflow/dags/silver_dag3.py took 0.371 seconds
[2026-07-15T14:24:14.045+0000] {processor.py:161} INFO - Started process (PID=1037) to work on /opt/airflow/dags/silver_dag3.py
[2026-07-15T14:24:14.049+0000] {processor.py:830} INFO - Processing file /opt/airflow/dags/silver_dag3.py for tasks to queue
[2026-07-15T14:24:14.055+0000] {logging_mixin.py:188} INFO - [2026-07-15T14:24:14.054+0000] {dagbag.py:540} INFO - Filling up the DagBag from /opt/airflow/dags/silver_dag3.py
[2026-07-15T14:24:14.111+0000] {processor.py:840} INFO - DAG(s) 'silver_dag3' retrieved from /opt/airflow/dags/silver_dag3.py
[2026-07-15T14:24:14.198+0000] {logging_mixin.py:188} INFO - [2026-07-15T14:24:14.197+0000] {dag.py:3096} INFO - Sync 1 DAGs
[2026-07-15T14:24:14.317+0000] {logging_mixin.py:188} INFO - [2026-07-15T14:24:14.317+0000] {dag.py:3954} INFO - Setting next_dagrun for silver_dag3 to 2026-07-15 13:00:00+00:00, run_after=2026-07-15 14:00:00+00:00
[2026-07-15T14:24:14.444+0000] {processor.py:183} INFO - Processing /opt/airflow/dags/silver_dag3.py took 0.423 seconds
[2026-07-15T14:47:18.100+0000] {processor.py:161} INFO - Started process (PID=1064) to work on /opt/airflow/dags/silver_dag3.py
[2026-07-15T14:47:18.103+0000] {processor.py:830} INFO - Processing file /opt/airflow/dags/silver_dag3.py for tasks to queue
[2026-07-15T14:47:18.111+0000] {logging_mixin.py:188} INFO - [2026-07-15T14:47:18.110+0000] {dagbag.py:540} INFO - Filling up the DagBag from /opt/airflow/dags/silver_dag3.py
[2026-07-15T14:47:18.149+0000] {processor.py:840} INFO - DAG(s) 'silver_dag3' retrieved from /opt/airflow/dags/silver_dag3.py
[2026-07-15T14:47:18.235+0000] {logging_mixin.py:188} INFO - [2026-07-15T14:47:18.234+0000] {dag.py:3096} INFO - Sync 1 DAGs
[2026-07-15T14:47:18.303+0000] {logging_mixin.py:188} INFO - [2026-07-15T14:47:18.302+0000] {dag.py:3954} INFO - Setting next_dagrun for silver_dag3 to 2026-07-15 13:00:00+00:00, run_after=2026-07-15 14:00:00+00:00
[2026-07-15T14:47:18.360+0000] {processor.py:183} INFO - Processing /opt/airflow/dags/silver_dag3.py took 0.274 seconds
[2026-07-15T15:14:25.466+0000] {processor.py:161} INFO - Started process (PID=1096) to work on /opt/airflow/dags/silver_dag3.py
[2026-07-15T15:14:25.473+0000] {processor.py:830} INFO - Processing file /opt/airflow/dags/silver_dag3.py for tasks to queue
[2026-07-15T15:14:25.483+0000] {logging_mixin.py:188} INFO - [2026-07-15T15:14:25.482+0000] {dagbag.py:540} INFO - Filling up the DagBag from /opt/airflow/dags/silver_dag3.py
[2026-07-15T15:14:25.572+0000] {processor.py:840} INFO - DAG(s) 'silver_dag3' retrieved from /opt/airflow/dags/silver_dag3.py
[2026-07-15T15:14:25.656+0000] {logging_mixin.py:188} INFO - [2026-07-15T15:14:25.656+0000] {dag.py:3096} INFO - Sync 1 DAGs
[2026-07-15T15:14:25.724+0000] {logging_mixin.py:188} INFO - [2026-07-15T15:14:25.724+0000] {dag.py:3954} INFO - Setting next_dagrun for silver_dag3 to 2026-07-15 14:00:00+00:00, run_after=2026-07-15 15:00:00+00:00
[2026-07-15T15:14:25.799+0000] {processor.py:183} INFO - Processing /opt/airflow/dags/silver_dag3.py took 0.365 seconds
[2026-07-15T15:14:56.549+0000] {processor.py:161} INFO - Started process (PID=1134) to work on /opt/airflow/dags/silver_dag3.py
[2026-07-15T15:14:56.558+0000] {processor.py:830} INFO - Processing file /opt/airflow/dags/silver_dag3.py for tasks to queue
[2026-07-15T15:14:56.564+0000] {logging_mixin.py:188} INFO - [2026-07-15T15:14:56.564+0000] {dagbag.py:540} INFO - Filling up the DagBag from /opt/airflow/dags/silver_dag3.py
[2026-07-15T15:14:56.636+0000] {processor.py:840} INFO - DAG(s) 'silver_dag3' retrieved from /opt/airflow/dags/silver_dag3.py
[2026-07-15T15:14:56.726+0000] {logging_mixin.py:188} INFO - [2026-07-15T15:14:56.725+0000] {dag.py:3096} INFO - Sync 1 DAGs
[2026-07-15T15:14:56.807+0000] {logging_mixin.py:188} INFO - [2026-07-15T15:14:56.806+0000] {dag.py:3954} INFO - Setting next_dagrun for silver_dag3 to 2026-07-15 14:00:00+00:00, run_after=2026-07-15 15:00:00+00:00
[2026-07-15T15:14:56.886+0000] {processor.py:183} INFO - Processing /opt/airflow/dags/silver_dag3.py took 0.355 seconds
[2026-07-15T15:15:29.673+0000] {processor.py:161} INFO - Started process (PID=1159) to work on /opt/airflow/dags/silver_dag3.py
[2026-07-15T15:15:29.723+0000] {processor.py:830} INFO - Processing file /opt/airflow/dags/silver_dag3.py for tasks to queue
[2026-07-15T15:15:29.798+0000] {logging_mixin.py:188} INFO - [2026-07-15T15:15:29.798+0000] {dagbag.py:540} INFO - Filling up the DagBag from /opt/airflow/dags/silver_dag3.py
[2026-07-15T15:15:29.974+0000] {processor.py:840} INFO - DAG(s) 'silver_dag3' retrieved from /opt/airflow/dags/silver_dag3.py
[2026-07-15T15:15:30.138+0000] {logging_mixin.py:188} INFO - [2026-07-15T15:15:30.137+0000] {dag.py:3096} INFO - Sync 1 DAGs
[2026-07-15T15:15:30.296+0000] {logging_mixin.py:188} INFO - [2026-07-15T15:15:30.295+0000] {dag.py:3954} INFO - Setting next_dagrun for silver_dag3 to 2026-07-15 14:00:00+00:00, run_after=2026-07-15 15:00:00+00:00
[2026-07-15T15:15:30.393+0000] {processor.py:183} INFO - Processing /opt/airflow/dags/silver_dag3.py took 1.239 seconds
[2026-07-15T15:16:00.697+0000] {processor.py:161} INFO - Started process (PID=1186) to work on /opt/airflow/dags/silver_dag3.py
[2026-07-15T15:16:00.700+0000] {processor.py:830} INFO - Processing file /opt/airflow/dags/silver_dag3.py for tasks to queue
[2026-07-15T15:16:00.705+0000] {logging_mixin.py:188} INFO - [2026-07-15T15:16:00.704+0000] {dagbag.py:540} INFO - Filling up the DagBag from /opt/airflow/dags/silver_dag3.py
[2026-07-15T15:16:00.745+0000] {processor.py:840} INFO - DAG(s) 'silver_dag3' retrieved from /opt/airflow/dags/silver_dag3.py
[2026-07-15T15:16:00.827+0000] {logging_mixin.py:188} INFO - [2026-07-15T15:16:00.827+0000] {dag.py:3096} INFO - Sync 1 DAGs
[2026-07-15T15:16:00.885+0000] {logging_mixin.py:188} INFO - [2026-07-15T15:16:00.884+0000] {dag.py:3954} INFO - Setting next_dagrun for silver_dag3 to 2026-07-15 14:00:00+00:00, run_after=2026-07-15 15:00:00+00:00
[2026-07-15T15:16:00.927+0000] {processor.py:183} INFO - Processing /opt/airflow/dags/silver_dag3.py took 0.244 seconds
[2026-07-15T15:16:31.832+0000] {processor.py:161} INFO - Started process (PID=1217) to work on /opt/airflow/dags/silver_dag3.py
[2026-07-15T15:16:31.834+0000] {processor.py:830} INFO - Processing file /opt/airflow/dags/silver_dag3.py for tasks to queue
[2026-07-15T15:16:31.839+0000] {logging_mixin.py:188} INFO - [2026-07-15T15:16:31.838+0000] {dagbag.py:540} INFO - Filling up the DagBag from /opt/airflow/dags/silver_dag3.py
[2026-07-15T15:16:31.897+0000] {processor.py:840} INFO - DAG(s) 'silver_dag3' retrieved from /opt/airflow/dags/silver_dag3.py
[2026-07-15T15:16:32.004+0000] {logging_mixin.py:188} INFO - [2026-07-15T15:16:32.003+0000] {dag.py:3096} INFO - Sync 1 DAGs
[2026-07-15T15:16:32.067+0000] {logging_mixin.py:188} INFO - [2026-07-15T15:16:32.066+0000] {dag.py:3954} INFO - Setting next_dagrun for silver_dag3 to 2026-07-15 14:00:00+00:00, run_after=2026-07-15 15:00:00+00:00
[2026-07-15T15:16:32.103+0000] {processor.py:183} INFO - Processing /opt/airflow/dags/silver_dag3.py took 0.287 seconds
[2026-07-15T15:17:02.292+0000] {processor.py:161} INFO - Started process (PID=1257) to work on /opt/airflow/dags/silver_dag3.py
[2026-07-15T15:17:02.294+0000] {processor.py:830} INFO - Processing file /opt/airflow/dags/silver_dag3.py for tasks to queue
[2026-07-15T15:17:02.299+0000] {logging_mixin.py:188} INFO - [2026-07-15T15:17:02.299+0000] {dagbag.py:540} INFO - Filling up the DagBag from /opt/airflow/dags/silver_dag3.py
[2026-07-15T15:17:02.344+0000] {processor.py:840} INFO - DAG(s) 'silver_dag3' retrieved from /opt/airflow/dags/silver_dag3.py
[2026-07-15T15:17:02.406+0000] {logging_mixin.py:188} INFO - [2026-07-15T15:17:02.405+0000] {dag.py:3096} INFO - Sync 1 DAGs
[2026-07-15T15:17:02.460+0000] {logging_mixin.py:188} INFO - [2026-07-15T15:17:02.460+0000] {dag.py:3954} INFO - Setting next_dagrun for silver_dag3 to 2026-07-15 14:00:00+00:00, run_after=2026-07-15 15:00:00+00:00
[2026-07-15T15:17:02.515+0000] {processor.py:183} INFO - Processing /opt/airflow/dags/silver_dag3.py took 0.235 seconds
[2026-07-15T15:17:32.676+0000] {processor.py:161} INFO - Started process (PID=1282) to work on /opt/airflow/dags/silver_dag3.py
[2026-07-15T15:17:32.679+0000] {processor.py:830} INFO - Processing file /opt/airflow/dags/silver_dag3.py for tasks to queue
[2026-07-15T15:17:32.685+0000] {logging_mixin.py:188} INFO - [2026-07-15T15:17:32.684+0000] {dagbag.py:540} INFO - Filling up the DagBag from /opt/airflow/dags/silver_dag3.py
[2026-07-15T15:17:32.731+0000] {processor.py:840} INFO - DAG(s) 'silver_dag3' retrieved from /opt/airflow/dags/silver_dag3.py
[2026-07-15T15:17:32.805+0000] {logging_mixin.py:188} INFO - [2026-07-15T15:17:32.803+0000] {dag.py:3096} INFO - Sync 1 DAGs
[2026-07-15T15:17:32.869+0000] {logging_mixin.py:188} INFO - [2026-07-15T15:17:32.869+0000] {dag.py:3954} INFO - Setting next_dagrun for silver_dag3 to 2026-07-15 14:00:00+00:00, run_after=2026-07-15 15:00:00+00:00
[2026-07-15T15:17:32.935+0000] {processor.py:183} INFO - Processing /opt/airflow/dags/silver_dag3.py took 0.279 seconds
[2026-07-15T15:18:03.387+0000] {processor.py:161} INFO - Started process (PID=1307) to work on /opt/airflow/dags/silver_dag3.py
[2026-07-15T15:18:03.392+0000] {processor.py:830} INFO - Processing file /opt/airflow/dags/silver_dag3.py for tasks to queue
[2026-07-15T15:18:03.402+0000] {logging_mixin.py:188} INFO - [2026-07-15T15:18:03.400+0000] {dagbag.py:540} INFO - Filling up the DagBag from /opt/airflow/dags/silver_dag3.py
[2026-07-15T15:18:03.464+0000] {processor.py:840} INFO - DAG(s) 'silver_dag3' retrieved from /opt/airflow/dags/silver_dag3.py
[2026-07-15T15:18:03.557+0000] {logging_mixin.py:188} INFO - [2026-07-15T15:18:03.556+0000] {dag.py:3096} INFO - Sync 1 DAGs
[2026-07-15T15:18:03.635+0000] {logging_mixin.py:188} INFO - [2026-07-15T15:18:03.634+0000] {dag.py:3954} INFO - Setting next_dagrun for silver_dag3 to 2026-07-15 14:00:00+00:00, run_after=2026-07-15 15:00:00+00:00
[2026-07-15T15:18:03.697+0000] {processor.py:183} INFO - Processing /opt/airflow/dags/silver_dag3.py took 0.332 seconds
[2026-07-15T15:18:34.078+0000] {processor.py:161} INFO - Started process (PID=1332) to work on /opt/airflow/dags/silver_dag3.py
[2026-07-15T15:18:34.080+0000] {processor.py:830} INFO - Processing file /opt/airflow/dags/silver_dag3.py for tasks to queue
[2026-07-15T15:18:34.084+0000] {logging_mixin.py:188} INFO - [2026-07-15T15:18:34.084+0000] {dagbag.py:540} INFO - Filling up the DagBag from /opt/airflow/dags/silver_dag3.py
[2026-07-15T15:18:34.122+0000] {processor.py:840} INFO - DAG(s) 'silver_dag3' retrieved from /opt/airflow/dags/silver_dag3.py
[2026-07-15T15:18:34.221+0000] {logging_mixin.py:188} INFO - [2026-07-15T15:18:34.220+0000] {dag.py:3096} INFO - Sync 1 DAGs
[2026-07-15T15:18:34.279+0000] {logging_mixin.py:188} INFO - [2026-07-15T15:18:34.279+0000] {dag.py:3954} INFO - Setting next_dagrun for silver_dag3 to 2026-07-15 14:00:00+00:00, run_after=2026-07-15 15:00:00+00:00
[2026-07-15T15:18:34.332+0000] {processor.py:183} INFO - Processing /opt/airflow/dags/silver_dag3.py took 0.267 seconds
[2026-07-15T15:19:05.311+0000] {processor.py:161} INFO - Started process (PID=1370) to work on /opt/airflow/dags/silver_dag3.py
[2026-07-15T15:19:05.325+0000] {processor.py:830} INFO - Processing file /opt/airflow/dags/silver_dag3.py for tasks to queue
[2026-07-15T15:19:05.345+0000] {logging_mixin.py:188} INFO - [2026-07-15T15:19:05.344+0000] {dagbag.py:540} INFO - Filling up the DagBag from /opt/airflow/dags/silver_dag3.py
[2026-07-15T15:19:05.830+0000] {processor.py:840} INFO - DAG(s) 'silver_dag3' retrieved from /opt/airflow/dags/silver_dag3.py
[2026-07-15T15:19:06.101+0000] {logging_mixin.py:188} INFO - [2026-07-15T15:19:06.089+0000] {dag.py:3096} INFO - Sync 1 DAGs
[2026-07-15T15:19:06.325+0000] {logging_mixin.py:188} INFO - [2026-07-15T15:19:06.324+0000] {dag.py:3954} INFO - Setting next_dagrun for silver_dag3 to 2026-07-15 14:00:00+00:00, run_after=2026-07-15 15:00:00+00:00
[2026-07-15T15:19:06.454+0000] {processor.py:183} INFO - Processing /opt/airflow/dags/silver_dag3.py took 1.184 seconds
[2026-07-15T15:19:36.960+0000] {processor.py:161} INFO - Started process (PID=1395) to work on /opt/airflow/dags/silver_dag3.py
[2026-07-15T15:19:36.985+0000] {processor.py:830} INFO - Processing file /opt/airflow/dags/silver_dag3.py for tasks to queue
[2026-07-15T15:19:37.071+0000] {logging_mixin.py:188} INFO - [2026-07-15T15:19:37.057+0000] {dagbag.py:540} INFO - Filling up the DagBag from /opt/airflow/dags/silver_dag3.py
[2026-07-15T15:19:38.211+0000] {processor.py:840} INFO - DAG(s) 'silver_dag3' retrieved from /opt/airflow/dags/silver_dag3.py
[2026-07-15T15:19:38.589+0000] {logging_mixin.py:188} INFO - [2026-07-15T15:19:38.578+0000] {dag.py:3096} INFO - Sync 1 DAGs
[2026-07-15T15:19:38.846+0000] {logging_mixin.py:188} INFO - [2026-07-15T15:19:38.846+0000] {dag.py:3954} INFO - Setting next_dagrun for silver_dag3 to 2026-07-15 14:00:00+00:00, run_after=2026-07-15 15:00:00+00:00
[2026-07-15T15:19:38.983+0000] {processor.py:183} INFO - Processing /opt/airflow/dags/silver_dag3.py took 2.073 seconds
[2026-07-15T15:20:09.788+0000] {processor.py:161} INFO - Started process (PID=1420) to work on /opt/airflow/dags/silver_dag3.py
[2026-07-15T15:20:09.803+0000] {processor.py:830} INFO - Processing file /opt/airflow/dags/silver_dag3.py for tasks to queue
[2026-07-15T15:20:09.842+0000] {logging_mixin.py:188} INFO - [2026-07-15T15:20:09.841+0000] {dagbag.py:540} INFO - Filling up the DagBag from /opt/airflow/dags/silver_dag3.py
[2026-07-15T15:20:09.993+0000] {processor.py:840} INFO - DAG(s) 'silver_dag3' retrieved from /opt/airflow/dags/silver_dag3.py
[2026-07-15T15:20:10.113+0000] {logging_mixin.py:188} INFO - [2026-07-15T15:20:10.111+0000] {dag.py:3096} INFO - Sync 1 DAGs
[2026-07-15T15:20:10.257+0000] {logging_mixin.py:188} INFO - [2026-07-15T15:20:10.256+0000] {dag.py:3954} INFO - Setting next_dagrun for silver_dag3 to 2026-07-15 14:00:00+00:00, run_after=2026-07-15 15:00:00+00:00
[2026-07-15T15:20:10.502+0000] {processor.py:183} INFO - Processing /opt/airflow/dags/silver_dag3.py took 0.770 seconds
[2026-07-15T15:20:40.825+0000] {processor.py:161} INFO - Started process (PID=1445) to work on /opt/airflow/dags/silver_dag3.py
[2026-07-15T15:20:40.841+0000] {processor.py:830} INFO - Processing file /opt/airflow/dags/silver_dag3.py for tasks to queue
[2026-07-15T15:20:40.852+0000] {logging_mixin.py:188} INFO - [2026-07-15T15:20:40.850+0000] {dagbag.py:540} INFO - Filling up the DagBag from /opt/airflow/dags/silver_dag3.py
[2026-07-15T15:20:40.986+0000] {processor.py:840} INFO - DAG(s) 'silver_dag3' retrieved from /opt/airflow/dags/silver_dag3.py
[2026-07-15T15:20:41.162+0000] {logging_mixin.py:188} INFO - [2026-07-15T15:20:41.161+0000] {dag.py:3096} INFO - Sync 1 DAGs
[2026-07-15T15:20:41.331+0000] {logging_mixin.py:188} INFO - [2026-07-15T15:20:41.330+0000] {dag.py:3954} INFO - Setting next_dagrun for silver_dag3 to 2026-07-15 14:00:00+00:00, run_after=2026-07-15 15:00:00+00:00
[2026-07-15T15:20:41.521+0000] {processor.py:183} INFO - Processing /opt/airflow/dags/silver_dag3.py took 0.722 seconds
[2026-07-15T15:21:12.437+0000] {processor.py:161} INFO - Started process (PID=1476) to work on /opt/airflow/dags/silver_dag3.py
[2026-07-15T15:21:12.439+0000] {processor.py:830} INFO - Processing file /opt/airflow/dags/silver_dag3.py for tasks to queue
[2026-07-15T15:21:12.442+0000] {logging_mixin.py:188} INFO - [2026-07-15T15:21:12.441+0000] {dagbag.py:540} INFO - Filling up the DagBag from /opt/airflow/dags/silver_dag3.py
[2026-07-15T15:21:12.468+0000] {processor.py:840} INFO - DAG(s) 'silver_dag3' retrieved from /opt/airflow/dags/silver_dag3.py
[2026-07-15T15:21:12.504+0000] {logging_mixin.py:188} INFO - [2026-07-15T15:21:12.503+0000] {dag.py:3096} INFO - Sync 1 DAGs
[2026-07-15T15:21:12.540+0000] {logging_mixin.py:188} INFO - [2026-07-15T15:21:12.540+0000] {dag.py:3954} INFO - Setting next_dagrun for silver_dag3 to 2026-07-15 14:00:00+00:00, run_after=2026-07-15 15:00:00+00:00
[2026-07-15T15:21:12.569+0000] {processor.py:183} INFO - Processing /opt/airflow/dags/silver_dag3.py took 0.141 seconds
[2026-07-15T15:21:43.202+0000] {processor.py:161} INFO - Started process (PID=1501) to work on /opt/airflow/dags/silver_dag3.py
[2026-07-15T15:21:43.203+0000] {processor.py:830} INFO - Processing file /opt/airflow/dags/silver_dag3.py for tasks to queue
[2026-07-15T15:21:43.206+0000] {logging_mixin.py:188} INFO - [2026-07-15T15:21:43.205+0000] {dagbag.py:540} INFO - Filling up the DagBag from /opt/airflow/dags/silver_dag3.py
[2026-07-15T15:21:43.227+0000] {processor.py:840} INFO - DAG(s) 'silver_dag3' retrieved from /opt/airflow/dags/silver_dag3.py
[2026-07-15T15:21:43.260+0000] {logging_mixin.py:188} INFO - [2026-07-15T15:21:43.260+0000] {dag.py:3096} INFO - Sync 1 DAGs
[2026-07-15T15:21:43.289+0000] {logging_mixin.py:188} INFO - [2026-07-15T15:21:43.288+0000] {dag.py:3954} INFO - Setting next_dagrun for silver_dag3 to 2026-07-15 14:00:00+00:00, run_after=2026-07-15 15:00:00+00:00
[2026-07-15T15:21:43.313+0000] {processor.py:183} INFO - Processing /opt/airflow/dags/silver_dag3.py took 0.120 seconds
[2026-07-15T15:22:13.776+0000] {processor.py:161} INFO - Started process (PID=1526) to work on /opt/airflow/dags/silver_dag3.py
[2026-07-15T15:22:13.777+0000] {processor.py:830} INFO - Processing file /opt/airflow/dags/silver_dag3.py for tasks to queue
[2026-07-15T15:22:13.781+0000] {logging_mixin.py:188} INFO - [2026-07-15T15:22:13.780+0000] {dagbag.py:540} INFO - Filling up the DagBag from /opt/airflow/dags/silver_dag3.py
[2026-07-15T15:22:13.802+0000] {processor.py:840} INFO - DAG(s) 'silver_dag3' retrieved from /opt/airflow/dags/silver_dag3.py
[2026-07-15T15:22:13.834+0000] {logging_mixin.py:188} INFO - [2026-07-15T15:22:13.834+0000] {dag.py:3096} INFO - Sync 1 DAGs
[2026-07-15T15:22:13.860+0000] {logging_mixin.py:188} INFO - [2026-07-15T15:22:13.860+0000] {dag.py:3954} INFO - Setting next_dagrun for silver_dag3 to 2026-07-15 14:00:00+00:00, run_after=2026-07-15 15:00:00+00:00
[2026-07-15T15:22:13.886+0000] {processor.py:183} INFO - Processing /opt/airflow/dags/silver_dag3.py took 0.118 seconds
[2026-07-15T15:22:44.270+0000] {processor.py:161} INFO - Started process (PID=1551) to work on /opt/airflow/dags/silver_dag3.py
[2026-07-15T15:22:44.272+0000] {processor.py:830} INFO - Processing file /opt/airflow/dags/silver_dag3.py for tasks to queue
[2026-07-15T15:22:44.275+0000] {logging_mixin.py:188} INFO - [2026-07-15T15:22:44.275+0000] {dagbag.py:540} INFO - Filling up the DagBag from /opt/airflow/dags/silver_dag3.py
[2026-07-15T15:22:44.308+0000] {processor.py:840} INFO - DAG(s) 'silver_dag3' retrieved from /opt/airflow/dags/silver_dag3.py
[2026-07-15T15:22:44.337+0000] {logging_mixin.py:188} INFO - [2026-07-15T15:22:44.337+0000] {dag.py:3096} INFO - Sync 1 DAGs
[2026-07-15T15:22:44.362+0000] {logging_mixin.py:188} INFO - [2026-07-15T15:22:44.362+0000] {dag.py:3954} INFO - Setting next_dagrun for silver_dag3 to 2026-07-15 14:00:00+00:00, run_after=2026-07-15 15:00:00+00:00
[2026-07-15T15:22:44.389+0000] {processor.py:183} INFO - Processing /opt/airflow/dags/silver_dag3.py took 0.127 seconds
[2026-07-15T15:23:14.802+0000] {processor.py:161} INFO - Started process (PID=1576) to work on /opt/airflow/dags/silver_dag3.py
[2026-07-15T15:23:14.803+0000] {processor.py:830} INFO - Processing file /opt/airflow/dags/silver_dag3.py for tasks to queue
[2026-07-15T15:23:14.806+0000] {logging_mixin.py:188} INFO - [2026-07-15T15:23:14.805+0000] {dagbag.py:540} INFO - Filling up the DagBag from /opt/airflow/dags/silver_dag3.py
[2026-07-15T15:23:14.826+0000] {processor.py:840} INFO - DAG(s) 'silver_dag3' retrieved from /opt/airflow/dags/silver_dag3.py
[2026-07-15T15:23:14.856+0000] {logging_mixin.py:188} INFO - [2026-07-15T15:23:14.856+0000] {dag.py:3096} INFO - Sync 1 DAGs
[2026-07-15T15:23:14.883+0000] {logging_mixin.py:188} INFO - [2026-07-15T15:23:14.882+0000] {dag.py:3954} INFO - Setting next_dagrun for silver_dag3 to 2026-07-15 14:00:00+00:00, run_after=2026-07-15 15:00:00+00:00
[2026-07-15T15:23:14.906+0000] {processor.py:183} INFO - Processing /opt/airflow/dags/silver_dag3.py took 0.111 seconds
[2026-07-15T15:23:45.421+0000] {processor.py:161} INFO - Started process (PID=1601) to work on /opt/airflow/dags/silver_dag3.py
[2026-07-15T15:23:45.422+0000] {processor.py:830} INFO - Processing file /opt/airflow/dags/silver_dag3.py for tasks to queue
[2026-07-15T15:23:45.426+0000] {logging_mixin.py:188} INFO - [2026-07-15T15:23:45.426+0000] {dagbag.py:540} INFO - Filling up the DagBag from /opt/airflow/dags/silver_dag3.py
[2026-07-15T15:23:45.454+0000] {processor.py:840} INFO - DAG(s) 'silver_dag3' retrieved from /opt/airflow/dags/silver_dag3.py
[2026-07-15T15:23:45.505+0000] {logging_mixin.py:188} INFO - [2026-07-15T15:23:45.504+0000] {dag.py:3096} INFO - Sync 1 DAGs
[2026-07-15T15:23:45.542+0000] {logging_mixin.py:188} INFO - [2026-07-15T15:23:45.542+0000] {dag.py:3954} INFO - Setting next_dagrun for silver_dag3 to 2026-07-15 14:00:00+00:00, run_after=2026-07-15 15:00:00+00:00
[2026-07-15T15:23:45.565+0000] {processor.py:183} INFO - Processing /opt/airflow/dags/silver_dag3.py took 0.157 seconds
[2026-07-15T15:24:16.102+0000] {processor.py:161} INFO - Started process (PID=1626) to work on /opt/airflow/dags/silver_dag3.py
[2026-07-15T15:24:16.104+0000] {processor.py:830} INFO - Processing file /opt/airflow/dags/silver_dag3.py for tasks to queue
[2026-07-15T15:24:16.107+0000] {logging_mixin.py:188} INFO - [2026-07-15T15:24:16.107+0000] {dagbag.py:540} INFO - Filling up the DagBag from /opt/airflow/dags/silver_dag3.py
[2026-07-15T15:24:16.125+0000] {processor.py:840} INFO - DAG(s) 'silver_dag3' retrieved from /opt/airflow/dags/silver_dag3.py
[2026-07-15T15:24:16.152+0000] {logging_mixin.py:188} INFO - [2026-07-15T15:24:16.152+0000] {dag.py:3096} INFO - Sync 1 DAGs
[2026-07-15T15:24:16.176+0000] {logging_mixin.py:188} INFO - [2026-07-15T15:24:16.176+0000] {dag.py:3954} INFO - Setting next_dagrun for silver_dag3 to 2026-07-15 14:00:00+00:00, run_after=2026-07-15 15:00:00+00:00
[2026-07-15T15:24:16.197+0000] {processor.py:183} INFO - Processing /opt/airflow/dags/silver_dag3.py took 0.103 seconds
[2026-07-15T15:24:46.827+0000] {processor.py:161} INFO - Started process (PID=1651) to work on /opt/airflow/dags/silver_dag3.py
[2026-07-15T15:24:46.828+0000] {processor.py:830} INFO - Processing file /opt/airflow/dags/silver_dag3.py for tasks to queue
[2026-07-15T15:24:46.830+0000] {logging_mixin.py:188} INFO - [2026-07-15T15:24:46.830+0000] {dagbag.py:540} INFO - Filling up the DagBag from /opt/airflow/dags/silver_dag3.py
[2026-07-15T15:24:46.847+0000] {processor.py:840} INFO - DAG(s) 'silver_dag3' retrieved from /opt/airflow/dags/silver_dag3.py
[2026-07-15T15:24:46.873+0000] {logging_mixin.py:188} INFO - [2026-07-15T15:24:46.873+0000] {dag.py:3096} INFO - Sync 1 DAGs
[2026-07-15T15:24:46.897+0000] {logging_mixin.py:188} INFO - [2026-07-15T15:24:46.897+0000] {dag.py:3954} INFO - Setting next_dagrun for silver_dag3 to 2026-07-15 14:00:00+00:00, run_after=2026-07-15 15:00:00+00:00
[2026-07-15T15:24:46.921+0000] {processor.py:183} INFO - Processing /opt/airflow/dags/silver_dag3.py took 0.101 seconds
[2026-07-15T15:25:17.343+0000] {processor.py:161} INFO - Started process (PID=1676) to work on /opt/airflow/dags/silver_dag3.py
[2026-07-15T15:25:17.345+0000] {processor.py:830} INFO - Processing file /opt/airflow/dags/silver_dag3.py for tasks to queue
[2026-07-15T15:25:17.349+0000] {logging_mixin.py:188} INFO - [2026-07-15T15:25:17.348+0000] {dagbag.py:540} INFO - Filling up the DagBag from /opt/airflow/dags/silver_dag3.py
[2026-07-15T15:25:17.369+0000] {processor.py:840} INFO - DAG(s) 'silver_dag3' retrieved from /opt/airflow/dags/silver_dag3.py
[2026-07-15T15:25:17.399+0000] {logging_mixin.py:188} INFO - [2026-07-15T15:25:17.398+0000] {dag.py:3096} INFO - Sync 1 DAGs
[2026-07-15T15:25:17.423+0000] {logging_mixin.py:188} INFO - [2026-07-15T15:25:17.423+0000] {dag.py:3954} INFO - Setting next_dagrun for silver_dag3 to 2026-07-15 14:00:00+00:00, run_after=2026-07-15 15:00:00+00:00
[2026-07-15T15:25:17.444+0000] {processor.py:183} INFO - Processing /opt/airflow/dags/silver_dag3.py took 0.110 seconds
[2026-07-15T15:25:48.106+0000] {processor.py:161} INFO - Started process (PID=1701) to work on /opt/airflow/dags/silver_dag3.py
[2026-07-15T15:25:48.109+0000] {processor.py:830} INFO - Processing file /opt/airflow/dags/silver_dag3.py for tasks to queue
[2026-07-15T15:25:48.113+0000] {logging_mixin.py:188} INFO - [2026-07-15T15:25:48.112+0000] {dagbag.py:540} INFO - Filling up the DagBag from /opt/airflow/dags/silver_dag3.py
[2026-07-15T15:25:48.158+0000] {processor.py:840} INFO - DAG(s) 'silver_dag3' retrieved from /opt/airflow/dags/silver_dag3.py
[2026-07-15T15:25:48.203+0000] {logging_mixin.py:188} INFO - [2026-07-15T15:25:48.202+0000] {dag.py:3096} INFO - Sync 1 DAGs
[2026-07-15T15:25:48.249+0000] {logging_mixin.py:188} INFO - [2026-07-15T15:25:48.248+0000] {dag.py:3954} INFO - Setting next_dagrun for silver_dag3 to 2026-07-15 14:00:00+00:00, run_after=2026-07-15 15:00:00+00:00
[2026-07-15T15:25:48.279+0000] {processor.py:183} INFO - Processing /opt/airflow/dags/silver_dag3.py took 0.187 seconds
[2026-07-15T15:26:18.577+0000] {processor.py:161} INFO - Started process (PID=1726) to work on /opt/airflow/dags/silver_dag3.py
[2026-07-15T15:26:18.579+0000] {processor.py:830} INFO - Processing file /opt/airflow/dags/silver_dag3.py for tasks to queue
[2026-07-15T15:26:18.581+0000] {logging_mixin.py:188} INFO - [2026-07-15T15:26:18.581+0000] {dagbag.py:540} INFO - Filling up the DagBag from /opt/airflow/dags/silver_dag3.py
[2026-07-15T15:26:18.605+0000] {processor.py:840} INFO - DAG(s) 'silver_dag3' retrieved from /opt/airflow/dags/silver_dag3.py
[2026-07-15T15:26:18.635+0000] {logging_mixin.py:188} INFO - [2026-07-15T15:26:18.634+0000] {dag.py:3096} INFO - Sync 1 DAGs
[2026-07-15T15:26:18.666+0000] {logging_mixin.py:188} INFO - [2026-07-15T15:26:18.666+0000] {dag.py:3954} INFO - Setting next_dagrun for silver_dag3 to 2026-07-15 14:00:00+00:00, run_after=2026-07-15 15:00:00+00:00
[2026-07-15T15:26:18.689+0000] {processor.py:183} INFO - Processing /opt/airflow/dags/silver_dag3.py took 0.118 seconds
[2026-07-15T15:26:49.062+0000] {processor.py:161} INFO - Started process (PID=1751) to work on /opt/airflow/dags/silver_dag3.py
[2026-07-15T15:26:49.064+0000] {processor.py:830} INFO - Processing file /opt/airflow/dags/silver_dag3.py for tasks to queue
[2026-07-15T15:26:49.066+0000] {logging_mixin.py:188} INFO - [2026-07-15T15:26:49.066+0000] {dagbag.py:540} INFO - Filling up the DagBag from /opt/airflow/dags/silver_dag3.py
[2026-07-15T15:26:49.089+0000] {processor.py:840} INFO - DAG(s) 'silver_dag3' retrieved from /opt/airflow/dags/silver_dag3.py
[2026-07-15T15:26:49.121+0000] {logging_mixin.py:188} INFO - [2026-07-15T15:26:49.120+0000] {dag.py:3096} INFO - Sync 1 DAGs
[2026-07-15T15:26:49.148+0000] {logging_mixin.py:188} INFO - [2026-07-15T15:26:49.148+0000] {dag.py:3954} INFO - Setting next_dagrun for silver_dag3 to 2026-07-15 14:00:00+00:00, run_after=2026-07-15 15:00:00+00:00
[2026-07-15T15:26:49.174+0000] {processor.py:183} INFO - Processing /opt/airflow/dags/silver_dag3.py took 0.119 seconds
[2026-07-15T15:27:19.621+0000] {processor.py:161} INFO - Started process (PID=1776) to work on /opt/airflow/dags/silver_dag3.py
[2026-07-15T15:27:19.622+0000] {processor.py:830} INFO - Processing file /opt/airflow/dags/silver_dag3.py for tasks to queue
[2026-07-15T15:27:19.626+0000] {logging_mixin.py:188} INFO - [2026-07-15T15:27:19.625+0000] {dagbag.py:540} INFO - Filling up the DagBag from /opt/airflow/dags/silver_dag3.py
[2026-07-15T15:27:19.658+0000] {processor.py:840} INFO - DAG(s) 'silver_dag3' retrieved from /opt/airflow/dags/silver_dag3.py
[2026-07-15T15:27:19.694+0000] {logging_mixin.py:188} INFO - [2026-07-15T15:27:19.694+0000] {dag.py:3096} INFO - Sync 1 DAGs
[2026-07-15T15:27:19.728+0000] {logging_mixin.py:188} INFO - [2026-07-15T15:27:19.727+0000] {dag.py:3954} INFO - Setting next_dagrun for silver_dag3 to 2026-07-15 14:00:00+00:00, run_after=2026-07-15 15:00:00+00:00
[2026-07-15T15:27:19.750+0000] {processor.py:183} INFO - Processing /opt/airflow/dags/silver_dag3.py took 0.142 seconds
[2026-07-15T15:27:50.340+0000] {processor.py:161} INFO - Started process (PID=1801) to work on /opt/airflow/dags/silver_dag3.py
[2026-07-15T15:27:50.342+0000] {processor.py:830} INFO - Processing file /opt/airflow/dags/silver_dag3.py for tasks to queue
[2026-07-15T15:27:50.346+0000] {logging_mixin.py:188} INFO - [2026-07-15T15:27:50.345+0000] {dagbag.py:540} INFO - Filling up the DagBag from /opt/airflow/dags/silver_dag3.py
[2026-07-15T15:27:50.370+0000] {processor.py:840} INFO - DAG(s) 'silver_dag3' retrieved from /opt/airflow/dags/silver_dag3.py
[2026-07-15T15:27:50.404+0000] {logging_mixin.py:188} INFO - [2026-07-15T15:27:50.404+0000] {dag.py:3096} INFO - Sync 1 DAGs
[2026-07-15T15:27:50.430+0000] {logging_mixin.py:188} INFO - [2026-07-15T15:27:50.430+0000] {dag.py:3954} INFO - Setting next_dagrun for silver_dag3 to 2026-07-15 14:00:00+00:00, run_after=2026-07-15 15:00:00+00:00
[2026-07-15T15:27:50.451+0000] {processor.py:183} INFO - Processing /opt/airflow/dags/silver_dag3.py took 0.121 seconds
[2026-07-15T15:28:20.891+0000] {processor.py:161} INFO - Started process (PID=1826) to work on /opt/airflow/dags/silver_dag3.py
[2026-07-15T15:28:20.893+0000] {processor.py:830} INFO - Processing file /opt/airflow/dags/silver_dag3.py for tasks to queue
[2026-07-15T15:28:20.897+0000] {logging_mixin.py:188} INFO - [2026-07-15T15:28:20.896+0000] {dagbag.py:540} INFO - Filling up the DagBag from /opt/airflow/dags/silver_dag3.py
[2026-07-15T15:28:20.916+0000] {processor.py:840} INFO - DAG(s) 'silver_dag3' retrieved from /opt/airflow/dags/silver_dag3.py
[2026-07-15T15:28:20.944+0000] {logging_mixin.py:188} INFO - [2026-07-15T15:28:20.944+0000] {dag.py:3096} INFO - Sync 1 DAGs
[2026-07-15T15:28:20.968+0000] {logging_mixin.py:188} INFO - [2026-07-15T15:28:20.968+0000] {dag.py:3954} INFO - Setting next_dagrun for silver_dag3 to 2026-07-15 14:00:00+00:00, run_after=2026-07-15 15:00:00+00:00
[2026-07-15T15:28:20.994+0000] {processor.py:183} INFO - Processing /opt/airflow/dags/silver_dag3.py took 0.111 seconds
[2026-07-15T15:28:51.489+0000] {processor.py:161} INFO - Started process (PID=1851) to work on /opt/airflow/dags/silver_dag3.py
[2026-07-15T15:28:51.493+0000] {processor.py:830} INFO - Processing file /opt/airflow/dags/silver_dag3.py for tasks to queue
[2026-07-15T15:28:51.499+0000] {logging_mixin.py:188} INFO - [2026-07-15T15:28:51.499+0000] {dagbag.py:540} INFO - Filling up the DagBag from /opt/airflow/dags/silver_dag3.py
[2026-07-15T15:28:51.545+0000] {processor.py:840} INFO - DAG(s) 'silver_dag3' retrieved from /opt/airflow/dags/silver_dag3.py
[2026-07-15T15:28:51.607+0000] {logging_mixin.py:188} INFO - [2026-07-15T15:28:51.607+0000] {dag.py:3096} INFO - Sync 1 DAGs
[2026-07-15T15:28:51.655+0000] {logging_mixin.py:188} INFO - [2026-07-15T15:28:51.654+0000] {dag.py:3954} INFO - Setting next_dagrun for silver_dag3 to 2026-07-15 14:00:00+00:00, run_after=2026-07-15 15:00:00+00:00
[2026-07-15T15:28:51.701+0000] {processor.py:183} INFO - Processing /opt/airflow/dags/silver_dag3.py took 0.236 seconds
[2026-07-15T15:29:22.512+0000] {processor.py:161} INFO - Started process (PID=1876) to work on /opt/airflow/dags/silver_dag3.py
[2026-07-15T15:29:22.514+0000] {processor.py:830} INFO - Processing file /opt/airflow/dags/silver_dag3.py for tasks to queue
[2026-07-15T15:29:22.520+0000] {logging_mixin.py:188} INFO - [2026-07-15T15:29:22.519+0000] {dagbag.py:540} INFO - Filling up the DagBag from /opt/airflow/dags/silver_dag3.py
[2026-07-15T15:29:22.558+0000] {processor.py:840} INFO - DAG(s) 'silver_dag3' retrieved from /opt/airflow/dags/silver_dag3.py
[2026-07-15T15:29:22.605+0000] {logging_mixin.py:188} INFO - [2026-07-15T15:29:22.604+0000] {dag.py:3096} INFO - Sync 1 DAGs
[2026-07-15T15:29:22.651+0000] {logging_mixin.py:188} INFO - [2026-07-15T15:29:22.651+0000] {dag.py:3954} INFO - Setting next_dagrun for silver_dag3 to 2026-07-15 14:00:00+00:00, run_after=2026-07-15 15:00:00+00:00
[2026-07-15T15:29:22.690+0000] {processor.py:183} INFO - Processing /opt/airflow/dags/silver_dag3.py took 0.200 seconds
[2026-07-15T15:29:53.356+0000] {processor.py:161} INFO - Started process (PID=1901) to work on /opt/airflow/dags/silver_dag3.py
[2026-07-15T15:29:53.357+0000] {processor.py:830} INFO - Processing file /opt/airflow/dags/silver_dag3.py for tasks to queue
[2026-07-15T15:29:53.360+0000] {logging_mixin.py:188} INFO - [2026-07-15T15:29:53.359+0000] {dagbag.py:540} INFO - Filling up the DagBag from /opt/airflow/dags/silver_dag3.py
[2026-07-15T15:29:53.391+0000] {processor.py:840} INFO - DAG(s) 'silver_dag3' retrieved from /opt/airflow/dags/silver_dag3.py
[2026-07-15T15:29:53.428+0000] {logging_mixin.py:188} INFO - [2026-07-15T15:29:53.427+0000] {dag.py:3096} INFO - Sync 1 DAGs
[2026-07-15T15:29:53.459+0000] {logging_mixin.py:188} INFO - [2026-07-15T15:29:53.459+0000] {dag.py:3954} INFO - Setting next_dagrun for silver_dag3 to 2026-07-15 14:00:00+00:00, run_after=2026-07-15 15:00:00+00:00
[2026-07-15T15:29:53.489+0000] {processor.py:183} INFO - Processing /opt/airflow/dags/silver_dag3.py took 0.142 seconds
[2026-07-15T15:30:23.887+0000] {processor.py:161} INFO - Started process (PID=1926) to work on /opt/airflow/dags/silver_dag3.py
[2026-07-15T15:30:23.889+0000] {processor.py:830} INFO - Processing file /opt/airflow/dags/silver_dag3.py for tasks to queue
[2026-07-15T15:30:23.892+0000] {logging_mixin.py:188} INFO - [2026-07-15T15:30:23.891+0000] {dagbag.py:540} INFO - Filling up the DagBag from /opt/airflow/dags/silver_dag3.py
[2026-07-15T15:30:23.926+0000] {processor.py:840} INFO - DAG(s) 'silver_dag3' retrieved from /opt/airflow/dags/silver_dag3.py
[2026-07-15T15:30:23.975+0000] {logging_mixin.py:188} INFO - [2026-07-15T15:30:23.975+0000] {dag.py:3096} INFO - Sync 1 DAGs
[2026-07-15T15:30:24.013+0000] {logging_mixin.py:188} INFO - [2026-07-15T15:30:24.012+0000] {dag.py:3954} INFO - Setting next_dagrun for silver_dag3 to 2026-07-15 14:00:00+00:00, run_after=2026-07-15 15:00:00+00:00
[2026-07-15T15:30:24.044+0000] {processor.py:183} INFO - Processing /opt/airflow/dags/silver_dag3.py took 0.164 seconds
[2026-07-15T15:42:50.724+0000] {processor.py:161} INFO - Started process (PID=218) to work on /opt/airflow/dags/silver_dag3.py
[2026-07-15T15:42:50.727+0000] {processor.py:830} INFO - Processing file /opt/airflow/dags/silver_dag3.py for tasks to queue
[2026-07-15T15:42:50.733+0000] {logging_mixin.py:188} INFO - [2026-07-15T15:42:50.732+0000] {dagbag.py:540} INFO - Filling up the DagBag from /opt/airflow/dags/silver_dag3.py
[2026-07-15T15:42:50.772+0000] {processor.py:840} INFO - DAG(s) 'silver_dag3' retrieved from /opt/airflow/dags/silver_dag3.py
[2026-07-15T15:42:51.057+0000] {logging_mixin.py:188} INFO - [2026-07-15T15:42:51.056+0000] {dag.py:3096} INFO - Sync 1 DAGs
[2026-07-15T15:42:51.104+0000] {logging_mixin.py:188} INFO - [2026-07-15T15:42:51.104+0000] {dag.py:3954} INFO - Setting next_dagrun for silver_dag3 to 2026-07-15 14:00:00+00:00, run_after=2026-07-15 15:00:00+00:00
[2026-07-15T15:42:51.149+0000] {processor.py:183} INFO - Processing /opt/airflow/dags/silver_dag3.py took 0.442 seconds
[2026-07-15T15:43:21.610+0000] {processor.py:161} INFO - Started process (PID=245) to work on /opt/airflow/dags/silver_dag3.py
[2026-07-15T15:43:21.614+0000] {processor.py:830} INFO - Processing file /opt/airflow/dags/silver_dag3.py for tasks to queue
[2026-07-15T15:43:21.621+0000] {logging_mixin.py:188} INFO - [2026-07-15T15:43:21.619+0000] {dagbag.py:540} INFO - Filling up the DagBag from /opt/airflow/dags/silver_dag3.py
[2026-07-15T15:43:21.683+0000] {processor.py:840} INFO - DAG(s) 'silver_dag3' retrieved from /opt/airflow/dags/silver_dag3.py
[2026-07-15T15:43:21.769+0000] {logging_mixin.py:188} INFO - [2026-07-15T15:43:21.769+0000] {dag.py:3096} INFO - Sync 1 DAGs
[2026-07-15T15:43:21.898+0000] {logging_mixin.py:188} INFO - [2026-07-15T15:43:21.898+0000] {dag.py:3954} INFO - Setting next_dagrun for silver_dag3 to 2026-07-15 14:00:00+00:00, run_after=2026-07-15 15:00:00+00:00
[2026-07-15T15:43:21.983+0000] {processor.py:183} INFO - Processing /opt/airflow/dags/silver_dag3.py took 0.396 seconds
[2026-07-15T15:43:52.732+0000] {processor.py:161} INFO - Started process (PID=270) to work on /opt/airflow/dags/silver_dag3.py
[2026-07-15T15:43:52.734+0000] {processor.py:830} INFO - Processing file /opt/airflow/dags/silver_dag3.py for tasks to queue
[2026-07-15T15:43:52.739+0000] {logging_mixin.py:188} INFO - [2026-07-15T15:43:52.738+0000] {dagbag.py:540} INFO - Filling up the DagBag from /opt/airflow/dags/silver_dag3.py
[2026-07-15T15:43:52.811+0000] {processor.py:840} INFO - DAG(s) 'silver_dag3' retrieved from /opt/airflow/dags/silver_dag3.py
[2026-07-15T15:43:52.841+0000] {logging_mixin.py:188} INFO - [2026-07-15T15:43:52.841+0000] {dag.py:3096} INFO - Sync 1 DAGs
[2026-07-15T15:43:52.883+0000] {logging_mixin.py:188} INFO - [2026-07-15T15:43:52.882+0000] {dag.py:3954} INFO - Setting next_dagrun for silver_dag3 to 2026-07-15 14:00:00+00:00, run_after=2026-07-15 15:00:00+00:00
[2026-07-15T15:43:52.916+0000] {processor.py:183} INFO - Processing /opt/airflow/dags/silver_dag3.py took 0.195 seconds
[2026-07-15T15:44:23.266+0000] {processor.py:161} INFO - Started process (PID=295) to work on /opt/airflow/dags/silver_dag3.py
[2026-07-15T15:44:23.267+0000] {processor.py:830} INFO - Processing file /opt/airflow/dags/silver_dag3.py for tasks to queue
[2026-07-15T15:44:23.271+0000] {logging_mixin.py:188} INFO - [2026-07-15T15:44:23.270+0000] {dagbag.py:540} INFO - Filling up the DagBag from /opt/airflow/dags/silver_dag3.py
[2026-07-15T15:44:23.303+0000] {processor.py:840} INFO - DAG(s) 'silver_dag3' retrieved from /opt/airflow/dags/silver_dag3.py
[2026-07-15T15:44:23.476+0000] {logging_mixin.py:188} INFO - [2026-07-15T15:44:23.476+0000] {dag.py:3096} INFO - Sync 1 DAGs
[2026-07-15T15:44:23.523+0000] {logging_mixin.py:188} INFO - [2026-07-15T15:44:23.523+0000] {dag.py:3954} INFO - Setting next_dagrun for silver_dag3 to 2026-07-15 14:00:00+00:00, run_after=2026-07-15 15:00:00+00:00
[2026-07-15T15:44:23.555+0000] {processor.py:183} INFO - Processing /opt/airflow/dags/silver_dag3.py took 0.302 seconds
[2026-07-15T15:44:54.393+0000] {processor.py:161} INFO - Started process (PID=320) to work on /opt/airflow/dags/silver_dag3.py
[2026-07-15T15:44:54.396+0000] {processor.py:830} INFO - Processing file /opt/airflow/dags/silver_dag3.py for tasks to queue
[2026-07-15T15:44:54.408+0000] {logging_mixin.py:188} INFO - [2026-07-15T15:44:54.404+0000] {dagbag.py:540} INFO - Filling up the DagBag from /opt/airflow/dags/silver_dag3.py
[2026-07-15T15:44:54.475+0000] {processor.py:840} INFO - DAG(s) 'silver_dag3' retrieved from /opt/airflow/dags/silver_dag3.py
[2026-07-15T15:44:54.530+0000] {logging_mixin.py:188} INFO - [2026-07-15T15:44:54.529+0000] {dag.py:3096} INFO - Sync 1 DAGs
[2026-07-15T15:44:54.587+0000] {logging_mixin.py:188} INFO - [2026-07-15T15:44:54.587+0000] {dag.py:3954} INFO - Setting next_dagrun for silver_dag3 to 2026-07-15 14:00:00+00:00, run_after=2026-07-15 15:00:00+00:00
[2026-07-15T15:44:54.635+0000] {processor.py:183} INFO - Processing /opt/airflow/dags/silver_dag3.py took 0.260 seconds
[2026-07-15T15:45:24.783+0000] {processor.py:161} INFO - Started process (PID=345) to work on /opt/airflow/dags/silver_dag3.py
[2026-07-15T15:45:24.786+0000] {processor.py:830} INFO - Processing file /opt/airflow/dags/silver_dag3.py for tasks to queue
[2026-07-15T15:45:24.791+0000] {logging_mixin.py:188} INFO - [2026-07-15T15:45:24.791+0000] {dagbag.py:540} INFO - Filling up the DagBag from /opt/airflow/dags/silver_dag3.py
[2026-07-15T15:45:24.848+0000] {processor.py:840} INFO - DAG(s) 'silver_dag3' retrieved from /opt/airflow/dags/silver_dag3.py
[2026-07-15T15:45:24.917+0000] {logging_mixin.py:188} INFO - [2026-07-15T15:45:24.915+0000] {dag.py:3096} INFO - Sync 1 DAGs
[2026-07-15T15:45:24.982+0000] {logging_mixin.py:188} INFO - [2026-07-15T15:45:24.981+0000] {dag.py:3954} INFO - Setting next_dagrun for silver_dag3 to 2026-07-15 14:00:00+00:00, run_after=2026-07-15 15:00:00+00:00
[2026-07-15T15:45:25.064+0000] {processor.py:183} INFO - Processing /opt/airflow/dags/silver_dag3.py took 0.295 seconds
[2026-07-15T15:45:55.554+0000] {processor.py:161} INFO - Started process (PID=370) to work on /opt/airflow/dags/silver_dag3.py
[2026-07-15T15:45:55.557+0000] {processor.py:830} INFO - Processing file /opt/airflow/dags/silver_dag3.py for tasks to queue
[2026-07-15T15:45:55.564+0000] {logging_mixin.py:188} INFO - [2026-07-15T15:45:55.563+0000] {dagbag.py:540} INFO - Filling up the DagBag from /opt/airflow/dags/silver_dag3.py
[2026-07-15T15:45:55.632+0000] {processor.py:840} INFO - DAG(s) 'silver_dag3' retrieved from /opt/airflow/dags/silver_dag3.py
[2026-07-15T15:45:55.723+0000] {logging_mixin.py:188} INFO - [2026-07-15T15:45:55.722+0000] {dag.py:3096} INFO - Sync 1 DAGs
[2026-07-15T15:45:55.775+0000] {logging_mixin.py:188} INFO - [2026-07-15T15:45:55.775+0000] {dag.py:3954} INFO - Setting next_dagrun for silver_dag3 to 2026-07-15 14:00:00+00:00, run_after=2026-07-15 15:00:00+00:00
[2026-07-15T15:45:55.821+0000] {processor.py:183} INFO - Processing /opt/airflow/dags/silver_dag3.py took 0.276 seconds
[2026-07-15T15:46:26.323+0000] {processor.py:161} INFO - Started process (PID=393) to work on /opt/airflow/dags/silver_dag3.py
[2026-07-15T15:46:26.324+0000] {processor.py:830} INFO - Processing file /opt/airflow/dags/silver_dag3.py for tasks to queue
[2026-07-15T15:46:26.327+0000] {logging_mixin.py:188} INFO - [2026-07-15T15:46:26.327+0000] {dagbag.py:540} INFO - Filling up the DagBag from /opt/airflow/dags/silver_dag3.py
[2026-07-15T15:46:26.357+0000] {processor.py:840} INFO - DAG(s) 'silver_dag3' retrieved from /opt/airflow/dags/silver_dag3.py
[2026-07-15T15:46:26.394+0000] {logging_mixin.py:188} INFO - [2026-07-15T15:46:26.394+0000] {dag.py:3096} INFO - Sync 1 DAGs
[2026-07-15T15:46:26.429+0000] {logging_mixin.py:188} INFO - [2026-07-15T15:46:26.429+0000] {dag.py:3954} INFO - Setting next_dagrun for silver_dag3 to 2026-07-15 14:00:00+00:00, run_after=2026-07-15 15:00:00+00:00
[2026-07-15T15:46:26.457+0000] {processor.py:183} INFO - Processing /opt/airflow/dags/silver_dag3.py took 0.142 seconds
[2026-07-15T15:46:57.068+0000] {processor.py:161} INFO - Started process (PID=418) to work on /opt/airflow/dags/silver_dag3.py
[2026-07-15T15:46:57.070+0000] {processor.py:830} INFO - Processing file /opt/airflow/dags/silver_dag3.py for tasks to queue
[2026-07-15T15:46:57.074+0000] {logging_mixin.py:188} INFO - [2026-07-15T15:46:57.073+0000] {dagbag.py:540} INFO - Filling up the DagBag from /opt/airflow/dags/silver_dag3.py
[2026-07-15T15:46:57.098+0000] {processor.py:840} INFO - DAG(s) 'silver_dag3' retrieved from /opt/airflow/dags/silver_dag3.py
[2026-07-15T15:46:57.127+0000] {logging_mixin.py:188} INFO - [2026-07-15T15:46:57.126+0000] {dag.py:3096} INFO - Sync 1 DAGs
[2026-07-15T15:46:57.152+0000] {logging_mixin.py:188} INFO - [2026-07-15T15:46:57.151+0000] {dag.py:3954} INFO - Setting next_dagrun for silver_dag3 to 2026-07-15 14:00:00+00:00, run_after=2026-07-15 15:00:00+00:00
[2026-07-15T15:46:57.191+0000] {processor.py:183} INFO - Processing /opt/airflow/dags/silver_dag3.py took 0.133 seconds
[2026-07-15T15:47:27.931+0000] {processor.py:161} INFO - Started process (PID=443) to work on /opt/airflow/dags/silver_dag3.py
[2026-07-15T15:47:27.934+0000] {processor.py:830} INFO - Processing file /opt/airflow/dags/silver_dag3.py for tasks to queue
[2026-07-15T15:47:27.945+0000] {logging_mixin.py:188} INFO - [2026-07-15T15:47:27.944+0000] {dagbag.py:540} INFO - Filling up the DagBag from /opt/airflow/dags/silver_dag3.py
[2026-07-15T15:47:28.021+0000] {processor.py:840} INFO - DAG(s) 'silver_dag3' retrieved from /opt/airflow/dags/silver_dag3.py
[2026-07-15T15:47:28.131+0000] {logging_mixin.py:188} INFO - [2026-07-15T15:47:28.131+0000] {dag.py:3096} INFO - Sync 1 DAGs
[2026-07-15T15:47:28.237+0000] {logging_mixin.py:188} INFO - [2026-07-15T15:47:28.236+0000] {dag.py:3954} INFO - Setting next_dagrun for silver_dag3 to 2026-07-15 14:00:00+00:00, run_after=2026-07-15 15:00:00+00:00
[2026-07-15T15:47:28.332+0000] {processor.py:183} INFO - Processing /opt/airflow/dags/silver_dag3.py took 0.418 seconds
[2026-07-15T15:47:58.992+0000] {processor.py:161} INFO - Started process (PID=485) to work on /opt/airflow/dags/silver_dag3.py
[2026-07-15T15:47:58.994+0000] {processor.py:830} INFO - Processing file /opt/airflow/dags/silver_dag3.py for tasks to queue
[2026-07-15T15:47:58.998+0000] {logging_mixin.py:188} INFO - [2026-07-15T15:47:58.998+0000] {dagbag.py:540} INFO - Filling up the DagBag from /opt/airflow/dags/silver_dag3.py
[2026-07-15T15:47:59.050+0000] {processor.py:840} INFO - DAG(s) 'silver_dag3' retrieved from /opt/airflow/dags/silver_dag3.py
[2026-07-15T15:47:59.110+0000] {logging_mixin.py:188} INFO - [2026-07-15T15:47:59.110+0000] {dag.py:3096} INFO - Sync 1 DAGs
[2026-07-15T15:47:59.231+0000] {logging_mixin.py:188} INFO - [2026-07-15T15:47:59.230+0000] {dag.py:3954} INFO - Setting next_dagrun for silver_dag3 to 2026-07-15 14:00:00+00:00, run_after=2026-07-15 15:00:00+00:00
[2026-07-15T15:47:59.299+0000] {processor.py:183} INFO - Processing /opt/airflow/dags/silver_dag3.py took 0.320 seconds
[2026-07-15T15:48:30.894+0000] {processor.py:161} INFO - Started process (PID=512) to work on /opt/airflow/dags/silver_dag3.py
[2026-07-15T15:48:30.901+0000] {processor.py:830} INFO - Processing file /opt/airflow/dags/silver_dag3.py for tasks to queue
[2026-07-15T15:48:30.910+0000] {logging_mixin.py:188} INFO - [2026-07-15T15:48:30.909+0000] {dagbag.py:540} INFO - Filling up the DagBag from /opt/airflow/dags/silver_dag3.py
[2026-07-15T15:48:31.099+0000] {processor.py:840} INFO - DAG(s) 'silver_dag3' retrieved from /opt/airflow/dags/silver_dag3.py
[2026-07-15T15:48:31.407+0000] {logging_mixin.py:188} INFO - [2026-07-15T15:48:31.406+0000] {dag.py:3096} INFO - Sync 1 DAGs
[2026-07-15T15:48:31.684+0000] {logging_mixin.py:188} INFO - [2026-07-15T15:48:31.680+0000] {dag.py:3954} INFO - Setting next_dagrun for silver_dag3 to 2026-07-15 14:00:00+00:00, run_after=2026-07-15 15:00:00+00:00
[2026-07-15T15:48:31.809+0000] {processor.py:183} INFO - Processing /opt/airflow/dags/silver_dag3.py took 0.952 seconds
[2026-07-15T15:49:02.338+0000] {processor.py:161} INFO - Started process (PID=537) to work on /opt/airflow/dags/silver_dag3.py
[2026-07-15T15:49:02.342+0000] {processor.py:830} INFO - Processing file /opt/airflow/dags/silver_dag3.py for tasks to queue
[2026-07-15T15:49:02.355+0000] {logging_mixin.py:188} INFO - [2026-07-15T15:49:02.353+0000] {dagbag.py:540} INFO - Filling up the DagBag from /opt/airflow/dags/silver_dag3.py
[2026-07-15T15:49:02.469+0000] {processor.py:840} INFO - DAG(s) 'silver_dag3' retrieved from /opt/airflow/dags/silver_dag3.py
[2026-07-15T15:49:02.580+0000] {logging_mixin.py:188} INFO - [2026-07-15T15:49:02.579+0000] {dag.py:3096} INFO - Sync 1 DAGs
[2026-07-15T15:49:02.682+0000] {logging_mixin.py:188} INFO - [2026-07-15T15:49:02.681+0000] {dag.py:3954} INFO - Setting next_dagrun for silver_dag3 to 2026-07-15 14:00:00+00:00, run_after=2026-07-15 15:00:00+00:00
[2026-07-15T15:49:02.786+0000] {processor.py:183} INFO - Processing /opt/airflow/dags/silver_dag3.py took 0.482 seconds
[2026-07-15T15:49:33.049+0000] {processor.py:161} INFO - Started process (PID=562) to work on /opt/airflow/dags/silver_dag3.py
[2026-07-15T15:49:33.053+0000] {processor.py:830} INFO - Processing file /opt/airflow/dags/silver_dag3.py for tasks to queue
[2026-07-15T15:49:33.058+0000] {logging_mixin.py:188} INFO - [2026-07-15T15:49:33.058+0000] {dagbag.py:540} INFO - Filling up the DagBag from /opt/airflow/dags/silver_dag3.py
[2026-07-15T15:49:33.099+0000] {processor.py:840} INFO - DAG(s) 'silver_dag3' retrieved from /opt/airflow/dags/silver_dag3.py
[2026-07-15T15:49:33.166+0000] {logging_mixin.py:188} INFO - [2026-07-15T15:49:33.166+0000] {dag.py:3096} INFO - Sync 1 DAGs
[2026-07-15T15:49:33.208+0000] {logging_mixin.py:188} INFO - [2026-07-15T15:49:33.208+0000] {dag.py:3954} INFO - Setting next_dagrun for silver_dag3 to 2026-07-15 14:00:00+00:00, run_after=2026-07-15 15:00:00+00:00
[2026-07-15T15:49:33.241+0000] {processor.py:183} INFO - Processing /opt/airflow/dags/silver_dag3.py took 0.202 seconds
[2026-07-15T15:50:03.961+0000] {processor.py:161} INFO - Started process (PID=585) to work on /opt/airflow/dags/silver_dag3.py
[2026-07-15T15:50:03.963+0000] {processor.py:830} INFO - Processing file /opt/airflow/dags/silver_dag3.py for tasks to queue
[2026-07-15T15:50:03.967+0000] {logging_mixin.py:188} INFO - [2026-07-15T15:50:03.966+0000] {dagbag.py:540} INFO - Filling up the DagBag from /opt/airflow/dags/silver_dag3.py
[2026-07-15T15:50:03.996+0000] {processor.py:840} INFO - DAG(s) 'silver_dag3' retrieved from /opt/airflow/dags/silver_dag3.py
[2026-07-15T15:50:04.028+0000] {logging_mixin.py:188} INFO - [2026-07-15T15:50:04.028+0000] {dag.py:3096} INFO - Sync 1 DAGs
[2026-07-15T15:50:04.057+0000] {logging_mixin.py:188} INFO - [2026-07-15T15:50:04.057+0000] {dag.py:3954} INFO - Setting next_dagrun for silver_dag3 to 2026-07-15 14:00:00+00:00, run_after=2026-07-15 15:00:00+00:00
[2026-07-15T15:50:04.086+0000] {processor.py:183} INFO - Processing /opt/airflow/dags/silver_dag3.py took 0.133 seconds
[2026-07-15T18:45:51.430+0000] {processor.py:161} INFO - Started process (PID=615) to work on /opt/airflow/dags/silver_dag3.py
[2026-07-15T18:45:51.454+0000] {processor.py:830} INFO - Processing file /opt/airflow/dags/silver_dag3.py for tasks to queue
[2026-07-15T18:45:51.469+0000] {logging_mixin.py:188} INFO - [2026-07-15T18:45:51.468+0000] {dagbag.py:540} INFO - Filling up the DagBag from /opt/airflow/dags/silver_dag3.py
[2026-07-15T18:45:51.638+0000] {processor.py:840} INFO - DAG(s) 'silver_dag3' retrieved from /opt/airflow/dags/silver_dag3.py
[2026-07-15T18:45:51.750+0000] {logging_mixin.py:188} INFO - [2026-07-15T18:45:51.740+0000] {dag.py:3096} INFO - Sync 1 DAGs
[2026-07-15T18:45:51.892+0000] {logging_mixin.py:188} INFO - [2026-07-15T18:45:51.891+0000] {dag.py:3954} INFO - Setting next_dagrun for silver_dag3 to 2026-07-15 17:00:00+00:00, run_after=2026-07-15 18:00:00+00:00
[2026-07-15T18:45:52.020+0000] {processor.py:183} INFO - Processing /opt/airflow/dags/silver_dag3.py took 0.605 seconds
