[2026-07-22T06:09:21.629+0000] {processor.py:161} INFO - Started process (PID=17748) to work on /opt/airflow/dags/sdp_pipeline_dag.py
[2026-07-22T06:09:21.632+0000] {processor.py:830} INFO - Processing file /opt/airflow/dags/sdp_pipeline_dag.py for tasks to queue
[2026-07-22T06:09:21.639+0000] {logging_mixin.py:188} INFO - [2026-07-22T06:09:21.638+0000] {dagbag.py:540} INFO - Filling up the DagBag from /opt/airflow/dags/sdp_pipeline_dag.py
[2026-07-22T06:09:21.802+0000] {processor.py:840} INFO - DAG(s) 'e-commerce_kafka_streaming_pipeline_v1' retrieved from /opt/airflow/dags/sdp_pipeline_dag.py
[2026-07-22T06:09:21.951+0000] {logging_mixin.py:188} INFO - [2026-07-22T06:09:21.950+0000] {dag.py:3096} INFO - Sync 1 DAGs
[2026-07-22T06:09:22.123+0000] {logging_mixin.py:188} INFO - [2026-07-22T06:09:22.123+0000] {dag.py:3954} INFO - Setting next_dagrun for e-commerce_kafka_streaming_pipeline_v1 to 2026-07-22 06:00:00+00:00, run_after=2026-07-22 07:00:00+00:00
[2026-07-22T06:09:23.209+0000] {processor.py:183} INFO - Processing /opt/airflow/dags/sdp_pipeline_dag.py took 1.615 seconds
[2026-07-22T06:09:54.440+0000] {processor.py:161} INFO - Started process (PID=17812) to work on /opt/airflow/dags/sdp_pipeline_dag.py
[2026-07-22T06:09:54.448+0000] {processor.py:830} INFO - Processing file /opt/airflow/dags/sdp_pipeline_dag.py for tasks to queue
[2026-07-22T06:09:54.458+0000] {logging_mixin.py:188} INFO - [2026-07-22T06:09:54.457+0000] {dagbag.py:540} INFO - Filling up the DagBag from /opt/airflow/dags/sdp_pipeline_dag.py
[2026-07-22T06:09:54.622+0000] {processor.py:840} INFO - DAG(s) 'e-commerce_kafka_streaming_pipeline_v1' retrieved from /opt/airflow/dags/sdp_pipeline_dag.py
[2026-07-22T06:09:54.812+0000] {logging_mixin.py:188} INFO - [2026-07-22T06:09:54.811+0000] {dag.py:3096} INFO - Sync 1 DAGs
[2026-07-22T06:09:55.098+0000] {logging_mixin.py:188} INFO - [2026-07-22T06:09:55.098+0000] {dag.py:3954} INFO - Setting next_dagrun for e-commerce_kafka_streaming_pipeline_v1 to 2026-07-22 06:00:00+00:00, run_after=2026-07-22 07:00:00+00:00
[2026-07-22T06:09:55.339+0000] {processor.py:183} INFO - Processing /opt/airflow/dags/sdp_pipeline_dag.py took 0.965 seconds
[2026-07-22T06:10:27.095+0000] {processor.py:161} INFO - Started process (PID=17817) to work on /opt/airflow/dags/sdp_pipeline_dag.py
[2026-07-22T06:10:27.122+0000] {processor.py:830} INFO - Processing file /opt/airflow/dags/sdp_pipeline_dag.py for tasks to queue
[2026-07-22T06:10:27.143+0000] {logging_mixin.py:188} INFO - [2026-07-22T06:10:27.139+0000] {dagbag.py:540} INFO - Filling up the DagBag from /opt/airflow/dags/sdp_pipeline_dag.py
[2026-07-22T06:10:27.685+0000] {processor.py:840} INFO - DAG(s) 'e-commerce_kafka_streaming_pipeline_v1' retrieved from /opt/airflow/dags/sdp_pipeline_dag.py
[2026-07-22T06:10:28.199+0000] {logging_mixin.py:188} INFO - [2026-07-22T06:10:28.199+0000] {dag.py:3096} INFO - Sync 1 DAGs
[2026-07-22T06:10:28.514+0000] {logging_mixin.py:188} INFO - [2026-07-22T06:10:28.513+0000] {dag.py:3954} INFO - Setting next_dagrun for e-commerce_kafka_streaming_pipeline_v1 to 2026-07-22 06:00:00+00:00, run_after=2026-07-22 07:00:00+00:00
[2026-07-22T06:10:28.678+0000] {processor.py:183} INFO - Processing /opt/airflow/dags/sdp_pipeline_dag.py took 1.918 seconds
[2026-07-22T06:10:59.148+0000] {processor.py:161} INFO - Started process (PID=17822) to work on /opt/airflow/dags/sdp_pipeline_dag.py
[2026-07-22T06:10:59.152+0000] {processor.py:830} INFO - Processing file /opt/airflow/dags/sdp_pipeline_dag.py for tasks to queue
[2026-07-22T06:10:59.164+0000] {logging_mixin.py:188} INFO - [2026-07-22T06:10:59.155+0000] {dagbag.py:540} INFO - Filling up the DagBag from /opt/airflow/dags/sdp_pipeline_dag.py
[2026-07-22T06:10:59.342+0000] {processor.py:840} INFO - DAG(s) 'e-commerce_kafka_streaming_pipeline_v1' retrieved from /opt/airflow/dags/sdp_pipeline_dag.py
[2026-07-22T06:10:59.524+0000] {logging_mixin.py:188} INFO - [2026-07-22T06:10:59.522+0000] {dag.py:3096} INFO - Sync 1 DAGs
[2026-07-22T06:10:59.811+0000] {logging_mixin.py:188} INFO - [2026-07-22T06:10:59.810+0000] {dag.py:3954} INFO - Setting next_dagrun for e-commerce_kafka_streaming_pipeline_v1 to 2026-07-22 06:00:00+00:00, run_after=2026-07-22 07:00:00+00:00
[2026-07-22T06:10:59.957+0000] {processor.py:183} INFO - Processing /opt/airflow/dags/sdp_pipeline_dag.py took 0.878 seconds
[2026-07-22T06:11:34.200+0000] {processor.py:161} INFO - Started process (PID=17827) to work on /opt/airflow/dags/sdp_pipeline_dag.py
[2026-07-22T06:11:35.384+0000] {processor.py:830} INFO - Processing file /opt/airflow/dags/sdp_pipeline_dag.py for tasks to queue
[2026-07-22T06:11:36.560+0000] {logging_mixin.py:188} INFO - [2026-07-22T06:11:35.976+0000] {dagbag.py:540} INFO - Filling up the DagBag from /opt/airflow/dags/sdp_pipeline_dag.py
[2026-07-22T06:11:49.179+0000] {processor.py:840} INFO - DAG(s) 'e-commerce_kafka_streaming_pipeline_v1' retrieved from /opt/airflow/dags/sdp_pipeline_dag.py
[2026-07-22T06:13:50.336+0000] {processor.py:161} INFO - Started process (PID=17836) to work on /opt/airflow/dags/sdp_pipeline_dag.py
[2026-07-22T06:13:50.337+0000] {processor.py:830} INFO - Processing file /opt/airflow/dags/sdp_pipeline_dag.py for tasks to queue
[2026-07-22T06:13:50.339+0000] {logging_mixin.py:188} INFO - [2026-07-22T06:13:50.338+0000] {dagbag.py:540} INFO - Filling up the DagBag from /opt/airflow/dags/sdp_pipeline_dag.py
[2026-07-22T06:13:50.369+0000] {processor.py:840} INFO - DAG(s) 'e-commerce_kafka_streaming_pipeline_v1' retrieved from /opt/airflow/dags/sdp_pipeline_dag.py
[2026-07-22T06:13:51.904+0000] {logging_mixin.py:188} INFO - [2026-07-22T06:13:51.903+0000] {dag.py:3096} INFO - Sync 1 DAGs
[2026-07-22T06:13:51.927+0000] {logging_mixin.py:188} INFO - [2026-07-22T06:13:51.926+0000] {dag.py:3954} INFO - Setting next_dagrun for e-commerce_kafka_streaming_pipeline_v1 to 2026-07-22 06:00:00+00:00, run_after=2026-07-22 07:00:00+00:00
[2026-07-22T06:13:51.949+0000] {processor.py:183} INFO - Processing /opt/airflow/dags/sdp_pipeline_dag.py took 1.623 seconds
[2026-07-22T06:14:22.765+0000] {processor.py:161} INFO - Started process (PID=17841) to work on /opt/airflow/dags/sdp_pipeline_dag.py
[2026-07-22T06:14:22.767+0000] {processor.py:830} INFO - Processing file /opt/airflow/dags/sdp_pipeline_dag.py for tasks to queue
[2026-07-22T06:14:22.774+0000] {logging_mixin.py:188} INFO - [2026-07-22T06:14:22.773+0000] {dagbag.py:540} INFO - Filling up the DagBag from /opt/airflow/dags/sdp_pipeline_dag.py
[2026-07-22T06:14:22.813+0000] {processor.py:840} INFO - DAG(s) 'e-commerce_kafka_streaming_pipeline_v1' retrieved from /opt/airflow/dags/sdp_pipeline_dag.py
[2026-07-22T06:14:22.898+0000] {logging_mixin.py:188} INFO - [2026-07-22T06:14:22.897+0000] {dag.py:3096} INFO - Sync 1 DAGs
[2026-07-22T06:14:22.959+0000] {logging_mixin.py:188} INFO - [2026-07-22T06:14:22.959+0000] {dag.py:3954} INFO - Setting next_dagrun for e-commerce_kafka_streaming_pipeline_v1 to 2026-07-22 06:00:00+00:00, run_after=2026-07-22 07:00:00+00:00
[2026-07-22T06:14:23.002+0000] {processor.py:183} INFO - Processing /opt/airflow/dags/sdp_pipeline_dag.py took 0.255 seconds
[2026-07-22T06:14:53.817+0000] {processor.py:161} INFO - Started process (PID=17846) to work on /opt/airflow/dags/sdp_pipeline_dag.py
[2026-07-22T06:14:53.818+0000] {processor.py:830} INFO - Processing file /opt/airflow/dags/sdp_pipeline_dag.py for tasks to queue
[2026-07-22T06:14:53.820+0000] {logging_mixin.py:188} INFO - [2026-07-22T06:14:53.819+0000] {dagbag.py:540} INFO - Filling up the DagBag from /opt/airflow/dags/sdp_pipeline_dag.py
[2026-07-22T06:14:53.837+0000] {processor.py:840} INFO - DAG(s) 'e-commerce_kafka_streaming_pipeline_v1' retrieved from /opt/airflow/dags/sdp_pipeline_dag.py
[2026-07-22T06:14:53.866+0000] {logging_mixin.py:188} INFO - [2026-07-22T06:14:53.865+0000] {dag.py:3096} INFO - Sync 1 DAGs
[2026-07-22T06:14:53.893+0000] {logging_mixin.py:188} INFO - [2026-07-22T06:14:53.892+0000] {dag.py:3954} INFO - Setting next_dagrun for e-commerce_kafka_streaming_pipeline_v1 to 2026-07-22 06:00:00+00:00, run_after=2026-07-22 07:00:00+00:00
[2026-07-22T06:14:53.916+0000] {processor.py:183} INFO - Processing /opt/airflow/dags/sdp_pipeline_dag.py took 0.104 seconds
[2026-07-22T06:15:24.810+0000] {processor.py:161} INFO - Started process (PID=17851) to work on /opt/airflow/dags/sdp_pipeline_dag.py
[2026-07-22T06:15:24.811+0000] {processor.py:830} INFO - Processing file /opt/airflow/dags/sdp_pipeline_dag.py for tasks to queue
[2026-07-22T06:15:24.813+0000] {logging_mixin.py:188} INFO - [2026-07-22T06:15:24.812+0000] {dagbag.py:540} INFO - Filling up the DagBag from /opt/airflow/dags/sdp_pipeline_dag.py
[2026-07-22T06:15:24.830+0000] {processor.py:840} INFO - DAG(s) 'e-commerce_kafka_streaming_pipeline_v1' retrieved from /opt/airflow/dags/sdp_pipeline_dag.py
[2026-07-22T06:15:24.859+0000] {logging_mixin.py:188} INFO - [2026-07-22T06:15:24.859+0000] {dag.py:3096} INFO - Sync 1 DAGs
[2026-07-22T06:15:24.882+0000] {logging_mixin.py:188} INFO - [2026-07-22T06:15:24.881+0000] {dag.py:3954} INFO - Setting next_dagrun for e-commerce_kafka_streaming_pipeline_v1 to 2026-07-22 06:00:00+00:00, run_after=2026-07-22 07:00:00+00:00
[2026-07-22T06:15:24.906+0000] {processor.py:183} INFO - Processing /opt/airflow/dags/sdp_pipeline_dag.py took 0.102 seconds
[2026-07-22T06:15:55.109+0000] {processor.py:161} INFO - Started process (PID=17904) to work on /opt/airflow/dags/sdp_pipeline_dag.py
[2026-07-22T06:15:55.112+0000] {processor.py:830} INFO - Processing file /opt/airflow/dags/sdp_pipeline_dag.py for tasks to queue
[2026-07-22T06:15:55.120+0000] {logging_mixin.py:188} INFO - [2026-07-22T06:15:55.120+0000] {dagbag.py:540} INFO - Filling up the DagBag from /opt/airflow/dags/sdp_pipeline_dag.py
[2026-07-22T06:15:55.253+0000] {processor.py:840} INFO - DAG(s) 'e-commerce_kafka_streaming_pipeline_v1' retrieved from /opt/airflow/dags/sdp_pipeline_dag.py
[2026-07-22T06:15:55.627+0000] {logging_mixin.py:188} INFO - [2026-07-22T06:15:55.627+0000] {dag.py:3096} INFO - Sync 1 DAGs
[2026-07-22T06:15:55.880+0000] {logging_mixin.py:188} INFO - [2026-07-22T06:15:55.874+0000] {dag.py:3954} INFO - Setting next_dagrun for e-commerce_kafka_streaming_pipeline_v1 to 2026-07-22 06:00:00+00:00, run_after=2026-07-22 07:00:00+00:00
[2026-07-22T06:15:55.943+0000] {processor.py:183} INFO - Processing /opt/airflow/dags/sdp_pipeline_dag.py took 0.854 seconds
[2026-07-22T06:16:27.118+0000] {processor.py:161} INFO - Started process (PID=17909) to work on /opt/airflow/dags/sdp_pipeline_dag.py
[2026-07-22T06:16:27.159+0000] {processor.py:830} INFO - Processing file /opt/airflow/dags/sdp_pipeline_dag.py for tasks to queue
[2026-07-22T06:16:27.186+0000] {logging_mixin.py:188} INFO - [2026-07-22T06:16:27.165+0000] {dagbag.py:540} INFO - Filling up the DagBag from /opt/airflow/dags/sdp_pipeline_dag.py
[2026-07-22T06:16:27.843+0000] {processor.py:840} INFO - DAG(s) 'e-commerce_kafka_streaming_pipeline_v1' retrieved from /opt/airflow/dags/sdp_pipeline_dag.py
[2026-07-22T06:17:14.363+0000] {processor.py:186} ERROR - Got an exception! Propagating...
Traceback (most recent call last):
  File "/home/airflow/.local/lib/python3.12/site-packages/sqlalchemy/engine/base.py", line 3371, in _wrap_pool_connect
    return fn()
           ^^^^
  File "/home/airflow/.local/lib/python3.12/site-packages/sqlalchemy/pool/base.py", line 327, in connect
    return _ConnectionFairy._checkout(self)
           ^^^^^^^^^^^^^^^^^^^^^^^^^^^^^^^^
  File "/home/airflow/.local/lib/python3.12/site-packages/sqlalchemy/pool/base.py", line 894, in _checkout
    fairy = _ConnectionRecord.checkout(pool)
            ^^^^^^^^^^^^^^^^^^^^^^^^^^^^^^^^
  File "/home/airflow/.local/lib/python3.12/site-packages/sqlalchemy/pool/base.py", line 493, in checkout
    rec = pool._do_get()
          ^^^^^^^^^^^^^^
  File "/home/airflow/.local/lib/python3.12/site-packages/sqlalchemy/pool/impl.py", line 145, in _do_get
    with util.safe_reraise():
  File "/home/airflow/.local/lib/python3.12/site-packages/sqlalchemy/util/langhelpers.py", line 70, in __exit__
    compat.raise_(
  File "/home/airflow/.local/lib/python3.12/site-packages/sqlalchemy/util/compat.py", line 211, in raise_
    raise exception
  File "/home/airflow/.local/lib/python3.12/site-packages/sqlalchemy/pool/impl.py", line 143, in _do_get
    return self._create_connection()
           ^^^^^^^^^^^^^^^^^^^^^^^^^
  File "/home/airflow/.local/lib/python3.12/site-packages/sqlalchemy/pool/base.py", line 273, in _create_connection
    return _ConnectionRecord(self)
           ^^^^^^^^^^^^^^^^^^^^^^^
  File "/home/airflow/.local/lib/python3.12/site-packages/sqlalchemy/pool/base.py", line 388, in __init__
    self.__connect()
  File "/home/airflow/.local/lib/python3.12/site-packages/sqlalchemy/pool/base.py", line 690, in __connect
    with util.safe_reraise():
  File "/home/airflow/.local/lib/python3.12/site-packages/sqlalchemy/util/langhelpers.py", line 70, in __exit__
    compat.raise_(
  File "/home/airflow/.local/lib/python3.12/site-packages/sqlalchemy/util/compat.py", line 211, in raise_
    raise exception
  File "/home/airflow/.local/lib/python3.12/site-packages/sqlalchemy/pool/base.py", line 686, in __connect
    self.dbapi_connection = connection = pool._invoke_creator(self)
                                         ^^^^^^^^^^^^^^^^^^^^^^^^^^
  File "/home/airflow/.local/lib/python3.12/site-packages/sqlalchemy/engine/create.py", line 574, in connect
    return dialect.connect(*cargs, **cparams)
           ^^^^^^^^^^^^^^^^^^^^^^^^^^^^^^^^^^
  File "/home/airflow/.local/lib/python3.12/site-packages/sqlalchemy/engine/default.py", line 598, in connect
    return self.dbapi.connect(*cargs, **cparams)
           ^^^^^^^^^^^^^^^^^^^^^^^^^^^^^^^^^^^^^
  File "/home/airflow/.local/lib/python3.12/site-packages/psycopg2/__init__.py", line 122, in connect
    conn = _connect(dsn, connection_factory=connection_factory, **kwasync)
           ^^^^^^^^^^^^^^^^^^^^^^^^^^^^^^^^^^^^^^^^^^^^^^^^^^^^^^^^^^^^^^^
psycopg2.OperationalError: could not translate host name "postgres" to address: Temporary failure in name resolution


The above exception was the direct cause of the following exception:

Traceback (most recent call last):
  File "/home/airflow/.local/lib/python3.12/site-packages/airflow/dag_processing/processor.py", line 182, in _run_file_processor
    _handle_dag_file_processing()
  File "/home/airflow/.local/lib/python3.12/site-packages/airflow/dag_processing/processor.py", line 163, in _handle_dag_file_processing
    result: tuple[int, int] = dag_file_processor.process_file(
                              ^^^^^^^^^^^^^^^^^^^^^^^^^^^^^^^^
  File "/home/airflow/.local/lib/python3.12/site-packages/airflow/utils/session.py", line 79, in wrapper
    return func(*args, session=session, **kwargs)
           ^^^^^^^^^^^^^^^^^^^^^^^^^^^^^^^^^^^^^^
  File "/home/airflow/.local/lib/python3.12/site-packages/airflow/dag_processing/processor.py", line 859, in process_file
    serialize_errors = DagFileProcessor.save_dag_to_db(
                       ^^^^^^^^^^^^^^^^^^^^^^^^^^^^^^^^
  File "/home/airflow/.local/lib/python3.12/site-packages/airflow/api_internal/internal_api_call.py", line 115, in wrapper
    return func(*args, **kwargs)
           ^^^^^^^^^^^^^^^^^^^^^
  File "/home/airflow/.local/lib/python3.12/site-packages/airflow/utils/session.py", line 79, in wrapper
    return func(*args, session=session, **kwargs)
           ^^^^^^^^^^^^^^^^^^^^^^^^^^^^^^^^^^^^^^
  File "/home/airflow/.local/lib/python3.12/site-packages/airflow/dag_processing/processor.py", line 895, in save_dag_to_db
    import_errors = DagBag._sync_to_db(dags=dags, processor_subdir=dag_directory, session=session)
                    ^^^^^^^^^^^^^^^^^^^^^^^^^^^^^^^^^^^^^^^^^^^^^^^^^^^^^^^^^^^^^^^^^^^^^^^^^^^^^^
  File "/home/airflow/.local/lib/python3.12/site-packages/airflow/utils/session.py", line 76, in wrapper
    return func(*args, **kwargs)
           ^^^^^^^^^^^^^^^^^^^^^
  File "/home/airflow/.local/lib/python3.12/site-packages/airflow/models/dagbag.py", line 659, in _sync_to_db
    for attempt in run_with_db_retries(logger=log):
  File "/home/airflow/.local/lib/python3.12/site-packages/tenacity/__init__.py", line 347, in __iter__
    do = self.iter(retry_state=retry_state)
         ^^^^^^^^^^^^^^^^^^^^^^^^^^^^^^^^^^
  File "/home/airflow/.local/lib/python3.12/site-packages/tenacity/__init__.py", line 325, in iter
    raise retry_exc.reraise()
          ^^^^^^^^^^^^^^^^^^^
  File "/home/airflow/.local/lib/python3.12/site-packages/tenacity/__init__.py", line 158, in reraise
    raise self.last_attempt.result()
          ^^^^^^^^^^^^^^^^^^^^^^^^^^
  File "/usr/local/lib/python3.12/concurrent/futures/_base.py", line 449, in result
    return self.__get_result()
           ^^^^^^^^^^^^^^^^^^^
  File "/usr/local/lib/python3.12/concurrent/futures/_base.py", line 401, in __get_result
    raise self._exception
  File "/home/airflow/.local/lib/python3.12/site-packages/airflow/models/dagbag.py", line 672, in _sync_to_db
    _serialize_dag_capturing_errors(dag, session, processor_subdir)
  File "/home/airflow/.local/lib/python3.12/site-packages/airflow/models/dagbag.py", line 637, in _serialize_dag_capturing_errors
    dag_was_updated = SerializedDagModel.write_dag(
                      ^^^^^^^^^^^^^^^^^^^^^^^^^^^^^
  File "/home/airflow/.local/lib/python3.12/site-packages/airflow/utils/session.py", line 76, in wrapper
    return func(*args, **kwargs)
           ^^^^^^^^^^^^^^^^^^^^^
  File "/home/airflow/.local/lib/python3.12/site-packages/airflow/models/serialized_dag.py", line 158, in write_dag
    if session.scalar(
       ^^^^^^^^^^^^^^^
  File "/home/airflow/.local/lib/python3.12/site-packages/sqlalchemy/orm/session.py", line 1747, in scalar
    return self.execute(
           ^^^^^^^^^^^^^
  File "/home/airflow/.local/lib/python3.12/site-packages/sqlalchemy/orm/session.py", line 1716, in execute
    conn = self._connection_for_bind(bind)
           ^^^^^^^^^^^^^^^^^^^^^^^^^^^^^^^
  File "/home/airflow/.local/lib/python3.12/site-packages/sqlalchemy/orm/session.py", line 1555, in _connection_for_bind
    return self._transaction._connection_for_bind(
           ^^^^^^^^^^^^^^^^^^^^^^^^^^^^^^^^^^^^^^^
  File "/home/airflow/.local/lib/python3.12/site-packages/sqlalchemy/orm/session.py", line 750, in _connection_for_bind
    conn = bind.connect()
           ^^^^^^^^^^^^^^
  File "/home/airflow/.local/lib/python3.12/site-packages/sqlalchemy/future/engine.py", line 412, in connect
    return super(Engine, self).connect()
           ^^^^^^^^^^^^^^^^^^^^^^^^^^^^^
  File "/home/airflow/.local/lib/python3.12/site-packages/sqlalchemy/engine/base.py", line 3325, in connect
    return self._connection_cls(self, close_with_result=close_with_result)
           ^^^^^^^^^^^^^^^^^^^^^^^^^^^^^^^^^^^^^^^^^^^^^^^^^^^^^^^^^^^^^^^
  File "/home/airflow/.local/lib/python3.12/site-packages/sqlalchemy/engine/base.py", line 96, in __init__
    else engine.raw_connection()
         ^^^^^^^^^^^^^^^^^^^^^^^
  File "/home/airflow/.local/lib/python3.12/site-packages/sqlalchemy/engine/base.py", line 3404, in raw_connection
    return self._wrap_pool_connect(self.pool.connect, _connection)
           ^^^^^^^^^^^^^^^^^^^^^^^^^^^^^^^^^^^^^^^^^^^^^^^^^^^^^^^
  File "/home/airflow/.local/lib/python3.12/site-packages/sqlalchemy/engine/base.py", line 3374, in _wrap_pool_connect
    Connection._handle_dbapi_exception_noconnection(
  File "/home/airflow/.local/lib/python3.12/site-packages/sqlalchemy/engine/base.py", line 2208, in _handle_dbapi_exception_noconnection
    util.raise_(
  File "/home/airflow/.local/lib/python3.12/site-packages/sqlalchemy/util/compat.py", line 211, in raise_
    raise exception
  File "/home/airflow/.local/lib/python3.12/site-packages/sqlalchemy/engine/base.py", line 3371, in _wrap_pool_connect
    return fn()
           ^^^^
  File "/home/airflow/.local/lib/python3.12/site-packages/sqlalchemy/pool/base.py", line 327, in connect
    return _ConnectionFairy._checkout(self)
           ^^^^^^^^^^^^^^^^^^^^^^^^^^^^^^^^
  File "/home/airflow/.local/lib/python3.12/site-packages/sqlalchemy/pool/base.py", line 894, in _checkout
    fairy = _ConnectionRecord.checkout(pool)
            ^^^^^^^^^^^^^^^^^^^^^^^^^^^^^^^^
  File "/home/airflow/.local/lib/python3.12/site-packages/sqlalchemy/pool/base.py", line 493, in checkout
    rec = pool._do_get()
          ^^^^^^^^^^^^^^
  File "/home/airflow/.local/lib/python3.12/site-packages/sqlalchemy/pool/impl.py", line 145, in _do_get
    with util.safe_reraise():
  File "/home/airflow/.local/lib/python3.12/site-packages/sqlalchemy/util/langhelpers.py", line 70, in __exit__
    compat.raise_(
  File "/home/airflow/.local/lib/python3.12/site-packages/sqlalchemy/util/compat.py", line 211, in raise_
    raise exception
  File "/home/airflow/.local/lib/python3.12/site-packages/sqlalchemy/pool/impl.py", line 143, in _do_get
    return self._create_connection()
           ^^^^^^^^^^^^^^^^^^^^^^^^^
  File "/home/airflow/.local/lib/python3.12/site-packages/sqlalchemy/pool/base.py", line 273, in _create_connection
    return _ConnectionRecord(self)
           ^^^^^^^^^^^^^^^^^^^^^^^
  File "/home/airflow/.local/lib/python3.12/site-packages/sqlalchemy/pool/base.py", line 388, in __init__
    self.__connect()
  File "/home/airflow/.local/lib/python3.12/site-packages/sqlalchemy/pool/base.py", line 690, in __connect
    with util.safe_reraise():
  File "/home/airflow/.local/lib/python3.12/site-packages/sqlalchemy/util/langhelpers.py", line 70, in __exit__
    compat.raise_(
  File "/home/airflow/.local/lib/python3.12/site-packages/sqlalchemy/util/compat.py", line 211, in raise_
    raise exception
  File "/home/airflow/.local/lib/python3.12/site-packages/sqlalchemy/pool/base.py", line 686, in __connect
    self.dbapi_connection = connection = pool._invoke_creator(self)
                                         ^^^^^^^^^^^^^^^^^^^^^^^^^^
  File "/home/airflow/.local/lib/python3.12/site-packages/sqlalchemy/engine/create.py", line 574, in connect
    return dialect.connect(*cargs, **cparams)
           ^^^^^^^^^^^^^^^^^^^^^^^^^^^^^^^^^^
  File "/home/airflow/.local/lib/python3.12/site-packages/sqlalchemy/engine/default.py", line 598, in connect
    return self.dbapi.connect(*cargs, **cparams)
           ^^^^^^^^^^^^^^^^^^^^^^^^^^^^^^^^^^^^^
  File "/home/airflow/.local/lib/python3.12/site-packages/psycopg2/__init__.py", line 122, in connect
    conn = _connect(dsn, connection_factory=connection_factory, **kwasync)
           ^^^^^^^^^^^^^^^^^^^^^^^^^^^^^^^^^^^^^^^^^^^^^^^^^^^^^^^^^^^^^^^
sqlalchemy.exc.OperationalError: (psycopg2.OperationalError) could not translate host name "postgres" to address: Temporary failure in name resolution

(Background on this error at: https://sqlalche.me/e/14/e3q8)
[2026-07-22T06:23:38.063+0000] {processor.py:161} INFO - Started process (PID=17921) to work on /opt/airflow/dags/sdp_pipeline_dag.py
[2026-07-22T06:23:38.076+0000] {processor.py:830} INFO - Processing file /opt/airflow/dags/sdp_pipeline_dag.py for tasks to queue
[2026-07-22T06:23:38.104+0000] {logging_mixin.py:188} INFO - [2026-07-22T06:23:38.083+0000] {dagbag.py:540} INFO - Filling up the DagBag from /opt/airflow/dags/sdp_pipeline_dag.py
[2026-07-22T06:23:38.362+0000] {processor.py:840} INFO - DAG(s) 'e-commerce_kafka_streaming_pipeline_v1' retrieved from /opt/airflow/dags/sdp_pipeline_dag.py
[2026-07-22T06:23:38.516+0000] {logging_mixin.py:188} INFO - [2026-07-22T06:23:38.514+0000] {taskinstance.py:2892} ERROR - {'DAG Id': 'e-commerce_kafka_streaming_pipeline_v1', 'Task Id': 'run_bronze', 'Run Id': 'scheduled__2026-07-21T16:00:00+00:00', 'Hostname': 'da27550080bf'}
[2026-07-22T06:23:38.639+0000] {logging_mixin.py:188} INFO - [2026-07-22T06:23:38.639+0000] {taskinstance.py:1205} INFO - Marking task as FAILED. dag_id=e-commerce_kafka_streaming_pipeline_v1, task_id=run_bronze, execution_date=20260721T160000, start_date=20260722T061531, end_date=20260722T062338
[2026-07-22T06:23:38.749+0000] {processor.py:791} INFO - Executed failure callback for <TaskInstance: e-commerce_kafka_streaming_pipeline_v1.run_bronze scheduled__2026-07-21T16:00:00+00:00 [failed]> in state failed
[2026-07-22T06:23:41.238+0000] {logging_mixin.py:188} INFO - [2026-07-22T06:23:41.237+0000] {dag.py:3096} INFO - Sync 1 DAGs
[2026-07-22T06:23:41.266+0000] {logging_mixin.py:188} INFO - [2026-07-22T06:23:41.266+0000] {dag.py:3954} INFO - Setting next_dagrun for e-commerce_kafka_streaming_pipeline_v1 to 2026-07-22 06:00:00+00:00, run_after=2026-07-22 07:00:00+00:00
[2026-07-22T06:23:41.289+0000] {processor.py:183} INFO - Processing /opt/airflow/dags/sdp_pipeline_dag.py took 3.411 seconds
[2026-07-22T06:33:39.026+0000] {processor.py:161} INFO - Started process (PID=17928) to work on /opt/airflow/dags/sdp_pipeline_dag.py
[2026-07-22T06:33:39.035+0000] {processor.py:830} INFO - Processing file /opt/airflow/dags/sdp_pipeline_dag.py for tasks to queue
[2026-07-22T06:33:39.042+0000] {logging_mixin.py:188} INFO - [2026-07-22T06:33:39.039+0000] {dagbag.py:540} INFO - Filling up the DagBag from /opt/airflow/dags/sdp_pipeline_dag.py
[2026-07-22T06:33:39.177+0000] {processor.py:840} INFO - DAG(s) 'e-commerce_kafka_streaming_pipeline_v1' retrieved from /opt/airflow/dags/sdp_pipeline_dag.py
[2026-07-22T06:33:39.346+0000] {logging_mixin.py:188} INFO - [2026-07-22T06:33:39.345+0000] {taskinstance.py:2892} ERROR - {'DAG Id': 'e-commerce_kafka_streaming_pipeline_v1', 'Task Id': 'run_bronze', 'Run Id': 'scheduled__2026-07-21T14:00:00+00:00', 'Hostname': 'da27550080bf'}
[2026-07-22T06:33:39.423+0000] {logging_mixin.py:188} INFO - [2026-07-22T06:33:39.422+0000] {taskinstance.py:1205} INFO - Marking task as FAILED. dag_id=e-commerce_kafka_streaming_pipeline_v1, task_id=run_bronze, execution_date=20260721T140000, start_date=20260722T061531, end_date=20260722T063339
[2026-07-22T06:33:39.490+0000] {processor.py:791} INFO - Executed failure callback for <TaskInstance: e-commerce_kafka_streaming_pipeline_v1.run_bronze scheduled__2026-07-21T14:00:00+00:00 [failed]> in state failed
[2026-07-22T06:33:39.501+0000] {logging_mixin.py:188} INFO - [2026-07-22T06:33:39.501+0000] {taskinstance.py:2892} ERROR - {'DAG Id': 'e-commerce_kafka_streaming_pipeline_v1', 'Task Id': 'run_bronze', 'Run Id': 'scheduled__2026-07-21T17:00:00+00:00', 'Hostname': 'da27550080bf'}
[2026-07-22T06:33:39.537+0000] {logging_mixin.py:188} INFO - [2026-07-22T06:33:39.535+0000] {taskinstance.py:1205} INFO - Marking task as FAILED. dag_id=e-commerce_kafka_streaming_pipeline_v1, task_id=run_bronze, execution_date=20260721T170000, start_date=20260722T061531, end_date=20260722T063339
[2026-07-22T06:33:39.548+0000] {processor.py:791} INFO - Executed failure callback for <TaskInstance: e-commerce_kafka_streaming_pipeline_v1.run_bronze scheduled__2026-07-21T17:00:00+00:00 [failed]> in state failed
[2026-07-22T06:33:39.555+0000] {logging_mixin.py:188} INFO - [2026-07-22T06:33:39.555+0000] {taskinstance.py:2892} ERROR - {'DAG Id': 'e-commerce_kafka_streaming_pipeline_v1', 'Task Id': 'run_bronze', 'Run Id': 'scheduled__2026-07-22T05:00:00+00:00', 'Hostname': 'da27550080bf'}
[2026-07-22T06:33:39.598+0000] {logging_mixin.py:188} INFO - [2026-07-22T06:33:39.598+0000] {taskinstance.py:1205} INFO - Marking task as FAILED. dag_id=e-commerce_kafka_streaming_pipeline_v1, task_id=run_bronze, execution_date=20260722T050000, start_date=20260722T061532, end_date=20260722T063339
[2026-07-22T06:33:39.604+0000] {processor.py:791} INFO - Executed failure callback for <TaskInstance: e-commerce_kafka_streaming_pipeline_v1.run_bronze scheduled__2026-07-22T05:00:00+00:00 [failed]> in state failed
[2026-07-22T06:33:39.755+0000] {logging_mixin.py:188} INFO - [2026-07-22T06:33:39.749+0000] {dag.py:3096} INFO - Sync 1 DAGs
[2026-07-22T06:33:40.804+0000] {logging_mixin.py:188} INFO - [2026-07-22T06:33:40.804+0000] {dag.py:3954} INFO - Setting next_dagrun for e-commerce_kafka_streaming_pipeline_v1 to 2026-07-22 06:00:00+00:00, run_after=2026-07-22 07:00:00+00:00
[2026-07-22T06:33:40.831+0000] {processor.py:183} INFO - Processing /opt/airflow/dags/sdp_pipeline_dag.py took 1.859 seconds
[2026-07-22T06:39:59.741+0000] {processor.py:161} INFO - Started process (PID=17933) to work on /opt/airflow/dags/sdp_pipeline_dag.py
[2026-07-22T06:39:59.743+0000] {processor.py:830} INFO - Processing file /opt/airflow/dags/sdp_pipeline_dag.py for tasks to queue
[2026-07-22T06:39:59.745+0000] {logging_mixin.py:188} INFO - [2026-07-22T06:39:59.744+0000] {dagbag.py:540} INFO - Filling up the DagBag from /opt/airflow/dags/sdp_pipeline_dag.py
[2026-07-22T06:39:59.769+0000] {processor.py:840} INFO - DAG(s) 'e-commerce_kafka_streaming_pipeline_v1' retrieved from /opt/airflow/dags/sdp_pipeline_dag.py
[2026-07-22T06:39:59.844+0000] {logging_mixin.py:188} INFO - [2026-07-22T06:39:59.844+0000] {dag.py:3096} INFO - Sync 1 DAGs
[2026-07-22T06:39:59.903+0000] {logging_mixin.py:188} INFO - [2026-07-22T06:39:59.903+0000] {dag.py:3954} INFO - Setting next_dagrun for e-commerce_kafka_streaming_pipeline_v1 to 2026-07-22 06:00:00+00:00, run_after=2026-07-22 07:00:00+00:00
[2026-07-22T06:39:59.936+0000] {processor.py:183} INFO - Processing /opt/airflow/dags/sdp_pipeline_dag.py took 0.204 seconds
[2026-07-22T06:40:30.105+0000] {processor.py:161} INFO - Started process (PID=17940) to work on /opt/airflow/dags/sdp_pipeline_dag.py
[2026-07-22T06:40:30.106+0000] {processor.py:830} INFO - Processing file /opt/airflow/dags/sdp_pipeline_dag.py for tasks to queue
[2026-07-22T06:40:30.108+0000] {logging_mixin.py:188} INFO - [2026-07-22T06:40:30.107+0000] {dagbag.py:540} INFO - Filling up the DagBag from /opt/airflow/dags/sdp_pipeline_dag.py
[2026-07-22T06:40:30.127+0000] {processor.py:840} INFO - DAG(s) 'e-commerce_kafka_streaming_pipeline_v1' retrieved from /opt/airflow/dags/sdp_pipeline_dag.py
[2026-07-22T06:40:30.157+0000] {logging_mixin.py:188} INFO - [2026-07-22T06:40:30.157+0000] {dag.py:3096} INFO - Sync 1 DAGs
[2026-07-22T06:40:30.181+0000] {logging_mixin.py:188} INFO - [2026-07-22T06:40:30.181+0000] {dag.py:3954} INFO - Setting next_dagrun for e-commerce_kafka_streaming_pipeline_v1 to 2026-07-22 06:00:00+00:00, run_after=2026-07-22 07:00:00+00:00
[2026-07-22T06:40:30.351+0000] {processor.py:183} INFO - Processing /opt/airflow/dags/sdp_pipeline_dag.py took 0.253 seconds
[2026-07-22T06:41:00.431+0000] {processor.py:161} INFO - Started process (PID=17945) to work on /opt/airflow/dags/sdp_pipeline_dag.py
[2026-07-22T06:41:00.432+0000] {processor.py:830} INFO - Processing file /opt/airflow/dags/sdp_pipeline_dag.py for tasks to queue
[2026-07-22T06:41:00.434+0000] {logging_mixin.py:188} INFO - [2026-07-22T06:41:00.433+0000] {dagbag.py:540} INFO - Filling up the DagBag from /opt/airflow/dags/sdp_pipeline_dag.py
[2026-07-22T06:41:00.454+0000] {processor.py:840} INFO - DAG(s) 'e-commerce_kafka_streaming_pipeline_v1' retrieved from /opt/airflow/dags/sdp_pipeline_dag.py
[2026-07-22T06:41:00.488+0000] {logging_mixin.py:188} INFO - [2026-07-22T06:41:00.488+0000] {dag.py:3096} INFO - Sync 1 DAGs
[2026-07-22T06:41:00.511+0000] {logging_mixin.py:188} INFO - [2026-07-22T06:41:00.511+0000] {dag.py:3954} INFO - Setting next_dagrun for e-commerce_kafka_streaming_pipeline_v1 to 2026-07-22 06:00:00+00:00, run_after=2026-07-22 07:00:00+00:00
[2026-07-22T06:41:00.530+0000] {processor.py:183} INFO - Processing /opt/airflow/dags/sdp_pipeline_dag.py took 0.107 seconds
[2026-07-22T06:41:30.801+0000] {processor.py:161} INFO - Started process (PID=17950) to work on /opt/airflow/dags/sdp_pipeline_dag.py
[2026-07-22T06:41:30.803+0000] {processor.py:830} INFO - Processing file /opt/airflow/dags/sdp_pipeline_dag.py for tasks to queue
[2026-07-22T06:41:30.805+0000] {logging_mixin.py:188} INFO - [2026-07-22T06:41:30.804+0000] {dagbag.py:540} INFO - Filling up the DagBag from /opt/airflow/dags/sdp_pipeline_dag.py
[2026-07-22T06:41:30.826+0000] {processor.py:840} INFO - DAG(s) 'e-commerce_kafka_streaming_pipeline_v1' retrieved from /opt/airflow/dags/sdp_pipeline_dag.py
[2026-07-22T06:41:30.861+0000] {logging_mixin.py:188} INFO - [2026-07-22T06:41:30.860+0000] {dag.py:3096} INFO - Sync 1 DAGs
[2026-07-22T06:41:30.888+0000] {logging_mixin.py:188} INFO - [2026-07-22T06:41:30.888+0000] {dag.py:3954} INFO - Setting next_dagrun for e-commerce_kafka_streaming_pipeline_v1 to 2026-07-22 06:00:00+00:00, run_after=2026-07-22 07:00:00+00:00
[2026-07-22T06:41:30.909+0000] {processor.py:183} INFO - Processing /opt/airflow/dags/sdp_pipeline_dag.py took 0.115 seconds
[2026-07-22T06:42:00.993+0000] {processor.py:161} INFO - Started process (PID=17955) to work on /opt/airflow/dags/sdp_pipeline_dag.py
[2026-07-22T06:42:00.995+0000] {processor.py:830} INFO - Processing file /opt/airflow/dags/sdp_pipeline_dag.py for tasks to queue
[2026-07-22T06:42:00.997+0000] {logging_mixin.py:188} INFO - [2026-07-22T06:42:00.997+0000] {dagbag.py:540} INFO - Filling up the DagBag from /opt/airflow/dags/sdp_pipeline_dag.py
[2026-07-22T06:42:01.020+0000] {processor.py:840} INFO - DAG(s) 'e-commerce_kafka_streaming_pipeline_v1' retrieved from /opt/airflow/dags/sdp_pipeline_dag.py
[2026-07-22T06:42:01.069+0000] {logging_mixin.py:188} INFO - [2026-07-22T06:42:01.069+0000] {dag.py:3096} INFO - Sync 1 DAGs
[2026-07-22T06:42:01.096+0000] {logging_mixin.py:188} INFO - [2026-07-22T06:42:01.096+0000] {dag.py:3954} INFO - Setting next_dagrun for e-commerce_kafka_streaming_pipeline_v1 to 2026-07-22 06:00:00+00:00, run_after=2026-07-22 07:00:00+00:00
[2026-07-22T06:42:01.117+0000] {processor.py:183} INFO - Processing /opt/airflow/dags/sdp_pipeline_dag.py took 0.136 seconds
[2026-07-22T06:42:31.320+0000] {processor.py:161} INFO - Started process (PID=17960) to work on /opt/airflow/dags/sdp_pipeline_dag.py
[2026-07-22T06:42:31.321+0000] {processor.py:830} INFO - Processing file /opt/airflow/dags/sdp_pipeline_dag.py for tasks to queue
[2026-07-22T06:42:31.322+0000] {logging_mixin.py:188} INFO - [2026-07-22T06:42:31.322+0000] {dagbag.py:540} INFO - Filling up the DagBag from /opt/airflow/dags/sdp_pipeline_dag.py
[2026-07-22T06:42:31.343+0000] {processor.py:840} INFO - DAG(s) 'e-commerce_kafka_streaming_pipeline_v1' retrieved from /opt/airflow/dags/sdp_pipeline_dag.py
[2026-07-22T06:42:31.373+0000] {logging_mixin.py:188} INFO - [2026-07-22T06:42:31.373+0000] {dag.py:3096} INFO - Sync 1 DAGs
[2026-07-22T06:42:31.395+0000] {logging_mixin.py:188} INFO - [2026-07-22T06:42:31.395+0000] {dag.py:3954} INFO - Setting next_dagrun for e-commerce_kafka_streaming_pipeline_v1 to 2026-07-22 06:00:00+00:00, run_after=2026-07-22 07:00:00+00:00
[2026-07-22T06:42:31.416+0000] {processor.py:183} INFO - Processing /opt/airflow/dags/sdp_pipeline_dag.py took 0.104 seconds
[2026-07-22T06:43:01.644+0000] {processor.py:161} INFO - Started process (PID=17981) to work on /opt/airflow/dags/sdp_pipeline_dag.py
[2026-07-22T06:43:01.647+0000] {processor.py:830} INFO - Processing file /opt/airflow/dags/sdp_pipeline_dag.py for tasks to queue
[2026-07-22T06:43:01.650+0000] {logging_mixin.py:188} INFO - [2026-07-22T06:43:01.649+0000] {dagbag.py:540} INFO - Filling up the DagBag from /opt/airflow/dags/sdp_pipeline_dag.py
[2026-07-22T06:43:01.697+0000] {processor.py:840} INFO - DAG(s) 'e-commerce_kafka_streaming_pipeline_v1' retrieved from /opt/airflow/dags/sdp_pipeline_dag.py
[2026-07-22T06:43:01.780+0000] {logging_mixin.py:188} INFO - [2026-07-22T06:43:01.779+0000] {dag.py:3096} INFO - Sync 1 DAGs
[2026-07-22T06:43:01.833+0000] {logging_mixin.py:188} INFO - [2026-07-22T06:43:01.833+0000] {dag.py:3954} INFO - Setting next_dagrun for e-commerce_kafka_streaming_pipeline_v1 to 2026-07-22 06:00:00+00:00, run_after=2026-07-22 07:00:00+00:00
[2026-07-22T06:43:01.866+0000] {processor.py:183} INFO - Processing /opt/airflow/dags/sdp_pipeline_dag.py took 0.249 seconds
[2026-07-22T06:43:32.003+0000] {processor.py:161} INFO - Started process (PID=17986) to work on /opt/airflow/dags/sdp_pipeline_dag.py
[2026-07-22T06:43:32.006+0000] {processor.py:830} INFO - Processing file /opt/airflow/dags/sdp_pipeline_dag.py for tasks to queue
[2026-07-22T06:43:32.008+0000] {logging_mixin.py:188} INFO - [2026-07-22T06:43:32.007+0000] {dagbag.py:540} INFO - Filling up the DagBag from /opt/airflow/dags/sdp_pipeline_dag.py
[2026-07-22T06:43:32.039+0000] {processor.py:840} INFO - DAG(s) 'e-commerce_kafka_streaming_pipeline_v1' retrieved from /opt/airflow/dags/sdp_pipeline_dag.py
[2026-07-22T06:43:32.087+0000] {logging_mixin.py:188} INFO - [2026-07-22T06:43:32.086+0000] {dag.py:3096} INFO - Sync 1 DAGs
[2026-07-22T06:43:32.119+0000] {logging_mixin.py:188} INFO - [2026-07-22T06:43:32.119+0000] {dag.py:3954} INFO - Setting next_dagrun for e-commerce_kafka_streaming_pipeline_v1 to 2026-07-22 06:00:00+00:00, run_after=2026-07-22 07:00:00+00:00
[2026-07-22T06:43:32.594+0000] {processor.py:183} INFO - Processing /opt/airflow/dags/sdp_pipeline_dag.py took 0.602 seconds
[2026-07-22T06:44:02.857+0000] {processor.py:161} INFO - Started process (PID=17991) to work on /opt/airflow/dags/sdp_pipeline_dag.py
[2026-07-22T06:44:02.859+0000] {processor.py:830} INFO - Processing file /opt/airflow/dags/sdp_pipeline_dag.py for tasks to queue
[2026-07-22T06:44:02.860+0000] {logging_mixin.py:188} INFO - [2026-07-22T06:44:02.860+0000] {dagbag.py:540} INFO - Filling up the DagBag from /opt/airflow/dags/sdp_pipeline_dag.py
[2026-07-22T06:44:02.881+0000] {processor.py:840} INFO - DAG(s) 'e-commerce_kafka_streaming_pipeline_v1' retrieved from /opt/airflow/dags/sdp_pipeline_dag.py
[2026-07-22T06:44:02.912+0000] {logging_mixin.py:188} INFO - [2026-07-22T06:44:02.912+0000] {dag.py:3096} INFO - Sync 1 DAGs
[2026-07-22T06:44:02.936+0000] {logging_mixin.py:188} INFO - [2026-07-22T06:44:02.936+0000] {dag.py:3954} INFO - Setting next_dagrun for e-commerce_kafka_streaming_pipeline_v1 to 2026-07-22 06:00:00+00:00, run_after=2026-07-22 07:00:00+00:00
[2026-07-22T06:44:02.958+0000] {processor.py:183} INFO - Processing /opt/airflow/dags/sdp_pipeline_dag.py took 0.108 seconds
[2026-07-22T06:44:33.092+0000] {processor.py:161} INFO - Started process (PID=17996) to work on /opt/airflow/dags/sdp_pipeline_dag.py
[2026-07-22T06:44:33.094+0000] {processor.py:830} INFO - Processing file /opt/airflow/dags/sdp_pipeline_dag.py for tasks to queue
[2026-07-22T06:44:33.097+0000] {logging_mixin.py:188} INFO - [2026-07-22T06:44:33.096+0000] {dagbag.py:540} INFO - Filling up the DagBag from /opt/airflow/dags/sdp_pipeline_dag.py
[2026-07-22T06:44:33.125+0000] {processor.py:840} INFO - DAG(s) 'e-commerce_kafka_streaming_pipeline_v1' retrieved from /opt/airflow/dags/sdp_pipeline_dag.py
[2026-07-22T06:44:33.160+0000] {logging_mixin.py:188} INFO - [2026-07-22T06:44:33.160+0000] {dag.py:3096} INFO - Sync 1 DAGs
[2026-07-22T06:44:33.183+0000] {logging_mixin.py:188} INFO - [2026-07-22T06:44:33.183+0000] {dag.py:3954} INFO - Setting next_dagrun for e-commerce_kafka_streaming_pipeline_v1 to 2026-07-22 06:00:00+00:00, run_after=2026-07-22 07:00:00+00:00
[2026-07-22T06:44:33.204+0000] {processor.py:183} INFO - Processing /opt/airflow/dags/sdp_pipeline_dag.py took 0.121 seconds
[2026-07-22T06:45:03.654+0000] {processor.py:161} INFO - Started process (PID=18015) to work on /opt/airflow/dags/sdp_pipeline_dag.py
[2026-07-22T06:45:03.657+0000] {processor.py:830} INFO - Processing file /opt/airflow/dags/sdp_pipeline_dag.py for tasks to queue
[2026-07-22T06:45:03.660+0000] {logging_mixin.py:188} INFO - [2026-07-22T06:45:03.659+0000] {dagbag.py:540} INFO - Filling up the DagBag from /opt/airflow/dags/sdp_pipeline_dag.py
[2026-07-22T06:45:03.716+0000] {processor.py:840} INFO - DAG(s) 'e-commerce_kafka_streaming_pipeline_v1' retrieved from /opt/airflow/dags/sdp_pipeline_dag.py
[2026-07-22T06:45:03.809+0000] {logging_mixin.py:188} INFO - [2026-07-22T06:45:03.808+0000] {dag.py:3096} INFO - Sync 1 DAGs
[2026-07-22T06:45:03.887+0000] {logging_mixin.py:188} INFO - [2026-07-22T06:45:03.887+0000] {dag.py:3954} INFO - Setting next_dagrun for e-commerce_kafka_streaming_pipeline_v1 to 2026-07-22 06:00:00+00:00, run_after=2026-07-22 07:00:00+00:00
[2026-07-22T06:45:03.939+0000] {processor.py:183} INFO - Processing /opt/airflow/dags/sdp_pipeline_dag.py took 0.307 seconds
[2026-07-22T06:45:34.377+0000] {processor.py:161} INFO - Started process (PID=18020) to work on /opt/airflow/dags/sdp_pipeline_dag.py
[2026-07-22T06:45:34.380+0000] {processor.py:830} INFO - Processing file /opt/airflow/dags/sdp_pipeline_dag.py for tasks to queue
[2026-07-22T06:45:34.384+0000] {logging_mixin.py:188} INFO - [2026-07-22T06:45:34.383+0000] {dagbag.py:540} INFO - Filling up the DagBag from /opt/airflow/dags/sdp_pipeline_dag.py
[2026-07-22T06:45:34.457+0000] {processor.py:840} INFO - DAG(s) 'e-commerce_kafka_streaming_pipeline_v1' retrieved from /opt/airflow/dags/sdp_pipeline_dag.py
[2026-07-22T06:45:34.542+0000] {logging_mixin.py:188} INFO - [2026-07-22T06:45:34.541+0000] {dag.py:3096} INFO - Sync 1 DAGs
[2026-07-22T06:45:34.609+0000] {logging_mixin.py:188} INFO - [2026-07-22T06:45:34.609+0000] {dag.py:3954} INFO - Setting next_dagrun for e-commerce_kafka_streaming_pipeline_v1 to 2026-07-22 06:00:00+00:00, run_after=2026-07-22 07:00:00+00:00
[2026-07-22T06:45:34.658+0000] {processor.py:183} INFO - Processing /opt/airflow/dags/sdp_pipeline_dag.py took 0.310 seconds
[2026-07-22T06:46:04.976+0000] {processor.py:161} INFO - Started process (PID=18025) to work on /opt/airflow/dags/sdp_pipeline_dag.py
[2026-07-22T06:46:04.979+0000] {processor.py:830} INFO - Processing file /opt/airflow/dags/sdp_pipeline_dag.py for tasks to queue
[2026-07-22T06:46:04.982+0000] {logging_mixin.py:188} INFO - [2026-07-22T06:46:04.981+0000] {dagbag.py:540} INFO - Filling up the DagBag from /opt/airflow/dags/sdp_pipeline_dag.py
[2026-07-22T06:46:05.022+0000] {processor.py:840} INFO - DAG(s) 'e-commerce_kafka_streaming_pipeline_v1' retrieved from /opt/airflow/dags/sdp_pipeline_dag.py
[2026-07-22T06:46:05.075+0000] {logging_mixin.py:188} INFO - [2026-07-22T06:46:05.075+0000] {dag.py:3096} INFO - Sync 1 DAGs
[2026-07-22T06:46:05.112+0000] {logging_mixin.py:188} INFO - [2026-07-22T06:46:05.111+0000] {dag.py:3954} INFO - Setting next_dagrun for e-commerce_kafka_streaming_pipeline_v1 to 2026-07-22 06:00:00+00:00, run_after=2026-07-22 07:00:00+00:00
[2026-07-22T06:46:05.138+0000] {processor.py:183} INFO - Processing /opt/airflow/dags/sdp_pipeline_dag.py took 0.177 seconds
[2026-07-22T06:46:35.343+0000] {processor.py:161} INFO - Started process (PID=18030) to work on /opt/airflow/dags/sdp_pipeline_dag.py
[2026-07-22T06:46:35.346+0000] {processor.py:830} INFO - Processing file /opt/airflow/dags/sdp_pipeline_dag.py for tasks to queue
[2026-07-22T06:46:35.349+0000] {logging_mixin.py:188} INFO - [2026-07-22T06:46:35.348+0000] {dagbag.py:540} INFO - Filling up the DagBag from /opt/airflow/dags/sdp_pipeline_dag.py
[2026-07-22T06:46:35.386+0000] {processor.py:840} INFO - DAG(s) 'e-commerce_kafka_streaming_pipeline_v1' retrieved from /opt/airflow/dags/sdp_pipeline_dag.py
[2026-07-22T06:46:35.448+0000] {logging_mixin.py:188} INFO - [2026-07-22T06:46:35.448+0000] {dag.py:3096} INFO - Sync 1 DAGs
[2026-07-22T06:46:35.504+0000] {logging_mixin.py:188} INFO - [2026-07-22T06:46:35.504+0000] {dag.py:3954} INFO - Setting next_dagrun for e-commerce_kafka_streaming_pipeline_v1 to 2026-07-22 06:00:00+00:00, run_after=2026-07-22 07:00:00+00:00
[2026-07-22T06:46:35.954+0000] {processor.py:183} INFO - Processing /opt/airflow/dags/sdp_pipeline_dag.py took 0.625 seconds
[2026-07-22T06:47:06.263+0000] {processor.py:161} INFO - Started process (PID=18048) to work on /opt/airflow/dags/sdp_pipeline_dag.py
[2026-07-22T06:47:06.265+0000] {processor.py:830} INFO - Processing file /opt/airflow/dags/sdp_pipeline_dag.py for tasks to queue
[2026-07-22T06:47:06.267+0000] {logging_mixin.py:188} INFO - [2026-07-22T06:47:06.267+0000] {dagbag.py:540} INFO - Filling up the DagBag from /opt/airflow/dags/sdp_pipeline_dag.py
[2026-07-22T06:47:06.301+0000] {processor.py:840} INFO - DAG(s) 'e-commerce_kafka_streaming_pipeline_v1' retrieved from /opt/airflow/dags/sdp_pipeline_dag.py
[2026-07-22T06:47:06.358+0000] {logging_mixin.py:188} INFO - [2026-07-22T06:47:06.358+0000] {dag.py:3096} INFO - Sync 1 DAGs
[2026-07-22T06:47:06.648+0000] {logging_mixin.py:188} INFO - [2026-07-22T06:47:06.648+0000] {dag.py:3954} INFO - Setting next_dagrun for e-commerce_kafka_streaming_pipeline_v1 to 2026-07-22 06:00:00+00:00, run_after=2026-07-22 07:00:00+00:00
[2026-07-22T06:47:06.682+0000] {processor.py:183} INFO - Processing /opt/airflow/dags/sdp_pipeline_dag.py took 0.432 seconds
[2026-07-22T06:47:37.070+0000] {processor.py:161} INFO - Started process (PID=18053) to work on /opt/airflow/dags/sdp_pipeline_dag.py
[2026-07-22T06:47:37.075+0000] {processor.py:830} INFO - Processing file /opt/airflow/dags/sdp_pipeline_dag.py for tasks to queue
[2026-07-22T06:47:37.079+0000] {logging_mixin.py:188} INFO - [2026-07-22T06:47:37.078+0000] {dagbag.py:540} INFO - Filling up the DagBag from /opt/airflow/dags/sdp_pipeline_dag.py
[2026-07-22T06:47:37.141+0000] {processor.py:840} INFO - DAG(s) 'e-commerce_kafka_streaming_pipeline_v1' retrieved from /opt/airflow/dags/sdp_pipeline_dag.py
[2026-07-22T06:47:37.223+0000] {logging_mixin.py:188} INFO - [2026-07-22T06:47:37.223+0000] {dag.py:3096} INFO - Sync 1 DAGs
[2026-07-22T06:47:37.299+0000] {logging_mixin.py:188} INFO - [2026-07-22T06:47:37.298+0000] {dag.py:3954} INFO - Setting next_dagrun for e-commerce_kafka_streaming_pipeline_v1 to 2026-07-22 06:00:00+00:00, run_after=2026-07-22 07:00:00+00:00
[2026-07-22T06:47:37.350+0000] {processor.py:183} INFO - Processing /opt/airflow/dags/sdp_pipeline_dag.py took 0.324 seconds
[2026-07-22T06:48:07.725+0000] {processor.py:161} INFO - Started process (PID=18058) to work on /opt/airflow/dags/sdp_pipeline_dag.py
[2026-07-22T06:48:07.734+0000] {processor.py:830} INFO - Processing file /opt/airflow/dags/sdp_pipeline_dag.py for tasks to queue
[2026-07-22T06:48:07.739+0000] {logging_mixin.py:188} INFO - [2026-07-22T06:48:07.737+0000] {dagbag.py:540} INFO - Filling up the DagBag from /opt/airflow/dags/sdp_pipeline_dag.py
[2026-07-22T06:48:07.823+0000] {processor.py:840} INFO - DAG(s) 'e-commerce_kafka_streaming_pipeline_v1' retrieved from /opt/airflow/dags/sdp_pipeline_dag.py
[2026-07-22T06:48:07.913+0000] {logging_mixin.py:188} INFO - [2026-07-22T06:48:07.912+0000] {dag.py:3096} INFO - Sync 1 DAGs
[2026-07-22T06:48:08.002+0000] {logging_mixin.py:188} INFO - [2026-07-22T06:48:08.001+0000] {dag.py:3954} INFO - Setting next_dagrun for e-commerce_kafka_streaming_pipeline_v1 to 2026-07-22 06:00:00+00:00, run_after=2026-07-22 07:00:00+00:00
[2026-07-22T06:48:08.084+0000] {processor.py:183} INFO - Processing /opt/airflow/dags/sdp_pipeline_dag.py took 0.385 seconds
[2026-07-22T06:48:38.509+0000] {processor.py:161} INFO - Started process (PID=18063) to work on /opt/airflow/dags/sdp_pipeline_dag.py
[2026-07-22T06:48:38.513+0000] {processor.py:830} INFO - Processing file /opt/airflow/dags/sdp_pipeline_dag.py for tasks to queue
[2026-07-22T06:48:38.519+0000] {logging_mixin.py:188} INFO - [2026-07-22T06:48:38.517+0000] {dagbag.py:540} INFO - Filling up the DagBag from /opt/airflow/dags/sdp_pipeline_dag.py
[2026-07-22T06:48:38.580+0000] {processor.py:840} INFO - DAG(s) 'e-commerce_kafka_streaming_pipeline_v1' retrieved from /opt/airflow/dags/sdp_pipeline_dag.py
[2026-07-22T06:48:38.663+0000] {logging_mixin.py:188} INFO - [2026-07-22T06:48:38.663+0000] {dag.py:3096} INFO - Sync 1 DAGs
[2026-07-22T06:48:38.733+0000] {logging_mixin.py:188} INFO - [2026-07-22T06:48:38.722+0000] {dag.py:3954} INFO - Setting next_dagrun for e-commerce_kafka_streaming_pipeline_v1 to 2026-07-22 06:00:00+00:00, run_after=2026-07-22 07:00:00+00:00
[2026-07-22T06:48:38.857+0000] {processor.py:183} INFO - Processing /opt/airflow/dags/sdp_pipeline_dag.py took 0.371 seconds
[2026-07-22T06:49:09.107+0000] {processor.py:161} INFO - Started process (PID=18074) to work on /opt/airflow/dags/sdp_pipeline_dag.py
[2026-07-22T06:49:09.108+0000] {processor.py:830} INFO - Processing file /opt/airflow/dags/sdp_pipeline_dag.py for tasks to queue
[2026-07-22T06:49:09.110+0000] {logging_mixin.py:188} INFO - [2026-07-22T06:49:09.109+0000] {dagbag.py:540} INFO - Filling up the DagBag from /opt/airflow/dags/sdp_pipeline_dag.py
[2026-07-22T06:49:09.127+0000] {processor.py:840} INFO - DAG(s) 'e-commerce_kafka_streaming_pipeline_v1' retrieved from /opt/airflow/dags/sdp_pipeline_dag.py
[2026-07-22T06:49:09.154+0000] {logging_mixin.py:188} INFO - [2026-07-22T06:49:09.154+0000] {dag.py:3096} INFO - Sync 1 DAGs
[2026-07-22T06:49:09.174+0000] {logging_mixin.py:188} INFO - [2026-07-22T06:49:09.173+0000] {dag.py:3954} INFO - Setting next_dagrun for e-commerce_kafka_streaming_pipeline_v1 to 2026-07-22 06:00:00+00:00, run_after=2026-07-22 07:00:00+00:00
[2026-07-22T06:49:09.192+0000] {processor.py:183} INFO - Processing /opt/airflow/dags/sdp_pipeline_dag.py took 0.092 seconds
[2026-07-22T06:49:39.309+0000] {processor.py:161} INFO - Started process (PID=18079) to work on /opt/airflow/dags/sdp_pipeline_dag.py
[2026-07-22T06:49:39.311+0000] {processor.py:830} INFO - Processing file /opt/airflow/dags/sdp_pipeline_dag.py for tasks to queue
[2026-07-22T06:49:39.312+0000] {logging_mixin.py:188} INFO - [2026-07-22T06:49:39.311+0000] {dagbag.py:540} INFO - Filling up the DagBag from /opt/airflow/dags/sdp_pipeline_dag.py
[2026-07-22T06:49:39.330+0000] {processor.py:840} INFO - DAG(s) 'e-commerce_kafka_streaming_pipeline_v1' retrieved from /opt/airflow/dags/sdp_pipeline_dag.py
[2026-07-22T06:49:39.359+0000] {logging_mixin.py:188} INFO - [2026-07-22T06:49:39.358+0000] {dag.py:3096} INFO - Sync 1 DAGs
[2026-07-22T06:49:39.382+0000] {logging_mixin.py:188} INFO - [2026-07-22T06:49:39.382+0000] {dag.py:3954} INFO - Setting next_dagrun for e-commerce_kafka_streaming_pipeline_v1 to 2026-07-22 06:00:00+00:00, run_after=2026-07-22 07:00:00+00:00
[2026-07-22T06:49:39.547+0000] {processor.py:183} INFO - Processing /opt/airflow/dags/sdp_pipeline_dag.py took 0.245 seconds
[2026-07-22T06:50:09.669+0000] {processor.py:161} INFO - Started process (PID=18084) to work on /opt/airflow/dags/sdp_pipeline_dag.py
[2026-07-22T06:50:09.670+0000] {processor.py:830} INFO - Processing file /opt/airflow/dags/sdp_pipeline_dag.py for tasks to queue
[2026-07-22T06:50:09.672+0000] {logging_mixin.py:188} INFO - [2026-07-22T06:50:09.671+0000] {dagbag.py:540} INFO - Filling up the DagBag from /opt/airflow/dags/sdp_pipeline_dag.py
[2026-07-22T06:50:09.690+0000] {processor.py:840} INFO - DAG(s) 'e-commerce_kafka_streaming_pipeline_v1' retrieved from /opt/airflow/dags/sdp_pipeline_dag.py
[2026-07-22T06:50:09.719+0000] {logging_mixin.py:188} INFO - [2026-07-22T06:50:09.719+0000] {dag.py:3096} INFO - Sync 1 DAGs
[2026-07-22T06:50:09.740+0000] {logging_mixin.py:188} INFO - [2026-07-22T06:50:09.740+0000] {dag.py:3954} INFO - Setting next_dagrun for e-commerce_kafka_streaming_pipeline_v1 to 2026-07-22 06:00:00+00:00, run_after=2026-07-22 07:00:00+00:00
[2026-07-22T06:50:09.758+0000] {processor.py:183} INFO - Processing /opt/airflow/dags/sdp_pipeline_dag.py took 0.096 seconds
[2026-07-22T06:50:40.037+0000] {processor.py:161} INFO - Started process (PID=18089) to work on /opt/airflow/dags/sdp_pipeline_dag.py
[2026-07-22T06:50:40.038+0000] {processor.py:830} INFO - Processing file /opt/airflow/dags/sdp_pipeline_dag.py for tasks to queue
[2026-07-22T06:50:40.040+0000] {logging_mixin.py:188} INFO - [2026-07-22T06:50:40.039+0000] {dagbag.py:540} INFO - Filling up the DagBag from /opt/airflow/dags/sdp_pipeline_dag.py
[2026-07-22T06:50:40.062+0000] {processor.py:840} INFO - DAG(s) 'e-commerce_kafka_streaming_pipeline_v1' retrieved from /opt/airflow/dags/sdp_pipeline_dag.py
[2026-07-22T06:50:40.090+0000] {logging_mixin.py:188} INFO - [2026-07-22T06:50:40.090+0000] {dag.py:3096} INFO - Sync 1 DAGs
[2026-07-22T06:50:40.112+0000] {logging_mixin.py:188} INFO - [2026-07-22T06:50:40.111+0000] {dag.py:3954} INFO - Setting next_dagrun for e-commerce_kafka_streaming_pipeline_v1 to 2026-07-22 06:00:00+00:00, run_after=2026-07-22 07:00:00+00:00
[2026-07-22T06:50:40.133+0000] {processor.py:183} INFO - Processing /opt/airflow/dags/sdp_pipeline_dag.py took 0.104 seconds
[2026-07-22T06:51:10.295+0000] {processor.py:161} INFO - Started process (PID=18094) to work on /opt/airflow/dags/sdp_pipeline_dag.py
[2026-07-22T06:51:10.297+0000] {processor.py:830} INFO - Processing file /opt/airflow/dags/sdp_pipeline_dag.py for tasks to queue
[2026-07-22T06:51:10.298+0000] {logging_mixin.py:188} INFO - [2026-07-22T06:51:10.298+0000] {dagbag.py:540} INFO - Filling up the DagBag from /opt/airflow/dags/sdp_pipeline_dag.py
[2026-07-22T06:51:10.319+0000] {processor.py:840} INFO - DAG(s) 'e-commerce_kafka_streaming_pipeline_v1' retrieved from /opt/airflow/dags/sdp_pipeline_dag.py
[2026-07-22T06:51:10.354+0000] {logging_mixin.py:188} INFO - [2026-07-22T06:51:10.354+0000] {dag.py:3096} INFO - Sync 1 DAGs
[2026-07-22T06:51:10.387+0000] {logging_mixin.py:188} INFO - [2026-07-22T06:51:10.386+0000] {dag.py:3954} INFO - Setting next_dagrun for e-commerce_kafka_streaming_pipeline_v1 to 2026-07-22 06:00:00+00:00, run_after=2026-07-22 07:00:00+00:00
[2026-07-22T06:51:10.412+0000] {processor.py:183} INFO - Processing /opt/airflow/dags/sdp_pipeline_dag.py took 0.124 seconds
[2026-07-22T06:51:40.615+0000] {processor.py:161} INFO - Started process (PID=18099) to work on /opt/airflow/dags/sdp_pipeline_dag.py
[2026-07-22T06:51:40.617+0000] {processor.py:830} INFO - Processing file /opt/airflow/dags/sdp_pipeline_dag.py for tasks to queue
[2026-07-22T06:51:40.618+0000] {logging_mixin.py:188} INFO - [2026-07-22T06:51:40.618+0000] {dagbag.py:540} INFO - Filling up the DagBag from /opt/airflow/dags/sdp_pipeline_dag.py
[2026-07-22T06:51:40.637+0000] {processor.py:840} INFO - DAG(s) 'e-commerce_kafka_streaming_pipeline_v1' retrieved from /opt/airflow/dags/sdp_pipeline_dag.py
[2026-07-22T06:51:40.664+0000] {logging_mixin.py:188} INFO - [2026-07-22T06:51:40.663+0000] {dag.py:3096} INFO - Sync 1 DAGs
[2026-07-22T06:51:40.683+0000] {logging_mixin.py:188} INFO - [2026-07-22T06:51:40.683+0000] {dag.py:3954} INFO - Setting next_dagrun for e-commerce_kafka_streaming_pipeline_v1 to 2026-07-22 06:00:00+00:00, run_after=2026-07-22 07:00:00+00:00
[2026-07-22T06:51:40.702+0000] {processor.py:183} INFO - Processing /opt/airflow/dags/sdp_pipeline_dag.py took 0.094 seconds
[2026-07-22T06:52:10.908+0000] {processor.py:161} INFO - Started process (PID=18104) to work on /opt/airflow/dags/sdp_pipeline_dag.py
[2026-07-22T06:52:10.909+0000] {processor.py:830} INFO - Processing file /opt/airflow/dags/sdp_pipeline_dag.py for tasks to queue
[2026-07-22T06:52:10.911+0000] {logging_mixin.py:188} INFO - [2026-07-22T06:52:10.910+0000] {dagbag.py:540} INFO - Filling up the DagBag from /opt/airflow/dags/sdp_pipeline_dag.py
[2026-07-22T06:52:10.929+0000] {processor.py:840} INFO - DAG(s) 'e-commerce_kafka_streaming_pipeline_v1' retrieved from /opt/airflow/dags/sdp_pipeline_dag.py
[2026-07-22T06:52:10.955+0000] {logging_mixin.py:188} INFO - [2026-07-22T06:52:10.955+0000] {dag.py:3096} INFO - Sync 1 DAGs
[2026-07-22T06:52:10.975+0000] {logging_mixin.py:188} INFO - [2026-07-22T06:52:10.975+0000] {dag.py:3954} INFO - Setting next_dagrun for e-commerce_kafka_streaming_pipeline_v1 to 2026-07-22 06:00:00+00:00, run_after=2026-07-22 07:00:00+00:00
[2026-07-22T06:52:10.993+0000] {processor.py:183} INFO - Processing /opt/airflow/dags/sdp_pipeline_dag.py took 0.091 seconds
[2026-07-22T06:52:41.186+0000] {processor.py:161} INFO - Started process (PID=18109) to work on /opt/airflow/dags/sdp_pipeline_dag.py
[2026-07-22T06:52:41.187+0000] {processor.py:830} INFO - Processing file /opt/airflow/dags/sdp_pipeline_dag.py for tasks to queue
[2026-07-22T06:52:41.189+0000] {logging_mixin.py:188} INFO - [2026-07-22T06:52:41.188+0000] {dagbag.py:540} INFO - Filling up the DagBag from /opt/airflow/dags/sdp_pipeline_dag.py
[2026-07-22T06:52:41.209+0000] {processor.py:840} INFO - DAG(s) 'e-commerce_kafka_streaming_pipeline_v1' retrieved from /opt/airflow/dags/sdp_pipeline_dag.py
[2026-07-22T06:52:41.233+0000] {logging_mixin.py:188} INFO - [2026-07-22T06:52:41.233+0000] {dag.py:3096} INFO - Sync 1 DAGs
[2026-07-22T06:52:41.253+0000] {logging_mixin.py:188} INFO - [2026-07-22T06:52:41.253+0000] {dag.py:3954} INFO - Setting next_dagrun for e-commerce_kafka_streaming_pipeline_v1 to 2026-07-22 06:00:00+00:00, run_after=2026-07-22 07:00:00+00:00
[2026-07-22T06:52:41.426+0000] {processor.py:183} INFO - Processing /opt/airflow/dags/sdp_pipeline_dag.py took 0.245 seconds
[2026-07-22T06:53:11.658+0000] {processor.py:161} INFO - Started process (PID=18114) to work on /opt/airflow/dags/sdp_pipeline_dag.py
[2026-07-22T06:53:11.660+0000] {processor.py:830} INFO - Processing file /opt/airflow/dags/sdp_pipeline_dag.py for tasks to queue
[2026-07-22T06:53:11.662+0000] {logging_mixin.py:188} INFO - [2026-07-22T06:53:11.661+0000] {dagbag.py:540} INFO - Filling up the DagBag from /opt/airflow/dags/sdp_pipeline_dag.py
[2026-07-22T06:53:11.686+0000] {processor.py:840} INFO - DAG(s) 'e-commerce_kafka_streaming_pipeline_v1' retrieved from /opt/airflow/dags/sdp_pipeline_dag.py
[2026-07-22T06:53:11.719+0000] {logging_mixin.py:188} INFO - [2026-07-22T06:53:11.718+0000] {dag.py:3096} INFO - Sync 1 DAGs
[2026-07-22T06:53:11.893+0000] {logging_mixin.py:188} INFO - [2026-07-22T06:53:11.893+0000] {dag.py:3954} INFO - Setting next_dagrun for e-commerce_kafka_streaming_pipeline_v1 to 2026-07-22 06:00:00+00:00, run_after=2026-07-22 07:00:00+00:00
[2026-07-22T06:53:11.910+0000] {processor.py:183} INFO - Processing /opt/airflow/dags/sdp_pipeline_dag.py took 0.260 seconds
[2026-07-22T06:53:42.160+0000] {processor.py:161} INFO - Started process (PID=18119) to work on /opt/airflow/dags/sdp_pipeline_dag.py
[2026-07-22T06:53:42.162+0000] {processor.py:830} INFO - Processing file /opt/airflow/dags/sdp_pipeline_dag.py for tasks to queue
[2026-07-22T06:53:42.163+0000] {logging_mixin.py:188} INFO - [2026-07-22T06:53:42.163+0000] {dagbag.py:540} INFO - Filling up the DagBag from /opt/airflow/dags/sdp_pipeline_dag.py
[2026-07-22T06:53:42.183+0000] {processor.py:840} INFO - DAG(s) 'e-commerce_kafka_streaming_pipeline_v1' retrieved from /opt/airflow/dags/sdp_pipeline_dag.py
[2026-07-22T06:53:42.213+0000] {logging_mixin.py:188} INFO - [2026-07-22T06:53:42.213+0000] {dag.py:3096} INFO - Sync 1 DAGs
[2026-07-22T06:53:42.233+0000] {logging_mixin.py:188} INFO - [2026-07-22T06:53:42.233+0000] {dag.py:3954} INFO - Setting next_dagrun for e-commerce_kafka_streaming_pipeline_v1 to 2026-07-22 06:00:00+00:00, run_after=2026-07-22 07:00:00+00:00
[2026-07-22T06:53:42.255+0000] {processor.py:183} INFO - Processing /opt/airflow/dags/sdp_pipeline_dag.py took 0.102 seconds
[2026-07-22T06:54:12.350+0000] {processor.py:161} INFO - Started process (PID=18124) to work on /opt/airflow/dags/sdp_pipeline_dag.py
[2026-07-22T06:54:12.351+0000] {processor.py:830} INFO - Processing file /opt/airflow/dags/sdp_pipeline_dag.py for tasks to queue
[2026-07-22T06:54:12.352+0000] {logging_mixin.py:188} INFO - [2026-07-22T06:54:12.352+0000] {dagbag.py:540} INFO - Filling up the DagBag from /opt/airflow/dags/sdp_pipeline_dag.py
[2026-07-22T06:54:12.373+0000] {processor.py:840} INFO - DAG(s) 'e-commerce_kafka_streaming_pipeline_v1' retrieved from /opt/airflow/dags/sdp_pipeline_dag.py
[2026-07-22T06:54:12.401+0000] {logging_mixin.py:188} INFO - [2026-07-22T06:54:12.400+0000] {dag.py:3096} INFO - Sync 1 DAGs
[2026-07-22T06:54:12.423+0000] {logging_mixin.py:188} INFO - [2026-07-22T06:54:12.423+0000] {dag.py:3954} INFO - Setting next_dagrun for e-commerce_kafka_streaming_pipeline_v1 to 2026-07-22 06:00:00+00:00, run_after=2026-07-22 07:00:00+00:00
[2026-07-22T06:54:12.443+0000] {processor.py:183} INFO - Processing /opt/airflow/dags/sdp_pipeline_dag.py took 0.099 seconds
[2026-07-22T06:54:42.634+0000] {processor.py:161} INFO - Started process (PID=18129) to work on /opt/airflow/dags/sdp_pipeline_dag.py
[2026-07-22T06:54:42.635+0000] {processor.py:830} INFO - Processing file /opt/airflow/dags/sdp_pipeline_dag.py for tasks to queue
[2026-07-22T06:54:42.637+0000] {logging_mixin.py:188} INFO - [2026-07-22T06:54:42.636+0000] {dagbag.py:540} INFO - Filling up the DagBag from /opt/airflow/dags/sdp_pipeline_dag.py
[2026-07-22T06:54:42.653+0000] {processor.py:840} INFO - DAG(s) 'e-commerce_kafka_streaming_pipeline_v1' retrieved from /opt/airflow/dags/sdp_pipeline_dag.py
[2026-07-22T06:54:42.680+0000] {logging_mixin.py:188} INFO - [2026-07-22T06:54:42.680+0000] {dag.py:3096} INFO - Sync 1 DAGs
[2026-07-22T06:54:42.700+0000] {logging_mixin.py:188} INFO - [2026-07-22T06:54:42.700+0000] {dag.py:3954} INFO - Setting next_dagrun for e-commerce_kafka_streaming_pipeline_v1 to 2026-07-22 06:00:00+00:00, run_after=2026-07-22 07:00:00+00:00
[2026-07-22T06:54:42.720+0000] {processor.py:183} INFO - Processing /opt/airflow/dags/sdp_pipeline_dag.py took 0.093 seconds
[2026-07-22T06:55:12.930+0000] {processor.py:161} INFO - Started process (PID=18134) to work on /opt/airflow/dags/sdp_pipeline_dag.py
[2026-07-22T06:55:12.931+0000] {processor.py:830} INFO - Processing file /opt/airflow/dags/sdp_pipeline_dag.py for tasks to queue
[2026-07-22T06:55:12.933+0000] {logging_mixin.py:188} INFO - [2026-07-22T06:55:12.932+0000] {dagbag.py:540} INFO - Filling up the DagBag from /opt/airflow/dags/sdp_pipeline_dag.py
[2026-07-22T06:55:12.952+0000] {processor.py:840} INFO - DAG(s) 'e-commerce_kafka_streaming_pipeline_v1' retrieved from /opt/airflow/dags/sdp_pipeline_dag.py
[2026-07-22T06:55:12.979+0000] {logging_mixin.py:188} INFO - [2026-07-22T06:55:12.978+0000] {dag.py:3096} INFO - Sync 1 DAGs
[2026-07-22T06:55:12.999+0000] {logging_mixin.py:188} INFO - [2026-07-22T06:55:12.999+0000] {dag.py:3954} INFO - Setting next_dagrun for e-commerce_kafka_streaming_pipeline_v1 to 2026-07-22 06:00:00+00:00, run_after=2026-07-22 07:00:00+00:00
[2026-07-22T06:55:13.017+0000] {processor.py:183} INFO - Processing /opt/airflow/dags/sdp_pipeline_dag.py took 0.093 seconds
[2026-07-22T06:55:43.184+0000] {processor.py:161} INFO - Started process (PID=18139) to work on /opt/airflow/dags/sdp_pipeline_dag.py
[2026-07-22T06:55:43.185+0000] {processor.py:830} INFO - Processing file /opt/airflow/dags/sdp_pipeline_dag.py for tasks to queue
[2026-07-22T06:55:43.186+0000] {logging_mixin.py:188} INFO - [2026-07-22T06:55:43.186+0000] {dagbag.py:540} INFO - Filling up the DagBag from /opt/airflow/dags/sdp_pipeline_dag.py
[2026-07-22T06:55:43.205+0000] {processor.py:840} INFO - DAG(s) 'e-commerce_kafka_streaming_pipeline_v1' retrieved from /opt/airflow/dags/sdp_pipeline_dag.py
[2026-07-22T06:55:43.234+0000] {logging_mixin.py:188} INFO - [2026-07-22T06:55:43.234+0000] {dag.py:3096} INFO - Sync 1 DAGs
[2026-07-22T06:55:43.258+0000] {logging_mixin.py:188} INFO - [2026-07-22T06:55:43.258+0000] {dag.py:3954} INFO - Setting next_dagrun for e-commerce_kafka_streaming_pipeline_v1 to 2026-07-22 06:00:00+00:00, run_after=2026-07-22 07:00:00+00:00
[2026-07-22T06:55:43.410+0000] {processor.py:183} INFO - Processing /opt/airflow/dags/sdp_pipeline_dag.py took 0.233 seconds
[2026-07-22T06:56:13.674+0000] {processor.py:161} INFO - Started process (PID=18144) to work on /opt/airflow/dags/sdp_pipeline_dag.py
[2026-07-22T06:56:13.676+0000] {processor.py:830} INFO - Processing file /opt/airflow/dags/sdp_pipeline_dag.py for tasks to queue
[2026-07-22T06:56:13.677+0000] {logging_mixin.py:188} INFO - [2026-07-22T06:56:13.677+0000] {dagbag.py:540} INFO - Filling up the DagBag from /opt/airflow/dags/sdp_pipeline_dag.py
[2026-07-22T06:56:13.696+0000] {processor.py:840} INFO - DAG(s) 'e-commerce_kafka_streaming_pipeline_v1' retrieved from /opt/airflow/dags/sdp_pipeline_dag.py
[2026-07-22T06:56:13.724+0000] {logging_mixin.py:188} INFO - [2026-07-22T06:56:13.724+0000] {dag.py:3096} INFO - Sync 1 DAGs
[2026-07-22T06:56:13.879+0000] {logging_mixin.py:188} INFO - [2026-07-22T06:56:13.879+0000] {dag.py:3954} INFO - Setting next_dagrun for e-commerce_kafka_streaming_pipeline_v1 to 2026-07-22 06:00:00+00:00, run_after=2026-07-22 07:00:00+00:00
[2026-07-22T06:56:13.900+0000] {processor.py:183} INFO - Processing /opt/airflow/dags/sdp_pipeline_dag.py took 0.232 seconds
[2026-07-22T06:56:44.158+0000] {processor.py:161} INFO - Started process (PID=18149) to work on /opt/airflow/dags/sdp_pipeline_dag.py
[2026-07-22T06:56:44.159+0000] {processor.py:830} INFO - Processing file /opt/airflow/dags/sdp_pipeline_dag.py for tasks to queue
[2026-07-22T06:56:44.160+0000] {logging_mixin.py:188} INFO - [2026-07-22T06:56:44.159+0000] {dagbag.py:540} INFO - Filling up the DagBag from /opt/airflow/dags/sdp_pipeline_dag.py
[2026-07-22T06:56:44.177+0000] {processor.py:840} INFO - DAG(s) 'e-commerce_kafka_streaming_pipeline_v1' retrieved from /opt/airflow/dags/sdp_pipeline_dag.py
[2026-07-22T06:56:44.203+0000] {logging_mixin.py:188} INFO - [2026-07-22T06:56:44.203+0000] {dag.py:3096} INFO - Sync 1 DAGs
[2026-07-22T06:56:44.224+0000] {logging_mixin.py:188} INFO - [2026-07-22T06:56:44.224+0000] {dag.py:3954} INFO - Setting next_dagrun for e-commerce_kafka_streaming_pipeline_v1 to 2026-07-22 06:00:00+00:00, run_after=2026-07-22 07:00:00+00:00
[2026-07-22T06:56:44.244+0000] {processor.py:183} INFO - Processing /opt/airflow/dags/sdp_pipeline_dag.py took 0.092 seconds
[2026-07-22T06:57:14.412+0000] {processor.py:161} INFO - Started process (PID=18154) to work on /opt/airflow/dags/sdp_pipeline_dag.py
[2026-07-22T06:57:14.413+0000] {processor.py:830} INFO - Processing file /opt/airflow/dags/sdp_pipeline_dag.py for tasks to queue
[2026-07-22T06:57:14.414+0000] {logging_mixin.py:188} INFO - [2026-07-22T06:57:14.414+0000] {dagbag.py:540} INFO - Filling up the DagBag from /opt/airflow/dags/sdp_pipeline_dag.py
[2026-07-22T06:57:14.431+0000] {processor.py:840} INFO - DAG(s) 'e-commerce_kafka_streaming_pipeline_v1' retrieved from /opt/airflow/dags/sdp_pipeline_dag.py
[2026-07-22T06:57:14.459+0000] {logging_mixin.py:188} INFO - [2026-07-22T06:57:14.458+0000] {dag.py:3096} INFO - Sync 1 DAGs
[2026-07-22T06:57:14.478+0000] {logging_mixin.py:188} INFO - [2026-07-22T06:57:14.478+0000] {dag.py:3954} INFO - Setting next_dagrun for e-commerce_kafka_streaming_pipeline_v1 to 2026-07-22 06:00:00+00:00, run_after=2026-07-22 07:00:00+00:00
[2026-07-22T06:57:14.497+0000] {processor.py:183} INFO - Processing /opt/airflow/dags/sdp_pipeline_dag.py took 0.091 seconds
[2026-07-22T06:57:44.719+0000] {processor.py:161} INFO - Started process (PID=18159) to work on /opt/airflow/dags/sdp_pipeline_dag.py
[2026-07-22T06:57:44.720+0000] {processor.py:830} INFO - Processing file /opt/airflow/dags/sdp_pipeline_dag.py for tasks to queue
[2026-07-22T06:57:44.721+0000] {logging_mixin.py:188} INFO - [2026-07-22T06:57:44.721+0000] {dagbag.py:540} INFO - Filling up the DagBag from /opt/airflow/dags/sdp_pipeline_dag.py
[2026-07-22T06:57:44.738+0000] {processor.py:840} INFO - DAG(s) 'e-commerce_kafka_streaming_pipeline_v1' retrieved from /opt/airflow/dags/sdp_pipeline_dag.py
[2026-07-22T06:57:44.764+0000] {logging_mixin.py:188} INFO - [2026-07-22T06:57:44.764+0000] {dag.py:3096} INFO - Sync 1 DAGs
[2026-07-22T06:57:44.786+0000] {logging_mixin.py:188} INFO - [2026-07-22T06:57:44.785+0000] {dag.py:3954} INFO - Setting next_dagrun for e-commerce_kafka_streaming_pipeline_v1 to 2026-07-22 06:00:00+00:00, run_after=2026-07-22 07:00:00+00:00
[2026-07-22T06:57:44.805+0000] {processor.py:183} INFO - Processing /opt/airflow/dags/sdp_pipeline_dag.py took 0.092 seconds
[2026-07-22T06:58:14.938+0000] {processor.py:161} INFO - Started process (PID=18164) to work on /opt/airflow/dags/sdp_pipeline_dag.py
[2026-07-22T06:58:14.939+0000] {processor.py:830} INFO - Processing file /opt/airflow/dags/sdp_pipeline_dag.py for tasks to queue
[2026-07-22T06:58:14.940+0000] {logging_mixin.py:188} INFO - [2026-07-22T06:58:14.940+0000] {dagbag.py:540} INFO - Filling up the DagBag from /opt/airflow/dags/sdp_pipeline_dag.py
[2026-07-22T06:58:14.960+0000] {processor.py:840} INFO - DAG(s) 'e-commerce_kafka_streaming_pipeline_v1' retrieved from /opt/airflow/dags/sdp_pipeline_dag.py
[2026-07-22T06:58:14.991+0000] {logging_mixin.py:188} INFO - [2026-07-22T06:58:14.990+0000] {dag.py:3096} INFO - Sync 1 DAGs
[2026-07-22T06:58:15.012+0000] {logging_mixin.py:188} INFO - [2026-07-22T06:58:15.012+0000] {dag.py:3954} INFO - Setting next_dagrun for e-commerce_kafka_streaming_pipeline_v1 to 2026-07-22 06:00:00+00:00, run_after=2026-07-22 07:00:00+00:00
[2026-07-22T06:58:15.030+0000] {processor.py:183} INFO - Processing /opt/airflow/dags/sdp_pipeline_dag.py took 0.100 seconds
[2026-07-22T06:58:45.184+0000] {processor.py:161} INFO - Started process (PID=18169) to work on /opt/airflow/dags/sdp_pipeline_dag.py
[2026-07-22T06:58:45.187+0000] {processor.py:830} INFO - Processing file /opt/airflow/dags/sdp_pipeline_dag.py for tasks to queue
[2026-07-22T06:58:45.189+0000] {logging_mixin.py:188} INFO - [2026-07-22T06:58:45.188+0000] {dagbag.py:540} INFO - Filling up the DagBag from /opt/airflow/dags/sdp_pipeline_dag.py
[2026-07-22T06:58:45.211+0000] {processor.py:840} INFO - DAG(s) 'e-commerce_kafka_streaming_pipeline_v1' retrieved from /opt/airflow/dags/sdp_pipeline_dag.py
[2026-07-22T06:58:45.250+0000] {logging_mixin.py:188} INFO - [2026-07-22T06:58:45.249+0000] {dag.py:3096} INFO - Sync 1 DAGs
[2026-07-22T06:58:45.287+0000] {logging_mixin.py:188} INFO - [2026-07-22T06:58:45.286+0000] {dag.py:3954} INFO - Setting next_dagrun for e-commerce_kafka_streaming_pipeline_v1 to 2026-07-22 06:00:00+00:00, run_after=2026-07-22 07:00:00+00:00
[2026-07-22T06:58:45.461+0000] {processor.py:183} INFO - Processing /opt/airflow/dags/sdp_pipeline_dag.py took 0.285 seconds
[2026-07-22T06:59:15.700+0000] {processor.py:161} INFO - Started process (PID=18174) to work on /opt/airflow/dags/sdp_pipeline_dag.py
[2026-07-22T06:59:15.702+0000] {processor.py:830} INFO - Processing file /opt/airflow/dags/sdp_pipeline_dag.py for tasks to queue
[2026-07-22T06:59:15.704+0000] {logging_mixin.py:188} INFO - [2026-07-22T06:59:15.703+0000] {dagbag.py:540} INFO - Filling up the DagBag from /opt/airflow/dags/sdp_pipeline_dag.py
[2026-07-22T06:59:15.725+0000] {processor.py:840} INFO - DAG(s) 'e-commerce_kafka_streaming_pipeline_v1' retrieved from /opt/airflow/dags/sdp_pipeline_dag.py
[2026-07-22T06:59:15.766+0000] {logging_mixin.py:188} INFO - [2026-07-22T06:59:15.765+0000] {dag.py:3096} INFO - Sync 1 DAGs
[2026-07-22T06:59:15.986+0000] {logging_mixin.py:188} INFO - [2026-07-22T06:59:15.986+0000] {dag.py:3954} INFO - Setting next_dagrun for e-commerce_kafka_streaming_pipeline_v1 to 2026-07-22 06:00:00+00:00, run_after=2026-07-22 07:00:00+00:00
[2026-07-22T06:59:16.012+0000] {processor.py:183} INFO - Processing /opt/airflow/dags/sdp_pipeline_dag.py took 0.320 seconds
[2026-07-22T06:59:46.221+0000] {processor.py:161} INFO - Started process (PID=18179) to work on /opt/airflow/dags/sdp_pipeline_dag.py
[2026-07-22T06:59:46.222+0000] {processor.py:830} INFO - Processing file /opt/airflow/dags/sdp_pipeline_dag.py for tasks to queue
[2026-07-22T06:59:46.224+0000] {logging_mixin.py:188} INFO - [2026-07-22T06:59:46.223+0000] {dagbag.py:540} INFO - Filling up the DagBag from /opt/airflow/dags/sdp_pipeline_dag.py
[2026-07-22T06:59:46.245+0000] {processor.py:840} INFO - DAG(s) 'e-commerce_kafka_streaming_pipeline_v1' retrieved from /opt/airflow/dags/sdp_pipeline_dag.py
[2026-07-22T06:59:46.275+0000] {logging_mixin.py:188} INFO - [2026-07-22T06:59:46.275+0000] {dag.py:3096} INFO - Sync 1 DAGs
[2026-07-22T06:59:46.297+0000] {logging_mixin.py:188} INFO - [2026-07-22T06:59:46.297+0000] {dag.py:3954} INFO - Setting next_dagrun for e-commerce_kafka_streaming_pipeline_v1 to 2026-07-22 06:00:00+00:00, run_after=2026-07-22 07:00:00+00:00
[2026-07-22T06:59:46.317+0000] {processor.py:183} INFO - Processing /opt/airflow/dags/sdp_pipeline_dag.py took 0.104 seconds
[2026-07-22T07:00:16.496+0000] {processor.py:161} INFO - Started process (PID=18200) to work on /opt/airflow/dags/sdp_pipeline_dag.py
[2026-07-22T07:00:16.498+0000] {processor.py:830} INFO - Processing file /opt/airflow/dags/sdp_pipeline_dag.py for tasks to queue
[2026-07-22T07:00:16.501+0000] {logging_mixin.py:188} INFO - [2026-07-22T07:00:16.500+0000] {dagbag.py:540} INFO - Filling up the DagBag from /opt/airflow/dags/sdp_pipeline_dag.py
[2026-07-22T07:00:16.539+0000] {processor.py:840} INFO - DAG(s) 'e-commerce_kafka_streaming_pipeline_v1' retrieved from /opt/airflow/dags/sdp_pipeline_dag.py
[2026-07-22T07:00:16.589+0000] {logging_mixin.py:188} INFO - [2026-07-22T07:00:16.589+0000] {dag.py:3096} INFO - Sync 1 DAGs
[2026-07-22T07:00:16.625+0000] {logging_mixin.py:188} INFO - [2026-07-22T07:00:16.624+0000] {dag.py:3954} INFO - Setting next_dagrun for e-commerce_kafka_streaming_pipeline_v1 to 2026-07-22 07:00:00+00:00, run_after=2026-07-22 08:00:00+00:00
[2026-07-22T07:00:16.657+0000] {processor.py:183} INFO - Processing /opt/airflow/dags/sdp_pipeline_dag.py took 0.173 seconds
[2026-07-22T07:00:46.861+0000] {processor.py:161} INFO - Started process (PID=18205) to work on /opt/airflow/dags/sdp_pipeline_dag.py
[2026-07-22T07:00:46.864+0000] {processor.py:830} INFO - Processing file /opt/airflow/dags/sdp_pipeline_dag.py for tasks to queue
[2026-07-22T07:00:46.867+0000] {logging_mixin.py:188} INFO - [2026-07-22T07:00:46.866+0000] {dagbag.py:540} INFO - Filling up the DagBag from /opt/airflow/dags/sdp_pipeline_dag.py
[2026-07-22T07:00:46.909+0000] {processor.py:840} INFO - DAG(s) 'e-commerce_kafka_streaming_pipeline_v1' retrieved from /opt/airflow/dags/sdp_pipeline_dag.py
[2026-07-22T07:00:46.967+0000] {logging_mixin.py:188} INFO - [2026-07-22T07:00:46.966+0000] {dag.py:3096} INFO - Sync 1 DAGs
[2026-07-22T07:00:47.020+0000] {logging_mixin.py:188} INFO - [2026-07-22T07:00:47.019+0000] {dag.py:3954} INFO - Setting next_dagrun for e-commerce_kafka_streaming_pipeline_v1 to 2026-07-22 07:00:00+00:00, run_after=2026-07-22 08:00:00+00:00
[2026-07-22T07:00:47.065+0000] {processor.py:183} INFO - Processing /opt/airflow/dags/sdp_pipeline_dag.py took 0.219 seconds
[2026-07-22T07:01:17.186+0000] {processor.py:161} INFO - Started process (PID=18210) to work on /opt/airflow/dags/sdp_pipeline_dag.py
[2026-07-22T07:01:17.187+0000] {processor.py:830} INFO - Processing file /opt/airflow/dags/sdp_pipeline_dag.py for tasks to queue
[2026-07-22T07:01:17.189+0000] {logging_mixin.py:188} INFO - [2026-07-22T07:01:17.188+0000] {dagbag.py:540} INFO - Filling up the DagBag from /opt/airflow/dags/sdp_pipeline_dag.py
[2026-07-22T07:01:17.211+0000] {processor.py:840} INFO - DAG(s) 'e-commerce_kafka_streaming_pipeline_v1' retrieved from /opt/airflow/dags/sdp_pipeline_dag.py
[2026-07-22T07:01:17.240+0000] {logging_mixin.py:188} INFO - [2026-07-22T07:01:17.240+0000] {dag.py:3096} INFO - Sync 1 DAGs
[2026-07-22T07:01:17.262+0000] {logging_mixin.py:188} INFO - [2026-07-22T07:01:17.262+0000] {dag.py:3954} INFO - Setting next_dagrun for e-commerce_kafka_streaming_pipeline_v1 to 2026-07-22 07:00:00+00:00, run_after=2026-07-22 08:00:00+00:00
[2026-07-22T07:01:17.283+0000] {processor.py:183} INFO - Processing /opt/airflow/dags/sdp_pipeline_dag.py took 0.105 seconds
[2026-07-22T07:01:47.598+0000] {processor.py:161} INFO - Started process (PID=18215) to work on /opt/airflow/dags/sdp_pipeline_dag.py
[2026-07-22T07:01:47.599+0000] {processor.py:830} INFO - Processing file /opt/airflow/dags/sdp_pipeline_dag.py for tasks to queue
[2026-07-22T07:01:47.601+0000] {logging_mixin.py:188} INFO - [2026-07-22T07:01:47.600+0000] {dagbag.py:540} INFO - Filling up the DagBag from /opt/airflow/dags/sdp_pipeline_dag.py
[2026-07-22T07:01:47.624+0000] {processor.py:840} INFO - DAG(s) 'e-commerce_kafka_streaming_pipeline_v1' retrieved from /opt/airflow/dags/sdp_pipeline_dag.py
[2026-07-22T07:01:47.657+0000] {logging_mixin.py:188} INFO - [2026-07-22T07:01:47.656+0000] {dag.py:3096} INFO - Sync 1 DAGs
[2026-07-22T07:01:47.681+0000] {logging_mixin.py:188} INFO - [2026-07-22T07:01:47.681+0000] {dag.py:3954} INFO - Setting next_dagrun for e-commerce_kafka_streaming_pipeline_v1 to 2026-07-22 07:00:00+00:00, run_after=2026-07-22 08:00:00+00:00
[2026-07-22T07:01:47.844+0000] {processor.py:183} INFO - Processing /opt/airflow/dags/sdp_pipeline_dag.py took 0.252 seconds
[2026-07-22T07:02:18.221+0000] {processor.py:161} INFO - Started process (PID=18234) to work on /opt/airflow/dags/sdp_pipeline_dag.py
[2026-07-22T07:02:18.232+0000] {processor.py:830} INFO - Processing file /opt/airflow/dags/sdp_pipeline_dag.py for tasks to queue
[2026-07-22T07:02:18.237+0000] {logging_mixin.py:188} INFO - [2026-07-22T07:02:18.236+0000] {dagbag.py:540} INFO - Filling up the DagBag from /opt/airflow/dags/sdp_pipeline_dag.py
[2026-07-22T07:02:18.344+0000] {processor.py:840} INFO - DAG(s) 'e-commerce_kafka_streaming_pipeline_v1' retrieved from /opt/airflow/dags/sdp_pipeline_dag.py
[2026-07-22T07:02:18.474+0000] {logging_mixin.py:188} INFO - [2026-07-22T07:02:18.474+0000] {dag.py:3096} INFO - Sync 1 DAGs
[2026-07-22T07:02:19.179+0000] {logging_mixin.py:188} INFO - [2026-07-22T07:02:19.178+0000] {dag.py:3954} INFO - Setting next_dagrun for e-commerce_kafka_streaming_pipeline_v1 to 2026-07-22 07:00:00+00:00, run_after=2026-07-22 08:00:00+00:00
[2026-07-22T07:02:19.228+0000] {processor.py:183} INFO - Processing /opt/airflow/dags/sdp_pipeline_dag.py took 1.044 seconds
[2026-07-22T07:02:49.564+0000] {processor.py:161} INFO - Started process (PID=18239) to work on /opt/airflow/dags/sdp_pipeline_dag.py
[2026-07-22T07:02:49.567+0000] {processor.py:830} INFO - Processing file /opt/airflow/dags/sdp_pipeline_dag.py for tasks to queue
[2026-07-22T07:02:49.571+0000] {logging_mixin.py:188} INFO - [2026-07-22T07:02:49.570+0000] {dagbag.py:540} INFO - Filling up the DagBag from /opt/airflow/dags/sdp_pipeline_dag.py
[2026-07-22T07:02:49.620+0000] {processor.py:840} INFO - DAG(s) 'e-commerce_kafka_streaming_pipeline_v1' retrieved from /opt/airflow/dags/sdp_pipeline_dag.py
[2026-07-22T07:02:49.704+0000] {logging_mixin.py:188} INFO - [2026-07-22T07:02:49.704+0000] {dag.py:3096} INFO - Sync 1 DAGs
[2026-07-22T07:02:49.768+0000] {logging_mixin.py:188} INFO - [2026-07-22T07:02:49.768+0000] {dag.py:3954} INFO - Setting next_dagrun for e-commerce_kafka_streaming_pipeline_v1 to 2026-07-22 07:00:00+00:00, run_after=2026-07-22 08:00:00+00:00
[2026-07-22T07:02:49.815+0000] {processor.py:183} INFO - Processing /opt/airflow/dags/sdp_pipeline_dag.py took 0.267 seconds
[2026-07-22T07:03:19.981+0000] {processor.py:161} INFO - Started process (PID=18244) to work on /opt/airflow/dags/sdp_pipeline_dag.py
[2026-07-22T07:03:19.983+0000] {processor.py:830} INFO - Processing file /opt/airflow/dags/sdp_pipeline_dag.py for tasks to queue
[2026-07-22T07:03:19.986+0000] {logging_mixin.py:188} INFO - [2026-07-22T07:03:19.985+0000] {dagbag.py:540} INFO - Filling up the DagBag from /opt/airflow/dags/sdp_pipeline_dag.py
[2026-07-22T07:03:20.025+0000] {processor.py:840} INFO - DAG(s) 'e-commerce_kafka_streaming_pipeline_v1' retrieved from /opt/airflow/dags/sdp_pipeline_dag.py
[2026-07-22T07:03:20.086+0000] {logging_mixin.py:188} INFO - [2026-07-22T07:03:20.086+0000] {dag.py:3096} INFO - Sync 1 DAGs
[2026-07-22T07:03:20.161+0000] {logging_mixin.py:188} INFO - [2026-07-22T07:03:20.161+0000] {dag.py:3954} INFO - Setting next_dagrun for e-commerce_kafka_streaming_pipeline_v1 to 2026-07-22 07:00:00+00:00, run_after=2026-07-22 08:00:00+00:00
[2026-07-22T07:03:20.214+0000] {processor.py:183} INFO - Processing /opt/airflow/dags/sdp_pipeline_dag.py took 0.243 seconds
[2026-07-22T07:03:50.454+0000] {processor.py:161} INFO - Started process (PID=18249) to work on /opt/airflow/dags/sdp_pipeline_dag.py
[2026-07-22T07:03:50.455+0000] {processor.py:830} INFO - Processing file /opt/airflow/dags/sdp_pipeline_dag.py for tasks to queue
[2026-07-22T07:03:50.457+0000] {logging_mixin.py:188} INFO - [2026-07-22T07:03:50.457+0000] {dagbag.py:540} INFO - Filling up the DagBag from /opt/airflow/dags/sdp_pipeline_dag.py
[2026-07-22T07:03:50.490+0000] {processor.py:840} INFO - DAG(s) 'e-commerce_kafka_streaming_pipeline_v1' retrieved from /opt/airflow/dags/sdp_pipeline_dag.py
[2026-07-22T07:03:50.533+0000] {logging_mixin.py:188} INFO - [2026-07-22T07:03:50.532+0000] {dag.py:3096} INFO - Sync 1 DAGs
[2026-07-22T07:03:50.567+0000] {logging_mixin.py:188} INFO - [2026-07-22T07:03:50.567+0000] {dag.py:3954} INFO - Setting next_dagrun for e-commerce_kafka_streaming_pipeline_v1 to 2026-07-22 07:00:00+00:00, run_after=2026-07-22 08:00:00+00:00
[2026-07-22T07:03:50.593+0000] {processor.py:183} INFO - Processing /opt/airflow/dags/sdp_pipeline_dag.py took 0.149 seconds
[2026-07-22T07:04:20.659+0000] {processor.py:161} INFO - Started process (PID=18268) to work on /opt/airflow/dags/sdp_pipeline_dag.py
[2026-07-22T07:04:20.661+0000] {processor.py:830} INFO - Processing file /opt/airflow/dags/sdp_pipeline_dag.py for tasks to queue
[2026-07-22T07:04:20.663+0000] {logging_mixin.py:188} INFO - [2026-07-22T07:04:20.662+0000] {dagbag.py:540} INFO - Filling up the DagBag from /opt/airflow/dags/sdp_pipeline_dag.py
[2026-07-22T07:04:20.688+0000] {processor.py:840} INFO - DAG(s) 'e-commerce_kafka_streaming_pipeline_v1' retrieved from /opt/airflow/dags/sdp_pipeline_dag.py
[2026-07-22T07:04:20.723+0000] {logging_mixin.py:188} INFO - [2026-07-22T07:04:20.723+0000] {dag.py:3096} INFO - Sync 1 DAGs
[2026-07-22T07:04:20.754+0000] {logging_mixin.py:188} INFO - [2026-07-22T07:04:20.754+0000] {dag.py:3954} INFO - Setting next_dagrun for e-commerce_kafka_streaming_pipeline_v1 to 2026-07-22 07:00:00+00:00, run_after=2026-07-22 08:00:00+00:00
[2026-07-22T07:04:20.781+0000] {processor.py:183} INFO - Processing /opt/airflow/dags/sdp_pipeline_dag.py took 0.130 seconds
[2026-07-22T07:04:51.224+0000] {processor.py:161} INFO - Started process (PID=18273) to work on /opt/airflow/dags/sdp_pipeline_dag.py
[2026-07-22T07:04:51.228+0000] {processor.py:830} INFO - Processing file /opt/airflow/dags/sdp_pipeline_dag.py for tasks to queue
[2026-07-22T07:04:51.231+0000] {logging_mixin.py:188} INFO - [2026-07-22T07:04:51.230+0000] {dagbag.py:540} INFO - Filling up the DagBag from /opt/airflow/dags/sdp_pipeline_dag.py
[2026-07-22T07:04:51.290+0000] {processor.py:840} INFO - DAG(s) 'e-commerce_kafka_streaming_pipeline_v1' retrieved from /opt/airflow/dags/sdp_pipeline_dag.py
[2026-07-22T07:04:51.401+0000] {logging_mixin.py:188} INFO - [2026-07-22T07:04:51.400+0000] {dag.py:3096} INFO - Sync 1 DAGs
[2026-07-22T07:04:51.479+0000] {logging_mixin.py:188} INFO - [2026-07-22T07:04:51.479+0000] {dag.py:3954} INFO - Setting next_dagrun for e-commerce_kafka_streaming_pipeline_v1 to 2026-07-22 07:00:00+00:00, run_after=2026-07-22 08:00:00+00:00
[2026-07-22T07:04:51.861+0000] {processor.py:183} INFO - Processing /opt/airflow/dags/sdp_pipeline_dag.py took 0.655 seconds
[2026-07-22T07:05:22.553+0000] {processor.py:161} INFO - Started process (PID=18278) to work on /opt/airflow/dags/sdp_pipeline_dag.py
[2026-07-22T07:05:22.556+0000] {processor.py:830} INFO - Processing file /opt/airflow/dags/sdp_pipeline_dag.py for tasks to queue
[2026-07-22T07:05:22.561+0000] {logging_mixin.py:188} INFO - [2026-07-22T07:05:22.560+0000] {dagbag.py:540} INFO - Filling up the DagBag from /opt/airflow/dags/sdp_pipeline_dag.py
[2026-07-22T07:05:22.611+0000] {processor.py:840} INFO - DAG(s) 'e-commerce_kafka_streaming_pipeline_v1' retrieved from /opt/airflow/dags/sdp_pipeline_dag.py
[2026-07-22T07:05:22.690+0000] {logging_mixin.py:188} INFO - [2026-07-22T07:05:22.689+0000] {dag.py:3096} INFO - Sync 1 DAGs
[2026-07-22T07:05:23.166+0000] {logging_mixin.py:188} INFO - [2026-07-22T07:05:23.165+0000] {dag.py:3954} INFO - Setting next_dagrun for e-commerce_kafka_streaming_pipeline_v1 to 2026-07-22 07:00:00+00:00, run_after=2026-07-22 08:00:00+00:00
[2026-07-22T07:05:23.239+0000] {processor.py:183} INFO - Processing /opt/airflow/dags/sdp_pipeline_dag.py took 0.716 seconds
[2026-07-22T07:05:53.660+0000] {processor.py:161} INFO - Started process (PID=18283) to work on /opt/airflow/dags/sdp_pipeline_dag.py
[2026-07-22T07:05:53.661+0000] {processor.py:830} INFO - Processing file /opt/airflow/dags/sdp_pipeline_dag.py for tasks to queue
[2026-07-22T07:05:53.663+0000] {logging_mixin.py:188} INFO - [2026-07-22T07:05:53.663+0000] {dagbag.py:540} INFO - Filling up the DagBag from /opt/airflow/dags/sdp_pipeline_dag.py
[2026-07-22T07:05:53.693+0000] {processor.py:840} INFO - DAG(s) 'e-commerce_kafka_streaming_pipeline_v1' retrieved from /opt/airflow/dags/sdp_pipeline_dag.py
[2026-07-22T07:05:53.747+0000] {logging_mixin.py:188} INFO - [2026-07-22T07:05:53.747+0000] {dag.py:3096} INFO - Sync 1 DAGs
[2026-07-22T07:05:53.783+0000] {logging_mixin.py:188} INFO - [2026-07-22T07:05:53.783+0000] {dag.py:3954} INFO - Setting next_dagrun for e-commerce_kafka_streaming_pipeline_v1 to 2026-07-22 07:00:00+00:00, run_after=2026-07-22 08:00:00+00:00
[2026-07-22T07:05:53.808+0000] {processor.py:183} INFO - Processing /opt/airflow/dags/sdp_pipeline_dag.py took 0.157 seconds
[2026-07-22T07:06:23.981+0000] {processor.py:161} INFO - Started process (PID=18288) to work on /opt/airflow/dags/sdp_pipeline_dag.py
[2026-07-22T07:06:23.983+0000] {processor.py:830} INFO - Processing file /opt/airflow/dags/sdp_pipeline_dag.py for tasks to queue
[2026-07-22T07:06:23.987+0000] {logging_mixin.py:188} INFO - [2026-07-22T07:06:23.986+0000] {dagbag.py:540} INFO - Filling up the DagBag from /opt/airflow/dags/sdp_pipeline_dag.py
[2026-07-22T07:06:24.032+0000] {processor.py:840} INFO - DAG(s) 'e-commerce_kafka_streaming_pipeline_v1' retrieved from /opt/airflow/dags/sdp_pipeline_dag.py
[2026-07-22T07:06:24.098+0000] {logging_mixin.py:188} INFO - [2026-07-22T07:06:24.098+0000] {dag.py:3096} INFO - Sync 1 DAGs
[2026-07-22T07:06:24.145+0000] {logging_mixin.py:188} INFO - [2026-07-22T07:06:24.144+0000] {dag.py:3954} INFO - Setting next_dagrun for e-commerce_kafka_streaming_pipeline_v1 to 2026-07-22 07:00:00+00:00, run_after=2026-07-22 08:00:00+00:00
[2026-07-22T07:06:24.185+0000] {processor.py:183} INFO - Processing /opt/airflow/dags/sdp_pipeline_dag.py took 0.233 seconds
[2026-07-22T07:06:54.563+0000] {processor.py:161} INFO - Started process (PID=18293) to work on /opt/airflow/dags/sdp_pipeline_dag.py
[2026-07-22T07:06:54.571+0000] {processor.py:830} INFO - Processing file /opt/airflow/dags/sdp_pipeline_dag.py for tasks to queue
[2026-07-22T07:06:54.574+0000] {logging_mixin.py:188} INFO - [2026-07-22T07:06:54.573+0000] {dagbag.py:540} INFO - Filling up the DagBag from /opt/airflow/dags/sdp_pipeline_dag.py
[2026-07-22T07:06:54.608+0000] {processor.py:840} INFO - DAG(s) 'e-commerce_kafka_streaming_pipeline_v1' retrieved from /opt/airflow/dags/sdp_pipeline_dag.py
[2026-07-22T07:06:54.653+0000] {logging_mixin.py:188} INFO - [2026-07-22T07:06:54.653+0000] {dag.py:3096} INFO - Sync 1 DAGs
[2026-07-22T07:06:54.700+0000] {logging_mixin.py:188} INFO - [2026-07-22T07:06:54.700+0000] {dag.py:3954} INFO - Setting next_dagrun for e-commerce_kafka_streaming_pipeline_v1 to 2026-07-22 07:00:00+00:00, run_after=2026-07-22 08:00:00+00:00
[2026-07-22T07:06:54.743+0000] {processor.py:183} INFO - Processing /opt/airflow/dags/sdp_pipeline_dag.py took 0.191 seconds
[2026-07-22T07:07:24.993+0000] {processor.py:161} INFO - Started process (PID=18304) to work on /opt/airflow/dags/sdp_pipeline_dag.py
[2026-07-22T07:07:24.995+0000] {processor.py:830} INFO - Processing file /opt/airflow/dags/sdp_pipeline_dag.py for tasks to queue
[2026-07-22T07:07:24.997+0000] {logging_mixin.py:188} INFO - [2026-07-22T07:07:24.996+0000] {dagbag.py:540} INFO - Filling up the DagBag from /opt/airflow/dags/sdp_pipeline_dag.py
[2026-07-22T07:07:25.019+0000] {processor.py:840} INFO - DAG(s) 'e-commerce_kafka_streaming_pipeline_v1' retrieved from /opt/airflow/dags/sdp_pipeline_dag.py
[2026-07-22T07:07:25.082+0000] {logging_mixin.py:188} INFO - [2026-07-22T07:07:25.082+0000] {dag.py:3096} INFO - Sync 1 DAGs
[2026-07-22T07:07:25.109+0000] {logging_mixin.py:188} INFO - [2026-07-22T07:07:25.108+0000] {dag.py:3954} INFO - Setting next_dagrun for e-commerce_kafka_streaming_pipeline_v1 to 2026-07-22 07:00:00+00:00, run_after=2026-07-22 08:00:00+00:00
[2026-07-22T07:07:25.130+0000] {processor.py:183} INFO - Processing /opt/airflow/dags/sdp_pipeline_dag.py took 0.145 seconds
[2026-07-22T07:07:55.192+0000] {processor.py:161} INFO - Started process (PID=18309) to work on /opt/airflow/dags/sdp_pipeline_dag.py
[2026-07-22T07:07:55.194+0000] {processor.py:830} INFO - Processing file /opt/airflow/dags/sdp_pipeline_dag.py for tasks to queue
[2026-07-22T07:07:55.196+0000] {logging_mixin.py:188} INFO - [2026-07-22T07:07:55.195+0000] {dagbag.py:540} INFO - Filling up the DagBag from /opt/airflow/dags/sdp_pipeline_dag.py
[2026-07-22T07:07:55.226+0000] {processor.py:840} INFO - DAG(s) 'e-commerce_kafka_streaming_pipeline_v1' retrieved from /opt/airflow/dags/sdp_pipeline_dag.py
[2026-07-22T07:07:55.265+0000] {logging_mixin.py:188} INFO - [2026-07-22T07:07:55.264+0000] {dag.py:3096} INFO - Sync 1 DAGs
[2026-07-22T07:07:55.292+0000] {logging_mixin.py:188} INFO - [2026-07-22T07:07:55.292+0000] {dag.py:3954} INFO - Setting next_dagrun for e-commerce_kafka_streaming_pipeline_v1 to 2026-07-22 07:00:00+00:00, run_after=2026-07-22 08:00:00+00:00
[2026-07-22T07:07:55.486+0000] {processor.py:183} INFO - Processing /opt/airflow/dags/sdp_pipeline_dag.py took 0.302 seconds
[2026-07-22T07:08:25.560+0000] {processor.py:161} INFO - Started process (PID=18314) to work on /opt/airflow/dags/sdp_pipeline_dag.py
[2026-07-22T07:08:25.562+0000] {processor.py:830} INFO - Processing file /opt/airflow/dags/sdp_pipeline_dag.py for tasks to queue
[2026-07-22T07:08:25.564+0000] {logging_mixin.py:188} INFO - [2026-07-22T07:08:25.563+0000] {dagbag.py:540} INFO - Filling up the DagBag from /opt/airflow/dags/sdp_pipeline_dag.py
[2026-07-22T07:08:25.588+0000] {processor.py:840} INFO - DAG(s) 'e-commerce_kafka_streaming_pipeline_v1' retrieved from /opt/airflow/dags/sdp_pipeline_dag.py
[2026-07-22T07:08:25.620+0000] {logging_mixin.py:188} INFO - [2026-07-22T07:08:25.620+0000] {dag.py:3096} INFO - Sync 1 DAGs
[2026-07-22T07:08:25.776+0000] {logging_mixin.py:188} INFO - [2026-07-22T07:08:25.776+0000] {dag.py:3954} INFO - Setting next_dagrun for e-commerce_kafka_streaming_pipeline_v1 to 2026-07-22 07:00:00+00:00, run_after=2026-07-22 08:00:00+00:00
[2026-07-22T07:08:25.794+0000] {processor.py:183} INFO - Processing /opt/airflow/dags/sdp_pipeline_dag.py took 0.245 seconds
[2026-07-22T07:08:55.932+0000] {processor.py:161} INFO - Started process (PID=18319) to work on /opt/airflow/dags/sdp_pipeline_dag.py
[2026-07-22T07:08:55.933+0000] {processor.py:830} INFO - Processing file /opt/airflow/dags/sdp_pipeline_dag.py for tasks to queue
[2026-07-22T07:08:55.934+0000] {logging_mixin.py:188} INFO - [2026-07-22T07:08:55.934+0000] {dagbag.py:540} INFO - Filling up the DagBag from /opt/airflow/dags/sdp_pipeline_dag.py
[2026-07-22T07:08:55.958+0000] {processor.py:840} INFO - DAG(s) 'e-commerce_kafka_streaming_pipeline_v1' retrieved from /opt/airflow/dags/sdp_pipeline_dag.py
[2026-07-22T07:08:55.995+0000] {logging_mixin.py:188} INFO - [2026-07-22T07:08:55.995+0000] {dag.py:3096} INFO - Sync 1 DAGs
[2026-07-22T07:08:56.028+0000] {logging_mixin.py:188} INFO - [2026-07-22T07:08:56.028+0000] {dag.py:3954} INFO - Setting next_dagrun for e-commerce_kafka_streaming_pipeline_v1 to 2026-07-22 07:00:00+00:00, run_after=2026-07-22 08:00:00+00:00
[2026-07-22T07:08:56.053+0000] {processor.py:183} INFO - Processing /opt/airflow/dags/sdp_pipeline_dag.py took 0.128 seconds
[2026-07-22T07:09:26.212+0000] {processor.py:161} INFO - Started process (PID=18324) to work on /opt/airflow/dags/sdp_pipeline_dag.py
[2026-07-22T07:09:26.213+0000] {processor.py:830} INFO - Processing file /opt/airflow/dags/sdp_pipeline_dag.py for tasks to queue
[2026-07-22T07:09:26.216+0000] {logging_mixin.py:188} INFO - [2026-07-22T07:09:26.215+0000] {dagbag.py:540} INFO - Filling up the DagBag from /opt/airflow/dags/sdp_pipeline_dag.py
[2026-07-22T07:09:26.242+0000] {processor.py:840} INFO - DAG(s) 'e-commerce_kafka_streaming_pipeline_v1' retrieved from /opt/airflow/dags/sdp_pipeline_dag.py
[2026-07-22T07:09:26.292+0000] {logging_mixin.py:188} INFO - [2026-07-22T07:09:26.291+0000] {dag.py:3096} INFO - Sync 1 DAGs
[2026-07-22T07:09:26.326+0000] {logging_mixin.py:188} INFO - [2026-07-22T07:09:26.326+0000] {dag.py:3954} INFO - Setting next_dagrun for e-commerce_kafka_streaming_pipeline_v1 to 2026-07-22 07:00:00+00:00, run_after=2026-07-22 08:00:00+00:00
[2026-07-22T07:09:26.363+0000] {processor.py:183} INFO - Processing /opt/airflow/dags/sdp_pipeline_dag.py took 0.159 seconds
[2026-07-22T07:09:56.511+0000] {processor.py:161} INFO - Started process (PID=18329) to work on /opt/airflow/dags/sdp_pipeline_dag.py
[2026-07-22T07:09:56.513+0000] {processor.py:830} INFO - Processing file /opt/airflow/dags/sdp_pipeline_dag.py for tasks to queue
[2026-07-22T07:09:56.514+0000] {logging_mixin.py:188} INFO - [2026-07-22T07:09:56.514+0000] {dagbag.py:540} INFO - Filling up the DagBag from /opt/airflow/dags/sdp_pipeline_dag.py
[2026-07-22T07:09:56.534+0000] {processor.py:840} INFO - DAG(s) 'e-commerce_kafka_streaming_pipeline_v1' retrieved from /opt/airflow/dags/sdp_pipeline_dag.py
[2026-07-22T07:09:56.563+0000] {logging_mixin.py:188} INFO - [2026-07-22T07:09:56.563+0000] {dag.py:3096} INFO - Sync 1 DAGs
[2026-07-22T07:09:56.585+0000] {logging_mixin.py:188} INFO - [2026-07-22T07:09:56.585+0000] {dag.py:3954} INFO - Setting next_dagrun for e-commerce_kafka_streaming_pipeline_v1 to 2026-07-22 07:00:00+00:00, run_after=2026-07-22 08:00:00+00:00
[2026-07-22T07:09:56.605+0000] {processor.py:183} INFO - Processing /opt/airflow/dags/sdp_pipeline_dag.py took 0.100 seconds
[2026-07-22T07:10:26.887+0000] {processor.py:161} INFO - Started process (PID=18334) to work on /opt/airflow/dags/sdp_pipeline_dag.py
[2026-07-22T07:10:26.888+0000] {processor.py:830} INFO - Processing file /opt/airflow/dags/sdp_pipeline_dag.py for tasks to queue
[2026-07-22T07:10:26.890+0000] {logging_mixin.py:188} INFO - [2026-07-22T07:10:26.889+0000] {dagbag.py:540} INFO - Filling up the DagBag from /opt/airflow/dags/sdp_pipeline_dag.py
[2026-07-22T07:10:26.910+0000] {processor.py:840} INFO - DAG(s) 'e-commerce_kafka_streaming_pipeline_v1' retrieved from /opt/airflow/dags/sdp_pipeline_dag.py
[2026-07-22T07:10:26.937+0000] {logging_mixin.py:188} INFO - [2026-07-22T07:10:26.937+0000] {dag.py:3096} INFO - Sync 1 DAGs
[2026-07-22T07:10:26.958+0000] {logging_mixin.py:188} INFO - [2026-07-22T07:10:26.958+0000] {dag.py:3954} INFO - Setting next_dagrun for e-commerce_kafka_streaming_pipeline_v1 to 2026-07-22 07:00:00+00:00, run_after=2026-07-22 08:00:00+00:00
[2026-07-22T07:10:26.977+0000] {processor.py:183} INFO - Processing /opt/airflow/dags/sdp_pipeline_dag.py took 0.099 seconds
[2026-07-22T07:10:57.159+0000] {processor.py:161} INFO - Started process (PID=18339) to work on /opt/airflow/dags/sdp_pipeline_dag.py
[2026-07-22T07:10:57.160+0000] {processor.py:830} INFO - Processing file /opt/airflow/dags/sdp_pipeline_dag.py for tasks to queue
[2026-07-22T07:10:57.162+0000] {logging_mixin.py:188} INFO - [2026-07-22T07:10:57.161+0000] {dagbag.py:540} INFO - Filling up the DagBag from /opt/airflow/dags/sdp_pipeline_dag.py
[2026-07-22T07:10:57.180+0000] {processor.py:840} INFO - DAG(s) 'e-commerce_kafka_streaming_pipeline_v1' retrieved from /opt/airflow/dags/sdp_pipeline_dag.py
[2026-07-22T07:10:57.207+0000] {logging_mixin.py:188} INFO - [2026-07-22T07:10:57.207+0000] {dag.py:3096} INFO - Sync 1 DAGs
[2026-07-22T07:10:57.228+0000] {logging_mixin.py:188} INFO - [2026-07-22T07:10:57.227+0000] {dag.py:3954} INFO - Setting next_dagrun for e-commerce_kafka_streaming_pipeline_v1 to 2026-07-22 07:00:00+00:00, run_after=2026-07-22 08:00:00+00:00
[2026-07-22T07:10:57.389+0000] {processor.py:183} INFO - Processing /opt/airflow/dags/sdp_pipeline_dag.py took 0.236 seconds
[2026-07-22T07:11:27.440+0000] {processor.py:161} INFO - Started process (PID=18344) to work on /opt/airflow/dags/sdp_pipeline_dag.py
[2026-07-22T07:11:27.441+0000] {processor.py:830} INFO - Processing file /opt/airflow/dags/sdp_pipeline_dag.py for tasks to queue
[2026-07-22T07:11:27.443+0000] {logging_mixin.py:188} INFO - [2026-07-22T07:11:27.442+0000] {dagbag.py:540} INFO - Filling up the DagBag from /opt/airflow/dags/sdp_pipeline_dag.py
[2026-07-22T07:11:27.460+0000] {processor.py:840} INFO - DAG(s) 'e-commerce_kafka_streaming_pipeline_v1' retrieved from /opt/airflow/dags/sdp_pipeline_dag.py
[2026-07-22T07:11:27.486+0000] {logging_mixin.py:188} INFO - [2026-07-22T07:11:27.486+0000] {dag.py:3096} INFO - Sync 1 DAGs
[2026-07-22T07:11:27.641+0000] {logging_mixin.py:188} INFO - [2026-07-22T07:11:27.641+0000] {dag.py:3954} INFO - Setting next_dagrun for e-commerce_kafka_streaming_pipeline_v1 to 2026-07-22 07:00:00+00:00, run_after=2026-07-22 08:00:00+00:00
[2026-07-22T07:11:27.658+0000] {processor.py:183} INFO - Processing /opt/airflow/dags/sdp_pipeline_dag.py took 0.223 seconds
[2026-07-22T07:11:57.889+0000] {processor.py:161} INFO - Started process (PID=18349) to work on /opt/airflow/dags/sdp_pipeline_dag.py
[2026-07-22T07:11:57.890+0000] {processor.py:830} INFO - Processing file /opt/airflow/dags/sdp_pipeline_dag.py for tasks to queue
[2026-07-22T07:11:57.892+0000] {logging_mixin.py:188} INFO - [2026-07-22T07:11:57.891+0000] {dagbag.py:540} INFO - Filling up the DagBag from /opt/airflow/dags/sdp_pipeline_dag.py
[2026-07-22T07:11:57.911+0000] {processor.py:840} INFO - DAG(s) 'e-commerce_kafka_streaming_pipeline_v1' retrieved from /opt/airflow/dags/sdp_pipeline_dag.py
[2026-07-22T07:11:57.937+0000] {logging_mixin.py:188} INFO - [2026-07-22T07:11:57.937+0000] {dag.py:3096} INFO - Sync 1 DAGs
[2026-07-22T07:11:57.957+0000] {logging_mixin.py:188} INFO - [2026-07-22T07:11:57.957+0000] {dag.py:3954} INFO - Setting next_dagrun for e-commerce_kafka_streaming_pipeline_v1 to 2026-07-22 07:00:00+00:00, run_after=2026-07-22 08:00:00+00:00
[2026-07-22T07:11:57.976+0000] {processor.py:183} INFO - Processing /opt/airflow/dags/sdp_pipeline_dag.py took 0.093 seconds
[2026-07-22T07:12:28.150+0000] {processor.py:161} INFO - Started process (PID=18354) to work on /opt/airflow/dags/sdp_pipeline_dag.py
[2026-07-22T07:12:28.151+0000] {processor.py:830} INFO - Processing file /opt/airflow/dags/sdp_pipeline_dag.py for tasks to queue
[2026-07-22T07:12:28.153+0000] {logging_mixin.py:188} INFO - [2026-07-22T07:12:28.152+0000] {dagbag.py:540} INFO - Filling up the DagBag from /opt/airflow/dags/sdp_pipeline_dag.py
[2026-07-22T07:12:28.172+0000] {processor.py:840} INFO - DAG(s) 'e-commerce_kafka_streaming_pipeline_v1' retrieved from /opt/airflow/dags/sdp_pipeline_dag.py
[2026-07-22T07:12:28.196+0000] {logging_mixin.py:188} INFO - [2026-07-22T07:12:28.196+0000] {dag.py:3096} INFO - Sync 1 DAGs
[2026-07-22T07:12:28.215+0000] {logging_mixin.py:188} INFO - [2026-07-22T07:12:28.215+0000] {dag.py:3954} INFO - Setting next_dagrun for e-commerce_kafka_streaming_pipeline_v1 to 2026-07-22 07:00:00+00:00, run_after=2026-07-22 08:00:00+00:00
[2026-07-22T07:12:28.236+0000] {processor.py:183} INFO - Processing /opt/airflow/dags/sdp_pipeline_dag.py took 0.092 seconds
[2026-07-22T07:12:58.420+0000] {processor.py:161} INFO - Started process (PID=18359) to work on /opt/airflow/dags/sdp_pipeline_dag.py
[2026-07-22T07:12:58.422+0000] {processor.py:830} INFO - Processing file /opt/airflow/dags/sdp_pipeline_dag.py for tasks to queue
[2026-07-22T07:12:58.424+0000] {logging_mixin.py:188} INFO - [2026-07-22T07:12:58.424+0000] {dagbag.py:540} INFO - Filling up the DagBag from /opt/airflow/dags/sdp_pipeline_dag.py
[2026-07-22T07:12:58.448+0000] {processor.py:840} INFO - DAG(s) 'e-commerce_kafka_streaming_pipeline_v1' retrieved from /opt/airflow/dags/sdp_pipeline_dag.py
[2026-07-22T07:12:58.480+0000] {logging_mixin.py:188} INFO - [2026-07-22T07:12:58.480+0000] {dag.py:3096} INFO - Sync 1 DAGs
[2026-07-22T07:12:58.509+0000] {logging_mixin.py:188} INFO - [2026-07-22T07:12:58.508+0000] {dag.py:3954} INFO - Setting next_dagrun for e-commerce_kafka_streaming_pipeline_v1 to 2026-07-22 07:00:00+00:00, run_after=2026-07-22 08:00:00+00:00
[2026-07-22T07:12:58.530+0000] {processor.py:183} INFO - Processing /opt/airflow/dags/sdp_pipeline_dag.py took 0.117 seconds
[2026-07-22T07:13:28.674+0000] {processor.py:161} INFO - Started process (PID=18364) to work on /opt/airflow/dags/sdp_pipeline_dag.py
[2026-07-22T07:13:28.675+0000] {processor.py:830} INFO - Processing file /opt/airflow/dags/sdp_pipeline_dag.py for tasks to queue
[2026-07-22T07:13:28.677+0000] {logging_mixin.py:188} INFO - [2026-07-22T07:13:28.677+0000] {dagbag.py:540} INFO - Filling up the DagBag from /opt/airflow/dags/sdp_pipeline_dag.py
[2026-07-22T07:13:28.700+0000] {processor.py:840} INFO - DAG(s) 'e-commerce_kafka_streaming_pipeline_v1' retrieved from /opt/airflow/dags/sdp_pipeline_dag.py
[2026-07-22T07:13:28.731+0000] {logging_mixin.py:188} INFO - [2026-07-22T07:13:28.731+0000] {dag.py:3096} INFO - Sync 1 DAGs
[2026-07-22T07:13:28.771+0000] {logging_mixin.py:188} INFO - [2026-07-22T07:13:28.771+0000] {dag.py:3954} INFO - Setting next_dagrun for e-commerce_kafka_streaming_pipeline_v1 to 2026-07-22 07:00:00+00:00, run_after=2026-07-22 08:00:00+00:00
[2026-07-22T07:13:28.808+0000] {processor.py:183} INFO - Processing /opt/airflow/dags/sdp_pipeline_dag.py took 0.140 seconds
[2026-07-22T07:13:58.963+0000] {processor.py:161} INFO - Started process (PID=18369) to work on /opt/airflow/dags/sdp_pipeline_dag.py
[2026-07-22T07:13:58.965+0000] {processor.py:830} INFO - Processing file /opt/airflow/dags/sdp_pipeline_dag.py for tasks to queue
[2026-07-22T07:13:58.966+0000] {logging_mixin.py:188} INFO - [2026-07-22T07:13:58.966+0000] {dagbag.py:540} INFO - Filling up the DagBag from /opt/airflow/dags/sdp_pipeline_dag.py
[2026-07-22T07:13:58.986+0000] {processor.py:840} INFO - DAG(s) 'e-commerce_kafka_streaming_pipeline_v1' retrieved from /opt/airflow/dags/sdp_pipeline_dag.py
[2026-07-22T07:13:59.012+0000] {logging_mixin.py:188} INFO - [2026-07-22T07:13:59.012+0000] {dag.py:3096} INFO - Sync 1 DAGs
[2026-07-22T07:13:59.033+0000] {logging_mixin.py:188} INFO - [2026-07-22T07:13:59.033+0000] {dag.py:3954} INFO - Setting next_dagrun for e-commerce_kafka_streaming_pipeline_v1 to 2026-07-22 07:00:00+00:00, run_after=2026-07-22 08:00:00+00:00
[2026-07-22T07:13:59.184+0000] {processor.py:183} INFO - Processing /opt/airflow/dags/sdp_pipeline_dag.py took 0.227 seconds
[2026-07-22T07:14:29.280+0000] {processor.py:161} INFO - Started process (PID=18374) to work on /opt/airflow/dags/sdp_pipeline_dag.py
[2026-07-22T07:14:29.281+0000] {processor.py:830} INFO - Processing file /opt/airflow/dags/sdp_pipeline_dag.py for tasks to queue
[2026-07-22T07:14:29.282+0000] {logging_mixin.py:188} INFO - [2026-07-22T07:14:29.282+0000] {dagbag.py:540} INFO - Filling up the DagBag from /opt/airflow/dags/sdp_pipeline_dag.py
[2026-07-22T07:14:29.302+0000] {processor.py:840} INFO - DAG(s) 'e-commerce_kafka_streaming_pipeline_v1' retrieved from /opt/airflow/dags/sdp_pipeline_dag.py
[2026-07-22T07:14:29.334+0000] {logging_mixin.py:188} INFO - [2026-07-22T07:14:29.334+0000] {dag.py:3096} INFO - Sync 1 DAGs
[2026-07-22T07:14:29.543+0000] {logging_mixin.py:188} INFO - [2026-07-22T07:14:29.542+0000] {dag.py:3954} INFO - Setting next_dagrun for e-commerce_kafka_streaming_pipeline_v1 to 2026-07-22 07:00:00+00:00, run_after=2026-07-22 08:00:00+00:00
[2026-07-22T07:14:29.581+0000] {processor.py:183} INFO - Processing /opt/airflow/dags/sdp_pipeline_dag.py took 0.308 seconds
[2026-07-22T07:14:59.815+0000] {processor.py:161} INFO - Started process (PID=18379) to work on /opt/airflow/dags/sdp_pipeline_dag.py
[2026-07-22T07:14:59.816+0000] {processor.py:830} INFO - Processing file /opt/airflow/dags/sdp_pipeline_dag.py for tasks to queue
[2026-07-22T07:14:59.818+0000] {logging_mixin.py:188} INFO - [2026-07-22T07:14:59.817+0000] {dagbag.py:540} INFO - Filling up the DagBag from /opt/airflow/dags/sdp_pipeline_dag.py
[2026-07-22T07:14:59.839+0000] {processor.py:840} INFO - DAG(s) 'e-commerce_kafka_streaming_pipeline_v1' retrieved from /opt/airflow/dags/sdp_pipeline_dag.py
[2026-07-22T07:14:59.866+0000] {logging_mixin.py:188} INFO - [2026-07-22T07:14:59.866+0000] {dag.py:3096} INFO - Sync 1 DAGs
[2026-07-22T07:15:00.030+0000] {logging_mixin.py:188} INFO - [2026-07-22T07:15:00.030+0000] {dag.py:3954} INFO - Setting next_dagrun for e-commerce_kafka_streaming_pipeline_v1 to 2026-07-22 07:00:00+00:00, run_after=2026-07-22 08:00:00+00:00
[2026-07-22T07:15:00.049+0000] {processor.py:183} INFO - Processing /opt/airflow/dags/sdp_pipeline_dag.py took 0.242 seconds
[2026-07-22T07:15:30.108+0000] {processor.py:161} INFO - Started process (PID=18384) to work on /opt/airflow/dags/sdp_pipeline_dag.py
[2026-07-22T07:15:30.110+0000] {processor.py:830} INFO - Processing file /opt/airflow/dags/sdp_pipeline_dag.py for tasks to queue
[2026-07-22T07:15:30.111+0000] {logging_mixin.py:188} INFO - [2026-07-22T07:15:30.111+0000] {dagbag.py:540} INFO - Filling up the DagBag from /opt/airflow/dags/sdp_pipeline_dag.py
[2026-07-22T07:15:30.130+0000] {processor.py:840} INFO - DAG(s) 'e-commerce_kafka_streaming_pipeline_v1' retrieved from /opt/airflow/dags/sdp_pipeline_dag.py
[2026-07-22T07:15:30.157+0000] {logging_mixin.py:188} INFO - [2026-07-22T07:15:30.157+0000] {dag.py:3096} INFO - Sync 1 DAGs
[2026-07-22T07:15:30.179+0000] {logging_mixin.py:188} INFO - [2026-07-22T07:15:30.179+0000] {dag.py:3954} INFO - Setting next_dagrun for e-commerce_kafka_streaming_pipeline_v1 to 2026-07-22 07:00:00+00:00, run_after=2026-07-22 08:00:00+00:00
[2026-07-22T07:15:30.201+0000] {processor.py:183} INFO - Processing /opt/airflow/dags/sdp_pipeline_dag.py took 0.099 seconds
[2026-07-22T07:16:00.351+0000] {processor.py:161} INFO - Started process (PID=18389) to work on /opt/airflow/dags/sdp_pipeline_dag.py
[2026-07-22T07:16:00.352+0000] {processor.py:830} INFO - Processing file /opt/airflow/dags/sdp_pipeline_dag.py for tasks to queue
[2026-07-22T07:16:00.354+0000] {logging_mixin.py:188} INFO - [2026-07-22T07:16:00.353+0000] {dagbag.py:540} INFO - Filling up the DagBag from /opt/airflow/dags/sdp_pipeline_dag.py
[2026-07-22T07:16:00.373+0000] {processor.py:840} INFO - DAG(s) 'e-commerce_kafka_streaming_pipeline_v1' retrieved from /opt/airflow/dags/sdp_pipeline_dag.py
[2026-07-22T07:16:00.400+0000] {logging_mixin.py:188} INFO - [2026-07-22T07:16:00.400+0000] {dag.py:3096} INFO - Sync 1 DAGs
[2026-07-22T07:16:00.420+0000] {logging_mixin.py:188} INFO - [2026-07-22T07:16:00.419+0000] {dag.py:3954} INFO - Setting next_dagrun for e-commerce_kafka_streaming_pipeline_v1 to 2026-07-22 07:00:00+00:00, run_after=2026-07-22 08:00:00+00:00
[2026-07-22T07:16:00.440+0000] {processor.py:183} INFO - Processing /opt/airflow/dags/sdp_pipeline_dag.py took 0.095 seconds
[2026-07-22T07:16:30.643+0000] {processor.py:161} INFO - Started process (PID=18394) to work on /opt/airflow/dags/sdp_pipeline_dag.py
[2026-07-22T07:16:30.644+0000] {processor.py:830} INFO - Processing file /opt/airflow/dags/sdp_pipeline_dag.py for tasks to queue
[2026-07-22T07:16:30.645+0000] {logging_mixin.py:188} INFO - [2026-07-22T07:16:30.644+0000] {dagbag.py:540} INFO - Filling up the DagBag from /opt/airflow/dags/sdp_pipeline_dag.py
[2026-07-22T07:16:30.663+0000] {processor.py:840} INFO - DAG(s) 'e-commerce_kafka_streaming_pipeline_v1' retrieved from /opt/airflow/dags/sdp_pipeline_dag.py
[2026-07-22T07:16:30.691+0000] {logging_mixin.py:188} INFO - [2026-07-22T07:16:30.690+0000] {dag.py:3096} INFO - Sync 1 DAGs
[2026-07-22T07:16:30.711+0000] {logging_mixin.py:188} INFO - [2026-07-22T07:16:30.711+0000] {dag.py:3954} INFO - Setting next_dagrun for e-commerce_kafka_streaming_pipeline_v1 to 2026-07-22 07:00:00+00:00, run_after=2026-07-22 08:00:00+00:00
[2026-07-22T07:16:30.731+0000] {processor.py:183} INFO - Processing /opt/airflow/dags/sdp_pipeline_dag.py took 0.094 seconds
[2026-07-22T07:17:00.897+0000] {processor.py:161} INFO - Started process (PID=18399) to work on /opt/airflow/dags/sdp_pipeline_dag.py
[2026-07-22T07:17:00.898+0000] {processor.py:830} INFO - Processing file /opt/airflow/dags/sdp_pipeline_dag.py for tasks to queue
[2026-07-22T07:17:00.899+0000] {logging_mixin.py:188} INFO - [2026-07-22T07:17:00.899+0000] {dagbag.py:540} INFO - Filling up the DagBag from /opt/airflow/dags/sdp_pipeline_dag.py
[2026-07-22T07:17:00.917+0000] {processor.py:840} INFO - DAG(s) 'e-commerce_kafka_streaming_pipeline_v1' retrieved from /opt/airflow/dags/sdp_pipeline_dag.py
[2026-07-22T07:17:00.946+0000] {logging_mixin.py:188} INFO - [2026-07-22T07:17:00.945+0000] {dag.py:3096} INFO - Sync 1 DAGs
[2026-07-22T07:17:00.966+0000] {logging_mixin.py:188} INFO - [2026-07-22T07:17:00.966+0000] {dag.py:3954} INFO - Setting next_dagrun for e-commerce_kafka_streaming_pipeline_v1 to 2026-07-22 07:00:00+00:00, run_after=2026-07-22 08:00:00+00:00
[2026-07-22T07:17:01.120+0000] {processor.py:183} INFO - Processing /opt/airflow/dags/sdp_pipeline_dag.py took 0.230 seconds
[2026-07-22T07:17:31.215+0000] {processor.py:161} INFO - Started process (PID=18404) to work on /opt/airflow/dags/sdp_pipeline_dag.py
[2026-07-22T07:17:31.216+0000] {processor.py:830} INFO - Processing file /opt/airflow/dags/sdp_pipeline_dag.py for tasks to queue
[2026-07-22T07:17:31.218+0000] {logging_mixin.py:188} INFO - [2026-07-22T07:17:31.217+0000] {dagbag.py:540} INFO - Filling up the DagBag from /opt/airflow/dags/sdp_pipeline_dag.py
[2026-07-22T07:17:31.237+0000] {processor.py:840} INFO - DAG(s) 'e-commerce_kafka_streaming_pipeline_v1' retrieved from /opt/airflow/dags/sdp_pipeline_dag.py
[2026-07-22T07:17:31.264+0000] {logging_mixin.py:188} INFO - [2026-07-22T07:17:31.264+0000] {dag.py:3096} INFO - Sync 1 DAGs
[2026-07-22T07:17:31.423+0000] {logging_mixin.py:188} INFO - [2026-07-22T07:17:31.422+0000] {dag.py:3954} INFO - Setting next_dagrun for e-commerce_kafka_streaming_pipeline_v1 to 2026-07-22 07:00:00+00:00, run_after=2026-07-22 08:00:00+00:00
[2026-07-22T07:17:31.442+0000] {processor.py:183} INFO - Processing /opt/airflow/dags/sdp_pipeline_dag.py took 0.233 seconds
[2026-07-22T07:18:01.608+0000] {processor.py:161} INFO - Started process (PID=18409) to work on /opt/airflow/dags/sdp_pipeline_dag.py
[2026-07-22T07:18:01.609+0000] {processor.py:830} INFO - Processing file /opt/airflow/dags/sdp_pipeline_dag.py for tasks to queue
[2026-07-22T07:18:01.611+0000] {logging_mixin.py:188} INFO - [2026-07-22T07:18:01.610+0000] {dagbag.py:540} INFO - Filling up the DagBag from /opt/airflow/dags/sdp_pipeline_dag.py
[2026-07-22T07:18:01.633+0000] {processor.py:840} INFO - DAG(s) 'e-commerce_kafka_streaming_pipeline_v1' retrieved from /opt/airflow/dags/sdp_pipeline_dag.py
[2026-07-22T07:18:01.666+0000] {logging_mixin.py:188} INFO - [2026-07-22T07:18:01.666+0000] {dag.py:3096} INFO - Sync 1 DAGs
[2026-07-22T07:18:01.838+0000] {logging_mixin.py:188} INFO - [2026-07-22T07:18:01.837+0000] {dag.py:3954} INFO - Setting next_dagrun for e-commerce_kafka_streaming_pipeline_v1 to 2026-07-22 07:00:00+00:00, run_after=2026-07-22 08:00:00+00:00
[2026-07-22T07:18:01.859+0000] {processor.py:183} INFO - Processing /opt/airflow/dags/sdp_pipeline_dag.py took 0.260 seconds
[2026-07-22T07:18:31.930+0000] {processor.py:161} INFO - Started process (PID=18414) to work on /opt/airflow/dags/sdp_pipeline_dag.py
[2026-07-22T07:18:31.931+0000] {processor.py:830} INFO - Processing file /opt/airflow/dags/sdp_pipeline_dag.py for tasks to queue
[2026-07-22T07:18:31.933+0000] {logging_mixin.py:188} INFO - [2026-07-22T07:18:31.932+0000] {dagbag.py:540} INFO - Filling up the DagBag from /opt/airflow/dags/sdp_pipeline_dag.py
[2026-07-22T07:18:31.951+0000] {processor.py:840} INFO - DAG(s) 'e-commerce_kafka_streaming_pipeline_v1' retrieved from /opt/airflow/dags/sdp_pipeline_dag.py
[2026-07-22T07:18:31.977+0000] {logging_mixin.py:188} INFO - [2026-07-22T07:18:31.977+0000] {dag.py:3096} INFO - Sync 1 DAGs
[2026-07-22T07:18:31.997+0000] {logging_mixin.py:188} INFO - [2026-07-22T07:18:31.997+0000] {dag.py:3954} INFO - Setting next_dagrun for e-commerce_kafka_streaming_pipeline_v1 to 2026-07-22 07:00:00+00:00, run_after=2026-07-22 08:00:00+00:00
[2026-07-22T07:18:32.017+0000] {processor.py:183} INFO - Processing /opt/airflow/dags/sdp_pipeline_dag.py took 0.093 seconds
[2026-07-22T07:19:02.189+0000] {processor.py:161} INFO - Started process (PID=18419) to work on /opt/airflow/dags/sdp_pipeline_dag.py
[2026-07-22T07:19:02.190+0000] {processor.py:830} INFO - Processing file /opt/airflow/dags/sdp_pipeline_dag.py for tasks to queue
[2026-07-22T07:19:02.191+0000] {logging_mixin.py:188} INFO - [2026-07-22T07:19:02.191+0000] {dagbag.py:540} INFO - Filling up the DagBag from /opt/airflow/dags/sdp_pipeline_dag.py
[2026-07-22T07:19:02.211+0000] {processor.py:840} INFO - DAG(s) 'e-commerce_kafka_streaming_pipeline_v1' retrieved from /opt/airflow/dags/sdp_pipeline_dag.py
[2026-07-22T07:19:02.242+0000] {logging_mixin.py:188} INFO - [2026-07-22T07:19:02.241+0000] {dag.py:3096} INFO - Sync 1 DAGs
[2026-07-22T07:19:02.261+0000] {logging_mixin.py:188} INFO - [2026-07-22T07:19:02.261+0000] {dag.py:3954} INFO - Setting next_dagrun for e-commerce_kafka_streaming_pipeline_v1 to 2026-07-22 07:00:00+00:00, run_after=2026-07-22 08:00:00+00:00
[2026-07-22T07:19:02.278+0000] {processor.py:183} INFO - Processing /opt/airflow/dags/sdp_pipeline_dag.py took 0.095 seconds
[2026-07-22T07:19:32.503+0000] {processor.py:161} INFO - Started process (PID=18424) to work on /opt/airflow/dags/sdp_pipeline_dag.py
[2026-07-22T07:19:32.504+0000] {processor.py:830} INFO - Processing file /opt/airflow/dags/sdp_pipeline_dag.py for tasks to queue
[2026-07-22T07:19:32.506+0000] {logging_mixin.py:188} INFO - [2026-07-22T07:19:32.506+0000] {dagbag.py:540} INFO - Filling up the DagBag from /opt/airflow/dags/sdp_pipeline_dag.py
[2026-07-22T07:19:32.525+0000] {processor.py:840} INFO - DAG(s) 'e-commerce_kafka_streaming_pipeline_v1' retrieved from /opt/airflow/dags/sdp_pipeline_dag.py
[2026-07-22T07:19:32.551+0000] {logging_mixin.py:188} INFO - [2026-07-22T07:19:32.551+0000] {dag.py:3096} INFO - Sync 1 DAGs
[2026-07-22T07:19:32.571+0000] {logging_mixin.py:188} INFO - [2026-07-22T07:19:32.571+0000] {dag.py:3954} INFO - Setting next_dagrun for e-commerce_kafka_streaming_pipeline_v1 to 2026-07-22 07:00:00+00:00, run_after=2026-07-22 08:00:00+00:00
[2026-07-22T07:19:32.592+0000] {processor.py:183} INFO - Processing /opt/airflow/dags/sdp_pipeline_dag.py took 0.095 seconds
[2026-07-22T07:20:02.738+0000] {processor.py:161} INFO - Started process (PID=18429) to work on /opt/airflow/dags/sdp_pipeline_dag.py
[2026-07-22T07:20:02.740+0000] {processor.py:830} INFO - Processing file /opt/airflow/dags/sdp_pipeline_dag.py for tasks to queue
[2026-07-22T07:20:02.741+0000] {logging_mixin.py:188} INFO - [2026-07-22T07:20:02.741+0000] {dagbag.py:540} INFO - Filling up the DagBag from /opt/airflow/dags/sdp_pipeline_dag.py
[2026-07-22T07:20:02.762+0000] {processor.py:840} INFO - DAG(s) 'e-commerce_kafka_streaming_pipeline_v1' retrieved from /opt/airflow/dags/sdp_pipeline_dag.py
[2026-07-22T07:20:02.791+0000] {logging_mixin.py:188} INFO - [2026-07-22T07:20:02.791+0000] {dag.py:3096} INFO - Sync 1 DAGs
[2026-07-22T07:20:02.818+0000] {logging_mixin.py:188} INFO - [2026-07-22T07:20:02.817+0000] {dag.py:3954} INFO - Setting next_dagrun for e-commerce_kafka_streaming_pipeline_v1 to 2026-07-22 07:00:00+00:00, run_after=2026-07-22 08:00:00+00:00
[2026-07-22T07:20:03.008+0000] {processor.py:183} INFO - Processing /opt/airflow/dags/sdp_pipeline_dag.py took 0.276 seconds
[2026-07-22T07:20:33.320+0000] {processor.py:161} INFO - Started process (PID=18434) to work on /opt/airflow/dags/sdp_pipeline_dag.py
[2026-07-22T07:20:33.322+0000] {processor.py:830} INFO - Processing file /opt/airflow/dags/sdp_pipeline_dag.py for tasks to queue
[2026-07-22T07:20:33.323+0000] {logging_mixin.py:188} INFO - [2026-07-22T07:20:33.323+0000] {dagbag.py:540} INFO - Filling up the DagBag from /opt/airflow/dags/sdp_pipeline_dag.py
[2026-07-22T07:20:33.344+0000] {processor.py:840} INFO - DAG(s) 'e-commerce_kafka_streaming_pipeline_v1' retrieved from /opt/airflow/dags/sdp_pipeline_dag.py
[2026-07-22T07:20:33.374+0000] {logging_mixin.py:188} INFO - [2026-07-22T07:20:33.373+0000] {dag.py:3096} INFO - Sync 1 DAGs
[2026-07-22T07:20:33.532+0000] {logging_mixin.py:188} INFO - [2026-07-22T07:20:33.532+0000] {dag.py:3954} INFO - Setting next_dagrun for e-commerce_kafka_streaming_pipeline_v1 to 2026-07-22 07:00:00+00:00, run_after=2026-07-22 08:00:00+00:00
[2026-07-22T07:20:33.550+0000] {processor.py:183} INFO - Processing /opt/airflow/dags/sdp_pipeline_dag.py took 0.238 seconds
[2026-07-22T07:21:03.813+0000] {processor.py:161} INFO - Started process (PID=18439) to work on /opt/airflow/dags/sdp_pipeline_dag.py
[2026-07-22T07:21:03.815+0000] {processor.py:830} INFO - Processing file /opt/airflow/dags/sdp_pipeline_dag.py for tasks to queue
[2026-07-22T07:21:03.817+0000] {logging_mixin.py:188} INFO - [2026-07-22T07:21:03.817+0000] {dagbag.py:540} INFO - Filling up the DagBag from /opt/airflow/dags/sdp_pipeline_dag.py
[2026-07-22T07:21:03.837+0000] {processor.py:840} INFO - DAG(s) 'e-commerce_kafka_streaming_pipeline_v1' retrieved from /opt/airflow/dags/sdp_pipeline_dag.py
[2026-07-22T07:21:03.865+0000] {logging_mixin.py:188} INFO - [2026-07-22T07:21:03.865+0000] {dag.py:3096} INFO - Sync 1 DAGs
[2026-07-22T07:21:04.010+0000] {logging_mixin.py:188} INFO - [2026-07-22T07:21:04.009+0000] {dag.py:3954} INFO - Setting next_dagrun for e-commerce_kafka_streaming_pipeline_v1 to 2026-07-22 07:00:00+00:00, run_after=2026-07-22 08:00:00+00:00
[2026-07-22T07:21:04.026+0000] {processor.py:183} INFO - Processing /opt/airflow/dags/sdp_pipeline_dag.py took 0.219 seconds
[2026-07-22T07:21:34.288+0000] {processor.py:161} INFO - Started process (PID=18444) to work on /opt/airflow/dags/sdp_pipeline_dag.py
[2026-07-22T07:21:34.290+0000] {processor.py:830} INFO - Processing file /opt/airflow/dags/sdp_pipeline_dag.py for tasks to queue
[2026-07-22T07:21:34.291+0000] {logging_mixin.py:188} INFO - [2026-07-22T07:21:34.291+0000] {dagbag.py:540} INFO - Filling up the DagBag from /opt/airflow/dags/sdp_pipeline_dag.py
[2026-07-22T07:21:34.323+0000] {processor.py:840} INFO - DAG(s) 'e-commerce_kafka_streaming_pipeline_v1' retrieved from /opt/airflow/dags/sdp_pipeline_dag.py
[2026-07-22T07:21:34.362+0000] {logging_mixin.py:188} INFO - [2026-07-22T07:21:34.362+0000] {dag.py:3096} INFO - Sync 1 DAGs
[2026-07-22T07:21:34.390+0000] {logging_mixin.py:188} INFO - [2026-07-22T07:21:34.390+0000] {dag.py:3954} INFO - Setting next_dagrun for e-commerce_kafka_streaming_pipeline_v1 to 2026-07-22 07:00:00+00:00, run_after=2026-07-22 08:00:00+00:00
[2026-07-22T07:21:34.410+0000] {processor.py:183} INFO - Processing /opt/airflow/dags/sdp_pipeline_dag.py took 0.133 seconds
[2026-07-22T07:22:04.538+0000] {processor.py:161} INFO - Started process (PID=18449) to work on /opt/airflow/dags/sdp_pipeline_dag.py
[2026-07-22T07:22:04.540+0000] {processor.py:830} INFO - Processing file /opt/airflow/dags/sdp_pipeline_dag.py for tasks to queue
[2026-07-22T07:22:04.542+0000] {logging_mixin.py:188} INFO - [2026-07-22T07:22:04.541+0000] {dagbag.py:540} INFO - Filling up the DagBag from /opt/airflow/dags/sdp_pipeline_dag.py
[2026-07-22T07:22:04.567+0000] {processor.py:840} INFO - DAG(s) 'e-commerce_kafka_streaming_pipeline_v1' retrieved from /opt/airflow/dags/sdp_pipeline_dag.py
[2026-07-22T07:22:04.605+0000] {logging_mixin.py:188} INFO - [2026-07-22T07:22:04.605+0000] {dag.py:3096} INFO - Sync 1 DAGs
[2026-07-22T07:22:04.635+0000] {logging_mixin.py:188} INFO - [2026-07-22T07:22:04.635+0000] {dag.py:3954} INFO - Setting next_dagrun for e-commerce_kafka_streaming_pipeline_v1 to 2026-07-22 07:00:00+00:00, run_after=2026-07-22 08:00:00+00:00
[2026-07-22T07:22:04.659+0000] {processor.py:183} INFO - Processing /opt/airflow/dags/sdp_pipeline_dag.py took 0.128 seconds
[2026-07-22T07:22:34.865+0000] {processor.py:161} INFO - Started process (PID=18454) to work on /opt/airflow/dags/sdp_pipeline_dag.py
[2026-07-22T07:22:34.866+0000] {processor.py:830} INFO - Processing file /opt/airflow/dags/sdp_pipeline_dag.py for tasks to queue
[2026-07-22T07:22:34.867+0000] {logging_mixin.py:188} INFO - [2026-07-22T07:22:34.867+0000] {dagbag.py:540} INFO - Filling up the DagBag from /opt/airflow/dags/sdp_pipeline_dag.py
[2026-07-22T07:22:34.885+0000] {processor.py:840} INFO - DAG(s) 'e-commerce_kafka_streaming_pipeline_v1' retrieved from /opt/airflow/dags/sdp_pipeline_dag.py
[2026-07-22T07:22:34.911+0000] {logging_mixin.py:188} INFO - [2026-07-22T07:22:34.910+0000] {dag.py:3096} INFO - Sync 1 DAGs
[2026-07-22T07:22:34.930+0000] {logging_mixin.py:188} INFO - [2026-07-22T07:22:34.930+0000] {dag.py:3954} INFO - Setting next_dagrun for e-commerce_kafka_streaming_pipeline_v1 to 2026-07-22 07:00:00+00:00, run_after=2026-07-22 08:00:00+00:00
[2026-07-22T07:22:34.956+0000] {processor.py:183} INFO - Processing /opt/airflow/dags/sdp_pipeline_dag.py took 0.097 seconds
[2026-07-22T07:23:05.129+0000] {processor.py:161} INFO - Started process (PID=18459) to work on /opt/airflow/dags/sdp_pipeline_dag.py
[2026-07-22T07:23:05.130+0000] {processor.py:830} INFO - Processing file /opt/airflow/dags/sdp_pipeline_dag.py for tasks to queue
[2026-07-22T07:23:05.131+0000] {logging_mixin.py:188} INFO - [2026-07-22T07:23:05.131+0000] {dagbag.py:540} INFO - Filling up the DagBag from /opt/airflow/dags/sdp_pipeline_dag.py
[2026-07-22T07:23:05.153+0000] {processor.py:840} INFO - DAG(s) 'e-commerce_kafka_streaming_pipeline_v1' retrieved from /opt/airflow/dags/sdp_pipeline_dag.py
[2026-07-22T07:23:05.185+0000] {logging_mixin.py:188} INFO - [2026-07-22T07:23:05.185+0000] {dag.py:3096} INFO - Sync 1 DAGs
[2026-07-22T07:23:05.209+0000] {logging_mixin.py:188} INFO - [2026-07-22T07:23:05.208+0000] {dag.py:3954} INFO - Setting next_dagrun for e-commerce_kafka_streaming_pipeline_v1 to 2026-07-22 07:00:00+00:00, run_after=2026-07-22 08:00:00+00:00
[2026-07-22T07:23:05.396+0000] {processor.py:183} INFO - Processing /opt/airflow/dags/sdp_pipeline_dag.py took 0.275 seconds
[2026-07-22T07:23:35.627+0000] {processor.py:161} INFO - Started process (PID=18464) to work on /opt/airflow/dags/sdp_pipeline_dag.py
[2026-07-22T07:23:35.630+0000] {processor.py:830} INFO - Processing file /opt/airflow/dags/sdp_pipeline_dag.py for tasks to queue
[2026-07-22T07:23:35.631+0000] {logging_mixin.py:188} INFO - [2026-07-22T07:23:35.631+0000] {dagbag.py:540} INFO - Filling up the DagBag from /opt/airflow/dags/sdp_pipeline_dag.py
[2026-07-22T07:23:35.656+0000] {processor.py:840} INFO - DAG(s) 'e-commerce_kafka_streaming_pipeline_v1' retrieved from /opt/airflow/dags/sdp_pipeline_dag.py
[2026-07-22T07:23:35.689+0000] {logging_mixin.py:188} INFO - [2026-07-22T07:23:35.689+0000] {dag.py:3096} INFO - Sync 1 DAGs
[2026-07-22T07:23:35.865+0000] {logging_mixin.py:188} INFO - [2026-07-22T07:23:35.865+0000] {dag.py:3954} INFO - Setting next_dagrun for e-commerce_kafka_streaming_pipeline_v1 to 2026-07-22 07:00:00+00:00, run_after=2026-07-22 08:00:00+00:00
[2026-07-22T07:23:35.886+0000] {processor.py:183} INFO - Processing /opt/airflow/dags/sdp_pipeline_dag.py took 0.275 seconds
[2026-07-22T07:24:06.113+0000] {processor.py:161} INFO - Started process (PID=18469) to work on /opt/airflow/dags/sdp_pipeline_dag.py
[2026-07-22T07:24:06.114+0000] {processor.py:830} INFO - Processing file /opt/airflow/dags/sdp_pipeline_dag.py for tasks to queue
[2026-07-22T07:24:06.116+0000] {logging_mixin.py:188} INFO - [2026-07-22T07:24:06.116+0000] {dagbag.py:540} INFO - Filling up the DagBag from /opt/airflow/dags/sdp_pipeline_dag.py
[2026-07-22T07:24:06.135+0000] {processor.py:840} INFO - DAG(s) 'e-commerce_kafka_streaming_pipeline_v1' retrieved from /opt/airflow/dags/sdp_pipeline_dag.py
[2026-07-22T07:24:06.163+0000] {logging_mixin.py:188} INFO - [2026-07-22T07:24:06.162+0000] {dag.py:3096} INFO - Sync 1 DAGs
[2026-07-22T07:24:06.307+0000] {logging_mixin.py:188} INFO - [2026-07-22T07:24:06.307+0000] {dag.py:3954} INFO - Setting next_dagrun for e-commerce_kafka_streaming_pipeline_v1 to 2026-07-22 07:00:00+00:00, run_after=2026-07-22 08:00:00+00:00
[2026-07-22T07:24:06.330+0000] {processor.py:183} INFO - Processing /opt/airflow/dags/sdp_pipeline_dag.py took 0.224 seconds
[2026-07-22T07:24:36.579+0000] {processor.py:161} INFO - Started process (PID=18474) to work on /opt/airflow/dags/sdp_pipeline_dag.py
[2026-07-22T07:24:36.581+0000] {processor.py:830} INFO - Processing file /opt/airflow/dags/sdp_pipeline_dag.py for tasks to queue
[2026-07-22T07:24:36.582+0000] {logging_mixin.py:188} INFO - [2026-07-22T07:24:36.582+0000] {dagbag.py:540} INFO - Filling up the DagBag from /opt/airflow/dags/sdp_pipeline_dag.py
[2026-07-22T07:24:36.603+0000] {processor.py:840} INFO - DAG(s) 'e-commerce_kafka_streaming_pipeline_v1' retrieved from /opt/airflow/dags/sdp_pipeline_dag.py
[2026-07-22T07:24:36.634+0000] {logging_mixin.py:188} INFO - [2026-07-22T07:24:36.634+0000] {dag.py:3096} INFO - Sync 1 DAGs
[2026-07-22T07:24:36.678+0000] {logging_mixin.py:188} INFO - [2026-07-22T07:24:36.678+0000] {dag.py:3954} INFO - Setting next_dagrun for e-commerce_kafka_streaming_pipeline_v1 to 2026-07-22 07:00:00+00:00, run_after=2026-07-22 08:00:00+00:00
[2026-07-22T07:24:36.721+0000] {processor.py:183} INFO - Processing /opt/airflow/dags/sdp_pipeline_dag.py took 0.150 seconds
[2026-07-22T07:25:06.892+0000] {processor.py:161} INFO - Started process (PID=18479) to work on /opt/airflow/dags/sdp_pipeline_dag.py
[2026-07-22T07:25:06.894+0000] {processor.py:830} INFO - Processing file /opt/airflow/dags/sdp_pipeline_dag.py for tasks to queue
[2026-07-22T07:25:06.896+0000] {logging_mixin.py:188} INFO - [2026-07-22T07:25:06.896+0000] {dagbag.py:540} INFO - Filling up the DagBag from /opt/airflow/dags/sdp_pipeline_dag.py
[2026-07-22T07:25:06.929+0000] {processor.py:840} INFO - DAG(s) 'e-commerce_kafka_streaming_pipeline_v1' retrieved from /opt/airflow/dags/sdp_pipeline_dag.py
[2026-07-22T07:25:06.970+0000] {logging_mixin.py:188} INFO - [2026-07-22T07:25:06.970+0000] {dag.py:3096} INFO - Sync 1 DAGs
[2026-07-22T07:25:06.994+0000] {logging_mixin.py:188} INFO - [2026-07-22T07:25:06.994+0000] {dag.py:3954} INFO - Setting next_dagrun for e-commerce_kafka_streaming_pipeline_v1 to 2026-07-22 07:00:00+00:00, run_after=2026-07-22 08:00:00+00:00
[2026-07-22T07:25:07.013+0000] {processor.py:183} INFO - Processing /opt/airflow/dags/sdp_pipeline_dag.py took 0.133 seconds
[2026-07-22T07:25:37.226+0000] {processor.py:161} INFO - Started process (PID=18484) to work on /opt/airflow/dags/sdp_pipeline_dag.py
[2026-07-22T07:25:37.227+0000] {processor.py:830} INFO - Processing file /opt/airflow/dags/sdp_pipeline_dag.py for tasks to queue
[2026-07-22T07:25:37.229+0000] {logging_mixin.py:188} INFO - [2026-07-22T07:25:37.228+0000] {dagbag.py:540} INFO - Filling up the DagBag from /opt/airflow/dags/sdp_pipeline_dag.py
[2026-07-22T07:25:37.246+0000] {processor.py:840} INFO - DAG(s) 'e-commerce_kafka_streaming_pipeline_v1' retrieved from /opt/airflow/dags/sdp_pipeline_dag.py
[2026-07-22T07:25:37.287+0000] {logging_mixin.py:188} INFO - [2026-07-22T07:25:37.286+0000] {dag.py:3096} INFO - Sync 1 DAGs
[2026-07-22T07:25:37.316+0000] {logging_mixin.py:188} INFO - [2026-07-22T07:25:37.316+0000] {dag.py:3954} INFO - Setting next_dagrun for e-commerce_kafka_streaming_pipeline_v1 to 2026-07-22 07:00:00+00:00, run_after=2026-07-22 08:00:00+00:00
[2026-07-22T07:25:37.339+0000] {processor.py:183} INFO - Processing /opt/airflow/dags/sdp_pipeline_dag.py took 0.120 seconds
[2026-07-22T07:26:07.497+0000] {processor.py:161} INFO - Started process (PID=18489) to work on /opt/airflow/dags/sdp_pipeline_dag.py
[2026-07-22T07:26:07.498+0000] {processor.py:830} INFO - Processing file /opt/airflow/dags/sdp_pipeline_dag.py for tasks to queue
[2026-07-22T07:26:07.499+0000] {logging_mixin.py:188} INFO - [2026-07-22T07:26:07.499+0000] {dagbag.py:540} INFO - Filling up the DagBag from /opt/airflow/dags/sdp_pipeline_dag.py
[2026-07-22T07:26:07.517+0000] {processor.py:840} INFO - DAG(s) 'e-commerce_kafka_streaming_pipeline_v1' retrieved from /opt/airflow/dags/sdp_pipeline_dag.py
[2026-07-22T07:26:07.544+0000] {logging_mixin.py:188} INFO - [2026-07-22T07:26:07.544+0000] {dag.py:3096} INFO - Sync 1 DAGs
[2026-07-22T07:26:07.566+0000] {logging_mixin.py:188} INFO - [2026-07-22T07:26:07.565+0000] {dag.py:3954} INFO - Setting next_dagrun for e-commerce_kafka_streaming_pipeline_v1 to 2026-07-22 07:00:00+00:00, run_after=2026-07-22 08:00:00+00:00
[2026-07-22T07:26:07.721+0000] {processor.py:183} INFO - Processing /opt/airflow/dags/sdp_pipeline_dag.py took 0.231 seconds
[2026-07-22T07:26:37.796+0000] {processor.py:161} INFO - Started process (PID=18494) to work on /opt/airflow/dags/sdp_pipeline_dag.py
[2026-07-22T07:26:37.798+0000] {processor.py:830} INFO - Processing file /opt/airflow/dags/sdp_pipeline_dag.py for tasks to queue
[2026-07-22T07:26:37.799+0000] {logging_mixin.py:188} INFO - [2026-07-22T07:26:37.799+0000] {dagbag.py:540} INFO - Filling up the DagBag from /opt/airflow/dags/sdp_pipeline_dag.py
[2026-07-22T07:26:37.822+0000] {processor.py:840} INFO - DAG(s) 'e-commerce_kafka_streaming_pipeline_v1' retrieved from /opt/airflow/dags/sdp_pipeline_dag.py
[2026-07-22T07:26:37.856+0000] {logging_mixin.py:188} INFO - [2026-07-22T07:26:37.856+0000] {dag.py:3096} INFO - Sync 1 DAGs
[2026-07-22T07:26:38.017+0000] {logging_mixin.py:188} INFO - [2026-07-22T07:26:38.016+0000] {dag.py:3954} INFO - Setting next_dagrun for e-commerce_kafka_streaming_pipeline_v1 to 2026-07-22 07:00:00+00:00, run_after=2026-07-22 08:00:00+00:00
[2026-07-22T07:26:38.033+0000] {processor.py:183} INFO - Processing /opt/airflow/dags/sdp_pipeline_dag.py took 0.244 seconds
[2026-07-22T07:27:08.206+0000] {processor.py:161} INFO - Started process (PID=18499) to work on /opt/airflow/dags/sdp_pipeline_dag.py
[2026-07-22T07:27:08.207+0000] {processor.py:830} INFO - Processing file /opt/airflow/dags/sdp_pipeline_dag.py for tasks to queue
[2026-07-22T07:27:08.208+0000] {logging_mixin.py:188} INFO - [2026-07-22T07:27:08.208+0000] {dagbag.py:540} INFO - Filling up the DagBag from /opt/airflow/dags/sdp_pipeline_dag.py
[2026-07-22T07:27:08.225+0000] {processor.py:840} INFO - DAG(s) 'e-commerce_kafka_streaming_pipeline_v1' retrieved from /opt/airflow/dags/sdp_pipeline_dag.py
[2026-07-22T07:27:08.251+0000] {logging_mixin.py:188} INFO - [2026-07-22T07:27:08.251+0000] {dag.py:3096} INFO - Sync 1 DAGs
[2026-07-22T07:27:08.384+0000] {logging_mixin.py:188} INFO - [2026-07-22T07:27:08.384+0000] {dag.py:3954} INFO - Setting next_dagrun for e-commerce_kafka_streaming_pipeline_v1 to 2026-07-22 07:00:00+00:00, run_after=2026-07-22 08:00:00+00:00
[2026-07-22T07:27:08.403+0000] {processor.py:183} INFO - Processing /opt/airflow/dags/sdp_pipeline_dag.py took 0.203 seconds
[2026-07-22T07:27:38.509+0000] {processor.py:161} INFO - Started process (PID=18504) to work on /opt/airflow/dags/sdp_pipeline_dag.py
[2026-07-22T07:27:38.510+0000] {processor.py:830} INFO - Processing file /opt/airflow/dags/sdp_pipeline_dag.py for tasks to queue
[2026-07-22T07:27:38.512+0000] {logging_mixin.py:188} INFO - [2026-07-22T07:27:38.511+0000] {dagbag.py:540} INFO - Filling up the DagBag from /opt/airflow/dags/sdp_pipeline_dag.py
[2026-07-22T07:27:38.531+0000] {processor.py:840} INFO - DAG(s) 'e-commerce_kafka_streaming_pipeline_v1' retrieved from /opt/airflow/dags/sdp_pipeline_dag.py
[2026-07-22T07:27:38.557+0000] {logging_mixin.py:188} INFO - [2026-07-22T07:27:38.557+0000] {dag.py:3096} INFO - Sync 1 DAGs
[2026-07-22T07:27:38.576+0000] {logging_mixin.py:188} INFO - [2026-07-22T07:27:38.576+0000] {dag.py:3954} INFO - Setting next_dagrun for e-commerce_kafka_streaming_pipeline_v1 to 2026-07-22 07:00:00+00:00, run_after=2026-07-22 08:00:00+00:00
[2026-07-22T07:27:38.593+0000] {processor.py:183} INFO - Processing /opt/airflow/dags/sdp_pipeline_dag.py took 0.091 seconds
[2026-07-22T07:28:08.776+0000] {processor.py:161} INFO - Started process (PID=18509) to work on /opt/airflow/dags/sdp_pipeline_dag.py
[2026-07-22T07:28:08.777+0000] {processor.py:830} INFO - Processing file /opt/airflow/dags/sdp_pipeline_dag.py for tasks to queue
[2026-07-22T07:28:08.780+0000] {logging_mixin.py:188} INFO - [2026-07-22T07:28:08.779+0000] {dagbag.py:540} INFO - Filling up the DagBag from /opt/airflow/dags/sdp_pipeline_dag.py
[2026-07-22T07:28:08.810+0000] {processor.py:840} INFO - DAG(s) 'e-commerce_kafka_streaming_pipeline_v1' retrieved from /opt/airflow/dags/sdp_pipeline_dag.py
[2026-07-22T07:28:08.841+0000] {logging_mixin.py:188} INFO - [2026-07-22T07:28:08.841+0000] {dag.py:3096} INFO - Sync 1 DAGs
[2026-07-22T07:28:08.862+0000] {logging_mixin.py:188} INFO - [2026-07-22T07:28:08.862+0000] {dag.py:3954} INFO - Setting next_dagrun for e-commerce_kafka_streaming_pipeline_v1 to 2026-07-22 07:00:00+00:00, run_after=2026-07-22 08:00:00+00:00
[2026-07-22T07:28:08.879+0000] {processor.py:183} INFO - Processing /opt/airflow/dags/sdp_pipeline_dag.py took 0.114 seconds
[2026-07-22T07:28:39.059+0000] {processor.py:161} INFO - Started process (PID=18514) to work on /opt/airflow/dags/sdp_pipeline_dag.py
[2026-07-22T07:28:39.060+0000] {processor.py:830} INFO - Processing file /opt/airflow/dags/sdp_pipeline_dag.py for tasks to queue
[2026-07-22T07:28:39.062+0000] {logging_mixin.py:188} INFO - [2026-07-22T07:28:39.062+0000] {dagbag.py:540} INFO - Filling up the DagBag from /opt/airflow/dags/sdp_pipeline_dag.py
[2026-07-22T07:28:39.081+0000] {processor.py:840} INFO - DAG(s) 'e-commerce_kafka_streaming_pipeline_v1' retrieved from /opt/airflow/dags/sdp_pipeline_dag.py
[2026-07-22T07:28:39.123+0000] {logging_mixin.py:188} INFO - [2026-07-22T07:28:39.123+0000] {dag.py:3096} INFO - Sync 1 DAGs
[2026-07-22T07:28:39.149+0000] {logging_mixin.py:188} INFO - [2026-07-22T07:28:39.149+0000] {dag.py:3954} INFO - Setting next_dagrun for e-commerce_kafka_streaming_pipeline_v1 to 2026-07-22 07:00:00+00:00, run_after=2026-07-22 08:00:00+00:00
[2026-07-22T07:28:39.169+0000] {processor.py:183} INFO - Processing /opt/airflow/dags/sdp_pipeline_dag.py took 0.116 seconds
[2026-07-22T07:29:09.312+0000] {processor.py:161} INFO - Started process (PID=18519) to work on /opt/airflow/dags/sdp_pipeline_dag.py
[2026-07-22T07:29:09.313+0000] {processor.py:830} INFO - Processing file /opt/airflow/dags/sdp_pipeline_dag.py for tasks to queue
[2026-07-22T07:29:09.315+0000] {logging_mixin.py:188} INFO - [2026-07-22T07:29:09.314+0000] {dagbag.py:540} INFO - Filling up the DagBag from /opt/airflow/dags/sdp_pipeline_dag.py
[2026-07-22T07:29:09.336+0000] {processor.py:840} INFO - DAG(s) 'e-commerce_kafka_streaming_pipeline_v1' retrieved from /opt/airflow/dags/sdp_pipeline_dag.py
[2026-07-22T07:29:09.373+0000] {logging_mixin.py:188} INFO - [2026-07-22T07:29:09.373+0000] {dag.py:3096} INFO - Sync 1 DAGs
[2026-07-22T07:29:09.398+0000] {logging_mixin.py:188} INFO - [2026-07-22T07:29:09.398+0000] {dag.py:3954} INFO - Setting next_dagrun for e-commerce_kafka_streaming_pipeline_v1 to 2026-07-22 07:00:00+00:00, run_after=2026-07-22 08:00:00+00:00
[2026-07-22T07:29:09.585+0000] {processor.py:183} INFO - Processing /opt/airflow/dags/sdp_pipeline_dag.py took 0.281 seconds
[2026-07-22T07:29:39.878+0000] {processor.py:161} INFO - Started process (PID=18524) to work on /opt/airflow/dags/sdp_pipeline_dag.py
[2026-07-22T07:29:39.879+0000] {processor.py:830} INFO - Processing file /opt/airflow/dags/sdp_pipeline_dag.py for tasks to queue
[2026-07-22T07:29:39.881+0000] {logging_mixin.py:188} INFO - [2026-07-22T07:29:39.880+0000] {dagbag.py:540} INFO - Filling up the DagBag from /opt/airflow/dags/sdp_pipeline_dag.py
[2026-07-22T07:29:39.899+0000] {processor.py:840} INFO - DAG(s) 'e-commerce_kafka_streaming_pipeline_v1' retrieved from /opt/airflow/dags/sdp_pipeline_dag.py
[2026-07-22T07:29:39.925+0000] {logging_mixin.py:188} INFO - [2026-07-22T07:29:39.925+0000] {dag.py:3096} INFO - Sync 1 DAGs
[2026-07-22T07:29:40.074+0000] {logging_mixin.py:188} INFO - [2026-07-22T07:29:40.074+0000] {dag.py:3954} INFO - Setting next_dagrun for e-commerce_kafka_streaming_pipeline_v1 to 2026-07-22 07:00:00+00:00, run_after=2026-07-22 08:00:00+00:00
[2026-07-22T07:29:40.092+0000] {processor.py:183} INFO - Processing /opt/airflow/dags/sdp_pipeline_dag.py took 0.220 seconds
[2026-07-22T07:30:10.190+0000] {processor.py:161} INFO - Started process (PID=18529) to work on /opt/airflow/dags/sdp_pipeline_dag.py
[2026-07-22T07:30:10.191+0000] {processor.py:830} INFO - Processing file /opt/airflow/dags/sdp_pipeline_dag.py for tasks to queue
[2026-07-22T07:30:10.192+0000] {logging_mixin.py:188} INFO - [2026-07-22T07:30:10.192+0000] {dagbag.py:540} INFO - Filling up the DagBag from /opt/airflow/dags/sdp_pipeline_dag.py
[2026-07-22T07:30:10.211+0000] {processor.py:840} INFO - DAG(s) 'e-commerce_kafka_streaming_pipeline_v1' retrieved from /opt/airflow/dags/sdp_pipeline_dag.py
[2026-07-22T07:30:10.237+0000] {logging_mixin.py:188} INFO - [2026-07-22T07:30:10.237+0000] {dag.py:3096} INFO - Sync 1 DAGs
[2026-07-22T07:30:10.408+0000] {logging_mixin.py:188} INFO - [2026-07-22T07:30:10.407+0000] {dag.py:3954} INFO - Setting next_dagrun for e-commerce_kafka_streaming_pipeline_v1 to 2026-07-22 07:00:00+00:00, run_after=2026-07-22 08:00:00+00:00
[2026-07-22T07:30:10.425+0000] {processor.py:183} INFO - Processing /opt/airflow/dags/sdp_pipeline_dag.py took 0.242 seconds
[2026-07-22T07:30:40.585+0000] {processor.py:161} INFO - Started process (PID=18534) to work on /opt/airflow/dags/sdp_pipeline_dag.py
[2026-07-22T07:30:40.586+0000] {processor.py:830} INFO - Processing file /opt/airflow/dags/sdp_pipeline_dag.py for tasks to queue
[2026-07-22T07:30:40.587+0000] {logging_mixin.py:188} INFO - [2026-07-22T07:30:40.587+0000] {dagbag.py:540} INFO - Filling up the DagBag from /opt/airflow/dags/sdp_pipeline_dag.py
[2026-07-22T07:30:40.606+0000] {processor.py:840} INFO - DAG(s) 'e-commerce_kafka_streaming_pipeline_v1' retrieved from /opt/airflow/dags/sdp_pipeline_dag.py
[2026-07-22T07:30:40.633+0000] {logging_mixin.py:188} INFO - [2026-07-22T07:30:40.633+0000] {dag.py:3096} INFO - Sync 1 DAGs
[2026-07-22T07:30:40.654+0000] {logging_mixin.py:188} INFO - [2026-07-22T07:30:40.654+0000] {dag.py:3954} INFO - Setting next_dagrun for e-commerce_kafka_streaming_pipeline_v1 to 2026-07-22 07:00:00+00:00, run_after=2026-07-22 08:00:00+00:00
[2026-07-22T07:30:40.672+0000] {processor.py:183} INFO - Processing /opt/airflow/dags/sdp_pipeline_dag.py took 0.094 seconds
[2026-07-22T07:31:10.940+0000] {processor.py:161} INFO - Started process (PID=18539) to work on /opt/airflow/dags/sdp_pipeline_dag.py
[2026-07-22T07:31:10.941+0000] {processor.py:830} INFO - Processing file /opt/airflow/dags/sdp_pipeline_dag.py for tasks to queue
[2026-07-22T07:31:10.942+0000] {logging_mixin.py:188} INFO - [2026-07-22T07:31:10.942+0000] {dagbag.py:540} INFO - Filling up the DagBag from /opt/airflow/dags/sdp_pipeline_dag.py
[2026-07-22T07:31:10.958+0000] {processor.py:840} INFO - DAG(s) 'e-commerce_kafka_streaming_pipeline_v1' retrieved from /opt/airflow/dags/sdp_pipeline_dag.py
[2026-07-22T07:31:10.982+0000] {logging_mixin.py:188} INFO - [2026-07-22T07:31:10.982+0000] {dag.py:3096} INFO - Sync 1 DAGs
[2026-07-22T07:31:11.000+0000] {logging_mixin.py:188} INFO - [2026-07-22T07:31:11.000+0000] {dag.py:3954} INFO - Setting next_dagrun for e-commerce_kafka_streaming_pipeline_v1 to 2026-07-22 07:00:00+00:00, run_after=2026-07-22 08:00:00+00:00
[2026-07-22T07:31:11.018+0000] {processor.py:183} INFO - Processing /opt/airflow/dags/sdp_pipeline_dag.py took 0.084 seconds
[2026-07-22T07:31:41.214+0000] {processor.py:161} INFO - Started process (PID=18544) to work on /opt/airflow/dags/sdp_pipeline_dag.py
[2026-07-22T07:31:41.216+0000] {processor.py:830} INFO - Processing file /opt/airflow/dags/sdp_pipeline_dag.py for tasks to queue
[2026-07-22T07:31:41.217+0000] {logging_mixin.py:188} INFO - [2026-07-22T07:31:41.217+0000] {dagbag.py:540} INFO - Filling up the DagBag from /opt/airflow/dags/sdp_pipeline_dag.py
[2026-07-22T07:31:41.236+0000] {processor.py:840} INFO - DAG(s) 'e-commerce_kafka_streaming_pipeline_v1' retrieved from /opt/airflow/dags/sdp_pipeline_dag.py
[2026-07-22T07:31:41.264+0000] {logging_mixin.py:188} INFO - [2026-07-22T07:31:41.263+0000] {dag.py:3096} INFO - Sync 1 DAGs
[2026-07-22T07:31:41.283+0000] {logging_mixin.py:188} INFO - [2026-07-22T07:31:41.283+0000] {dag.py:3954} INFO - Setting next_dagrun for e-commerce_kafka_streaming_pipeline_v1 to 2026-07-22 07:00:00+00:00, run_after=2026-07-22 08:00:00+00:00
[2026-07-22T07:31:41.303+0000] {processor.py:183} INFO - Processing /opt/airflow/dags/sdp_pipeline_dag.py took 0.094 seconds
[2026-07-22T08:36:12.640+0000] {processor.py:161} INFO - Started process (PID=18551) to work on /opt/airflow/dags/sdp_pipeline_dag.py
[2026-07-22T08:36:12.653+0000] {processor.py:830} INFO - Processing file /opt/airflow/dags/sdp_pipeline_dag.py for tasks to queue
[2026-07-22T08:36:12.657+0000] {logging_mixin.py:188} INFO - [2026-07-22T08:36:12.656+0000] {dagbag.py:540} INFO - Filling up the DagBag from /opt/airflow/dags/sdp_pipeline_dag.py
[2026-07-22T08:36:12.722+0000] {processor.py:840} INFO - DAG(s) 'e-commerce_kafka_streaming_pipeline_v1' retrieved from /opt/airflow/dags/sdp_pipeline_dag.py
[2026-07-22T08:36:12.771+0000] {logging_mixin.py:188} INFO - [2026-07-22T08:36:12.770+0000] {dag.py:3096} INFO - Sync 1 DAGs
[2026-07-22T08:36:12.812+0000] {logging_mixin.py:188} INFO - [2026-07-22T08:36:12.812+0000] {dag.py:3954} INFO - Setting next_dagrun for e-commerce_kafka_streaming_pipeline_v1 to 2026-07-22 07:00:00+00:00, run_after=2026-07-22 08:00:00+00:00
[2026-07-22T08:36:12.848+0000] {processor.py:183} INFO - Processing /opt/airflow/dags/sdp_pipeline_dag.py took 0.230 seconds
[2026-07-22T08:36:43.024+0000] {processor.py:161} INFO - Started process (PID=18572) to work on /opt/airflow/dags/sdp_pipeline_dag.py
[2026-07-22T08:36:43.027+0000] {processor.py:830} INFO - Processing file /opt/airflow/dags/sdp_pipeline_dag.py for tasks to queue
[2026-07-22T08:36:43.029+0000] {logging_mixin.py:188} INFO - [2026-07-22T08:36:43.028+0000] {dagbag.py:540} INFO - Filling up the DagBag from /opt/airflow/dags/sdp_pipeline_dag.py
[2026-07-22T08:36:43.064+0000] {processor.py:840} INFO - DAG(s) 'e-commerce_kafka_streaming_pipeline_v1' retrieved from /opt/airflow/dags/sdp_pipeline_dag.py
[2026-07-22T08:36:43.123+0000] {logging_mixin.py:188} INFO - [2026-07-22T08:36:43.122+0000] {dag.py:3096} INFO - Sync 1 DAGs
[2026-07-22T08:36:43.399+0000] {logging_mixin.py:188} INFO - [2026-07-22T08:36:43.399+0000] {dag.py:3954} INFO - Setting next_dagrun for e-commerce_kafka_streaming_pipeline_v1 to 2026-07-22 08:00:00+00:00, run_after=2026-07-22 09:00:00+00:00
[2026-07-22T08:36:43.426+0000] {processor.py:183} INFO - Processing /opt/airflow/dags/sdp_pipeline_dag.py took 0.417 seconds
[2026-07-22T08:37:13.535+0000] {processor.py:161} INFO - Started process (PID=18577) to work on /opt/airflow/dags/sdp_pipeline_dag.py
[2026-07-22T08:37:13.539+0000] {processor.py:830} INFO - Processing file /opt/airflow/dags/sdp_pipeline_dag.py for tasks to queue
[2026-07-22T08:37:13.541+0000] {logging_mixin.py:188} INFO - [2026-07-22T08:37:13.540+0000] {dagbag.py:540} INFO - Filling up the DagBag from /opt/airflow/dags/sdp_pipeline_dag.py
[2026-07-22T08:37:13.577+0000] {processor.py:840} INFO - DAG(s) 'e-commerce_kafka_streaming_pipeline_v1' retrieved from /opt/airflow/dags/sdp_pipeline_dag.py
[2026-07-22T08:37:13.629+0000] {logging_mixin.py:188} INFO - [2026-07-22T08:37:13.629+0000] {dag.py:3096} INFO - Sync 1 DAGs
[2026-07-22T08:37:14.056+0000] {logging_mixin.py:188} INFO - [2026-07-22T08:37:14.055+0000] {dag.py:3954} INFO - Setting next_dagrun for e-commerce_kafka_streaming_pipeline_v1 to 2026-07-22 08:00:00+00:00, run_after=2026-07-22 09:00:00+00:00
[2026-07-22T08:37:14.084+0000] {processor.py:183} INFO - Processing /opt/airflow/dags/sdp_pipeline_dag.py took 0.561 seconds
[2026-07-22T08:37:44.307+0000] {processor.py:161} INFO - Started process (PID=18582) to work on /opt/airflow/dags/sdp_pipeline_dag.py
[2026-07-22T08:37:44.308+0000] {processor.py:830} INFO - Processing file /opt/airflow/dags/sdp_pipeline_dag.py for tasks to queue
[2026-07-22T08:37:44.310+0000] {logging_mixin.py:188} INFO - [2026-07-22T08:37:44.309+0000] {dagbag.py:540} INFO - Filling up the DagBag from /opt/airflow/dags/sdp_pipeline_dag.py
[2026-07-22T08:37:44.328+0000] {processor.py:840} INFO - DAG(s) 'e-commerce_kafka_streaming_pipeline_v1' retrieved from /opt/airflow/dags/sdp_pipeline_dag.py
[2026-07-22T08:37:44.511+0000] {logging_mixin.py:188} INFO - [2026-07-22T08:37:44.510+0000] {dag.py:3096} INFO - Sync 1 DAGs
[2026-07-22T08:37:44.528+0000] {logging_mixin.py:188} INFO - [2026-07-22T08:37:44.528+0000] {dag.py:3954} INFO - Setting next_dagrun for e-commerce_kafka_streaming_pipeline_v1 to 2026-07-22 08:00:00+00:00, run_after=2026-07-22 09:00:00+00:00
[2026-07-22T08:37:44.548+0000] {processor.py:183} INFO - Processing /opt/airflow/dags/sdp_pipeline_dag.py took 0.249 seconds
[2026-07-22T08:38:14.807+0000] {processor.py:161} INFO - Started process (PID=18587) to work on /opt/airflow/dags/sdp_pipeline_dag.py
[2026-07-22T08:38:14.808+0000] {processor.py:830} INFO - Processing file /opt/airflow/dags/sdp_pipeline_dag.py for tasks to queue
[2026-07-22T08:38:14.810+0000] {logging_mixin.py:188} INFO - [2026-07-22T08:38:14.809+0000] {dagbag.py:540} INFO - Filling up the DagBag from /opt/airflow/dags/sdp_pipeline_dag.py
[2026-07-22T08:38:14.829+0000] {processor.py:840} INFO - DAG(s) 'e-commerce_kafka_streaming_pipeline_v1' retrieved from /opt/airflow/dags/sdp_pipeline_dag.py
[2026-07-22T08:38:14.858+0000] {logging_mixin.py:188} INFO - [2026-07-22T08:38:14.858+0000] {dag.py:3096} INFO - Sync 1 DAGs
[2026-07-22T08:38:14.880+0000] {logging_mixin.py:188} INFO - [2026-07-22T08:38:14.880+0000] {dag.py:3954} INFO - Setting next_dagrun for e-commerce_kafka_streaming_pipeline_v1 to 2026-07-22 08:00:00+00:00, run_after=2026-07-22 09:00:00+00:00
[2026-07-22T08:38:14.901+0000] {processor.py:183} INFO - Processing /opt/airflow/dags/sdp_pipeline_dag.py took 0.101 seconds
[2026-07-22T08:38:45.042+0000] {processor.py:161} INFO - Started process (PID=18607) to work on /opt/airflow/dags/sdp_pipeline_dag.py
[2026-07-22T08:38:45.044+0000] {processor.py:830} INFO - Processing file /opt/airflow/dags/sdp_pipeline_dag.py for tasks to queue
[2026-07-22T08:38:45.046+0000] {logging_mixin.py:188} INFO - [2026-07-22T08:38:45.045+0000] {dagbag.py:540} INFO - Filling up the DagBag from /opt/airflow/dags/sdp_pipeline_dag.py
[2026-07-22T08:38:45.077+0000] {processor.py:840} INFO - DAG(s) 'e-commerce_kafka_streaming_pipeline_v1' retrieved from /opt/airflow/dags/sdp_pipeline_dag.py
[2026-07-22T08:38:45.139+0000] {logging_mixin.py:188} INFO - [2026-07-22T08:38:45.138+0000] {dag.py:3096} INFO - Sync 1 DAGs
[2026-07-22T08:38:45.183+0000] {logging_mixin.py:188} INFO - [2026-07-22T08:38:45.183+0000] {dag.py:3954} INFO - Setting next_dagrun for e-commerce_kafka_streaming_pipeline_v1 to 2026-07-22 08:00:00+00:00, run_after=2026-07-22 09:00:00+00:00
[2026-07-22T08:38:45.231+0000] {processor.py:183} INFO - Processing /opt/airflow/dags/sdp_pipeline_dag.py took 0.200 seconds
[2026-07-22T08:39:15.518+0000] {processor.py:161} INFO - Started process (PID=18612) to work on /opt/airflow/dags/sdp_pipeline_dag.py
[2026-07-22T08:39:15.520+0000] {processor.py:830} INFO - Processing file /opt/airflow/dags/sdp_pipeline_dag.py for tasks to queue
[2026-07-22T08:39:15.526+0000] {logging_mixin.py:188} INFO - [2026-07-22T08:39:15.525+0000] {dagbag.py:540} INFO - Filling up the DagBag from /opt/airflow/dags/sdp_pipeline_dag.py
[2026-07-22T08:39:15.571+0000] {processor.py:840} INFO - DAG(s) 'e-commerce_kafka_streaming_pipeline_v1' retrieved from /opt/airflow/dags/sdp_pipeline_dag.py
[2026-07-22T08:39:15.631+0000] {logging_mixin.py:188} INFO - [2026-07-22T08:39:15.630+0000] {dag.py:3096} INFO - Sync 1 DAGs
[2026-07-22T08:39:15.675+0000] {logging_mixin.py:188} INFO - [2026-07-22T08:39:15.675+0000] {dag.py:3954} INFO - Setting next_dagrun for e-commerce_kafka_streaming_pipeline_v1 to 2026-07-22 08:00:00+00:00, run_after=2026-07-22 09:00:00+00:00
[2026-07-22T08:39:15.717+0000] {processor.py:183} INFO - Processing /opt/airflow/dags/sdp_pipeline_dag.py took 0.224 seconds
[2026-07-22T08:39:45.890+0000] {processor.py:161} INFO - Started process (PID=18617) to work on /opt/airflow/dags/sdp_pipeline_dag.py
[2026-07-22T08:39:45.891+0000] {processor.py:830} INFO - Processing file /opt/airflow/dags/sdp_pipeline_dag.py for tasks to queue
[2026-07-22T08:39:45.892+0000] {logging_mixin.py:188} INFO - [2026-07-22T08:39:45.892+0000] {dagbag.py:540} INFO - Filling up the DagBag from /opt/airflow/dags/sdp_pipeline_dag.py
[2026-07-22T08:39:45.913+0000] {processor.py:840} INFO - DAG(s) 'e-commerce_kafka_streaming_pipeline_v1' retrieved from /opt/airflow/dags/sdp_pipeline_dag.py
[2026-07-22T08:39:45.945+0000] {logging_mixin.py:188} INFO - [2026-07-22T08:39:45.945+0000] {dag.py:3096} INFO - Sync 1 DAGs
[2026-07-22T08:39:46.141+0000] {logging_mixin.py:188} INFO - [2026-07-22T08:39:46.141+0000] {dag.py:3954} INFO - Setting next_dagrun for e-commerce_kafka_streaming_pipeline_v1 to 2026-07-22 08:00:00+00:00, run_after=2026-07-22 09:00:00+00:00
[2026-07-22T08:39:46.159+0000] {processor.py:183} INFO - Processing /opt/airflow/dags/sdp_pipeline_dag.py took 0.276 seconds
[2026-07-22T08:40:16.319+0000] {processor.py:161} INFO - Started process (PID=18622) to work on /opt/airflow/dags/sdp_pipeline_dag.py
[2026-07-22T08:40:16.321+0000] {processor.py:830} INFO - Processing file /opt/airflow/dags/sdp_pipeline_dag.py for tasks to queue
[2026-07-22T08:40:16.322+0000] {logging_mixin.py:188} INFO - [2026-07-22T08:40:16.322+0000] {dagbag.py:540} INFO - Filling up the DagBag from /opt/airflow/dags/sdp_pipeline_dag.py
[2026-07-22T08:40:16.344+0000] {processor.py:840} INFO - DAG(s) 'e-commerce_kafka_streaming_pipeline_v1' retrieved from /opt/airflow/dags/sdp_pipeline_dag.py
[2026-07-22T08:40:16.375+0000] {logging_mixin.py:188} INFO - [2026-07-22T08:40:16.374+0000] {dag.py:3096} INFO - Sync 1 DAGs
[2026-07-22T08:40:16.552+0000] {logging_mixin.py:188} INFO - [2026-07-22T08:40:16.551+0000] {dag.py:3954} INFO - Setting next_dagrun for e-commerce_kafka_streaming_pipeline_v1 to 2026-07-22 08:00:00+00:00, run_after=2026-07-22 09:00:00+00:00
[2026-07-22T08:40:16.570+0000] {processor.py:183} INFO - Processing /opt/airflow/dags/sdp_pipeline_dag.py took 0.258 seconds
[2026-07-22T08:40:46.780+0000] {processor.py:161} INFO - Started process (PID=18640) to work on /opt/airflow/dags/sdp_pipeline_dag.py
[2026-07-22T08:40:46.782+0000] {processor.py:830} INFO - Processing file /opt/airflow/dags/sdp_pipeline_dag.py for tasks to queue
[2026-07-22T08:40:46.783+0000] {logging_mixin.py:188} INFO - [2026-07-22T08:40:46.783+0000] {dagbag.py:540} INFO - Filling up the DagBag from /opt/airflow/dags/sdp_pipeline_dag.py
[2026-07-22T08:40:46.805+0000] {processor.py:840} INFO - DAG(s) 'e-commerce_kafka_streaming_pipeline_v1' retrieved from /opt/airflow/dags/sdp_pipeline_dag.py
[2026-07-22T08:40:47.053+0000] {logging_mixin.py:188} INFO - [2026-07-22T08:40:47.053+0000] {dag.py:3096} INFO - Sync 1 DAGs
[2026-07-22T08:40:47.071+0000] {logging_mixin.py:188} INFO - [2026-07-22T08:40:47.071+0000] {dag.py:3954} INFO - Setting next_dagrun for e-commerce_kafka_streaming_pipeline_v1 to 2026-07-22 08:00:00+00:00, run_after=2026-07-22 09:00:00+00:00
[2026-07-22T08:40:47.086+0000] {processor.py:183} INFO - Processing /opt/airflow/dags/sdp_pipeline_dag.py took 0.314 seconds
[2026-07-22T08:41:17.445+0000] {processor.py:161} INFO - Started process (PID=18645) to work on /opt/airflow/dags/sdp_pipeline_dag.py
[2026-07-22T08:41:17.452+0000] {processor.py:830} INFO - Processing file /opt/airflow/dags/sdp_pipeline_dag.py for tasks to queue
[2026-07-22T08:41:17.457+0000] {logging_mixin.py:188} INFO - [2026-07-22T08:41:17.456+0000] {dagbag.py:540} INFO - Filling up the DagBag from /opt/airflow/dags/sdp_pipeline_dag.py
[2026-07-22T08:41:17.520+0000] {processor.py:840} INFO - DAG(s) 'e-commerce_kafka_streaming_pipeline_v1' retrieved from /opt/airflow/dags/sdp_pipeline_dag.py
[2026-07-22T08:41:17.612+0000] {logging_mixin.py:188} INFO - [2026-07-22T08:41:17.611+0000] {dag.py:3096} INFO - Sync 1 DAGs
[2026-07-22T08:41:17.666+0000] {logging_mixin.py:188} INFO - [2026-07-22T08:41:17.666+0000] {dag.py:3954} INFO - Setting next_dagrun for e-commerce_kafka_streaming_pipeline_v1 to 2026-07-22 08:00:00+00:00, run_after=2026-07-22 09:00:00+00:00
[2026-07-22T08:41:17.723+0000] {processor.py:183} INFO - Processing /opt/airflow/dags/sdp_pipeline_dag.py took 0.310 seconds
[2026-07-22T08:41:47.994+0000] {processor.py:161} INFO - Started process (PID=18650) to work on /opt/airflow/dags/sdp_pipeline_dag.py
[2026-07-22T08:41:47.996+0000] {processor.py:830} INFO - Processing file /opt/airflow/dags/sdp_pipeline_dag.py for tasks to queue
[2026-07-22T08:41:47.997+0000] {logging_mixin.py:188} INFO - [2026-07-22T08:41:47.997+0000] {dagbag.py:540} INFO - Filling up the DagBag from /opt/airflow/dags/sdp_pipeline_dag.py
[2026-07-22T08:41:48.020+0000] {processor.py:840} INFO - DAG(s) 'e-commerce_kafka_streaming_pipeline_v1' retrieved from /opt/airflow/dags/sdp_pipeline_dag.py
[2026-07-22T08:41:48.059+0000] {logging_mixin.py:188} INFO - [2026-07-22T08:41:48.059+0000] {dag.py:3096} INFO - Sync 1 DAGs
[2026-07-22T08:41:48.095+0000] {logging_mixin.py:188} INFO - [2026-07-22T08:41:48.095+0000] {dag.py:3954} INFO - Setting next_dagrun for e-commerce_kafka_streaming_pipeline_v1 to 2026-07-22 08:00:00+00:00, run_after=2026-07-22 09:00:00+00:00
[2026-07-22T08:41:48.121+0000] {processor.py:183} INFO - Processing /opt/airflow/dags/sdp_pipeline_dag.py took 0.133 seconds
[2026-07-22T10:14:15.473+0000] {processor.py:161} INFO - Started process (PID=18665) to work on /opt/airflow/dags/sdp_pipeline_dag.py
[2026-07-22T10:14:15.484+0000] {processor.py:830} INFO - Processing file /opt/airflow/dags/sdp_pipeline_dag.py for tasks to queue
[2026-07-22T10:14:15.491+0000] {logging_mixin.py:188} INFO - [2026-07-22T10:14:15.490+0000] {dagbag.py:540} INFO - Filling up the DagBag from /opt/airflow/dags/sdp_pipeline_dag.py
[2026-07-22T10:14:15.546+0000] {processor.py:840} INFO - DAG(s) 'e-commerce_kafka_streaming_pipeline_v1' retrieved from /opt/airflow/dags/sdp_pipeline_dag.py
[2026-07-22T10:14:15.653+0000] {logging_mixin.py:188} INFO - [2026-07-22T10:14:15.653+0000] {dag.py:3096} INFO - Sync 1 DAGs
[2026-07-22T10:14:15.737+0000] {logging_mixin.py:188} INFO - [2026-07-22T10:14:15.737+0000] {dag.py:3954} INFO - Setting next_dagrun for e-commerce_kafka_streaming_pipeline_v1 to 2026-07-22 10:00:00+00:00, run_after=2026-07-22 11:00:00+00:00
[2026-07-22T10:14:15.830+0000] {processor.py:183} INFO - Processing /opt/airflow/dags/sdp_pipeline_dag.py took 0.381 seconds
[2026-07-22T12:00:15.546+0000] {processor.py:161} INFO - Started process (PID=18674) to work on /opt/airflow/dags/sdp_pipeline_dag.py
[2026-07-22T12:00:15.562+0000] {processor.py:830} INFO - Processing file /opt/airflow/dags/sdp_pipeline_dag.py for tasks to queue
[2026-07-22T12:00:15.587+0000] {logging_mixin.py:188} INFO - [2026-07-22T12:00:15.586+0000] {dagbag.py:540} INFO - Filling up the DagBag from /opt/airflow/dags/sdp_pipeline_dag.py
[2026-07-22T12:00:15.741+0000] {processor.py:840} INFO - DAG(s) 'e-commerce_kafka_streaming_pipeline_v1' retrieved from /opt/airflow/dags/sdp_pipeline_dag.py
[2026-07-22T12:00:15.928+0000] {logging_mixin.py:188} INFO - [2026-07-22T12:00:15.917+0000] {dag.py:3096} INFO - Sync 1 DAGs
[2026-07-22T12:00:16.055+0000] {logging_mixin.py:188} INFO - [2026-07-22T12:00:16.055+0000] {dag.py:3954} INFO - Setting next_dagrun for e-commerce_kafka_streaming_pipeline_v1 to 2026-07-22 11:00:00+00:00, run_after=2026-07-22 12:00:00+00:00
[2026-07-22T12:00:16.163+0000] {processor.py:183} INFO - Processing /opt/airflow/dags/sdp_pipeline_dag.py took 0.642 seconds
[2026-07-22T12:00:47.067+0000] {processor.py:161} INFO - Started process (PID=18741) to work on /opt/airflow/dags/sdp_pipeline_dag.py
[2026-07-22T12:00:47.073+0000] {processor.py:830} INFO - Processing file /opt/airflow/dags/sdp_pipeline_dag.py for tasks to queue
[2026-07-22T12:00:47.083+0000] {logging_mixin.py:188} INFO - [2026-07-22T12:00:47.082+0000] {dagbag.py:540} INFO - Filling up the DagBag from /opt/airflow/dags/sdp_pipeline_dag.py
[2026-07-22T12:00:47.185+0000] {processor.py:840} INFO - DAG(s) 'e-commerce_kafka_streaming_pipeline_v1' retrieved from /opt/airflow/dags/sdp_pipeline_dag.py
[2026-07-22T12:00:47.295+0000] {logging_mixin.py:188} INFO - [2026-07-22T12:00:47.294+0000] {dag.py:3096} INFO - Sync 1 DAGs
[2026-07-22T12:00:48.189+0000] {logging_mixin.py:188} INFO - [2026-07-22T12:00:48.189+0000] {dag.py:3954} INFO - Setting next_dagrun for e-commerce_kafka_streaming_pipeline_v1 to 2026-07-22 12:00:00+00:00, run_after=2026-07-22 13:00:00+00:00
[2026-07-22T12:00:48.268+0000] {processor.py:183} INFO - Processing /opt/airflow/dags/sdp_pipeline_dag.py took 1.259 seconds
[2026-07-22T12:01:19.367+0000] {processor.py:161} INFO - Started process (PID=18746) to work on /opt/airflow/dags/sdp_pipeline_dag.py
[2026-07-22T12:01:19.373+0000] {processor.py:830} INFO - Processing file /opt/airflow/dags/sdp_pipeline_dag.py for tasks to queue
[2026-07-22T12:01:19.378+0000] {logging_mixin.py:188} INFO - [2026-07-22T12:01:19.376+0000] {dagbag.py:540} INFO - Filling up the DagBag from /opt/airflow/dags/sdp_pipeline_dag.py
[2026-07-22T12:01:19.472+0000] {processor.py:840} INFO - DAG(s) 'e-commerce_kafka_streaming_pipeline_v1' retrieved from /opt/airflow/dags/sdp_pipeline_dag.py
[2026-07-22T12:01:19.603+0000] {logging_mixin.py:188} INFO - [2026-07-22T12:01:19.601+0000] {dag.py:3096} INFO - Sync 1 DAGs
[2026-07-22T12:01:21.207+0000] {logging_mixin.py:188} INFO - [2026-07-22T12:01:21.143+0000] {dag.py:3954} INFO - Setting next_dagrun for e-commerce_kafka_streaming_pipeline_v1 to 2026-07-22 12:00:00+00:00, run_after=2026-07-22 13:00:00+00:00
[2026-07-22T12:01:21.822+0000] {processor.py:183} INFO - Processing /opt/airflow/dags/sdp_pipeline_dag.py took 2.502 seconds
[2026-07-22T12:01:58.622+0000] {processor.py:161} INFO - Started process (PID=18751) to work on /opt/airflow/dags/sdp_pipeline_dag.py
[2026-07-22T12:01:58.845+0000] {processor.py:830} INFO - Processing file /opt/airflow/dags/sdp_pipeline_dag.py for tasks to queue
[2026-07-22T12:01:59.251+0000] {logging_mixin.py:188} INFO - [2026-07-22T12:01:59.184+0000] {dagbag.py:540} INFO - Filling up the DagBag from /opt/airflow/dags/sdp_pipeline_dag.py
[2026-07-22T12:02:04.121+0000] {processor.py:840} INFO - DAG(s) 'e-commerce_kafka_streaming_pipeline_v1' retrieved from /opt/airflow/dags/sdp_pipeline_dag.py
[2026-07-22T14:37:49.630+0000] {processor.py:161} INFO - Started process (PID=18757) to work on /opt/airflow/dags/sdp_pipeline_dag.py
[2026-07-22T14:37:49.700+0000] {processor.py:830} INFO - Processing file /opt/airflow/dags/sdp_pipeline_dag.py for tasks to queue
[2026-07-22T14:37:51.165+0000] {logging_mixin.py:188} INFO - [2026-07-22T14:37:50.541+0000] {dagbag.py:540} INFO - Filling up the DagBag from /opt/airflow/dags/sdp_pipeline_dag.py
