[2026-07-16T05:36:39.750+0000] {processor.py:161} INFO - Started process (PID=649) to work on /opt/airflow/dags/sdp_pipeline_dag.py
[2026-07-16T05:36:39.781+0000] {processor.py:830} INFO - Processing file /opt/airflow/dags/sdp_pipeline_dag.py for tasks to queue
[2026-07-16T05:36:39.828+0000] {logging_mixin.py:188} INFO - [2026-07-16T05:36:39.816+0000] {dagbag.py:540} INFO - Filling up the DagBag from /opt/airflow/dags/sdp_pipeline_dag.py
[2026-07-16T05:36:40.554+0000] {processor.py:840} INFO - DAG(s) 'e-commerce_kafka_streaming_pipeline_v1' retrieved from /opt/airflow/dags/sdp_pipeline_dag.py
[2026-07-16T05:36:41.319+0000] {logging_mixin.py:188} INFO - [2026-07-16T05:36:41.318+0000] {dag.py:3096} INFO - Sync 1 DAGs
[2026-07-16T05:36:41.575+0000] {logging_mixin.py:188} INFO - [2026-07-16T05:36:41.574+0000] {dag.py:3954} INFO - Setting next_dagrun for e-commerce_kafka_streaming_pipeline_v1 to 2026-07-16 05:00:00+00:00, run_after=2026-07-16 06:00:00+00:00
[2026-07-16T05:36:41.971+0000] {processor.py:183} INFO - Processing /opt/airflow/dags/sdp_pipeline_dag.py took 2.332 seconds
[2026-07-16T05:37:13.113+0000] {processor.py:161} INFO - Started process (PID=729) to work on /opt/airflow/dags/sdp_pipeline_dag.py
[2026-07-16T05:37:13.181+0000] {processor.py:830} INFO - Processing file /opt/airflow/dags/sdp_pipeline_dag.py for tasks to queue
[2026-07-16T05:37:13.352+0000] {logging_mixin.py:188} INFO - [2026-07-16T05:37:13.351+0000] {dagbag.py:540} INFO - Filling up the DagBag from /opt/airflow/dags/sdp_pipeline_dag.py
[2026-07-16T05:37:13.729+0000] {processor.py:840} INFO - DAG(s) 'e-commerce_kafka_streaming_pipeline_v1' retrieved from /opt/airflow/dags/sdp_pipeline_dag.py
[2026-07-16T05:37:14.158+0000] {logging_mixin.py:188} INFO - [2026-07-16T05:37:14.157+0000] {dag.py:3096} INFO - Sync 1 DAGs
[2026-07-16T05:37:14.449+0000] {logging_mixin.py:188} INFO - [2026-07-16T05:37:14.449+0000] {dag.py:3954} INFO - Setting next_dagrun for e-commerce_kafka_streaming_pipeline_v1 to 2026-07-16 05:00:00+00:00, run_after=2026-07-16 06:00:00+00:00
[2026-07-16T05:37:14.711+0000] {processor.py:183} INFO - Processing /opt/airflow/dags/sdp_pipeline_dag.py took 1.954 seconds
[2026-07-16T05:37:45.665+0000] {processor.py:161} INFO - Started process (PID=754) to work on /opt/airflow/dags/sdp_pipeline_dag.py
[2026-07-16T05:37:45.676+0000] {processor.py:830} INFO - Processing file /opt/airflow/dags/sdp_pipeline_dag.py for tasks to queue
[2026-07-16T05:37:45.693+0000] {logging_mixin.py:188} INFO - [2026-07-16T05:37:45.691+0000] {dagbag.py:540} INFO - Filling up the DagBag from /opt/airflow/dags/sdp_pipeline_dag.py
[2026-07-16T05:37:45.895+0000] {processor.py:840} INFO - DAG(s) 'e-commerce_kafka_streaming_pipeline_v1' retrieved from /opt/airflow/dags/sdp_pipeline_dag.py
[2026-07-16T05:37:46.164+0000] {logging_mixin.py:188} INFO - [2026-07-16T05:37:46.164+0000] {dag.py:3096} INFO - Sync 1 DAGs
[2026-07-16T05:37:46.445+0000] {logging_mixin.py:188} INFO - [2026-07-16T05:37:46.444+0000] {dag.py:3954} INFO - Setting next_dagrun for e-commerce_kafka_streaming_pipeline_v1 to 2026-07-16 05:00:00+00:00, run_after=2026-07-16 06:00:00+00:00
[2026-07-16T05:37:46.551+0000] {processor.py:183} INFO - Processing /opt/airflow/dags/sdp_pipeline_dag.py took 0.916 seconds
[2026-07-16T06:20:58.048+0000] {processor.py:161} INFO - Started process (PID=779) to work on /opt/airflow/dags/sdp_pipeline_dag.py
[2026-07-16T06:20:58.112+0000] {processor.py:830} INFO - Processing file /opt/airflow/dags/sdp_pipeline_dag.py for tasks to queue
[2026-07-16T06:20:58.519+0000] {logging_mixin.py:188} INFO - [2026-07-16T06:20:58.483+0000] {dagbag.py:540} INFO - Filling up the DagBag from /opt/airflow/dags/sdp_pipeline_dag.py
[2026-07-16T06:21:03.381+0000] {processor.py:840} INFO - DAG(s) 'e-commerce_kafka_streaming_pipeline_v1' retrieved from /opt/airflow/dags/sdp_pipeline_dag.py
[2026-07-16T06:21:08.299+0000] {processor.py:161} INFO - Started process (PID=795) to work on /opt/airflow/dags/sdp_pipeline_dag.py
[2026-07-16T06:21:08.319+0000] {processor.py:830} INFO - Processing file /opt/airflow/dags/sdp_pipeline_dag.py for tasks to queue
[2026-07-16T06:21:08.330+0000] {logging_mixin.py:188} INFO - [2026-07-16T06:21:08.327+0000] {dagbag.py:540} INFO - Filling up the DagBag from /opt/airflow/dags/sdp_pipeline_dag.py
[2026-07-16T06:21:08.606+0000] {processor.py:840} INFO - DAG(s) 'e-commerce_kafka_streaming_pipeline_v1' retrieved from /opt/airflow/dags/sdp_pipeline_dag.py
[2026-07-16T06:21:09.293+0000] {logging_mixin.py:188} INFO - [2026-07-16T06:21:09.291+0000] {taskinstance.py:2892} ERROR - {'DAG Id': 'e-commerce_kafka_streaming_pipeline_v1', 'Task Id': 'run_bronze', 'Run Id': 'manual__2026-07-15T15:47:31.869905+00:00', 'Hostname': '823f5885dbb8'}
[2026-07-16T06:21:09.574+0000] {logging_mixin.py:188} INFO - [2026-07-16T06:21:09.573+0000] {taskinstance.py:1205} INFO - Marking task as FAILED. dag_id=e-commerce_kafka_streaming_pipeline_v1, task_id=run_bronze, execution_date=20260715T154731, start_date=20260715T184551, end_date=20260716T062109
[2026-07-16T06:21:09.665+0000] {processor.py:791} INFO - Executed failure callback for <TaskInstance: e-commerce_kafka_streaming_pipeline_v1.run_bronze manual__2026-07-15T15:47:31.869905+00:00 [failed]> in state failed
[2026-07-16T06:21:12.055+0000] {logging_mixin.py:188} INFO - [2026-07-16T06:21:12.054+0000] {dag.py:3096} INFO - Sync 1 DAGs
[2026-07-16T06:21:12.256+0000] {logging_mixin.py:188} INFO - [2026-07-16T06:21:12.256+0000] {dag.py:3954} INFO - Setting next_dagrun for e-commerce_kafka_streaming_pipeline_v1 to 2026-07-16 06:00:00+00:00, run_after=2026-07-16 07:00:00+00:00
[2026-07-16T06:21:12.438+0000] {processor.py:183} INFO - Processing /opt/airflow/dags/sdp_pipeline_dag.py took 4.408 seconds
[2026-07-16T06:21:14.816+0000] {processor.py:161} INFO - Started process (PID=808) to work on /opt/airflow/dags/sdp_pipeline_dag.py
[2026-07-16T06:21:14.823+0000] {processor.py:830} INFO - Processing file /opt/airflow/dags/sdp_pipeline_dag.py for tasks to queue
[2026-07-16T06:21:14.833+0000] {logging_mixin.py:188} INFO - [2026-07-16T06:21:14.830+0000] {dagbag.py:540} INFO - Filling up the DagBag from /opt/airflow/dags/sdp_pipeline_dag.py
[2026-07-16T06:21:15.084+0000] {processor.py:840} INFO - DAG(s) 'e-commerce_kafka_streaming_pipeline_v1' retrieved from /opt/airflow/dags/sdp_pipeline_dag.py
[2026-07-16T06:21:15.198+0000] {logging_mixin.py:188} INFO - [2026-07-16T06:21:15.197+0000] {dag.py:3096} INFO - Sync 1 DAGs
[2026-07-16T06:21:15.515+0000] {logging_mixin.py:188} INFO - [2026-07-16T06:21:15.514+0000] {dag.py:3954} INFO - Setting next_dagrun for e-commerce_kafka_streaming_pipeline_v1 to 2026-07-16 06:00:00+00:00, run_after=2026-07-16 07:00:00+00:00
[2026-07-16T06:21:15.602+0000] {processor.py:183} INFO - Processing /opt/airflow/dags/sdp_pipeline_dag.py took 0.819 seconds
[2026-07-16T06:21:25.795+0000] {processor.py:161} INFO - Started process (PID=816) to work on /opt/airflow/dags/sdp_pipeline_dag.py
[2026-07-16T06:21:25.802+0000] {processor.py:830} INFO - Processing file /opt/airflow/dags/sdp_pipeline_dag.py for tasks to queue
[2026-07-16T06:21:25.807+0000] {logging_mixin.py:188} INFO - [2026-07-16T06:21:25.805+0000] {dagbag.py:540} INFO - Filling up the DagBag from /opt/airflow/dags/sdp_pipeline_dag.py
[2026-07-16T06:21:25.855+0000] {processor.py:840} INFO - DAG(s) 'e-commerce_kafka_streaming_pipeline_v1' retrieved from /opt/airflow/dags/sdp_pipeline_dag.py
[2026-07-16T06:21:26.029+0000] {logging_mixin.py:188} INFO - [2026-07-16T06:21:26.028+0000] {taskinstance.py:2892} ERROR - {'DAG Id': 'e-commerce_kafka_streaming_pipeline_v1', 'Task Id': 'run_bronze', 'Run Id': 'scheduled__2026-07-16T04:00:00+00:00', 'Hostname': '823f5885dbb8'}
[2026-07-16T06:21:26.136+0000] {logging_mixin.py:188} INFO - [2026-07-16T06:21:26.135+0000] {taskinstance.py:1205} INFO - Marking task as UP_FOR_RETRY. dag_id=e-commerce_kafka_streaming_pipeline_v1, task_id=run_bronze, execution_date=20260716T040000, start_date=20260716T053655, end_date=20260716T062126
[2026-07-16T06:21:26.182+0000] {processor.py:791} INFO - Executed failure callback for <TaskInstance: e-commerce_kafka_streaming_pipeline_v1.run_bronze scheduled__2026-07-16T04:00:00+00:00 [up_for_retry]> in state up_for_retry
[2026-07-16T06:21:26.190+0000] {logging_mixin.py:188} INFO - [2026-07-16T06:21:26.189+0000] {taskinstance.py:2892} ERROR - {'DAG Id': 'e-commerce_kafka_streaming_pipeline_v1', 'Task Id': 'run_bronze', 'Run Id': 'scheduled__2026-07-16T04:00:00+00:00', 'Hostname': '823f5885dbb8'}
[2026-07-16T06:21:26.211+0000] {logging_mixin.py:188} INFO - [2026-07-16T06:21:26.211+0000] {taskinstance.py:1205} INFO - Marking task as FAILED. dag_id=e-commerce_kafka_streaming_pipeline_v1, task_id=run_bronze, execution_date=20260716T040000, start_date=20260716T053655, end_date=20260716T062126
[2026-07-16T06:21:26.276+0000] {processor.py:791} INFO - Executed failure callback for <TaskInstance: e-commerce_kafka_streaming_pipeline_v1.run_bronze scheduled__2026-07-16T04:00:00+00:00 [failed]> in state failed
[2026-07-16T06:21:26.289+0000] {logging_mixin.py:188} INFO - [2026-07-16T06:21:26.288+0000] {dag.py:3096} INFO - Sync 1 DAGs
[2026-07-16T06:21:26.355+0000] {logging_mixin.py:188} INFO - [2026-07-16T06:21:26.354+0000] {dag.py:3954} INFO - Setting next_dagrun for e-commerce_kafka_streaming_pipeline_v1 to 2026-07-16 06:00:00+00:00, run_after=2026-07-16 07:00:00+00:00
[2026-07-16T06:21:26.408+0000] {processor.py:183} INFO - Processing /opt/airflow/dags/sdp_pipeline_dag.py took 0.634 seconds
[2026-07-16T06:21:56.796+0000] {processor.py:161} INFO - Started process (PID=833) to work on /opt/airflow/dags/sdp_pipeline_dag.py
[2026-07-16T06:21:56.800+0000] {processor.py:830} INFO - Processing file /opt/airflow/dags/sdp_pipeline_dag.py for tasks to queue
[2026-07-16T06:21:56.804+0000] {logging_mixin.py:188} INFO - [2026-07-16T06:21:56.803+0000] {dagbag.py:540} INFO - Filling up the DagBag from /opt/airflow/dags/sdp_pipeline_dag.py
[2026-07-16T06:21:56.843+0000] {processor.py:840} INFO - DAG(s) 'e-commerce_kafka_streaming_pipeline_v1' retrieved from /opt/airflow/dags/sdp_pipeline_dag.py
[2026-07-16T06:21:56.964+0000] {logging_mixin.py:188} INFO - [2026-07-16T06:21:56.963+0000] {dag.py:3096} INFO - Sync 1 DAGs
[2026-07-16T06:21:57.024+0000] {logging_mixin.py:188} INFO - [2026-07-16T06:21:57.023+0000] {dag.py:3954} INFO - Setting next_dagrun for e-commerce_kafka_streaming_pipeline_v1 to 2026-07-16 06:00:00+00:00, run_after=2026-07-16 07:00:00+00:00
[2026-07-16T06:21:57.054+0000] {processor.py:183} INFO - Processing /opt/airflow/dags/sdp_pipeline_dag.py took 0.291 seconds
[2026-07-16T06:22:27.292+0000] {processor.py:161} INFO - Started process (PID=838) to work on /opt/airflow/dags/sdp_pipeline_dag.py
[2026-07-16T06:22:27.294+0000] {processor.py:830} INFO - Processing file /opt/airflow/dags/sdp_pipeline_dag.py for tasks to queue
[2026-07-16T06:22:27.298+0000] {logging_mixin.py:188} INFO - [2026-07-16T06:22:27.297+0000] {dagbag.py:540} INFO - Filling up the DagBag from /opt/airflow/dags/sdp_pipeline_dag.py
[2026-07-16T06:22:27.332+0000] {processor.py:840} INFO - DAG(s) 'e-commerce_kafka_streaming_pipeline_v1' retrieved from /opt/airflow/dags/sdp_pipeline_dag.py
[2026-07-16T06:22:27.398+0000] {logging_mixin.py:188} INFO - [2026-07-16T06:22:27.398+0000] {dag.py:3096} INFO - Sync 1 DAGs
[2026-07-16T06:22:27.461+0000] {logging_mixin.py:188} INFO - [2026-07-16T06:22:27.460+0000] {dag.py:3954} INFO - Setting next_dagrun for e-commerce_kafka_streaming_pipeline_v1 to 2026-07-16 06:00:00+00:00, run_after=2026-07-16 07:00:00+00:00
[2026-07-16T06:22:27.503+0000] {processor.py:183} INFO - Processing /opt/airflow/dags/sdp_pipeline_dag.py took 0.229 seconds
[2026-07-16T08:22:15.679+0000] {processor.py:161} INFO - Started process (PID=204) to work on /opt/airflow/dags/sdp_pipeline_dag.py
[2026-07-16T08:22:15.681+0000] {processor.py:830} INFO - Processing file /opt/airflow/dags/sdp_pipeline_dag.py for tasks to queue
[2026-07-16T08:22:15.685+0000] {logging_mixin.py:188} INFO - [2026-07-16T08:22:15.684+0000] {dagbag.py:540} INFO - Filling up the DagBag from /opt/airflow/dags/sdp_pipeline_dag.py
[2026-07-16T08:22:15.709+0000] {processor.py:840} INFO - DAG(s) 'e-commerce_kafka_streaming_pipeline_v1' retrieved from /opt/airflow/dags/sdp_pipeline_dag.py
[2026-07-16T08:22:15.749+0000] {logging_mixin.py:188} INFO - [2026-07-16T08:22:15.748+0000] {dag.py:3096} INFO - Sync 1 DAGs
[2026-07-16T08:22:15.776+0000] {logging_mixin.py:188} INFO - [2026-07-16T08:22:15.776+0000] {dag.py:3954} INFO - Setting next_dagrun for e-commerce_kafka_streaming_pipeline_v1 to 2026-07-16 07:00:00+00:00, run_after=2026-07-16 08:00:00+00:00
[2026-07-16T08:22:15.805+0000] {processor.py:183} INFO - Processing /opt/airflow/dags/sdp_pipeline_dag.py took 0.135 seconds
[2026-07-16T08:22:45.910+0000] {processor.py:161} INFO - Started process (PID=209) to work on /opt/airflow/dags/sdp_pipeline_dag.py
[2026-07-16T08:22:45.911+0000] {processor.py:830} INFO - Processing file /opt/airflow/dags/sdp_pipeline_dag.py for tasks to queue
[2026-07-16T08:22:45.914+0000] {logging_mixin.py:188} INFO - [2026-07-16T08:22:45.913+0000] {dagbag.py:540} INFO - Filling up the DagBag from /opt/airflow/dags/sdp_pipeline_dag.py
[2026-07-16T08:22:45.933+0000] {processor.py:840} INFO - DAG(s) 'e-commerce_kafka_streaming_pipeline_v1' retrieved from /opt/airflow/dags/sdp_pipeline_dag.py
[2026-07-16T08:22:46.132+0000] {logging_mixin.py:188} INFO - [2026-07-16T08:22:46.132+0000] {dag.py:3096} INFO - Sync 1 DAGs
[2026-07-16T08:22:46.149+0000] {logging_mixin.py:188} INFO - [2026-07-16T08:22:46.149+0000] {dag.py:3954} INFO - Setting next_dagrun for e-commerce_kafka_streaming_pipeline_v1 to 2026-07-16 07:00:00+00:00, run_after=2026-07-16 08:00:00+00:00
[2026-07-16T08:22:46.166+0000] {processor.py:183} INFO - Processing /opt/airflow/dags/sdp_pipeline_dag.py took 0.262 seconds
[2026-07-16T08:23:16.247+0000] {processor.py:161} INFO - Started process (PID=214) to work on /opt/airflow/dags/sdp_pipeline_dag.py
[2026-07-16T08:23:16.248+0000] {processor.py:830} INFO - Processing file /opt/airflow/dags/sdp_pipeline_dag.py for tasks to queue
[2026-07-16T08:23:16.250+0000] {logging_mixin.py:188} INFO - [2026-07-16T08:23:16.250+0000] {dagbag.py:540} INFO - Filling up the DagBag from /opt/airflow/dags/sdp_pipeline_dag.py
[2026-07-16T08:23:16.265+0000] {processor.py:840} INFO - DAG(s) 'e-commerce_kafka_streaming_pipeline_v1' retrieved from /opt/airflow/dags/sdp_pipeline_dag.py
[2026-07-16T08:23:16.290+0000] {logging_mixin.py:188} INFO - [2026-07-16T08:23:16.290+0000] {dag.py:3096} INFO - Sync 1 DAGs
[2026-07-16T08:23:16.309+0000] {logging_mixin.py:188} INFO - [2026-07-16T08:23:16.309+0000] {dag.py:3954} INFO - Setting next_dagrun for e-commerce_kafka_streaming_pipeline_v1 to 2026-07-16 07:00:00+00:00, run_after=2026-07-16 08:00:00+00:00
[2026-07-16T08:23:16.326+0000] {processor.py:183} INFO - Processing /opt/airflow/dags/sdp_pipeline_dag.py took 0.085 seconds
[2026-07-16T08:23:46.471+0000] {processor.py:161} INFO - Started process (PID=219) to work on /opt/airflow/dags/sdp_pipeline_dag.py
[2026-07-16T08:23:46.472+0000] {processor.py:830} INFO - Processing file /opt/airflow/dags/sdp_pipeline_dag.py for tasks to queue
[2026-07-16T08:23:46.474+0000] {logging_mixin.py:188} INFO - [2026-07-16T08:23:46.474+0000] {dagbag.py:540} INFO - Filling up the DagBag from /opt/airflow/dags/sdp_pipeline_dag.py
[2026-07-16T08:23:46.489+0000] {processor.py:840} INFO - DAG(s) 'e-commerce_kafka_streaming_pipeline_v1' retrieved from /opt/airflow/dags/sdp_pipeline_dag.py
[2026-07-16T08:23:46.514+0000] {logging_mixin.py:188} INFO - [2026-07-16T08:23:46.513+0000] {dag.py:3096} INFO - Sync 1 DAGs
[2026-07-16T08:23:46.536+0000] {logging_mixin.py:188} INFO - [2026-07-16T08:23:46.535+0000] {dag.py:3954} INFO - Setting next_dagrun for e-commerce_kafka_streaming_pipeline_v1 to 2026-07-16 07:00:00+00:00, run_after=2026-07-16 08:00:00+00:00
[2026-07-16T08:23:46.554+0000] {processor.py:183} INFO - Processing /opt/airflow/dags/sdp_pipeline_dag.py took 0.088 seconds
[2026-07-16T08:24:16.778+0000] {processor.py:161} INFO - Started process (PID=224) to work on /opt/airflow/dags/sdp_pipeline_dag.py
[2026-07-16T08:24:16.779+0000] {processor.py:830} INFO - Processing file /opt/airflow/dags/sdp_pipeline_dag.py for tasks to queue
[2026-07-16T08:24:16.781+0000] {logging_mixin.py:188} INFO - [2026-07-16T08:24:16.781+0000] {dagbag.py:540} INFO - Filling up the DagBag from /opt/airflow/dags/sdp_pipeline_dag.py
[2026-07-16T08:24:16.800+0000] {processor.py:840} INFO - DAG(s) 'e-commerce_kafka_streaming_pipeline_v1' retrieved from /opt/airflow/dags/sdp_pipeline_dag.py
[2026-07-16T08:24:16.828+0000] {logging_mixin.py:188} INFO - [2026-07-16T08:24:16.828+0000] {dag.py:3096} INFO - Sync 1 DAGs
[2026-07-16T08:24:16.849+0000] {logging_mixin.py:188} INFO - [2026-07-16T08:24:16.849+0000] {dag.py:3954} INFO - Setting next_dagrun for e-commerce_kafka_streaming_pipeline_v1 to 2026-07-16 07:00:00+00:00, run_after=2026-07-16 08:00:00+00:00
[2026-07-16T08:24:16.868+0000] {processor.py:183} INFO - Processing /opt/airflow/dags/sdp_pipeline_dag.py took 0.095 seconds
[2026-07-16T08:24:47.029+0000] {processor.py:161} INFO - Started process (PID=229) to work on /opt/airflow/dags/sdp_pipeline_dag.py
[2026-07-16T08:24:47.031+0000] {processor.py:830} INFO - Processing file /opt/airflow/dags/sdp_pipeline_dag.py for tasks to queue
[2026-07-16T08:24:47.034+0000] {logging_mixin.py:188} INFO - [2026-07-16T08:24:47.033+0000] {dagbag.py:540} INFO - Filling up the DagBag from /opt/airflow/dags/sdp_pipeline_dag.py
[2026-07-16T08:24:47.053+0000] {processor.py:840} INFO - DAG(s) 'e-commerce_kafka_streaming_pipeline_v1' retrieved from /opt/airflow/dags/sdp_pipeline_dag.py
[2026-07-16T08:24:47.081+0000] {logging_mixin.py:188} INFO - [2026-07-16T08:24:47.081+0000] {dag.py:3096} INFO - Sync 1 DAGs
[2026-07-16T08:24:47.107+0000] {logging_mixin.py:188} INFO - [2026-07-16T08:24:47.107+0000] {dag.py:3954} INFO - Setting next_dagrun for e-commerce_kafka_streaming_pipeline_v1 to 2026-07-16 07:00:00+00:00, run_after=2026-07-16 08:00:00+00:00
[2026-07-16T08:24:47.129+0000] {processor.py:183} INFO - Processing /opt/airflow/dags/sdp_pipeline_dag.py took 0.107 seconds
[2026-07-16T08:25:17.330+0000] {processor.py:161} INFO - Started process (PID=234) to work on /opt/airflow/dags/sdp_pipeline_dag.py
[2026-07-16T08:25:17.331+0000] {processor.py:830} INFO - Processing file /opt/airflow/dags/sdp_pipeline_dag.py for tasks to queue
[2026-07-16T08:25:17.333+0000] {logging_mixin.py:188} INFO - [2026-07-16T08:25:17.332+0000] {dagbag.py:540} INFO - Filling up the DagBag from /opt/airflow/dags/sdp_pipeline_dag.py
[2026-07-16T08:25:17.347+0000] {processor.py:840} INFO - DAG(s) 'e-commerce_kafka_streaming_pipeline_v1' retrieved from /opt/airflow/dags/sdp_pipeline_dag.py
[2026-07-16T08:25:17.371+0000] {logging_mixin.py:188} INFO - [2026-07-16T08:25:17.371+0000] {dag.py:3096} INFO - Sync 1 DAGs
[2026-07-16T08:25:17.390+0000] {logging_mixin.py:188} INFO - [2026-07-16T08:25:17.390+0000] {dag.py:3954} INFO - Setting next_dagrun for e-commerce_kafka_streaming_pipeline_v1 to 2026-07-16 07:00:00+00:00, run_after=2026-07-16 08:00:00+00:00
[2026-07-16T08:25:17.408+0000] {processor.py:183} INFO - Processing /opt/airflow/dags/sdp_pipeline_dag.py took 0.083 seconds
[2026-07-16T08:25:47.622+0000] {processor.py:161} INFO - Started process (PID=239) to work on /opt/airflow/dags/sdp_pipeline_dag.py
[2026-07-16T08:25:47.622+0000] {processor.py:830} INFO - Processing file /opt/airflow/dags/sdp_pipeline_dag.py for tasks to queue
[2026-07-16T08:25:47.625+0000] {logging_mixin.py:188} INFO - [2026-07-16T08:25:47.624+0000] {dagbag.py:540} INFO - Filling up the DagBag from /opt/airflow/dags/sdp_pipeline_dag.py
[2026-07-16T08:25:47.641+0000] {processor.py:840} INFO - DAG(s) 'e-commerce_kafka_streaming_pipeline_v1' retrieved from /opt/airflow/dags/sdp_pipeline_dag.py
[2026-07-16T08:25:47.668+0000] {logging_mixin.py:188} INFO - [2026-07-16T08:25:47.668+0000] {dag.py:3096} INFO - Sync 1 DAGs
[2026-07-16T08:25:47.689+0000] {logging_mixin.py:188} INFO - [2026-07-16T08:25:47.688+0000] {dag.py:3954} INFO - Setting next_dagrun for e-commerce_kafka_streaming_pipeline_v1 to 2026-07-16 07:00:00+00:00, run_after=2026-07-16 08:00:00+00:00
[2026-07-16T08:25:47.714+0000] {processor.py:183} INFO - Processing /opt/airflow/dags/sdp_pipeline_dag.py took 0.098 seconds
[2026-07-16T08:26:17.882+0000] {processor.py:161} INFO - Started process (PID=244) to work on /opt/airflow/dags/sdp_pipeline_dag.py
[2026-07-16T08:26:17.883+0000] {processor.py:830} INFO - Processing file /opt/airflow/dags/sdp_pipeline_dag.py for tasks to queue
[2026-07-16T08:26:17.884+0000] {logging_mixin.py:188} INFO - [2026-07-16T08:26:17.884+0000] {dagbag.py:540} INFO - Filling up the DagBag from /opt/airflow/dags/sdp_pipeline_dag.py
[2026-07-16T08:26:17.900+0000] {processor.py:840} INFO - DAG(s) 'e-commerce_kafka_streaming_pipeline_v1' retrieved from /opt/airflow/dags/sdp_pipeline_dag.py
[2026-07-16T08:26:17.922+0000] {logging_mixin.py:188} INFO - [2026-07-16T08:26:17.922+0000] {dag.py:3096} INFO - Sync 1 DAGs
[2026-07-16T08:26:17.940+0000] {logging_mixin.py:188} INFO - [2026-07-16T08:26:17.940+0000] {dag.py:3954} INFO - Setting next_dagrun for e-commerce_kafka_streaming_pipeline_v1 to 2026-07-16 07:00:00+00:00, run_after=2026-07-16 08:00:00+00:00
[2026-07-16T08:26:17.958+0000] {processor.py:183} INFO - Processing /opt/airflow/dags/sdp_pipeline_dag.py took 0.081 seconds
[2026-07-16T08:26:48.159+0000] {processor.py:161} INFO - Started process (PID=249) to work on /opt/airflow/dags/sdp_pipeline_dag.py
[2026-07-16T08:26:48.160+0000] {processor.py:830} INFO - Processing file /opt/airflow/dags/sdp_pipeline_dag.py for tasks to queue
[2026-07-16T08:26:48.162+0000] {logging_mixin.py:188} INFO - [2026-07-16T08:26:48.161+0000] {dagbag.py:540} INFO - Filling up the DagBag from /opt/airflow/dags/sdp_pipeline_dag.py
[2026-07-16T08:26:48.178+0000] {processor.py:840} INFO - DAG(s) 'e-commerce_kafka_streaming_pipeline_v1' retrieved from /opt/airflow/dags/sdp_pipeline_dag.py
[2026-07-16T08:26:48.202+0000] {logging_mixin.py:188} INFO - [2026-07-16T08:26:48.202+0000] {dag.py:3096} INFO - Sync 1 DAGs
[2026-07-16T08:26:48.222+0000] {logging_mixin.py:188} INFO - [2026-07-16T08:26:48.222+0000] {dag.py:3954} INFO - Setting next_dagrun for e-commerce_kafka_streaming_pipeline_v1 to 2026-07-16 07:00:00+00:00, run_after=2026-07-16 08:00:00+00:00
[2026-07-16T08:26:48.242+0000] {processor.py:183} INFO - Processing /opt/airflow/dags/sdp_pipeline_dag.py took 0.089 seconds
[2026-07-16T08:27:20.147+0000] {processor.py:161} INFO - Started process (PID=254) to work on /opt/airflow/dags/sdp_pipeline_dag.py
[2026-07-16T08:27:20.149+0000] {processor.py:830} INFO - Processing file /opt/airflow/dags/sdp_pipeline_dag.py for tasks to queue
[2026-07-16T08:27:20.151+0000] {logging_mixin.py:188} INFO - [2026-07-16T08:27:20.150+0000] {dagbag.py:540} INFO - Filling up the DagBag from /opt/airflow/dags/sdp_pipeline_dag.py
[2026-07-16T08:27:20.167+0000] {processor.py:840} INFO - DAG(s) 'e-commerce_kafka_streaming_pipeline_v1' retrieved from /opt/airflow/dags/sdp_pipeline_dag.py
[2026-07-16T08:27:20.192+0000] {logging_mixin.py:188} INFO - [2026-07-16T08:27:20.191+0000] {dag.py:3096} INFO - Sync 1 DAGs
[2026-07-16T08:27:20.211+0000] {logging_mixin.py:188} INFO - [2026-07-16T08:27:20.211+0000] {dag.py:3954} INFO - Setting next_dagrun for e-commerce_kafka_streaming_pipeline_v1 to 2026-07-16 07:00:00+00:00, run_after=2026-07-16 08:00:00+00:00
[2026-07-16T08:27:20.232+0000] {processor.py:183} INFO - Processing /opt/airflow/dags/sdp_pipeline_dag.py took 0.090 seconds
[2026-07-16T08:27:50.833+0000] {processor.py:161} INFO - Started process (PID=259) to work on /opt/airflow/dags/sdp_pipeline_dag.py
[2026-07-16T08:27:50.837+0000] {processor.py:830} INFO - Processing file /opt/airflow/dags/sdp_pipeline_dag.py for tasks to queue
[2026-07-16T08:27:50.840+0000] {logging_mixin.py:188} INFO - [2026-07-16T08:27:50.839+0000] {dagbag.py:540} INFO - Filling up the DagBag from /opt/airflow/dags/sdp_pipeline_dag.py
[2026-07-16T08:27:50.876+0000] {processor.py:840} INFO - DAG(s) 'e-commerce_kafka_streaming_pipeline_v1' retrieved from /opt/airflow/dags/sdp_pipeline_dag.py
[2026-07-16T08:27:50.922+0000] {logging_mixin.py:188} INFO - [2026-07-16T08:27:50.922+0000] {dag.py:3096} INFO - Sync 1 DAGs
[2026-07-16T08:27:50.950+0000] {logging_mixin.py:188} INFO - [2026-07-16T08:27:50.950+0000] {dag.py:3954} INFO - Setting next_dagrun for e-commerce_kafka_streaming_pipeline_v1 to 2026-07-16 07:00:00+00:00, run_after=2026-07-16 08:00:00+00:00
[2026-07-16T08:27:50.977+0000] {processor.py:183} INFO - Processing /opt/airflow/dags/sdp_pipeline_dag.py took 0.150 seconds
[2026-07-16T08:28:21.078+0000] {processor.py:161} INFO - Started process (PID=264) to work on /opt/airflow/dags/sdp_pipeline_dag.py
[2026-07-16T08:28:21.079+0000] {processor.py:830} INFO - Processing file /opt/airflow/dags/sdp_pipeline_dag.py for tasks to queue
[2026-07-16T08:28:21.082+0000] {logging_mixin.py:188} INFO - [2026-07-16T08:28:21.082+0000] {dagbag.py:540} INFO - Filling up the DagBag from /opt/airflow/dags/sdp_pipeline_dag.py
[2026-07-16T08:28:21.101+0000] {processor.py:840} INFO - DAG(s) 'e-commerce_kafka_streaming_pipeline_v1' retrieved from /opt/airflow/dags/sdp_pipeline_dag.py
[2026-07-16T08:28:21.129+0000] {logging_mixin.py:188} INFO - [2026-07-16T08:28:21.128+0000] {dag.py:3096} INFO - Sync 1 DAGs
[2026-07-16T08:28:21.149+0000] {logging_mixin.py:188} INFO - [2026-07-16T08:28:21.149+0000] {dag.py:3954} INFO - Setting next_dagrun for e-commerce_kafka_streaming_pipeline_v1 to 2026-07-16 07:00:00+00:00, run_after=2026-07-16 08:00:00+00:00
[2026-07-16T08:28:21.169+0000] {processor.py:183} INFO - Processing /opt/airflow/dags/sdp_pipeline_dag.py took 0.098 seconds
[2026-07-16T08:28:51.266+0000] {processor.py:161} INFO - Started process (PID=269) to work on /opt/airflow/dags/sdp_pipeline_dag.py
[2026-07-16T08:28:51.267+0000] {processor.py:830} INFO - Processing file /opt/airflow/dags/sdp_pipeline_dag.py for tasks to queue
[2026-07-16T08:28:51.270+0000] {logging_mixin.py:188} INFO - [2026-07-16T08:28:51.269+0000] {dagbag.py:540} INFO - Filling up the DagBag from /opt/airflow/dags/sdp_pipeline_dag.py
[2026-07-16T08:28:51.288+0000] {processor.py:840} INFO - DAG(s) 'e-commerce_kafka_streaming_pipeline_v1' retrieved from /opt/airflow/dags/sdp_pipeline_dag.py
[2026-07-16T08:28:51.316+0000] {logging_mixin.py:188} INFO - [2026-07-16T08:28:51.316+0000] {dag.py:3096} INFO - Sync 1 DAGs
[2026-07-16T08:28:51.339+0000] {logging_mixin.py:188} INFO - [2026-07-16T08:28:51.339+0000] {dag.py:3954} INFO - Setting next_dagrun for e-commerce_kafka_streaming_pipeline_v1 to 2026-07-16 07:00:00+00:00, run_after=2026-07-16 08:00:00+00:00
[2026-07-16T08:28:51.362+0000] {processor.py:183} INFO - Processing /opt/airflow/dags/sdp_pipeline_dag.py took 0.102 seconds
[2026-07-16T08:29:21.540+0000] {processor.py:161} INFO - Started process (PID=274) to work on /opt/airflow/dags/sdp_pipeline_dag.py
[2026-07-16T08:29:21.541+0000] {processor.py:830} INFO - Processing file /opt/airflow/dags/sdp_pipeline_dag.py for tasks to queue
[2026-07-16T08:29:21.546+0000] {logging_mixin.py:188} INFO - [2026-07-16T08:29:21.546+0000] {dagbag.py:540} INFO - Filling up the DagBag from /opt/airflow/dags/sdp_pipeline_dag.py
[2026-07-16T08:29:21.587+0000] {processor.py:840} INFO - DAG(s) 'e-commerce_kafka_streaming_pipeline_v1' retrieved from /opt/airflow/dags/sdp_pipeline_dag.py
[2026-07-16T08:29:21.626+0000] {logging_mixin.py:188} INFO - [2026-07-16T08:29:21.626+0000] {dag.py:3096} INFO - Sync 1 DAGs
[2026-07-16T08:29:21.655+0000] {logging_mixin.py:188} INFO - [2026-07-16T08:29:21.655+0000] {dag.py:3954} INFO - Setting next_dagrun for e-commerce_kafka_streaming_pipeline_v1 to 2026-07-16 07:00:00+00:00, run_after=2026-07-16 08:00:00+00:00
[2026-07-16T08:29:21.688+0000] {processor.py:183} INFO - Processing /opt/airflow/dags/sdp_pipeline_dag.py took 0.155 seconds
[2026-07-16T08:29:51.753+0000] {processor.py:161} INFO - Started process (PID=279) to work on /opt/airflow/dags/sdp_pipeline_dag.py
[2026-07-16T08:29:51.754+0000] {processor.py:830} INFO - Processing file /opt/airflow/dags/sdp_pipeline_dag.py for tasks to queue
[2026-07-16T08:29:51.758+0000] {logging_mixin.py:188} INFO - [2026-07-16T08:29:51.758+0000] {dagbag.py:540} INFO - Filling up the DagBag from /opt/airflow/dags/sdp_pipeline_dag.py
[2026-07-16T08:29:51.773+0000] {processor.py:840} INFO - DAG(s) 'e-commerce_kafka_streaming_pipeline_v1' retrieved from /opt/airflow/dags/sdp_pipeline_dag.py
[2026-07-16T08:29:51.796+0000] {logging_mixin.py:188} INFO - [2026-07-16T08:29:51.795+0000] {dag.py:3096} INFO - Sync 1 DAGs
[2026-07-16T08:29:51.814+0000] {logging_mixin.py:188} INFO - [2026-07-16T08:29:51.814+0000] {dag.py:3954} INFO - Setting next_dagrun for e-commerce_kafka_streaming_pipeline_v1 to 2026-07-16 07:00:00+00:00, run_after=2026-07-16 08:00:00+00:00
[2026-07-16T08:29:51.832+0000] {processor.py:183} INFO - Processing /opt/airflow/dags/sdp_pipeline_dag.py took 0.084 seconds
[2026-07-16T08:30:21.973+0000] {processor.py:161} INFO - Started process (PID=284) to work on /opt/airflow/dags/sdp_pipeline_dag.py
[2026-07-16T08:30:21.974+0000] {processor.py:830} INFO - Processing file /opt/airflow/dags/sdp_pipeline_dag.py for tasks to queue
[2026-07-16T08:30:21.976+0000] {logging_mixin.py:188} INFO - [2026-07-16T08:30:21.976+0000] {dagbag.py:540} INFO - Filling up the DagBag from /opt/airflow/dags/sdp_pipeline_dag.py
[2026-07-16T08:30:21.993+0000] {processor.py:840} INFO - DAG(s) 'e-commerce_kafka_streaming_pipeline_v1' retrieved from /opt/airflow/dags/sdp_pipeline_dag.py
[2026-07-16T08:30:22.018+0000] {logging_mixin.py:188} INFO - [2026-07-16T08:30:22.018+0000] {dag.py:3096} INFO - Sync 1 DAGs
[2026-07-16T08:30:22.039+0000] {logging_mixin.py:188} INFO - [2026-07-16T08:30:22.039+0000] {dag.py:3954} INFO - Setting next_dagrun for e-commerce_kafka_streaming_pipeline_v1 to 2026-07-16 07:00:00+00:00, run_after=2026-07-16 08:00:00+00:00
[2026-07-16T08:30:22.060+0000] {processor.py:183} INFO - Processing /opt/airflow/dags/sdp_pipeline_dag.py took 0.093 seconds
[2026-07-16T08:30:52.266+0000] {processor.py:161} INFO - Started process (PID=289) to work on /opt/airflow/dags/sdp_pipeline_dag.py
[2026-07-16T08:30:52.267+0000] {processor.py:830} INFO - Processing file /opt/airflow/dags/sdp_pipeline_dag.py for tasks to queue
[2026-07-16T08:30:52.269+0000] {logging_mixin.py:188} INFO - [2026-07-16T08:30:52.269+0000] {dagbag.py:540} INFO - Filling up the DagBag from /opt/airflow/dags/sdp_pipeline_dag.py
[2026-07-16T08:30:52.285+0000] {processor.py:840} INFO - DAG(s) 'e-commerce_kafka_streaming_pipeline_v1' retrieved from /opt/airflow/dags/sdp_pipeline_dag.py
[2026-07-16T08:30:52.307+0000] {logging_mixin.py:188} INFO - [2026-07-16T08:30:52.307+0000] {dag.py:3096} INFO - Sync 1 DAGs
[2026-07-16T08:30:52.332+0000] {logging_mixin.py:188} INFO - [2026-07-16T08:30:52.332+0000] {dag.py:3954} INFO - Setting next_dagrun for e-commerce_kafka_streaming_pipeline_v1 to 2026-07-16 07:00:00+00:00, run_after=2026-07-16 08:00:00+00:00
[2026-07-16T08:30:52.351+0000] {processor.py:183} INFO - Processing /opt/airflow/dags/sdp_pipeline_dag.py took 0.091 seconds
[2026-07-16T08:31:22.471+0000] {processor.py:161} INFO - Started process (PID=294) to work on /opt/airflow/dags/sdp_pipeline_dag.py
[2026-07-16T08:31:22.472+0000] {processor.py:830} INFO - Processing file /opt/airflow/dags/sdp_pipeline_dag.py for tasks to queue
[2026-07-16T08:31:22.474+0000] {logging_mixin.py:188} INFO - [2026-07-16T08:31:22.474+0000] {dagbag.py:540} INFO - Filling up the DagBag from /opt/airflow/dags/sdp_pipeline_dag.py
[2026-07-16T08:31:22.493+0000] {processor.py:840} INFO - DAG(s) 'e-commerce_kafka_streaming_pipeline_v1' retrieved from /opt/airflow/dags/sdp_pipeline_dag.py
[2026-07-16T08:31:22.593+0000] {logging_mixin.py:188} INFO - [2026-07-16T08:31:22.593+0000] {dag.py:3096} INFO - Sync 1 DAGs
[2026-07-16T08:31:22.613+0000] {logging_mixin.py:188} INFO - [2026-07-16T08:31:22.613+0000] {dag.py:3954} INFO - Setting next_dagrun for e-commerce_kafka_streaming_pipeline_v1 to 2026-07-16 07:00:00+00:00, run_after=2026-07-16 08:00:00+00:00
[2026-07-16T08:31:22.643+0000] {processor.py:183} INFO - Processing /opt/airflow/dags/sdp_pipeline_dag.py took 0.178 seconds
[2026-07-16T08:31:52.767+0000] {processor.py:161} INFO - Started process (PID=299) to work on /opt/airflow/dags/sdp_pipeline_dag.py
[2026-07-16T08:31:52.769+0000] {processor.py:830} INFO - Processing file /opt/airflow/dags/sdp_pipeline_dag.py for tasks to queue
[2026-07-16T08:31:52.773+0000] {logging_mixin.py:188} INFO - [2026-07-16T08:31:52.772+0000] {dagbag.py:540} INFO - Filling up the DagBag from /opt/airflow/dags/sdp_pipeline_dag.py
[2026-07-16T08:31:52.793+0000] {processor.py:840} INFO - DAG(s) 'e-commerce_kafka_streaming_pipeline_v1' retrieved from /opt/airflow/dags/sdp_pipeline_dag.py
[2026-07-16T08:31:52.827+0000] {logging_mixin.py:188} INFO - [2026-07-16T08:31:52.827+0000] {dag.py:3096} INFO - Sync 1 DAGs
[2026-07-16T08:31:52.851+0000] {logging_mixin.py:188} INFO - [2026-07-16T08:31:52.851+0000] {dag.py:3954} INFO - Setting next_dagrun for e-commerce_kafka_streaming_pipeline_v1 to 2026-07-16 07:00:00+00:00, run_after=2026-07-16 08:00:00+00:00
[2026-07-16T08:31:52.869+0000] {processor.py:183} INFO - Processing /opt/airflow/dags/sdp_pipeline_dag.py took 0.110 seconds
[2026-07-16T08:32:23.133+0000] {processor.py:161} INFO - Started process (PID=304) to work on /opt/airflow/dags/sdp_pipeline_dag.py
[2026-07-16T08:32:23.134+0000] {processor.py:830} INFO - Processing file /opt/airflow/dags/sdp_pipeline_dag.py for tasks to queue
[2026-07-16T08:32:23.136+0000] {logging_mixin.py:188} INFO - [2026-07-16T08:32:23.136+0000] {dagbag.py:540} INFO - Filling up the DagBag from /opt/airflow/dags/sdp_pipeline_dag.py
[2026-07-16T08:32:23.152+0000] {processor.py:840} INFO - DAG(s) 'e-commerce_kafka_streaming_pipeline_v1' retrieved from /opt/airflow/dags/sdp_pipeline_dag.py
[2026-07-16T08:32:23.174+0000] {logging_mixin.py:188} INFO - [2026-07-16T08:32:23.174+0000] {dag.py:3096} INFO - Sync 1 DAGs
[2026-07-16T08:32:23.193+0000] {logging_mixin.py:188} INFO - [2026-07-16T08:32:23.193+0000] {dag.py:3954} INFO - Setting next_dagrun for e-commerce_kafka_streaming_pipeline_v1 to 2026-07-16 07:00:00+00:00, run_after=2026-07-16 08:00:00+00:00
[2026-07-16T08:32:23.211+0000] {processor.py:183} INFO - Processing /opt/airflow/dags/sdp_pipeline_dag.py took 0.083 seconds
[2026-07-16T08:32:53.351+0000] {processor.py:161} INFO - Started process (PID=309) to work on /opt/airflow/dags/sdp_pipeline_dag.py
[2026-07-16T08:32:53.352+0000] {processor.py:830} INFO - Processing file /opt/airflow/dags/sdp_pipeline_dag.py for tasks to queue
[2026-07-16T08:32:53.354+0000] {logging_mixin.py:188} INFO - [2026-07-16T08:32:53.353+0000] {dagbag.py:540} INFO - Filling up the DagBag from /opt/airflow/dags/sdp_pipeline_dag.py
[2026-07-16T08:32:53.371+0000] {processor.py:840} INFO - DAG(s) 'e-commerce_kafka_streaming_pipeline_v1' retrieved from /opt/airflow/dags/sdp_pipeline_dag.py
[2026-07-16T08:32:53.394+0000] {logging_mixin.py:188} INFO - [2026-07-16T08:32:53.394+0000] {dag.py:3096} INFO - Sync 1 DAGs
[2026-07-16T08:32:53.414+0000] {logging_mixin.py:188} INFO - [2026-07-16T08:32:53.414+0000] {dag.py:3954} INFO - Setting next_dagrun for e-commerce_kafka_streaming_pipeline_v1 to 2026-07-16 07:00:00+00:00, run_after=2026-07-16 08:00:00+00:00
[2026-07-16T08:32:53.433+0000] {processor.py:183} INFO - Processing /opt/airflow/dags/sdp_pipeline_dag.py took 0.087 seconds
[2026-07-16T08:33:23.662+0000] {processor.py:161} INFO - Started process (PID=314) to work on /opt/airflow/dags/sdp_pipeline_dag.py
[2026-07-16T08:33:23.663+0000] {processor.py:830} INFO - Processing file /opt/airflow/dags/sdp_pipeline_dag.py for tasks to queue
[2026-07-16T08:33:23.664+0000] {logging_mixin.py:188} INFO - [2026-07-16T08:33:23.664+0000] {dagbag.py:540} INFO - Filling up the DagBag from /opt/airflow/dags/sdp_pipeline_dag.py
[2026-07-16T08:33:23.679+0000] {processor.py:840} INFO - DAG(s) 'e-commerce_kafka_streaming_pipeline_v1' retrieved from /opt/airflow/dags/sdp_pipeline_dag.py
[2026-07-16T08:33:23.702+0000] {logging_mixin.py:188} INFO - [2026-07-16T08:33:23.702+0000] {dag.py:3096} INFO - Sync 1 DAGs
[2026-07-16T08:33:23.727+0000] {logging_mixin.py:188} INFO - [2026-07-16T08:33:23.727+0000] {dag.py:3954} INFO - Setting next_dagrun for e-commerce_kafka_streaming_pipeline_v1 to 2026-07-16 07:00:00+00:00, run_after=2026-07-16 08:00:00+00:00
[2026-07-16T08:33:23.764+0000] {processor.py:183} INFO - Processing /opt/airflow/dags/sdp_pipeline_dag.py took 0.107 seconds
[2026-07-16T08:33:53.884+0000] {processor.py:161} INFO - Started process (PID=319) to work on /opt/airflow/dags/sdp_pipeline_dag.py
[2026-07-16T08:33:53.885+0000] {processor.py:830} INFO - Processing file /opt/airflow/dags/sdp_pipeline_dag.py for tasks to queue
[2026-07-16T08:33:53.888+0000] {logging_mixin.py:188} INFO - [2026-07-16T08:33:53.887+0000] {dagbag.py:540} INFO - Filling up the DagBag from /opt/airflow/dags/sdp_pipeline_dag.py
[2026-07-16T08:33:53.903+0000] {processor.py:840} INFO - DAG(s) 'e-commerce_kafka_streaming_pipeline_v1' retrieved from /opt/airflow/dags/sdp_pipeline_dag.py
[2026-07-16T08:33:53.930+0000] {logging_mixin.py:188} INFO - [2026-07-16T08:33:53.930+0000] {dag.py:3096} INFO - Sync 1 DAGs
[2026-07-16T08:33:53.949+0000] {logging_mixin.py:188} INFO - [2026-07-16T08:33:53.949+0000] {dag.py:3954} INFO - Setting next_dagrun for e-commerce_kafka_streaming_pipeline_v1 to 2026-07-16 07:00:00+00:00, run_after=2026-07-16 08:00:00+00:00
[2026-07-16T08:33:53.969+0000] {processor.py:183} INFO - Processing /opt/airflow/dags/sdp_pipeline_dag.py took 0.090 seconds
[2026-07-16T08:34:24.198+0000] {processor.py:161} INFO - Started process (PID=324) to work on /opt/airflow/dags/sdp_pipeline_dag.py
[2026-07-16T08:34:24.199+0000] {processor.py:830} INFO - Processing file /opt/airflow/dags/sdp_pipeline_dag.py for tasks to queue
[2026-07-16T08:34:24.202+0000] {logging_mixin.py:188} INFO - [2026-07-16T08:34:24.202+0000] {dagbag.py:540} INFO - Filling up the DagBag from /opt/airflow/dags/sdp_pipeline_dag.py
[2026-07-16T08:34:24.226+0000] {processor.py:840} INFO - DAG(s) 'e-commerce_kafka_streaming_pipeline_v1' retrieved from /opt/airflow/dags/sdp_pipeline_dag.py
[2026-07-16T08:34:24.255+0000] {logging_mixin.py:188} INFO - [2026-07-16T08:34:24.255+0000] {dag.py:3096} INFO - Sync 1 DAGs
[2026-07-16T08:34:24.298+0000] {logging_mixin.py:188} INFO - [2026-07-16T08:34:24.297+0000] {dag.py:3954} INFO - Setting next_dagrun for e-commerce_kafka_streaming_pipeline_v1 to 2026-07-16 07:00:00+00:00, run_after=2026-07-16 08:00:00+00:00
[2026-07-16T08:34:24.344+0000] {processor.py:183} INFO - Processing /opt/airflow/dags/sdp_pipeline_dag.py took 0.153 seconds
[2026-07-16T08:34:54.462+0000] {processor.py:161} INFO - Started process (PID=338) to work on /opt/airflow/dags/sdp_pipeline_dag.py
[2026-07-16T08:34:54.464+0000] {processor.py:830} INFO - Processing file /opt/airflow/dags/sdp_pipeline_dag.py for tasks to queue
[2026-07-16T08:34:54.467+0000] {logging_mixin.py:188} INFO - [2026-07-16T08:34:54.466+0000] {dagbag.py:540} INFO - Filling up the DagBag from /opt/airflow/dags/sdp_pipeline_dag.py
[2026-07-16T08:34:54.497+0000] {processor.py:840} INFO - DAG(s) 'e-commerce_kafka_streaming_pipeline_v1' retrieved from /opt/airflow/dags/sdp_pipeline_dag.py
[2026-07-16T08:34:54.534+0000] {logging_mixin.py:188} INFO - [2026-07-16T08:34:54.534+0000] {dag.py:3096} INFO - Sync 1 DAGs
[2026-07-16T08:34:54.568+0000] {logging_mixin.py:188} INFO - [2026-07-16T08:34:54.568+0000] {dag.py:3954} INFO - Setting next_dagrun for e-commerce_kafka_streaming_pipeline_v1 to 2026-07-16 08:00:00+00:00, run_after=2026-07-16 09:00:00+00:00
[2026-07-16T08:34:54.593+0000] {processor.py:183} INFO - Processing /opt/airflow/dags/sdp_pipeline_dag.py took 0.144 seconds
[2026-07-16T08:35:25.101+0000] {processor.py:161} INFO - Started process (PID=368) to work on /opt/airflow/dags/sdp_pipeline_dag.py
[2026-07-16T08:35:25.125+0000] {processor.py:830} INFO - Processing file /opt/airflow/dags/sdp_pipeline_dag.py for tasks to queue
[2026-07-16T08:35:25.146+0000] {logging_mixin.py:188} INFO - [2026-07-16T08:35:25.143+0000] {dagbag.py:540} INFO - Filling up the DagBag from /opt/airflow/dags/sdp_pipeline_dag.py
[2026-07-16T08:35:25.367+0000] {processor.py:840} INFO - DAG(s) 'e-commerce_kafka_streaming_pipeline_v1' retrieved from /opt/airflow/dags/sdp_pipeline_dag.py
[2026-07-16T08:35:25.809+0000] {logging_mixin.py:188} INFO - [2026-07-16T08:35:25.808+0000] {dag.py:3096} INFO - Sync 1 DAGs
[2026-07-16T08:35:26.068+0000] {logging_mixin.py:188} INFO - [2026-07-16T08:35:26.068+0000] {dag.py:3954} INFO - Setting next_dagrun for e-commerce_kafka_streaming_pipeline_v1 to 2026-07-16 08:00:00+00:00, run_after=2026-07-16 09:00:00+00:00
[2026-07-16T08:35:26.154+0000] {processor.py:183} INFO - Processing /opt/airflow/dags/sdp_pipeline_dag.py took 1.154 seconds
[2026-07-16T08:35:56.715+0000] {processor.py:161} INFO - Started process (PID=373) to work on /opt/airflow/dags/sdp_pipeline_dag.py
[2026-07-16T08:35:56.717+0000] {processor.py:830} INFO - Processing file /opt/airflow/dags/sdp_pipeline_dag.py for tasks to queue
[2026-07-16T08:35:56.735+0000] {logging_mixin.py:188} INFO - [2026-07-16T08:35:56.728+0000] {dagbag.py:540} INFO - Filling up the DagBag from /opt/airflow/dags/sdp_pipeline_dag.py
[2026-07-16T08:35:56.820+0000] {processor.py:840} INFO - DAG(s) 'e-commerce_kafka_streaming_pipeline_v1' retrieved from /opt/airflow/dags/sdp_pipeline_dag.py
[2026-07-16T08:35:56.966+0000] {logging_mixin.py:188} INFO - [2026-07-16T08:35:56.966+0000] {dag.py:3096} INFO - Sync 1 DAGs
[2026-07-16T08:35:57.122+0000] {logging_mixin.py:188} INFO - [2026-07-16T08:35:57.122+0000] {dag.py:3954} INFO - Setting next_dagrun for e-commerce_kafka_streaming_pipeline_v1 to 2026-07-16 08:00:00+00:00, run_after=2026-07-16 09:00:00+00:00
[2026-07-16T08:35:57.220+0000] {processor.py:183} INFO - Processing /opt/airflow/dags/sdp_pipeline_dag.py took 0.548 seconds
[2026-07-16T08:36:27.705+0000] {processor.py:161} INFO - Started process (PID=378) to work on /opt/airflow/dags/sdp_pipeline_dag.py
[2026-07-16T08:36:27.707+0000] {processor.py:830} INFO - Processing file /opt/airflow/dags/sdp_pipeline_dag.py for tasks to queue
[2026-07-16T08:36:27.712+0000] {logging_mixin.py:188} INFO - [2026-07-16T08:36:27.711+0000] {dagbag.py:540} INFO - Filling up the DagBag from /opt/airflow/dags/sdp_pipeline_dag.py
[2026-07-16T08:36:27.765+0000] {processor.py:840} INFO - DAG(s) 'e-commerce_kafka_streaming_pipeline_v1' retrieved from /opt/airflow/dags/sdp_pipeline_dag.py
[2026-07-16T08:36:27.870+0000] {logging_mixin.py:188} INFO - [2026-07-16T08:36:27.869+0000] {dag.py:3096} INFO - Sync 1 DAGs
[2026-07-16T08:36:27.919+0000] {logging_mixin.py:188} INFO - [2026-07-16T08:36:27.919+0000] {dag.py:3954} INFO - Setting next_dagrun for e-commerce_kafka_streaming_pipeline_v1 to 2026-07-16 08:00:00+00:00, run_after=2026-07-16 09:00:00+00:00
[2026-07-16T08:36:27.965+0000] {processor.py:183} INFO - Processing /opt/airflow/dags/sdp_pipeline_dag.py took 0.273 seconds
[2026-07-16T08:36:58.266+0000] {processor.py:161} INFO - Started process (PID=383) to work on /opt/airflow/dags/sdp_pipeline_dag.py
[2026-07-16T08:36:58.269+0000] {processor.py:830} INFO - Processing file /opt/airflow/dags/sdp_pipeline_dag.py for tasks to queue
[2026-07-16T08:36:58.273+0000] {logging_mixin.py:188} INFO - [2026-07-16T08:36:58.273+0000] {dagbag.py:540} INFO - Filling up the DagBag from /opt/airflow/dags/sdp_pipeline_dag.py
[2026-07-16T08:36:58.296+0000] {processor.py:840} INFO - DAG(s) 'e-commerce_kafka_streaming_pipeline_v1' retrieved from /opt/airflow/dags/sdp_pipeline_dag.py
[2026-07-16T08:36:58.353+0000] {logging_mixin.py:188} INFO - [2026-07-16T08:36:58.352+0000] {dag.py:3096} INFO - Sync 1 DAGs
[2026-07-16T08:36:58.394+0000] {logging_mixin.py:188} INFO - [2026-07-16T08:36:58.394+0000] {dag.py:3954} INFO - Setting next_dagrun for e-commerce_kafka_streaming_pipeline_v1 to 2026-07-16 08:00:00+00:00, run_after=2026-07-16 09:00:00+00:00
[2026-07-16T08:36:58.428+0000] {processor.py:183} INFO - Processing /opt/airflow/dags/sdp_pipeline_dag.py took 0.174 seconds
[2026-07-16T08:37:28.594+0000] {processor.py:161} INFO - Started process (PID=392) to work on /opt/airflow/dags/sdp_pipeline_dag.py
[2026-07-16T08:37:28.596+0000] {processor.py:830} INFO - Processing file /opt/airflow/dags/sdp_pipeline_dag.py for tasks to queue
[2026-07-16T08:37:28.599+0000] {logging_mixin.py:188} INFO - [2026-07-16T08:37:28.598+0000] {dagbag.py:540} INFO - Filling up the DagBag from /opt/airflow/dags/sdp_pipeline_dag.py
[2026-07-16T08:37:28.627+0000] {processor.py:840} INFO - DAG(s) 'e-commerce_kafka_streaming_pipeline_v1' retrieved from /opt/airflow/dags/sdp_pipeline_dag.py
[2026-07-16T08:37:28.658+0000] {logging_mixin.py:188} INFO - [2026-07-16T08:37:28.658+0000] {dag.py:3096} INFO - Sync 1 DAGs
[2026-07-16T08:37:28.685+0000] {logging_mixin.py:188} INFO - [2026-07-16T08:37:28.684+0000] {dag.py:3954} INFO - Setting next_dagrun for e-commerce_kafka_streaming_pipeline_v1 to 2026-07-16 08:00:00+00:00, run_after=2026-07-16 09:00:00+00:00
[2026-07-16T08:37:28.713+0000] {processor.py:183} INFO - Processing /opt/airflow/dags/sdp_pipeline_dag.py took 0.127 seconds
[2026-07-16T08:37:58.893+0000] {processor.py:161} INFO - Started process (PID=397) to work on /opt/airflow/dags/sdp_pipeline_dag.py
[2026-07-16T08:37:58.895+0000] {processor.py:830} INFO - Processing file /opt/airflow/dags/sdp_pipeline_dag.py for tasks to queue
[2026-07-16T08:37:58.899+0000] {logging_mixin.py:188} INFO - [2026-07-16T08:37:58.898+0000] {dagbag.py:540} INFO - Filling up the DagBag from /opt/airflow/dags/sdp_pipeline_dag.py
[2026-07-16T08:37:58.934+0000] {processor.py:840} INFO - DAG(s) 'e-commerce_kafka_streaming_pipeline_v1' retrieved from /opt/airflow/dags/sdp_pipeline_dag.py
[2026-07-16T08:37:58.970+0000] {logging_mixin.py:188} INFO - [2026-07-16T08:37:58.970+0000] {dag.py:3096} INFO - Sync 1 DAGs
[2026-07-16T08:37:59.007+0000] {logging_mixin.py:188} INFO - [2026-07-16T08:37:59.007+0000] {dag.py:3954} INFO - Setting next_dagrun for e-commerce_kafka_streaming_pipeline_v1 to 2026-07-16 08:00:00+00:00, run_after=2026-07-16 09:00:00+00:00
[2026-07-16T08:37:59.038+0000] {processor.py:183} INFO - Processing /opt/airflow/dags/sdp_pipeline_dag.py took 0.152 seconds
[2026-07-16T08:38:29.226+0000] {processor.py:161} INFO - Started process (PID=402) to work on /opt/airflow/dags/sdp_pipeline_dag.py
[2026-07-16T08:38:29.227+0000] {processor.py:830} INFO - Processing file /opt/airflow/dags/sdp_pipeline_dag.py for tasks to queue
[2026-07-16T08:38:29.230+0000] {logging_mixin.py:188} INFO - [2026-07-16T08:38:29.230+0000] {dagbag.py:540} INFO - Filling up the DagBag from /opt/airflow/dags/sdp_pipeline_dag.py
[2026-07-16T08:38:29.257+0000] {processor.py:840} INFO - DAG(s) 'e-commerce_kafka_streaming_pipeline_v1' retrieved from /opt/airflow/dags/sdp_pipeline_dag.py
[2026-07-16T08:38:29.291+0000] {logging_mixin.py:188} INFO - [2026-07-16T08:38:29.290+0000] {dag.py:3096} INFO - Sync 1 DAGs
[2026-07-16T08:38:29.328+0000] {logging_mixin.py:188} INFO - [2026-07-16T08:38:29.327+0000] {dag.py:3954} INFO - Setting next_dagrun for e-commerce_kafka_streaming_pipeline_v1 to 2026-07-16 08:00:00+00:00, run_after=2026-07-16 09:00:00+00:00
[2026-07-16T08:38:29.360+0000] {processor.py:183} INFO - Processing /opt/airflow/dags/sdp_pipeline_dag.py took 0.141 seconds
[2026-07-16T08:38:59.534+0000] {processor.py:161} INFO - Started process (PID=407) to work on /opt/airflow/dags/sdp_pipeline_dag.py
[2026-07-16T08:38:59.536+0000] {processor.py:830} INFO - Processing file /opt/airflow/dags/sdp_pipeline_dag.py for tasks to queue
[2026-07-16T08:38:59.539+0000] {logging_mixin.py:188} INFO - [2026-07-16T08:38:59.539+0000] {dagbag.py:540} INFO - Filling up the DagBag from /opt/airflow/dags/sdp_pipeline_dag.py
[2026-07-16T08:38:59.566+0000] {processor.py:840} INFO - DAG(s) 'e-commerce_kafka_streaming_pipeline_v1' retrieved from /opt/airflow/dags/sdp_pipeline_dag.py
[2026-07-16T08:38:59.612+0000] {logging_mixin.py:188} INFO - [2026-07-16T08:38:59.611+0000] {dag.py:3096} INFO - Sync 1 DAGs
[2026-07-16T08:38:59.664+0000] {logging_mixin.py:188} INFO - [2026-07-16T08:38:59.663+0000] {dag.py:3954} INFO - Setting next_dagrun for e-commerce_kafka_streaming_pipeline_v1 to 2026-07-16 08:00:00+00:00, run_after=2026-07-16 09:00:00+00:00
[2026-07-16T08:38:59.718+0000] {processor.py:183} INFO - Processing /opt/airflow/dags/sdp_pipeline_dag.py took 0.193 seconds
[2026-07-16T08:39:29.951+0000] {processor.py:161} INFO - Started process (PID=416) to work on /opt/airflow/dags/sdp_pipeline_dag.py
[2026-07-16T08:39:29.954+0000] {processor.py:830} INFO - Processing file /opt/airflow/dags/sdp_pipeline_dag.py for tasks to queue
[2026-07-16T08:39:29.958+0000] {logging_mixin.py:188} INFO - [2026-07-16T08:39:29.957+0000] {dagbag.py:540} INFO - Filling up the DagBag from /opt/airflow/dags/sdp_pipeline_dag.py
[2026-07-16T08:39:30.004+0000] {processor.py:840} INFO - DAG(s) 'e-commerce_kafka_streaming_pipeline_v1' retrieved from /opt/airflow/dags/sdp_pipeline_dag.py
[2026-07-16T08:39:30.056+0000] {logging_mixin.py:188} INFO - [2026-07-16T08:39:30.055+0000] {dag.py:3096} INFO - Sync 1 DAGs
[2026-07-16T08:39:30.100+0000] {logging_mixin.py:188} INFO - [2026-07-16T08:39:30.100+0000] {dag.py:3954} INFO - Setting next_dagrun for e-commerce_kafka_streaming_pipeline_v1 to 2026-07-16 08:00:00+00:00, run_after=2026-07-16 09:00:00+00:00
[2026-07-16T08:39:30.131+0000] {processor.py:183} INFO - Processing /opt/airflow/dags/sdp_pipeline_dag.py took 0.190 seconds
[2026-07-16T08:40:00.187+0000] {processor.py:161} INFO - Started process (PID=437) to work on /opt/airflow/dags/sdp_pipeline_dag.py
[2026-07-16T08:40:00.189+0000] {processor.py:830} INFO - Processing file /opt/airflow/dags/sdp_pipeline_dag.py for tasks to queue
[2026-07-16T08:40:00.193+0000] {logging_mixin.py:188} INFO - [2026-07-16T08:40:00.193+0000] {dagbag.py:540} INFO - Filling up the DagBag from /opt/airflow/dags/sdp_pipeline_dag.py
[2026-07-16T08:40:00.232+0000] {processor.py:840} INFO - DAG(s) 'e-commerce_kafka_streaming_pipeline_v1' retrieved from /opt/airflow/dags/sdp_pipeline_dag.py
[2026-07-16T08:40:00.284+0000] {logging_mixin.py:188} INFO - [2026-07-16T08:40:00.283+0000] {dag.py:3096} INFO - Sync 1 DAGs
[2026-07-16T08:40:00.333+0000] {logging_mixin.py:188} INFO - [2026-07-16T08:40:00.332+0000] {dag.py:3954} INFO - Setting next_dagrun for e-commerce_kafka_streaming_pipeline_v1 to 2026-07-16 08:00:00+00:00, run_after=2026-07-16 09:00:00+00:00
[2026-07-16T08:40:00.366+0000] {processor.py:183} INFO - Processing /opt/airflow/dags/sdp_pipeline_dag.py took 0.190 seconds
[2026-07-16T08:40:30.854+0000] {processor.py:161} INFO - Started process (PID=442) to work on /opt/airflow/dags/sdp_pipeline_dag.py
[2026-07-16T08:40:30.857+0000] {processor.py:830} INFO - Processing file /opt/airflow/dags/sdp_pipeline_dag.py for tasks to queue
[2026-07-16T08:40:30.864+0000] {logging_mixin.py:188} INFO - [2026-07-16T08:40:30.863+0000] {dagbag.py:540} INFO - Filling up the DagBag from /opt/airflow/dags/sdp_pipeline_dag.py
[2026-07-16T08:40:31.020+0000] {processor.py:840} INFO - DAG(s) 'e-commerce_kafka_streaming_pipeline_v1' retrieved from /opt/airflow/dags/sdp_pipeline_dag.py
[2026-07-16T08:40:31.151+0000] {logging_mixin.py:188} INFO - [2026-07-16T08:40:31.150+0000] {dag.py:3096} INFO - Sync 1 DAGs
[2026-07-16T08:40:31.235+0000] {logging_mixin.py:188} INFO - [2026-07-16T08:40:31.235+0000] {dag.py:3954} INFO - Setting next_dagrun for e-commerce_kafka_streaming_pipeline_v1 to 2026-07-16 08:00:00+00:00, run_after=2026-07-16 09:00:00+00:00
[2026-07-16T08:40:31.295+0000] {processor.py:183} INFO - Processing /opt/airflow/dags/sdp_pipeline_dag.py took 0.460 seconds
[2026-07-16T08:41:01.646+0000] {processor.py:161} INFO - Started process (PID=447) to work on /opt/airflow/dags/sdp_pipeline_dag.py
[2026-07-16T08:41:01.649+0000] {processor.py:830} INFO - Processing file /opt/airflow/dags/sdp_pipeline_dag.py for tasks to queue
[2026-07-16T08:41:01.652+0000] {logging_mixin.py:188} INFO - [2026-07-16T08:41:01.652+0000] {dagbag.py:540} INFO - Filling up the DagBag from /opt/airflow/dags/sdp_pipeline_dag.py
[2026-07-16T08:41:01.685+0000] {processor.py:840} INFO - DAG(s) 'e-commerce_kafka_streaming_pipeline_v1' retrieved from /opt/airflow/dags/sdp_pipeline_dag.py
[2026-07-16T08:41:01.732+0000] {logging_mixin.py:188} INFO - [2026-07-16T08:41:01.731+0000] {dag.py:3096} INFO - Sync 1 DAGs
[2026-07-16T08:41:01.761+0000] {logging_mixin.py:188} INFO - [2026-07-16T08:41:01.761+0000] {dag.py:3954} INFO - Setting next_dagrun for e-commerce_kafka_streaming_pipeline_v1 to 2026-07-16 08:00:00+00:00, run_after=2026-07-16 09:00:00+00:00
[2026-07-16T08:41:01.783+0000] {processor.py:183} INFO - Processing /opt/airflow/dags/sdp_pipeline_dag.py took 0.147 seconds
[2026-07-16T08:41:31.905+0000] {processor.py:161} INFO - Started process (PID=456) to work on /opt/airflow/dags/sdp_pipeline_dag.py
[2026-07-16T08:41:31.909+0000] {processor.py:830} INFO - Processing file /opt/airflow/dags/sdp_pipeline_dag.py for tasks to queue
[2026-07-16T08:41:31.913+0000] {logging_mixin.py:188} INFO - [2026-07-16T08:41:31.912+0000] {dagbag.py:540} INFO - Filling up the DagBag from /opt/airflow/dags/sdp_pipeline_dag.py
[2026-07-16T08:41:31.942+0000] {processor.py:840} INFO - DAG(s) 'e-commerce_kafka_streaming_pipeline_v1' retrieved from /opt/airflow/dags/sdp_pipeline_dag.py
[2026-07-16T08:41:31.983+0000] {logging_mixin.py:188} INFO - [2026-07-16T08:41:31.982+0000] {dag.py:3096} INFO - Sync 1 DAGs
[2026-07-16T08:41:32.046+0000] {logging_mixin.py:188} INFO - [2026-07-16T08:41:32.045+0000] {dag.py:3954} INFO - Setting next_dagrun for e-commerce_kafka_streaming_pipeline_v1 to 2026-07-16 08:00:00+00:00, run_after=2026-07-16 09:00:00+00:00
[2026-07-16T08:41:32.099+0000] {processor.py:183} INFO - Processing /opt/airflow/dags/sdp_pipeline_dag.py took 0.203 seconds
[2026-07-16T08:42:02.540+0000] {processor.py:161} INFO - Started process (PID=506) to work on /opt/airflow/dags/sdp_pipeline_dag.py
[2026-07-16T08:42:02.547+0000] {processor.py:830} INFO - Processing file /opt/airflow/dags/sdp_pipeline_dag.py for tasks to queue
[2026-07-16T08:42:02.557+0000] {logging_mixin.py:188} INFO - [2026-07-16T08:42:02.556+0000] {dagbag.py:540} INFO - Filling up the DagBag from /opt/airflow/dags/sdp_pipeline_dag.py
[2026-07-16T08:42:02.618+0000] {processor.py:840} INFO - DAG(s) 'e-commerce_kafka_streaming_pipeline_v1' retrieved from /opt/airflow/dags/sdp_pipeline_dag.py
[2026-07-16T08:42:02.755+0000] {logging_mixin.py:188} INFO - [2026-07-16T08:42:02.754+0000] {dag.py:3096} INFO - Sync 1 DAGs
[2026-07-16T08:42:02.825+0000] {logging_mixin.py:188} INFO - [2026-07-16T08:42:02.825+0000] {dag.py:3954} INFO - Setting next_dagrun for e-commerce_kafka_streaming_pipeline_v1 to 2026-07-16 08:00:00+00:00, run_after=2026-07-16 09:00:00+00:00
[2026-07-16T08:42:02.887+0000] {processor.py:183} INFO - Processing /opt/airflow/dags/sdp_pipeline_dag.py took 0.382 seconds
[2026-07-16T08:42:33.797+0000] {processor.py:161} INFO - Started process (PID=511) to work on /opt/airflow/dags/sdp_pipeline_dag.py
[2026-07-16T08:42:33.806+0000] {processor.py:830} INFO - Processing file /opt/airflow/dags/sdp_pipeline_dag.py for tasks to queue
[2026-07-16T08:42:33.948+0000] {logging_mixin.py:188} INFO - [2026-07-16T08:42:33.932+0000] {dagbag.py:540} INFO - Filling up the DagBag from /opt/airflow/dags/sdp_pipeline_dag.py
[2026-07-16T08:42:34.549+0000] {processor.py:840} INFO - DAG(s) 'e-commerce_kafka_streaming_pipeline_v1' retrieved from /opt/airflow/dags/sdp_pipeline_dag.py
[2026-07-16T08:42:34.924+0000] {logging_mixin.py:188} INFO - [2026-07-16T08:42:34.923+0000] {dag.py:3096} INFO - Sync 1 DAGs
[2026-07-16T08:42:35.226+0000] {logging_mixin.py:188} INFO - [2026-07-16T08:42:35.217+0000] {dag.py:3954} INFO - Setting next_dagrun for e-commerce_kafka_streaming_pipeline_v1 to 2026-07-16 08:00:00+00:00, run_after=2026-07-16 09:00:00+00:00
[2026-07-16T08:42:35.409+0000] {processor.py:183} INFO - Processing /opt/airflow/dags/sdp_pipeline_dag.py took 1.910 seconds
[2026-07-16T08:43:06.789+0000] {processor.py:161} INFO - Started process (PID=516) to work on /opt/airflow/dags/sdp_pipeline_dag.py
[2026-07-16T08:43:06.807+0000] {processor.py:830} INFO - Processing file /opt/airflow/dags/sdp_pipeline_dag.py for tasks to queue
[2026-07-16T08:43:06.832+0000] {logging_mixin.py:188} INFO - [2026-07-16T08:43:06.823+0000] {dagbag.py:540} INFO - Filling up the DagBag from /opt/airflow/dags/sdp_pipeline_dag.py
[2026-07-16T08:43:07.069+0000] {processor.py:840} INFO - DAG(s) 'e-commerce_kafka_streaming_pipeline_v1' retrieved from /opt/airflow/dags/sdp_pipeline_dag.py
[2026-07-16T08:43:08.775+0000] {logging_mixin.py:188} INFO - [2026-07-16T08:43:08.722+0000] {dag.py:3096} INFO - Sync 1 DAGs
[2026-07-16T08:43:09.252+0000] {logging_mixin.py:188} INFO - [2026-07-16T08:43:09.218+0000] {dag.py:3954} INFO - Setting next_dagrun for e-commerce_kafka_streaming_pipeline_v1 to 2026-07-16 08:00:00+00:00, run_after=2026-07-16 09:00:00+00:00
[2026-07-16T08:43:09.781+0000] {processor.py:183} INFO - Processing /opt/airflow/dags/sdp_pipeline_dag.py took 3.338 seconds
[2026-07-16T08:43:41.799+0000] {processor.py:161} INFO - Started process (PID=521) to work on /opt/airflow/dags/sdp_pipeline_dag.py
[2026-07-16T08:43:42.035+0000] {processor.py:830} INFO - Processing file /opt/airflow/dags/sdp_pipeline_dag.py for tasks to queue
[2026-07-16T08:43:43.322+0000] {logging_mixin.py:188} INFO - [2026-07-16T08:43:42.556+0000] {dagbag.py:540} INFO - Filling up the DagBag from /opt/airflow/dags/sdp_pipeline_dag.py
[2026-07-16T08:43:45.121+0000] {processor.py:840} INFO - DAG(s) 'e-commerce_kafka_streaming_pipeline_v1' retrieved from /opt/airflow/dags/sdp_pipeline_dag.py
[2026-07-16T08:44:11.770+0000] {logging_mixin.py:188} INFO - [2026-07-16T08:44:11.768+0000] {dag.py:3096} INFO - Sync 1 DAGs
[2026-07-16T08:44:12.394+0000] {logging_mixin.py:188} INFO - [2026-07-16T08:44:12.392+0000] {dag.py:3954} INFO - Setting next_dagrun for e-commerce_kafka_streaming_pipeline_v1 to 2026-07-16 08:00:00+00:00, run_after=2026-07-16 09:00:00+00:00
[2026-07-16T08:44:12.792+0000] {processor.py:183} INFO - Processing /opt/airflow/dags/sdp_pipeline_dag.py took 31.644 seconds
[2026-07-16T08:44:43.571+0000] {processor.py:161} INFO - Started process (PID=529) to work on /opt/airflow/dags/sdp_pipeline_dag.py
[2026-07-16T08:44:43.575+0000] {processor.py:830} INFO - Processing file /opt/airflow/dags/sdp_pipeline_dag.py for tasks to queue
[2026-07-16T08:44:43.607+0000] {logging_mixin.py:188} INFO - [2026-07-16T08:44:43.602+0000] {dagbag.py:540} INFO - Filling up the DagBag from /opt/airflow/dags/sdp_pipeline_dag.py
[2026-07-16T08:44:43.740+0000] {processor.py:840} INFO - DAG(s) 'e-commerce_kafka_streaming_pipeline_v1' retrieved from /opt/airflow/dags/sdp_pipeline_dag.py
[2026-07-16T08:44:43.779+0000] {logging_mixin.py:188} INFO - [2026-07-16T08:44:43.779+0000] {dag.py:3096} INFO - Sync 1 DAGs
[2026-07-16T08:44:43.810+0000] {logging_mixin.py:188} INFO - [2026-07-16T08:44:43.810+0000] {dag.py:3954} INFO - Setting next_dagrun for e-commerce_kafka_streaming_pipeline_v1 to 2026-07-16 08:00:00+00:00, run_after=2026-07-16 09:00:00+00:00
[2026-07-16T08:44:43.839+0000] {processor.py:183} INFO - Processing /opt/airflow/dags/sdp_pipeline_dag.py took 0.368 seconds
[2026-07-16T08:45:14.072+0000] {processor.py:161} INFO - Started process (PID=534) to work on /opt/airflow/dags/sdp_pipeline_dag.py
[2026-07-16T08:45:14.074+0000] {processor.py:830} INFO - Processing file /opt/airflow/dags/sdp_pipeline_dag.py for tasks to queue
[2026-07-16T08:45:14.076+0000] {logging_mixin.py:188} INFO - [2026-07-16T08:45:14.076+0000] {dagbag.py:540} INFO - Filling up the DagBag from /opt/airflow/dags/sdp_pipeline_dag.py
[2026-07-16T08:45:14.105+0000] {processor.py:840} INFO - DAG(s) 'e-commerce_kafka_streaming_pipeline_v1' retrieved from /opt/airflow/dags/sdp_pipeline_dag.py
[2026-07-16T08:45:14.136+0000] {logging_mixin.py:188} INFO - [2026-07-16T08:45:14.136+0000] {dag.py:3096} INFO - Sync 1 DAGs
[2026-07-16T08:45:14.162+0000] {logging_mixin.py:188} INFO - [2026-07-16T08:45:14.162+0000] {dag.py:3954} INFO - Setting next_dagrun for e-commerce_kafka_streaming_pipeline_v1 to 2026-07-16 08:00:00+00:00, run_after=2026-07-16 09:00:00+00:00
[2026-07-16T08:45:14.189+0000] {processor.py:183} INFO - Processing /opt/airflow/dags/sdp_pipeline_dag.py took 0.124 seconds
[2026-07-16T08:45:44.326+0000] {processor.py:161} INFO - Started process (PID=539) to work on /opt/airflow/dags/sdp_pipeline_dag.py
[2026-07-16T08:45:44.328+0000] {processor.py:830} INFO - Processing file /opt/airflow/dags/sdp_pipeline_dag.py for tasks to queue
[2026-07-16T08:45:44.332+0000] {logging_mixin.py:188} INFO - [2026-07-16T08:45:44.332+0000] {dagbag.py:540} INFO - Filling up the DagBag from /opt/airflow/dags/sdp_pipeline_dag.py
[2026-07-16T08:45:44.365+0000] {processor.py:840} INFO - DAG(s) 'e-commerce_kafka_streaming_pipeline_v1' retrieved from /opt/airflow/dags/sdp_pipeline_dag.py
[2026-07-16T08:45:44.403+0000] {logging_mixin.py:188} INFO - [2026-07-16T08:45:44.403+0000] {dag.py:3096} INFO - Sync 1 DAGs
[2026-07-16T08:45:44.436+0000] {logging_mixin.py:188} INFO - [2026-07-16T08:45:44.435+0000] {dag.py:3954} INFO - Setting next_dagrun for e-commerce_kafka_streaming_pipeline_v1 to 2026-07-16 08:00:00+00:00, run_after=2026-07-16 09:00:00+00:00
[2026-07-16T08:45:44.467+0000] {processor.py:183} INFO - Processing /opt/airflow/dags/sdp_pipeline_dag.py took 0.151 seconds
[2026-07-16T08:46:14.583+0000] {processor.py:161} INFO - Started process (PID=548) to work on /opt/airflow/dags/sdp_pipeline_dag.py
[2026-07-16T08:46:14.585+0000] {processor.py:830} INFO - Processing file /opt/airflow/dags/sdp_pipeline_dag.py for tasks to queue
[2026-07-16T08:46:14.588+0000] {logging_mixin.py:188} INFO - [2026-07-16T08:46:14.588+0000] {dagbag.py:540} INFO - Filling up the DagBag from /opt/airflow/dags/sdp_pipeline_dag.py
[2026-07-16T08:46:14.616+0000] {processor.py:840} INFO - DAG(s) 'e-commerce_kafka_streaming_pipeline_v1' retrieved from /opt/airflow/dags/sdp_pipeline_dag.py
[2026-07-16T08:46:14.660+0000] {logging_mixin.py:188} INFO - [2026-07-16T08:46:14.660+0000] {dag.py:3096} INFO - Sync 1 DAGs
[2026-07-16T08:46:14.701+0000] {logging_mixin.py:188} INFO - [2026-07-16T08:46:14.700+0000] {dag.py:3954} INFO - Setting next_dagrun for e-commerce_kafka_streaming_pipeline_v1 to 2026-07-16 08:00:00+00:00, run_after=2026-07-16 09:00:00+00:00
[2026-07-16T08:46:14.736+0000] {processor.py:183} INFO - Processing /opt/airflow/dags/sdp_pipeline_dag.py took 0.162 seconds
[2026-07-16T08:46:45.398+0000] {processor.py:161} INFO - Started process (PID=587) to work on /opt/airflow/dags/sdp_pipeline_dag.py
[2026-07-16T08:46:45.402+0000] {processor.py:830} INFO - Processing file /opt/airflow/dags/sdp_pipeline_dag.py for tasks to queue
[2026-07-16T08:46:45.413+0000] {logging_mixin.py:188} INFO - [2026-07-16T08:46:45.407+0000] {dagbag.py:540} INFO - Filling up the DagBag from /opt/airflow/dags/sdp_pipeline_dag.py
[2026-07-16T08:46:45.538+0000] {processor.py:840} INFO - DAG(s) 'e-commerce_kafka_streaming_pipeline_v1' retrieved from /opt/airflow/dags/sdp_pipeline_dag.py
[2026-07-16T08:46:45.668+0000] {logging_mixin.py:188} INFO - [2026-07-16T08:46:45.667+0000] {dag.py:3096} INFO - Sync 1 DAGs
[2026-07-16T08:46:45.800+0000] {logging_mixin.py:188} INFO - [2026-07-16T08:46:45.800+0000] {dag.py:3954} INFO - Setting next_dagrun for e-commerce_kafka_streaming_pipeline_v1 to 2026-07-16 08:00:00+00:00, run_after=2026-07-16 09:00:00+00:00
[2026-07-16T08:46:45.943+0000] {processor.py:183} INFO - Processing /opt/airflow/dags/sdp_pipeline_dag.py took 0.583 seconds
[2026-07-16T08:47:17.136+0000] {processor.py:161} INFO - Started process (PID=592) to work on /opt/airflow/dags/sdp_pipeline_dag.py
[2026-07-16T08:47:17.145+0000] {processor.py:830} INFO - Processing file /opt/airflow/dags/sdp_pipeline_dag.py for tasks to queue
[2026-07-16T08:47:17.168+0000] {logging_mixin.py:188} INFO - [2026-07-16T08:47:17.161+0000] {dagbag.py:540} INFO - Filling up the DagBag from /opt/airflow/dags/sdp_pipeline_dag.py
[2026-07-16T08:47:17.446+0000] {processor.py:840} INFO - DAG(s) 'e-commerce_kafka_streaming_pipeline_v1' retrieved from /opt/airflow/dags/sdp_pipeline_dag.py
[2026-07-16T08:47:17.614+0000] {logging_mixin.py:188} INFO - [2026-07-16T08:47:17.613+0000] {dag.py:3096} INFO - Sync 1 DAGs
[2026-07-16T08:47:17.711+0000] {logging_mixin.py:188} INFO - [2026-07-16T08:47:17.711+0000] {dag.py:3954} INFO - Setting next_dagrun for e-commerce_kafka_streaming_pipeline_v1 to 2026-07-16 08:00:00+00:00, run_after=2026-07-16 09:00:00+00:00
[2026-07-16T08:47:17.813+0000] {processor.py:183} INFO - Processing /opt/airflow/dags/sdp_pipeline_dag.py took 0.741 seconds
[2026-07-16T08:47:50.787+0000] {processor.py:161} INFO - Started process (PID=597) to work on /opt/airflow/dags/sdp_pipeline_dag.py
[2026-07-16T08:47:50.991+0000] {processor.py:830} INFO - Processing file /opt/airflow/dags/sdp_pipeline_dag.py for tasks to queue
[2026-07-16T08:47:52.151+0000] {logging_mixin.py:188} INFO - [2026-07-16T08:47:51.546+0000] {dagbag.py:540} INFO - Filling up the DagBag from /opt/airflow/dags/sdp_pipeline_dag.py
[2026-07-16T08:47:57.374+0000] {processor.py:840} INFO - DAG(s) 'e-commerce_kafka_streaming_pipeline_v1' retrieved from /opt/airflow/dags/sdp_pipeline_dag.py
[2026-07-16T08:49:59.829+0000] {processor.py:161} INFO - Started process (PID=603) to work on /opt/airflow/dags/sdp_pipeline_dag.py
[2026-07-16T08:49:59.833+0000] {processor.py:830} INFO - Processing file /opt/airflow/dags/sdp_pipeline_dag.py for tasks to queue
[2026-07-16T08:49:59.875+0000] {logging_mixin.py:188} INFO - [2026-07-16T08:49:59.869+0000] {dagbag.py:540} INFO - Filling up the DagBag from /opt/airflow/dags/sdp_pipeline_dag.py
[2026-07-16T08:50:00.090+0000] {processor.py:840} INFO - DAG(s) 'e-commerce_kafka_streaming_pipeline_v1' retrieved from /opt/airflow/dags/sdp_pipeline_dag.py
[2026-07-16T08:50:00.327+0000] {logging_mixin.py:188} INFO - [2026-07-16T08:50:00.327+0000] {dag.py:3096} INFO - Sync 1 DAGs
[2026-07-16T08:50:00.503+0000] {logging_mixin.py:188} INFO - [2026-07-16T08:50:00.503+0000] {dag.py:3954} INFO - Setting next_dagrun for e-commerce_kafka_streaming_pipeline_v1 to 2026-07-16 08:00:00+00:00, run_after=2026-07-16 09:00:00+00:00
[2026-07-16T08:50:00.589+0000] {processor.py:183} INFO - Processing /opt/airflow/dags/sdp_pipeline_dag.py took 0.863 seconds
[2026-07-16T08:50:30.896+0000] {processor.py:161} INFO - Started process (PID=608) to work on /opt/airflow/dags/sdp_pipeline_dag.py
[2026-07-16T08:50:30.899+0000] {processor.py:830} INFO - Processing file /opt/airflow/dags/sdp_pipeline_dag.py for tasks to queue
[2026-07-16T08:50:30.903+0000] {logging_mixin.py:188} INFO - [2026-07-16T08:50:30.903+0000] {dagbag.py:540} INFO - Filling up the DagBag from /opt/airflow/dags/sdp_pipeline_dag.py
[2026-07-16T08:50:30.944+0000] {processor.py:840} INFO - DAG(s) 'e-commerce_kafka_streaming_pipeline_v1' retrieved from /opt/airflow/dags/sdp_pipeline_dag.py
[2026-07-16T08:50:31.010+0000] {logging_mixin.py:188} INFO - [2026-07-16T08:50:31.009+0000] {dag.py:3096} INFO - Sync 1 DAGs
[2026-07-16T08:50:31.068+0000] {logging_mixin.py:188} INFO - [2026-07-16T08:50:31.064+0000] {dag.py:3954} INFO - Setting next_dagrun for e-commerce_kafka_streaming_pipeline_v1 to 2026-07-16 08:00:00+00:00, run_after=2026-07-16 09:00:00+00:00
[2026-07-16T08:50:31.103+0000] {processor.py:183} INFO - Processing /opt/airflow/dags/sdp_pipeline_dag.py took 0.217 seconds
[2026-07-16T08:51:01.369+0000] {processor.py:161} INFO - Started process (PID=613) to work on /opt/airflow/dags/sdp_pipeline_dag.py
[2026-07-16T08:51:01.372+0000] {processor.py:830} INFO - Processing file /opt/airflow/dags/sdp_pipeline_dag.py for tasks to queue
[2026-07-16T08:51:01.377+0000] {logging_mixin.py:188} INFO - [2026-07-16T08:51:01.376+0000] {dagbag.py:540} INFO - Filling up the DagBag from /opt/airflow/dags/sdp_pipeline_dag.py
[2026-07-16T08:51:01.408+0000] {processor.py:840} INFO - DAG(s) 'e-commerce_kafka_streaming_pipeline_v1' retrieved from /opt/airflow/dags/sdp_pipeline_dag.py
[2026-07-16T08:51:01.445+0000] {logging_mixin.py:188} INFO - [2026-07-16T08:51:01.445+0000] {dag.py:3096} INFO - Sync 1 DAGs
[2026-07-16T08:51:01.474+0000] {logging_mixin.py:188} INFO - [2026-07-16T08:51:01.473+0000] {dag.py:3954} INFO - Setting next_dagrun for e-commerce_kafka_streaming_pipeline_v1 to 2026-07-16 08:00:00+00:00, run_after=2026-07-16 09:00:00+00:00
[2026-07-16T08:51:01.497+0000] {processor.py:183} INFO - Processing /opt/airflow/dags/sdp_pipeline_dag.py took 0.137 seconds
[2026-07-16T08:51:31.640+0000] {processor.py:161} INFO - Started process (PID=618) to work on /opt/airflow/dags/sdp_pipeline_dag.py
[2026-07-16T08:51:31.642+0000] {processor.py:830} INFO - Processing file /opt/airflow/dags/sdp_pipeline_dag.py for tasks to queue
[2026-07-16T08:51:31.645+0000] {logging_mixin.py:188} INFO - [2026-07-16T08:51:31.645+0000] {dagbag.py:540} INFO - Filling up the DagBag from /opt/airflow/dags/sdp_pipeline_dag.py
[2026-07-16T08:51:31.673+0000] {processor.py:840} INFO - DAG(s) 'e-commerce_kafka_streaming_pipeline_v1' retrieved from /opt/airflow/dags/sdp_pipeline_dag.py
[2026-07-16T08:51:31.710+0000] {logging_mixin.py:188} INFO - [2026-07-16T08:51:31.710+0000] {dag.py:3096} INFO - Sync 1 DAGs
[2026-07-16T08:51:31.740+0000] {logging_mixin.py:188} INFO - [2026-07-16T08:51:31.740+0000] {dag.py:3954} INFO - Setting next_dagrun for e-commerce_kafka_streaming_pipeline_v1 to 2026-07-16 08:00:00+00:00, run_after=2026-07-16 09:00:00+00:00
[2026-07-16T08:51:31.766+0000] {processor.py:183} INFO - Processing /opt/airflow/dags/sdp_pipeline_dag.py took 0.133 seconds
[2026-07-16T08:52:02.073+0000] {processor.py:161} INFO - Started process (PID=623) to work on /opt/airflow/dags/sdp_pipeline_dag.py
[2026-07-16T08:52:02.075+0000] {processor.py:830} INFO - Processing file /opt/airflow/dags/sdp_pipeline_dag.py for tasks to queue
[2026-07-16T08:52:02.079+0000] {logging_mixin.py:188} INFO - [2026-07-16T08:52:02.078+0000] {dagbag.py:540} INFO - Filling up the DagBag from /opt/airflow/dags/sdp_pipeline_dag.py
[2026-07-16T08:52:02.129+0000] {processor.py:840} INFO - DAG(s) 'e-commerce_kafka_streaming_pipeline_v1' retrieved from /opt/airflow/dags/sdp_pipeline_dag.py
[2026-07-16T08:52:02.162+0000] {logging_mixin.py:188} INFO - [2026-07-16T08:52:02.162+0000] {dag.py:3096} INFO - Sync 1 DAGs
[2026-07-16T08:52:02.186+0000] {logging_mixin.py:188} INFO - [2026-07-16T08:52:02.186+0000] {dag.py:3954} INFO - Setting next_dagrun for e-commerce_kafka_streaming_pipeline_v1 to 2026-07-16 08:00:00+00:00, run_after=2026-07-16 09:00:00+00:00
[2026-07-16T08:52:02.209+0000] {processor.py:183} INFO - Processing /opt/airflow/dags/sdp_pipeline_dag.py took 0.149 seconds
[2026-07-16T08:52:32.466+0000] {processor.py:161} INFO - Started process (PID=628) to work on /opt/airflow/dags/sdp_pipeline_dag.py
[2026-07-16T08:52:32.469+0000] {processor.py:830} INFO - Processing file /opt/airflow/dags/sdp_pipeline_dag.py for tasks to queue
[2026-07-16T08:52:32.474+0000] {logging_mixin.py:188} INFO - [2026-07-16T08:52:32.473+0000] {dagbag.py:540} INFO - Filling up the DagBag from /opt/airflow/dags/sdp_pipeline_dag.py
[2026-07-16T08:52:32.510+0000] {processor.py:840} INFO - DAG(s) 'e-commerce_kafka_streaming_pipeline_v1' retrieved from /opt/airflow/dags/sdp_pipeline_dag.py
[2026-07-16T08:52:32.583+0000] {logging_mixin.py:188} INFO - [2026-07-16T08:52:32.582+0000] {dag.py:3096} INFO - Sync 1 DAGs
[2026-07-16T08:52:32.616+0000] {logging_mixin.py:188} INFO - [2026-07-16T08:52:32.616+0000] {dag.py:3954} INFO - Setting next_dagrun for e-commerce_kafka_streaming_pipeline_v1 to 2026-07-16 08:00:00+00:00, run_after=2026-07-16 09:00:00+00:00
[2026-07-16T08:52:32.639+0000] {processor.py:183} INFO - Processing /opt/airflow/dags/sdp_pipeline_dag.py took 0.181 seconds
[2026-07-16T08:53:02.772+0000] {processor.py:161} INFO - Started process (PID=633) to work on /opt/airflow/dags/sdp_pipeline_dag.py
[2026-07-16T08:53:02.774+0000] {processor.py:830} INFO - Processing file /opt/airflow/dags/sdp_pipeline_dag.py for tasks to queue
[2026-07-16T08:53:02.777+0000] {logging_mixin.py:188} INFO - [2026-07-16T08:53:02.776+0000] {dagbag.py:540} INFO - Filling up the DagBag from /opt/airflow/dags/sdp_pipeline_dag.py
[2026-07-16T08:53:02.801+0000] {processor.py:840} INFO - DAG(s) 'e-commerce_kafka_streaming_pipeline_v1' retrieved from /opt/airflow/dags/sdp_pipeline_dag.py
[2026-07-16T08:53:02.832+0000] {logging_mixin.py:188} INFO - [2026-07-16T08:53:02.831+0000] {dag.py:3096} INFO - Sync 1 DAGs
[2026-07-16T08:53:02.853+0000] {logging_mixin.py:188} INFO - [2026-07-16T08:53:02.853+0000] {dag.py:3954} INFO - Setting next_dagrun for e-commerce_kafka_streaming_pipeline_v1 to 2026-07-16 08:00:00+00:00, run_after=2026-07-16 09:00:00+00:00
[2026-07-16T08:53:02.872+0000] {processor.py:183} INFO - Processing /opt/airflow/dags/sdp_pipeline_dag.py took 0.107 seconds
[2026-07-16T08:53:33.042+0000] {processor.py:161} INFO - Started process (PID=638) to work on /opt/airflow/dags/sdp_pipeline_dag.py
[2026-07-16T08:53:33.044+0000] {processor.py:830} INFO - Processing file /opt/airflow/dags/sdp_pipeline_dag.py for tasks to queue
[2026-07-16T08:53:33.047+0000] {logging_mixin.py:188} INFO - [2026-07-16T08:53:33.047+0000] {dagbag.py:540} INFO - Filling up the DagBag from /opt/airflow/dags/sdp_pipeline_dag.py
[2026-07-16T08:53:33.073+0000] {processor.py:840} INFO - DAG(s) 'e-commerce_kafka_streaming_pipeline_v1' retrieved from /opt/airflow/dags/sdp_pipeline_dag.py
[2026-07-16T08:53:33.114+0000] {logging_mixin.py:188} INFO - [2026-07-16T08:53:33.114+0000] {dag.py:3096} INFO - Sync 1 DAGs
[2026-07-16T08:53:33.170+0000] {logging_mixin.py:188} INFO - [2026-07-16T08:53:33.170+0000] {dag.py:3954} INFO - Setting next_dagrun for e-commerce_kafka_streaming_pipeline_v1 to 2026-07-16 08:00:00+00:00, run_after=2026-07-16 09:00:00+00:00
[2026-07-16T08:53:33.195+0000] {processor.py:183} INFO - Processing /opt/airflow/dags/sdp_pipeline_dag.py took 0.162 seconds
[2026-07-16T08:54:03.399+0000] {processor.py:161} INFO - Started process (PID=643) to work on /opt/airflow/dags/sdp_pipeline_dag.py
[2026-07-16T08:54:03.401+0000] {processor.py:830} INFO - Processing file /opt/airflow/dags/sdp_pipeline_dag.py for tasks to queue
[2026-07-16T08:54:03.405+0000] {logging_mixin.py:188} INFO - [2026-07-16T08:54:03.404+0000] {dagbag.py:540} INFO - Filling up the DagBag from /opt/airflow/dags/sdp_pipeline_dag.py
[2026-07-16T08:54:03.441+0000] {processor.py:840} INFO - DAG(s) 'e-commerce_kafka_streaming_pipeline_v1' retrieved from /opt/airflow/dags/sdp_pipeline_dag.py
[2026-07-16T08:54:03.486+0000] {logging_mixin.py:188} INFO - [2026-07-16T08:54:03.486+0000] {dag.py:3096} INFO - Sync 1 DAGs
[2026-07-16T08:54:03.518+0000] {logging_mixin.py:188} INFO - [2026-07-16T08:54:03.518+0000] {dag.py:3954} INFO - Setting next_dagrun for e-commerce_kafka_streaming_pipeline_v1 to 2026-07-16 08:00:00+00:00, run_after=2026-07-16 09:00:00+00:00
[2026-07-16T08:54:03.546+0000] {processor.py:183} INFO - Processing /opt/airflow/dags/sdp_pipeline_dag.py took 0.157 seconds
[2026-07-16T08:54:33.727+0000] {processor.py:161} INFO - Started process (PID=653) to work on /opt/airflow/dags/sdp_pipeline_dag.py
[2026-07-16T08:54:33.730+0000] {processor.py:830} INFO - Processing file /opt/airflow/dags/sdp_pipeline_dag.py for tasks to queue
[2026-07-16T08:54:33.735+0000] {logging_mixin.py:188} INFO - [2026-07-16T08:54:33.734+0000] {dagbag.py:540} INFO - Filling up the DagBag from /opt/airflow/dags/sdp_pipeline_dag.py
[2026-07-16T08:54:33.774+0000] {processor.py:840} INFO - DAG(s) 'e-commerce_kafka_streaming_pipeline_v1' retrieved from /opt/airflow/dags/sdp_pipeline_dag.py
[2026-07-16T08:54:33.809+0000] {logging_mixin.py:188} INFO - [2026-07-16T08:54:33.809+0000] {dag.py:3096} INFO - Sync 1 DAGs
[2026-07-16T08:54:33.840+0000] {logging_mixin.py:188} INFO - [2026-07-16T08:54:33.840+0000] {dag.py:3954} INFO - Setting next_dagrun for e-commerce_kafka_streaming_pipeline_v1 to 2026-07-16 08:00:00+00:00, run_after=2026-07-16 09:00:00+00:00
[2026-07-16T08:54:33.861+0000] {processor.py:183} INFO - Processing /opt/airflow/dags/sdp_pipeline_dag.py took 0.145 seconds
[2026-07-16T08:55:04.184+0000] {processor.py:161} INFO - Started process (PID=670) to work on /opt/airflow/dags/sdp_pipeline_dag.py
[2026-07-16T08:55:04.188+0000] {processor.py:830} INFO - Processing file /opt/airflow/dags/sdp_pipeline_dag.py for tasks to queue
[2026-07-16T08:55:04.200+0000] {logging_mixin.py:188} INFO - [2026-07-16T08:55:04.198+0000] {dagbag.py:540} INFO - Filling up the DagBag from /opt/airflow/dags/sdp_pipeline_dag.py
[2026-07-16T08:55:04.280+0000] {processor.py:840} INFO - DAG(s) 'e-commerce_kafka_streaming_pipeline_v1' retrieved from /opt/airflow/dags/sdp_pipeline_dag.py
[2026-07-16T08:55:04.394+0000] {logging_mixin.py:188} INFO - [2026-07-16T08:55:04.394+0000] {dag.py:3096} INFO - Sync 1 DAGs
[2026-07-16T08:55:04.501+0000] {logging_mixin.py:188} INFO - [2026-07-16T08:55:04.501+0000] {dag.py:3954} INFO - Setting next_dagrun for e-commerce_kafka_streaming_pipeline_v1 to 2026-07-16 08:00:00+00:00, run_after=2026-07-16 09:00:00+00:00
[2026-07-16T08:55:04.569+0000] {processor.py:183} INFO - Processing /opt/airflow/dags/sdp_pipeline_dag.py took 0.426 seconds
[2026-07-16T08:55:34.959+0000] {processor.py:161} INFO - Started process (PID=675) to work on /opt/airflow/dags/sdp_pipeline_dag.py
[2026-07-16T08:55:34.961+0000] {processor.py:830} INFO - Processing file /opt/airflow/dags/sdp_pipeline_dag.py for tasks to queue
[2026-07-16T08:55:34.964+0000] {logging_mixin.py:188} INFO - [2026-07-16T08:55:34.964+0000] {dagbag.py:540} INFO - Filling up the DagBag from /opt/airflow/dags/sdp_pipeline_dag.py
[2026-07-16T08:55:34.999+0000] {processor.py:840} INFO - DAG(s) 'e-commerce_kafka_streaming_pipeline_v1' retrieved from /opt/airflow/dags/sdp_pipeline_dag.py
[2026-07-16T08:55:35.043+0000] {logging_mixin.py:188} INFO - [2026-07-16T08:55:35.043+0000] {dag.py:3096} INFO - Sync 1 DAGs
[2026-07-16T08:55:35.079+0000] {logging_mixin.py:188} INFO - [2026-07-16T08:55:35.079+0000] {dag.py:3954} INFO - Setting next_dagrun for e-commerce_kafka_streaming_pipeline_v1 to 2026-07-16 08:00:00+00:00, run_after=2026-07-16 09:00:00+00:00
[2026-07-16T08:55:35.105+0000] {processor.py:183} INFO - Processing /opt/airflow/dags/sdp_pipeline_dag.py took 0.159 seconds
[2026-07-16T08:56:05.206+0000] {processor.py:161} INFO - Started process (PID=680) to work on /opt/airflow/dags/sdp_pipeline_dag.py
[2026-07-16T08:56:05.208+0000] {processor.py:830} INFO - Processing file /opt/airflow/dags/sdp_pipeline_dag.py for tasks to queue
[2026-07-16T08:56:05.213+0000] {logging_mixin.py:188} INFO - [2026-07-16T08:56:05.212+0000] {dagbag.py:540} INFO - Filling up the DagBag from /opt/airflow/dags/sdp_pipeline_dag.py
[2026-07-16T08:56:05.242+0000] {processor.py:840} INFO - DAG(s) 'e-commerce_kafka_streaming_pipeline_v1' retrieved from /opt/airflow/dags/sdp_pipeline_dag.py
[2026-07-16T08:56:05.276+0000] {logging_mixin.py:188} INFO - [2026-07-16T08:56:05.276+0000] {dag.py:3096} INFO - Sync 1 DAGs
[2026-07-16T08:56:05.306+0000] {logging_mixin.py:188} INFO - [2026-07-16T08:56:05.306+0000] {dag.py:3954} INFO - Setting next_dagrun for e-commerce_kafka_streaming_pipeline_v1 to 2026-07-16 08:00:00+00:00, run_after=2026-07-16 09:00:00+00:00
[2026-07-16T08:56:05.329+0000] {processor.py:183} INFO - Processing /opt/airflow/dags/sdp_pipeline_dag.py took 0.132 seconds
[2026-07-16T08:56:31.623+0000] {processor.py:161} INFO - Started process (PID=701) to work on /opt/airflow/dags/sdp_pipeline_dag.py
[2026-07-16T08:56:31.626+0000] {processor.py:830} INFO - Processing file /opt/airflow/dags/sdp_pipeline_dag.py for tasks to queue
[2026-07-16T08:56:31.632+0000] {logging_mixin.py:188} INFO - [2026-07-16T08:56:31.631+0000] {dagbag.py:540} INFO - Filling up the DagBag from /opt/airflow/dags/sdp_pipeline_dag.py
[2026-07-16T08:56:31.683+0000] {processor.py:840} INFO - DAG(s) 'e-commerce_kafka_streaming_pipeline_v1' retrieved from /opt/airflow/dags/sdp_pipeline_dag.py
[2026-07-16T08:56:31.744+0000] {logging_mixin.py:188} INFO - [2026-07-16T08:56:31.744+0000] {dag.py:3096} INFO - Sync 1 DAGs
[2026-07-16T08:56:31.796+0000] {logging_mixin.py:188} INFO - [2026-07-16T08:56:31.796+0000] {dag.py:3954} INFO - Setting next_dagrun for e-commerce_kafka_streaming_pipeline_v1 to 2026-07-16 08:00:00+00:00, run_after=2026-07-16 09:00:00+00:00
[2026-07-16T08:56:31.845+0000] {processor.py:183} INFO - Processing /opt/airflow/dags/sdp_pipeline_dag.py took 0.235 seconds
[2026-07-16T08:57:02.148+0000] {processor.py:161} INFO - Started process (PID=706) to work on /opt/airflow/dags/sdp_pipeline_dag.py
[2026-07-16T08:57:02.158+0000] {processor.py:830} INFO - Processing file /opt/airflow/dags/sdp_pipeline_dag.py for tasks to queue
[2026-07-16T08:57:02.172+0000] {logging_mixin.py:188} INFO - [2026-07-16T08:57:02.169+0000] {dagbag.py:540} INFO - Filling up the DagBag from /opt/airflow/dags/sdp_pipeline_dag.py
[2026-07-16T08:57:02.398+0000] {processor.py:840} INFO - DAG(s) 'e-commerce_kafka_streaming_pipeline_v1' retrieved from /opt/airflow/dags/sdp_pipeline_dag.py
[2026-07-16T08:57:02.498+0000] {logging_mixin.py:188} INFO - [2026-07-16T08:57:02.497+0000] {dag.py:3096} INFO - Sync 1 DAGs
[2026-07-16T08:57:02.621+0000] {logging_mixin.py:188} INFO - [2026-07-16T08:57:02.621+0000] {dag.py:3954} INFO - Setting next_dagrun for e-commerce_kafka_streaming_pipeline_v1 to 2026-07-16 08:00:00+00:00, run_after=2026-07-16 09:00:00+00:00
[2026-07-16T08:57:02.719+0000] {processor.py:183} INFO - Processing /opt/airflow/dags/sdp_pipeline_dag.py took 0.611 seconds
[2026-07-16T08:57:33.245+0000] {processor.py:161} INFO - Started process (PID=711) to work on /opt/airflow/dags/sdp_pipeline_dag.py
[2026-07-16T08:57:33.247+0000] {processor.py:830} INFO - Processing file /opt/airflow/dags/sdp_pipeline_dag.py for tasks to queue
[2026-07-16T08:57:33.257+0000] {logging_mixin.py:188} INFO - [2026-07-16T08:57:33.256+0000] {dagbag.py:540} INFO - Filling up the DagBag from /opt/airflow/dags/sdp_pipeline_dag.py
[2026-07-16T08:57:33.320+0000] {processor.py:840} INFO - DAG(s) 'e-commerce_kafka_streaming_pipeline_v1' retrieved from /opt/airflow/dags/sdp_pipeline_dag.py
[2026-07-16T08:57:33.439+0000] {logging_mixin.py:188} INFO - [2026-07-16T08:57:33.439+0000] {dag.py:3096} INFO - Sync 1 DAGs
[2026-07-16T08:57:33.531+0000] {logging_mixin.py:188} INFO - [2026-07-16T08:57:33.531+0000] {dag.py:3954} INFO - Setting next_dagrun for e-commerce_kafka_streaming_pipeline_v1 to 2026-07-16 08:00:00+00:00, run_after=2026-07-16 09:00:00+00:00
[2026-07-16T08:57:33.580+0000] {processor.py:183} INFO - Processing /opt/airflow/dags/sdp_pipeline_dag.py took 0.362 seconds
[2026-07-16T08:58:04.028+0000] {processor.py:161} INFO - Started process (PID=716) to work on /opt/airflow/dags/sdp_pipeline_dag.py
[2026-07-16T08:58:04.030+0000] {processor.py:830} INFO - Processing file /opt/airflow/dags/sdp_pipeline_dag.py for tasks to queue
[2026-07-16T08:58:04.034+0000] {logging_mixin.py:188} INFO - [2026-07-16T08:58:04.034+0000] {dagbag.py:540} INFO - Filling up the DagBag from /opt/airflow/dags/sdp_pipeline_dag.py
[2026-07-16T08:58:04.076+0000] {processor.py:840} INFO - DAG(s) 'e-commerce_kafka_streaming_pipeline_v1' retrieved from /opt/airflow/dags/sdp_pipeline_dag.py
[2026-07-16T08:58:04.122+0000] {logging_mixin.py:188} INFO - [2026-07-16T08:58:04.121+0000] {dag.py:3096} INFO - Sync 1 DAGs
[2026-07-16T08:58:04.170+0000] {logging_mixin.py:188} INFO - [2026-07-16T08:58:04.170+0000] {dag.py:3954} INFO - Setting next_dagrun for e-commerce_kafka_streaming_pipeline_v1 to 2026-07-16 08:00:00+00:00, run_after=2026-07-16 09:00:00+00:00
[2026-07-16T08:58:04.221+0000] {processor.py:183} INFO - Processing /opt/airflow/dags/sdp_pipeline_dag.py took 0.205 seconds
[2026-07-16T08:58:34.484+0000] {processor.py:161} INFO - Started process (PID=721) to work on /opt/airflow/dags/sdp_pipeline_dag.py
[2026-07-16T08:58:34.487+0000] {processor.py:830} INFO - Processing file /opt/airflow/dags/sdp_pipeline_dag.py for tasks to queue
[2026-07-16T08:58:34.493+0000] {logging_mixin.py:188} INFO - [2026-07-16T08:58:34.492+0000] {dagbag.py:540} INFO - Filling up the DagBag from /opt/airflow/dags/sdp_pipeline_dag.py
[2026-07-16T08:58:34.543+0000] {processor.py:840} INFO - DAG(s) 'e-commerce_kafka_streaming_pipeline_v1' retrieved from /opt/airflow/dags/sdp_pipeline_dag.py
[2026-07-16T08:58:34.610+0000] {logging_mixin.py:188} INFO - [2026-07-16T08:58:34.609+0000] {dag.py:3096} INFO - Sync 1 DAGs
[2026-07-16T08:58:34.659+0000] {logging_mixin.py:188} INFO - [2026-07-16T08:58:34.658+0000] {dag.py:3954} INFO - Setting next_dagrun for e-commerce_kafka_streaming_pipeline_v1 to 2026-07-16 08:00:00+00:00, run_after=2026-07-16 09:00:00+00:00
[2026-07-16T08:58:34.703+0000] {processor.py:183} INFO - Processing /opt/airflow/dags/sdp_pipeline_dag.py took 0.236 seconds
[2026-07-16T08:59:05.079+0000] {processor.py:161} INFO - Started process (PID=739) to work on /opt/airflow/dags/sdp_pipeline_dag.py
[2026-07-16T08:59:05.081+0000] {processor.py:830} INFO - Processing file /opt/airflow/dags/sdp_pipeline_dag.py for tasks to queue
[2026-07-16T08:59:05.087+0000] {logging_mixin.py:188} INFO - [2026-07-16T08:59:05.086+0000] {dagbag.py:540} INFO - Filling up the DagBag from /opt/airflow/dags/sdp_pipeline_dag.py
[2026-07-16T08:59:05.125+0000] {processor.py:840} INFO - DAG(s) 'e-commerce_kafka_streaming_pipeline_v1' retrieved from /opt/airflow/dags/sdp_pipeline_dag.py
[2026-07-16T08:59:05.186+0000] {logging_mixin.py:188} INFO - [2026-07-16T08:59:05.185+0000] {dag.py:3096} INFO - Sync 1 DAGs
[2026-07-16T08:59:05.234+0000] {logging_mixin.py:188} INFO - [2026-07-16T08:59:05.233+0000] {dag.py:3954} INFO - Setting next_dagrun for e-commerce_kafka_streaming_pipeline_v1 to 2026-07-16 08:00:00+00:00, run_after=2026-07-16 09:00:00+00:00
[2026-07-16T08:59:05.276+0000] {processor.py:183} INFO - Processing /opt/airflow/dags/sdp_pipeline_dag.py took 0.211 seconds
[2026-07-16T08:59:35.703+0000] {processor.py:161} INFO - Started process (PID=744) to work on /opt/airflow/dags/sdp_pipeline_dag.py
[2026-07-16T08:59:35.706+0000] {processor.py:830} INFO - Processing file /opt/airflow/dags/sdp_pipeline_dag.py for tasks to queue
[2026-07-16T08:59:35.711+0000] {logging_mixin.py:188} INFO - [2026-07-16T08:59:35.711+0000] {dagbag.py:540} INFO - Filling up the DagBag from /opt/airflow/dags/sdp_pipeline_dag.py
[2026-07-16T08:59:35.755+0000] {processor.py:840} INFO - DAG(s) 'e-commerce_kafka_streaming_pipeline_v1' retrieved from /opt/airflow/dags/sdp_pipeline_dag.py
[2026-07-16T08:59:35.828+0000] {logging_mixin.py:188} INFO - [2026-07-16T08:59:35.828+0000] {dag.py:3096} INFO - Sync 1 DAGs
[2026-07-16T08:59:35.879+0000] {logging_mixin.py:188} INFO - [2026-07-16T08:59:35.879+0000] {dag.py:3954} INFO - Setting next_dagrun for e-commerce_kafka_streaming_pipeline_v1 to 2026-07-16 08:00:00+00:00, run_after=2026-07-16 09:00:00+00:00
[2026-07-16T08:59:35.928+0000] {processor.py:183} INFO - Processing /opt/airflow/dags/sdp_pipeline_dag.py took 0.242 seconds
[2026-07-16T09:00:06.739+0000] {processor.py:161} INFO - Started process (PID=753) to work on /opt/airflow/dags/sdp_pipeline_dag.py
[2026-07-16T09:00:06.742+0000] {processor.py:830} INFO - Processing file /opt/airflow/dags/sdp_pipeline_dag.py for tasks to queue
[2026-07-16T09:00:06.748+0000] {logging_mixin.py:188} INFO - [2026-07-16T09:00:06.747+0000] {dagbag.py:540} INFO - Filling up the DagBag from /opt/airflow/dags/sdp_pipeline_dag.py
[2026-07-16T09:00:06.788+0000] {processor.py:840} INFO - DAG(s) 'e-commerce_kafka_streaming_pipeline_v1' retrieved from /opt/airflow/dags/sdp_pipeline_dag.py
[2026-07-16T09:00:06.854+0000] {logging_mixin.py:188} INFO - [2026-07-16T09:00:06.854+0000] {dag.py:3096} INFO - Sync 1 DAGs
[2026-07-16T09:00:06.918+0000] {logging_mixin.py:188} INFO - [2026-07-16T09:00:06.918+0000] {dag.py:3954} INFO - Setting next_dagrun for e-commerce_kafka_streaming_pipeline_v1 to 2026-07-16 09:00:00+00:00, run_after=2026-07-16 10:00:00+00:00
[2026-07-16T09:00:06.971+0000] {processor.py:183} INFO - Processing /opt/airflow/dags/sdp_pipeline_dag.py took 0.242 seconds
[2026-07-16T09:00:37.534+0000] {processor.py:161} INFO - Started process (PID=770) to work on /opt/airflow/dags/sdp_pipeline_dag.py
[2026-07-16T09:00:37.547+0000] {processor.py:830} INFO - Processing file /opt/airflow/dags/sdp_pipeline_dag.py for tasks to queue
[2026-07-16T09:00:37.605+0000] {logging_mixin.py:188} INFO - [2026-07-16T09:00:37.597+0000] {dagbag.py:540} INFO - Filling up the DagBag from /opt/airflow/dags/sdp_pipeline_dag.py
[2026-07-16T09:00:38.068+0000] {processor.py:840} INFO - DAG(s) 'e-commerce_kafka_streaming_pipeline_v1' retrieved from /opt/airflow/dags/sdp_pipeline_dag.py
[2026-07-16T09:00:38.646+0000] {logging_mixin.py:188} INFO - [2026-07-16T09:00:38.646+0000] {dag.py:3096} INFO - Sync 1 DAGs
[2026-07-16T09:00:39.241+0000] {logging_mixin.py:188} INFO - [2026-07-16T09:00:39.240+0000] {dag.py:3954} INFO - Setting next_dagrun for e-commerce_kafka_streaming_pipeline_v1 to 2026-07-16 09:00:00+00:00, run_after=2026-07-16 10:00:00+00:00
[2026-07-16T09:00:39.447+0000] {processor.py:183} INFO - Processing /opt/airflow/dags/sdp_pipeline_dag.py took 2.098 seconds
[2026-07-16T09:01:10.664+0000] {processor.py:161} INFO - Started process (PID=775) to work on /opt/airflow/dags/sdp_pipeline_dag.py
[2026-07-16T09:01:10.683+0000] {processor.py:830} INFO - Processing file /opt/airflow/dags/sdp_pipeline_dag.py for tasks to queue
[2026-07-16T09:01:10.709+0000] {logging_mixin.py:188} INFO - [2026-07-16T09:01:10.704+0000] {dagbag.py:540} INFO - Filling up the DagBag from /opt/airflow/dags/sdp_pipeline_dag.py
[2026-07-16T09:01:10.984+0000] {processor.py:840} INFO - DAG(s) 'e-commerce_kafka_streaming_pipeline_v1' retrieved from /opt/airflow/dags/sdp_pipeline_dag.py
[2026-07-16T09:01:13.949+0000] {logging_mixin.py:188} INFO - [2026-07-16T09:01:13.873+0000] {dag.py:3096} INFO - Sync 1 DAGs
[2026-07-16T09:01:14.246+0000] {logging_mixin.py:188} INFO - [2026-07-16T09:01:14.227+0000] {dag.py:3954} INFO - Setting next_dagrun for e-commerce_kafka_streaming_pipeline_v1 to 2026-07-16 09:00:00+00:00, run_after=2026-07-16 10:00:00+00:00
[2026-07-16T09:01:14.491+0000] {processor.py:183} INFO - Processing /opt/airflow/dags/sdp_pipeline_dag.py took 4.001 seconds
[2026-07-16T09:01:45.359+0000] {processor.py:161} INFO - Started process (PID=786) to work on /opt/airflow/dags/sdp_pipeline_dag.py
[2026-07-16T09:01:45.362+0000] {processor.py:830} INFO - Processing file /opt/airflow/dags/sdp_pipeline_dag.py for tasks to queue
[2026-07-16T09:01:45.369+0000] {logging_mixin.py:188} INFO - [2026-07-16T09:01:45.368+0000] {dagbag.py:540} INFO - Filling up the DagBag from /opt/airflow/dags/sdp_pipeline_dag.py
[2026-07-16T09:01:45.426+0000] {processor.py:840} INFO - DAG(s) 'e-commerce_kafka_streaming_pipeline_v1' retrieved from /opt/airflow/dags/sdp_pipeline_dag.py
[2026-07-16T09:01:45.531+0000] {logging_mixin.py:188} INFO - [2026-07-16T09:01:45.530+0000] {dag.py:3096} INFO - Sync 1 DAGs
[2026-07-16T09:01:45.599+0000] {logging_mixin.py:188} INFO - [2026-07-16T09:01:45.599+0000] {dag.py:3954} INFO - Setting next_dagrun for e-commerce_kafka_streaming_pipeline_v1 to 2026-07-16 09:00:00+00:00, run_after=2026-07-16 10:00:00+00:00
[2026-07-16T09:01:45.655+0000] {processor.py:183} INFO - Processing /opt/airflow/dags/sdp_pipeline_dag.py took 0.316 seconds
[2026-07-16T09:02:15.921+0000] {processor.py:161} INFO - Started process (PID=791) to work on /opt/airflow/dags/sdp_pipeline_dag.py
[2026-07-16T09:02:15.924+0000] {processor.py:830} INFO - Processing file /opt/airflow/dags/sdp_pipeline_dag.py for tasks to queue
[2026-07-16T09:02:15.928+0000] {logging_mixin.py:188} INFO - [2026-07-16T09:02:15.928+0000] {dagbag.py:540} INFO - Filling up the DagBag from /opt/airflow/dags/sdp_pipeline_dag.py
[2026-07-16T09:02:15.959+0000] {processor.py:840} INFO - DAG(s) 'e-commerce_kafka_streaming_pipeline_v1' retrieved from /opt/airflow/dags/sdp_pipeline_dag.py
[2026-07-16T09:02:15.995+0000] {logging_mixin.py:188} INFO - [2026-07-16T09:02:15.995+0000] {dag.py:3096} INFO - Sync 1 DAGs
[2026-07-16T09:02:16.025+0000] {logging_mixin.py:188} INFO - [2026-07-16T09:02:16.024+0000] {dag.py:3954} INFO - Setting next_dagrun for e-commerce_kafka_streaming_pipeline_v1 to 2026-07-16 09:00:00+00:00, run_after=2026-07-16 10:00:00+00:00
[2026-07-16T09:02:16.052+0000] {processor.py:183} INFO - Processing /opt/airflow/dags/sdp_pipeline_dag.py took 0.138 seconds
[2026-07-16T09:02:46.306+0000] {processor.py:161} INFO - Started process (PID=810) to work on /opt/airflow/dags/sdp_pipeline_dag.py
[2026-07-16T09:02:46.315+0000] {processor.py:830} INFO - Processing file /opt/airflow/dags/sdp_pipeline_dag.py for tasks to queue
[2026-07-16T09:02:46.327+0000] {logging_mixin.py:188} INFO - [2026-07-16T09:02:46.326+0000] {dagbag.py:540} INFO - Filling up the DagBag from /opt/airflow/dags/sdp_pipeline_dag.py
[2026-07-16T09:02:46.370+0000] {processor.py:840} INFO - DAG(s) 'e-commerce_kafka_streaming_pipeline_v1' retrieved from /opt/airflow/dags/sdp_pipeline_dag.py
[2026-07-16T09:02:46.422+0000] {logging_mixin.py:188} INFO - [2026-07-16T09:02:46.421+0000] {dag.py:3096} INFO - Sync 1 DAGs
[2026-07-16T09:02:46.467+0000] {logging_mixin.py:188} INFO - [2026-07-16T09:02:46.467+0000] {dag.py:3954} INFO - Setting next_dagrun for e-commerce_kafka_streaming_pipeline_v1 to 2026-07-16 09:00:00+00:00, run_after=2026-07-16 10:00:00+00:00
[2026-07-16T09:02:46.502+0000] {processor.py:183} INFO - Processing /opt/airflow/dags/sdp_pipeline_dag.py took 0.210 seconds
[2026-07-16T09:03:16.641+0000] {processor.py:161} INFO - Started process (PID=815) to work on /opt/airflow/dags/sdp_pipeline_dag.py
[2026-07-16T09:03:16.644+0000] {processor.py:830} INFO - Processing file /opt/airflow/dags/sdp_pipeline_dag.py for tasks to queue
[2026-07-16T09:03:16.651+0000] {logging_mixin.py:188} INFO - [2026-07-16T09:03:16.650+0000] {dagbag.py:540} INFO - Filling up the DagBag from /opt/airflow/dags/sdp_pipeline_dag.py
[2026-07-16T09:03:16.695+0000] {processor.py:840} INFO - DAG(s) 'e-commerce_kafka_streaming_pipeline_v1' retrieved from /opt/airflow/dags/sdp_pipeline_dag.py
[2026-07-16T09:03:16.778+0000] {logging_mixin.py:188} INFO - [2026-07-16T09:03:16.777+0000] {dag.py:3096} INFO - Sync 1 DAGs
[2026-07-16T09:03:16.841+0000] {logging_mixin.py:188} INFO - [2026-07-16T09:03:16.841+0000] {dag.py:3954} INFO - Setting next_dagrun for e-commerce_kafka_streaming_pipeline_v1 to 2026-07-16 09:00:00+00:00, run_after=2026-07-16 10:00:00+00:00
[2026-07-16T09:03:16.894+0000] {processor.py:183} INFO - Processing /opt/airflow/dags/sdp_pipeline_dag.py took 0.269 seconds
[2026-07-16T09:03:47.120+0000] {processor.py:161} INFO - Started process (PID=820) to work on /opt/airflow/dags/sdp_pipeline_dag.py
[2026-07-16T09:03:47.123+0000] {processor.py:830} INFO - Processing file /opt/airflow/dags/sdp_pipeline_dag.py for tasks to queue
[2026-07-16T09:03:47.129+0000] {logging_mixin.py:188} INFO - [2026-07-16T09:03:47.129+0000] {dagbag.py:540} INFO - Filling up the DagBag from /opt/airflow/dags/sdp_pipeline_dag.py
[2026-07-16T09:03:47.178+0000] {processor.py:840} INFO - DAG(s) 'e-commerce_kafka_streaming_pipeline_v1' retrieved from /opt/airflow/dags/sdp_pipeline_dag.py
[2026-07-16T09:03:47.229+0000] {logging_mixin.py:188} INFO - [2026-07-16T09:03:47.229+0000] {dag.py:3096} INFO - Sync 1 DAGs
[2026-07-16T09:03:47.269+0000] {logging_mixin.py:188} INFO - [2026-07-16T09:03:47.269+0000] {dag.py:3954} INFO - Setting next_dagrun for e-commerce_kafka_streaming_pipeline_v1 to 2026-07-16 09:00:00+00:00, run_after=2026-07-16 10:00:00+00:00
[2026-07-16T09:03:47.305+0000] {processor.py:183} INFO - Processing /opt/airflow/dags/sdp_pipeline_dag.py took 0.199 seconds
[2026-07-16T09:04:17.446+0000] {processor.py:161} INFO - Started process (PID=825) to work on /opt/airflow/dags/sdp_pipeline_dag.py
[2026-07-16T09:04:17.449+0000] {processor.py:830} INFO - Processing file /opt/airflow/dags/sdp_pipeline_dag.py for tasks to queue
[2026-07-16T09:04:17.452+0000] {logging_mixin.py:188} INFO - [2026-07-16T09:04:17.451+0000] {dagbag.py:540} INFO - Filling up the DagBag from /opt/airflow/dags/sdp_pipeline_dag.py
[2026-07-16T09:04:17.487+0000] {processor.py:840} INFO - DAG(s) 'e-commerce_kafka_streaming_pipeline_v1' retrieved from /opt/airflow/dags/sdp_pipeline_dag.py
[2026-07-16T09:04:17.526+0000] {logging_mixin.py:188} INFO - [2026-07-16T09:04:17.525+0000] {dag.py:3096} INFO - Sync 1 DAGs
[2026-07-16T09:04:17.559+0000] {logging_mixin.py:188} INFO - [2026-07-16T09:04:17.558+0000] {dag.py:3954} INFO - Setting next_dagrun for e-commerce_kafka_streaming_pipeline_v1 to 2026-07-16 09:00:00+00:00, run_after=2026-07-16 10:00:00+00:00
[2026-07-16T09:04:17.586+0000] {processor.py:183} INFO - Processing /opt/airflow/dags/sdp_pipeline_dag.py took 0.149 seconds
[2026-07-16T09:04:47.792+0000] {processor.py:161} INFO - Started process (PID=843) to work on /opt/airflow/dags/sdp_pipeline_dag.py
[2026-07-16T09:04:47.795+0000] {processor.py:830} INFO - Processing file /opt/airflow/dags/sdp_pipeline_dag.py for tasks to queue
[2026-07-16T09:04:47.804+0000] {logging_mixin.py:188} INFO - [2026-07-16T09:04:47.803+0000] {dagbag.py:540} INFO - Filling up the DagBag from /opt/airflow/dags/sdp_pipeline_dag.py
[2026-07-16T09:04:47.859+0000] {processor.py:840} INFO - DAG(s) 'e-commerce_kafka_streaming_pipeline_v1' retrieved from /opt/airflow/dags/sdp_pipeline_dag.py
[2026-07-16T09:04:47.934+0000] {logging_mixin.py:188} INFO - [2026-07-16T09:04:47.934+0000] {dag.py:3096} INFO - Sync 1 DAGs
[2026-07-16T09:04:47.995+0000] {logging_mixin.py:188} INFO - [2026-07-16T09:04:47.995+0000] {dag.py:3954} INFO - Setting next_dagrun for e-commerce_kafka_streaming_pipeline_v1 to 2026-07-16 09:00:00+00:00, run_after=2026-07-16 10:00:00+00:00
[2026-07-16T09:04:48.061+0000] {processor.py:183} INFO - Processing /opt/airflow/dags/sdp_pipeline_dag.py took 0.302 seconds
[2026-07-16T09:05:18.672+0000] {processor.py:161} INFO - Started process (PID=848) to work on /opt/airflow/dags/sdp_pipeline_dag.py
[2026-07-16T09:05:18.675+0000] {processor.py:830} INFO - Processing file /opt/airflow/dags/sdp_pipeline_dag.py for tasks to queue
[2026-07-16T09:05:18.681+0000] {logging_mixin.py:188} INFO - [2026-07-16T09:05:18.680+0000] {dagbag.py:540} INFO - Filling up the DagBag from /opt/airflow/dags/sdp_pipeline_dag.py
[2026-07-16T09:05:18.729+0000] {processor.py:840} INFO - DAG(s) 'e-commerce_kafka_streaming_pipeline_v1' retrieved from /opt/airflow/dags/sdp_pipeline_dag.py
[2026-07-16T09:05:18.803+0000] {logging_mixin.py:188} INFO - [2026-07-16T09:05:18.803+0000] {dag.py:3096} INFO - Sync 1 DAGs
[2026-07-16T09:05:18.880+0000] {logging_mixin.py:188} INFO - [2026-07-16T09:05:18.879+0000] {dag.py:3954} INFO - Setting next_dagrun for e-commerce_kafka_streaming_pipeline_v1 to 2026-07-16 09:00:00+00:00, run_after=2026-07-16 10:00:00+00:00
[2026-07-16T09:05:18.946+0000] {processor.py:183} INFO - Processing /opt/airflow/dags/sdp_pipeline_dag.py took 0.291 seconds
[2026-07-16T09:05:49.081+0000] {processor.py:161} INFO - Started process (PID=853) to work on /opt/airflow/dags/sdp_pipeline_dag.py
[2026-07-16T09:05:49.085+0000] {processor.py:830} INFO - Processing file /opt/airflow/dags/sdp_pipeline_dag.py for tasks to queue
[2026-07-16T09:05:49.093+0000] {logging_mixin.py:188} INFO - [2026-07-16T09:05:49.092+0000] {dagbag.py:540} INFO - Filling up the DagBag from /opt/airflow/dags/sdp_pipeline_dag.py
[2026-07-16T09:05:49.146+0000] {processor.py:840} INFO - DAG(s) 'e-commerce_kafka_streaming_pipeline_v1' retrieved from /opt/airflow/dags/sdp_pipeline_dag.py
[2026-07-16T09:05:49.227+0000] {logging_mixin.py:188} INFO - [2026-07-16T09:05:49.226+0000] {dag.py:3096} INFO - Sync 1 DAGs
[2026-07-16T09:05:49.294+0000] {logging_mixin.py:188} INFO - [2026-07-16T09:05:49.293+0000] {dag.py:3954} INFO - Setting next_dagrun for e-commerce_kafka_streaming_pipeline_v1 to 2026-07-16 09:00:00+00:00, run_after=2026-07-16 10:00:00+00:00
[2026-07-16T09:05:49.351+0000] {processor.py:183} INFO - Processing /opt/airflow/dags/sdp_pipeline_dag.py took 0.290 seconds
[2026-07-16T09:06:19.710+0000] {processor.py:161} INFO - Started process (PID=858) to work on /opt/airflow/dags/sdp_pipeline_dag.py
[2026-07-16T09:06:19.712+0000] {processor.py:830} INFO - Processing file /opt/airflow/dags/sdp_pipeline_dag.py for tasks to queue
[2026-07-16T09:06:19.719+0000] {logging_mixin.py:188} INFO - [2026-07-16T09:06:19.718+0000] {dagbag.py:540} INFO - Filling up the DagBag from /opt/airflow/dags/sdp_pipeline_dag.py
[2026-07-16T09:06:19.759+0000] {processor.py:840} INFO - DAG(s) 'e-commerce_kafka_streaming_pipeline_v1' retrieved from /opt/airflow/dags/sdp_pipeline_dag.py
[2026-07-16T09:06:19.833+0000] {logging_mixin.py:188} INFO - [2026-07-16T09:06:19.833+0000] {dag.py:3096} INFO - Sync 1 DAGs
[2026-07-16T09:06:19.900+0000] {logging_mixin.py:188} INFO - [2026-07-16T09:06:19.899+0000] {dag.py:3954} INFO - Setting next_dagrun for e-commerce_kafka_streaming_pipeline_v1 to 2026-07-16 09:00:00+00:00, run_after=2026-07-16 10:00:00+00:00
[2026-07-16T09:06:19.946+0000] {processor.py:183} INFO - Processing /opt/airflow/dags/sdp_pipeline_dag.py took 0.257 seconds
[2026-07-16T09:06:50.258+0000] {processor.py:161} INFO - Started process (PID=869) to work on /opt/airflow/dags/sdp_pipeline_dag.py
[2026-07-16T09:06:50.260+0000] {processor.py:830} INFO - Processing file /opt/airflow/dags/sdp_pipeline_dag.py for tasks to queue
[2026-07-16T09:06:50.263+0000] {logging_mixin.py:188} INFO - [2026-07-16T09:06:50.263+0000] {dagbag.py:540} INFO - Filling up the DagBag from /opt/airflow/dags/sdp_pipeline_dag.py
[2026-07-16T09:06:50.297+0000] {processor.py:840} INFO - DAG(s) 'e-commerce_kafka_streaming_pipeline_v1' retrieved from /opt/airflow/dags/sdp_pipeline_dag.py
[2026-07-16T09:06:50.333+0000] {logging_mixin.py:188} INFO - [2026-07-16T09:06:50.332+0000] {dag.py:3096} INFO - Sync 1 DAGs
[2026-07-16T09:06:50.370+0000] {logging_mixin.py:188} INFO - [2026-07-16T09:06:50.370+0000] {dag.py:3954} INFO - Setting next_dagrun for e-commerce_kafka_streaming_pipeline_v1 to 2026-07-16 09:00:00+00:00, run_after=2026-07-16 10:00:00+00:00
[2026-07-16T09:06:50.403+0000] {processor.py:183} INFO - Processing /opt/airflow/dags/sdp_pipeline_dag.py took 0.153 seconds
[2026-07-16T09:07:20.548+0000] {processor.py:161} INFO - Started process (PID=874) to work on /opt/airflow/dags/sdp_pipeline_dag.py
[2026-07-16T09:07:20.550+0000] {processor.py:830} INFO - Processing file /opt/airflow/dags/sdp_pipeline_dag.py for tasks to queue
[2026-07-16T09:07:20.553+0000] {logging_mixin.py:188} INFO - [2026-07-16T09:07:20.552+0000] {dagbag.py:540} INFO - Filling up the DagBag from /opt/airflow/dags/sdp_pipeline_dag.py
[2026-07-16T09:07:20.578+0000] {processor.py:840} INFO - DAG(s) 'e-commerce_kafka_streaming_pipeline_v1' retrieved from /opt/airflow/dags/sdp_pipeline_dag.py
[2026-07-16T09:07:20.607+0000] {logging_mixin.py:188} INFO - [2026-07-16T09:07:20.607+0000] {dag.py:3096} INFO - Sync 1 DAGs
[2026-07-16T09:07:20.629+0000] {logging_mixin.py:188} INFO - [2026-07-16T09:07:20.629+0000] {dag.py:3954} INFO - Setting next_dagrun for e-commerce_kafka_streaming_pipeline_v1 to 2026-07-16 09:00:00+00:00, run_after=2026-07-16 10:00:00+00:00
[2026-07-16T09:07:20.649+0000] {processor.py:183} INFO - Processing /opt/airflow/dags/sdp_pipeline_dag.py took 0.110 seconds
[2026-07-16T09:07:50.874+0000] {processor.py:161} INFO - Started process (PID=879) to work on /opt/airflow/dags/sdp_pipeline_dag.py
[2026-07-16T09:07:50.875+0000] {processor.py:830} INFO - Processing file /opt/airflow/dags/sdp_pipeline_dag.py for tasks to queue
[2026-07-16T09:07:50.878+0000] {logging_mixin.py:188} INFO - [2026-07-16T09:07:50.877+0000] {dagbag.py:540} INFO - Filling up the DagBag from /opt/airflow/dags/sdp_pipeline_dag.py
[2026-07-16T09:07:50.896+0000] {processor.py:840} INFO - DAG(s) 'e-commerce_kafka_streaming_pipeline_v1' retrieved from /opt/airflow/dags/sdp_pipeline_dag.py
[2026-07-16T09:07:50.921+0000] {logging_mixin.py:188} INFO - [2026-07-16T09:07:50.920+0000] {dag.py:3096} INFO - Sync 1 DAGs
[2026-07-16T09:07:50.941+0000] {logging_mixin.py:188} INFO - [2026-07-16T09:07:50.941+0000] {dag.py:3954} INFO - Setting next_dagrun for e-commerce_kafka_streaming_pipeline_v1 to 2026-07-16 09:00:00+00:00, run_after=2026-07-16 10:00:00+00:00
[2026-07-16T09:07:50.960+0000] {processor.py:183} INFO - Processing /opt/airflow/dags/sdp_pipeline_dag.py took 0.092 seconds
[2026-07-16T09:08:21.166+0000] {processor.py:161} INFO - Started process (PID=884) to work on /opt/airflow/dags/sdp_pipeline_dag.py
[2026-07-16T09:08:21.167+0000] {processor.py:830} INFO - Processing file /opt/airflow/dags/sdp_pipeline_dag.py for tasks to queue
[2026-07-16T09:08:21.170+0000] {logging_mixin.py:188} INFO - [2026-07-16T09:08:21.169+0000] {dagbag.py:540} INFO - Filling up the DagBag from /opt/airflow/dags/sdp_pipeline_dag.py
[2026-07-16T09:08:21.188+0000] {processor.py:840} INFO - DAG(s) 'e-commerce_kafka_streaming_pipeline_v1' retrieved from /opt/airflow/dags/sdp_pipeline_dag.py
[2026-07-16T09:08:21.216+0000] {logging_mixin.py:188} INFO - [2026-07-16T09:08:21.216+0000] {dag.py:3096} INFO - Sync 1 DAGs
[2026-07-16T09:08:21.240+0000] {logging_mixin.py:188} INFO - [2026-07-16T09:08:21.240+0000] {dag.py:3954} INFO - Setting next_dagrun for e-commerce_kafka_streaming_pipeline_v1 to 2026-07-16 09:00:00+00:00, run_after=2026-07-16 10:00:00+00:00
[2026-07-16T09:08:21.261+0000] {processor.py:183} INFO - Processing /opt/airflow/dags/sdp_pipeline_dag.py took 0.101 seconds
[2026-07-16T09:08:51.496+0000] {processor.py:161} INFO - Started process (PID=889) to work on /opt/airflow/dags/sdp_pipeline_dag.py
[2026-07-16T09:08:51.497+0000] {processor.py:830} INFO - Processing file /opt/airflow/dags/sdp_pipeline_dag.py for tasks to queue
[2026-07-16T09:08:51.501+0000] {logging_mixin.py:188} INFO - [2026-07-16T09:08:51.500+0000] {dagbag.py:540} INFO - Filling up the DagBag from /opt/airflow/dags/sdp_pipeline_dag.py
[2026-07-16T09:08:51.526+0000] {processor.py:840} INFO - DAG(s) 'e-commerce_kafka_streaming_pipeline_v1' retrieved from /opt/airflow/dags/sdp_pipeline_dag.py
[2026-07-16T09:08:51.551+0000] {logging_mixin.py:188} INFO - [2026-07-16T09:08:51.551+0000] {dag.py:3096} INFO - Sync 1 DAGs
[2026-07-16T09:08:51.572+0000] {logging_mixin.py:188} INFO - [2026-07-16T09:08:51.572+0000] {dag.py:3954} INFO - Setting next_dagrun for e-commerce_kafka_streaming_pipeline_v1 to 2026-07-16 09:00:00+00:00, run_after=2026-07-16 10:00:00+00:00
[2026-07-16T09:08:51.590+0000] {processor.py:183} INFO - Processing /opt/airflow/dags/sdp_pipeline_dag.py took 0.100 seconds
[2026-07-16T09:09:21.824+0000] {processor.py:161} INFO - Started process (PID=894) to work on /opt/airflow/dags/sdp_pipeline_dag.py
[2026-07-16T09:09:21.827+0000] {processor.py:830} INFO - Processing file /opt/airflow/dags/sdp_pipeline_dag.py for tasks to queue
[2026-07-16T09:09:21.834+0000] {logging_mixin.py:188} INFO - [2026-07-16T09:09:21.833+0000] {dagbag.py:540} INFO - Filling up the DagBag from /opt/airflow/dags/sdp_pipeline_dag.py
[2026-07-16T09:09:21.865+0000] {processor.py:840} INFO - DAG(s) 'e-commerce_kafka_streaming_pipeline_v1' retrieved from /opt/airflow/dags/sdp_pipeline_dag.py
[2026-07-16T09:09:21.905+0000] {logging_mixin.py:188} INFO - [2026-07-16T09:09:21.905+0000] {dag.py:3096} INFO - Sync 1 DAGs
[2026-07-16T09:09:21.932+0000] {logging_mixin.py:188} INFO - [2026-07-16T09:09:21.932+0000] {dag.py:3954} INFO - Setting next_dagrun for e-commerce_kafka_streaming_pipeline_v1 to 2026-07-16 09:00:00+00:00, run_after=2026-07-16 10:00:00+00:00
[2026-07-16T09:09:21.958+0000] {processor.py:183} INFO - Processing /opt/airflow/dags/sdp_pipeline_dag.py took 0.149 seconds
[2026-07-16T09:09:52.121+0000] {processor.py:161} INFO - Started process (PID=899) to work on /opt/airflow/dags/sdp_pipeline_dag.py
[2026-07-16T09:09:52.123+0000] {processor.py:830} INFO - Processing file /opt/airflow/dags/sdp_pipeline_dag.py for tasks to queue
[2026-07-16T09:09:52.125+0000] {logging_mixin.py:188} INFO - [2026-07-16T09:09:52.125+0000] {dagbag.py:540} INFO - Filling up the DagBag from /opt/airflow/dags/sdp_pipeline_dag.py
[2026-07-16T09:09:52.146+0000] {processor.py:840} INFO - DAG(s) 'e-commerce_kafka_streaming_pipeline_v1' retrieved from /opt/airflow/dags/sdp_pipeline_dag.py
[2026-07-16T09:09:52.172+0000] {logging_mixin.py:188} INFO - [2026-07-16T09:09:52.172+0000] {dag.py:3096} INFO - Sync 1 DAGs
[2026-07-16T09:09:52.197+0000] {logging_mixin.py:188} INFO - [2026-07-16T09:09:52.196+0000] {dag.py:3954} INFO - Setting next_dagrun for e-commerce_kafka_streaming_pipeline_v1 to 2026-07-16 09:00:00+00:00, run_after=2026-07-16 10:00:00+00:00
[2026-07-16T09:09:52.217+0000] {processor.py:183} INFO - Processing /opt/airflow/dags/sdp_pipeline_dag.py took 0.102 seconds
[2026-07-16T09:10:22.499+0000] {processor.py:161} INFO - Started process (PID=904) to work on /opt/airflow/dags/sdp_pipeline_dag.py
[2026-07-16T09:10:22.500+0000] {processor.py:830} INFO - Processing file /opt/airflow/dags/sdp_pipeline_dag.py for tasks to queue
[2026-07-16T09:10:22.503+0000] {logging_mixin.py:188} INFO - [2026-07-16T09:10:22.503+0000] {dagbag.py:540} INFO - Filling up the DagBag from /opt/airflow/dags/sdp_pipeline_dag.py
[2026-07-16T09:10:22.524+0000] {processor.py:840} INFO - DAG(s) 'e-commerce_kafka_streaming_pipeline_v1' retrieved from /opt/airflow/dags/sdp_pipeline_dag.py
[2026-07-16T09:10:22.551+0000] {logging_mixin.py:188} INFO - [2026-07-16T09:10:22.550+0000] {dag.py:3096} INFO - Sync 1 DAGs
[2026-07-16T09:10:22.577+0000] {logging_mixin.py:188} INFO - [2026-07-16T09:10:22.577+0000] {dag.py:3954} INFO - Setting next_dagrun for e-commerce_kafka_streaming_pipeline_v1 to 2026-07-16 09:00:00+00:00, run_after=2026-07-16 10:00:00+00:00
[2026-07-16T09:10:22.602+0000] {processor.py:183} INFO - Processing /opt/airflow/dags/sdp_pipeline_dag.py took 0.109 seconds
[2026-07-16T09:10:52.786+0000] {processor.py:161} INFO - Started process (PID=909) to work on /opt/airflow/dags/sdp_pipeline_dag.py
[2026-07-16T09:10:52.788+0000] {processor.py:830} INFO - Processing file /opt/airflow/dags/sdp_pipeline_dag.py for tasks to queue
[2026-07-16T09:10:52.791+0000] {logging_mixin.py:188} INFO - [2026-07-16T09:10:52.790+0000] {dagbag.py:540} INFO - Filling up the DagBag from /opt/airflow/dags/sdp_pipeline_dag.py
[2026-07-16T09:10:52.818+0000] {processor.py:840} INFO - DAG(s) 'e-commerce_kafka_streaming_pipeline_v1' retrieved from /opt/airflow/dags/sdp_pipeline_dag.py
[2026-07-16T09:10:52.855+0000] {logging_mixin.py:188} INFO - [2026-07-16T09:10:52.855+0000] {dag.py:3096} INFO - Sync 1 DAGs
[2026-07-16T09:10:52.880+0000] {logging_mixin.py:188} INFO - [2026-07-16T09:10:52.880+0000] {dag.py:3954} INFO - Setting next_dagrun for e-commerce_kafka_streaming_pipeline_v1 to 2026-07-16 09:00:00+00:00, run_after=2026-07-16 10:00:00+00:00
[2026-07-16T09:10:52.902+0000] {processor.py:183} INFO - Processing /opt/airflow/dags/sdp_pipeline_dag.py took 0.124 seconds
[2026-07-16T09:11:23.102+0000] {processor.py:161} INFO - Started process (PID=914) to work on /opt/airflow/dags/sdp_pipeline_dag.py
[2026-07-16T09:11:23.103+0000] {processor.py:830} INFO - Processing file /opt/airflow/dags/sdp_pipeline_dag.py for tasks to queue
[2026-07-16T09:11:23.106+0000] {logging_mixin.py:188} INFO - [2026-07-16T09:11:23.105+0000] {dagbag.py:540} INFO - Filling up the DagBag from /opt/airflow/dags/sdp_pipeline_dag.py
[2026-07-16T09:11:23.126+0000] {processor.py:840} INFO - DAG(s) 'e-commerce_kafka_streaming_pipeline_v1' retrieved from /opt/airflow/dags/sdp_pipeline_dag.py
[2026-07-16T09:11:23.151+0000] {logging_mixin.py:188} INFO - [2026-07-16T09:11:23.150+0000] {dag.py:3096} INFO - Sync 1 DAGs
[2026-07-16T09:11:23.173+0000] {logging_mixin.py:188} INFO - [2026-07-16T09:11:23.173+0000] {dag.py:3954} INFO - Setting next_dagrun for e-commerce_kafka_streaming_pipeline_v1 to 2026-07-16 09:00:00+00:00, run_after=2026-07-16 10:00:00+00:00
[2026-07-16T09:11:23.198+0000] {processor.py:183} INFO - Processing /opt/airflow/dags/sdp_pipeline_dag.py took 0.102 seconds
[2026-07-16T09:11:53.421+0000] {processor.py:161} INFO - Started process (PID=919) to work on /opt/airflow/dags/sdp_pipeline_dag.py
[2026-07-16T09:11:53.424+0000] {processor.py:830} INFO - Processing file /opt/airflow/dags/sdp_pipeline_dag.py for tasks to queue
[2026-07-16T09:11:53.430+0000] {logging_mixin.py:188} INFO - [2026-07-16T09:11:53.429+0000] {dagbag.py:540} INFO - Filling up the DagBag from /opt/airflow/dags/sdp_pipeline_dag.py
[2026-07-16T09:11:53.466+0000] {processor.py:840} INFO - DAG(s) 'e-commerce_kafka_streaming_pipeline_v1' retrieved from /opt/airflow/dags/sdp_pipeline_dag.py
[2026-07-16T09:11:53.501+0000] {logging_mixin.py:188} INFO - [2026-07-16T09:11:53.501+0000] {dag.py:3096} INFO - Sync 1 DAGs
[2026-07-16T09:11:53.524+0000] {logging_mixin.py:188} INFO - [2026-07-16T09:11:53.524+0000] {dag.py:3954} INFO - Setting next_dagrun for e-commerce_kafka_streaming_pipeline_v1 to 2026-07-16 09:00:00+00:00, run_after=2026-07-16 10:00:00+00:00
[2026-07-16T09:11:53.543+0000] {processor.py:183} INFO - Processing /opt/airflow/dags/sdp_pipeline_dag.py took 0.137 seconds
[2026-07-16T09:12:23.800+0000] {processor.py:161} INFO - Started process (PID=924) to work on /opt/airflow/dags/sdp_pipeline_dag.py
[2026-07-16T09:12:23.801+0000] {processor.py:830} INFO - Processing file /opt/airflow/dags/sdp_pipeline_dag.py for tasks to queue
[2026-07-16T09:12:23.804+0000] {logging_mixin.py:188} INFO - [2026-07-16T09:12:23.804+0000] {dagbag.py:540} INFO - Filling up the DagBag from /opt/airflow/dags/sdp_pipeline_dag.py
[2026-07-16T09:12:23.826+0000] {processor.py:840} INFO - DAG(s) 'e-commerce_kafka_streaming_pipeline_v1' retrieved from /opt/airflow/dags/sdp_pipeline_dag.py
[2026-07-16T09:12:23.859+0000] {logging_mixin.py:188} INFO - [2026-07-16T09:12:23.859+0000] {dag.py:3096} INFO - Sync 1 DAGs
[2026-07-16T09:12:23.885+0000] {logging_mixin.py:188} INFO - [2026-07-16T09:12:23.885+0000] {dag.py:3954} INFO - Setting next_dagrun for e-commerce_kafka_streaming_pipeline_v1 to 2026-07-16 09:00:00+00:00, run_after=2026-07-16 10:00:00+00:00
[2026-07-16T09:12:23.906+0000] {processor.py:183} INFO - Processing /opt/airflow/dags/sdp_pipeline_dag.py took 0.113 seconds
[2026-07-16T09:12:54.068+0000] {processor.py:161} INFO - Started process (PID=929) to work on /opt/airflow/dags/sdp_pipeline_dag.py
[2026-07-16T09:12:54.070+0000] {processor.py:830} INFO - Processing file /opt/airflow/dags/sdp_pipeline_dag.py for tasks to queue
[2026-07-16T09:12:54.074+0000] {logging_mixin.py:188} INFO - [2026-07-16T09:12:54.073+0000] {dagbag.py:540} INFO - Filling up the DagBag from /opt/airflow/dags/sdp_pipeline_dag.py
[2026-07-16T09:12:54.103+0000] {processor.py:840} INFO - DAG(s) 'e-commerce_kafka_streaming_pipeline_v1' retrieved from /opt/airflow/dags/sdp_pipeline_dag.py
[2026-07-16T09:12:54.140+0000] {logging_mixin.py:188} INFO - [2026-07-16T09:12:54.140+0000] {dag.py:3096} INFO - Sync 1 DAGs
[2026-07-16T09:12:54.174+0000] {logging_mixin.py:188} INFO - [2026-07-16T09:12:54.173+0000] {dag.py:3954} INFO - Setting next_dagrun for e-commerce_kafka_streaming_pipeline_v1 to 2026-07-16 09:00:00+00:00, run_after=2026-07-16 10:00:00+00:00
[2026-07-16T09:12:54.198+0000] {processor.py:183} INFO - Processing /opt/airflow/dags/sdp_pipeline_dag.py took 0.137 seconds
[2026-07-16T09:13:24.427+0000] {processor.py:161} INFO - Started process (PID=934) to work on /opt/airflow/dags/sdp_pipeline_dag.py
[2026-07-16T09:13:24.429+0000] {processor.py:830} INFO - Processing file /opt/airflow/dags/sdp_pipeline_dag.py for tasks to queue
[2026-07-16T09:13:24.432+0000] {logging_mixin.py:188} INFO - [2026-07-16T09:13:24.432+0000] {dagbag.py:540} INFO - Filling up the DagBag from /opt/airflow/dags/sdp_pipeline_dag.py
[2026-07-16T09:13:24.462+0000] {processor.py:840} INFO - DAG(s) 'e-commerce_kafka_streaming_pipeline_v1' retrieved from /opt/airflow/dags/sdp_pipeline_dag.py
[2026-07-16T09:13:24.491+0000] {logging_mixin.py:188} INFO - [2026-07-16T09:13:24.490+0000] {dag.py:3096} INFO - Sync 1 DAGs
[2026-07-16T09:13:24.516+0000] {logging_mixin.py:188} INFO - [2026-07-16T09:13:24.516+0000] {dag.py:3954} INFO - Setting next_dagrun for e-commerce_kafka_streaming_pipeline_v1 to 2026-07-16 09:00:00+00:00, run_after=2026-07-16 10:00:00+00:00
[2026-07-16T09:13:24.540+0000] {processor.py:183} INFO - Processing /opt/airflow/dags/sdp_pipeline_dag.py took 0.119 seconds
[2026-07-16T09:13:54.775+0000] {processor.py:161} INFO - Started process (PID=939) to work on /opt/airflow/dags/sdp_pipeline_dag.py
[2026-07-16T09:13:54.777+0000] {processor.py:830} INFO - Processing file /opt/airflow/dags/sdp_pipeline_dag.py for tasks to queue
[2026-07-16T09:13:54.781+0000] {logging_mixin.py:188} INFO - [2026-07-16T09:13:54.780+0000] {dagbag.py:540} INFO - Filling up the DagBag from /opt/airflow/dags/sdp_pipeline_dag.py
[2026-07-16T09:13:54.804+0000] {processor.py:840} INFO - DAG(s) 'e-commerce_kafka_streaming_pipeline_v1' retrieved from /opt/airflow/dags/sdp_pipeline_dag.py
[2026-07-16T09:13:54.838+0000] {logging_mixin.py:188} INFO - [2026-07-16T09:13:54.838+0000] {dag.py:3096} INFO - Sync 1 DAGs
[2026-07-16T09:13:54.875+0000] {logging_mixin.py:188} INFO - [2026-07-16T09:13:54.875+0000] {dag.py:3954} INFO - Setting next_dagrun for e-commerce_kafka_streaming_pipeline_v1 to 2026-07-16 09:00:00+00:00, run_after=2026-07-16 10:00:00+00:00
[2026-07-16T09:13:54.909+0000] {processor.py:183} INFO - Processing /opt/airflow/dags/sdp_pipeline_dag.py took 0.145 seconds
[2026-07-16T09:14:25.093+0000] {processor.py:161} INFO - Started process (PID=944) to work on /opt/airflow/dags/sdp_pipeline_dag.py
[2026-07-16T09:14:25.095+0000] {processor.py:830} INFO - Processing file /opt/airflow/dags/sdp_pipeline_dag.py for tasks to queue
[2026-07-16T09:14:25.099+0000] {logging_mixin.py:188} INFO - [2026-07-16T09:14:25.098+0000] {dagbag.py:540} INFO - Filling up the DagBag from /opt/airflow/dags/sdp_pipeline_dag.py
[2026-07-16T09:14:25.131+0000] {processor.py:840} INFO - DAG(s) 'e-commerce_kafka_streaming_pipeline_v1' retrieved from /opt/airflow/dags/sdp_pipeline_dag.py
[2026-07-16T09:14:25.165+0000] {logging_mixin.py:188} INFO - [2026-07-16T09:14:25.165+0000] {dag.py:3096} INFO - Sync 1 DAGs
[2026-07-16T09:14:25.190+0000] {logging_mixin.py:188} INFO - [2026-07-16T09:14:25.190+0000] {dag.py:3954} INFO - Setting next_dagrun for e-commerce_kafka_streaming_pipeline_v1 to 2026-07-16 09:00:00+00:00, run_after=2026-07-16 10:00:00+00:00
[2026-07-16T09:14:25.211+0000] {processor.py:183} INFO - Processing /opt/airflow/dags/sdp_pipeline_dag.py took 0.130 seconds
[2026-07-16T09:14:55.461+0000] {processor.py:161} INFO - Started process (PID=949) to work on /opt/airflow/dags/sdp_pipeline_dag.py
[2026-07-16T09:14:55.463+0000] {processor.py:830} INFO - Processing file /opt/airflow/dags/sdp_pipeline_dag.py for tasks to queue
[2026-07-16T09:14:55.466+0000] {logging_mixin.py:188} INFO - [2026-07-16T09:14:55.466+0000] {dagbag.py:540} INFO - Filling up the DagBag from /opt/airflow/dags/sdp_pipeline_dag.py
[2026-07-16T09:14:55.496+0000] {processor.py:840} INFO - DAG(s) 'e-commerce_kafka_streaming_pipeline_v1' retrieved from /opt/airflow/dags/sdp_pipeline_dag.py
[2026-07-16T09:14:55.522+0000] {logging_mixin.py:188} INFO - [2026-07-16T09:14:55.521+0000] {dag.py:3096} INFO - Sync 1 DAGs
[2026-07-16T09:14:55.546+0000] {logging_mixin.py:188} INFO - [2026-07-16T09:14:55.545+0000] {dag.py:3954} INFO - Setting next_dagrun for e-commerce_kafka_streaming_pipeline_v1 to 2026-07-16 09:00:00+00:00, run_after=2026-07-16 10:00:00+00:00
[2026-07-16T09:14:55.565+0000] {processor.py:183} INFO - Processing /opt/airflow/dags/sdp_pipeline_dag.py took 0.111 seconds
[2026-07-16T09:15:25.766+0000] {processor.py:161} INFO - Started process (PID=954) to work on /opt/airflow/dags/sdp_pipeline_dag.py
[2026-07-16T09:15:25.767+0000] {processor.py:830} INFO - Processing file /opt/airflow/dags/sdp_pipeline_dag.py for tasks to queue
[2026-07-16T09:15:25.770+0000] {logging_mixin.py:188} INFO - [2026-07-16T09:15:25.770+0000] {dagbag.py:540} INFO - Filling up the DagBag from /opt/airflow/dags/sdp_pipeline_dag.py
[2026-07-16T09:15:25.795+0000] {processor.py:840} INFO - DAG(s) 'e-commerce_kafka_streaming_pipeline_v1' retrieved from /opt/airflow/dags/sdp_pipeline_dag.py
[2026-07-16T09:15:25.825+0000] {logging_mixin.py:188} INFO - [2026-07-16T09:15:25.825+0000] {dag.py:3096} INFO - Sync 1 DAGs
[2026-07-16T09:15:25.849+0000] {logging_mixin.py:188} INFO - [2026-07-16T09:15:25.849+0000] {dag.py:3954} INFO - Setting next_dagrun for e-commerce_kafka_streaming_pipeline_v1 to 2026-07-16 09:00:00+00:00, run_after=2026-07-16 10:00:00+00:00
[2026-07-16T09:15:25.870+0000] {processor.py:183} INFO - Processing /opt/airflow/dags/sdp_pipeline_dag.py took 0.110 seconds
[2026-07-16T09:15:56.140+0000] {processor.py:161} INFO - Started process (PID=959) to work on /opt/airflow/dags/sdp_pipeline_dag.py
[2026-07-16T09:15:56.141+0000] {processor.py:830} INFO - Processing file /opt/airflow/dags/sdp_pipeline_dag.py for tasks to queue
[2026-07-16T09:15:56.144+0000] {logging_mixin.py:188} INFO - [2026-07-16T09:15:56.144+0000] {dagbag.py:540} INFO - Filling up the DagBag from /opt/airflow/dags/sdp_pipeline_dag.py
[2026-07-16T09:15:56.168+0000] {processor.py:840} INFO - DAG(s) 'e-commerce_kafka_streaming_pipeline_v1' retrieved from /opt/airflow/dags/sdp_pipeline_dag.py
[2026-07-16T09:15:56.205+0000] {logging_mixin.py:188} INFO - [2026-07-16T09:15:56.205+0000] {dag.py:3096} INFO - Sync 1 DAGs
[2026-07-16T09:15:56.228+0000] {logging_mixin.py:188} INFO - [2026-07-16T09:15:56.228+0000] {dag.py:3954} INFO - Setting next_dagrun for e-commerce_kafka_streaming_pipeline_v1 to 2026-07-16 09:00:00+00:00, run_after=2026-07-16 10:00:00+00:00
[2026-07-16T09:15:56.250+0000] {processor.py:183} INFO - Processing /opt/airflow/dags/sdp_pipeline_dag.py took 0.115 seconds
[2026-07-16T09:16:26.398+0000] {processor.py:161} INFO - Started process (PID=964) to work on /opt/airflow/dags/sdp_pipeline_dag.py
[2026-07-16T09:16:26.402+0000] {processor.py:830} INFO - Processing file /opt/airflow/dags/sdp_pipeline_dag.py for tasks to queue
[2026-07-16T09:16:26.407+0000] {logging_mixin.py:188} INFO - [2026-07-16T09:16:26.406+0000] {dagbag.py:540} INFO - Filling up the DagBag from /opt/airflow/dags/sdp_pipeline_dag.py
[2026-07-16T09:16:26.439+0000] {processor.py:840} INFO - DAG(s) 'e-commerce_kafka_streaming_pipeline_v1' retrieved from /opt/airflow/dags/sdp_pipeline_dag.py
[2026-07-16T09:16:26.473+0000] {logging_mixin.py:188} INFO - [2026-07-16T09:16:26.473+0000] {dag.py:3096} INFO - Sync 1 DAGs
[2026-07-16T09:16:26.499+0000] {logging_mixin.py:188} INFO - [2026-07-16T09:16:26.499+0000] {dag.py:3954} INFO - Setting next_dagrun for e-commerce_kafka_streaming_pipeline_v1 to 2026-07-16 09:00:00+00:00, run_after=2026-07-16 10:00:00+00:00
[2026-07-16T09:16:26.522+0000] {processor.py:183} INFO - Processing /opt/airflow/dags/sdp_pipeline_dag.py took 0.134 seconds
[2026-07-16T09:16:56.745+0000] {processor.py:161} INFO - Started process (PID=969) to work on /opt/airflow/dags/sdp_pipeline_dag.py
[2026-07-16T09:16:56.746+0000] {processor.py:830} INFO - Processing file /opt/airflow/dags/sdp_pipeline_dag.py for tasks to queue
[2026-07-16T09:16:56.749+0000] {logging_mixin.py:188} INFO - [2026-07-16T09:16:56.748+0000] {dagbag.py:540} INFO - Filling up the DagBag from /opt/airflow/dags/sdp_pipeline_dag.py
[2026-07-16T09:16:56.768+0000] {processor.py:840} INFO - DAG(s) 'e-commerce_kafka_streaming_pipeline_v1' retrieved from /opt/airflow/dags/sdp_pipeline_dag.py
[2026-07-16T09:16:56.798+0000] {logging_mixin.py:188} INFO - [2026-07-16T09:16:56.798+0000] {dag.py:3096} INFO - Sync 1 DAGs
[2026-07-16T09:16:56.819+0000] {logging_mixin.py:188} INFO - [2026-07-16T09:16:56.819+0000] {dag.py:3954} INFO - Setting next_dagrun for e-commerce_kafka_streaming_pipeline_v1 to 2026-07-16 09:00:00+00:00, run_after=2026-07-16 10:00:00+00:00
[2026-07-16T09:16:56.838+0000] {processor.py:183} INFO - Processing /opt/airflow/dags/sdp_pipeline_dag.py took 0.100 seconds
[2026-07-16T09:17:27.118+0000] {processor.py:161} INFO - Started process (PID=974) to work on /opt/airflow/dags/sdp_pipeline_dag.py
[2026-07-16T09:17:27.120+0000] {processor.py:830} INFO - Processing file /opt/airflow/dags/sdp_pipeline_dag.py for tasks to queue
[2026-07-16T09:17:27.123+0000] {logging_mixin.py:188} INFO - [2026-07-16T09:17:27.123+0000] {dagbag.py:540} INFO - Filling up the DagBag from /opt/airflow/dags/sdp_pipeline_dag.py
[2026-07-16T09:17:27.153+0000] {processor.py:840} INFO - DAG(s) 'e-commerce_kafka_streaming_pipeline_v1' retrieved from /opt/airflow/dags/sdp_pipeline_dag.py
[2026-07-16T09:17:27.188+0000] {logging_mixin.py:188} INFO - [2026-07-16T09:17:27.188+0000] {dag.py:3096} INFO - Sync 1 DAGs
[2026-07-16T09:17:27.223+0000] {logging_mixin.py:188} INFO - [2026-07-16T09:17:27.223+0000] {dag.py:3954} INFO - Setting next_dagrun for e-commerce_kafka_streaming_pipeline_v1 to 2026-07-16 09:00:00+00:00, run_after=2026-07-16 10:00:00+00:00
[2026-07-16T09:17:27.254+0000] {processor.py:183} INFO - Processing /opt/airflow/dags/sdp_pipeline_dag.py took 0.145 seconds
[2026-07-16T09:17:57.379+0000] {processor.py:161} INFO - Started process (PID=979) to work on /opt/airflow/dags/sdp_pipeline_dag.py
[2026-07-16T09:17:57.380+0000] {processor.py:830} INFO - Processing file /opt/airflow/dags/sdp_pipeline_dag.py for tasks to queue
[2026-07-16T09:17:57.383+0000] {logging_mixin.py:188} INFO - [2026-07-16T09:17:57.383+0000] {dagbag.py:540} INFO - Filling up the DagBag from /opt/airflow/dags/sdp_pipeline_dag.py
[2026-07-16T09:17:57.409+0000] {processor.py:840} INFO - DAG(s) 'e-commerce_kafka_streaming_pipeline_v1' retrieved from /opt/airflow/dags/sdp_pipeline_dag.py
[2026-07-16T09:17:57.436+0000] {logging_mixin.py:188} INFO - [2026-07-16T09:17:57.436+0000] {dag.py:3096} INFO - Sync 1 DAGs
[2026-07-16T09:17:57.458+0000] {logging_mixin.py:188} INFO - [2026-07-16T09:17:57.458+0000] {dag.py:3954} INFO - Setting next_dagrun for e-commerce_kafka_streaming_pipeline_v1 to 2026-07-16 09:00:00+00:00, run_after=2026-07-16 10:00:00+00:00
[2026-07-16T09:17:57.478+0000] {processor.py:183} INFO - Processing /opt/airflow/dags/sdp_pipeline_dag.py took 0.106 seconds
[2026-07-16T09:18:27.797+0000] {processor.py:161} INFO - Started process (PID=984) to work on /opt/airflow/dags/sdp_pipeline_dag.py
[2026-07-16T09:18:27.799+0000] {processor.py:830} INFO - Processing file /opt/airflow/dags/sdp_pipeline_dag.py for tasks to queue
[2026-07-16T09:18:27.802+0000] {logging_mixin.py:188} INFO - [2026-07-16T09:18:27.801+0000] {dagbag.py:540} INFO - Filling up the DagBag from /opt/airflow/dags/sdp_pipeline_dag.py
[2026-07-16T09:18:27.827+0000] {processor.py:840} INFO - DAG(s) 'e-commerce_kafka_streaming_pipeline_v1' retrieved from /opt/airflow/dags/sdp_pipeline_dag.py
[2026-07-16T09:18:27.856+0000] {logging_mixin.py:188} INFO - [2026-07-16T09:18:27.856+0000] {dag.py:3096} INFO - Sync 1 DAGs
[2026-07-16T09:18:27.878+0000] {logging_mixin.py:188} INFO - [2026-07-16T09:18:27.878+0000] {dag.py:3954} INFO - Setting next_dagrun for e-commerce_kafka_streaming_pipeline_v1 to 2026-07-16 09:00:00+00:00, run_after=2026-07-16 10:00:00+00:00
[2026-07-16T09:18:27.897+0000] {processor.py:183} INFO - Processing /opt/airflow/dags/sdp_pipeline_dag.py took 0.107 seconds
[2026-07-16T09:18:58.105+0000] {processor.py:161} INFO - Started process (PID=989) to work on /opt/airflow/dags/sdp_pipeline_dag.py
[2026-07-16T09:18:58.107+0000] {processor.py:830} INFO - Processing file /opt/airflow/dags/sdp_pipeline_dag.py for tasks to queue
[2026-07-16T09:18:58.110+0000] {logging_mixin.py:188} INFO - [2026-07-16T09:18:58.110+0000] {dagbag.py:540} INFO - Filling up the DagBag from /opt/airflow/dags/sdp_pipeline_dag.py
[2026-07-16T09:18:58.136+0000] {processor.py:840} INFO - DAG(s) 'e-commerce_kafka_streaming_pipeline_v1' retrieved from /opt/airflow/dags/sdp_pipeline_dag.py
[2026-07-16T09:18:58.161+0000] {logging_mixin.py:188} INFO - [2026-07-16T09:18:58.161+0000] {dag.py:3096} INFO - Sync 1 DAGs
[2026-07-16T09:18:58.183+0000] {logging_mixin.py:188} INFO - [2026-07-16T09:18:58.182+0000] {dag.py:3954} INFO - Setting next_dagrun for e-commerce_kafka_streaming_pipeline_v1 to 2026-07-16 09:00:00+00:00, run_after=2026-07-16 10:00:00+00:00
[2026-07-16T09:18:58.206+0000] {processor.py:183} INFO - Processing /opt/airflow/dags/sdp_pipeline_dag.py took 0.111 seconds
[2026-07-16T09:19:28.380+0000] {processor.py:161} INFO - Started process (PID=994) to work on /opt/airflow/dags/sdp_pipeline_dag.py
[2026-07-16T09:19:28.381+0000] {processor.py:830} INFO - Processing file /opt/airflow/dags/sdp_pipeline_dag.py for tasks to queue
[2026-07-16T09:19:28.384+0000] {logging_mixin.py:188} INFO - [2026-07-16T09:19:28.384+0000] {dagbag.py:540} INFO - Filling up the DagBag from /opt/airflow/dags/sdp_pipeline_dag.py
[2026-07-16T09:19:28.408+0000] {processor.py:840} INFO - DAG(s) 'e-commerce_kafka_streaming_pipeline_v1' retrieved from /opt/airflow/dags/sdp_pipeline_dag.py
[2026-07-16T09:19:28.437+0000] {logging_mixin.py:188} INFO - [2026-07-16T09:19:28.436+0000] {dag.py:3096} INFO - Sync 1 DAGs
[2026-07-16T09:19:28.458+0000] {logging_mixin.py:188} INFO - [2026-07-16T09:19:28.458+0000] {dag.py:3954} INFO - Setting next_dagrun for e-commerce_kafka_streaming_pipeline_v1 to 2026-07-16 09:00:00+00:00, run_after=2026-07-16 10:00:00+00:00
[2026-07-16T09:19:28.476+0000] {processor.py:183} INFO - Processing /opt/airflow/dags/sdp_pipeline_dag.py took 0.105 seconds
[2026-07-16T09:19:58.672+0000] {processor.py:161} INFO - Started process (PID=999) to work on /opt/airflow/dags/sdp_pipeline_dag.py
[2026-07-16T09:19:58.674+0000] {processor.py:830} INFO - Processing file /opt/airflow/dags/sdp_pipeline_dag.py for tasks to queue
[2026-07-16T09:19:58.677+0000] {logging_mixin.py:188} INFO - [2026-07-16T09:19:58.677+0000] {dagbag.py:540} INFO - Filling up the DagBag from /opt/airflow/dags/sdp_pipeline_dag.py
[2026-07-16T09:19:58.706+0000] {processor.py:840} INFO - DAG(s) 'e-commerce_kafka_streaming_pipeline_v1' retrieved from /opt/airflow/dags/sdp_pipeline_dag.py
[2026-07-16T09:19:58.737+0000] {logging_mixin.py:188} INFO - [2026-07-16T09:19:58.736+0000] {dag.py:3096} INFO - Sync 1 DAGs
[2026-07-16T09:19:58.761+0000] {logging_mixin.py:188} INFO - [2026-07-16T09:19:58.761+0000] {dag.py:3954} INFO - Setting next_dagrun for e-commerce_kafka_streaming_pipeline_v1 to 2026-07-16 09:00:00+00:00, run_after=2026-07-16 10:00:00+00:00
[2026-07-16T09:19:58.782+0000] {processor.py:183} INFO - Processing /opt/airflow/dags/sdp_pipeline_dag.py took 0.117 seconds
[2026-07-16T09:20:29.018+0000] {processor.py:161} INFO - Started process (PID=1004) to work on /opt/airflow/dags/sdp_pipeline_dag.py
[2026-07-16T09:20:29.020+0000] {processor.py:830} INFO - Processing file /opt/airflow/dags/sdp_pipeline_dag.py for tasks to queue
[2026-07-16T09:20:29.022+0000] {logging_mixin.py:188} INFO - [2026-07-16T09:20:29.022+0000] {dagbag.py:540} INFO - Filling up the DagBag from /opt/airflow/dags/sdp_pipeline_dag.py
[2026-07-16T09:20:29.050+0000] {processor.py:840} INFO - DAG(s) 'e-commerce_kafka_streaming_pipeline_v1' retrieved from /opt/airflow/dags/sdp_pipeline_dag.py
[2026-07-16T09:20:29.078+0000] {logging_mixin.py:188} INFO - [2026-07-16T09:20:29.077+0000] {dag.py:3096} INFO - Sync 1 DAGs
[2026-07-16T09:20:29.103+0000] {logging_mixin.py:188} INFO - [2026-07-16T09:20:29.103+0000] {dag.py:3954} INFO - Setting next_dagrun for e-commerce_kafka_streaming_pipeline_v1 to 2026-07-16 09:00:00+00:00, run_after=2026-07-16 10:00:00+00:00
[2026-07-16T09:20:29.120+0000] {processor.py:183} INFO - Processing /opt/airflow/dags/sdp_pipeline_dag.py took 0.109 seconds
[2026-07-16T09:20:59.282+0000] {processor.py:161} INFO - Started process (PID=1009) to work on /opt/airflow/dags/sdp_pipeline_dag.py
[2026-07-16T09:20:59.285+0000] {processor.py:830} INFO - Processing file /opt/airflow/dags/sdp_pipeline_dag.py for tasks to queue
[2026-07-16T09:20:59.288+0000] {logging_mixin.py:188} INFO - [2026-07-16T09:20:59.287+0000] {dagbag.py:540} INFO - Filling up the DagBag from /opt/airflow/dags/sdp_pipeline_dag.py
[2026-07-16T09:20:59.321+0000] {processor.py:840} INFO - DAG(s) 'e-commerce_kafka_streaming_pipeline_v1' retrieved from /opt/airflow/dags/sdp_pipeline_dag.py
[2026-07-16T09:20:59.351+0000] {logging_mixin.py:188} INFO - [2026-07-16T09:20:59.351+0000] {dag.py:3096} INFO - Sync 1 DAGs
[2026-07-16T09:20:59.377+0000] {logging_mixin.py:188} INFO - [2026-07-16T09:20:59.377+0000] {dag.py:3954} INFO - Setting next_dagrun for e-commerce_kafka_streaming_pipeline_v1 to 2026-07-16 09:00:00+00:00, run_after=2026-07-16 10:00:00+00:00
[2026-07-16T09:20:59.400+0000] {processor.py:183} INFO - Processing /opt/airflow/dags/sdp_pipeline_dag.py took 0.123 seconds
[2026-07-16T09:21:29.676+0000] {processor.py:161} INFO - Started process (PID=1014) to work on /opt/airflow/dags/sdp_pipeline_dag.py
[2026-07-16T09:21:29.678+0000] {processor.py:830} INFO - Processing file /opt/airflow/dags/sdp_pipeline_dag.py for tasks to queue
[2026-07-16T09:21:29.681+0000] {logging_mixin.py:188} INFO - [2026-07-16T09:21:29.680+0000] {dagbag.py:540} INFO - Filling up the DagBag from /opt/airflow/dags/sdp_pipeline_dag.py
[2026-07-16T09:21:29.709+0000] {processor.py:840} INFO - DAG(s) 'e-commerce_kafka_streaming_pipeline_v1' retrieved from /opt/airflow/dags/sdp_pipeline_dag.py
[2026-07-16T09:21:29.738+0000] {logging_mixin.py:188} INFO - [2026-07-16T09:21:29.738+0000] {dag.py:3096} INFO - Sync 1 DAGs
[2026-07-16T09:21:29.761+0000] {logging_mixin.py:188} INFO - [2026-07-16T09:21:29.761+0000] {dag.py:3954} INFO - Setting next_dagrun for e-commerce_kafka_streaming_pipeline_v1 to 2026-07-16 09:00:00+00:00, run_after=2026-07-16 10:00:00+00:00
[2026-07-16T09:21:29.782+0000] {processor.py:183} INFO - Processing /opt/airflow/dags/sdp_pipeline_dag.py took 0.113 seconds
[2026-07-16T09:21:59.956+0000] {processor.py:161} INFO - Started process (PID=1019) to work on /opt/airflow/dags/sdp_pipeline_dag.py
[2026-07-16T09:21:59.958+0000] {processor.py:830} INFO - Processing file /opt/airflow/dags/sdp_pipeline_dag.py for tasks to queue
[2026-07-16T09:21:59.960+0000] {logging_mixin.py:188} INFO - [2026-07-16T09:21:59.960+0000] {dagbag.py:540} INFO - Filling up the DagBag from /opt/airflow/dags/sdp_pipeline_dag.py
[2026-07-16T09:21:59.981+0000] {processor.py:840} INFO - DAG(s) 'e-commerce_kafka_streaming_pipeline_v1' retrieved from /opt/airflow/dags/sdp_pipeline_dag.py
[2026-07-16T09:22:00.011+0000] {logging_mixin.py:188} INFO - [2026-07-16T09:22:00.010+0000] {dag.py:3096} INFO - Sync 1 DAGs
[2026-07-16T09:22:00.040+0000] {logging_mixin.py:188} INFO - [2026-07-16T09:22:00.039+0000] {dag.py:3954} INFO - Setting next_dagrun for e-commerce_kafka_streaming_pipeline_v1 to 2026-07-16 09:00:00+00:00, run_after=2026-07-16 10:00:00+00:00
[2026-07-16T09:22:00.063+0000] {processor.py:183} INFO - Processing /opt/airflow/dags/sdp_pipeline_dag.py took 0.113 seconds
[2026-07-16T09:22:30.371+0000] {processor.py:161} INFO - Started process (PID=1024) to work on /opt/airflow/dags/sdp_pipeline_dag.py
[2026-07-16T09:22:30.372+0000] {processor.py:830} INFO - Processing file /opt/airflow/dags/sdp_pipeline_dag.py for tasks to queue
[2026-07-16T09:22:30.376+0000] {logging_mixin.py:188} INFO - [2026-07-16T09:22:30.375+0000] {dagbag.py:540} INFO - Filling up the DagBag from /opt/airflow/dags/sdp_pipeline_dag.py
[2026-07-16T09:22:30.403+0000] {processor.py:840} INFO - DAG(s) 'e-commerce_kafka_streaming_pipeline_v1' retrieved from /opt/airflow/dags/sdp_pipeline_dag.py
[2026-07-16T09:22:30.438+0000] {logging_mixin.py:188} INFO - [2026-07-16T09:22:30.438+0000] {dag.py:3096} INFO - Sync 1 DAGs
[2026-07-16T09:22:30.468+0000] {logging_mixin.py:188} INFO - [2026-07-16T09:22:30.468+0000] {dag.py:3954} INFO - Setting next_dagrun for e-commerce_kafka_streaming_pipeline_v1 to 2026-07-16 09:00:00+00:00, run_after=2026-07-16 10:00:00+00:00
[2026-07-16T09:22:30.488+0000] {processor.py:183} INFO - Processing /opt/airflow/dags/sdp_pipeline_dag.py took 0.124 seconds
[2026-07-16T09:23:00.638+0000] {processor.py:161} INFO - Started process (PID=1029) to work on /opt/airflow/dags/sdp_pipeline_dag.py
[2026-07-16T09:23:00.640+0000] {processor.py:830} INFO - Processing file /opt/airflow/dags/sdp_pipeline_dag.py for tasks to queue
[2026-07-16T09:23:00.643+0000] {logging_mixin.py:188} INFO - [2026-07-16T09:23:00.642+0000] {dagbag.py:540} INFO - Filling up the DagBag from /opt/airflow/dags/sdp_pipeline_dag.py
[2026-07-16T09:23:00.663+0000] {processor.py:840} INFO - DAG(s) 'e-commerce_kafka_streaming_pipeline_v1' retrieved from /opt/airflow/dags/sdp_pipeline_dag.py
[2026-07-16T09:23:00.693+0000] {logging_mixin.py:188} INFO - [2026-07-16T09:23:00.692+0000] {dag.py:3096} INFO - Sync 1 DAGs
[2026-07-16T09:23:00.715+0000] {logging_mixin.py:188} INFO - [2026-07-16T09:23:00.715+0000] {dag.py:3954} INFO - Setting next_dagrun for e-commerce_kafka_streaming_pipeline_v1 to 2026-07-16 09:00:00+00:00, run_after=2026-07-16 10:00:00+00:00
[2026-07-16T09:23:00.738+0000] {processor.py:183} INFO - Processing /opt/airflow/dags/sdp_pipeline_dag.py took 0.108 seconds
[2026-07-16T09:23:31.021+0000] {processor.py:161} INFO - Started process (PID=1034) to work on /opt/airflow/dags/sdp_pipeline_dag.py
[2026-07-16T09:23:31.022+0000] {processor.py:830} INFO - Processing file /opt/airflow/dags/sdp_pipeline_dag.py for tasks to queue
[2026-07-16T09:23:31.025+0000] {logging_mixin.py:188} INFO - [2026-07-16T09:23:31.024+0000] {dagbag.py:540} INFO - Filling up the DagBag from /opt/airflow/dags/sdp_pipeline_dag.py
[2026-07-16T09:23:31.051+0000] {processor.py:840} INFO - DAG(s) 'e-commerce_kafka_streaming_pipeline_v1' retrieved from /opt/airflow/dags/sdp_pipeline_dag.py
[2026-07-16T09:23:31.079+0000] {logging_mixin.py:188} INFO - [2026-07-16T09:23:31.079+0000] {dag.py:3096} INFO - Sync 1 DAGs
[2026-07-16T09:23:31.102+0000] {logging_mixin.py:188} INFO - [2026-07-16T09:23:31.101+0000] {dag.py:3954} INFO - Setting next_dagrun for e-commerce_kafka_streaming_pipeline_v1 to 2026-07-16 09:00:00+00:00, run_after=2026-07-16 10:00:00+00:00
[2026-07-16T09:23:31.122+0000] {processor.py:183} INFO - Processing /opt/airflow/dags/sdp_pipeline_dag.py took 0.107 seconds
[2026-07-16T09:24:01.308+0000] {processor.py:161} INFO - Started process (PID=1039) to work on /opt/airflow/dags/sdp_pipeline_dag.py
[2026-07-16T09:24:01.310+0000] {processor.py:830} INFO - Processing file /opt/airflow/dags/sdp_pipeline_dag.py for tasks to queue
[2026-07-16T09:24:01.314+0000] {logging_mixin.py:188} INFO - [2026-07-16T09:24:01.314+0000] {dagbag.py:540} INFO - Filling up the DagBag from /opt/airflow/dags/sdp_pipeline_dag.py
[2026-07-16T09:24:01.350+0000] {processor.py:840} INFO - DAG(s) 'e-commerce_kafka_streaming_pipeline_v1' retrieved from /opt/airflow/dags/sdp_pipeline_dag.py
[2026-07-16T09:24:01.378+0000] {logging_mixin.py:188} INFO - [2026-07-16T09:24:01.378+0000] {dag.py:3096} INFO - Sync 1 DAGs
[2026-07-16T09:24:01.404+0000] {logging_mixin.py:188} INFO - [2026-07-16T09:24:01.404+0000] {dag.py:3954} INFO - Setting next_dagrun for e-commerce_kafka_streaming_pipeline_v1 to 2026-07-16 09:00:00+00:00, run_after=2026-07-16 10:00:00+00:00
[2026-07-16T09:24:01.426+0000] {processor.py:183} INFO - Processing /opt/airflow/dags/sdp_pipeline_dag.py took 0.127 seconds
[2026-07-16T09:24:31.616+0000] {processor.py:161} INFO - Started process (PID=1044) to work on /opt/airflow/dags/sdp_pipeline_dag.py
[2026-07-16T09:24:31.618+0000] {processor.py:830} INFO - Processing file /opt/airflow/dags/sdp_pipeline_dag.py for tasks to queue
[2026-07-16T09:24:31.621+0000] {logging_mixin.py:188} INFO - [2026-07-16T09:24:31.621+0000] {dagbag.py:540} INFO - Filling up the DagBag from /opt/airflow/dags/sdp_pipeline_dag.py
[2026-07-16T09:24:31.668+0000] {processor.py:840} INFO - DAG(s) 'e-commerce_kafka_streaming_pipeline_v1' retrieved from /opt/airflow/dags/sdp_pipeline_dag.py
[2026-07-16T09:24:31.704+0000] {logging_mixin.py:188} INFO - [2026-07-16T09:24:31.703+0000] {dag.py:3096} INFO - Sync 1 DAGs
[2026-07-16T09:24:31.731+0000] {logging_mixin.py:188} INFO - [2026-07-16T09:24:31.731+0000] {dag.py:3954} INFO - Setting next_dagrun for e-commerce_kafka_streaming_pipeline_v1 to 2026-07-16 09:00:00+00:00, run_after=2026-07-16 10:00:00+00:00
[2026-07-16T09:24:31.753+0000] {processor.py:183} INFO - Processing /opt/airflow/dags/sdp_pipeline_dag.py took 0.145 seconds
[2026-07-16T09:25:01.901+0000] {processor.py:161} INFO - Started process (PID=1049) to work on /opt/airflow/dags/sdp_pipeline_dag.py
[2026-07-16T09:25:01.902+0000] {processor.py:830} INFO - Processing file /opt/airflow/dags/sdp_pipeline_dag.py for tasks to queue
[2026-07-16T09:25:01.905+0000] {logging_mixin.py:188} INFO - [2026-07-16T09:25:01.904+0000] {dagbag.py:540} INFO - Filling up the DagBag from /opt/airflow/dags/sdp_pipeline_dag.py
[2026-07-16T09:25:01.931+0000] {processor.py:840} INFO - DAG(s) 'e-commerce_kafka_streaming_pipeline_v1' retrieved from /opt/airflow/dags/sdp_pipeline_dag.py
[2026-07-16T09:25:01.968+0000] {logging_mixin.py:188} INFO - [2026-07-16T09:25:01.968+0000] {dag.py:3096} INFO - Sync 1 DAGs
[2026-07-16T09:25:02.000+0000] {logging_mixin.py:188} INFO - [2026-07-16T09:25:01.999+0000] {dag.py:3954} INFO - Setting next_dagrun for e-commerce_kafka_streaming_pipeline_v1 to 2026-07-16 09:00:00+00:00, run_after=2026-07-16 10:00:00+00:00
[2026-07-16T09:25:02.023+0000] {processor.py:183} INFO - Processing /opt/airflow/dags/sdp_pipeline_dag.py took 0.130 seconds
[2026-07-16T09:25:32.242+0000] {processor.py:161} INFO - Started process (PID=1054) to work on /opt/airflow/dags/sdp_pipeline_dag.py
[2026-07-16T09:25:32.244+0000] {processor.py:830} INFO - Processing file /opt/airflow/dags/sdp_pipeline_dag.py for tasks to queue
[2026-07-16T09:25:32.248+0000] {logging_mixin.py:188} INFO - [2026-07-16T09:25:32.247+0000] {dagbag.py:540} INFO - Filling up the DagBag from /opt/airflow/dags/sdp_pipeline_dag.py
[2026-07-16T09:25:32.277+0000] {processor.py:840} INFO - DAG(s) 'e-commerce_kafka_streaming_pipeline_v1' retrieved from /opt/airflow/dags/sdp_pipeline_dag.py
[2026-07-16T09:25:32.304+0000] {logging_mixin.py:188} INFO - [2026-07-16T09:25:32.304+0000] {dag.py:3096} INFO - Sync 1 DAGs
[2026-07-16T09:25:32.336+0000] {logging_mixin.py:188} INFO - [2026-07-16T09:25:32.336+0000] {dag.py:3954} INFO - Setting next_dagrun for e-commerce_kafka_streaming_pipeline_v1 to 2026-07-16 09:00:00+00:00, run_after=2026-07-16 10:00:00+00:00
[2026-07-16T09:25:32.363+0000] {processor.py:183} INFO - Processing /opt/airflow/dags/sdp_pipeline_dag.py took 0.128 seconds
[2026-07-16T09:26:02.540+0000] {processor.py:161} INFO - Started process (PID=1059) to work on /opt/airflow/dags/sdp_pipeline_dag.py
[2026-07-16T09:26:02.543+0000] {processor.py:830} INFO - Processing file /opt/airflow/dags/sdp_pipeline_dag.py for tasks to queue
[2026-07-16T09:26:02.547+0000] {logging_mixin.py:188} INFO - [2026-07-16T09:26:02.546+0000] {dagbag.py:540} INFO - Filling up the DagBag from /opt/airflow/dags/sdp_pipeline_dag.py
[2026-07-16T09:26:02.584+0000] {processor.py:840} INFO - DAG(s) 'e-commerce_kafka_streaming_pipeline_v1' retrieved from /opt/airflow/dags/sdp_pipeline_dag.py
[2026-07-16T09:26:02.639+0000] {logging_mixin.py:188} INFO - [2026-07-16T09:26:02.639+0000] {dag.py:3096} INFO - Sync 1 DAGs
[2026-07-16T09:26:02.675+0000] {logging_mixin.py:188} INFO - [2026-07-16T09:26:02.675+0000] {dag.py:3954} INFO - Setting next_dagrun for e-commerce_kafka_streaming_pipeline_v1 to 2026-07-16 09:00:00+00:00, run_after=2026-07-16 10:00:00+00:00
[2026-07-16T09:26:02.700+0000] {processor.py:183} INFO - Processing /opt/airflow/dags/sdp_pipeline_dag.py took 0.181 seconds
[2026-07-16T09:26:32.911+0000] {processor.py:161} INFO - Started process (PID=1064) to work on /opt/airflow/dags/sdp_pipeline_dag.py
[2026-07-16T09:26:32.913+0000] {processor.py:830} INFO - Processing file /opt/airflow/dags/sdp_pipeline_dag.py for tasks to queue
[2026-07-16T09:26:32.916+0000] {logging_mixin.py:188} INFO - [2026-07-16T09:26:32.916+0000] {dagbag.py:540} INFO - Filling up the DagBag from /opt/airflow/dags/sdp_pipeline_dag.py
[2026-07-16T09:26:32.941+0000] {processor.py:840} INFO - DAG(s) 'e-commerce_kafka_streaming_pipeline_v1' retrieved from /opt/airflow/dags/sdp_pipeline_dag.py
[2026-07-16T09:26:32.971+0000] {logging_mixin.py:188} INFO - [2026-07-16T09:26:32.971+0000] {dag.py:3096} INFO - Sync 1 DAGs
[2026-07-16T09:26:32.995+0000] {logging_mixin.py:188} INFO - [2026-07-16T09:26:32.995+0000] {dag.py:3954} INFO - Setting next_dagrun for e-commerce_kafka_streaming_pipeline_v1 to 2026-07-16 09:00:00+00:00, run_after=2026-07-16 10:00:00+00:00
[2026-07-16T09:26:33.017+0000] {processor.py:183} INFO - Processing /opt/airflow/dags/sdp_pipeline_dag.py took 0.116 seconds
[2026-07-16T09:27:03.261+0000] {processor.py:161} INFO - Started process (PID=1069) to work on /opt/airflow/dags/sdp_pipeline_dag.py
[2026-07-16T09:27:03.262+0000] {processor.py:830} INFO - Processing file /opt/airflow/dags/sdp_pipeline_dag.py for tasks to queue
[2026-07-16T09:27:03.265+0000] {logging_mixin.py:188} INFO - [2026-07-16T09:27:03.264+0000] {dagbag.py:540} INFO - Filling up the DagBag from /opt/airflow/dags/sdp_pipeline_dag.py
[2026-07-16T09:27:03.287+0000] {processor.py:840} INFO - DAG(s) 'e-commerce_kafka_streaming_pipeline_v1' retrieved from /opt/airflow/dags/sdp_pipeline_dag.py
[2026-07-16T09:27:03.313+0000] {logging_mixin.py:188} INFO - [2026-07-16T09:27:03.312+0000] {dag.py:3096} INFO - Sync 1 DAGs
[2026-07-16T09:27:03.335+0000] {logging_mixin.py:188} INFO - [2026-07-16T09:27:03.335+0000] {dag.py:3954} INFO - Setting next_dagrun for e-commerce_kafka_streaming_pipeline_v1 to 2026-07-16 09:00:00+00:00, run_after=2026-07-16 10:00:00+00:00
[2026-07-16T09:27:03.354+0000] {processor.py:183} INFO - Processing /opt/airflow/dags/sdp_pipeline_dag.py took 0.099 seconds
[2026-07-16T09:27:33.620+0000] {processor.py:161} INFO - Started process (PID=1074) to work on /opt/airflow/dags/sdp_pipeline_dag.py
[2026-07-16T09:27:33.622+0000] {processor.py:830} INFO - Processing file /opt/airflow/dags/sdp_pipeline_dag.py for tasks to queue
[2026-07-16T09:27:33.626+0000] {logging_mixin.py:188} INFO - [2026-07-16T09:27:33.625+0000] {dagbag.py:540} INFO - Filling up the DagBag from /opt/airflow/dags/sdp_pipeline_dag.py
[2026-07-16T09:27:33.652+0000] {processor.py:840} INFO - DAG(s) 'e-commerce_kafka_streaming_pipeline_v1' retrieved from /opt/airflow/dags/sdp_pipeline_dag.py
[2026-07-16T09:27:33.688+0000] {logging_mixin.py:188} INFO - [2026-07-16T09:27:33.688+0000] {dag.py:3096} INFO - Sync 1 DAGs
[2026-07-16T09:27:33.714+0000] {logging_mixin.py:188} INFO - [2026-07-16T09:27:33.714+0000] {dag.py:3954} INFO - Setting next_dagrun for e-commerce_kafka_streaming_pipeline_v1 to 2026-07-16 09:00:00+00:00, run_after=2026-07-16 10:00:00+00:00
[2026-07-16T09:27:33.743+0000] {processor.py:183} INFO - Processing /opt/airflow/dags/sdp_pipeline_dag.py took 0.129 seconds
[2026-07-16T09:28:03.880+0000] {processor.py:161} INFO - Started process (PID=1079) to work on /opt/airflow/dags/sdp_pipeline_dag.py
[2026-07-16T09:28:03.883+0000] {processor.py:830} INFO - Processing file /opt/airflow/dags/sdp_pipeline_dag.py for tasks to queue
[2026-07-16T09:28:03.886+0000] {logging_mixin.py:188} INFO - [2026-07-16T09:28:03.886+0000] {dagbag.py:540} INFO - Filling up the DagBag from /opt/airflow/dags/sdp_pipeline_dag.py
[2026-07-16T09:28:03.919+0000] {processor.py:840} INFO - DAG(s) 'e-commerce_kafka_streaming_pipeline_v1' retrieved from /opt/airflow/dags/sdp_pipeline_dag.py
[2026-07-16T09:28:03.969+0000] {logging_mixin.py:188} INFO - [2026-07-16T09:28:03.969+0000] {dag.py:3096} INFO - Sync 1 DAGs
[2026-07-16T09:28:04.000+0000] {logging_mixin.py:188} INFO - [2026-07-16T09:28:04.000+0000] {dag.py:3954} INFO - Setting next_dagrun for e-commerce_kafka_streaming_pipeline_v1 to 2026-07-16 09:00:00+00:00, run_after=2026-07-16 10:00:00+00:00
[2026-07-16T09:28:04.035+0000] {processor.py:183} INFO - Processing /opt/airflow/dags/sdp_pipeline_dag.py took 0.164 seconds
[2026-07-16T09:28:34.298+0000] {processor.py:161} INFO - Started process (PID=1084) to work on /opt/airflow/dags/sdp_pipeline_dag.py
[2026-07-16T09:28:34.299+0000] {processor.py:830} INFO - Processing file /opt/airflow/dags/sdp_pipeline_dag.py for tasks to queue
[2026-07-16T09:28:34.302+0000] {logging_mixin.py:188} INFO - [2026-07-16T09:28:34.301+0000] {dagbag.py:540} INFO - Filling up the DagBag from /opt/airflow/dags/sdp_pipeline_dag.py
[2026-07-16T09:28:34.329+0000] {processor.py:840} INFO - DAG(s) 'e-commerce_kafka_streaming_pipeline_v1' retrieved from /opt/airflow/dags/sdp_pipeline_dag.py
[2026-07-16T09:28:34.356+0000] {logging_mixin.py:188} INFO - [2026-07-16T09:28:34.356+0000] {dag.py:3096} INFO - Sync 1 DAGs
[2026-07-16T09:28:34.381+0000] {logging_mixin.py:188} INFO - [2026-07-16T09:28:34.381+0000] {dag.py:3954} INFO - Setting next_dagrun for e-commerce_kafka_streaming_pipeline_v1 to 2026-07-16 09:00:00+00:00, run_after=2026-07-16 10:00:00+00:00
[2026-07-16T09:28:34.401+0000] {processor.py:183} INFO - Processing /opt/airflow/dags/sdp_pipeline_dag.py took 0.109 seconds
[2026-07-16T09:29:04.600+0000] {processor.py:161} INFO - Started process (PID=1089) to work on /opt/airflow/dags/sdp_pipeline_dag.py
[2026-07-16T09:29:04.602+0000] {processor.py:830} INFO - Processing file /opt/airflow/dags/sdp_pipeline_dag.py for tasks to queue
[2026-07-16T09:29:04.608+0000] {logging_mixin.py:188} INFO - [2026-07-16T09:29:04.607+0000] {dagbag.py:540} INFO - Filling up the DagBag from /opt/airflow/dags/sdp_pipeline_dag.py
[2026-07-16T09:29:04.643+0000] {processor.py:840} INFO - DAG(s) 'e-commerce_kafka_streaming_pipeline_v1' retrieved from /opt/airflow/dags/sdp_pipeline_dag.py
[2026-07-16T09:29:04.678+0000] {logging_mixin.py:188} INFO - [2026-07-16T09:29:04.678+0000] {dag.py:3096} INFO - Sync 1 DAGs
[2026-07-16T09:29:04.703+0000] {logging_mixin.py:188} INFO - [2026-07-16T09:29:04.703+0000] {dag.py:3954} INFO - Setting next_dagrun for e-commerce_kafka_streaming_pipeline_v1 to 2026-07-16 09:00:00+00:00, run_after=2026-07-16 10:00:00+00:00
[2026-07-16T09:29:04.725+0000] {processor.py:183} INFO - Processing /opt/airflow/dags/sdp_pipeline_dag.py took 0.134 seconds
[2026-07-16T09:29:34.994+0000] {processor.py:161} INFO - Started process (PID=1094) to work on /opt/airflow/dags/sdp_pipeline_dag.py
[2026-07-16T09:29:34.996+0000] {processor.py:830} INFO - Processing file /opt/airflow/dags/sdp_pipeline_dag.py for tasks to queue
[2026-07-16T09:29:35.001+0000] {logging_mixin.py:188} INFO - [2026-07-16T09:29:35.000+0000] {dagbag.py:540} INFO - Filling up the DagBag from /opt/airflow/dags/sdp_pipeline_dag.py
[2026-07-16T09:29:35.034+0000] {processor.py:840} INFO - DAG(s) 'e-commerce_kafka_streaming_pipeline_v1' retrieved from /opt/airflow/dags/sdp_pipeline_dag.py
[2026-07-16T09:29:35.068+0000] {logging_mixin.py:188} INFO - [2026-07-16T09:29:35.068+0000] {dag.py:3096} INFO - Sync 1 DAGs
[2026-07-16T09:29:35.097+0000] {logging_mixin.py:188} INFO - [2026-07-16T09:29:35.097+0000] {dag.py:3954} INFO - Setting next_dagrun for e-commerce_kafka_streaming_pipeline_v1 to 2026-07-16 09:00:00+00:00, run_after=2026-07-16 10:00:00+00:00
[2026-07-16T09:29:35.119+0000] {processor.py:183} INFO - Processing /opt/airflow/dags/sdp_pipeline_dag.py took 0.138 seconds
[2026-07-16T09:30:05.246+0000] {processor.py:161} INFO - Started process (PID=1099) to work on /opt/airflow/dags/sdp_pipeline_dag.py
[2026-07-16T09:30:05.248+0000] {processor.py:830} INFO - Processing file /opt/airflow/dags/sdp_pipeline_dag.py for tasks to queue
[2026-07-16T09:30:05.252+0000] {logging_mixin.py:188} INFO - [2026-07-16T09:30:05.251+0000] {dagbag.py:540} INFO - Filling up the DagBag from /opt/airflow/dags/sdp_pipeline_dag.py
[2026-07-16T09:30:05.285+0000] {processor.py:840} INFO - DAG(s) 'e-commerce_kafka_streaming_pipeline_v1' retrieved from /opt/airflow/dags/sdp_pipeline_dag.py
[2026-07-16T09:30:05.321+0000] {logging_mixin.py:188} INFO - [2026-07-16T09:30:05.320+0000] {dag.py:3096} INFO - Sync 1 DAGs
[2026-07-16T09:30:05.358+0000] {logging_mixin.py:188} INFO - [2026-07-16T09:30:05.358+0000] {dag.py:3954} INFO - Setting next_dagrun for e-commerce_kafka_streaming_pipeline_v1 to 2026-07-16 09:00:00+00:00, run_after=2026-07-16 10:00:00+00:00
[2026-07-16T09:30:05.388+0000] {processor.py:183} INFO - Processing /opt/airflow/dags/sdp_pipeline_dag.py took 0.152 seconds
[2026-07-16T09:30:35.605+0000] {processor.py:161} INFO - Started process (PID=1104) to work on /opt/airflow/dags/sdp_pipeline_dag.py
[2026-07-16T09:30:35.607+0000] {processor.py:830} INFO - Processing file /opt/airflow/dags/sdp_pipeline_dag.py for tasks to queue
[2026-07-16T09:30:35.611+0000] {logging_mixin.py:188} INFO - [2026-07-16T09:30:35.611+0000] {dagbag.py:540} INFO - Filling up the DagBag from /opt/airflow/dags/sdp_pipeline_dag.py
[2026-07-16T09:30:35.636+0000] {processor.py:840} INFO - DAG(s) 'e-commerce_kafka_streaming_pipeline_v1' retrieved from /opt/airflow/dags/sdp_pipeline_dag.py
[2026-07-16T09:30:35.670+0000] {logging_mixin.py:188} INFO - [2026-07-16T09:30:35.670+0000] {dag.py:3096} INFO - Sync 1 DAGs
[2026-07-16T09:30:35.692+0000] {logging_mixin.py:188} INFO - [2026-07-16T09:30:35.692+0000] {dag.py:3954} INFO - Setting next_dagrun for e-commerce_kafka_streaming_pipeline_v1 to 2026-07-16 09:00:00+00:00, run_after=2026-07-16 10:00:00+00:00
[2026-07-16T09:30:35.713+0000] {processor.py:183} INFO - Processing /opt/airflow/dags/sdp_pipeline_dag.py took 0.119 seconds
[2026-07-16T09:31:05.853+0000] {processor.py:161} INFO - Started process (PID=1109) to work on /opt/airflow/dags/sdp_pipeline_dag.py
[2026-07-16T09:31:05.855+0000] {processor.py:830} INFO - Processing file /opt/airflow/dags/sdp_pipeline_dag.py for tasks to queue
[2026-07-16T09:31:05.858+0000] {logging_mixin.py:188} INFO - [2026-07-16T09:31:05.858+0000] {dagbag.py:540} INFO - Filling up the DagBag from /opt/airflow/dags/sdp_pipeline_dag.py
[2026-07-16T09:31:05.883+0000] {processor.py:840} INFO - DAG(s) 'e-commerce_kafka_streaming_pipeline_v1' retrieved from /opt/airflow/dags/sdp_pipeline_dag.py
[2026-07-16T09:31:05.931+0000] {logging_mixin.py:188} INFO - [2026-07-16T09:31:05.931+0000] {dag.py:3096} INFO - Sync 1 DAGs
[2026-07-16T09:31:05.964+0000] {logging_mixin.py:188} INFO - [2026-07-16T09:31:05.964+0000] {dag.py:3954} INFO - Setting next_dagrun for e-commerce_kafka_streaming_pipeline_v1 to 2026-07-16 09:00:00+00:00, run_after=2026-07-16 10:00:00+00:00
[2026-07-16T09:31:05.990+0000] {processor.py:183} INFO - Processing /opt/airflow/dags/sdp_pipeline_dag.py took 0.146 seconds
[2026-07-16T09:31:36.203+0000] {processor.py:161} INFO - Started process (PID=1114) to work on /opt/airflow/dags/sdp_pipeline_dag.py
[2026-07-16T09:31:36.204+0000] {processor.py:830} INFO - Processing file /opt/airflow/dags/sdp_pipeline_dag.py for tasks to queue
[2026-07-16T09:31:36.209+0000] {logging_mixin.py:188} INFO - [2026-07-16T09:31:36.208+0000] {dagbag.py:540} INFO - Filling up the DagBag from /opt/airflow/dags/sdp_pipeline_dag.py
[2026-07-16T09:31:36.243+0000] {processor.py:840} INFO - DAG(s) 'e-commerce_kafka_streaming_pipeline_v1' retrieved from /opt/airflow/dags/sdp_pipeline_dag.py
[2026-07-16T09:31:36.283+0000] {logging_mixin.py:188} INFO - [2026-07-16T09:31:36.283+0000] {dag.py:3096} INFO - Sync 1 DAGs
[2026-07-16T09:31:36.312+0000] {logging_mixin.py:188} INFO - [2026-07-16T09:31:36.312+0000] {dag.py:3954} INFO - Setting next_dagrun for e-commerce_kafka_streaming_pipeline_v1 to 2026-07-16 09:00:00+00:00, run_after=2026-07-16 10:00:00+00:00
[2026-07-16T09:31:36.342+0000] {processor.py:183} INFO - Processing /opt/airflow/dags/sdp_pipeline_dag.py took 0.150 seconds
[2026-07-16T09:32:06.476+0000] {processor.py:161} INFO - Started process (PID=1119) to work on /opt/airflow/dags/sdp_pipeline_dag.py
[2026-07-16T09:32:06.478+0000] {processor.py:830} INFO - Processing file /opt/airflow/dags/sdp_pipeline_dag.py for tasks to queue
[2026-07-16T09:32:06.482+0000] {logging_mixin.py:188} INFO - [2026-07-16T09:32:06.482+0000] {dagbag.py:540} INFO - Filling up the DagBag from /opt/airflow/dags/sdp_pipeline_dag.py
[2026-07-16T09:32:06.511+0000] {processor.py:840} INFO - DAG(s) 'e-commerce_kafka_streaming_pipeline_v1' retrieved from /opt/airflow/dags/sdp_pipeline_dag.py
[2026-07-16T09:32:06.541+0000] {logging_mixin.py:188} INFO - [2026-07-16T09:32:06.541+0000] {dag.py:3096} INFO - Sync 1 DAGs
[2026-07-16T09:32:06.566+0000] {logging_mixin.py:188} INFO - [2026-07-16T09:32:06.566+0000] {dag.py:3954} INFO - Setting next_dagrun for e-commerce_kafka_streaming_pipeline_v1 to 2026-07-16 09:00:00+00:00, run_after=2026-07-16 10:00:00+00:00
[2026-07-16T09:32:06.587+0000] {processor.py:183} INFO - Processing /opt/airflow/dags/sdp_pipeline_dag.py took 0.121 seconds
[2026-07-16T09:32:36.981+0000] {processor.py:161} INFO - Started process (PID=1124) to work on /opt/airflow/dags/sdp_pipeline_dag.py
[2026-07-16T09:32:36.984+0000] {processor.py:830} INFO - Processing file /opt/airflow/dags/sdp_pipeline_dag.py for tasks to queue
[2026-07-16T09:32:36.991+0000] {logging_mixin.py:188} INFO - [2026-07-16T09:32:36.990+0000] {dagbag.py:540} INFO - Filling up the DagBag from /opt/airflow/dags/sdp_pipeline_dag.py
[2026-07-16T09:32:37.023+0000] {processor.py:840} INFO - DAG(s) 'e-commerce_kafka_streaming_pipeline_v1' retrieved from /opt/airflow/dags/sdp_pipeline_dag.py
[2026-07-16T09:32:37.063+0000] {logging_mixin.py:188} INFO - [2026-07-16T09:32:37.063+0000] {dag.py:3096} INFO - Sync 1 DAGs
[2026-07-16T09:32:37.104+0000] {logging_mixin.py:188} INFO - [2026-07-16T09:32:37.104+0000] {dag.py:3954} INFO - Setting next_dagrun for e-commerce_kafka_streaming_pipeline_v1 to 2026-07-16 09:00:00+00:00, run_after=2026-07-16 10:00:00+00:00
[2026-07-16T09:32:37.137+0000] {processor.py:183} INFO - Processing /opt/airflow/dags/sdp_pipeline_dag.py took 0.170 seconds
[2026-07-16T09:33:07.253+0000] {processor.py:161} INFO - Started process (PID=1129) to work on /opt/airflow/dags/sdp_pipeline_dag.py
[2026-07-16T09:33:07.254+0000] {processor.py:830} INFO - Processing file /opt/airflow/dags/sdp_pipeline_dag.py for tasks to queue
[2026-07-16T09:33:07.257+0000] {logging_mixin.py:188} INFO - [2026-07-16T09:33:07.257+0000] {dagbag.py:540} INFO - Filling up the DagBag from /opt/airflow/dags/sdp_pipeline_dag.py
[2026-07-16T09:33:07.284+0000] {processor.py:840} INFO - DAG(s) 'e-commerce_kafka_streaming_pipeline_v1' retrieved from /opt/airflow/dags/sdp_pipeline_dag.py
[2026-07-16T09:33:07.312+0000] {logging_mixin.py:188} INFO - [2026-07-16T09:33:07.312+0000] {dag.py:3096} INFO - Sync 1 DAGs
[2026-07-16T09:33:07.335+0000] {logging_mixin.py:188} INFO - [2026-07-16T09:33:07.335+0000] {dag.py:3954} INFO - Setting next_dagrun for e-commerce_kafka_streaming_pipeline_v1 to 2026-07-16 09:00:00+00:00, run_after=2026-07-16 10:00:00+00:00
[2026-07-16T09:33:07.355+0000] {processor.py:183} INFO - Processing /opt/airflow/dags/sdp_pipeline_dag.py took 0.109 seconds
[2026-07-16T09:33:37.532+0000] {processor.py:161} INFO - Started process (PID=1134) to work on /opt/airflow/dags/sdp_pipeline_dag.py
[2026-07-16T09:33:37.538+0000] {processor.py:830} INFO - Processing file /opt/airflow/dags/sdp_pipeline_dag.py for tasks to queue
[2026-07-16T09:33:37.548+0000] {logging_mixin.py:188} INFO - [2026-07-16T09:33:37.546+0000] {dagbag.py:540} INFO - Filling up the DagBag from /opt/airflow/dags/sdp_pipeline_dag.py
[2026-07-16T09:33:37.602+0000] {processor.py:840} INFO - DAG(s) 'e-commerce_kafka_streaming_pipeline_v1' retrieved from /opt/airflow/dags/sdp_pipeline_dag.py
[2026-07-16T09:33:37.645+0000] {logging_mixin.py:188} INFO - [2026-07-16T09:33:37.645+0000] {dag.py:3096} INFO - Sync 1 DAGs
[2026-07-16T09:33:37.676+0000] {logging_mixin.py:188} INFO - [2026-07-16T09:33:37.676+0000] {dag.py:3954} INFO - Setting next_dagrun for e-commerce_kafka_streaming_pipeline_v1 to 2026-07-16 09:00:00+00:00, run_after=2026-07-16 10:00:00+00:00
[2026-07-16T09:33:37.699+0000] {processor.py:183} INFO - Processing /opt/airflow/dags/sdp_pipeline_dag.py took 0.183 seconds
[2026-07-16T09:34:07.843+0000] {processor.py:161} INFO - Started process (PID=1139) to work on /opt/airflow/dags/sdp_pipeline_dag.py
[2026-07-16T09:34:07.845+0000] {processor.py:830} INFO - Processing file /opt/airflow/dags/sdp_pipeline_dag.py for tasks to queue
[2026-07-16T09:34:07.849+0000] {logging_mixin.py:188} INFO - [2026-07-16T09:34:07.849+0000] {dagbag.py:540} INFO - Filling up the DagBag from /opt/airflow/dags/sdp_pipeline_dag.py
[2026-07-16T09:34:07.871+0000] {processor.py:840} INFO - DAG(s) 'e-commerce_kafka_streaming_pipeline_v1' retrieved from /opt/airflow/dags/sdp_pipeline_dag.py
[2026-07-16T09:34:07.900+0000] {logging_mixin.py:188} INFO - [2026-07-16T09:34:07.900+0000] {dag.py:3096} INFO - Sync 1 DAGs
[2026-07-16T09:34:07.929+0000] {logging_mixin.py:188} INFO - [2026-07-16T09:34:07.929+0000] {dag.py:3954} INFO - Setting next_dagrun for e-commerce_kafka_streaming_pipeline_v1 to 2026-07-16 09:00:00+00:00, run_after=2026-07-16 10:00:00+00:00
[2026-07-16T09:34:07.957+0000] {processor.py:183} INFO - Processing /opt/airflow/dags/sdp_pipeline_dag.py took 0.121 seconds
[2026-07-16T09:34:38.255+0000] {processor.py:161} INFO - Started process (PID=1144) to work on /opt/airflow/dags/sdp_pipeline_dag.py
[2026-07-16T09:34:38.257+0000] {processor.py:830} INFO - Processing file /opt/airflow/dags/sdp_pipeline_dag.py for tasks to queue
[2026-07-16T09:34:38.262+0000] {logging_mixin.py:188} INFO - [2026-07-16T09:34:38.261+0000] {dagbag.py:540} INFO - Filling up the DagBag from /opt/airflow/dags/sdp_pipeline_dag.py
[2026-07-16T09:34:38.296+0000] {processor.py:840} INFO - DAG(s) 'e-commerce_kafka_streaming_pipeline_v1' retrieved from /opt/airflow/dags/sdp_pipeline_dag.py
[2026-07-16T09:34:38.334+0000] {logging_mixin.py:188} INFO - [2026-07-16T09:34:38.334+0000] {dag.py:3096} INFO - Sync 1 DAGs
[2026-07-16T09:34:38.368+0000] {logging_mixin.py:188} INFO - [2026-07-16T09:34:38.368+0000] {dag.py:3954} INFO - Setting next_dagrun for e-commerce_kafka_streaming_pipeline_v1 to 2026-07-16 09:00:00+00:00, run_after=2026-07-16 10:00:00+00:00
[2026-07-16T09:34:38.399+0000] {processor.py:183} INFO - Processing /opt/airflow/dags/sdp_pipeline_dag.py took 0.153 seconds
[2026-07-16T09:35:08.612+0000] {processor.py:161} INFO - Started process (PID=1149) to work on /opt/airflow/dags/sdp_pipeline_dag.py
[2026-07-16T09:35:08.616+0000] {processor.py:830} INFO - Processing file /opt/airflow/dags/sdp_pipeline_dag.py for tasks to queue
[2026-07-16T09:35:08.620+0000] {logging_mixin.py:188} INFO - [2026-07-16T09:35:08.619+0000] {dagbag.py:540} INFO - Filling up the DagBag from /opt/airflow/dags/sdp_pipeline_dag.py
[2026-07-16T09:35:08.656+0000] {processor.py:840} INFO - DAG(s) 'e-commerce_kafka_streaming_pipeline_v1' retrieved from /opt/airflow/dags/sdp_pipeline_dag.py
[2026-07-16T09:35:08.706+0000] {logging_mixin.py:188} INFO - [2026-07-16T09:35:08.706+0000] {dag.py:3096} INFO - Sync 1 DAGs
[2026-07-16T09:35:08.740+0000] {logging_mixin.py:188} INFO - [2026-07-16T09:35:08.740+0000] {dag.py:3954} INFO - Setting next_dagrun for e-commerce_kafka_streaming_pipeline_v1 to 2026-07-16 09:00:00+00:00, run_after=2026-07-16 10:00:00+00:00
[2026-07-16T09:35:08.766+0000] {processor.py:183} INFO - Processing /opt/airflow/dags/sdp_pipeline_dag.py took 0.164 seconds
[2026-07-16T09:35:39.013+0000] {processor.py:161} INFO - Started process (PID=1154) to work on /opt/airflow/dags/sdp_pipeline_dag.py
[2026-07-16T09:35:39.016+0000] {processor.py:830} INFO - Processing file /opt/airflow/dags/sdp_pipeline_dag.py for tasks to queue
[2026-07-16T09:35:39.019+0000] {logging_mixin.py:188} INFO - [2026-07-16T09:35:39.019+0000] {dagbag.py:540} INFO - Filling up the DagBag from /opt/airflow/dags/sdp_pipeline_dag.py
[2026-07-16T09:35:39.054+0000] {processor.py:840} INFO - DAG(s) 'e-commerce_kafka_streaming_pipeline_v1' retrieved from /opt/airflow/dags/sdp_pipeline_dag.py
[2026-07-16T09:35:39.091+0000] {logging_mixin.py:188} INFO - [2026-07-16T09:35:39.091+0000] {dag.py:3096} INFO - Sync 1 DAGs
[2026-07-16T09:35:39.125+0000] {logging_mixin.py:188} INFO - [2026-07-16T09:35:39.124+0000] {dag.py:3954} INFO - Setting next_dagrun for e-commerce_kafka_streaming_pipeline_v1 to 2026-07-16 09:00:00+00:00, run_after=2026-07-16 10:00:00+00:00
[2026-07-16T09:35:39.150+0000] {processor.py:183} INFO - Processing /opt/airflow/dags/sdp_pipeline_dag.py took 0.149 seconds
[2026-07-16T09:36:09.401+0000] {processor.py:161} INFO - Started process (PID=1159) to work on /opt/airflow/dags/sdp_pipeline_dag.py
[2026-07-16T09:36:09.404+0000] {processor.py:830} INFO - Processing file /opt/airflow/dags/sdp_pipeline_dag.py for tasks to queue
[2026-07-16T09:36:09.410+0000] {logging_mixin.py:188} INFO - [2026-07-16T09:36:09.409+0000] {dagbag.py:540} INFO - Filling up the DagBag from /opt/airflow/dags/sdp_pipeline_dag.py
[2026-07-16T09:36:09.458+0000] {processor.py:840} INFO - DAG(s) 'e-commerce_kafka_streaming_pipeline_v1' retrieved from /opt/airflow/dags/sdp_pipeline_dag.py
[2026-07-16T09:36:09.508+0000] {logging_mixin.py:188} INFO - [2026-07-16T09:36:09.508+0000] {dag.py:3096} INFO - Sync 1 DAGs
[2026-07-16T09:36:09.551+0000] {logging_mixin.py:188} INFO - [2026-07-16T09:36:09.551+0000] {dag.py:3954} INFO - Setting next_dagrun for e-commerce_kafka_streaming_pipeline_v1 to 2026-07-16 09:00:00+00:00, run_after=2026-07-16 10:00:00+00:00
[2026-07-16T09:36:09.583+0000] {processor.py:183} INFO - Processing /opt/airflow/dags/sdp_pipeline_dag.py took 0.195 seconds
[2026-07-16T09:36:39.809+0000] {processor.py:161} INFO - Started process (PID=1164) to work on /opt/airflow/dags/sdp_pipeline_dag.py
[2026-07-16T09:36:39.812+0000] {processor.py:830} INFO - Processing file /opt/airflow/dags/sdp_pipeline_dag.py for tasks to queue
[2026-07-16T09:36:39.815+0000] {logging_mixin.py:188} INFO - [2026-07-16T09:36:39.815+0000] {dagbag.py:540} INFO - Filling up the DagBag from /opt/airflow/dags/sdp_pipeline_dag.py
[2026-07-16T09:36:39.847+0000] {processor.py:840} INFO - DAG(s) 'e-commerce_kafka_streaming_pipeline_v1' retrieved from /opt/airflow/dags/sdp_pipeline_dag.py
[2026-07-16T09:36:39.898+0000] {logging_mixin.py:188} INFO - [2026-07-16T09:36:39.898+0000] {dag.py:3096} INFO - Sync 1 DAGs
[2026-07-16T09:36:39.969+0000] {logging_mixin.py:188} INFO - [2026-07-16T09:36:39.968+0000] {dag.py:3954} INFO - Setting next_dagrun for e-commerce_kafka_streaming_pipeline_v1 to 2026-07-16 09:00:00+00:00, run_after=2026-07-16 10:00:00+00:00
[2026-07-16T09:36:40.020+0000] {processor.py:183} INFO - Processing /opt/airflow/dags/sdp_pipeline_dag.py took 0.219 seconds
[2026-07-16T09:37:10.207+0000] {processor.py:161} INFO - Started process (PID=1169) to work on /opt/airflow/dags/sdp_pipeline_dag.py
[2026-07-16T09:37:10.210+0000] {processor.py:830} INFO - Processing file /opt/airflow/dags/sdp_pipeline_dag.py for tasks to queue
[2026-07-16T09:37:10.214+0000] {logging_mixin.py:188} INFO - [2026-07-16T09:37:10.214+0000] {dagbag.py:540} INFO - Filling up the DagBag from /opt/airflow/dags/sdp_pipeline_dag.py
[2026-07-16T09:37:10.257+0000] {processor.py:840} INFO - DAG(s) 'e-commerce_kafka_streaming_pipeline_v1' retrieved from /opt/airflow/dags/sdp_pipeline_dag.py
[2026-07-16T09:37:10.322+0000] {logging_mixin.py:188} INFO - [2026-07-16T09:37:10.321+0000] {dag.py:3096} INFO - Sync 1 DAGs
[2026-07-16T09:37:10.390+0000] {logging_mixin.py:188} INFO - [2026-07-16T09:37:10.389+0000] {dag.py:3954} INFO - Setting next_dagrun for e-commerce_kafka_streaming_pipeline_v1 to 2026-07-16 09:00:00+00:00, run_after=2026-07-16 10:00:00+00:00
[2026-07-16T09:37:10.433+0000] {processor.py:183} INFO - Processing /opt/airflow/dags/sdp_pipeline_dag.py took 0.239 seconds
[2026-07-16T09:37:40.796+0000] {processor.py:161} INFO - Started process (PID=1174) to work on /opt/airflow/dags/sdp_pipeline_dag.py
[2026-07-16T09:37:40.798+0000] {processor.py:830} INFO - Processing file /opt/airflow/dags/sdp_pipeline_dag.py for tasks to queue
[2026-07-16T09:37:40.803+0000] {logging_mixin.py:188} INFO - [2026-07-16T09:37:40.802+0000] {dagbag.py:540} INFO - Filling up the DagBag from /opt/airflow/dags/sdp_pipeline_dag.py
[2026-07-16T09:37:40.841+0000] {processor.py:840} INFO - DAG(s) 'e-commerce_kafka_streaming_pipeline_v1' retrieved from /opt/airflow/dags/sdp_pipeline_dag.py
[2026-07-16T09:37:40.888+0000] {logging_mixin.py:188} INFO - [2026-07-16T09:37:40.888+0000] {dag.py:3096} INFO - Sync 1 DAGs
[2026-07-16T09:37:40.939+0000] {logging_mixin.py:188} INFO - [2026-07-16T09:37:40.939+0000] {dag.py:3954} INFO - Setting next_dagrun for e-commerce_kafka_streaming_pipeline_v1 to 2026-07-16 09:00:00+00:00, run_after=2026-07-16 10:00:00+00:00
[2026-07-16T09:37:40.991+0000] {processor.py:183} INFO - Processing /opt/airflow/dags/sdp_pipeline_dag.py took 0.205 seconds
[2026-07-16T09:38:11.148+0000] {processor.py:161} INFO - Started process (PID=1179) to work on /opt/airflow/dags/sdp_pipeline_dag.py
[2026-07-16T09:38:11.153+0000] {processor.py:830} INFO - Processing file /opt/airflow/dags/sdp_pipeline_dag.py for tasks to queue
[2026-07-16T09:38:11.159+0000] {logging_mixin.py:188} INFO - [2026-07-16T09:38:11.158+0000] {dagbag.py:540} INFO - Filling up the DagBag from /opt/airflow/dags/sdp_pipeline_dag.py
[2026-07-16T09:38:11.206+0000] {processor.py:840} INFO - DAG(s) 'e-commerce_kafka_streaming_pipeline_v1' retrieved from /opt/airflow/dags/sdp_pipeline_dag.py
[2026-07-16T09:38:11.256+0000] {logging_mixin.py:188} INFO - [2026-07-16T09:38:11.256+0000] {dag.py:3096} INFO - Sync 1 DAGs
[2026-07-16T09:38:11.305+0000] {logging_mixin.py:188} INFO - [2026-07-16T09:38:11.305+0000] {dag.py:3954} INFO - Setting next_dagrun for e-commerce_kafka_streaming_pipeline_v1 to 2026-07-16 09:00:00+00:00, run_after=2026-07-16 10:00:00+00:00
[2026-07-16T09:38:11.347+0000] {processor.py:183} INFO - Processing /opt/airflow/dags/sdp_pipeline_dag.py took 0.211 seconds
[2026-07-16T09:38:41.689+0000] {processor.py:161} INFO - Started process (PID=1184) to work on /opt/airflow/dags/sdp_pipeline_dag.py
[2026-07-16T09:38:41.693+0000] {processor.py:830} INFO - Processing file /opt/airflow/dags/sdp_pipeline_dag.py for tasks to queue
[2026-07-16T09:38:41.698+0000] {logging_mixin.py:188} INFO - [2026-07-16T09:38:41.697+0000] {dagbag.py:540} INFO - Filling up the DagBag from /opt/airflow/dags/sdp_pipeline_dag.py
[2026-07-16T09:38:41.737+0000] {processor.py:840} INFO - DAG(s) 'e-commerce_kafka_streaming_pipeline_v1' retrieved from /opt/airflow/dags/sdp_pipeline_dag.py
[2026-07-16T09:38:41.778+0000] {logging_mixin.py:188} INFO - [2026-07-16T09:38:41.778+0000] {dag.py:3096} INFO - Sync 1 DAGs
[2026-07-16T09:38:41.817+0000] {logging_mixin.py:188} INFO - [2026-07-16T09:38:41.817+0000] {dag.py:3954} INFO - Setting next_dagrun for e-commerce_kafka_streaming_pipeline_v1 to 2026-07-16 09:00:00+00:00, run_after=2026-07-16 10:00:00+00:00
[2026-07-16T09:38:41.859+0000] {processor.py:183} INFO - Processing /opt/airflow/dags/sdp_pipeline_dag.py took 0.181 seconds
[2026-07-16T09:39:12.008+0000] {processor.py:161} INFO - Started process (PID=1189) to work on /opt/airflow/dags/sdp_pipeline_dag.py
[2026-07-16T09:39:12.012+0000] {processor.py:830} INFO - Processing file /opt/airflow/dags/sdp_pipeline_dag.py for tasks to queue
[2026-07-16T09:39:12.016+0000] {logging_mixin.py:188} INFO - [2026-07-16T09:39:12.016+0000] {dagbag.py:540} INFO - Filling up the DagBag from /opt/airflow/dags/sdp_pipeline_dag.py
[2026-07-16T09:39:12.055+0000] {processor.py:840} INFO - DAG(s) 'e-commerce_kafka_streaming_pipeline_v1' retrieved from /opt/airflow/dags/sdp_pipeline_dag.py
[2026-07-16T09:39:12.106+0000] {logging_mixin.py:188} INFO - [2026-07-16T09:39:12.106+0000] {dag.py:3096} INFO - Sync 1 DAGs
[2026-07-16T09:39:12.149+0000] {logging_mixin.py:188} INFO - [2026-07-16T09:39:12.149+0000] {dag.py:3954} INFO - Setting next_dagrun for e-commerce_kafka_streaming_pipeline_v1 to 2026-07-16 09:00:00+00:00, run_after=2026-07-16 10:00:00+00:00
[2026-07-16T09:39:12.177+0000] {processor.py:183} INFO - Processing /opt/airflow/dags/sdp_pipeline_dag.py took 0.182 seconds
[2026-07-16T09:39:42.558+0000] {processor.py:161} INFO - Started process (PID=1194) to work on /opt/airflow/dags/sdp_pipeline_dag.py
[2026-07-16T09:39:42.560+0000] {processor.py:830} INFO - Processing file /opt/airflow/dags/sdp_pipeline_dag.py for tasks to queue
[2026-07-16T09:39:42.564+0000] {logging_mixin.py:188} INFO - [2026-07-16T09:39:42.563+0000] {dagbag.py:540} INFO - Filling up the DagBag from /opt/airflow/dags/sdp_pipeline_dag.py
[2026-07-16T09:39:42.596+0000] {processor.py:840} INFO - DAG(s) 'e-commerce_kafka_streaming_pipeline_v1' retrieved from /opt/airflow/dags/sdp_pipeline_dag.py
[2026-07-16T09:39:42.638+0000] {logging_mixin.py:188} INFO - [2026-07-16T09:39:42.637+0000] {dag.py:3096} INFO - Sync 1 DAGs
[2026-07-16T09:39:42.675+0000] {logging_mixin.py:188} INFO - [2026-07-16T09:39:42.675+0000] {dag.py:3954} INFO - Setting next_dagrun for e-commerce_kafka_streaming_pipeline_v1 to 2026-07-16 09:00:00+00:00, run_after=2026-07-16 10:00:00+00:00
[2026-07-16T09:39:42.712+0000] {processor.py:183} INFO - Processing /opt/airflow/dags/sdp_pipeline_dag.py took 0.164 seconds
[2026-07-16T09:40:12.956+0000] {processor.py:161} INFO - Started process (PID=1199) to work on /opt/airflow/dags/sdp_pipeline_dag.py
[2026-07-16T09:40:12.958+0000] {processor.py:830} INFO - Processing file /opt/airflow/dags/sdp_pipeline_dag.py for tasks to queue
[2026-07-16T09:40:12.962+0000] {logging_mixin.py:188} INFO - [2026-07-16T09:40:12.961+0000] {dagbag.py:540} INFO - Filling up the DagBag from /opt/airflow/dags/sdp_pipeline_dag.py
[2026-07-16T09:40:13.000+0000] {processor.py:840} INFO - DAG(s) 'e-commerce_kafka_streaming_pipeline_v1' retrieved from /opt/airflow/dags/sdp_pipeline_dag.py
[2026-07-16T09:40:13.071+0000] {logging_mixin.py:188} INFO - [2026-07-16T09:40:13.070+0000] {dag.py:3096} INFO - Sync 1 DAGs
[2026-07-16T09:40:13.130+0000] {logging_mixin.py:188} INFO - [2026-07-16T09:40:13.129+0000] {dag.py:3954} INFO - Setting next_dagrun for e-commerce_kafka_streaming_pipeline_v1 to 2026-07-16 09:00:00+00:00, run_after=2026-07-16 10:00:00+00:00
[2026-07-16T09:40:13.177+0000] {processor.py:183} INFO - Processing /opt/airflow/dags/sdp_pipeline_dag.py took 0.232 seconds
[2026-07-16T09:40:43.373+0000] {processor.py:161} INFO - Started process (PID=1204) to work on /opt/airflow/dags/sdp_pipeline_dag.py
[2026-07-16T09:40:43.375+0000] {processor.py:830} INFO - Processing file /opt/airflow/dags/sdp_pipeline_dag.py for tasks to queue
[2026-07-16T09:40:43.381+0000] {logging_mixin.py:188} INFO - [2026-07-16T09:40:43.380+0000] {dagbag.py:540} INFO - Filling up the DagBag from /opt/airflow/dags/sdp_pipeline_dag.py
[2026-07-16T09:40:43.412+0000] {processor.py:840} INFO - DAG(s) 'e-commerce_kafka_streaming_pipeline_v1' retrieved from /opt/airflow/dags/sdp_pipeline_dag.py
[2026-07-16T09:40:43.452+0000] {logging_mixin.py:188} INFO - [2026-07-16T09:40:43.452+0000] {dag.py:3096} INFO - Sync 1 DAGs
[2026-07-16T09:40:43.491+0000] {logging_mixin.py:188} INFO - [2026-07-16T09:40:43.491+0000] {dag.py:3954} INFO - Setting next_dagrun for e-commerce_kafka_streaming_pipeline_v1 to 2026-07-16 09:00:00+00:00, run_after=2026-07-16 10:00:00+00:00
[2026-07-16T09:40:43.518+0000] {processor.py:183} INFO - Processing /opt/airflow/dags/sdp_pipeline_dag.py took 0.155 seconds
[2026-07-16T09:41:13.848+0000] {processor.py:161} INFO - Started process (PID=1209) to work on /opt/airflow/dags/sdp_pipeline_dag.py
[2026-07-16T09:41:13.850+0000] {processor.py:830} INFO - Processing file /opt/airflow/dags/sdp_pipeline_dag.py for tasks to queue
[2026-07-16T09:41:13.854+0000] {logging_mixin.py:188} INFO - [2026-07-16T09:41:13.854+0000] {dagbag.py:540} INFO - Filling up the DagBag from /opt/airflow/dags/sdp_pipeline_dag.py
[2026-07-16T09:41:13.891+0000] {processor.py:840} INFO - DAG(s) 'e-commerce_kafka_streaming_pipeline_v1' retrieved from /opt/airflow/dags/sdp_pipeline_dag.py
[2026-07-16T09:41:13.935+0000] {logging_mixin.py:188} INFO - [2026-07-16T09:41:13.934+0000] {dag.py:3096} INFO - Sync 1 DAGs
[2026-07-16T09:41:13.985+0000] {logging_mixin.py:188} INFO - [2026-07-16T09:41:13.985+0000] {dag.py:3954} INFO - Setting next_dagrun for e-commerce_kafka_streaming_pipeline_v1 to 2026-07-16 09:00:00+00:00, run_after=2026-07-16 10:00:00+00:00
[2026-07-16T09:41:14.013+0000] {processor.py:183} INFO - Processing /opt/airflow/dags/sdp_pipeline_dag.py took 0.175 seconds
[2026-07-16T09:41:44.199+0000] {processor.py:161} INFO - Started process (PID=1214) to work on /opt/airflow/dags/sdp_pipeline_dag.py
[2026-07-16T09:41:44.202+0000] {processor.py:830} INFO - Processing file /opt/airflow/dags/sdp_pipeline_dag.py for tasks to queue
[2026-07-16T09:41:44.208+0000] {logging_mixin.py:188} INFO - [2026-07-16T09:41:44.207+0000] {dagbag.py:540} INFO - Filling up the DagBag from /opt/airflow/dags/sdp_pipeline_dag.py
[2026-07-16T09:41:44.244+0000] {processor.py:840} INFO - DAG(s) 'e-commerce_kafka_streaming_pipeline_v1' retrieved from /opt/airflow/dags/sdp_pipeline_dag.py
[2026-07-16T09:41:44.291+0000] {logging_mixin.py:188} INFO - [2026-07-16T09:41:44.290+0000] {dag.py:3096} INFO - Sync 1 DAGs
[2026-07-16T09:41:44.324+0000] {logging_mixin.py:188} INFO - [2026-07-16T09:41:44.324+0000] {dag.py:3954} INFO - Setting next_dagrun for e-commerce_kafka_streaming_pipeline_v1 to 2026-07-16 09:00:00+00:00, run_after=2026-07-16 10:00:00+00:00
[2026-07-16T09:41:44.350+0000] {processor.py:183} INFO - Processing /opt/airflow/dags/sdp_pipeline_dag.py took 0.165 seconds
[2026-07-16T09:42:14.683+0000] {processor.py:161} INFO - Started process (PID=1219) to work on /opt/airflow/dags/sdp_pipeline_dag.py
[2026-07-16T09:42:14.685+0000] {processor.py:830} INFO - Processing file /opt/airflow/dags/sdp_pipeline_dag.py for tasks to queue
[2026-07-16T09:42:14.689+0000] {logging_mixin.py:188} INFO - [2026-07-16T09:42:14.689+0000] {dagbag.py:540} INFO - Filling up the DagBag from /opt/airflow/dags/sdp_pipeline_dag.py
[2026-07-16T09:42:14.724+0000] {processor.py:840} INFO - DAG(s) 'e-commerce_kafka_streaming_pipeline_v1' retrieved from /opt/airflow/dags/sdp_pipeline_dag.py
[2026-07-16T09:42:14.767+0000] {logging_mixin.py:188} INFO - [2026-07-16T09:42:14.766+0000] {dag.py:3096} INFO - Sync 1 DAGs
[2026-07-16T09:42:14.809+0000] {logging_mixin.py:188} INFO - [2026-07-16T09:42:14.809+0000] {dag.py:3954} INFO - Setting next_dagrun for e-commerce_kafka_streaming_pipeline_v1 to 2026-07-16 09:00:00+00:00, run_after=2026-07-16 10:00:00+00:00
[2026-07-16T09:42:14.841+0000] {processor.py:183} INFO - Processing /opt/airflow/dags/sdp_pipeline_dag.py took 0.167 seconds
[2026-07-16T09:42:45.158+0000] {processor.py:161} INFO - Started process (PID=1224) to work on /opt/airflow/dags/sdp_pipeline_dag.py
[2026-07-16T09:42:45.160+0000] {processor.py:830} INFO - Processing file /opt/airflow/dags/sdp_pipeline_dag.py for tasks to queue
[2026-07-16T09:42:45.165+0000] {logging_mixin.py:188} INFO - [2026-07-16T09:42:45.165+0000] {dagbag.py:540} INFO - Filling up the DagBag from /opt/airflow/dags/sdp_pipeline_dag.py
[2026-07-16T09:42:45.202+0000] {processor.py:840} INFO - DAG(s) 'e-commerce_kafka_streaming_pipeline_v1' retrieved from /opt/airflow/dags/sdp_pipeline_dag.py
[2026-07-16T09:42:45.246+0000] {logging_mixin.py:188} INFO - [2026-07-16T09:42:45.246+0000] {dag.py:3096} INFO - Sync 1 DAGs
[2026-07-16T09:42:45.289+0000] {logging_mixin.py:188} INFO - [2026-07-16T09:42:45.288+0000] {dag.py:3954} INFO - Setting next_dagrun for e-commerce_kafka_streaming_pipeline_v1 to 2026-07-16 09:00:00+00:00, run_after=2026-07-16 10:00:00+00:00
[2026-07-16T09:42:45.323+0000] {processor.py:183} INFO - Processing /opt/airflow/dags/sdp_pipeline_dag.py took 0.175 seconds
[2026-07-16T09:43:15.498+0000] {processor.py:161} INFO - Started process (PID=1229) to work on /opt/airflow/dags/sdp_pipeline_dag.py
[2026-07-16T09:43:15.500+0000] {processor.py:830} INFO - Processing file /opt/airflow/dags/sdp_pipeline_dag.py for tasks to queue
[2026-07-16T09:43:15.504+0000] {logging_mixin.py:188} INFO - [2026-07-16T09:43:15.503+0000] {dagbag.py:540} INFO - Filling up the DagBag from /opt/airflow/dags/sdp_pipeline_dag.py
[2026-07-16T09:43:15.534+0000] {processor.py:840} INFO - DAG(s) 'e-commerce_kafka_streaming_pipeline_v1' retrieved from /opt/airflow/dags/sdp_pipeline_dag.py
[2026-07-16T09:43:15.575+0000] {logging_mixin.py:188} INFO - [2026-07-16T09:43:15.575+0000] {dag.py:3096} INFO - Sync 1 DAGs
[2026-07-16T09:43:15.609+0000] {logging_mixin.py:188} INFO - [2026-07-16T09:43:15.609+0000] {dag.py:3954} INFO - Setting next_dagrun for e-commerce_kafka_streaming_pipeline_v1 to 2026-07-16 09:00:00+00:00, run_after=2026-07-16 10:00:00+00:00
[2026-07-16T09:43:15.636+0000] {processor.py:183} INFO - Processing /opt/airflow/dags/sdp_pipeline_dag.py took 0.147 seconds
[2026-07-16T09:43:45.998+0000] {processor.py:161} INFO - Started process (PID=1234) to work on /opt/airflow/dags/sdp_pipeline_dag.py
[2026-07-16T09:43:46.000+0000] {processor.py:830} INFO - Processing file /opt/airflow/dags/sdp_pipeline_dag.py for tasks to queue
[2026-07-16T09:43:46.004+0000] {logging_mixin.py:188} INFO - [2026-07-16T09:43:46.004+0000] {dagbag.py:540} INFO - Filling up the DagBag from /opt/airflow/dags/sdp_pipeline_dag.py
[2026-07-16T09:43:46.041+0000] {processor.py:840} INFO - DAG(s) 'e-commerce_kafka_streaming_pipeline_v1' retrieved from /opt/airflow/dags/sdp_pipeline_dag.py
[2026-07-16T09:43:46.132+0000] {logging_mixin.py:188} INFO - [2026-07-16T09:43:46.131+0000] {dag.py:3096} INFO - Sync 1 DAGs
[2026-07-16T09:43:46.177+0000] {logging_mixin.py:188} INFO - [2026-07-16T09:43:46.177+0000] {dag.py:3954} INFO - Setting next_dagrun for e-commerce_kafka_streaming_pipeline_v1 to 2026-07-16 09:00:00+00:00, run_after=2026-07-16 10:00:00+00:00
[2026-07-16T09:43:46.209+0000] {processor.py:183} INFO - Processing /opt/airflow/dags/sdp_pipeline_dag.py took 0.219 seconds
[2026-07-16T09:44:16.343+0000] {processor.py:161} INFO - Started process (PID=1239) to work on /opt/airflow/dags/sdp_pipeline_dag.py
[2026-07-16T09:44:16.345+0000] {processor.py:830} INFO - Processing file /opt/airflow/dags/sdp_pipeline_dag.py for tasks to queue
[2026-07-16T09:44:16.349+0000] {logging_mixin.py:188} INFO - [2026-07-16T09:44:16.348+0000] {dagbag.py:540} INFO - Filling up the DagBag from /opt/airflow/dags/sdp_pipeline_dag.py
[2026-07-16T09:44:16.391+0000] {processor.py:840} INFO - DAG(s) 'e-commerce_kafka_streaming_pipeline_v1' retrieved from /opt/airflow/dags/sdp_pipeline_dag.py
[2026-07-16T09:44:16.446+0000] {logging_mixin.py:188} INFO - [2026-07-16T09:44:16.445+0000] {dag.py:3096} INFO - Sync 1 DAGs
[2026-07-16T09:44:16.486+0000] {logging_mixin.py:188} INFO - [2026-07-16T09:44:16.485+0000] {dag.py:3954} INFO - Setting next_dagrun for e-commerce_kafka_streaming_pipeline_v1 to 2026-07-16 09:00:00+00:00, run_after=2026-07-16 10:00:00+00:00
[2026-07-16T09:44:16.533+0000] {processor.py:183} INFO - Processing /opt/airflow/dags/sdp_pipeline_dag.py took 0.200 seconds
[2026-07-16T09:44:46.872+0000] {processor.py:161} INFO - Started process (PID=1244) to work on /opt/airflow/dags/sdp_pipeline_dag.py
[2026-07-16T09:44:46.874+0000] {processor.py:830} INFO - Processing file /opt/airflow/dags/sdp_pipeline_dag.py for tasks to queue
[2026-07-16T09:44:46.879+0000] {logging_mixin.py:188} INFO - [2026-07-16T09:44:46.878+0000] {dagbag.py:540} INFO - Filling up the DagBag from /opt/airflow/dags/sdp_pipeline_dag.py
[2026-07-16T09:44:46.912+0000] {processor.py:840} INFO - DAG(s) 'e-commerce_kafka_streaming_pipeline_v1' retrieved from /opt/airflow/dags/sdp_pipeline_dag.py
[2026-07-16T09:44:46.961+0000] {logging_mixin.py:188} INFO - [2026-07-16T09:44:46.960+0000] {dag.py:3096} INFO - Sync 1 DAGs
[2026-07-16T09:44:47.003+0000] {logging_mixin.py:188} INFO - [2026-07-16T09:44:47.003+0000] {dag.py:3954} INFO - Setting next_dagrun for e-commerce_kafka_streaming_pipeline_v1 to 2026-07-16 09:00:00+00:00, run_after=2026-07-16 10:00:00+00:00
[2026-07-16T09:44:47.042+0000] {processor.py:183} INFO - Processing /opt/airflow/dags/sdp_pipeline_dag.py took 0.181 seconds
[2026-07-16T09:45:17.233+0000] {processor.py:161} INFO - Started process (PID=1249) to work on /opt/airflow/dags/sdp_pipeline_dag.py
[2026-07-16T09:45:17.235+0000] {processor.py:830} INFO - Processing file /opt/airflow/dags/sdp_pipeline_dag.py for tasks to queue
[2026-07-16T09:45:17.239+0000] {logging_mixin.py:188} INFO - [2026-07-16T09:45:17.239+0000] {dagbag.py:540} INFO - Filling up the DagBag from /opt/airflow/dags/sdp_pipeline_dag.py
[2026-07-16T09:45:17.280+0000] {processor.py:840} INFO - DAG(s) 'e-commerce_kafka_streaming_pipeline_v1' retrieved from /opt/airflow/dags/sdp_pipeline_dag.py
[2026-07-16T09:45:17.332+0000] {logging_mixin.py:188} INFO - [2026-07-16T09:45:17.331+0000] {dag.py:3096} INFO - Sync 1 DAGs
[2026-07-16T09:45:17.371+0000] {logging_mixin.py:188} INFO - [2026-07-16T09:45:17.371+0000] {dag.py:3954} INFO - Setting next_dagrun for e-commerce_kafka_streaming_pipeline_v1 to 2026-07-16 09:00:00+00:00, run_after=2026-07-16 10:00:00+00:00
[2026-07-16T09:45:17.397+0000] {processor.py:183} INFO - Processing /opt/airflow/dags/sdp_pipeline_dag.py took 0.175 seconds
[2026-07-16T09:45:47.785+0000] {processor.py:161} INFO - Started process (PID=1254) to work on /opt/airflow/dags/sdp_pipeline_dag.py
[2026-07-16T09:45:47.788+0000] {processor.py:830} INFO - Processing file /opt/airflow/dags/sdp_pipeline_dag.py for tasks to queue
[2026-07-16T09:45:47.792+0000] {logging_mixin.py:188} INFO - [2026-07-16T09:45:47.791+0000] {dagbag.py:540} INFO - Filling up the DagBag from /opt/airflow/dags/sdp_pipeline_dag.py
[2026-07-16T09:45:47.844+0000] {processor.py:840} INFO - DAG(s) 'e-commerce_kafka_streaming_pipeline_v1' retrieved from /opt/airflow/dags/sdp_pipeline_dag.py
[2026-07-16T09:45:47.899+0000] {logging_mixin.py:188} INFO - [2026-07-16T09:45:47.898+0000] {dag.py:3096} INFO - Sync 1 DAGs
[2026-07-16T09:45:47.946+0000] {logging_mixin.py:188} INFO - [2026-07-16T09:45:47.946+0000] {dag.py:3954} INFO - Setting next_dagrun for e-commerce_kafka_streaming_pipeline_v1 to 2026-07-16 09:00:00+00:00, run_after=2026-07-16 10:00:00+00:00
[2026-07-16T09:45:47.973+0000] {processor.py:183} INFO - Processing /opt/airflow/dags/sdp_pipeline_dag.py took 0.200 seconds
[2026-07-16T09:46:18.141+0000] {processor.py:161} INFO - Started process (PID=1259) to work on /opt/airflow/dags/sdp_pipeline_dag.py
[2026-07-16T09:46:18.143+0000] {processor.py:830} INFO - Processing file /opt/airflow/dags/sdp_pipeline_dag.py for tasks to queue
[2026-07-16T09:46:18.147+0000] {logging_mixin.py:188} INFO - [2026-07-16T09:46:18.146+0000] {dagbag.py:540} INFO - Filling up the DagBag from /opt/airflow/dags/sdp_pipeline_dag.py
[2026-07-16T09:46:18.179+0000] {processor.py:840} INFO - DAG(s) 'e-commerce_kafka_streaming_pipeline_v1' retrieved from /opt/airflow/dags/sdp_pipeline_dag.py
[2026-07-16T09:46:18.221+0000] {logging_mixin.py:188} INFO - [2026-07-16T09:46:18.221+0000] {dag.py:3096} INFO - Sync 1 DAGs
[2026-07-16T09:46:18.256+0000] {logging_mixin.py:188} INFO - [2026-07-16T09:46:18.256+0000] {dag.py:3954} INFO - Setting next_dagrun for e-commerce_kafka_streaming_pipeline_v1 to 2026-07-16 09:00:00+00:00, run_after=2026-07-16 10:00:00+00:00
[2026-07-16T09:46:18.285+0000] {processor.py:183} INFO - Processing /opt/airflow/dags/sdp_pipeline_dag.py took 0.153 seconds
[2026-07-16T09:46:48.672+0000] {processor.py:161} INFO - Started process (PID=1264) to work on /opt/airflow/dags/sdp_pipeline_dag.py
[2026-07-16T09:46:48.674+0000] {processor.py:830} INFO - Processing file /opt/airflow/dags/sdp_pipeline_dag.py for tasks to queue
[2026-07-16T09:46:48.679+0000] {logging_mixin.py:188} INFO - [2026-07-16T09:46:48.678+0000] {dagbag.py:540} INFO - Filling up the DagBag from /opt/airflow/dags/sdp_pipeline_dag.py
[2026-07-16T09:46:48.714+0000] {processor.py:840} INFO - DAG(s) 'e-commerce_kafka_streaming_pipeline_v1' retrieved from /opt/airflow/dags/sdp_pipeline_dag.py
[2026-07-16T09:46:48.777+0000] {logging_mixin.py:188} INFO - [2026-07-16T09:46:48.777+0000] {dag.py:3096} INFO - Sync 1 DAGs
[2026-07-16T09:46:48.817+0000] {logging_mixin.py:188} INFO - [2026-07-16T09:46:48.817+0000] {dag.py:3954} INFO - Setting next_dagrun for e-commerce_kafka_streaming_pipeline_v1 to 2026-07-16 09:00:00+00:00, run_after=2026-07-16 10:00:00+00:00
[2026-07-16T09:46:48.841+0000] {processor.py:183} INFO - Processing /opt/airflow/dags/sdp_pipeline_dag.py took 0.183 seconds
[2026-07-16T09:47:19.028+0000] {processor.py:161} INFO - Started process (PID=1269) to work on /opt/airflow/dags/sdp_pipeline_dag.py
[2026-07-16T09:47:19.031+0000] {processor.py:830} INFO - Processing file /opt/airflow/dags/sdp_pipeline_dag.py for tasks to queue
[2026-07-16T09:47:19.034+0000] {logging_mixin.py:188} INFO - [2026-07-16T09:47:19.034+0000] {dagbag.py:540} INFO - Filling up the DagBag from /opt/airflow/dags/sdp_pipeline_dag.py
[2026-07-16T09:47:19.068+0000] {processor.py:840} INFO - DAG(s) 'e-commerce_kafka_streaming_pipeline_v1' retrieved from /opt/airflow/dags/sdp_pipeline_dag.py
[2026-07-16T09:47:19.108+0000] {logging_mixin.py:188} INFO - [2026-07-16T09:47:19.107+0000] {dag.py:3096} INFO - Sync 1 DAGs
[2026-07-16T09:47:19.141+0000] {logging_mixin.py:188} INFO - [2026-07-16T09:47:19.141+0000] {dag.py:3954} INFO - Setting next_dagrun for e-commerce_kafka_streaming_pipeline_v1 to 2026-07-16 09:00:00+00:00, run_after=2026-07-16 10:00:00+00:00
[2026-07-16T09:47:19.176+0000] {processor.py:183} INFO - Processing /opt/airflow/dags/sdp_pipeline_dag.py took 0.159 seconds
[2026-07-16T09:47:49.682+0000] {processor.py:161} INFO - Started process (PID=1274) to work on /opt/airflow/dags/sdp_pipeline_dag.py
[2026-07-16T09:47:49.684+0000] {processor.py:830} INFO - Processing file /opt/airflow/dags/sdp_pipeline_dag.py for tasks to queue
[2026-07-16T09:47:49.689+0000] {logging_mixin.py:188} INFO - [2026-07-16T09:47:49.688+0000] {dagbag.py:540} INFO - Filling up the DagBag from /opt/airflow/dags/sdp_pipeline_dag.py
[2026-07-16T09:47:49.728+0000] {processor.py:840} INFO - DAG(s) 'e-commerce_kafka_streaming_pipeline_v1' retrieved from /opt/airflow/dags/sdp_pipeline_dag.py
[2026-07-16T09:47:49.768+0000] {logging_mixin.py:188} INFO - [2026-07-16T09:47:49.768+0000] {dag.py:3096} INFO - Sync 1 DAGs
[2026-07-16T09:47:49.802+0000] {logging_mixin.py:188} INFO - [2026-07-16T09:47:49.802+0000] {dag.py:3954} INFO - Setting next_dagrun for e-commerce_kafka_streaming_pipeline_v1 to 2026-07-16 09:00:00+00:00, run_after=2026-07-16 10:00:00+00:00
[2026-07-16T09:47:49.839+0000] {processor.py:183} INFO - Processing /opt/airflow/dags/sdp_pipeline_dag.py took 0.167 seconds
[2026-07-16T09:48:20.007+0000] {processor.py:161} INFO - Started process (PID=1279) to work on /opt/airflow/dags/sdp_pipeline_dag.py
[2026-07-16T09:48:20.009+0000] {processor.py:830} INFO - Processing file /opt/airflow/dags/sdp_pipeline_dag.py for tasks to queue
[2026-07-16T09:48:20.012+0000] {logging_mixin.py:188} INFO - [2026-07-16T09:48:20.012+0000] {dagbag.py:540} INFO - Filling up the DagBag from /opt/airflow/dags/sdp_pipeline_dag.py
[2026-07-16T09:48:20.041+0000] {processor.py:840} INFO - DAG(s) 'e-commerce_kafka_streaming_pipeline_v1' retrieved from /opt/airflow/dags/sdp_pipeline_dag.py
[2026-07-16T09:48:20.076+0000] {logging_mixin.py:188} INFO - [2026-07-16T09:48:20.076+0000] {dag.py:3096} INFO - Sync 1 DAGs
[2026-07-16T09:48:20.112+0000] {logging_mixin.py:188} INFO - [2026-07-16T09:48:20.112+0000] {dag.py:3954} INFO - Setting next_dagrun for e-commerce_kafka_streaming_pipeline_v1 to 2026-07-16 09:00:00+00:00, run_after=2026-07-16 10:00:00+00:00
[2026-07-16T09:48:20.140+0000] {processor.py:183} INFO - Processing /opt/airflow/dags/sdp_pipeline_dag.py took 0.142 seconds
[2026-07-16T09:48:50.526+0000] {processor.py:161} INFO - Started process (PID=1284) to work on /opt/airflow/dags/sdp_pipeline_dag.py
[2026-07-16T09:48:50.528+0000] {processor.py:830} INFO - Processing file /opt/airflow/dags/sdp_pipeline_dag.py for tasks to queue
[2026-07-16T09:48:50.533+0000] {logging_mixin.py:188} INFO - [2026-07-16T09:48:50.532+0000] {dagbag.py:540} INFO - Filling up the DagBag from /opt/airflow/dags/sdp_pipeline_dag.py
[2026-07-16T09:48:50.570+0000] {processor.py:840} INFO - DAG(s) 'e-commerce_kafka_streaming_pipeline_v1' retrieved from /opt/airflow/dags/sdp_pipeline_dag.py
[2026-07-16T09:48:50.612+0000] {logging_mixin.py:188} INFO - [2026-07-16T09:48:50.612+0000] {dag.py:3096} INFO - Sync 1 DAGs
[2026-07-16T09:48:50.652+0000] {logging_mixin.py:188} INFO - [2026-07-16T09:48:50.652+0000] {dag.py:3954} INFO - Setting next_dagrun for e-commerce_kafka_streaming_pipeline_v1 to 2026-07-16 09:00:00+00:00, run_after=2026-07-16 10:00:00+00:00
[2026-07-16T09:48:50.682+0000] {processor.py:183} INFO - Processing /opt/airflow/dags/sdp_pipeline_dag.py took 0.169 seconds
[2026-07-16T09:49:20.882+0000] {processor.py:161} INFO - Started process (PID=1289) to work on /opt/airflow/dags/sdp_pipeline_dag.py
[2026-07-16T09:49:20.885+0000] {processor.py:830} INFO - Processing file /opt/airflow/dags/sdp_pipeline_dag.py for tasks to queue
[2026-07-16T09:49:20.890+0000] {logging_mixin.py:188} INFO - [2026-07-16T09:49:20.889+0000] {dagbag.py:540} INFO - Filling up the DagBag from /opt/airflow/dags/sdp_pipeline_dag.py
[2026-07-16T09:49:20.932+0000] {processor.py:840} INFO - DAG(s) 'e-commerce_kafka_streaming_pipeline_v1' retrieved from /opt/airflow/dags/sdp_pipeline_dag.py
[2026-07-16T09:49:20.973+0000] {logging_mixin.py:188} INFO - [2026-07-16T09:49:20.972+0000] {dag.py:3096} INFO - Sync 1 DAGs
[2026-07-16T09:49:21.006+0000] {logging_mixin.py:188} INFO - [2026-07-16T09:49:21.006+0000] {dag.py:3954} INFO - Setting next_dagrun for e-commerce_kafka_streaming_pipeline_v1 to 2026-07-16 09:00:00+00:00, run_after=2026-07-16 10:00:00+00:00
[2026-07-16T09:49:21.034+0000] {processor.py:183} INFO - Processing /opt/airflow/dags/sdp_pipeline_dag.py took 0.166 seconds
[2026-07-16T09:49:51.381+0000] {processor.py:161} INFO - Started process (PID=1294) to work on /opt/airflow/dags/sdp_pipeline_dag.py
[2026-07-16T09:49:51.383+0000] {processor.py:830} INFO - Processing file /opt/airflow/dags/sdp_pipeline_dag.py for tasks to queue
[2026-07-16T09:49:51.387+0000] {logging_mixin.py:188} INFO - [2026-07-16T09:49:51.386+0000] {dagbag.py:540} INFO - Filling up the DagBag from /opt/airflow/dags/sdp_pipeline_dag.py
[2026-07-16T09:49:51.420+0000] {processor.py:840} INFO - DAG(s) 'e-commerce_kafka_streaming_pipeline_v1' retrieved from /opt/airflow/dags/sdp_pipeline_dag.py
[2026-07-16T09:49:51.459+0000] {logging_mixin.py:188} INFO - [2026-07-16T09:49:51.458+0000] {dag.py:3096} INFO - Sync 1 DAGs
[2026-07-16T09:49:51.503+0000] {logging_mixin.py:188} INFO - [2026-07-16T09:49:51.502+0000] {dag.py:3954} INFO - Setting next_dagrun for e-commerce_kafka_streaming_pipeline_v1 to 2026-07-16 09:00:00+00:00, run_after=2026-07-16 10:00:00+00:00
[2026-07-16T09:49:51.556+0000] {processor.py:183} INFO - Processing /opt/airflow/dags/sdp_pipeline_dag.py took 0.185 seconds
[2026-07-16T09:50:21.716+0000] {processor.py:161} INFO - Started process (PID=1299) to work on /opt/airflow/dags/sdp_pipeline_dag.py
[2026-07-16T09:50:21.719+0000] {processor.py:830} INFO - Processing file /opt/airflow/dags/sdp_pipeline_dag.py for tasks to queue
[2026-07-16T09:50:21.723+0000] {logging_mixin.py:188} INFO - [2026-07-16T09:50:21.723+0000] {dagbag.py:540} INFO - Filling up the DagBag from /opt/airflow/dags/sdp_pipeline_dag.py
[2026-07-16T09:50:21.755+0000] {processor.py:840} INFO - DAG(s) 'e-commerce_kafka_streaming_pipeline_v1' retrieved from /opt/airflow/dags/sdp_pipeline_dag.py
[2026-07-16T09:50:21.807+0000] {logging_mixin.py:188} INFO - [2026-07-16T09:50:21.807+0000] {dag.py:3096} INFO - Sync 1 DAGs
[2026-07-16T09:50:21.850+0000] {logging_mixin.py:188} INFO - [2026-07-16T09:50:21.850+0000] {dag.py:3954} INFO - Setting next_dagrun for e-commerce_kafka_streaming_pipeline_v1 to 2026-07-16 09:00:00+00:00, run_after=2026-07-16 10:00:00+00:00
[2026-07-16T09:50:21.888+0000] {processor.py:183} INFO - Processing /opt/airflow/dags/sdp_pipeline_dag.py took 0.183 seconds
[2026-07-16T09:50:52.251+0000] {processor.py:161} INFO - Started process (PID=1304) to work on /opt/airflow/dags/sdp_pipeline_dag.py
[2026-07-16T09:50:52.253+0000] {processor.py:830} INFO - Processing file /opt/airflow/dags/sdp_pipeline_dag.py for tasks to queue
[2026-07-16T09:50:52.257+0000] {logging_mixin.py:188} INFO - [2026-07-16T09:50:52.257+0000] {dagbag.py:540} INFO - Filling up the DagBag from /opt/airflow/dags/sdp_pipeline_dag.py
[2026-07-16T09:50:52.294+0000] {processor.py:840} INFO - DAG(s) 'e-commerce_kafka_streaming_pipeline_v1' retrieved from /opt/airflow/dags/sdp_pipeline_dag.py
[2026-07-16T09:50:52.333+0000] {logging_mixin.py:188} INFO - [2026-07-16T09:50:52.333+0000] {dag.py:3096} INFO - Sync 1 DAGs
[2026-07-16T09:50:52.366+0000] {logging_mixin.py:188} INFO - [2026-07-16T09:50:52.366+0000] {dag.py:3954} INFO - Setting next_dagrun for e-commerce_kafka_streaming_pipeline_v1 to 2026-07-16 09:00:00+00:00, run_after=2026-07-16 10:00:00+00:00
[2026-07-16T09:50:52.397+0000] {processor.py:183} INFO - Processing /opt/airflow/dags/sdp_pipeline_dag.py took 0.154 seconds
[2026-07-16T09:51:22.603+0000] {processor.py:161} INFO - Started process (PID=1309) to work on /opt/airflow/dags/sdp_pipeline_dag.py
[2026-07-16T09:51:22.605+0000] {processor.py:830} INFO - Processing file /opt/airflow/dags/sdp_pipeline_dag.py for tasks to queue
[2026-07-16T09:51:22.610+0000] {logging_mixin.py:188} INFO - [2026-07-16T09:51:22.610+0000] {dagbag.py:540} INFO - Filling up the DagBag from /opt/airflow/dags/sdp_pipeline_dag.py
[2026-07-16T09:51:22.647+0000] {processor.py:840} INFO - DAG(s) 'e-commerce_kafka_streaming_pipeline_v1' retrieved from /opt/airflow/dags/sdp_pipeline_dag.py
[2026-07-16T09:51:22.698+0000] {logging_mixin.py:188} INFO - [2026-07-16T09:51:22.698+0000] {dag.py:3096} INFO - Sync 1 DAGs
[2026-07-16T09:51:22.742+0000] {logging_mixin.py:188} INFO - [2026-07-16T09:51:22.741+0000] {dag.py:3954} INFO - Setting next_dagrun for e-commerce_kafka_streaming_pipeline_v1 to 2026-07-16 09:00:00+00:00, run_after=2026-07-16 10:00:00+00:00
[2026-07-16T09:51:22.785+0000] {processor.py:183} INFO - Processing /opt/airflow/dags/sdp_pipeline_dag.py took 0.191 seconds
[2026-07-16T09:51:53.078+0000] {processor.py:161} INFO - Started process (PID=1314) to work on /opt/airflow/dags/sdp_pipeline_dag.py
[2026-07-16T09:51:53.080+0000] {processor.py:830} INFO - Processing file /opt/airflow/dags/sdp_pipeline_dag.py for tasks to queue
[2026-07-16T09:51:53.085+0000] {logging_mixin.py:188} INFO - [2026-07-16T09:51:53.084+0000] {dagbag.py:540} INFO - Filling up the DagBag from /opt/airflow/dags/sdp_pipeline_dag.py
[2026-07-16T09:51:53.117+0000] {processor.py:840} INFO - DAG(s) 'e-commerce_kafka_streaming_pipeline_v1' retrieved from /opt/airflow/dags/sdp_pipeline_dag.py
[2026-07-16T09:51:53.155+0000] {logging_mixin.py:188} INFO - [2026-07-16T09:51:53.155+0000] {dag.py:3096} INFO - Sync 1 DAGs
[2026-07-16T09:51:53.208+0000] {logging_mixin.py:188} INFO - [2026-07-16T09:51:53.208+0000] {dag.py:3954} INFO - Setting next_dagrun for e-commerce_kafka_streaming_pipeline_v1 to 2026-07-16 09:00:00+00:00, run_after=2026-07-16 10:00:00+00:00
[2026-07-16T09:51:53.249+0000] {processor.py:183} INFO - Processing /opt/airflow/dags/sdp_pipeline_dag.py took 0.183 seconds
[2026-07-16T09:52:23.478+0000] {processor.py:161} INFO - Started process (PID=1319) to work on /opt/airflow/dags/sdp_pipeline_dag.py
[2026-07-16T09:52:23.481+0000] {processor.py:830} INFO - Processing file /opt/airflow/dags/sdp_pipeline_dag.py for tasks to queue
[2026-07-16T09:52:23.487+0000] {logging_mixin.py:188} INFO - [2026-07-16T09:52:23.486+0000] {dagbag.py:540} INFO - Filling up the DagBag from /opt/airflow/dags/sdp_pipeline_dag.py
[2026-07-16T09:52:23.534+0000] {processor.py:840} INFO - DAG(s) 'e-commerce_kafka_streaming_pipeline_v1' retrieved from /opt/airflow/dags/sdp_pipeline_dag.py
[2026-07-16T09:52:23.598+0000] {logging_mixin.py:188} INFO - [2026-07-16T09:52:23.597+0000] {dag.py:3096} INFO - Sync 1 DAGs
[2026-07-16T09:52:23.650+0000] {logging_mixin.py:188} INFO - [2026-07-16T09:52:23.650+0000] {dag.py:3954} INFO - Setting next_dagrun for e-commerce_kafka_streaming_pipeline_v1 to 2026-07-16 09:00:00+00:00, run_after=2026-07-16 10:00:00+00:00
[2026-07-16T09:52:23.689+0000] {processor.py:183} INFO - Processing /opt/airflow/dags/sdp_pipeline_dag.py took 0.221 seconds
[2026-07-16T09:52:54.103+0000] {processor.py:161} INFO - Started process (PID=1324) to work on /opt/airflow/dags/sdp_pipeline_dag.py
[2026-07-16T09:52:54.105+0000] {processor.py:830} INFO - Processing file /opt/airflow/dags/sdp_pipeline_dag.py for tasks to queue
[2026-07-16T09:52:54.109+0000] {logging_mixin.py:188} INFO - [2026-07-16T09:52:54.108+0000] {dagbag.py:540} INFO - Filling up the DagBag from /opt/airflow/dags/sdp_pipeline_dag.py
[2026-07-16T09:52:54.145+0000] {processor.py:840} INFO - DAG(s) 'e-commerce_kafka_streaming_pipeline_v1' retrieved from /opt/airflow/dags/sdp_pipeline_dag.py
[2026-07-16T09:52:54.183+0000] {logging_mixin.py:188} INFO - [2026-07-16T09:52:54.183+0000] {dag.py:3096} INFO - Sync 1 DAGs
[2026-07-16T09:52:54.215+0000] {logging_mixin.py:188} INFO - [2026-07-16T09:52:54.215+0000] {dag.py:3954} INFO - Setting next_dagrun for e-commerce_kafka_streaming_pipeline_v1 to 2026-07-16 09:00:00+00:00, run_after=2026-07-16 10:00:00+00:00
[2026-07-16T09:52:54.242+0000] {processor.py:183} INFO - Processing /opt/airflow/dags/sdp_pipeline_dag.py took 0.150 seconds
[2026-07-16T09:53:24.463+0000] {processor.py:161} INFO - Started process (PID=1329) to work on /opt/airflow/dags/sdp_pipeline_dag.py
[2026-07-16T09:53:24.466+0000] {processor.py:830} INFO - Processing file /opt/airflow/dags/sdp_pipeline_dag.py for tasks to queue
[2026-07-16T09:53:24.470+0000] {logging_mixin.py:188} INFO - [2026-07-16T09:53:24.469+0000] {dagbag.py:540} INFO - Filling up the DagBag from /opt/airflow/dags/sdp_pipeline_dag.py
[2026-07-16T09:53:24.515+0000] {processor.py:840} INFO - DAG(s) 'e-commerce_kafka_streaming_pipeline_v1' retrieved from /opt/airflow/dags/sdp_pipeline_dag.py
[2026-07-16T09:53:24.562+0000] {logging_mixin.py:188} INFO - [2026-07-16T09:53:24.562+0000] {dag.py:3096} INFO - Sync 1 DAGs
[2026-07-16T09:53:24.604+0000] {logging_mixin.py:188} INFO - [2026-07-16T09:53:24.604+0000] {dag.py:3954} INFO - Setting next_dagrun for e-commerce_kafka_streaming_pipeline_v1 to 2026-07-16 09:00:00+00:00, run_after=2026-07-16 10:00:00+00:00
[2026-07-16T09:53:24.637+0000] {processor.py:183} INFO - Processing /opt/airflow/dags/sdp_pipeline_dag.py took 0.184 seconds
[2026-07-16T09:53:54.872+0000] {processor.py:161} INFO - Started process (PID=1334) to work on /opt/airflow/dags/sdp_pipeline_dag.py
[2026-07-16T09:53:54.874+0000] {processor.py:830} INFO - Processing file /opt/airflow/dags/sdp_pipeline_dag.py for tasks to queue
[2026-07-16T09:53:54.878+0000] {logging_mixin.py:188} INFO - [2026-07-16T09:53:54.877+0000] {dagbag.py:540} INFO - Filling up the DagBag from /opt/airflow/dags/sdp_pipeline_dag.py
[2026-07-16T09:53:54.904+0000] {processor.py:840} INFO - DAG(s) 'e-commerce_kafka_streaming_pipeline_v1' retrieved from /opt/airflow/dags/sdp_pipeline_dag.py
[2026-07-16T09:53:54.939+0000] {logging_mixin.py:188} INFO - [2026-07-16T09:53:54.939+0000] {dag.py:3096} INFO - Sync 1 DAGs
[2026-07-16T09:53:54.970+0000] {logging_mixin.py:188} INFO - [2026-07-16T09:53:54.970+0000] {dag.py:3954} INFO - Setting next_dagrun for e-commerce_kafka_streaming_pipeline_v1 to 2026-07-16 09:00:00+00:00, run_after=2026-07-16 10:00:00+00:00
[2026-07-16T09:53:54.995+0000] {processor.py:183} INFO - Processing /opt/airflow/dags/sdp_pipeline_dag.py took 0.139 seconds
[2026-07-16T09:54:25.275+0000] {processor.py:161} INFO - Started process (PID=1339) to work on /opt/airflow/dags/sdp_pipeline_dag.py
[2026-07-16T09:54:25.280+0000] {processor.py:830} INFO - Processing file /opt/airflow/dags/sdp_pipeline_dag.py for tasks to queue
[2026-07-16T09:54:25.286+0000] {logging_mixin.py:188} INFO - [2026-07-16T09:54:25.285+0000] {dagbag.py:540} INFO - Filling up the DagBag from /opt/airflow/dags/sdp_pipeline_dag.py
[2026-07-16T09:54:25.325+0000] {processor.py:840} INFO - DAG(s) 'e-commerce_kafka_streaming_pipeline_v1' retrieved from /opt/airflow/dags/sdp_pipeline_dag.py
[2026-07-16T09:54:25.376+0000] {logging_mixin.py:188} INFO - [2026-07-16T09:54:25.375+0000] {dag.py:3096} INFO - Sync 1 DAGs
[2026-07-16T09:54:25.415+0000] {logging_mixin.py:188} INFO - [2026-07-16T09:54:25.415+0000] {dag.py:3954} INFO - Setting next_dagrun for e-commerce_kafka_streaming_pipeline_v1 to 2026-07-16 09:00:00+00:00, run_after=2026-07-16 10:00:00+00:00
[2026-07-16T09:54:25.447+0000] {processor.py:183} INFO - Processing /opt/airflow/dags/sdp_pipeline_dag.py took 0.190 seconds
[2026-07-16T09:54:55.664+0000] {processor.py:161} INFO - Started process (PID=1344) to work on /opt/airflow/dags/sdp_pipeline_dag.py
[2026-07-16T09:54:55.666+0000] {processor.py:830} INFO - Processing file /opt/airflow/dags/sdp_pipeline_dag.py for tasks to queue
[2026-07-16T09:54:55.670+0000] {logging_mixin.py:188} INFO - [2026-07-16T09:54:55.670+0000] {dagbag.py:540} INFO - Filling up the DagBag from /opt/airflow/dags/sdp_pipeline_dag.py
[2026-07-16T09:54:55.705+0000] {processor.py:840} INFO - DAG(s) 'e-commerce_kafka_streaming_pipeline_v1' retrieved from /opt/airflow/dags/sdp_pipeline_dag.py
[2026-07-16T09:54:55.750+0000] {logging_mixin.py:188} INFO - [2026-07-16T09:54:55.750+0000] {dag.py:3096} INFO - Sync 1 DAGs
[2026-07-16T09:54:55.782+0000] {logging_mixin.py:188} INFO - [2026-07-16T09:54:55.782+0000] {dag.py:3954} INFO - Setting next_dagrun for e-commerce_kafka_streaming_pipeline_v1 to 2026-07-16 09:00:00+00:00, run_after=2026-07-16 10:00:00+00:00
[2026-07-16T09:54:55.825+0000] {processor.py:183} INFO - Processing /opt/airflow/dags/sdp_pipeline_dag.py took 0.173 seconds
[2026-07-16T09:55:26.102+0000] {processor.py:161} INFO - Started process (PID=1349) to work on /opt/airflow/dags/sdp_pipeline_dag.py
[2026-07-16T09:55:26.104+0000] {processor.py:830} INFO - Processing file /opt/airflow/dags/sdp_pipeline_dag.py for tasks to queue
[2026-07-16T09:55:26.108+0000] {logging_mixin.py:188} INFO - [2026-07-16T09:55:26.108+0000] {dagbag.py:540} INFO - Filling up the DagBag from /opt/airflow/dags/sdp_pipeline_dag.py
[2026-07-16T09:55:26.142+0000] {processor.py:840} INFO - DAG(s) 'e-commerce_kafka_streaming_pipeline_v1' retrieved from /opt/airflow/dags/sdp_pipeline_dag.py
[2026-07-16T09:55:26.200+0000] {logging_mixin.py:188} INFO - [2026-07-16T09:55:26.200+0000] {dag.py:3096} INFO - Sync 1 DAGs
[2026-07-16T09:55:26.245+0000] {logging_mixin.py:188} INFO - [2026-07-16T09:55:26.244+0000] {dag.py:3954} INFO - Setting next_dagrun for e-commerce_kafka_streaming_pipeline_v1 to 2026-07-16 09:00:00+00:00, run_after=2026-07-16 10:00:00+00:00
[2026-07-16T09:55:26.281+0000] {processor.py:183} INFO - Processing /opt/airflow/dags/sdp_pipeline_dag.py took 0.190 seconds
[2026-07-16T09:55:56.477+0000] {processor.py:161} INFO - Started process (PID=1354) to work on /opt/airflow/dags/sdp_pipeline_dag.py
[2026-07-16T09:55:56.480+0000] {processor.py:830} INFO - Processing file /opt/airflow/dags/sdp_pipeline_dag.py for tasks to queue
[2026-07-16T09:55:56.486+0000] {logging_mixin.py:188} INFO - [2026-07-16T09:55:56.486+0000] {dagbag.py:540} INFO - Filling up the DagBag from /opt/airflow/dags/sdp_pipeline_dag.py
[2026-07-16T09:55:56.529+0000] {processor.py:840} INFO - DAG(s) 'e-commerce_kafka_streaming_pipeline_v1' retrieved from /opt/airflow/dags/sdp_pipeline_dag.py
[2026-07-16T09:55:56.585+0000] {logging_mixin.py:188} INFO - [2026-07-16T09:55:56.585+0000] {dag.py:3096} INFO - Sync 1 DAGs
[2026-07-16T09:55:56.622+0000] {logging_mixin.py:188} INFO - [2026-07-16T09:55:56.622+0000] {dag.py:3954} INFO - Setting next_dagrun for e-commerce_kafka_streaming_pipeline_v1 to 2026-07-16 09:00:00+00:00, run_after=2026-07-16 10:00:00+00:00
[2026-07-16T09:55:56.650+0000] {processor.py:183} INFO - Processing /opt/airflow/dags/sdp_pipeline_dag.py took 0.186 seconds
[2026-07-16T09:56:26.930+0000] {processor.py:161} INFO - Started process (PID=1359) to work on /opt/airflow/dags/sdp_pipeline_dag.py
[2026-07-16T09:56:26.932+0000] {processor.py:830} INFO - Processing file /opt/airflow/dags/sdp_pipeline_dag.py for tasks to queue
[2026-07-16T09:56:26.935+0000] {logging_mixin.py:188} INFO - [2026-07-16T09:56:26.935+0000] {dagbag.py:540} INFO - Filling up the DagBag from /opt/airflow/dags/sdp_pipeline_dag.py
[2026-07-16T09:56:26.968+0000] {processor.py:840} INFO - DAG(s) 'e-commerce_kafka_streaming_pipeline_v1' retrieved from /opt/airflow/dags/sdp_pipeline_dag.py
[2026-07-16T09:56:27.005+0000] {logging_mixin.py:188} INFO - [2026-07-16T09:56:27.005+0000] {dag.py:3096} INFO - Sync 1 DAGs
[2026-07-16T09:56:27.035+0000] {logging_mixin.py:188} INFO - [2026-07-16T09:56:27.035+0000] {dag.py:3954} INFO - Setting next_dagrun for e-commerce_kafka_streaming_pipeline_v1 to 2026-07-16 09:00:00+00:00, run_after=2026-07-16 10:00:00+00:00
[2026-07-16T09:56:27.061+0000] {processor.py:183} INFO - Processing /opt/airflow/dags/sdp_pipeline_dag.py took 0.145 seconds
[2026-07-16T09:56:57.268+0000] {processor.py:161} INFO - Started process (PID=1364) to work on /opt/airflow/dags/sdp_pipeline_dag.py
[2026-07-16T09:56:57.270+0000] {processor.py:830} INFO - Processing file /opt/airflow/dags/sdp_pipeline_dag.py for tasks to queue
[2026-07-16T09:56:57.273+0000] {logging_mixin.py:188} INFO - [2026-07-16T09:56:57.273+0000] {dagbag.py:540} INFO - Filling up the DagBag from /opt/airflow/dags/sdp_pipeline_dag.py
[2026-07-16T09:56:57.300+0000] {processor.py:840} INFO - DAG(s) 'e-commerce_kafka_streaming_pipeline_v1' retrieved from /opt/airflow/dags/sdp_pipeline_dag.py
[2026-07-16T09:56:57.341+0000] {logging_mixin.py:188} INFO - [2026-07-16T09:56:57.341+0000] {dag.py:3096} INFO - Sync 1 DAGs
[2026-07-16T09:56:57.377+0000] {logging_mixin.py:188} INFO - [2026-07-16T09:56:57.376+0000] {dag.py:3954} INFO - Setting next_dagrun for e-commerce_kafka_streaming_pipeline_v1 to 2026-07-16 09:00:00+00:00, run_after=2026-07-16 10:00:00+00:00
[2026-07-16T09:56:57.403+0000] {processor.py:183} INFO - Processing /opt/airflow/dags/sdp_pipeline_dag.py took 0.144 seconds
[2026-07-16T09:57:27.787+0000] {processor.py:161} INFO - Started process (PID=1369) to work on /opt/airflow/dags/sdp_pipeline_dag.py
[2026-07-16T09:57:27.789+0000] {processor.py:830} INFO - Processing file /opt/airflow/dags/sdp_pipeline_dag.py for tasks to queue
[2026-07-16T09:57:27.793+0000] {logging_mixin.py:188} INFO - [2026-07-16T09:57:27.793+0000] {dagbag.py:540} INFO - Filling up the DagBag from /opt/airflow/dags/sdp_pipeline_dag.py
[2026-07-16T09:57:27.830+0000] {processor.py:840} INFO - DAG(s) 'e-commerce_kafka_streaming_pipeline_v1' retrieved from /opt/airflow/dags/sdp_pipeline_dag.py
[2026-07-16T09:57:27.879+0000] {logging_mixin.py:188} INFO - [2026-07-16T09:57:27.878+0000] {dag.py:3096} INFO - Sync 1 DAGs
[2026-07-16T09:57:27.910+0000] {logging_mixin.py:188} INFO - [2026-07-16T09:57:27.910+0000] {dag.py:3954} INFO - Setting next_dagrun for e-commerce_kafka_streaming_pipeline_v1 to 2026-07-16 09:00:00+00:00, run_after=2026-07-16 10:00:00+00:00
[2026-07-16T09:57:27.936+0000] {processor.py:183} INFO - Processing /opt/airflow/dags/sdp_pipeline_dag.py took 0.158 seconds
[2026-07-16T09:57:58.139+0000] {processor.py:161} INFO - Started process (PID=1374) to work on /opt/airflow/dags/sdp_pipeline_dag.py
[2026-07-16T09:57:58.141+0000] {processor.py:830} INFO - Processing file /opt/airflow/dags/sdp_pipeline_dag.py for tasks to queue
[2026-07-16T09:57:58.146+0000] {logging_mixin.py:188} INFO - [2026-07-16T09:57:58.146+0000] {dagbag.py:540} INFO - Filling up the DagBag from /opt/airflow/dags/sdp_pipeline_dag.py
[2026-07-16T09:57:58.192+0000] {processor.py:840} INFO - DAG(s) 'e-commerce_kafka_streaming_pipeline_v1' retrieved from /opt/airflow/dags/sdp_pipeline_dag.py
[2026-07-16T09:57:58.243+0000] {logging_mixin.py:188} INFO - [2026-07-16T09:57:58.243+0000] {dag.py:3096} INFO - Sync 1 DAGs
[2026-07-16T09:57:58.277+0000] {logging_mixin.py:188} INFO - [2026-07-16T09:57:58.277+0000] {dag.py:3954} INFO - Setting next_dagrun for e-commerce_kafka_streaming_pipeline_v1 to 2026-07-16 09:00:00+00:00, run_after=2026-07-16 10:00:00+00:00
[2026-07-16T09:57:58.311+0000] {processor.py:183} INFO - Processing /opt/airflow/dags/sdp_pipeline_dag.py took 0.184 seconds
[2026-07-16T09:58:28.614+0000] {processor.py:161} INFO - Started process (PID=1379) to work on /opt/airflow/dags/sdp_pipeline_dag.py
[2026-07-16T09:58:28.616+0000] {processor.py:830} INFO - Processing file /opt/airflow/dags/sdp_pipeline_dag.py for tasks to queue
[2026-07-16T09:58:28.619+0000] {logging_mixin.py:188} INFO - [2026-07-16T09:58:28.619+0000] {dagbag.py:540} INFO - Filling up the DagBag from /opt/airflow/dags/sdp_pipeline_dag.py
[2026-07-16T09:58:28.651+0000] {processor.py:840} INFO - DAG(s) 'e-commerce_kafka_streaming_pipeline_v1' retrieved from /opt/airflow/dags/sdp_pipeline_dag.py
[2026-07-16T09:58:28.696+0000] {logging_mixin.py:188} INFO - [2026-07-16T09:58:28.696+0000] {dag.py:3096} INFO - Sync 1 DAGs
[2026-07-16T09:58:28.730+0000] {logging_mixin.py:188} INFO - [2026-07-16T09:58:28.729+0000] {dag.py:3954} INFO - Setting next_dagrun for e-commerce_kafka_streaming_pipeline_v1 to 2026-07-16 09:00:00+00:00, run_after=2026-07-16 10:00:00+00:00
[2026-07-16T09:58:28.752+0000] {processor.py:183} INFO - Processing /opt/airflow/dags/sdp_pipeline_dag.py took 0.148 seconds
[2026-07-16T09:58:58.961+0000] {processor.py:161} INFO - Started process (PID=1384) to work on /opt/airflow/dags/sdp_pipeline_dag.py
[2026-07-16T09:58:58.964+0000] {processor.py:830} INFO - Processing file /opt/airflow/dags/sdp_pipeline_dag.py for tasks to queue
[2026-07-16T09:58:58.970+0000] {logging_mixin.py:188} INFO - [2026-07-16T09:58:58.968+0000] {dagbag.py:540} INFO - Filling up the DagBag from /opt/airflow/dags/sdp_pipeline_dag.py
[2026-07-16T09:58:59.005+0000] {processor.py:840} INFO - DAG(s) 'e-commerce_kafka_streaming_pipeline_v1' retrieved from /opt/airflow/dags/sdp_pipeline_dag.py
[2026-07-16T09:58:59.057+0000] {logging_mixin.py:188} INFO - [2026-07-16T09:58:59.056+0000] {dag.py:3096} INFO - Sync 1 DAGs
[2026-07-16T09:58:59.092+0000] {logging_mixin.py:188} INFO - [2026-07-16T09:58:59.092+0000] {dag.py:3954} INFO - Setting next_dagrun for e-commerce_kafka_streaming_pipeline_v1 to 2026-07-16 09:00:00+00:00, run_after=2026-07-16 10:00:00+00:00
[2026-07-16T09:58:59.124+0000] {processor.py:183} INFO - Processing /opt/airflow/dags/sdp_pipeline_dag.py took 0.175 seconds
[2026-07-16T09:59:29.398+0000] {processor.py:161} INFO - Started process (PID=1389) to work on /opt/airflow/dags/sdp_pipeline_dag.py
[2026-07-16T09:59:29.400+0000] {processor.py:830} INFO - Processing file /opt/airflow/dags/sdp_pipeline_dag.py for tasks to queue
[2026-07-16T09:59:29.405+0000] {logging_mixin.py:188} INFO - [2026-07-16T09:59:29.405+0000] {dagbag.py:540} INFO - Filling up the DagBag from /opt/airflow/dags/sdp_pipeline_dag.py
[2026-07-16T09:59:29.444+0000] {processor.py:840} INFO - DAG(s) 'e-commerce_kafka_streaming_pipeline_v1' retrieved from /opt/airflow/dags/sdp_pipeline_dag.py
[2026-07-16T09:59:29.503+0000] {logging_mixin.py:188} INFO - [2026-07-16T09:59:29.502+0000] {dag.py:3096} INFO - Sync 1 DAGs
[2026-07-16T09:59:29.564+0000] {logging_mixin.py:188} INFO - [2026-07-16T09:59:29.564+0000] {dag.py:3954} INFO - Setting next_dagrun for e-commerce_kafka_streaming_pipeline_v1 to 2026-07-16 09:00:00+00:00, run_after=2026-07-16 10:00:00+00:00
[2026-07-16T09:59:29.605+0000] {processor.py:183} INFO - Processing /opt/airflow/dags/sdp_pipeline_dag.py took 0.221 seconds
[2026-07-16T09:59:59.782+0000] {processor.py:161} INFO - Started process (PID=1394) to work on /opt/airflow/dags/sdp_pipeline_dag.py
[2026-07-16T09:59:59.784+0000] {processor.py:830} INFO - Processing file /opt/airflow/dags/sdp_pipeline_dag.py for tasks to queue
[2026-07-16T09:59:59.789+0000] {logging_mixin.py:188} INFO - [2026-07-16T09:59:59.788+0000] {dagbag.py:540} INFO - Filling up the DagBag from /opt/airflow/dags/sdp_pipeline_dag.py
[2026-07-16T09:59:59.824+0000] {processor.py:840} INFO - DAG(s) 'e-commerce_kafka_streaming_pipeline_v1' retrieved from /opt/airflow/dags/sdp_pipeline_dag.py
[2026-07-16T09:59:59.864+0000] {logging_mixin.py:188} INFO - [2026-07-16T09:59:59.864+0000] {dag.py:3096} INFO - Sync 1 DAGs
[2026-07-16T09:59:59.905+0000] {logging_mixin.py:188} INFO - [2026-07-16T09:59:59.904+0000] {dag.py:3954} INFO - Setting next_dagrun for e-commerce_kafka_streaming_pipeline_v1 to 2026-07-16 09:00:00+00:00, run_after=2026-07-16 10:00:00+00:00
[2026-07-16T09:59:59.933+0000] {processor.py:183} INFO - Processing /opt/airflow/dags/sdp_pipeline_dag.py took 0.161 seconds
[2026-07-16T10:00:30.209+0000] {processor.py:161} INFO - Started process (PID=1415) to work on /opt/airflow/dags/sdp_pipeline_dag.py
[2026-07-16T10:00:30.212+0000] {processor.py:830} INFO - Processing file /opt/airflow/dags/sdp_pipeline_dag.py for tasks to queue
[2026-07-16T10:00:30.223+0000] {logging_mixin.py:188} INFO - [2026-07-16T10:00:30.222+0000] {dagbag.py:540} INFO - Filling up the DagBag from /opt/airflow/dags/sdp_pipeline_dag.py
[2026-07-16T10:00:30.290+0000] {processor.py:840} INFO - DAG(s) 'e-commerce_kafka_streaming_pipeline_v1' retrieved from /opt/airflow/dags/sdp_pipeline_dag.py
[2026-07-16T10:00:30.376+0000] {logging_mixin.py:188} INFO - [2026-07-16T10:00:30.375+0000] {dag.py:3096} INFO - Sync 1 DAGs
[2026-07-16T10:00:30.441+0000] {logging_mixin.py:188} INFO - [2026-07-16T10:00:30.441+0000] {dag.py:3954} INFO - Setting next_dagrun for e-commerce_kafka_streaming_pipeline_v1 to 2026-07-16 10:00:00+00:00, run_after=2026-07-16 11:00:00+00:00
[2026-07-16T10:00:30.492+0000] {processor.py:183} INFO - Processing /opt/airflow/dags/sdp_pipeline_dag.py took 0.305 seconds
[2026-07-16T10:01:00.839+0000] {processor.py:161} INFO - Started process (PID=1420) to work on /opt/airflow/dags/sdp_pipeline_dag.py
[2026-07-16T10:01:00.842+0000] {processor.py:830} INFO - Processing file /opt/airflow/dags/sdp_pipeline_dag.py for tasks to queue
[2026-07-16T10:01:00.846+0000] {logging_mixin.py:188} INFO - [2026-07-16T10:01:00.846+0000] {dagbag.py:540} INFO - Filling up the DagBag from /opt/airflow/dags/sdp_pipeline_dag.py
[2026-07-16T10:01:00.888+0000] {processor.py:840} INFO - DAG(s) 'e-commerce_kafka_streaming_pipeline_v1' retrieved from /opt/airflow/dags/sdp_pipeline_dag.py
[2026-07-16T10:01:00.950+0000] {logging_mixin.py:188} INFO - [2026-07-16T10:01:00.950+0000] {dag.py:3096} INFO - Sync 1 DAGs
[2026-07-16T10:01:01.010+0000] {logging_mixin.py:188} INFO - [2026-07-16T10:01:01.010+0000] {dag.py:3954} INFO - Setting next_dagrun for e-commerce_kafka_streaming_pipeline_v1 to 2026-07-16 10:00:00+00:00, run_after=2026-07-16 11:00:00+00:00
[2026-07-16T10:01:01.058+0000] {processor.py:183} INFO - Processing /opt/airflow/dags/sdp_pipeline_dag.py took 0.236 seconds
[2026-07-16T10:01:31.359+0000] {processor.py:161} INFO - Started process (PID=1425) to work on /opt/airflow/dags/sdp_pipeline_dag.py
[2026-07-16T10:01:31.363+0000] {processor.py:830} INFO - Processing file /opt/airflow/dags/sdp_pipeline_dag.py for tasks to queue
[2026-07-16T10:01:31.367+0000] {logging_mixin.py:188} INFO - [2026-07-16T10:01:31.366+0000] {dagbag.py:540} INFO - Filling up the DagBag from /opt/airflow/dags/sdp_pipeline_dag.py
[2026-07-16T10:01:31.406+0000] {processor.py:840} INFO - DAG(s) 'e-commerce_kafka_streaming_pipeline_v1' retrieved from /opt/airflow/dags/sdp_pipeline_dag.py
[2026-07-16T10:01:31.460+0000] {logging_mixin.py:188} INFO - [2026-07-16T10:01:31.460+0000] {dag.py:3096} INFO - Sync 1 DAGs
[2026-07-16T10:01:31.500+0000] {logging_mixin.py:188} INFO - [2026-07-16T10:01:31.500+0000] {dag.py:3954} INFO - Setting next_dagrun for e-commerce_kafka_streaming_pipeline_v1 to 2026-07-16 10:00:00+00:00, run_after=2026-07-16 11:00:00+00:00
[2026-07-16T10:01:31.539+0000] {processor.py:183} INFO - Processing /opt/airflow/dags/sdp_pipeline_dag.py took 0.193 seconds
[2026-07-16T10:02:01.673+0000] {processor.py:161} INFO - Started process (PID=1430) to work on /opt/airflow/dags/sdp_pipeline_dag.py
[2026-07-16T10:02:01.677+0000] {processor.py:830} INFO - Processing file /opt/airflow/dags/sdp_pipeline_dag.py for tasks to queue
[2026-07-16T10:02:01.681+0000] {logging_mixin.py:188} INFO - [2026-07-16T10:02:01.681+0000] {dagbag.py:540} INFO - Filling up the DagBag from /opt/airflow/dags/sdp_pipeline_dag.py
[2026-07-16T10:02:01.718+0000] {processor.py:840} INFO - DAG(s) 'e-commerce_kafka_streaming_pipeline_v1' retrieved from /opt/airflow/dags/sdp_pipeline_dag.py
[2026-07-16T10:02:01.762+0000] {logging_mixin.py:188} INFO - [2026-07-16T10:02:01.762+0000] {dag.py:3096} INFO - Sync 1 DAGs
[2026-07-16T10:02:01.796+0000] {logging_mixin.py:188} INFO - [2026-07-16T10:02:01.796+0000] {dag.py:3954} INFO - Setting next_dagrun for e-commerce_kafka_streaming_pipeline_v1 to 2026-07-16 10:00:00+00:00, run_after=2026-07-16 11:00:00+00:00
[2026-07-16T10:02:01.824+0000] {processor.py:183} INFO - Processing /opt/airflow/dags/sdp_pipeline_dag.py took 0.166 seconds
[2026-07-16T10:02:32.324+0000] {processor.py:161} INFO - Started process (PID=1449) to work on /opt/airflow/dags/sdp_pipeline_dag.py
[2026-07-16T10:02:32.327+0000] {processor.py:830} INFO - Processing file /opt/airflow/dags/sdp_pipeline_dag.py for tasks to queue
[2026-07-16T10:02:32.335+0000] {logging_mixin.py:188} INFO - [2026-07-16T10:02:32.333+0000] {dagbag.py:540} INFO - Filling up the DagBag from /opt/airflow/dags/sdp_pipeline_dag.py
[2026-07-16T10:02:32.373+0000] {processor.py:840} INFO - DAG(s) 'e-commerce_kafka_streaming_pipeline_v1' retrieved from /opt/airflow/dags/sdp_pipeline_dag.py
[2026-07-16T10:02:32.449+0000] {logging_mixin.py:188} INFO - [2026-07-16T10:02:32.448+0000] {dag.py:3096} INFO - Sync 1 DAGs
[2026-07-16T10:02:32.497+0000] {logging_mixin.py:188} INFO - [2026-07-16T10:02:32.496+0000] {dag.py:3954} INFO - Setting next_dagrun for e-commerce_kafka_streaming_pipeline_v1 to 2026-07-16 10:00:00+00:00, run_after=2026-07-16 11:00:00+00:00
[2026-07-16T10:02:32.529+0000] {processor.py:183} INFO - Processing /opt/airflow/dags/sdp_pipeline_dag.py took 0.218 seconds
[2026-07-16T10:03:02.669+0000] {processor.py:161} INFO - Started process (PID=1454) to work on /opt/airflow/dags/sdp_pipeline_dag.py
[2026-07-16T10:03:02.673+0000] {processor.py:830} INFO - Processing file /opt/airflow/dags/sdp_pipeline_dag.py for tasks to queue
[2026-07-16T10:03:02.679+0000] {logging_mixin.py:188} INFO - [2026-07-16T10:03:02.678+0000] {dagbag.py:540} INFO - Filling up the DagBag from /opt/airflow/dags/sdp_pipeline_dag.py
[2026-07-16T10:03:02.729+0000] {processor.py:840} INFO - DAG(s) 'e-commerce_kafka_streaming_pipeline_v1' retrieved from /opt/airflow/dags/sdp_pipeline_dag.py
[2026-07-16T10:03:02.840+0000] {logging_mixin.py:188} INFO - [2026-07-16T10:03:02.839+0000] {dag.py:3096} INFO - Sync 1 DAGs
[2026-07-16T10:03:02.927+0000] {logging_mixin.py:188} INFO - [2026-07-16T10:03:02.926+0000] {dag.py:3954} INFO - Setting next_dagrun for e-commerce_kafka_streaming_pipeline_v1 to 2026-07-16 10:00:00+00:00, run_after=2026-07-16 11:00:00+00:00
[2026-07-16T10:03:02.976+0000] {processor.py:183} INFO - Processing /opt/airflow/dags/sdp_pipeline_dag.py took 0.324 seconds
[2026-07-16T10:03:33.169+0000] {processor.py:161} INFO - Started process (PID=1459) to work on /opt/airflow/dags/sdp_pipeline_dag.py
[2026-07-16T10:03:33.171+0000] {processor.py:830} INFO - Processing file /opt/airflow/dags/sdp_pipeline_dag.py for tasks to queue
[2026-07-16T10:03:33.177+0000] {logging_mixin.py:188} INFO - [2026-07-16T10:03:33.176+0000] {dagbag.py:540} INFO - Filling up the DagBag from /opt/airflow/dags/sdp_pipeline_dag.py
[2026-07-16T10:03:33.233+0000] {processor.py:840} INFO - DAG(s) 'e-commerce_kafka_streaming_pipeline_v1' retrieved from /opt/airflow/dags/sdp_pipeline_dag.py
[2026-07-16T10:03:33.302+0000] {logging_mixin.py:188} INFO - [2026-07-16T10:03:33.301+0000] {dag.py:3096} INFO - Sync 1 DAGs
[2026-07-16T10:03:33.350+0000] {logging_mixin.py:188} INFO - [2026-07-16T10:03:33.349+0000] {dag.py:3954} INFO - Setting next_dagrun for e-commerce_kafka_streaming_pipeline_v1 to 2026-07-16 10:00:00+00:00, run_after=2026-07-16 11:00:00+00:00
[2026-07-16T10:03:33.388+0000] {processor.py:183} INFO - Processing /opt/airflow/dags/sdp_pipeline_dag.py took 0.234 seconds
[2026-07-16T10:04:03.490+0000] {processor.py:161} INFO - Started process (PID=1464) to work on /opt/airflow/dags/sdp_pipeline_dag.py
[2026-07-16T10:04:03.492+0000] {processor.py:830} INFO - Processing file /opt/airflow/dags/sdp_pipeline_dag.py for tasks to queue
[2026-07-16T10:04:03.497+0000] {logging_mixin.py:188} INFO - [2026-07-16T10:04:03.496+0000] {dagbag.py:540} INFO - Filling up the DagBag from /opt/airflow/dags/sdp_pipeline_dag.py
[2026-07-16T10:04:03.539+0000] {processor.py:840} INFO - DAG(s) 'e-commerce_kafka_streaming_pipeline_v1' retrieved from /opt/airflow/dags/sdp_pipeline_dag.py
[2026-07-16T10:04:03.608+0000] {logging_mixin.py:188} INFO - [2026-07-16T10:04:03.607+0000] {dag.py:3096} INFO - Sync 1 DAGs
[2026-07-16T10:04:03.664+0000] {logging_mixin.py:188} INFO - [2026-07-16T10:04:03.664+0000] {dag.py:3954} INFO - Setting next_dagrun for e-commerce_kafka_streaming_pipeline_v1 to 2026-07-16 10:00:00+00:00, run_after=2026-07-16 11:00:00+00:00
[2026-07-16T10:04:03.709+0000] {processor.py:183} INFO - Processing /opt/airflow/dags/sdp_pipeline_dag.py took 0.234 seconds
[2026-07-16T10:04:33.886+0000] {processor.py:161} INFO - Started process (PID=1483) to work on /opt/airflow/dags/sdp_pipeline_dag.py
[2026-07-16T10:04:33.889+0000] {processor.py:830} INFO - Processing file /opt/airflow/dags/sdp_pipeline_dag.py for tasks to queue
[2026-07-16T10:04:33.894+0000] {logging_mixin.py:188} INFO - [2026-07-16T10:04:33.893+0000] {dagbag.py:540} INFO - Filling up the DagBag from /opt/airflow/dags/sdp_pipeline_dag.py
[2026-07-16T10:04:33.942+0000] {processor.py:840} INFO - DAG(s) 'e-commerce_kafka_streaming_pipeline_v1' retrieved from /opt/airflow/dags/sdp_pipeline_dag.py
[2026-07-16T10:04:34.062+0000] {logging_mixin.py:188} INFO - [2026-07-16T10:04:34.062+0000] {dag.py:3096} INFO - Sync 1 DAGs
[2026-07-16T10:04:34.190+0000] {logging_mixin.py:188} INFO - [2026-07-16T10:04:34.189+0000] {dag.py:3954} INFO - Setting next_dagrun for e-commerce_kafka_streaming_pipeline_v1 to 2026-07-16 10:00:00+00:00, run_after=2026-07-16 11:00:00+00:00
[2026-07-16T10:04:34.246+0000] {processor.py:183} INFO - Processing /opt/airflow/dags/sdp_pipeline_dag.py took 0.372 seconds
[2026-07-16T10:05:04.663+0000] {processor.py:161} INFO - Started process (PID=1488) to work on /opt/airflow/dags/sdp_pipeline_dag.py
[2026-07-16T10:05:04.666+0000] {processor.py:830} INFO - Processing file /opt/airflow/dags/sdp_pipeline_dag.py for tasks to queue
[2026-07-16T10:05:04.673+0000] {logging_mixin.py:188} INFO - [2026-07-16T10:05:04.672+0000] {dagbag.py:540} INFO - Filling up the DagBag from /opt/airflow/dags/sdp_pipeline_dag.py
[2026-07-16T10:05:04.724+0000] {processor.py:840} INFO - DAG(s) 'e-commerce_kafka_streaming_pipeline_v1' retrieved from /opt/airflow/dags/sdp_pipeline_dag.py
[2026-07-16T10:05:04.801+0000] {logging_mixin.py:188} INFO - [2026-07-16T10:05:04.800+0000] {dag.py:3096} INFO - Sync 1 DAGs
[2026-07-16T10:05:04.870+0000] {logging_mixin.py:188} INFO - [2026-07-16T10:05:04.869+0000] {dag.py:3954} INFO - Setting next_dagrun for e-commerce_kafka_streaming_pipeline_v1 to 2026-07-16 10:00:00+00:00, run_after=2026-07-16 11:00:00+00:00
[2026-07-16T10:05:04.924+0000] {processor.py:183} INFO - Processing /opt/airflow/dags/sdp_pipeline_dag.py took 0.284 seconds
[2026-07-16T10:05:35.249+0000] {processor.py:161} INFO - Started process (PID=1493) to work on /opt/airflow/dags/sdp_pipeline_dag.py
[2026-07-16T10:05:35.252+0000] {processor.py:830} INFO - Processing file /opt/airflow/dags/sdp_pipeline_dag.py for tasks to queue
[2026-07-16T10:05:35.258+0000] {logging_mixin.py:188} INFO - [2026-07-16T10:05:35.257+0000] {dagbag.py:540} INFO - Filling up the DagBag from /opt/airflow/dags/sdp_pipeline_dag.py
[2026-07-16T10:05:35.313+0000] {processor.py:840} INFO - DAG(s) 'e-commerce_kafka_streaming_pipeline_v1' retrieved from /opt/airflow/dags/sdp_pipeline_dag.py
[2026-07-16T10:05:35.383+0000] {logging_mixin.py:188} INFO - [2026-07-16T10:05:35.382+0000] {dag.py:3096} INFO - Sync 1 DAGs
[2026-07-16T10:05:35.438+0000] {logging_mixin.py:188} INFO - [2026-07-16T10:05:35.438+0000] {dag.py:3954} INFO - Setting next_dagrun for e-commerce_kafka_streaming_pipeline_v1 to 2026-07-16 10:00:00+00:00, run_after=2026-07-16 11:00:00+00:00
[2026-07-16T10:05:35.482+0000] {processor.py:183} INFO - Processing /opt/airflow/dags/sdp_pipeline_dag.py took 0.250 seconds
[2026-07-16T10:06:05.832+0000] {processor.py:161} INFO - Started process (PID=1504) to work on /opt/airflow/dags/sdp_pipeline_dag.py
[2026-07-16T10:06:05.835+0000] {processor.py:830} INFO - Processing file /opt/airflow/dags/sdp_pipeline_dag.py for tasks to queue
[2026-07-16T10:06:05.838+0000] {logging_mixin.py:188} INFO - [2026-07-16T10:06:05.838+0000] {dagbag.py:540} INFO - Filling up the DagBag from /opt/airflow/dags/sdp_pipeline_dag.py
[2026-07-16T10:06:05.869+0000] {processor.py:840} INFO - DAG(s) 'e-commerce_kafka_streaming_pipeline_v1' retrieved from /opt/airflow/dags/sdp_pipeline_dag.py
[2026-07-16T10:06:05.910+0000] {logging_mixin.py:188} INFO - [2026-07-16T10:06:05.909+0000] {dag.py:3096} INFO - Sync 1 DAGs
[2026-07-16T10:06:05.957+0000] {logging_mixin.py:188} INFO - [2026-07-16T10:06:05.955+0000] {dag.py:3954} INFO - Setting next_dagrun for e-commerce_kafka_streaming_pipeline_v1 to 2026-07-16 10:00:00+00:00, run_after=2026-07-16 11:00:00+00:00
[2026-07-16T10:06:05.993+0000] {processor.py:183} INFO - Processing /opt/airflow/dags/sdp_pipeline_dag.py took 0.170 seconds
[2026-07-16T10:06:36.176+0000] {processor.py:161} INFO - Started process (PID=1509) to work on /opt/airflow/dags/sdp_pipeline_dag.py
[2026-07-16T10:06:36.178+0000] {processor.py:830} INFO - Processing file /opt/airflow/dags/sdp_pipeline_dag.py for tasks to queue
[2026-07-16T10:06:36.182+0000] {logging_mixin.py:188} INFO - [2026-07-16T10:06:36.181+0000] {dagbag.py:540} INFO - Filling up the DagBag from /opt/airflow/dags/sdp_pipeline_dag.py
[2026-07-16T10:06:36.215+0000] {processor.py:840} INFO - DAG(s) 'e-commerce_kafka_streaming_pipeline_v1' retrieved from /opt/airflow/dags/sdp_pipeline_dag.py
[2026-07-16T10:06:36.257+0000] {logging_mixin.py:188} INFO - [2026-07-16T10:06:36.256+0000] {dag.py:3096} INFO - Sync 1 DAGs
[2026-07-16T10:06:36.301+0000] {logging_mixin.py:188} INFO - [2026-07-16T10:06:36.301+0000] {dag.py:3954} INFO - Setting next_dagrun for e-commerce_kafka_streaming_pipeline_v1 to 2026-07-16 10:00:00+00:00, run_after=2026-07-16 11:00:00+00:00
[2026-07-16T10:06:36.352+0000] {processor.py:183} INFO - Processing /opt/airflow/dags/sdp_pipeline_dag.py took 0.186 seconds
[2026-07-16T11:06:57.531+0000] {processor.py:161} INFO - Started process (PID=1516) to work on /opt/airflow/dags/sdp_pipeline_dag.py
[2026-07-16T11:06:57.540+0000] {processor.py:830} INFO - Processing file /opt/airflow/dags/sdp_pipeline_dag.py for tasks to queue
[2026-07-16T11:06:57.545+0000] {logging_mixin.py:188} INFO - [2026-07-16T11:06:57.545+0000] {dagbag.py:540} INFO - Filling up the DagBag from /opt/airflow/dags/sdp_pipeline_dag.py
[2026-07-16T11:06:57.623+0000] {processor.py:840} INFO - DAG(s) 'e-commerce_kafka_streaming_pipeline_v1' retrieved from /opt/airflow/dags/sdp_pipeline_dag.py
[2026-07-16T11:06:57.754+0000] {logging_mixin.py:188} INFO - [2026-07-16T11:06:57.754+0000] {dag.py:3096} INFO - Sync 1 DAGs
[2026-07-16T11:06:57.846+0000] {logging_mixin.py:188} INFO - [2026-07-16T11:06:57.845+0000] {dag.py:3954} INFO - Setting next_dagrun for e-commerce_kafka_streaming_pipeline_v1 to 2026-07-16 11:00:00+00:00, run_after=2026-07-16 12:00:00+00:00
[2026-07-16T11:06:57.960+0000] {processor.py:183} INFO - Processing /opt/airflow/dags/sdp_pipeline_dag.py took 0.443 seconds
[2026-07-16T11:07:28.418+0000] {processor.py:161} INFO - Started process (PID=1538) to work on /opt/airflow/dags/sdp_pipeline_dag.py
[2026-07-16T11:07:28.420+0000] {processor.py:830} INFO - Processing file /opt/airflow/dags/sdp_pipeline_dag.py for tasks to queue
[2026-07-16T11:07:28.427+0000] {logging_mixin.py:188} INFO - [2026-07-16T11:07:28.426+0000] {dagbag.py:540} INFO - Filling up the DagBag from /opt/airflow/dags/sdp_pipeline_dag.py
[2026-07-16T11:07:28.463+0000] {processor.py:840} INFO - DAG(s) 'e-commerce_kafka_streaming_pipeline_v1' retrieved from /opt/airflow/dags/sdp_pipeline_dag.py
[2026-07-16T11:07:28.512+0000] {logging_mixin.py:188} INFO - [2026-07-16T11:07:28.512+0000] {dag.py:3096} INFO - Sync 1 DAGs
[2026-07-16T11:07:28.549+0000] {logging_mixin.py:188} INFO - [2026-07-16T11:07:28.549+0000] {dag.py:3954} INFO - Setting next_dagrun for e-commerce_kafka_streaming_pipeline_v1 to 2026-07-16 11:00:00+00:00, run_after=2026-07-16 12:00:00+00:00
[2026-07-16T11:07:28.586+0000] {processor.py:183} INFO - Processing /opt/airflow/dags/sdp_pipeline_dag.py took 0.180 seconds
[2026-07-16T11:07:58.765+0000] {processor.py:161} INFO - Started process (PID=1543) to work on /opt/airflow/dags/sdp_pipeline_dag.py
[2026-07-16T11:07:58.768+0000] {processor.py:830} INFO - Processing file /opt/airflow/dags/sdp_pipeline_dag.py for tasks to queue
[2026-07-16T11:07:58.772+0000] {logging_mixin.py:188} INFO - [2026-07-16T11:07:58.772+0000] {dagbag.py:540} INFO - Filling up the DagBag from /opt/airflow/dags/sdp_pipeline_dag.py
[2026-07-16T11:07:58.798+0000] {processor.py:840} INFO - DAG(s) 'e-commerce_kafka_streaming_pipeline_v1' retrieved from /opt/airflow/dags/sdp_pipeline_dag.py
[2026-07-16T11:07:58.829+0000] {logging_mixin.py:188} INFO - [2026-07-16T11:07:58.829+0000] {dag.py:3096} INFO - Sync 1 DAGs
[2026-07-16T11:07:58.853+0000] {logging_mixin.py:188} INFO - [2026-07-16T11:07:58.853+0000] {dag.py:3954} INFO - Setting next_dagrun for e-commerce_kafka_streaming_pipeline_v1 to 2026-07-16 11:00:00+00:00, run_after=2026-07-16 12:00:00+00:00
[2026-07-16T11:07:58.874+0000] {processor.py:183} INFO - Processing /opt/airflow/dags/sdp_pipeline_dag.py took 0.117 seconds
[2026-07-16T11:08:28.940+0000] {processor.py:161} INFO - Started process (PID=1548) to work on /opt/airflow/dags/sdp_pipeline_dag.py
[2026-07-16T11:08:28.942+0000] {processor.py:830} INFO - Processing file /opt/airflow/dags/sdp_pipeline_dag.py for tasks to queue
[2026-07-16T11:08:28.944+0000] {logging_mixin.py:188} INFO - [2026-07-16T11:08:28.944+0000] {dagbag.py:540} INFO - Filling up the DagBag from /opt/airflow/dags/sdp_pipeline_dag.py
[2026-07-16T11:08:28.963+0000] {processor.py:840} INFO - DAG(s) 'e-commerce_kafka_streaming_pipeline_v1' retrieved from /opt/airflow/dags/sdp_pipeline_dag.py
[2026-07-16T11:08:28.994+0000] {logging_mixin.py:188} INFO - [2026-07-16T11:08:28.994+0000] {dag.py:3096} INFO - Sync 1 DAGs
[2026-07-16T11:08:29.019+0000] {logging_mixin.py:188} INFO - [2026-07-16T11:08:29.018+0000] {dag.py:3954} INFO - Setting next_dagrun for e-commerce_kafka_streaming_pipeline_v1 to 2026-07-16 11:00:00+00:00, run_after=2026-07-16 12:00:00+00:00
[2026-07-16T11:08:29.040+0000] {processor.py:183} INFO - Processing /opt/airflow/dags/sdp_pipeline_dag.py took 0.109 seconds
[2026-07-16T11:08:59.313+0000] {processor.py:161} INFO - Started process (PID=1567) to work on /opt/airflow/dags/sdp_pipeline_dag.py
[2026-07-16T11:08:59.315+0000] {processor.py:830} INFO - Processing file /opt/airflow/dags/sdp_pipeline_dag.py for tasks to queue
[2026-07-16T11:08:59.320+0000] {logging_mixin.py:188} INFO - [2026-07-16T11:08:59.320+0000] {dagbag.py:540} INFO - Filling up the DagBag from /opt/airflow/dags/sdp_pipeline_dag.py
[2026-07-16T11:08:59.349+0000] {processor.py:840} INFO - DAG(s) 'e-commerce_kafka_streaming_pipeline_v1' retrieved from /opt/airflow/dags/sdp_pipeline_dag.py
[2026-07-16T11:08:59.412+0000] {logging_mixin.py:188} INFO - [2026-07-16T11:08:59.412+0000] {dag.py:3096} INFO - Sync 1 DAGs
[2026-07-16T11:08:59.449+0000] {logging_mixin.py:188} INFO - [2026-07-16T11:08:59.449+0000] {dag.py:3954} INFO - Setting next_dagrun for e-commerce_kafka_streaming_pipeline_v1 to 2026-07-16 11:00:00+00:00, run_after=2026-07-16 12:00:00+00:00
[2026-07-16T11:08:59.474+0000] {processor.py:183} INFO - Processing /opt/airflow/dags/sdp_pipeline_dag.py took 0.172 seconds
[2026-07-16T11:09:29.538+0000] {processor.py:161} INFO - Started process (PID=1572) to work on /opt/airflow/dags/sdp_pipeline_dag.py
[2026-07-16T11:09:29.540+0000] {processor.py:830} INFO - Processing file /opt/airflow/dags/sdp_pipeline_dag.py for tasks to queue
[2026-07-16T11:09:29.545+0000] {logging_mixin.py:188} INFO - [2026-07-16T11:09:29.544+0000] {dagbag.py:540} INFO - Filling up the DagBag from /opt/airflow/dags/sdp_pipeline_dag.py
[2026-07-16T11:09:29.577+0000] {processor.py:840} INFO - DAG(s) 'e-commerce_kafka_streaming_pipeline_v1' retrieved from /opt/airflow/dags/sdp_pipeline_dag.py
[2026-07-16T11:09:29.630+0000] {logging_mixin.py:188} INFO - [2026-07-16T11:09:29.630+0000] {dag.py:3096} INFO - Sync 1 DAGs
[2026-07-16T11:09:29.677+0000] {logging_mixin.py:188} INFO - [2026-07-16T11:09:29.676+0000] {dag.py:3954} INFO - Setting next_dagrun for e-commerce_kafka_streaming_pipeline_v1 to 2026-07-16 11:00:00+00:00, run_after=2026-07-16 12:00:00+00:00
[2026-07-16T11:09:29.701+0000] {processor.py:183} INFO - Processing /opt/airflow/dags/sdp_pipeline_dag.py took 0.177 seconds
[2026-07-16T11:09:59.840+0000] {processor.py:161} INFO - Started process (PID=1577) to work on /opt/airflow/dags/sdp_pipeline_dag.py
[2026-07-16T11:09:59.842+0000] {processor.py:830} INFO - Processing file /opt/airflow/dags/sdp_pipeline_dag.py for tasks to queue
[2026-07-16T11:09:59.844+0000] {logging_mixin.py:188} INFO - [2026-07-16T11:09:59.844+0000] {dagbag.py:540} INFO - Filling up the DagBag from /opt/airflow/dags/sdp_pipeline_dag.py
[2026-07-16T11:09:59.865+0000] {processor.py:840} INFO - DAG(s) 'e-commerce_kafka_streaming_pipeline_v1' retrieved from /opt/airflow/dags/sdp_pipeline_dag.py
[2026-07-16T11:09:59.896+0000] {logging_mixin.py:188} INFO - [2026-07-16T11:09:59.896+0000] {dag.py:3096} INFO - Sync 1 DAGs
[2026-07-16T11:09:59.923+0000] {logging_mixin.py:188} INFO - [2026-07-16T11:09:59.923+0000] {dag.py:3954} INFO - Setting next_dagrun for e-commerce_kafka_streaming_pipeline_v1 to 2026-07-16 11:00:00+00:00, run_after=2026-07-16 12:00:00+00:00
[2026-07-16T11:09:59.943+0000] {processor.py:183} INFO - Processing /opt/airflow/dags/sdp_pipeline_dag.py took 0.110 seconds
[2026-07-16T11:10:29.998+0000] {processor.py:161} INFO - Started process (PID=1582) to work on /opt/airflow/dags/sdp_pipeline_dag.py
[2026-07-16T11:10:30.000+0000] {processor.py:830} INFO - Processing file /opt/airflow/dags/sdp_pipeline_dag.py for tasks to queue
[2026-07-16T11:10:30.002+0000] {logging_mixin.py:188} INFO - [2026-07-16T11:10:30.002+0000] {dagbag.py:540} INFO - Filling up the DagBag from /opt/airflow/dags/sdp_pipeline_dag.py
[2026-07-16T11:10:30.028+0000] {processor.py:840} INFO - DAG(s) 'e-commerce_kafka_streaming_pipeline_v1' retrieved from /opt/airflow/dags/sdp_pipeline_dag.py
[2026-07-16T11:10:30.067+0000] {logging_mixin.py:188} INFO - [2026-07-16T11:10:30.067+0000] {dag.py:3096} INFO - Sync 1 DAGs
[2026-07-16T11:10:30.099+0000] {logging_mixin.py:188} INFO - [2026-07-16T11:10:30.098+0000] {dag.py:3954} INFO - Setting next_dagrun for e-commerce_kafka_streaming_pipeline_v1 to 2026-07-16 11:00:00+00:00, run_after=2026-07-16 12:00:00+00:00
[2026-07-16T11:10:30.118+0000] {processor.py:183} INFO - Processing /opt/airflow/dags/sdp_pipeline_dag.py took 0.128 seconds
[2026-07-16T11:11:00.322+0000] {processor.py:161} INFO - Started process (PID=1600) to work on /opt/airflow/dags/sdp_pipeline_dag.py
[2026-07-16T11:11:00.329+0000] {processor.py:830} INFO - Processing file /opt/airflow/dags/sdp_pipeline_dag.py for tasks to queue
[2026-07-16T11:11:00.338+0000] {logging_mixin.py:188} INFO - [2026-07-16T11:11:00.337+0000] {dagbag.py:540} INFO - Filling up the DagBag from /opt/airflow/dags/sdp_pipeline_dag.py
[2026-07-16T11:11:00.378+0000] {processor.py:840} INFO - DAG(s) 'e-commerce_kafka_streaming_pipeline_v1' retrieved from /opt/airflow/dags/sdp_pipeline_dag.py
[2026-07-16T11:11:00.460+0000] {logging_mixin.py:188} INFO - [2026-07-16T11:11:00.459+0000] {dag.py:3096} INFO - Sync 1 DAGs
[2026-07-16T11:11:00.513+0000] {logging_mixin.py:188} INFO - [2026-07-16T11:11:00.512+0000] {dag.py:3954} INFO - Setting next_dagrun for e-commerce_kafka_streaming_pipeline_v1 to 2026-07-16 11:00:00+00:00, run_after=2026-07-16 12:00:00+00:00
[2026-07-16T11:11:00.568+0000] {processor.py:183} INFO - Processing /opt/airflow/dags/sdp_pipeline_dag.py took 0.261 seconds
[2026-07-16T11:11:30.934+0000] {processor.py:161} INFO - Started process (PID=1605) to work on /opt/airflow/dags/sdp_pipeline_dag.py
[2026-07-16T11:11:30.936+0000] {processor.py:830} INFO - Processing file /opt/airflow/dags/sdp_pipeline_dag.py for tasks to queue
[2026-07-16T11:11:30.942+0000] {logging_mixin.py:188} INFO - [2026-07-16T11:11:30.941+0000] {dagbag.py:540} INFO - Filling up the DagBag from /opt/airflow/dags/sdp_pipeline_dag.py
[2026-07-16T11:11:30.981+0000] {processor.py:840} INFO - DAG(s) 'e-commerce_kafka_streaming_pipeline_v1' retrieved from /opt/airflow/dags/sdp_pipeline_dag.py
[2026-07-16T11:11:31.036+0000] {logging_mixin.py:188} INFO - [2026-07-16T11:11:31.036+0000] {dag.py:3096} INFO - Sync 1 DAGs
[2026-07-16T11:11:31.088+0000] {logging_mixin.py:188} INFO - [2026-07-16T11:11:31.088+0000] {dag.py:3954} INFO - Setting next_dagrun for e-commerce_kafka_streaming_pipeline_v1 to 2026-07-16 11:00:00+00:00, run_after=2026-07-16 12:00:00+00:00
[2026-07-16T11:11:31.131+0000] {processor.py:183} INFO - Processing /opt/airflow/dags/sdp_pipeline_dag.py took 0.216 seconds
[2026-07-16T11:12:01.551+0000] {processor.py:161} INFO - Started process (PID=1610) to work on /opt/airflow/dags/sdp_pipeline_dag.py
[2026-07-16T11:12:01.554+0000] {processor.py:830} INFO - Processing file /opt/airflow/dags/sdp_pipeline_dag.py for tasks to queue
[2026-07-16T11:12:01.559+0000] {logging_mixin.py:188} INFO - [2026-07-16T11:12:01.558+0000] {dagbag.py:540} INFO - Filling up the DagBag from /opt/airflow/dags/sdp_pipeline_dag.py
[2026-07-16T11:12:01.639+0000] {processor.py:840} INFO - DAG(s) 'e-commerce_kafka_streaming_pipeline_v1' retrieved from /opt/airflow/dags/sdp_pipeline_dag.py
[2026-07-16T11:12:01.717+0000] {logging_mixin.py:188} INFO - [2026-07-16T11:12:01.717+0000] {dag.py:3096} INFO - Sync 1 DAGs
[2026-07-16T11:12:01.754+0000] {logging_mixin.py:188} INFO - [2026-07-16T11:12:01.753+0000] {dag.py:3954} INFO - Setting next_dagrun for e-commerce_kafka_streaming_pipeline_v1 to 2026-07-16 11:00:00+00:00, run_after=2026-07-16 12:00:00+00:00
[2026-07-16T11:12:01.778+0000] {processor.py:183} INFO - Processing /opt/airflow/dags/sdp_pipeline_dag.py took 0.236 seconds
[2026-07-16T11:12:32.005+0000] {processor.py:161} INFO - Started process (PID=1621) to work on /opt/airflow/dags/sdp_pipeline_dag.py
[2026-07-16T11:12:32.007+0000] {processor.py:830} INFO - Processing file /opt/airflow/dags/sdp_pipeline_dag.py for tasks to queue
[2026-07-16T11:12:32.009+0000] {logging_mixin.py:188} INFO - [2026-07-16T11:12:32.009+0000] {dagbag.py:540} INFO - Filling up the DagBag from /opt/airflow/dags/sdp_pipeline_dag.py
[2026-07-16T11:12:32.026+0000] {processor.py:840} INFO - DAG(s) 'e-commerce_kafka_streaming_pipeline_v1' retrieved from /opt/airflow/dags/sdp_pipeline_dag.py
[2026-07-16T11:12:32.052+0000] {logging_mixin.py:188} INFO - [2026-07-16T11:12:32.052+0000] {dag.py:3096} INFO - Sync 1 DAGs
[2026-07-16T11:12:32.078+0000] {logging_mixin.py:188} INFO - [2026-07-16T11:12:32.078+0000] {dag.py:3954} INFO - Setting next_dagrun for e-commerce_kafka_streaming_pipeline_v1 to 2026-07-16 11:00:00+00:00, run_after=2026-07-16 12:00:00+00:00
[2026-07-16T11:12:32.108+0000] {processor.py:183} INFO - Processing /opt/airflow/dags/sdp_pipeline_dag.py took 0.111 seconds
[2026-07-16T11:13:02.292+0000] {processor.py:161} INFO - Started process (PID=1626) to work on /opt/airflow/dags/sdp_pipeline_dag.py
[2026-07-16T11:13:02.293+0000] {processor.py:830} INFO - Processing file /opt/airflow/dags/sdp_pipeline_dag.py for tasks to queue
[2026-07-16T11:13:02.295+0000] {logging_mixin.py:188} INFO - [2026-07-16T11:13:02.295+0000] {dagbag.py:540} INFO - Filling up the DagBag from /opt/airflow/dags/sdp_pipeline_dag.py
[2026-07-16T11:13:02.312+0000] {processor.py:840} INFO - DAG(s) 'e-commerce_kafka_streaming_pipeline_v1' retrieved from /opt/airflow/dags/sdp_pipeline_dag.py
[2026-07-16T11:13:02.340+0000] {logging_mixin.py:188} INFO - [2026-07-16T11:13:02.339+0000] {dag.py:3096} INFO - Sync 1 DAGs
[2026-07-16T11:13:02.362+0000] {logging_mixin.py:188} INFO - [2026-07-16T11:13:02.362+0000] {dag.py:3954} INFO - Setting next_dagrun for e-commerce_kafka_streaming_pipeline_v1 to 2026-07-16 11:00:00+00:00, run_after=2026-07-16 12:00:00+00:00
[2026-07-16T11:13:02.394+0000] {processor.py:183} INFO - Processing /opt/airflow/dags/sdp_pipeline_dag.py took 0.109 seconds
[2026-07-16T11:13:32.734+0000] {processor.py:161} INFO - Started process (PID=1631) to work on /opt/airflow/dags/sdp_pipeline_dag.py
[2026-07-16T11:13:32.735+0000] {processor.py:830} INFO - Processing file /opt/airflow/dags/sdp_pipeline_dag.py for tasks to queue
[2026-07-16T11:13:32.737+0000] {logging_mixin.py:188} INFO - [2026-07-16T11:13:32.737+0000] {dagbag.py:540} INFO - Filling up the DagBag from /opt/airflow/dags/sdp_pipeline_dag.py
[2026-07-16T11:13:32.754+0000] {processor.py:840} INFO - DAG(s) 'e-commerce_kafka_streaming_pipeline_v1' retrieved from /opt/airflow/dags/sdp_pipeline_dag.py
[2026-07-16T11:13:32.778+0000] {logging_mixin.py:188} INFO - [2026-07-16T11:13:32.778+0000] {dag.py:3096} INFO - Sync 1 DAGs
[2026-07-16T11:13:32.797+0000] {logging_mixin.py:188} INFO - [2026-07-16T11:13:32.797+0000] {dag.py:3954} INFO - Setting next_dagrun for e-commerce_kafka_streaming_pipeline_v1 to 2026-07-16 11:00:00+00:00, run_after=2026-07-16 12:00:00+00:00
[2026-07-16T11:13:32.816+0000] {processor.py:183} INFO - Processing /opt/airflow/dags/sdp_pipeline_dag.py took 0.088 seconds
[2026-07-16T11:14:03.077+0000] {processor.py:161} INFO - Started process (PID=1636) to work on /opt/airflow/dags/sdp_pipeline_dag.py
[2026-07-16T11:14:03.079+0000] {processor.py:830} INFO - Processing file /opt/airflow/dags/sdp_pipeline_dag.py for tasks to queue
[2026-07-16T11:14:03.081+0000] {logging_mixin.py:188} INFO - [2026-07-16T11:14:03.081+0000] {dagbag.py:540} INFO - Filling up the DagBag from /opt/airflow/dags/sdp_pipeline_dag.py
[2026-07-16T11:14:03.099+0000] {processor.py:840} INFO - DAG(s) 'e-commerce_kafka_streaming_pipeline_v1' retrieved from /opt/airflow/dags/sdp_pipeline_dag.py
[2026-07-16T11:14:03.125+0000] {logging_mixin.py:188} INFO - [2026-07-16T11:14:03.125+0000] {dag.py:3096} INFO - Sync 1 DAGs
[2026-07-16T11:14:03.145+0000] {logging_mixin.py:188} INFO - [2026-07-16T11:14:03.145+0000] {dag.py:3954} INFO - Setting next_dagrun for e-commerce_kafka_streaming_pipeline_v1 to 2026-07-16 11:00:00+00:00, run_after=2026-07-16 12:00:00+00:00
[2026-07-16T11:14:03.173+0000] {processor.py:183} INFO - Processing /opt/airflow/dags/sdp_pipeline_dag.py took 0.102 seconds
[2026-07-16T11:14:33.462+0000] {processor.py:161} INFO - Started process (PID=1641) to work on /opt/airflow/dags/sdp_pipeline_dag.py
[2026-07-16T11:14:33.463+0000] {processor.py:830} INFO - Processing file /opt/airflow/dags/sdp_pipeline_dag.py for tasks to queue
[2026-07-16T11:14:33.466+0000] {logging_mixin.py:188} INFO - [2026-07-16T11:14:33.465+0000] {dagbag.py:540} INFO - Filling up the DagBag from /opt/airflow/dags/sdp_pipeline_dag.py
[2026-07-16T11:14:33.484+0000] {processor.py:840} INFO - DAG(s) 'e-commerce_kafka_streaming_pipeline_v1' retrieved from /opt/airflow/dags/sdp_pipeline_dag.py
[2026-07-16T11:14:33.509+0000] {logging_mixin.py:188} INFO - [2026-07-16T11:14:33.509+0000] {dag.py:3096} INFO - Sync 1 DAGs
[2026-07-16T11:14:33.528+0000] {logging_mixin.py:188} INFO - [2026-07-16T11:14:33.528+0000] {dag.py:3954} INFO - Setting next_dagrun for e-commerce_kafka_streaming_pipeline_v1 to 2026-07-16 11:00:00+00:00, run_after=2026-07-16 12:00:00+00:00
[2026-07-16T11:14:33.547+0000] {processor.py:183} INFO - Processing /opt/airflow/dags/sdp_pipeline_dag.py took 0.092 seconds
[2026-07-16T11:15:03.761+0000] {processor.py:161} INFO - Started process (PID=1646) to work on /opt/airflow/dags/sdp_pipeline_dag.py
[2026-07-16T11:15:03.763+0000] {processor.py:830} INFO - Processing file /opt/airflow/dags/sdp_pipeline_dag.py for tasks to queue
[2026-07-16T11:15:03.765+0000] {logging_mixin.py:188} INFO - [2026-07-16T11:15:03.765+0000] {dagbag.py:540} INFO - Filling up the DagBag from /opt/airflow/dags/sdp_pipeline_dag.py
[2026-07-16T11:15:03.782+0000] {processor.py:840} INFO - DAG(s) 'e-commerce_kafka_streaming_pipeline_v1' retrieved from /opt/airflow/dags/sdp_pipeline_dag.py
[2026-07-16T11:15:03.809+0000] {logging_mixin.py:188} INFO - [2026-07-16T11:15:03.808+0000] {dag.py:3096} INFO - Sync 1 DAGs
[2026-07-16T11:15:03.829+0000] {logging_mixin.py:188} INFO - [2026-07-16T11:15:03.829+0000] {dag.py:3954} INFO - Setting next_dagrun for e-commerce_kafka_streaming_pipeline_v1 to 2026-07-16 11:00:00+00:00, run_after=2026-07-16 12:00:00+00:00
[2026-07-16T11:15:03.846+0000] {processor.py:183} INFO - Processing /opt/airflow/dags/sdp_pipeline_dag.py took 0.092 seconds
[2026-07-16T11:15:34.118+0000] {processor.py:161} INFO - Started process (PID=1651) to work on /opt/airflow/dags/sdp_pipeline_dag.py
[2026-07-16T11:15:34.120+0000] {processor.py:830} INFO - Processing file /opt/airflow/dags/sdp_pipeline_dag.py for tasks to queue
[2026-07-16T11:15:34.123+0000] {logging_mixin.py:188} INFO - [2026-07-16T11:15:34.122+0000] {dagbag.py:540} INFO - Filling up the DagBag from /opt/airflow/dags/sdp_pipeline_dag.py
[2026-07-16T11:15:34.147+0000] {processor.py:840} INFO - DAG(s) 'e-commerce_kafka_streaming_pipeline_v1' retrieved from /opt/airflow/dags/sdp_pipeline_dag.py
[2026-07-16T11:15:34.176+0000] {logging_mixin.py:188} INFO - [2026-07-16T11:15:34.175+0000] {dag.py:3096} INFO - Sync 1 DAGs
[2026-07-16T11:15:34.201+0000] {logging_mixin.py:188} INFO - [2026-07-16T11:15:34.201+0000] {dag.py:3954} INFO - Setting next_dagrun for e-commerce_kafka_streaming_pipeline_v1 to 2026-07-16 11:00:00+00:00, run_after=2026-07-16 12:00:00+00:00
[2026-07-16T11:15:34.224+0000] {processor.py:183} INFO - Processing /opt/airflow/dags/sdp_pipeline_dag.py took 0.112 seconds
[2026-07-16T11:16:04.431+0000] {processor.py:161} INFO - Started process (PID=1656) to work on /opt/airflow/dags/sdp_pipeline_dag.py
[2026-07-16T11:16:04.433+0000] {processor.py:830} INFO - Processing file /opt/airflow/dags/sdp_pipeline_dag.py for tasks to queue
[2026-07-16T11:16:04.437+0000] {logging_mixin.py:188} INFO - [2026-07-16T11:16:04.436+0000] {dagbag.py:540} INFO - Filling up the DagBag from /opt/airflow/dags/sdp_pipeline_dag.py
[2026-07-16T11:16:04.462+0000] {processor.py:840} INFO - DAG(s) 'e-commerce_kafka_streaming_pipeline_v1' retrieved from /opt/airflow/dags/sdp_pipeline_dag.py
[2026-07-16T11:16:04.496+0000] {logging_mixin.py:188} INFO - [2026-07-16T11:16:04.496+0000] {dag.py:3096} INFO - Sync 1 DAGs
[2026-07-16T11:16:04.526+0000] {logging_mixin.py:188} INFO - [2026-07-16T11:16:04.526+0000] {dag.py:3954} INFO - Setting next_dagrun for e-commerce_kafka_streaming_pipeline_v1 to 2026-07-16 11:00:00+00:00, run_after=2026-07-16 12:00:00+00:00
[2026-07-16T11:16:04.549+0000] {processor.py:183} INFO - Processing /opt/airflow/dags/sdp_pipeline_dag.py took 0.129 seconds
[2026-07-16T11:16:34.853+0000] {processor.py:161} INFO - Started process (PID=1661) to work on /opt/airflow/dags/sdp_pipeline_dag.py
[2026-07-16T11:16:34.855+0000] {processor.py:830} INFO - Processing file /opt/airflow/dags/sdp_pipeline_dag.py for tasks to queue
[2026-07-16T11:16:34.859+0000] {logging_mixin.py:188} INFO - [2026-07-16T11:16:34.858+0000] {dagbag.py:540} INFO - Filling up the DagBag from /opt/airflow/dags/sdp_pipeline_dag.py
[2026-07-16T11:16:34.892+0000] {processor.py:840} INFO - DAG(s) 'e-commerce_kafka_streaming_pipeline_v1' retrieved from /opt/airflow/dags/sdp_pipeline_dag.py
[2026-07-16T11:16:34.925+0000] {logging_mixin.py:188} INFO - [2026-07-16T11:16:34.924+0000] {dag.py:3096} INFO - Sync 1 DAGs
[2026-07-16T11:16:34.955+0000] {logging_mixin.py:188} INFO - [2026-07-16T11:16:34.954+0000] {dag.py:3954} INFO - Setting next_dagrun for e-commerce_kafka_streaming_pipeline_v1 to 2026-07-16 11:00:00+00:00, run_after=2026-07-16 12:00:00+00:00
[2026-07-16T11:16:34.977+0000] {processor.py:183} INFO - Processing /opt/airflow/dags/sdp_pipeline_dag.py took 0.134 seconds
[2026-07-16T11:17:05.213+0000] {processor.py:161} INFO - Started process (PID=1666) to work on /opt/airflow/dags/sdp_pipeline_dag.py
[2026-07-16T11:17:05.215+0000] {processor.py:830} INFO - Processing file /opt/airflow/dags/sdp_pipeline_dag.py for tasks to queue
[2026-07-16T11:17:05.218+0000] {logging_mixin.py:188} INFO - [2026-07-16T11:17:05.217+0000] {dagbag.py:540} INFO - Filling up the DagBag from /opt/airflow/dags/sdp_pipeline_dag.py
[2026-07-16T11:17:05.243+0000] {processor.py:840} INFO - DAG(s) 'e-commerce_kafka_streaming_pipeline_v1' retrieved from /opt/airflow/dags/sdp_pipeline_dag.py
[2026-07-16T11:17:05.271+0000] {logging_mixin.py:188} INFO - [2026-07-16T11:17:05.271+0000] {dag.py:3096} INFO - Sync 1 DAGs
[2026-07-16T11:17:05.297+0000] {logging_mixin.py:188} INFO - [2026-07-16T11:17:05.297+0000] {dag.py:3954} INFO - Setting next_dagrun for e-commerce_kafka_streaming_pipeline_v1 to 2026-07-16 11:00:00+00:00, run_after=2026-07-16 12:00:00+00:00
[2026-07-16T11:17:05.319+0000] {processor.py:183} INFO - Processing /opt/airflow/dags/sdp_pipeline_dag.py took 0.113 seconds
[2026-07-16T11:17:35.507+0000] {processor.py:161} INFO - Started process (PID=1671) to work on /opt/airflow/dags/sdp_pipeline_dag.py
[2026-07-16T11:17:35.509+0000] {processor.py:830} INFO - Processing file /opt/airflow/dags/sdp_pipeline_dag.py for tasks to queue
[2026-07-16T11:17:35.511+0000] {logging_mixin.py:188} INFO - [2026-07-16T11:17:35.511+0000] {dagbag.py:540} INFO - Filling up the DagBag from /opt/airflow/dags/sdp_pipeline_dag.py
[2026-07-16T11:17:35.533+0000] {processor.py:840} INFO - DAG(s) 'e-commerce_kafka_streaming_pipeline_v1' retrieved from /opt/airflow/dags/sdp_pipeline_dag.py
[2026-07-16T11:17:35.570+0000] {logging_mixin.py:188} INFO - [2026-07-16T11:17:35.569+0000] {dag.py:3096} INFO - Sync 1 DAGs
[2026-07-16T11:17:35.594+0000] {logging_mixin.py:188} INFO - [2026-07-16T11:17:35.594+0000] {dag.py:3954} INFO - Setting next_dagrun for e-commerce_kafka_streaming_pipeline_v1 to 2026-07-16 11:00:00+00:00, run_after=2026-07-16 12:00:00+00:00
[2026-07-16T11:17:35.616+0000] {processor.py:183} INFO - Processing /opt/airflow/dags/sdp_pipeline_dag.py took 0.114 seconds
[2026-07-16T11:18:05.807+0000] {processor.py:161} INFO - Started process (PID=1676) to work on /opt/airflow/dags/sdp_pipeline_dag.py
[2026-07-16T11:18:05.809+0000] {processor.py:830} INFO - Processing file /opt/airflow/dags/sdp_pipeline_dag.py for tasks to queue
[2026-07-16T11:18:05.812+0000] {logging_mixin.py:188} INFO - [2026-07-16T11:18:05.812+0000] {dagbag.py:540} INFO - Filling up the DagBag from /opt/airflow/dags/sdp_pipeline_dag.py
[2026-07-16T11:18:05.841+0000] {processor.py:840} INFO - DAG(s) 'e-commerce_kafka_streaming_pipeline_v1' retrieved from /opt/airflow/dags/sdp_pipeline_dag.py
[2026-07-16T11:18:05.867+0000] {logging_mixin.py:188} INFO - [2026-07-16T11:18:05.867+0000] {dag.py:3096} INFO - Sync 1 DAGs
[2026-07-16T11:18:05.890+0000] {logging_mixin.py:188} INFO - [2026-07-16T11:18:05.890+0000] {dag.py:3954} INFO - Setting next_dagrun for e-commerce_kafka_streaming_pipeline_v1 to 2026-07-16 11:00:00+00:00, run_after=2026-07-16 12:00:00+00:00
[2026-07-16T11:18:05.909+0000] {processor.py:183} INFO - Processing /opt/airflow/dags/sdp_pipeline_dag.py took 0.110 seconds
[2026-07-16T11:18:36.068+0000] {processor.py:161} INFO - Started process (PID=1681) to work on /opt/airflow/dags/sdp_pipeline_dag.py
[2026-07-16T11:18:36.070+0000] {processor.py:830} INFO - Processing file /opt/airflow/dags/sdp_pipeline_dag.py for tasks to queue
[2026-07-16T11:18:36.073+0000] {logging_mixin.py:188} INFO - [2026-07-16T11:18:36.073+0000] {dagbag.py:540} INFO - Filling up the DagBag from /opt/airflow/dags/sdp_pipeline_dag.py
[2026-07-16T11:18:36.106+0000] {processor.py:840} INFO - DAG(s) 'e-commerce_kafka_streaming_pipeline_v1' retrieved from /opt/airflow/dags/sdp_pipeline_dag.py
[2026-07-16T11:18:36.140+0000] {logging_mixin.py:188} INFO - [2026-07-16T11:18:36.140+0000] {dag.py:3096} INFO - Sync 1 DAGs
[2026-07-16T11:18:36.171+0000] {logging_mixin.py:188} INFO - [2026-07-16T11:18:36.171+0000] {dag.py:3954} INFO - Setting next_dagrun for e-commerce_kafka_streaming_pipeline_v1 to 2026-07-16 11:00:00+00:00, run_after=2026-07-16 12:00:00+00:00
[2026-07-16T11:18:36.196+0000] {processor.py:183} INFO - Processing /opt/airflow/dags/sdp_pipeline_dag.py took 0.135 seconds
[2026-07-16T11:19:06.380+0000] {processor.py:161} INFO - Started process (PID=1686) to work on /opt/airflow/dags/sdp_pipeline_dag.py
[2026-07-16T11:19:06.381+0000] {processor.py:830} INFO - Processing file /opt/airflow/dags/sdp_pipeline_dag.py for tasks to queue
[2026-07-16T11:19:06.384+0000] {logging_mixin.py:188} INFO - [2026-07-16T11:19:06.384+0000] {dagbag.py:540} INFO - Filling up the DagBag from /opt/airflow/dags/sdp_pipeline_dag.py
[2026-07-16T11:19:06.404+0000] {processor.py:840} INFO - DAG(s) 'e-commerce_kafka_streaming_pipeline_v1' retrieved from /opt/airflow/dags/sdp_pipeline_dag.py
[2026-07-16T11:19:06.429+0000] {logging_mixin.py:188} INFO - [2026-07-16T11:19:06.428+0000] {dag.py:3096} INFO - Sync 1 DAGs
[2026-07-16T11:19:06.450+0000] {logging_mixin.py:188} INFO - [2026-07-16T11:19:06.449+0000] {dag.py:3954} INFO - Setting next_dagrun for e-commerce_kafka_streaming_pipeline_v1 to 2026-07-16 11:00:00+00:00, run_after=2026-07-16 12:00:00+00:00
[2026-07-16T11:19:06.467+0000] {processor.py:183} INFO - Processing /opt/airflow/dags/sdp_pipeline_dag.py took 0.093 seconds
[2026-07-16T11:19:36.679+0000] {processor.py:161} INFO - Started process (PID=1691) to work on /opt/airflow/dags/sdp_pipeline_dag.py
[2026-07-16T11:19:36.680+0000] {processor.py:830} INFO - Processing file /opt/airflow/dags/sdp_pipeline_dag.py for tasks to queue
[2026-07-16T11:19:36.683+0000] {logging_mixin.py:188} INFO - [2026-07-16T11:19:36.683+0000] {dagbag.py:540} INFO - Filling up the DagBag from /opt/airflow/dags/sdp_pipeline_dag.py
[2026-07-16T11:19:36.709+0000] {processor.py:840} INFO - DAG(s) 'e-commerce_kafka_streaming_pipeline_v1' retrieved from /opt/airflow/dags/sdp_pipeline_dag.py
[2026-07-16T11:19:36.735+0000] {logging_mixin.py:188} INFO - [2026-07-16T11:19:36.735+0000] {dag.py:3096} INFO - Sync 1 DAGs
[2026-07-16T11:19:36.756+0000] {logging_mixin.py:188} INFO - [2026-07-16T11:19:36.756+0000] {dag.py:3954} INFO - Setting next_dagrun for e-commerce_kafka_streaming_pipeline_v1 to 2026-07-16 11:00:00+00:00, run_after=2026-07-16 12:00:00+00:00
[2026-07-16T11:19:36.782+0000] {processor.py:183} INFO - Processing /opt/airflow/dags/sdp_pipeline_dag.py took 0.109 seconds
[2026-07-16T11:20:06.996+0000] {processor.py:161} INFO - Started process (PID=1696) to work on /opt/airflow/dags/sdp_pipeline_dag.py
[2026-07-16T11:20:06.998+0000] {processor.py:830} INFO - Processing file /opt/airflow/dags/sdp_pipeline_dag.py for tasks to queue
[2026-07-16T11:20:07.000+0000] {logging_mixin.py:188} INFO - [2026-07-16T11:20:07.000+0000] {dagbag.py:540} INFO - Filling up the DagBag from /opt/airflow/dags/sdp_pipeline_dag.py
[2026-07-16T11:20:07.023+0000] {processor.py:840} INFO - DAG(s) 'e-commerce_kafka_streaming_pipeline_v1' retrieved from /opt/airflow/dags/sdp_pipeline_dag.py
[2026-07-16T11:20:07.048+0000] {logging_mixin.py:188} INFO - [2026-07-16T11:20:07.048+0000] {dag.py:3096} INFO - Sync 1 DAGs
[2026-07-16T11:20:07.071+0000] {logging_mixin.py:188} INFO - [2026-07-16T11:20:07.071+0000] {dag.py:3954} INFO - Setting next_dagrun for e-commerce_kafka_streaming_pipeline_v1 to 2026-07-16 11:00:00+00:00, run_after=2026-07-16 12:00:00+00:00
[2026-07-16T11:20:07.089+0000] {processor.py:183} INFO - Processing /opt/airflow/dags/sdp_pipeline_dag.py took 0.098 seconds
[2026-07-16T11:20:37.319+0000] {processor.py:161} INFO - Started process (PID=1701) to work on /opt/airflow/dags/sdp_pipeline_dag.py
[2026-07-16T11:20:37.320+0000] {processor.py:830} INFO - Processing file /opt/airflow/dags/sdp_pipeline_dag.py for tasks to queue
[2026-07-16T11:20:37.323+0000] {logging_mixin.py:188} INFO - [2026-07-16T11:20:37.323+0000] {dagbag.py:540} INFO - Filling up the DagBag from /opt/airflow/dags/sdp_pipeline_dag.py
[2026-07-16T11:20:37.348+0000] {processor.py:840} INFO - DAG(s) 'e-commerce_kafka_streaming_pipeline_v1' retrieved from /opt/airflow/dags/sdp_pipeline_dag.py
[2026-07-16T11:20:37.385+0000] {logging_mixin.py:188} INFO - [2026-07-16T11:20:37.384+0000] {dag.py:3096} INFO - Sync 1 DAGs
[2026-07-16T11:20:37.408+0000] {logging_mixin.py:188} INFO - [2026-07-16T11:20:37.407+0000] {dag.py:3954} INFO - Setting next_dagrun for e-commerce_kafka_streaming_pipeline_v1 to 2026-07-16 11:00:00+00:00, run_after=2026-07-16 12:00:00+00:00
[2026-07-16T11:20:37.428+0000] {processor.py:183} INFO - Processing /opt/airflow/dags/sdp_pipeline_dag.py took 0.115 seconds
[2026-07-16T11:21:07.600+0000] {processor.py:161} INFO - Started process (PID=1706) to work on /opt/airflow/dags/sdp_pipeline_dag.py
[2026-07-16T11:21:07.601+0000] {processor.py:830} INFO - Processing file /opt/airflow/dags/sdp_pipeline_dag.py for tasks to queue
[2026-07-16T11:21:07.604+0000] {logging_mixin.py:188} INFO - [2026-07-16T11:21:07.603+0000] {dagbag.py:540} INFO - Filling up the DagBag from /opt/airflow/dags/sdp_pipeline_dag.py
[2026-07-16T11:21:07.630+0000] {processor.py:840} INFO - DAG(s) 'e-commerce_kafka_streaming_pipeline_v1' retrieved from /opt/airflow/dags/sdp_pipeline_dag.py
[2026-07-16T11:21:07.657+0000] {logging_mixin.py:188} INFO - [2026-07-16T11:21:07.657+0000] {dag.py:3096} INFO - Sync 1 DAGs
[2026-07-16T11:21:07.678+0000] {logging_mixin.py:188} INFO - [2026-07-16T11:21:07.678+0000] {dag.py:3954} INFO - Setting next_dagrun for e-commerce_kafka_streaming_pipeline_v1 to 2026-07-16 11:00:00+00:00, run_after=2026-07-16 12:00:00+00:00
[2026-07-16T11:21:07.698+0000] {processor.py:183} INFO - Processing /opt/airflow/dags/sdp_pipeline_dag.py took 0.104 seconds
[2026-07-16T11:21:37.931+0000] {processor.py:161} INFO - Started process (PID=1711) to work on /opt/airflow/dags/sdp_pipeline_dag.py
[2026-07-16T11:21:37.932+0000] {processor.py:830} INFO - Processing file /opt/airflow/dags/sdp_pipeline_dag.py for tasks to queue
[2026-07-16T11:21:37.935+0000] {logging_mixin.py:188} INFO - [2026-07-16T11:21:37.935+0000] {dagbag.py:540} INFO - Filling up the DagBag from /opt/airflow/dags/sdp_pipeline_dag.py
[2026-07-16T11:21:37.956+0000] {processor.py:840} INFO - DAG(s) 'e-commerce_kafka_streaming_pipeline_v1' retrieved from /opt/airflow/dags/sdp_pipeline_dag.py
[2026-07-16T11:21:37.991+0000] {logging_mixin.py:188} INFO - [2026-07-16T11:21:37.990+0000] {dag.py:3096} INFO - Sync 1 DAGs
[2026-07-16T11:21:38.013+0000] {logging_mixin.py:188} INFO - [2026-07-16T11:21:38.013+0000] {dag.py:3954} INFO - Setting next_dagrun for e-commerce_kafka_streaming_pipeline_v1 to 2026-07-16 11:00:00+00:00, run_after=2026-07-16 12:00:00+00:00
[2026-07-16T11:21:38.032+0000] {processor.py:183} INFO - Processing /opt/airflow/dags/sdp_pipeline_dag.py took 0.109 seconds
[2026-07-16T11:22:08.288+0000] {processor.py:161} INFO - Started process (PID=1716) to work on /opt/airflow/dags/sdp_pipeline_dag.py
[2026-07-16T11:22:08.289+0000] {processor.py:830} INFO - Processing file /opt/airflow/dags/sdp_pipeline_dag.py for tasks to queue
[2026-07-16T11:22:08.293+0000] {logging_mixin.py:188} INFO - [2026-07-16T11:22:08.292+0000] {dagbag.py:540} INFO - Filling up the DagBag from /opt/airflow/dags/sdp_pipeline_dag.py
[2026-07-16T11:22:08.321+0000] {processor.py:840} INFO - DAG(s) 'e-commerce_kafka_streaming_pipeline_v1' retrieved from /opt/airflow/dags/sdp_pipeline_dag.py
[2026-07-16T11:22:08.348+0000] {logging_mixin.py:188} INFO - [2026-07-16T11:22:08.347+0000] {dag.py:3096} INFO - Sync 1 DAGs
[2026-07-16T11:22:08.370+0000] {logging_mixin.py:188} INFO - [2026-07-16T11:22:08.369+0000] {dag.py:3954} INFO - Setting next_dagrun for e-commerce_kafka_streaming_pipeline_v1 to 2026-07-16 11:00:00+00:00, run_after=2026-07-16 12:00:00+00:00
[2026-07-16T11:22:08.391+0000] {processor.py:183} INFO - Processing /opt/airflow/dags/sdp_pipeline_dag.py took 0.111 seconds
[2026-07-16T11:22:38.589+0000] {processor.py:161} INFO - Started process (PID=1721) to work on /opt/airflow/dags/sdp_pipeline_dag.py
[2026-07-16T11:22:38.590+0000] {processor.py:830} INFO - Processing file /opt/airflow/dags/sdp_pipeline_dag.py for tasks to queue
[2026-07-16T11:22:38.593+0000] {logging_mixin.py:188} INFO - [2026-07-16T11:22:38.593+0000] {dagbag.py:540} INFO - Filling up the DagBag from /opt/airflow/dags/sdp_pipeline_dag.py
[2026-07-16T11:22:38.624+0000] {processor.py:840} INFO - DAG(s) 'e-commerce_kafka_streaming_pipeline_v1' retrieved from /opt/airflow/dags/sdp_pipeline_dag.py
[2026-07-16T11:22:38.652+0000] {logging_mixin.py:188} INFO - [2026-07-16T11:22:38.652+0000] {dag.py:3096} INFO - Sync 1 DAGs
[2026-07-16T11:22:38.675+0000] {logging_mixin.py:188} INFO - [2026-07-16T11:22:38.675+0000] {dag.py:3954} INFO - Setting next_dagrun for e-commerce_kafka_streaming_pipeline_v1 to 2026-07-16 11:00:00+00:00, run_after=2026-07-16 12:00:00+00:00
[2026-07-16T11:22:38.697+0000] {processor.py:183} INFO - Processing /opt/airflow/dags/sdp_pipeline_dag.py took 0.114 seconds
[2026-07-16T11:23:08.945+0000] {processor.py:161} INFO - Started process (PID=1726) to work on /opt/airflow/dags/sdp_pipeline_dag.py
[2026-07-16T11:23:08.946+0000] {processor.py:830} INFO - Processing file /opt/airflow/dags/sdp_pipeline_dag.py for tasks to queue
[2026-07-16T11:23:08.949+0000] {logging_mixin.py:188} INFO - [2026-07-16T11:23:08.948+0000] {dagbag.py:540} INFO - Filling up the DagBag from /opt/airflow/dags/sdp_pipeline_dag.py
[2026-07-16T11:23:08.971+0000] {processor.py:840} INFO - DAG(s) 'e-commerce_kafka_streaming_pipeline_v1' retrieved from /opt/airflow/dags/sdp_pipeline_dag.py
[2026-07-16T11:23:09.006+0000] {logging_mixin.py:188} INFO - [2026-07-16T11:23:09.006+0000] {dag.py:3096} INFO - Sync 1 DAGs
[2026-07-16T11:23:09.027+0000] {logging_mixin.py:188} INFO - [2026-07-16T11:23:09.027+0000] {dag.py:3954} INFO - Setting next_dagrun for e-commerce_kafka_streaming_pipeline_v1 to 2026-07-16 11:00:00+00:00, run_after=2026-07-16 12:00:00+00:00
[2026-07-16T11:23:09.047+0000] {processor.py:183} INFO - Processing /opt/airflow/dags/sdp_pipeline_dag.py took 0.108 seconds
[2026-07-16T11:23:39.227+0000] {processor.py:161} INFO - Started process (PID=1731) to work on /opt/airflow/dags/sdp_pipeline_dag.py
[2026-07-16T11:23:39.229+0000] {processor.py:830} INFO - Processing file /opt/airflow/dags/sdp_pipeline_dag.py for tasks to queue
[2026-07-16T11:23:39.232+0000] {logging_mixin.py:188} INFO - [2026-07-16T11:23:39.231+0000] {dagbag.py:540} INFO - Filling up the DagBag from /opt/airflow/dags/sdp_pipeline_dag.py
[2026-07-16T11:23:39.259+0000] {processor.py:840} INFO - DAG(s) 'e-commerce_kafka_streaming_pipeline_v1' retrieved from /opt/airflow/dags/sdp_pipeline_dag.py
[2026-07-16T11:23:39.289+0000] {logging_mixin.py:188} INFO - [2026-07-16T11:23:39.289+0000] {dag.py:3096} INFO - Sync 1 DAGs
[2026-07-16T11:23:39.330+0000] {logging_mixin.py:188} INFO - [2026-07-16T11:23:39.329+0000] {dag.py:3954} INFO - Setting next_dagrun for e-commerce_kafka_streaming_pipeline_v1 to 2026-07-16 11:00:00+00:00, run_after=2026-07-16 12:00:00+00:00
[2026-07-16T11:23:39.362+0000] {processor.py:183} INFO - Processing /opt/airflow/dags/sdp_pipeline_dag.py took 0.146 seconds
[2026-07-16T11:24:09.567+0000] {processor.py:161} INFO - Started process (PID=1736) to work on /opt/airflow/dags/sdp_pipeline_dag.py
[2026-07-16T11:24:09.569+0000] {processor.py:830} INFO - Processing file /opt/airflow/dags/sdp_pipeline_dag.py for tasks to queue
[2026-07-16T11:24:09.572+0000] {logging_mixin.py:188} INFO - [2026-07-16T11:24:09.572+0000] {dagbag.py:540} INFO - Filling up the DagBag from /opt/airflow/dags/sdp_pipeline_dag.py
[2026-07-16T11:24:09.601+0000] {processor.py:840} INFO - DAG(s) 'e-commerce_kafka_streaming_pipeline_v1' retrieved from /opt/airflow/dags/sdp_pipeline_dag.py
[2026-07-16T11:24:09.629+0000] {logging_mixin.py:188} INFO - [2026-07-16T11:24:09.629+0000] {dag.py:3096} INFO - Sync 1 DAGs
[2026-07-16T11:24:09.681+0000] {logging_mixin.py:188} INFO - [2026-07-16T11:24:09.681+0000] {dag.py:3954} INFO - Setting next_dagrun for e-commerce_kafka_streaming_pipeline_v1 to 2026-07-16 11:00:00+00:00, run_after=2026-07-16 12:00:00+00:00
[2026-07-16T11:24:09.718+0000] {processor.py:183} INFO - Processing /opt/airflow/dags/sdp_pipeline_dag.py took 0.162 seconds
[2026-07-16T11:24:39.900+0000] {processor.py:161} INFO - Started process (PID=1741) to work on /opt/airflow/dags/sdp_pipeline_dag.py
[2026-07-16T11:24:39.902+0000] {processor.py:830} INFO - Processing file /opt/airflow/dags/sdp_pipeline_dag.py for tasks to queue
[2026-07-16T11:24:39.905+0000] {logging_mixin.py:188} INFO - [2026-07-16T11:24:39.905+0000] {dagbag.py:540} INFO - Filling up the DagBag from /opt/airflow/dags/sdp_pipeline_dag.py
[2026-07-16T11:24:39.944+0000] {processor.py:840} INFO - DAG(s) 'e-commerce_kafka_streaming_pipeline_v1' retrieved from /opt/airflow/dags/sdp_pipeline_dag.py
[2026-07-16T11:24:39.978+0000] {logging_mixin.py:188} INFO - [2026-07-16T11:24:39.978+0000] {dag.py:3096} INFO - Sync 1 DAGs
[2026-07-16T11:24:40.007+0000] {logging_mixin.py:188} INFO - [2026-07-16T11:24:40.007+0000] {dag.py:3954} INFO - Setting next_dagrun for e-commerce_kafka_streaming_pipeline_v1 to 2026-07-16 11:00:00+00:00, run_after=2026-07-16 12:00:00+00:00
[2026-07-16T11:24:40.027+0000] {processor.py:183} INFO - Processing /opt/airflow/dags/sdp_pipeline_dag.py took 0.136 seconds
[2026-07-16T11:25:10.291+0000] {processor.py:161} INFO - Started process (PID=1746) to work on /opt/airflow/dags/sdp_pipeline_dag.py
[2026-07-16T11:25:10.292+0000] {processor.py:830} INFO - Processing file /opt/airflow/dags/sdp_pipeline_dag.py for tasks to queue
[2026-07-16T11:25:10.295+0000] {logging_mixin.py:188} INFO - [2026-07-16T11:25:10.295+0000] {dagbag.py:540} INFO - Filling up the DagBag from /opt/airflow/dags/sdp_pipeline_dag.py
[2026-07-16T11:25:10.320+0000] {processor.py:840} INFO - DAG(s) 'e-commerce_kafka_streaming_pipeline_v1' retrieved from /opt/airflow/dags/sdp_pipeline_dag.py
[2026-07-16T11:25:10.351+0000] {logging_mixin.py:188} INFO - [2026-07-16T11:25:10.350+0000] {dag.py:3096} INFO - Sync 1 DAGs
[2026-07-16T11:25:10.373+0000] {logging_mixin.py:188} INFO - [2026-07-16T11:25:10.373+0000] {dag.py:3954} INFO - Setting next_dagrun for e-commerce_kafka_streaming_pipeline_v1 to 2026-07-16 11:00:00+00:00, run_after=2026-07-16 12:00:00+00:00
[2026-07-16T11:25:10.394+0000] {processor.py:183} INFO - Processing /opt/airflow/dags/sdp_pipeline_dag.py took 0.110 seconds
[2026-07-16T11:25:40.577+0000] {processor.py:161} INFO - Started process (PID=1751) to work on /opt/airflow/dags/sdp_pipeline_dag.py
[2026-07-16T11:25:40.579+0000] {processor.py:830} INFO - Processing file /opt/airflow/dags/sdp_pipeline_dag.py for tasks to queue
[2026-07-16T11:25:40.581+0000] {logging_mixin.py:188} INFO - [2026-07-16T11:25:40.581+0000] {dagbag.py:540} INFO - Filling up the DagBag from /opt/airflow/dags/sdp_pipeline_dag.py
[2026-07-16T11:25:40.605+0000] {processor.py:840} INFO - DAG(s) 'e-commerce_kafka_streaming_pipeline_v1' retrieved from /opt/airflow/dags/sdp_pipeline_dag.py
[2026-07-16T11:25:40.635+0000] {logging_mixin.py:188} INFO - [2026-07-16T11:25:40.635+0000] {dag.py:3096} INFO - Sync 1 DAGs
[2026-07-16T11:25:40.662+0000] {logging_mixin.py:188} INFO - [2026-07-16T11:25:40.662+0000] {dag.py:3954} INFO - Setting next_dagrun for e-commerce_kafka_streaming_pipeline_v1 to 2026-07-16 11:00:00+00:00, run_after=2026-07-16 12:00:00+00:00
[2026-07-16T11:25:40.682+0000] {processor.py:183} INFO - Processing /opt/airflow/dags/sdp_pipeline_dag.py took 0.112 seconds
[2026-07-16T11:26:10.951+0000] {processor.py:161} INFO - Started process (PID=1756) to work on /opt/airflow/dags/sdp_pipeline_dag.py
[2026-07-16T11:26:10.953+0000] {processor.py:830} INFO - Processing file /opt/airflow/dags/sdp_pipeline_dag.py for tasks to queue
[2026-07-16T11:26:10.956+0000] {logging_mixin.py:188} INFO - [2026-07-16T11:26:10.955+0000] {dagbag.py:540} INFO - Filling up the DagBag from /opt/airflow/dags/sdp_pipeline_dag.py
[2026-07-16T11:26:10.982+0000] {processor.py:840} INFO - DAG(s) 'e-commerce_kafka_streaming_pipeline_v1' retrieved from /opt/airflow/dags/sdp_pipeline_dag.py
[2026-07-16T11:26:11.010+0000] {logging_mixin.py:188} INFO - [2026-07-16T11:26:11.010+0000] {dag.py:3096} INFO - Sync 1 DAGs
[2026-07-16T11:26:11.034+0000] {logging_mixin.py:188} INFO - [2026-07-16T11:26:11.034+0000] {dag.py:3954} INFO - Setting next_dagrun for e-commerce_kafka_streaming_pipeline_v1 to 2026-07-16 11:00:00+00:00, run_after=2026-07-16 12:00:00+00:00
[2026-07-16T11:26:11.055+0000] {processor.py:183} INFO - Processing /opt/airflow/dags/sdp_pipeline_dag.py took 0.111 seconds
[2026-07-16T11:26:41.226+0000] {processor.py:161} INFO - Started process (PID=1761) to work on /opt/airflow/dags/sdp_pipeline_dag.py
[2026-07-16T11:26:41.227+0000] {processor.py:830} INFO - Processing file /opt/airflow/dags/sdp_pipeline_dag.py for tasks to queue
[2026-07-16T11:26:41.230+0000] {logging_mixin.py:188} INFO - [2026-07-16T11:26:41.229+0000] {dagbag.py:540} INFO - Filling up the DagBag from /opt/airflow/dags/sdp_pipeline_dag.py
[2026-07-16T11:26:41.259+0000] {processor.py:840} INFO - DAG(s) 'e-commerce_kafka_streaming_pipeline_v1' retrieved from /opt/airflow/dags/sdp_pipeline_dag.py
[2026-07-16T11:26:41.288+0000] {logging_mixin.py:188} INFO - [2026-07-16T11:26:41.288+0000] {dag.py:3096} INFO - Sync 1 DAGs
[2026-07-16T11:26:41.315+0000] {logging_mixin.py:188} INFO - [2026-07-16T11:26:41.315+0000] {dag.py:3954} INFO - Setting next_dagrun for e-commerce_kafka_streaming_pipeline_v1 to 2026-07-16 11:00:00+00:00, run_after=2026-07-16 12:00:00+00:00
[2026-07-16T11:26:41.336+0000] {processor.py:183} INFO - Processing /opt/airflow/dags/sdp_pipeline_dag.py took 0.117 seconds
[2026-07-16T11:27:11.673+0000] {processor.py:161} INFO - Started process (PID=1766) to work on /opt/airflow/dags/sdp_pipeline_dag.py
[2026-07-16T11:27:11.675+0000] {processor.py:830} INFO - Processing file /opt/airflow/dags/sdp_pipeline_dag.py for tasks to queue
[2026-07-16T11:27:11.684+0000] {logging_mixin.py:188} INFO - [2026-07-16T11:27:11.683+0000] {dagbag.py:540} INFO - Filling up the DagBag from /opt/airflow/dags/sdp_pipeline_dag.py
[2026-07-16T11:27:11.719+0000] {processor.py:840} INFO - DAG(s) 'e-commerce_kafka_streaming_pipeline_v1' retrieved from /opt/airflow/dags/sdp_pipeline_dag.py
[2026-07-16T11:27:11.751+0000] {logging_mixin.py:188} INFO - [2026-07-16T11:27:11.751+0000] {dag.py:3096} INFO - Sync 1 DAGs
[2026-07-16T11:27:11.780+0000] {logging_mixin.py:188} INFO - [2026-07-16T11:27:11.780+0000] {dag.py:3954} INFO - Setting next_dagrun for e-commerce_kafka_streaming_pipeline_v1 to 2026-07-16 11:00:00+00:00, run_after=2026-07-16 12:00:00+00:00
[2026-07-16T11:27:11.809+0000] {processor.py:183} INFO - Processing /opt/airflow/dags/sdp_pipeline_dag.py took 0.148 seconds
[2026-07-16T11:27:41.931+0000] {processor.py:161} INFO - Started process (PID=1771) to work on /opt/airflow/dags/sdp_pipeline_dag.py
[2026-07-16T11:27:41.934+0000] {processor.py:830} INFO - Processing file /opt/airflow/dags/sdp_pipeline_dag.py for tasks to queue
[2026-07-16T11:27:41.937+0000] {logging_mixin.py:188} INFO - [2026-07-16T11:27:41.937+0000] {dagbag.py:540} INFO - Filling up the DagBag from /opt/airflow/dags/sdp_pipeline_dag.py
[2026-07-16T11:27:41.967+0000] {processor.py:840} INFO - DAG(s) 'e-commerce_kafka_streaming_pipeline_v1' retrieved from /opt/airflow/dags/sdp_pipeline_dag.py
[2026-07-16T11:27:42.001+0000] {logging_mixin.py:188} INFO - [2026-07-16T11:27:42.001+0000] {dag.py:3096} INFO - Sync 1 DAGs
[2026-07-16T11:27:42.031+0000] {logging_mixin.py:188} INFO - [2026-07-16T11:27:42.031+0000] {dag.py:3954} INFO - Setting next_dagrun for e-commerce_kafka_streaming_pipeline_v1 to 2026-07-16 11:00:00+00:00, run_after=2026-07-16 12:00:00+00:00
[2026-07-16T11:27:42.054+0000] {processor.py:183} INFO - Processing /opt/airflow/dags/sdp_pipeline_dag.py took 0.130 seconds
[2026-07-16T11:28:12.317+0000] {processor.py:161} INFO - Started process (PID=1776) to work on /opt/airflow/dags/sdp_pipeline_dag.py
[2026-07-16T11:28:12.319+0000] {processor.py:830} INFO - Processing file /opt/airflow/dags/sdp_pipeline_dag.py for tasks to queue
[2026-07-16T11:28:12.323+0000] {logging_mixin.py:188} INFO - [2026-07-16T11:28:12.322+0000] {dagbag.py:540} INFO - Filling up the DagBag from /opt/airflow/dags/sdp_pipeline_dag.py
[2026-07-16T11:28:12.349+0000] {processor.py:840} INFO - DAG(s) 'e-commerce_kafka_streaming_pipeline_v1' retrieved from /opt/airflow/dags/sdp_pipeline_dag.py
[2026-07-16T11:28:12.375+0000] {logging_mixin.py:188} INFO - [2026-07-16T11:28:12.375+0000] {dag.py:3096} INFO - Sync 1 DAGs
[2026-07-16T11:28:12.396+0000] {logging_mixin.py:188} INFO - [2026-07-16T11:28:12.396+0000] {dag.py:3954} INFO - Setting next_dagrun for e-commerce_kafka_streaming_pipeline_v1 to 2026-07-16 11:00:00+00:00, run_after=2026-07-16 12:00:00+00:00
[2026-07-16T11:28:12.415+0000] {processor.py:183} INFO - Processing /opt/airflow/dags/sdp_pipeline_dag.py took 0.105 seconds
[2026-07-16T11:28:42.612+0000] {processor.py:161} INFO - Started process (PID=1781) to work on /opt/airflow/dags/sdp_pipeline_dag.py
[2026-07-16T11:28:42.614+0000] {processor.py:830} INFO - Processing file /opt/airflow/dags/sdp_pipeline_dag.py for tasks to queue
[2026-07-16T11:28:42.616+0000] {logging_mixin.py:188} INFO - [2026-07-16T11:28:42.616+0000] {dagbag.py:540} INFO - Filling up the DagBag from /opt/airflow/dags/sdp_pipeline_dag.py
[2026-07-16T11:28:42.632+0000] {processor.py:840} INFO - DAG(s) 'e-commerce_kafka_streaming_pipeline_v1' retrieved from /opt/airflow/dags/sdp_pipeline_dag.py
[2026-07-16T11:28:42.661+0000] {logging_mixin.py:188} INFO - [2026-07-16T11:28:42.660+0000] {dag.py:3096} INFO - Sync 1 DAGs
[2026-07-16T11:28:42.684+0000] {logging_mixin.py:188} INFO - [2026-07-16T11:28:42.683+0000] {dag.py:3954} INFO - Setting next_dagrun for e-commerce_kafka_streaming_pipeline_v1 to 2026-07-16 11:00:00+00:00, run_after=2026-07-16 12:00:00+00:00
[2026-07-16T11:28:42.703+0000] {processor.py:183} INFO - Processing /opt/airflow/dags/sdp_pipeline_dag.py took 0.097 seconds
[2026-07-16T11:29:13.029+0000] {processor.py:161} INFO - Started process (PID=1786) to work on /opt/airflow/dags/sdp_pipeline_dag.py
[2026-07-16T11:29:13.032+0000] {processor.py:830} INFO - Processing file /opt/airflow/dags/sdp_pipeline_dag.py for tasks to queue
[2026-07-16T11:29:13.035+0000] {logging_mixin.py:188} INFO - [2026-07-16T11:29:13.035+0000] {dagbag.py:540} INFO - Filling up the DagBag from /opt/airflow/dags/sdp_pipeline_dag.py
[2026-07-16T11:29:13.066+0000] {processor.py:840} INFO - DAG(s) 'e-commerce_kafka_streaming_pipeline_v1' retrieved from /opt/airflow/dags/sdp_pipeline_dag.py
[2026-07-16T11:29:13.103+0000] {logging_mixin.py:188} INFO - [2026-07-16T11:29:13.103+0000] {dag.py:3096} INFO - Sync 1 DAGs
[2026-07-16T11:29:13.144+0000] {logging_mixin.py:188} INFO - [2026-07-16T11:29:13.144+0000] {dag.py:3954} INFO - Setting next_dagrun for e-commerce_kafka_streaming_pipeline_v1 to 2026-07-16 11:00:00+00:00, run_after=2026-07-16 12:00:00+00:00
[2026-07-16T11:29:13.181+0000] {processor.py:183} INFO - Processing /opt/airflow/dags/sdp_pipeline_dag.py took 0.160 seconds
[2026-07-16T11:29:43.348+0000] {processor.py:161} INFO - Started process (PID=1791) to work on /opt/airflow/dags/sdp_pipeline_dag.py
[2026-07-16T11:29:43.352+0000] {processor.py:830} INFO - Processing file /opt/airflow/dags/sdp_pipeline_dag.py for tasks to queue
[2026-07-16T11:29:43.357+0000] {logging_mixin.py:188} INFO - [2026-07-16T11:29:43.356+0000] {dagbag.py:540} INFO - Filling up the DagBag from /opt/airflow/dags/sdp_pipeline_dag.py
[2026-07-16T11:29:43.389+0000] {processor.py:840} INFO - DAG(s) 'e-commerce_kafka_streaming_pipeline_v1' retrieved from /opt/airflow/dags/sdp_pipeline_dag.py
[2026-07-16T11:29:43.443+0000] {logging_mixin.py:188} INFO - [2026-07-16T11:29:43.443+0000] {dag.py:3096} INFO - Sync 1 DAGs
[2026-07-16T11:29:43.478+0000] {logging_mixin.py:188} INFO - [2026-07-16T11:29:43.478+0000] {dag.py:3954} INFO - Setting next_dagrun for e-commerce_kafka_streaming_pipeline_v1 to 2026-07-16 11:00:00+00:00, run_after=2026-07-16 12:00:00+00:00
[2026-07-16T11:29:43.571+0000] {processor.py:183} INFO - Processing /opt/airflow/dags/sdp_pipeline_dag.py took 0.237 seconds
[2026-07-16T11:30:13.886+0000] {processor.py:161} INFO - Started process (PID=1796) to work on /opt/airflow/dags/sdp_pipeline_dag.py
[2026-07-16T11:30:13.888+0000] {processor.py:830} INFO - Processing file /opt/airflow/dags/sdp_pipeline_dag.py for tasks to queue
[2026-07-16T11:30:13.893+0000] {logging_mixin.py:188} INFO - [2026-07-16T11:30:13.892+0000] {dagbag.py:540} INFO - Filling up the DagBag from /opt/airflow/dags/sdp_pipeline_dag.py
[2026-07-16T11:30:13.932+0000] {processor.py:840} INFO - DAG(s) 'e-commerce_kafka_streaming_pipeline_v1' retrieved from /opt/airflow/dags/sdp_pipeline_dag.py
[2026-07-16T11:30:13.979+0000] {logging_mixin.py:188} INFO - [2026-07-16T11:30:13.978+0000] {dag.py:3096} INFO - Sync 1 DAGs
[2026-07-16T11:30:14.035+0000] {logging_mixin.py:188} INFO - [2026-07-16T11:30:14.035+0000] {dag.py:3954} INFO - Setting next_dagrun for e-commerce_kafka_streaming_pipeline_v1 to 2026-07-16 11:00:00+00:00, run_after=2026-07-16 12:00:00+00:00
[2026-07-16T11:30:14.080+0000] {processor.py:183} INFO - Processing /opt/airflow/dags/sdp_pipeline_dag.py took 0.207 seconds
[2026-07-16T11:30:44.313+0000] {processor.py:161} INFO - Started process (PID=1801) to work on /opt/airflow/dags/sdp_pipeline_dag.py
[2026-07-16T11:30:44.316+0000] {processor.py:830} INFO - Processing file /opt/airflow/dags/sdp_pipeline_dag.py for tasks to queue
[2026-07-16T11:30:44.321+0000] {logging_mixin.py:188} INFO - [2026-07-16T11:30:44.320+0000] {dagbag.py:540} INFO - Filling up the DagBag from /opt/airflow/dags/sdp_pipeline_dag.py
[2026-07-16T11:30:44.365+0000] {processor.py:840} INFO - DAG(s) 'e-commerce_kafka_streaming_pipeline_v1' retrieved from /opt/airflow/dags/sdp_pipeline_dag.py
[2026-07-16T11:30:44.410+0000] {logging_mixin.py:188} INFO - [2026-07-16T11:30:44.410+0000] {dag.py:3096} INFO - Sync 1 DAGs
[2026-07-16T11:30:44.441+0000] {logging_mixin.py:188} INFO - [2026-07-16T11:30:44.440+0000] {dag.py:3954} INFO - Setting next_dagrun for e-commerce_kafka_streaming_pipeline_v1 to 2026-07-16 11:00:00+00:00, run_after=2026-07-16 12:00:00+00:00
[2026-07-16T11:30:44.468+0000] {processor.py:183} INFO - Processing /opt/airflow/dags/sdp_pipeline_dag.py took 0.170 seconds
[2026-07-16T11:31:14.764+0000] {processor.py:161} INFO - Started process (PID=1806) to work on /opt/airflow/dags/sdp_pipeline_dag.py
[2026-07-16T11:31:14.766+0000] {processor.py:830} INFO - Processing file /opt/airflow/dags/sdp_pipeline_dag.py for tasks to queue
[2026-07-16T11:31:14.770+0000] {logging_mixin.py:188} INFO - [2026-07-16T11:31:14.769+0000] {dagbag.py:540} INFO - Filling up the DagBag from /opt/airflow/dags/sdp_pipeline_dag.py
[2026-07-16T11:31:14.803+0000] {processor.py:840} INFO - DAG(s) 'e-commerce_kafka_streaming_pipeline_v1' retrieved from /opt/airflow/dags/sdp_pipeline_dag.py
[2026-07-16T11:31:14.842+0000] {logging_mixin.py:188} INFO - [2026-07-16T11:31:14.841+0000] {dag.py:3096} INFO - Sync 1 DAGs
[2026-07-16T11:31:14.880+0000] {logging_mixin.py:188} INFO - [2026-07-16T11:31:14.880+0000] {dag.py:3954} INFO - Setting next_dagrun for e-commerce_kafka_streaming_pipeline_v1 to 2026-07-16 11:00:00+00:00, run_after=2026-07-16 12:00:00+00:00
[2026-07-16T11:31:14.918+0000] {processor.py:183} INFO - Processing /opt/airflow/dags/sdp_pipeline_dag.py took 0.167 seconds
[2026-07-16T11:31:45.097+0000] {processor.py:161} INFO - Started process (PID=1811) to work on /opt/airflow/dags/sdp_pipeline_dag.py
[2026-07-16T11:31:45.100+0000] {processor.py:830} INFO - Processing file /opt/airflow/dags/sdp_pipeline_dag.py for tasks to queue
[2026-07-16T11:31:45.104+0000] {logging_mixin.py:188} INFO - [2026-07-16T11:31:45.103+0000] {dagbag.py:540} INFO - Filling up the DagBag from /opt/airflow/dags/sdp_pipeline_dag.py
[2026-07-16T11:31:45.133+0000] {processor.py:840} INFO - DAG(s) 'e-commerce_kafka_streaming_pipeline_v1' retrieved from /opt/airflow/dags/sdp_pipeline_dag.py
[2026-07-16T11:31:45.187+0000] {logging_mixin.py:188} INFO - [2026-07-16T11:31:45.186+0000] {dag.py:3096} INFO - Sync 1 DAGs
[2026-07-16T11:31:45.234+0000] {logging_mixin.py:188} INFO - [2026-07-16T11:31:45.234+0000] {dag.py:3954} INFO - Setting next_dagrun for e-commerce_kafka_streaming_pipeline_v1 to 2026-07-16 11:00:00+00:00, run_after=2026-07-16 12:00:00+00:00
[2026-07-16T11:31:45.268+0000] {processor.py:183} INFO - Processing /opt/airflow/dags/sdp_pipeline_dag.py took 0.185 seconds
[2026-07-16T11:32:15.511+0000] {processor.py:161} INFO - Started process (PID=1816) to work on /opt/airflow/dags/sdp_pipeline_dag.py
[2026-07-16T11:32:15.513+0000] {processor.py:830} INFO - Processing file /opt/airflow/dags/sdp_pipeline_dag.py for tasks to queue
[2026-07-16T11:32:15.516+0000] {logging_mixin.py:188} INFO - [2026-07-16T11:32:15.516+0000] {dagbag.py:540} INFO - Filling up the DagBag from /opt/airflow/dags/sdp_pipeline_dag.py
[2026-07-16T11:32:15.548+0000] {processor.py:840} INFO - DAG(s) 'e-commerce_kafka_streaming_pipeline_v1' retrieved from /opt/airflow/dags/sdp_pipeline_dag.py
[2026-07-16T11:32:15.574+0000] {logging_mixin.py:188} INFO - [2026-07-16T11:32:15.574+0000] {dag.py:3096} INFO - Sync 1 DAGs
[2026-07-16T11:32:15.594+0000] {logging_mixin.py:188} INFO - [2026-07-16T11:32:15.594+0000] {dag.py:3954} INFO - Setting next_dagrun for e-commerce_kafka_streaming_pipeline_v1 to 2026-07-16 11:00:00+00:00, run_after=2026-07-16 12:00:00+00:00
[2026-07-16T11:32:15.614+0000] {processor.py:183} INFO - Processing /opt/airflow/dags/sdp_pipeline_dag.py took 0.112 seconds
[2026-07-16T11:32:45.754+0000] {processor.py:161} INFO - Started process (PID=1821) to work on /opt/airflow/dags/sdp_pipeline_dag.py
[2026-07-16T11:32:45.756+0000] {processor.py:830} INFO - Processing file /opt/airflow/dags/sdp_pipeline_dag.py for tasks to queue
[2026-07-16T11:32:45.758+0000] {logging_mixin.py:188} INFO - [2026-07-16T11:32:45.758+0000] {dagbag.py:540} INFO - Filling up the DagBag from /opt/airflow/dags/sdp_pipeline_dag.py
[2026-07-16T11:32:45.777+0000] {processor.py:840} INFO - DAG(s) 'e-commerce_kafka_streaming_pipeline_v1' retrieved from /opt/airflow/dags/sdp_pipeline_dag.py
[2026-07-16T11:32:45.804+0000] {logging_mixin.py:188} INFO - [2026-07-16T11:32:45.804+0000] {dag.py:3096} INFO - Sync 1 DAGs
[2026-07-16T11:32:45.828+0000] {logging_mixin.py:188} INFO - [2026-07-16T11:32:45.828+0000] {dag.py:3954} INFO - Setting next_dagrun for e-commerce_kafka_streaming_pipeline_v1 to 2026-07-16 11:00:00+00:00, run_after=2026-07-16 12:00:00+00:00
[2026-07-16T11:32:45.849+0000] {processor.py:183} INFO - Processing /opt/airflow/dags/sdp_pipeline_dag.py took 0.101 seconds
[2026-07-16T11:33:16.099+0000] {processor.py:161} INFO - Started process (PID=1826) to work on /opt/airflow/dags/sdp_pipeline_dag.py
[2026-07-16T11:33:16.100+0000] {processor.py:830} INFO - Processing file /opt/airflow/dags/sdp_pipeline_dag.py for tasks to queue
[2026-07-16T11:33:16.103+0000] {logging_mixin.py:188} INFO - [2026-07-16T11:33:16.102+0000] {dagbag.py:540} INFO - Filling up the DagBag from /opt/airflow/dags/sdp_pipeline_dag.py
[2026-07-16T11:33:16.119+0000] {processor.py:840} INFO - DAG(s) 'e-commerce_kafka_streaming_pipeline_v1' retrieved from /opt/airflow/dags/sdp_pipeline_dag.py
[2026-07-16T11:33:16.145+0000] {logging_mixin.py:188} INFO - [2026-07-16T11:33:16.144+0000] {dag.py:3096} INFO - Sync 1 DAGs
[2026-07-16T11:33:16.166+0000] {logging_mixin.py:188} INFO - [2026-07-16T11:33:16.165+0000] {dag.py:3954} INFO - Setting next_dagrun for e-commerce_kafka_streaming_pipeline_v1 to 2026-07-16 11:00:00+00:00, run_after=2026-07-16 12:00:00+00:00
[2026-07-16T11:33:16.183+0000] {processor.py:183} INFO - Processing /opt/airflow/dags/sdp_pipeline_dag.py took 0.091 seconds
[2026-07-16T11:33:46.358+0000] {processor.py:161} INFO - Started process (PID=1831) to work on /opt/airflow/dags/sdp_pipeline_dag.py
[2026-07-16T11:33:46.359+0000] {processor.py:830} INFO - Processing file /opt/airflow/dags/sdp_pipeline_dag.py for tasks to queue
[2026-07-16T11:33:46.361+0000] {logging_mixin.py:188} INFO - [2026-07-16T11:33:46.361+0000] {dagbag.py:540} INFO - Filling up the DagBag from /opt/airflow/dags/sdp_pipeline_dag.py
[2026-07-16T11:33:46.377+0000] {processor.py:840} INFO - DAG(s) 'e-commerce_kafka_streaming_pipeline_v1' retrieved from /opt/airflow/dags/sdp_pipeline_dag.py
[2026-07-16T11:33:46.401+0000] {logging_mixin.py:188} INFO - [2026-07-16T11:33:46.401+0000] {dag.py:3096} INFO - Sync 1 DAGs
[2026-07-16T11:33:46.421+0000] {logging_mixin.py:188} INFO - [2026-07-16T11:33:46.421+0000] {dag.py:3954} INFO - Setting next_dagrun for e-commerce_kafka_streaming_pipeline_v1 to 2026-07-16 11:00:00+00:00, run_after=2026-07-16 12:00:00+00:00
[2026-07-16T11:33:46.439+0000] {processor.py:183} INFO - Processing /opt/airflow/dags/sdp_pipeline_dag.py took 0.086 seconds
[2026-07-16T11:34:16.652+0000] {processor.py:161} INFO - Started process (PID=1836) to work on /opt/airflow/dags/sdp_pipeline_dag.py
[2026-07-16T11:34:16.653+0000] {processor.py:830} INFO - Processing file /opt/airflow/dags/sdp_pipeline_dag.py for tasks to queue
[2026-07-16T11:34:16.656+0000] {logging_mixin.py:188} INFO - [2026-07-16T11:34:16.655+0000] {dagbag.py:540} INFO - Filling up the DagBag from /opt/airflow/dags/sdp_pipeline_dag.py
[2026-07-16T11:34:16.676+0000] {processor.py:840} INFO - DAG(s) 'e-commerce_kafka_streaming_pipeline_v1' retrieved from /opt/airflow/dags/sdp_pipeline_dag.py
[2026-07-16T11:34:16.700+0000] {logging_mixin.py:188} INFO - [2026-07-16T11:34:16.700+0000] {dag.py:3096} INFO - Sync 1 DAGs
[2026-07-16T11:34:16.721+0000] {logging_mixin.py:188} INFO - [2026-07-16T11:34:16.721+0000] {dag.py:3954} INFO - Setting next_dagrun for e-commerce_kafka_streaming_pipeline_v1 to 2026-07-16 11:00:00+00:00, run_after=2026-07-16 12:00:00+00:00
[2026-07-16T11:34:16.739+0000] {processor.py:183} INFO - Processing /opt/airflow/dags/sdp_pipeline_dag.py took 0.093 seconds
[2026-07-16T11:34:46.901+0000] {processor.py:161} INFO - Started process (PID=1841) to work on /opt/airflow/dags/sdp_pipeline_dag.py
[2026-07-16T11:34:46.903+0000] {processor.py:830} INFO - Processing file /opt/airflow/dags/sdp_pipeline_dag.py for tasks to queue
[2026-07-16T11:34:46.905+0000] {logging_mixin.py:188} INFO - [2026-07-16T11:34:46.904+0000] {dagbag.py:540} INFO - Filling up the DagBag from /opt/airflow/dags/sdp_pipeline_dag.py
[2026-07-16T11:34:46.921+0000] {processor.py:840} INFO - DAG(s) 'e-commerce_kafka_streaming_pipeline_v1' retrieved from /opt/airflow/dags/sdp_pipeline_dag.py
[2026-07-16T11:34:46.947+0000] {logging_mixin.py:188} INFO - [2026-07-16T11:34:46.947+0000] {dag.py:3096} INFO - Sync 1 DAGs
[2026-07-16T11:34:46.967+0000] {logging_mixin.py:188} INFO - [2026-07-16T11:34:46.967+0000] {dag.py:3954} INFO - Setting next_dagrun for e-commerce_kafka_streaming_pipeline_v1 to 2026-07-16 11:00:00+00:00, run_after=2026-07-16 12:00:00+00:00
[2026-07-16T11:34:46.987+0000] {processor.py:183} INFO - Processing /opt/airflow/dags/sdp_pipeline_dag.py took 0.093 seconds
[2026-07-16T11:35:17.185+0000] {processor.py:161} INFO - Started process (PID=1846) to work on /opt/airflow/dags/sdp_pipeline_dag.py
[2026-07-16T11:35:17.187+0000] {processor.py:830} INFO - Processing file /opt/airflow/dags/sdp_pipeline_dag.py for tasks to queue
[2026-07-16T11:35:17.189+0000] {logging_mixin.py:188} INFO - [2026-07-16T11:35:17.189+0000] {dagbag.py:540} INFO - Filling up the DagBag from /opt/airflow/dags/sdp_pipeline_dag.py
[2026-07-16T11:35:17.206+0000] {processor.py:840} INFO - DAG(s) 'e-commerce_kafka_streaming_pipeline_v1' retrieved from /opt/airflow/dags/sdp_pipeline_dag.py
[2026-07-16T11:35:17.233+0000] {logging_mixin.py:188} INFO - [2026-07-16T11:35:17.233+0000] {dag.py:3096} INFO - Sync 1 DAGs
[2026-07-16T11:35:17.253+0000] {logging_mixin.py:188} INFO - [2026-07-16T11:35:17.253+0000] {dag.py:3954} INFO - Setting next_dagrun for e-commerce_kafka_streaming_pipeline_v1 to 2026-07-16 11:00:00+00:00, run_after=2026-07-16 12:00:00+00:00
[2026-07-16T11:35:17.271+0000] {processor.py:183} INFO - Processing /opt/airflow/dags/sdp_pipeline_dag.py took 0.093 seconds
[2026-07-16T11:35:47.435+0000] {processor.py:161} INFO - Started process (PID=1851) to work on /opt/airflow/dags/sdp_pipeline_dag.py
[2026-07-16T11:35:47.436+0000] {processor.py:830} INFO - Processing file /opt/airflow/dags/sdp_pipeline_dag.py for tasks to queue
[2026-07-16T11:35:47.438+0000] {logging_mixin.py:188} INFO - [2026-07-16T11:35:47.438+0000] {dagbag.py:540} INFO - Filling up the DagBag from /opt/airflow/dags/sdp_pipeline_dag.py
[2026-07-16T11:35:47.453+0000] {processor.py:840} INFO - DAG(s) 'e-commerce_kafka_streaming_pipeline_v1' retrieved from /opt/airflow/dags/sdp_pipeline_dag.py
[2026-07-16T11:35:47.480+0000] {logging_mixin.py:188} INFO - [2026-07-16T11:35:47.479+0000] {dag.py:3096} INFO - Sync 1 DAGs
[2026-07-16T11:35:47.499+0000] {logging_mixin.py:188} INFO - [2026-07-16T11:35:47.499+0000] {dag.py:3954} INFO - Setting next_dagrun for e-commerce_kafka_streaming_pipeline_v1 to 2026-07-16 11:00:00+00:00, run_after=2026-07-16 12:00:00+00:00
[2026-07-16T11:35:47.517+0000] {processor.py:183} INFO - Processing /opt/airflow/dags/sdp_pipeline_dag.py took 0.088 seconds
[2026-07-16T11:36:17.730+0000] {processor.py:161} INFO - Started process (PID=1856) to work on /opt/airflow/dags/sdp_pipeline_dag.py
[2026-07-16T11:36:17.731+0000] {processor.py:830} INFO - Processing file /opt/airflow/dags/sdp_pipeline_dag.py for tasks to queue
[2026-07-16T11:36:17.733+0000] {logging_mixin.py:188} INFO - [2026-07-16T11:36:17.733+0000] {dagbag.py:540} INFO - Filling up the DagBag from /opt/airflow/dags/sdp_pipeline_dag.py
[2026-07-16T11:36:17.750+0000] {processor.py:840} INFO - DAG(s) 'e-commerce_kafka_streaming_pipeline_v1' retrieved from /opt/airflow/dags/sdp_pipeline_dag.py
[2026-07-16T11:36:17.775+0000] {logging_mixin.py:188} INFO - [2026-07-16T11:36:17.775+0000] {dag.py:3096} INFO - Sync 1 DAGs
[2026-07-16T11:36:17.796+0000] {logging_mixin.py:188} INFO - [2026-07-16T11:36:17.795+0000] {dag.py:3954} INFO - Setting next_dagrun for e-commerce_kafka_streaming_pipeline_v1 to 2026-07-16 11:00:00+00:00, run_after=2026-07-16 12:00:00+00:00
[2026-07-16T11:36:17.812+0000] {processor.py:183} INFO - Processing /opt/airflow/dags/sdp_pipeline_dag.py took 0.088 seconds
[2026-07-16T11:36:48.015+0000] {processor.py:161} INFO - Started process (PID=1861) to work on /opt/airflow/dags/sdp_pipeline_dag.py
[2026-07-16T11:36:48.017+0000] {processor.py:830} INFO - Processing file /opt/airflow/dags/sdp_pipeline_dag.py for tasks to queue
[2026-07-16T11:36:48.020+0000] {logging_mixin.py:188} INFO - [2026-07-16T11:36:48.020+0000] {dagbag.py:540} INFO - Filling up the DagBag from /opt/airflow/dags/sdp_pipeline_dag.py
[2026-07-16T11:36:48.042+0000] {processor.py:840} INFO - DAG(s) 'e-commerce_kafka_streaming_pipeline_v1' retrieved from /opt/airflow/dags/sdp_pipeline_dag.py
[2026-07-16T11:36:48.076+0000] {logging_mixin.py:188} INFO - [2026-07-16T11:36:48.075+0000] {dag.py:3096} INFO - Sync 1 DAGs
[2026-07-16T11:36:48.100+0000] {logging_mixin.py:188} INFO - [2026-07-16T11:36:48.100+0000] {dag.py:3954} INFO - Setting next_dagrun for e-commerce_kafka_streaming_pipeline_v1 to 2026-07-16 11:00:00+00:00, run_after=2026-07-16 12:00:00+00:00
[2026-07-16T11:36:48.122+0000] {processor.py:183} INFO - Processing /opt/airflow/dags/sdp_pipeline_dag.py took 0.116 seconds
[2026-07-16T11:37:18.368+0000] {processor.py:161} INFO - Started process (PID=1866) to work on /opt/airflow/dags/sdp_pipeline_dag.py
[2026-07-16T11:37:18.369+0000] {processor.py:830} INFO - Processing file /opt/airflow/dags/sdp_pipeline_dag.py for tasks to queue
[2026-07-16T11:37:18.372+0000] {logging_mixin.py:188} INFO - [2026-07-16T11:37:18.371+0000] {dagbag.py:540} INFO - Filling up the DagBag from /opt/airflow/dags/sdp_pipeline_dag.py
[2026-07-16T11:37:18.389+0000] {processor.py:840} INFO - DAG(s) 'e-commerce_kafka_streaming_pipeline_v1' retrieved from /opt/airflow/dags/sdp_pipeline_dag.py
[2026-07-16T11:37:18.415+0000] {logging_mixin.py:188} INFO - [2026-07-16T11:37:18.415+0000] {dag.py:3096} INFO - Sync 1 DAGs
[2026-07-16T11:37:18.434+0000] {logging_mixin.py:188} INFO - [2026-07-16T11:37:18.434+0000] {dag.py:3954} INFO - Setting next_dagrun for e-commerce_kafka_streaming_pipeline_v1 to 2026-07-16 11:00:00+00:00, run_after=2026-07-16 12:00:00+00:00
[2026-07-16T11:37:18.452+0000] {processor.py:183} INFO - Processing /opt/airflow/dags/sdp_pipeline_dag.py took 0.090 seconds
[2026-07-16T12:22:22.448+0000] {processor.py:161} INFO - Started process (PID=1871) to work on /opt/airflow/dags/sdp_pipeline_dag.py
[2026-07-16T12:22:22.457+0000] {processor.py:830} INFO - Processing file /opt/airflow/dags/sdp_pipeline_dag.py for tasks to queue
[2026-07-16T12:22:22.466+0000] {logging_mixin.py:188} INFO - [2026-07-16T12:22:22.465+0000] {dagbag.py:540} INFO - Filling up the DagBag from /opt/airflow/dags/sdp_pipeline_dag.py
[2026-07-16T12:22:22.548+0000] {processor.py:840} INFO - DAG(s) 'e-commerce_kafka_streaming_pipeline_v1' retrieved from /opt/airflow/dags/sdp_pipeline_dag.py
[2026-07-16T12:22:22.766+0000] {logging_mixin.py:188} INFO - [2026-07-16T12:22:22.766+0000] {dag.py:3096} INFO - Sync 1 DAGs
[2026-07-16T12:22:22.928+0000] {logging_mixin.py:188} INFO - [2026-07-16T12:22:22.927+0000] {dag.py:3954} INFO - Setting next_dagrun for e-commerce_kafka_streaming_pipeline_v1 to 2026-07-16 12:00:00+00:00, run_after=2026-07-16 13:00:00+00:00
[2026-07-16T12:22:23.025+0000] {processor.py:183} INFO - Processing /opt/airflow/dags/sdp_pipeline_dag.py took 0.614 seconds
[2026-07-16T12:58:48.058+0000] {processor.py:161} INFO - Started process (PID=1882) to work on /opt/airflow/dags/sdp_pipeline_dag.py
[2026-07-16T12:58:48.062+0000] {processor.py:830} INFO - Processing file /opt/airflow/dags/sdp_pipeline_dag.py for tasks to queue
[2026-07-16T12:58:48.069+0000] {logging_mixin.py:188} INFO - [2026-07-16T12:58:48.068+0000] {dagbag.py:540} INFO - Filling up the DagBag from /opt/airflow/dags/sdp_pipeline_dag.py
[2026-07-16T12:58:48.093+0000] {processor.py:840} INFO - DAG(s) 'e-commerce_kafka_streaming_pipeline_v1' retrieved from /opt/airflow/dags/sdp_pipeline_dag.py
[2026-07-16T12:58:48.151+0000] {logging_mixin.py:188} INFO - [2026-07-16T12:58:48.151+0000] {dag.py:3096} INFO - Sync 1 DAGs
[2026-07-16T12:58:48.208+0000] {logging_mixin.py:188} INFO - [2026-07-16T12:58:48.208+0000] {dag.py:3954} INFO - Setting next_dagrun for e-commerce_kafka_streaming_pipeline_v1 to 2026-07-16 12:00:00+00:00, run_after=2026-07-16 13:00:00+00:00
[2026-07-16T12:58:48.259+0000] {processor.py:183} INFO - Processing /opt/airflow/dags/sdp_pipeline_dag.py took 0.210 seconds
[2026-07-16T12:59:18.593+0000] {processor.py:161} INFO - Started process (PID=1901) to work on /opt/airflow/dags/sdp_pipeline_dag.py
[2026-07-16T12:59:18.595+0000] {processor.py:830} INFO - Processing file /opt/airflow/dags/sdp_pipeline_dag.py for tasks to queue
[2026-07-16T12:59:18.598+0000] {logging_mixin.py:188} INFO - [2026-07-16T12:59:18.598+0000] {dagbag.py:540} INFO - Filling up the DagBag from /opt/airflow/dags/sdp_pipeline_dag.py
[2026-07-16T12:59:18.632+0000] {processor.py:840} INFO - DAG(s) 'e-commerce_kafka_streaming_pipeline_v1' retrieved from /opt/airflow/dags/sdp_pipeline_dag.py
[2026-07-16T12:59:18.669+0000] {logging_mixin.py:188} INFO - [2026-07-16T12:59:18.668+0000] {dag.py:3096} INFO - Sync 1 DAGs
[2026-07-16T12:59:18.699+0000] {logging_mixin.py:188} INFO - [2026-07-16T12:59:18.699+0000] {dag.py:3954} INFO - Setting next_dagrun for e-commerce_kafka_streaming_pipeline_v1 to 2026-07-16 12:00:00+00:00, run_after=2026-07-16 13:00:00+00:00
[2026-07-16T12:59:18.723+0000] {processor.py:183} INFO - Processing /opt/airflow/dags/sdp_pipeline_dag.py took 0.142 seconds
[2026-07-16T12:59:48.914+0000] {processor.py:161} INFO - Started process (PID=1906) to work on /opt/airflow/dags/sdp_pipeline_dag.py
[2026-07-16T12:59:48.915+0000] {processor.py:830} INFO - Processing file /opt/airflow/dags/sdp_pipeline_dag.py for tasks to queue
[2026-07-16T12:59:48.918+0000] {logging_mixin.py:188} INFO - [2026-07-16T12:59:48.917+0000] {dagbag.py:540} INFO - Filling up the DagBag from /opt/airflow/dags/sdp_pipeline_dag.py
[2026-07-16T12:59:48.941+0000] {processor.py:840} INFO - DAG(s) 'e-commerce_kafka_streaming_pipeline_v1' retrieved from /opt/airflow/dags/sdp_pipeline_dag.py
[2026-07-16T12:59:48.976+0000] {logging_mixin.py:188} INFO - [2026-07-16T12:59:48.976+0000] {dag.py:3096} INFO - Sync 1 DAGs
[2026-07-16T12:59:49.006+0000] {logging_mixin.py:188} INFO - [2026-07-16T12:59:49.006+0000] {dag.py:3954} INFO - Setting next_dagrun for e-commerce_kafka_streaming_pipeline_v1 to 2026-07-16 12:00:00+00:00, run_after=2026-07-16 13:00:00+00:00
[2026-07-16T12:59:49.030+0000] {processor.py:183} INFO - Processing /opt/airflow/dags/sdp_pipeline_dag.py took 0.124 seconds
[2026-07-16T13:00:19.426+0000] {processor.py:161} INFO - Started process (PID=1928) to work on /opt/airflow/dags/sdp_pipeline_dag.py
[2026-07-16T13:00:19.454+0000] {processor.py:830} INFO - Processing file /opt/airflow/dags/sdp_pipeline_dag.py for tasks to queue
[2026-07-16T13:00:19.498+0000] {logging_mixin.py:188} INFO - [2026-07-16T13:00:19.496+0000] {dagbag.py:540} INFO - Filling up the DagBag from /opt/airflow/dags/sdp_pipeline_dag.py
[2026-07-16T13:00:19.589+0000] {processor.py:840} INFO - DAG(s) 'e-commerce_kafka_streaming_pipeline_v1' retrieved from /opt/airflow/dags/sdp_pipeline_dag.py
[2026-07-16T13:00:19.752+0000] {logging_mixin.py:188} INFO - [2026-07-16T13:00:19.752+0000] {dag.py:3096} INFO - Sync 1 DAGs
[2026-07-16T13:00:19.832+0000] {logging_mixin.py:188} INFO - [2026-07-16T13:00:19.832+0000] {dag.py:3954} INFO - Setting next_dagrun for e-commerce_kafka_streaming_pipeline_v1 to 2026-07-16 13:00:00+00:00, run_after=2026-07-16 14:00:00+00:00
[2026-07-16T13:00:19.875+0000] {processor.py:183} INFO - Processing /opt/airflow/dags/sdp_pipeline_dag.py took 0.633 seconds
[2026-07-16T13:00:50.134+0000] {processor.py:161} INFO - Started process (PID=1948) to work on /opt/airflow/dags/sdp_pipeline_dag.py
[2026-07-16T13:00:50.137+0000] {processor.py:830} INFO - Processing file /opt/airflow/dags/sdp_pipeline_dag.py for tasks to queue
[2026-07-16T13:00:50.143+0000] {logging_mixin.py:188} INFO - [2026-07-16T13:00:50.142+0000] {dagbag.py:540} INFO - Filling up the DagBag from /opt/airflow/dags/sdp_pipeline_dag.py
[2026-07-16T13:00:50.187+0000] {processor.py:840} INFO - DAG(s) 'e-commerce_kafka_streaming_pipeline_v1' retrieved from /opt/airflow/dags/sdp_pipeline_dag.py
[2026-07-16T13:00:50.241+0000] {logging_mixin.py:188} INFO - [2026-07-16T13:00:50.240+0000] {dag.py:3096} INFO - Sync 1 DAGs
[2026-07-16T13:00:50.280+0000] {logging_mixin.py:188} INFO - [2026-07-16T13:00:50.279+0000] {dag.py:3954} INFO - Setting next_dagrun for e-commerce_kafka_streaming_pipeline_v1 to 2026-07-16 13:00:00+00:00, run_after=2026-07-16 14:00:00+00:00
[2026-07-16T13:00:50.310+0000] {processor.py:183} INFO - Processing /opt/airflow/dags/sdp_pipeline_dag.py took 0.192 seconds
[2026-07-16T13:01:20.605+0000] {processor.py:161} INFO - Started process (PID=1953) to work on /opt/airflow/dags/sdp_pipeline_dag.py
[2026-07-16T13:01:20.607+0000] {processor.py:830} INFO - Processing file /opt/airflow/dags/sdp_pipeline_dag.py for tasks to queue
[2026-07-16T13:01:20.613+0000] {logging_mixin.py:188} INFO - [2026-07-16T13:01:20.612+0000] {dagbag.py:540} INFO - Filling up the DagBag from /opt/airflow/dags/sdp_pipeline_dag.py
[2026-07-16T13:01:20.649+0000] {processor.py:840} INFO - DAG(s) 'e-commerce_kafka_streaming_pipeline_v1' retrieved from /opt/airflow/dags/sdp_pipeline_dag.py
[2026-07-16T13:01:20.703+0000] {logging_mixin.py:188} INFO - [2026-07-16T13:01:20.703+0000] {dag.py:3096} INFO - Sync 1 DAGs
[2026-07-16T13:01:20.752+0000] {logging_mixin.py:188} INFO - [2026-07-16T13:01:20.752+0000] {dag.py:3954} INFO - Setting next_dagrun for e-commerce_kafka_streaming_pipeline_v1 to 2026-07-16 13:00:00+00:00, run_after=2026-07-16 14:00:00+00:00
[2026-07-16T13:01:20.786+0000] {processor.py:183} INFO - Processing /opt/airflow/dags/sdp_pipeline_dag.py took 0.194 seconds
[2026-07-16T13:01:51.015+0000] {processor.py:161} INFO - Started process (PID=1958) to work on /opt/airflow/dags/sdp_pipeline_dag.py
[2026-07-16T13:01:51.018+0000] {processor.py:830} INFO - Processing file /opt/airflow/dags/sdp_pipeline_dag.py for tasks to queue
[2026-07-16T13:01:51.022+0000] {logging_mixin.py:188} INFO - [2026-07-16T13:01:51.021+0000] {dagbag.py:540} INFO - Filling up the DagBag from /opt/airflow/dags/sdp_pipeline_dag.py
[2026-07-16T13:01:51.052+0000] {processor.py:840} INFO - DAG(s) 'e-commerce_kafka_streaming_pipeline_v1' retrieved from /opt/airflow/dags/sdp_pipeline_dag.py
[2026-07-16T13:01:51.105+0000] {logging_mixin.py:188} INFO - [2026-07-16T13:01:51.105+0000] {dag.py:3096} INFO - Sync 1 DAGs
[2026-07-16T13:01:51.148+0000] {logging_mixin.py:188} INFO - [2026-07-16T13:01:51.148+0000] {dag.py:3954} INFO - Setting next_dagrun for e-commerce_kafka_streaming_pipeline_v1 to 2026-07-16 13:00:00+00:00, run_after=2026-07-16 14:00:00+00:00
[2026-07-16T13:01:51.189+0000] {processor.py:183} INFO - Processing /opt/airflow/dags/sdp_pipeline_dag.py took 0.187 seconds
[2026-07-16T13:02:21.401+0000] {processor.py:161} INFO - Started process (PID=1977) to work on /opt/airflow/dags/sdp_pipeline_dag.py
[2026-07-16T13:02:21.405+0000] {processor.py:830} INFO - Processing file /opt/airflow/dags/sdp_pipeline_dag.py for tasks to queue
[2026-07-16T13:02:21.415+0000] {logging_mixin.py:188} INFO - [2026-07-16T13:02:21.412+0000] {dagbag.py:540} INFO - Filling up the DagBag from /opt/airflow/dags/sdp_pipeline_dag.py
[2026-07-16T13:02:21.507+0000] {processor.py:840} INFO - DAG(s) 'e-commerce_kafka_streaming_pipeline_v1' retrieved from /opt/airflow/dags/sdp_pipeline_dag.py
[2026-07-16T13:02:21.609+0000] {logging_mixin.py:188} INFO - [2026-07-16T13:02:21.608+0000] {dag.py:3096} INFO - Sync 1 DAGs
[2026-07-16T13:02:21.692+0000] {logging_mixin.py:188} INFO - [2026-07-16T13:02:21.692+0000] {dag.py:3954} INFO - Setting next_dagrun for e-commerce_kafka_streaming_pipeline_v1 to 2026-07-16 13:00:00+00:00, run_after=2026-07-16 14:00:00+00:00
[2026-07-16T13:02:21.777+0000] {processor.py:183} INFO - Processing /opt/airflow/dags/sdp_pipeline_dag.py took 0.403 seconds
[2026-07-16T13:02:52.238+0000] {processor.py:161} INFO - Started process (PID=1995) to work on /opt/airflow/dags/sdp_pipeline_dag.py
[2026-07-16T13:02:52.247+0000] {processor.py:830} INFO - Processing file /opt/airflow/dags/sdp_pipeline_dag.py for tasks to queue
[2026-07-16T13:02:52.255+0000] {logging_mixin.py:188} INFO - [2026-07-16T13:02:52.254+0000] {dagbag.py:540} INFO - Filling up the DagBag from /opt/airflow/dags/sdp_pipeline_dag.py
[2026-07-16T13:02:52.316+0000] {processor.py:840} INFO - DAG(s) 'e-commerce_kafka_streaming_pipeline_v1' retrieved from /opt/airflow/dags/sdp_pipeline_dag.py
[2026-07-16T13:02:52.403+0000] {logging_mixin.py:188} INFO - [2026-07-16T13:02:52.402+0000] {dag.py:3096} INFO - Sync 1 DAGs
[2026-07-16T13:02:52.472+0000] {logging_mixin.py:188} INFO - [2026-07-16T13:02:52.472+0000] {dag.py:3954} INFO - Setting next_dagrun for e-commerce_kafka_streaming_pipeline_v1 to 2026-07-16 13:00:00+00:00, run_after=2026-07-16 14:00:00+00:00
[2026-07-16T13:02:52.521+0000] {processor.py:183} INFO - Processing /opt/airflow/dags/sdp_pipeline_dag.py took 0.310 seconds
[2026-07-16T13:03:23.107+0000] {processor.py:161} INFO - Started process (PID=2000) to work on /opt/airflow/dags/sdp_pipeline_dag.py
[2026-07-16T13:03:23.115+0000] {processor.py:830} INFO - Processing file /opt/airflow/dags/sdp_pipeline_dag.py for tasks to queue
[2026-07-16T13:03:23.123+0000] {logging_mixin.py:188} INFO - [2026-07-16T13:03:23.122+0000] {dagbag.py:540} INFO - Filling up the DagBag from /opt/airflow/dags/sdp_pipeline_dag.py
[2026-07-16T13:03:23.248+0000] {processor.py:840} INFO - DAG(s) 'e-commerce_kafka_streaming_pipeline_v1' retrieved from /opt/airflow/dags/sdp_pipeline_dag.py
[2026-07-16T13:03:23.447+0000] {logging_mixin.py:188} INFO - [2026-07-16T13:03:23.445+0000] {dag.py:3096} INFO - Sync 1 DAGs
[2026-07-16T13:03:23.571+0000] {logging_mixin.py:188} INFO - [2026-07-16T13:03:23.571+0000] {dag.py:3954} INFO - Setting next_dagrun for e-commerce_kafka_streaming_pipeline_v1 to 2026-07-16 13:00:00+00:00, run_after=2026-07-16 14:00:00+00:00
[2026-07-16T13:03:23.654+0000] {processor.py:183} INFO - Processing /opt/airflow/dags/sdp_pipeline_dag.py took 0.579 seconds
[2026-07-16T13:03:53.922+0000] {processor.py:161} INFO - Started process (PID=2005) to work on /opt/airflow/dags/sdp_pipeline_dag.py
[2026-07-16T13:03:53.925+0000] {processor.py:830} INFO - Processing file /opt/airflow/dags/sdp_pipeline_dag.py for tasks to queue
[2026-07-16T13:03:53.936+0000] {logging_mixin.py:188} INFO - [2026-07-16T13:03:53.934+0000] {dagbag.py:540} INFO - Filling up the DagBag from /opt/airflow/dags/sdp_pipeline_dag.py
[2026-07-16T13:03:54.137+0000] {processor.py:840} INFO - DAG(s) 'e-commerce_kafka_streaming_pipeline_v1' retrieved from /opt/airflow/dags/sdp_pipeline_dag.py
[2026-07-16T13:03:54.342+0000] {logging_mixin.py:188} INFO - [2026-07-16T13:03:54.341+0000] {dag.py:3096} INFO - Sync 1 DAGs
[2026-07-16T13:03:54.503+0000] {logging_mixin.py:188} INFO - [2026-07-16T13:03:54.503+0000] {dag.py:3954} INFO - Setting next_dagrun for e-commerce_kafka_streaming_pipeline_v1 to 2026-07-16 13:00:00+00:00, run_after=2026-07-16 14:00:00+00:00
[2026-07-16T13:03:54.603+0000] {processor.py:183} INFO - Processing /opt/airflow/dags/sdp_pipeline_dag.py took 0.723 seconds
[2026-07-16T13:04:25.179+0000] {processor.py:161} INFO - Started process (PID=2024) to work on /opt/airflow/dags/sdp_pipeline_dag.py
[2026-07-16T13:04:25.189+0000] {processor.py:830} INFO - Processing file /opt/airflow/dags/sdp_pipeline_dag.py for tasks to queue
[2026-07-16T13:04:25.206+0000] {logging_mixin.py:188} INFO - [2026-07-16T13:04:25.204+0000] {dagbag.py:540} INFO - Filling up the DagBag from /opt/airflow/dags/sdp_pipeline_dag.py
[2026-07-16T13:04:25.336+0000] {processor.py:840} INFO - DAG(s) 'e-commerce_kafka_streaming_pipeline_v1' retrieved from /opt/airflow/dags/sdp_pipeline_dag.py
[2026-07-16T13:04:25.483+0000] {logging_mixin.py:188} INFO - [2026-07-16T13:04:25.483+0000] {dag.py:3096} INFO - Sync 1 DAGs
[2026-07-16T13:04:25.728+0000] {logging_mixin.py:188} INFO - [2026-07-16T13:04:25.725+0000] {dag.py:3954} INFO - Setting next_dagrun for e-commerce_kafka_streaming_pipeline_v1 to 2026-07-16 13:00:00+00:00, run_after=2026-07-16 14:00:00+00:00
[2026-07-16T13:04:25.827+0000] {processor.py:183} INFO - Processing /opt/airflow/dags/sdp_pipeline_dag.py took 0.697 seconds
[2026-07-16T13:04:56.208+0000] {processor.py:161} INFO - Started process (PID=2029) to work on /opt/airflow/dags/sdp_pipeline_dag.py
[2026-07-16T13:04:56.216+0000] {processor.py:830} INFO - Processing file /opt/airflow/dags/sdp_pipeline_dag.py for tasks to queue
[2026-07-16T13:04:56.224+0000] {logging_mixin.py:188} INFO - [2026-07-16T13:04:56.223+0000] {dagbag.py:540} INFO - Filling up the DagBag from /opt/airflow/dags/sdp_pipeline_dag.py
[2026-07-16T13:04:56.335+0000] {processor.py:840} INFO - DAG(s) 'e-commerce_kafka_streaming_pipeline_v1' retrieved from /opt/airflow/dags/sdp_pipeline_dag.py
[2026-07-16T13:04:56.522+0000] {logging_mixin.py:188} INFO - [2026-07-16T13:04:56.521+0000] {dag.py:3096} INFO - Sync 1 DAGs
[2026-07-16T13:04:56.635+0000] {logging_mixin.py:188} INFO - [2026-07-16T13:04:56.634+0000] {dag.py:3954} INFO - Setting next_dagrun for e-commerce_kafka_streaming_pipeline_v1 to 2026-07-16 13:00:00+00:00, run_after=2026-07-16 14:00:00+00:00
[2026-07-16T13:04:56.700+0000] {processor.py:183} INFO - Processing /opt/airflow/dags/sdp_pipeline_dag.py took 0.568 seconds
[2026-07-16T13:05:27.211+0000] {processor.py:161} INFO - Started process (PID=2043) to work on /opt/airflow/dags/sdp_pipeline_dag.py
[2026-07-16T13:05:27.213+0000] {processor.py:830} INFO - Processing file /opt/airflow/dags/sdp_pipeline_dag.py for tasks to queue
[2026-07-16T13:05:27.219+0000] {logging_mixin.py:188} INFO - [2026-07-16T13:05:27.218+0000] {dagbag.py:540} INFO - Filling up the DagBag from /opt/airflow/dags/sdp_pipeline_dag.py
[2026-07-16T13:05:27.265+0000] {processor.py:840} INFO - DAG(s) 'e-commerce_kafka_streaming_pipeline_v1' retrieved from /opt/airflow/dags/sdp_pipeline_dag.py
[2026-07-16T13:05:27.326+0000] {logging_mixin.py:188} INFO - [2026-07-16T13:05:27.325+0000] {dag.py:3096} INFO - Sync 1 DAGs
[2026-07-16T13:05:27.392+0000] {logging_mixin.py:188} INFO - [2026-07-16T13:05:27.391+0000] {dag.py:3954} INFO - Setting next_dagrun for e-commerce_kafka_streaming_pipeline_v1 to 2026-07-16 13:00:00+00:00, run_after=2026-07-16 14:00:00+00:00
[2026-07-16T13:05:27.435+0000] {processor.py:183} INFO - Processing /opt/airflow/dags/sdp_pipeline_dag.py took 0.236 seconds
[2026-07-16T13:05:57.610+0000] {processor.py:161} INFO - Started process (PID=2048) to work on /opt/airflow/dags/sdp_pipeline_dag.py
[2026-07-16T13:05:57.614+0000] {processor.py:830} INFO - Processing file /opt/airflow/dags/sdp_pipeline_dag.py for tasks to queue
[2026-07-16T13:05:57.625+0000] {logging_mixin.py:188} INFO - [2026-07-16T13:05:57.623+0000] {dagbag.py:540} INFO - Filling up the DagBag from /opt/airflow/dags/sdp_pipeline_dag.py
[2026-07-16T13:05:57.682+0000] {processor.py:840} INFO - DAG(s) 'e-commerce_kafka_streaming_pipeline_v1' retrieved from /opt/airflow/dags/sdp_pipeline_dag.py
[2026-07-16T13:05:57.761+0000] {logging_mixin.py:188} INFO - [2026-07-16T13:05:57.759+0000] {dag.py:3096} INFO - Sync 1 DAGs
[2026-07-16T13:05:57.826+0000] {logging_mixin.py:188} INFO - [2026-07-16T13:05:57.826+0000] {dag.py:3954} INFO - Setting next_dagrun for e-commerce_kafka_streaming_pipeline_v1 to 2026-07-16 13:00:00+00:00, run_after=2026-07-16 14:00:00+00:00
[2026-07-16T13:05:57.876+0000] {processor.py:183} INFO - Processing /opt/airflow/dags/sdp_pipeline_dag.py took 0.291 seconds
[2026-07-16T13:06:28.223+0000] {processor.py:161} INFO - Started process (PID=2053) to work on /opt/airflow/dags/sdp_pipeline_dag.py
[2026-07-16T13:06:28.226+0000] {processor.py:830} INFO - Processing file /opt/airflow/dags/sdp_pipeline_dag.py for tasks to queue
[2026-07-16T13:06:28.233+0000] {logging_mixin.py:188} INFO - [2026-07-16T13:06:28.232+0000] {dagbag.py:540} INFO - Filling up the DagBag from /opt/airflow/dags/sdp_pipeline_dag.py
[2026-07-16T13:06:28.288+0000] {processor.py:840} INFO - DAG(s) 'e-commerce_kafka_streaming_pipeline_v1' retrieved from /opt/airflow/dags/sdp_pipeline_dag.py
[2026-07-16T13:06:28.354+0000] {logging_mixin.py:188} INFO - [2026-07-16T13:06:28.353+0000] {dag.py:3096} INFO - Sync 1 DAGs
[2026-07-16T13:06:28.424+0000] {logging_mixin.py:188} INFO - [2026-07-16T13:06:28.423+0000] {dag.py:3954} INFO - Setting next_dagrun for e-commerce_kafka_streaming_pipeline_v1 to 2026-07-16 13:00:00+00:00, run_after=2026-07-16 14:00:00+00:00
[2026-07-16T13:06:28.474+0000] {processor.py:183} INFO - Processing /opt/airflow/dags/sdp_pipeline_dag.py took 0.266 seconds
[2026-07-16T13:06:58.685+0000] {processor.py:161} INFO - Started process (PID=2064) to work on /opt/airflow/dags/sdp_pipeline_dag.py
[2026-07-16T13:06:58.687+0000] {processor.py:830} INFO - Processing file /opt/airflow/dags/sdp_pipeline_dag.py for tasks to queue
[2026-07-16T13:06:58.690+0000] {logging_mixin.py:188} INFO - [2026-07-16T13:06:58.689+0000] {dagbag.py:540} INFO - Filling up the DagBag from /opt/airflow/dags/sdp_pipeline_dag.py
[2026-07-16T13:06:58.709+0000] {processor.py:840} INFO - DAG(s) 'e-commerce_kafka_streaming_pipeline_v1' retrieved from /opt/airflow/dags/sdp_pipeline_dag.py
[2026-07-16T13:06:58.737+0000] {logging_mixin.py:188} INFO - [2026-07-16T13:06:58.737+0000] {dag.py:3096} INFO - Sync 1 DAGs
[2026-07-16T13:06:58.760+0000] {logging_mixin.py:188} INFO - [2026-07-16T13:06:58.760+0000] {dag.py:3954} INFO - Setting next_dagrun for e-commerce_kafka_streaming_pipeline_v1 to 2026-07-16 13:00:00+00:00, run_after=2026-07-16 14:00:00+00:00
[2026-07-16T13:06:58.779+0000] {processor.py:183} INFO - Processing /opt/airflow/dags/sdp_pipeline_dag.py took 0.103 seconds
[2026-07-16T13:07:28.874+0000] {processor.py:161} INFO - Started process (PID=2069) to work on /opt/airflow/dags/sdp_pipeline_dag.py
[2026-07-16T13:07:28.875+0000] {processor.py:830} INFO - Processing file /opt/airflow/dags/sdp_pipeline_dag.py for tasks to queue
[2026-07-16T13:07:28.878+0000] {logging_mixin.py:188} INFO - [2026-07-16T13:07:28.878+0000] {dagbag.py:540} INFO - Filling up the DagBag from /opt/airflow/dags/sdp_pipeline_dag.py
[2026-07-16T13:07:28.898+0000] {processor.py:840} INFO - DAG(s) 'e-commerce_kafka_streaming_pipeline_v1' retrieved from /opt/airflow/dags/sdp_pipeline_dag.py
[2026-07-16T13:07:28.928+0000] {logging_mixin.py:188} INFO - [2026-07-16T13:07:28.928+0000] {dag.py:3096} INFO - Sync 1 DAGs
[2026-07-16T13:07:28.953+0000] {logging_mixin.py:188} INFO - [2026-07-16T13:07:28.953+0000] {dag.py:3954} INFO - Setting next_dagrun for e-commerce_kafka_streaming_pipeline_v1 to 2026-07-16 13:00:00+00:00, run_after=2026-07-16 14:00:00+00:00
[2026-07-16T13:07:28.975+0000] {processor.py:183} INFO - Processing /opt/airflow/dags/sdp_pipeline_dag.py took 0.109 seconds
[2026-07-16T13:07:59.144+0000] {processor.py:161} INFO - Started process (PID=2074) to work on /opt/airflow/dags/sdp_pipeline_dag.py
[2026-07-16T13:07:59.146+0000] {processor.py:830} INFO - Processing file /opt/airflow/dags/sdp_pipeline_dag.py for tasks to queue
[2026-07-16T13:07:59.149+0000] {logging_mixin.py:188} INFO - [2026-07-16T13:07:59.148+0000] {dagbag.py:540} INFO - Filling up the DagBag from /opt/airflow/dags/sdp_pipeline_dag.py
[2026-07-16T13:07:59.169+0000] {processor.py:840} INFO - DAG(s) 'e-commerce_kafka_streaming_pipeline_v1' retrieved from /opt/airflow/dags/sdp_pipeline_dag.py
[2026-07-16T13:07:59.196+0000] {logging_mixin.py:188} INFO - [2026-07-16T13:07:59.196+0000] {dag.py:3096} INFO - Sync 1 DAGs
[2026-07-16T13:07:59.218+0000] {logging_mixin.py:188} INFO - [2026-07-16T13:07:59.218+0000] {dag.py:3954} INFO - Setting next_dagrun for e-commerce_kafka_streaming_pipeline_v1 to 2026-07-16 13:00:00+00:00, run_after=2026-07-16 14:00:00+00:00
[2026-07-16T13:07:59.238+0000] {processor.py:183} INFO - Processing /opt/airflow/dags/sdp_pipeline_dag.py took 0.100 seconds
[2026-07-16T13:08:29.355+0000] {processor.py:161} INFO - Started process (PID=2079) to work on /opt/airflow/dags/sdp_pipeline_dag.py
[2026-07-16T13:08:29.356+0000] {processor.py:830} INFO - Processing file /opt/airflow/dags/sdp_pipeline_dag.py for tasks to queue
[2026-07-16T13:08:29.359+0000] {logging_mixin.py:188} INFO - [2026-07-16T13:08:29.359+0000] {dagbag.py:540} INFO - Filling up the DagBag from /opt/airflow/dags/sdp_pipeline_dag.py
[2026-07-16T13:08:29.379+0000] {processor.py:840} INFO - DAG(s) 'e-commerce_kafka_streaming_pipeline_v1' retrieved from /opt/airflow/dags/sdp_pipeline_dag.py
[2026-07-16T13:08:29.410+0000] {logging_mixin.py:188} INFO - [2026-07-16T13:08:29.409+0000] {dag.py:3096} INFO - Sync 1 DAGs
[2026-07-16T13:08:29.432+0000] {logging_mixin.py:188} INFO - [2026-07-16T13:08:29.432+0000] {dag.py:3954} INFO - Setting next_dagrun for e-commerce_kafka_streaming_pipeline_v1 to 2026-07-16 13:00:00+00:00, run_after=2026-07-16 14:00:00+00:00
[2026-07-16T13:08:29.454+0000] {processor.py:183} INFO - Processing /opt/airflow/dags/sdp_pipeline_dag.py took 0.106 seconds
[2026-07-16T13:08:59.657+0000] {processor.py:161} INFO - Started process (PID=2084) to work on /opt/airflow/dags/sdp_pipeline_dag.py
[2026-07-16T13:08:59.658+0000] {processor.py:830} INFO - Processing file /opt/airflow/dags/sdp_pipeline_dag.py for tasks to queue
[2026-07-16T13:08:59.660+0000] {logging_mixin.py:188} INFO - [2026-07-16T13:08:59.660+0000] {dagbag.py:540} INFO - Filling up the DagBag from /opt/airflow/dags/sdp_pipeline_dag.py
[2026-07-16T13:08:59.678+0000] {processor.py:840} INFO - DAG(s) 'e-commerce_kafka_streaming_pipeline_v1' retrieved from /opt/airflow/dags/sdp_pipeline_dag.py
[2026-07-16T13:08:59.703+0000] {logging_mixin.py:188} INFO - [2026-07-16T13:08:59.703+0000] {dag.py:3096} INFO - Sync 1 DAGs
[2026-07-16T13:08:59.723+0000] {logging_mixin.py:188} INFO - [2026-07-16T13:08:59.723+0000] {dag.py:3954} INFO - Setting next_dagrun for e-commerce_kafka_streaming_pipeline_v1 to 2026-07-16 13:00:00+00:00, run_after=2026-07-16 14:00:00+00:00
[2026-07-16T13:08:59.743+0000] {processor.py:183} INFO - Processing /opt/airflow/dags/sdp_pipeline_dag.py took 0.092 seconds
[2026-07-16T13:09:29.869+0000] {processor.py:161} INFO - Started process (PID=2089) to work on /opt/airflow/dags/sdp_pipeline_dag.py
[2026-07-16T13:09:29.870+0000] {processor.py:830} INFO - Processing file /opt/airflow/dags/sdp_pipeline_dag.py for tasks to queue
[2026-07-16T13:09:29.873+0000] {logging_mixin.py:188} INFO - [2026-07-16T13:09:29.873+0000] {dagbag.py:540} INFO - Filling up the DagBag from /opt/airflow/dags/sdp_pipeline_dag.py
[2026-07-16T13:09:29.897+0000] {processor.py:840} INFO - DAG(s) 'e-commerce_kafka_streaming_pipeline_v1' retrieved from /opt/airflow/dags/sdp_pipeline_dag.py
[2026-07-16T13:09:29.932+0000] {logging_mixin.py:188} INFO - [2026-07-16T13:09:29.931+0000] {dag.py:3096} INFO - Sync 1 DAGs
[2026-07-16T13:09:29.964+0000] {logging_mixin.py:188} INFO - [2026-07-16T13:09:29.964+0000] {dag.py:3954} INFO - Setting next_dagrun for e-commerce_kafka_streaming_pipeline_v1 to 2026-07-16 13:00:00+00:00, run_after=2026-07-16 14:00:00+00:00
[2026-07-16T13:09:29.987+0000] {processor.py:183} INFO - Processing /opt/airflow/dags/sdp_pipeline_dag.py took 0.126 seconds
[2026-07-16T13:10:00.114+0000] {processor.py:161} INFO - Started process (PID=2094) to work on /opt/airflow/dags/sdp_pipeline_dag.py
[2026-07-16T13:10:00.116+0000] {processor.py:830} INFO - Processing file /opt/airflow/dags/sdp_pipeline_dag.py for tasks to queue
[2026-07-16T13:10:00.120+0000] {logging_mixin.py:188} INFO - [2026-07-16T13:10:00.119+0000] {dagbag.py:540} INFO - Filling up the DagBag from /opt/airflow/dags/sdp_pipeline_dag.py
[2026-07-16T13:10:00.141+0000] {processor.py:840} INFO - DAG(s) 'e-commerce_kafka_streaming_pipeline_v1' retrieved from /opt/airflow/dags/sdp_pipeline_dag.py
[2026-07-16T13:10:00.173+0000] {logging_mixin.py:188} INFO - [2026-07-16T13:10:00.173+0000] {dag.py:3096} INFO - Sync 1 DAGs
[2026-07-16T13:10:00.195+0000] {logging_mixin.py:188} INFO - [2026-07-16T13:10:00.195+0000] {dag.py:3954} INFO - Setting next_dagrun for e-commerce_kafka_streaming_pipeline_v1 to 2026-07-16 13:00:00+00:00, run_after=2026-07-16 14:00:00+00:00
[2026-07-16T13:10:00.215+0000] {processor.py:183} INFO - Processing /opt/airflow/dags/sdp_pipeline_dag.py took 0.107 seconds
[2026-07-16T13:10:30.370+0000] {processor.py:161} INFO - Started process (PID=2099) to work on /opt/airflow/dags/sdp_pipeline_dag.py
[2026-07-16T13:10:30.371+0000] {processor.py:830} INFO - Processing file /opt/airflow/dags/sdp_pipeline_dag.py for tasks to queue
[2026-07-16T13:10:30.374+0000] {logging_mixin.py:188} INFO - [2026-07-16T13:10:30.374+0000] {dagbag.py:540} INFO - Filling up the DagBag from /opt/airflow/dags/sdp_pipeline_dag.py
[2026-07-16T13:10:30.393+0000] {processor.py:840} INFO - DAG(s) 'e-commerce_kafka_streaming_pipeline_v1' retrieved from /opt/airflow/dags/sdp_pipeline_dag.py
[2026-07-16T13:10:30.420+0000] {logging_mixin.py:188} INFO - [2026-07-16T13:10:30.420+0000] {dag.py:3096} INFO - Sync 1 DAGs
[2026-07-16T13:10:30.440+0000] {logging_mixin.py:188} INFO - [2026-07-16T13:10:30.440+0000] {dag.py:3954} INFO - Setting next_dagrun for e-commerce_kafka_streaming_pipeline_v1 to 2026-07-16 13:00:00+00:00, run_after=2026-07-16 14:00:00+00:00
[2026-07-16T13:10:30.460+0000] {processor.py:183} INFO - Processing /opt/airflow/dags/sdp_pipeline_dag.py took 0.097 seconds
[2026-07-16T13:11:00.592+0000] {processor.py:161} INFO - Started process (PID=2104) to work on /opt/airflow/dags/sdp_pipeline_dag.py
[2026-07-16T13:11:00.593+0000] {processor.py:830} INFO - Processing file /opt/airflow/dags/sdp_pipeline_dag.py for tasks to queue
[2026-07-16T13:11:00.596+0000] {logging_mixin.py:188} INFO - [2026-07-16T13:11:00.595+0000] {dagbag.py:540} INFO - Filling up the DagBag from /opt/airflow/dags/sdp_pipeline_dag.py
[2026-07-16T13:11:00.615+0000] {processor.py:840} INFO - DAG(s) 'e-commerce_kafka_streaming_pipeline_v1' retrieved from /opt/airflow/dags/sdp_pipeline_dag.py
[2026-07-16T13:11:00.644+0000] {logging_mixin.py:188} INFO - [2026-07-16T13:11:00.643+0000] {dag.py:3096} INFO - Sync 1 DAGs
[2026-07-16T13:11:00.665+0000] {logging_mixin.py:188} INFO - [2026-07-16T13:11:00.665+0000] {dag.py:3954} INFO - Setting next_dagrun for e-commerce_kafka_streaming_pipeline_v1 to 2026-07-16 13:00:00+00:00, run_after=2026-07-16 14:00:00+00:00
[2026-07-16T13:11:00.687+0000] {processor.py:183} INFO - Processing /opt/airflow/dags/sdp_pipeline_dag.py took 0.103 seconds
[2026-07-16T13:11:30.868+0000] {processor.py:161} INFO - Started process (PID=2109) to work on /opt/airflow/dags/sdp_pipeline_dag.py
[2026-07-16T13:11:30.869+0000] {processor.py:830} INFO - Processing file /opt/airflow/dags/sdp_pipeline_dag.py for tasks to queue
[2026-07-16T13:11:30.872+0000] {logging_mixin.py:188} INFO - [2026-07-16T13:11:30.872+0000] {dagbag.py:540} INFO - Filling up the DagBag from /opt/airflow/dags/sdp_pipeline_dag.py
[2026-07-16T13:11:30.888+0000] {processor.py:840} INFO - DAG(s) 'e-commerce_kafka_streaming_pipeline_v1' retrieved from /opt/airflow/dags/sdp_pipeline_dag.py
[2026-07-16T13:11:30.913+0000] {logging_mixin.py:188} INFO - [2026-07-16T13:11:30.912+0000] {dag.py:3096} INFO - Sync 1 DAGs
[2026-07-16T13:11:30.932+0000] {logging_mixin.py:188} INFO - [2026-07-16T13:11:30.932+0000] {dag.py:3954} INFO - Setting next_dagrun for e-commerce_kafka_streaming_pipeline_v1 to 2026-07-16 13:00:00+00:00, run_after=2026-07-16 14:00:00+00:00
[2026-07-16T13:11:30.950+0000] {processor.py:183} INFO - Processing /opt/airflow/dags/sdp_pipeline_dag.py took 0.089 seconds
[2026-07-16T13:12:01.145+0000] {processor.py:161} INFO - Started process (PID=2114) to work on /opt/airflow/dags/sdp_pipeline_dag.py
[2026-07-16T13:12:01.147+0000] {processor.py:830} INFO - Processing file /opt/airflow/dags/sdp_pipeline_dag.py for tasks to queue
[2026-07-16T13:12:01.149+0000] {logging_mixin.py:188} INFO - [2026-07-16T13:12:01.149+0000] {dagbag.py:540} INFO - Filling up the DagBag from /opt/airflow/dags/sdp_pipeline_dag.py
[2026-07-16T13:12:01.168+0000] {processor.py:840} INFO - DAG(s) 'e-commerce_kafka_streaming_pipeline_v1' retrieved from /opt/airflow/dags/sdp_pipeline_dag.py
[2026-07-16T13:12:01.194+0000] {logging_mixin.py:188} INFO - [2026-07-16T13:12:01.194+0000] {dag.py:3096} INFO - Sync 1 DAGs
[2026-07-16T13:12:01.214+0000] {logging_mixin.py:188} INFO - [2026-07-16T13:12:01.214+0000] {dag.py:3954} INFO - Setting next_dagrun for e-commerce_kafka_streaming_pipeline_v1 to 2026-07-16 13:00:00+00:00, run_after=2026-07-16 14:00:00+00:00
[2026-07-16T13:12:01.234+0000] {processor.py:183} INFO - Processing /opt/airflow/dags/sdp_pipeline_dag.py took 0.096 seconds
[2026-07-16T13:12:31.438+0000] {processor.py:161} INFO - Started process (PID=2119) to work on /opt/airflow/dags/sdp_pipeline_dag.py
[2026-07-16T13:12:31.440+0000] {processor.py:830} INFO - Processing file /opt/airflow/dags/sdp_pipeline_dag.py for tasks to queue
[2026-07-16T13:12:31.442+0000] {logging_mixin.py:188} INFO - [2026-07-16T13:12:31.442+0000] {dagbag.py:540} INFO - Filling up the DagBag from /opt/airflow/dags/sdp_pipeline_dag.py
[2026-07-16T13:12:31.461+0000] {processor.py:840} INFO - DAG(s) 'e-commerce_kafka_streaming_pipeline_v1' retrieved from /opt/airflow/dags/sdp_pipeline_dag.py
[2026-07-16T13:12:31.486+0000] {logging_mixin.py:188} INFO - [2026-07-16T13:12:31.486+0000] {dag.py:3096} INFO - Sync 1 DAGs
[2026-07-16T13:12:31.506+0000] {logging_mixin.py:188} INFO - [2026-07-16T13:12:31.506+0000] {dag.py:3954} INFO - Setting next_dagrun for e-commerce_kafka_streaming_pipeline_v1 to 2026-07-16 13:00:00+00:00, run_after=2026-07-16 14:00:00+00:00
[2026-07-16T13:12:31.524+0000] {processor.py:183} INFO - Processing /opt/airflow/dags/sdp_pipeline_dag.py took 0.092 seconds
[2026-07-16T13:23:51.556+0000] {processor.py:161} INFO - Started process (PID=2124) to work on /opt/airflow/dags/sdp_pipeline_dag.py
[2026-07-16T13:23:51.558+0000] {processor.py:830} INFO - Processing file /opt/airflow/dags/sdp_pipeline_dag.py for tasks to queue
[2026-07-16T13:23:51.565+0000] {logging_mixin.py:188} INFO - [2026-07-16T13:23:51.565+0000] {dagbag.py:540} INFO - Filling up the DagBag from /opt/airflow/dags/sdp_pipeline_dag.py
[2026-07-16T13:23:51.594+0000] {processor.py:840} INFO - DAG(s) 'e-commerce_kafka_streaming_pipeline_v1' retrieved from /opt/airflow/dags/sdp_pipeline_dag.py
[2026-07-16T13:23:51.637+0000] {logging_mixin.py:188} INFO - [2026-07-16T13:23:51.636+0000] {dag.py:3096} INFO - Sync 1 DAGs
[2026-07-16T13:23:51.664+0000] {logging_mixin.py:188} INFO - [2026-07-16T13:23:51.663+0000] {dag.py:3954} INFO - Setting next_dagrun for e-commerce_kafka_streaming_pipeline_v1 to 2026-07-16 13:00:00+00:00, run_after=2026-07-16 14:00:00+00:00
[2026-07-16T13:23:51.684+0000] {processor.py:183} INFO - Processing /opt/airflow/dags/sdp_pipeline_dag.py took 0.137 seconds
[2026-07-16T13:24:21.812+0000] {processor.py:161} INFO - Started process (PID=2131) to work on /opt/airflow/dags/sdp_pipeline_dag.py
[2026-07-16T13:24:21.813+0000] {processor.py:830} INFO - Processing file /opt/airflow/dags/sdp_pipeline_dag.py for tasks to queue
[2026-07-16T13:24:21.816+0000] {logging_mixin.py:188} INFO - [2026-07-16T13:24:21.815+0000] {dagbag.py:540} INFO - Filling up the DagBag from /opt/airflow/dags/sdp_pipeline_dag.py
[2026-07-16T13:24:21.835+0000] {processor.py:840} INFO - DAG(s) 'e-commerce_kafka_streaming_pipeline_v1' retrieved from /opt/airflow/dags/sdp_pipeline_dag.py
[2026-07-16T13:24:21.864+0000] {logging_mixin.py:188} INFO - [2026-07-16T13:24:21.864+0000] {dag.py:3096} INFO - Sync 1 DAGs
[2026-07-16T13:24:21.886+0000] {logging_mixin.py:188} INFO - [2026-07-16T13:24:21.886+0000] {dag.py:3954} INFO - Setting next_dagrun for e-commerce_kafka_streaming_pipeline_v1 to 2026-07-16 13:00:00+00:00, run_after=2026-07-16 14:00:00+00:00
[2026-07-16T13:24:21.907+0000] {processor.py:183} INFO - Processing /opt/airflow/dags/sdp_pipeline_dag.py took 0.101 seconds
[2026-07-16T13:24:52.079+0000] {processor.py:161} INFO - Started process (PID=2136) to work on /opt/airflow/dags/sdp_pipeline_dag.py
[2026-07-16T13:24:52.080+0000] {processor.py:830} INFO - Processing file /opt/airflow/dags/sdp_pipeline_dag.py for tasks to queue
[2026-07-16T13:24:52.082+0000] {logging_mixin.py:188} INFO - [2026-07-16T13:24:52.082+0000] {dagbag.py:540} INFO - Filling up the DagBag from /opt/airflow/dags/sdp_pipeline_dag.py
[2026-07-16T13:24:52.099+0000] {processor.py:840} INFO - DAG(s) 'e-commerce_kafka_streaming_pipeline_v1' retrieved from /opt/airflow/dags/sdp_pipeline_dag.py
[2026-07-16T13:24:52.125+0000] {logging_mixin.py:188} INFO - [2026-07-16T13:24:52.125+0000] {dag.py:3096} INFO - Sync 1 DAGs
[2026-07-16T13:24:52.145+0000] {logging_mixin.py:188} INFO - [2026-07-16T13:24:52.145+0000] {dag.py:3954} INFO - Setting next_dagrun for e-commerce_kafka_streaming_pipeline_v1 to 2026-07-16 13:00:00+00:00, run_after=2026-07-16 14:00:00+00:00
[2026-07-16T13:24:52.162+0000] {processor.py:183} INFO - Processing /opt/airflow/dags/sdp_pipeline_dag.py took 0.091 seconds
[2026-07-16T13:25:22.300+0000] {processor.py:161} INFO - Started process (PID=2141) to work on /opt/airflow/dags/sdp_pipeline_dag.py
[2026-07-16T13:25:22.301+0000] {processor.py:830} INFO - Processing file /opt/airflow/dags/sdp_pipeline_dag.py for tasks to queue
[2026-07-16T13:25:22.304+0000] {logging_mixin.py:188} INFO - [2026-07-16T13:25:22.303+0000] {dagbag.py:540} INFO - Filling up the DagBag from /opt/airflow/dags/sdp_pipeline_dag.py
[2026-07-16T13:25:22.330+0000] {processor.py:840} INFO - DAG(s) 'e-commerce_kafka_streaming_pipeline_v1' retrieved from /opt/airflow/dags/sdp_pipeline_dag.py
[2026-07-16T13:25:22.367+0000] {logging_mixin.py:188} INFO - [2026-07-16T13:25:22.367+0000] {dag.py:3096} INFO - Sync 1 DAGs
[2026-07-16T13:25:22.393+0000] {logging_mixin.py:188} INFO - [2026-07-16T13:25:22.393+0000] {dag.py:3954} INFO - Setting next_dagrun for e-commerce_kafka_streaming_pipeline_v1 to 2026-07-16 13:00:00+00:00, run_after=2026-07-16 14:00:00+00:00
[2026-07-16T13:25:22.422+0000] {processor.py:183} INFO - Processing /opt/airflow/dags/sdp_pipeline_dag.py took 0.128 seconds
[2026-07-16T13:25:52.598+0000] {processor.py:161} INFO - Started process (PID=2146) to work on /opt/airflow/dags/sdp_pipeline_dag.py
[2026-07-16T13:25:52.599+0000] {processor.py:830} INFO - Processing file /opt/airflow/dags/sdp_pipeline_dag.py for tasks to queue
[2026-07-16T13:25:52.602+0000] {logging_mixin.py:188} INFO - [2026-07-16T13:25:52.601+0000] {dagbag.py:540} INFO - Filling up the DagBag from /opt/airflow/dags/sdp_pipeline_dag.py
[2026-07-16T13:25:52.619+0000] {processor.py:840} INFO - DAG(s) 'e-commerce_kafka_streaming_pipeline_v1' retrieved from /opt/airflow/dags/sdp_pipeline_dag.py
[2026-07-16T13:25:52.648+0000] {logging_mixin.py:188} INFO - [2026-07-16T13:25:52.647+0000] {dag.py:3096} INFO - Sync 1 DAGs
[2026-07-16T13:25:52.673+0000] {logging_mixin.py:188} INFO - [2026-07-16T13:25:52.673+0000] {dag.py:3954} INFO - Setting next_dagrun for e-commerce_kafka_streaming_pipeline_v1 to 2026-07-16 13:00:00+00:00, run_after=2026-07-16 14:00:00+00:00
[2026-07-16T13:25:52.697+0000] {processor.py:183} INFO - Processing /opt/airflow/dags/sdp_pipeline_dag.py took 0.106 seconds
[2026-07-16T13:26:22.816+0000] {processor.py:161} INFO - Started process (PID=2151) to work on /opt/airflow/dags/sdp_pipeline_dag.py
[2026-07-16T13:26:22.818+0000] {processor.py:830} INFO - Processing file /opt/airflow/dags/sdp_pipeline_dag.py for tasks to queue
[2026-07-16T13:26:22.820+0000] {logging_mixin.py:188} INFO - [2026-07-16T13:26:22.820+0000] {dagbag.py:540} INFO - Filling up the DagBag from /opt/airflow/dags/sdp_pipeline_dag.py
[2026-07-16T13:26:22.838+0000] {processor.py:840} INFO - DAG(s) 'e-commerce_kafka_streaming_pipeline_v1' retrieved from /opt/airflow/dags/sdp_pipeline_dag.py
[2026-07-16T13:26:22.863+0000] {logging_mixin.py:188} INFO - [2026-07-16T13:26:22.863+0000] {dag.py:3096} INFO - Sync 1 DAGs
[2026-07-16T13:26:22.887+0000] {logging_mixin.py:188} INFO - [2026-07-16T13:26:22.887+0000] {dag.py:3954} INFO - Setting next_dagrun for e-commerce_kafka_streaming_pipeline_v1 to 2026-07-16 13:00:00+00:00, run_after=2026-07-16 14:00:00+00:00
[2026-07-16T13:26:22.905+0000] {processor.py:183} INFO - Processing /opt/airflow/dags/sdp_pipeline_dag.py took 0.095 seconds
[2026-07-16T13:26:53.141+0000] {processor.py:161} INFO - Started process (PID=2156) to work on /opt/airflow/dags/sdp_pipeline_dag.py
[2026-07-16T13:26:53.142+0000] {processor.py:830} INFO - Processing file /opt/airflow/dags/sdp_pipeline_dag.py for tasks to queue
[2026-07-16T13:26:53.144+0000] {logging_mixin.py:188} INFO - [2026-07-16T13:26:53.144+0000] {dagbag.py:540} INFO - Filling up the DagBag from /opt/airflow/dags/sdp_pipeline_dag.py
[2026-07-16T13:26:53.160+0000] {processor.py:840} INFO - DAG(s) 'e-commerce_kafka_streaming_pipeline_v1' retrieved from /opt/airflow/dags/sdp_pipeline_dag.py
[2026-07-16T13:26:53.184+0000] {logging_mixin.py:188} INFO - [2026-07-16T13:26:53.184+0000] {dag.py:3096} INFO - Sync 1 DAGs
[2026-07-16T13:26:53.205+0000] {logging_mixin.py:188} INFO - [2026-07-16T13:26:53.205+0000] {dag.py:3954} INFO - Setting next_dagrun for e-commerce_kafka_streaming_pipeline_v1 to 2026-07-16 13:00:00+00:00, run_after=2026-07-16 14:00:00+00:00
[2026-07-16T13:26:53.226+0000] {processor.py:183} INFO - Processing /opt/airflow/dags/sdp_pipeline_dag.py took 0.091 seconds
[2026-07-16T13:27:23.389+0000] {processor.py:161} INFO - Started process (PID=2161) to work on /opt/airflow/dags/sdp_pipeline_dag.py
[2026-07-16T13:27:23.390+0000] {processor.py:830} INFO - Processing file /opt/airflow/dags/sdp_pipeline_dag.py for tasks to queue
[2026-07-16T13:27:23.392+0000] {logging_mixin.py:188} INFO - [2026-07-16T13:27:23.392+0000] {dagbag.py:540} INFO - Filling up the DagBag from /opt/airflow/dags/sdp_pipeline_dag.py
[2026-07-16T13:27:23.408+0000] {processor.py:840} INFO - DAG(s) 'e-commerce_kafka_streaming_pipeline_v1' retrieved from /opt/airflow/dags/sdp_pipeline_dag.py
[2026-07-16T13:27:23.432+0000] {logging_mixin.py:188} INFO - [2026-07-16T13:27:23.431+0000] {dag.py:3096} INFO - Sync 1 DAGs
[2026-07-16T13:27:23.453+0000] {logging_mixin.py:188} INFO - [2026-07-16T13:27:23.453+0000] {dag.py:3954} INFO - Setting next_dagrun for e-commerce_kafka_streaming_pipeline_v1 to 2026-07-16 13:00:00+00:00, run_after=2026-07-16 14:00:00+00:00
[2026-07-16T13:27:23.471+0000] {processor.py:183} INFO - Processing /opt/airflow/dags/sdp_pipeline_dag.py took 0.088 seconds
[2026-07-16T13:27:53.667+0000] {processor.py:161} INFO - Started process (PID=2166) to work on /opt/airflow/dags/sdp_pipeline_dag.py
[2026-07-16T13:27:53.668+0000] {processor.py:830} INFO - Processing file /opt/airflow/dags/sdp_pipeline_dag.py for tasks to queue
[2026-07-16T13:27:53.671+0000] {logging_mixin.py:188} INFO - [2026-07-16T13:27:53.670+0000] {dagbag.py:540} INFO - Filling up the DagBag from /opt/airflow/dags/sdp_pipeline_dag.py
[2026-07-16T13:27:53.687+0000] {processor.py:840} INFO - DAG(s) 'e-commerce_kafka_streaming_pipeline_v1' retrieved from /opt/airflow/dags/sdp_pipeline_dag.py
[2026-07-16T13:27:53.713+0000] {logging_mixin.py:188} INFO - [2026-07-16T13:27:53.713+0000] {dag.py:3096} INFO - Sync 1 DAGs
[2026-07-16T13:27:53.734+0000] {logging_mixin.py:188} INFO - [2026-07-16T13:27:53.734+0000] {dag.py:3954} INFO - Setting next_dagrun for e-commerce_kafka_streaming_pipeline_v1 to 2026-07-16 13:00:00+00:00, run_after=2026-07-16 14:00:00+00:00
[2026-07-16T13:27:53.755+0000] {processor.py:183} INFO - Processing /opt/airflow/dags/sdp_pipeline_dag.py took 0.095 seconds
[2026-07-16T13:28:23.896+0000] {processor.py:161} INFO - Started process (PID=2171) to work on /opt/airflow/dags/sdp_pipeline_dag.py
[2026-07-16T13:28:23.898+0000] {processor.py:830} INFO - Processing file /opt/airflow/dags/sdp_pipeline_dag.py for tasks to queue
[2026-07-16T13:28:23.900+0000] {logging_mixin.py:188} INFO - [2026-07-16T13:28:23.900+0000] {dagbag.py:540} INFO - Filling up the DagBag from /opt/airflow/dags/sdp_pipeline_dag.py
[2026-07-16T13:28:23.920+0000] {processor.py:840} INFO - DAG(s) 'e-commerce_kafka_streaming_pipeline_v1' retrieved from /opt/airflow/dags/sdp_pipeline_dag.py
[2026-07-16T13:28:23.947+0000] {logging_mixin.py:188} INFO - [2026-07-16T13:28:23.947+0000] {dag.py:3096} INFO - Sync 1 DAGs
[2026-07-16T13:28:23.967+0000] {logging_mixin.py:188} INFO - [2026-07-16T13:28:23.966+0000] {dag.py:3954} INFO - Setting next_dagrun for e-commerce_kafka_streaming_pipeline_v1 to 2026-07-16 13:00:00+00:00, run_after=2026-07-16 14:00:00+00:00
[2026-07-16T13:28:23.985+0000] {processor.py:183} INFO - Processing /opt/airflow/dags/sdp_pipeline_dag.py took 0.096 seconds
[2026-07-16T13:28:54.223+0000] {processor.py:161} INFO - Started process (PID=2176) to work on /opt/airflow/dags/sdp_pipeline_dag.py
[2026-07-16T13:28:54.224+0000] {processor.py:830} INFO - Processing file /opt/airflow/dags/sdp_pipeline_dag.py for tasks to queue
[2026-07-16T13:28:54.227+0000] {logging_mixin.py:188} INFO - [2026-07-16T13:28:54.226+0000] {dagbag.py:540} INFO - Filling up the DagBag from /opt/airflow/dags/sdp_pipeline_dag.py
[2026-07-16T13:28:54.243+0000] {processor.py:840} INFO - DAG(s) 'e-commerce_kafka_streaming_pipeline_v1' retrieved from /opt/airflow/dags/sdp_pipeline_dag.py
[2026-07-16T13:28:54.270+0000] {logging_mixin.py:188} INFO - [2026-07-16T13:28:54.270+0000] {dag.py:3096} INFO - Sync 1 DAGs
[2026-07-16T13:28:54.291+0000] {logging_mixin.py:188} INFO - [2026-07-16T13:28:54.291+0000] {dag.py:3954} INFO - Setting next_dagrun for e-commerce_kafka_streaming_pipeline_v1 to 2026-07-16 13:00:00+00:00, run_after=2026-07-16 14:00:00+00:00
[2026-07-16T13:28:54.308+0000] {processor.py:183} INFO - Processing /opt/airflow/dags/sdp_pipeline_dag.py took 0.092 seconds
[2026-07-16T13:29:24.455+0000] {processor.py:161} INFO - Started process (PID=2181) to work on /opt/airflow/dags/sdp_pipeline_dag.py
[2026-07-16T13:29:24.456+0000] {processor.py:830} INFO - Processing file /opt/airflow/dags/sdp_pipeline_dag.py for tasks to queue
[2026-07-16T13:29:24.458+0000] {logging_mixin.py:188} INFO - [2026-07-16T13:29:24.457+0000] {dagbag.py:540} INFO - Filling up the DagBag from /opt/airflow/dags/sdp_pipeline_dag.py
[2026-07-16T13:29:24.474+0000] {processor.py:840} INFO - DAG(s) 'e-commerce_kafka_streaming_pipeline_v1' retrieved from /opt/airflow/dags/sdp_pipeline_dag.py
[2026-07-16T13:29:24.501+0000] {logging_mixin.py:188} INFO - [2026-07-16T13:29:24.500+0000] {dag.py:3096} INFO - Sync 1 DAGs
[2026-07-16T13:29:24.521+0000] {logging_mixin.py:188} INFO - [2026-07-16T13:29:24.521+0000] {dag.py:3954} INFO - Setting next_dagrun for e-commerce_kafka_streaming_pipeline_v1 to 2026-07-16 13:00:00+00:00, run_after=2026-07-16 14:00:00+00:00
[2026-07-16T13:29:24.541+0000] {processor.py:183} INFO - Processing /opt/airflow/dags/sdp_pipeline_dag.py took 0.092 seconds
[2026-07-16T13:29:54.708+0000] {processor.py:161} INFO - Started process (PID=2186) to work on /opt/airflow/dags/sdp_pipeline_dag.py
[2026-07-16T13:29:54.709+0000] {processor.py:830} INFO - Processing file /opt/airflow/dags/sdp_pipeline_dag.py for tasks to queue
[2026-07-16T13:29:54.712+0000] {logging_mixin.py:188} INFO - [2026-07-16T13:29:54.712+0000] {dagbag.py:540} INFO - Filling up the DagBag from /opt/airflow/dags/sdp_pipeline_dag.py
[2026-07-16T13:29:54.731+0000] {processor.py:840} INFO - DAG(s) 'e-commerce_kafka_streaming_pipeline_v1' retrieved from /opt/airflow/dags/sdp_pipeline_dag.py
[2026-07-16T13:29:54.757+0000] {logging_mixin.py:188} INFO - [2026-07-16T13:29:54.756+0000] {dag.py:3096} INFO - Sync 1 DAGs
[2026-07-16T13:29:54.779+0000] {logging_mixin.py:188} INFO - [2026-07-16T13:29:54.779+0000] {dag.py:3954} INFO - Setting next_dagrun for e-commerce_kafka_streaming_pipeline_v1 to 2026-07-16 13:00:00+00:00, run_after=2026-07-16 14:00:00+00:00
[2026-07-16T13:29:54.796+0000] {processor.py:183} INFO - Processing /opt/airflow/dags/sdp_pipeline_dag.py took 0.096 seconds
[2026-07-16T13:30:24.953+0000] {processor.py:161} INFO - Started process (PID=2191) to work on /opt/airflow/dags/sdp_pipeline_dag.py
[2026-07-16T13:30:24.954+0000] {processor.py:830} INFO - Processing file /opt/airflow/dags/sdp_pipeline_dag.py for tasks to queue
[2026-07-16T13:30:24.958+0000] {logging_mixin.py:188} INFO - [2026-07-16T13:30:24.957+0000] {dagbag.py:540} INFO - Filling up the DagBag from /opt/airflow/dags/sdp_pipeline_dag.py
[2026-07-16T13:30:24.984+0000] {processor.py:840} INFO - DAG(s) 'e-commerce_kafka_streaming_pipeline_v1' retrieved from /opt/airflow/dags/sdp_pipeline_dag.py
[2026-07-16T13:30:25.019+0000] {logging_mixin.py:188} INFO - [2026-07-16T13:30:25.019+0000] {dag.py:3096} INFO - Sync 1 DAGs
[2026-07-16T13:30:25.055+0000] {logging_mixin.py:188} INFO - [2026-07-16T13:30:25.055+0000] {dag.py:3954} INFO - Setting next_dagrun for e-commerce_kafka_streaming_pipeline_v1 to 2026-07-16 13:00:00+00:00, run_after=2026-07-16 14:00:00+00:00
[2026-07-16T13:30:25.082+0000] {processor.py:183} INFO - Processing /opt/airflow/dags/sdp_pipeline_dag.py took 0.137 seconds
[2026-07-16T13:30:55.223+0000] {processor.py:161} INFO - Started process (PID=2196) to work on /opt/airflow/dags/sdp_pipeline_dag.py
[2026-07-16T13:30:55.224+0000] {processor.py:830} INFO - Processing file /opt/airflow/dags/sdp_pipeline_dag.py for tasks to queue
[2026-07-16T13:30:55.226+0000] {logging_mixin.py:188} INFO - [2026-07-16T13:30:55.226+0000] {dagbag.py:540} INFO - Filling up the DagBag from /opt/airflow/dags/sdp_pipeline_dag.py
[2026-07-16T13:30:55.242+0000] {processor.py:840} INFO - DAG(s) 'e-commerce_kafka_streaming_pipeline_v1' retrieved from /opt/airflow/dags/sdp_pipeline_dag.py
[2026-07-16T13:30:55.269+0000] {logging_mixin.py:188} INFO - [2026-07-16T13:30:55.268+0000] {dag.py:3096} INFO - Sync 1 DAGs
[2026-07-16T13:30:55.292+0000] {logging_mixin.py:188} INFO - [2026-07-16T13:30:55.292+0000] {dag.py:3954} INFO - Setting next_dagrun for e-commerce_kafka_streaming_pipeline_v1 to 2026-07-16 13:00:00+00:00, run_after=2026-07-16 14:00:00+00:00
[2026-07-16T13:30:55.314+0000] {processor.py:183} INFO - Processing /opt/airflow/dags/sdp_pipeline_dag.py took 0.097 seconds
[2026-07-16T13:31:25.513+0000] {processor.py:161} INFO - Started process (PID=2201) to work on /opt/airflow/dags/sdp_pipeline_dag.py
[2026-07-16T13:31:25.514+0000] {processor.py:830} INFO - Processing file /opt/airflow/dags/sdp_pipeline_dag.py for tasks to queue
[2026-07-16T13:31:25.517+0000] {logging_mixin.py:188} INFO - [2026-07-16T13:31:25.516+0000] {dagbag.py:540} INFO - Filling up the DagBag from /opt/airflow/dags/sdp_pipeline_dag.py
[2026-07-16T13:31:25.534+0000] {processor.py:840} INFO - DAG(s) 'e-commerce_kafka_streaming_pipeline_v1' retrieved from /opt/airflow/dags/sdp_pipeline_dag.py
[2026-07-16T13:31:25.562+0000] {logging_mixin.py:188} INFO - [2026-07-16T13:31:25.562+0000] {dag.py:3096} INFO - Sync 1 DAGs
[2026-07-16T13:31:25.582+0000] {logging_mixin.py:188} INFO - [2026-07-16T13:31:25.582+0000] {dag.py:3954} INFO - Setting next_dagrun for e-commerce_kafka_streaming_pipeline_v1 to 2026-07-16 13:00:00+00:00, run_after=2026-07-16 14:00:00+00:00
[2026-07-16T13:31:25.600+0000] {processor.py:183} INFO - Processing /opt/airflow/dags/sdp_pipeline_dag.py took 0.093 seconds
[2026-07-16T13:31:55.748+0000] {processor.py:161} INFO - Started process (PID=2206) to work on /opt/airflow/dags/sdp_pipeline_dag.py
[2026-07-16T13:31:55.749+0000] {processor.py:830} INFO - Processing file /opt/airflow/dags/sdp_pipeline_dag.py for tasks to queue
[2026-07-16T13:31:55.751+0000] {logging_mixin.py:188} INFO - [2026-07-16T13:31:55.751+0000] {dagbag.py:540} INFO - Filling up the DagBag from /opt/airflow/dags/sdp_pipeline_dag.py
[2026-07-16T13:31:55.769+0000] {processor.py:840} INFO - DAG(s) 'e-commerce_kafka_streaming_pipeline_v1' retrieved from /opt/airflow/dags/sdp_pipeline_dag.py
[2026-07-16T13:31:55.798+0000] {logging_mixin.py:188} INFO - [2026-07-16T13:31:55.798+0000] {dag.py:3096} INFO - Sync 1 DAGs
[2026-07-16T13:31:55.820+0000] {logging_mixin.py:188} INFO - [2026-07-16T13:31:55.820+0000] {dag.py:3954} INFO - Setting next_dagrun for e-commerce_kafka_streaming_pipeline_v1 to 2026-07-16 13:00:00+00:00, run_after=2026-07-16 14:00:00+00:00
[2026-07-16T13:31:55.844+0000] {processor.py:183} INFO - Processing /opt/airflow/dags/sdp_pipeline_dag.py took 0.102 seconds
[2026-07-16T13:32:25.976+0000] {processor.py:161} INFO - Started process (PID=2211) to work on /opt/airflow/dags/sdp_pipeline_dag.py
[2026-07-16T13:32:25.977+0000] {processor.py:830} INFO - Processing file /opt/airflow/dags/sdp_pipeline_dag.py for tasks to queue
[2026-07-16T13:32:25.980+0000] {logging_mixin.py:188} INFO - [2026-07-16T13:32:25.979+0000] {dagbag.py:540} INFO - Filling up the DagBag from /opt/airflow/dags/sdp_pipeline_dag.py
[2026-07-16T13:32:26.001+0000] {processor.py:840} INFO - DAG(s) 'e-commerce_kafka_streaming_pipeline_v1' retrieved from /opt/airflow/dags/sdp_pipeline_dag.py
[2026-07-16T13:32:26.030+0000] {logging_mixin.py:188} INFO - [2026-07-16T13:32:26.030+0000] {dag.py:3096} INFO - Sync 1 DAGs
[2026-07-16T13:32:26.057+0000] {logging_mixin.py:188} INFO - [2026-07-16T13:32:26.057+0000] {dag.py:3954} INFO - Setting next_dagrun for e-commerce_kafka_streaming_pipeline_v1 to 2026-07-16 13:00:00+00:00, run_after=2026-07-16 14:00:00+00:00
[2026-07-16T13:32:26.077+0000] {processor.py:183} INFO - Processing /opt/airflow/dags/sdp_pipeline_dag.py took 0.108 seconds
[2026-07-16T13:32:56.236+0000] {processor.py:161} INFO - Started process (PID=2216) to work on /opt/airflow/dags/sdp_pipeline_dag.py
[2026-07-16T13:32:56.240+0000] {processor.py:830} INFO - Processing file /opt/airflow/dags/sdp_pipeline_dag.py for tasks to queue
[2026-07-16T13:32:56.246+0000] {logging_mixin.py:188} INFO - [2026-07-16T13:32:56.245+0000] {dagbag.py:540} INFO - Filling up the DagBag from /opt/airflow/dags/sdp_pipeline_dag.py
[2026-07-16T13:32:56.281+0000] {processor.py:840} INFO - DAG(s) 'e-commerce_kafka_streaming_pipeline_v1' retrieved from /opt/airflow/dags/sdp_pipeline_dag.py
[2026-07-16T13:32:56.331+0000] {logging_mixin.py:188} INFO - [2026-07-16T13:32:56.330+0000] {dag.py:3096} INFO - Sync 1 DAGs
[2026-07-16T13:32:56.369+0000] {logging_mixin.py:188} INFO - [2026-07-16T13:32:56.369+0000] {dag.py:3954} INFO - Setting next_dagrun for e-commerce_kafka_streaming_pipeline_v1 to 2026-07-16 13:00:00+00:00, run_after=2026-07-16 14:00:00+00:00
[2026-07-16T13:32:56.390+0000] {processor.py:183} INFO - Processing /opt/airflow/dags/sdp_pipeline_dag.py took 0.167 seconds
[2026-07-16T13:33:26.491+0000] {processor.py:161} INFO - Started process (PID=2221) to work on /opt/airflow/dags/sdp_pipeline_dag.py
[2026-07-16T13:33:26.493+0000] {processor.py:830} INFO - Processing file /opt/airflow/dags/sdp_pipeline_dag.py for tasks to queue
[2026-07-16T13:33:26.497+0000] {logging_mixin.py:188} INFO - [2026-07-16T13:33:26.496+0000] {dagbag.py:540} INFO - Filling up the DagBag from /opt/airflow/dags/sdp_pipeline_dag.py
[2026-07-16T13:33:26.519+0000] {processor.py:840} INFO - DAG(s) 'e-commerce_kafka_streaming_pipeline_v1' retrieved from /opt/airflow/dags/sdp_pipeline_dag.py
[2026-07-16T13:33:26.556+0000] {logging_mixin.py:188} INFO - [2026-07-16T13:33:26.556+0000] {dag.py:3096} INFO - Sync 1 DAGs
[2026-07-16T13:33:26.588+0000] {logging_mixin.py:188} INFO - [2026-07-16T13:33:26.587+0000] {dag.py:3954} INFO - Setting next_dagrun for e-commerce_kafka_streaming_pipeline_v1 to 2026-07-16 13:00:00+00:00, run_after=2026-07-16 14:00:00+00:00
[2026-07-16T13:33:26.618+0000] {processor.py:183} INFO - Processing /opt/airflow/dags/sdp_pipeline_dag.py took 0.135 seconds
[2026-07-16T13:33:56.929+0000] {processor.py:161} INFO - Started process (PID=2226) to work on /opt/airflow/dags/sdp_pipeline_dag.py
[2026-07-16T13:33:56.931+0000] {processor.py:830} INFO - Processing file /opt/airflow/dags/sdp_pipeline_dag.py for tasks to queue
[2026-07-16T13:33:56.935+0000] {logging_mixin.py:188} INFO - [2026-07-16T13:33:56.934+0000] {dagbag.py:540} INFO - Filling up the DagBag from /opt/airflow/dags/sdp_pipeline_dag.py
[2026-07-16T13:33:56.956+0000] {processor.py:840} INFO - DAG(s) 'e-commerce_kafka_streaming_pipeline_v1' retrieved from /opt/airflow/dags/sdp_pipeline_dag.py
[2026-07-16T13:33:56.986+0000] {logging_mixin.py:188} INFO - [2026-07-16T13:33:56.986+0000] {dag.py:3096} INFO - Sync 1 DAGs
[2026-07-16T13:33:57.010+0000] {logging_mixin.py:188} INFO - [2026-07-16T13:33:57.009+0000] {dag.py:3954} INFO - Setting next_dagrun for e-commerce_kafka_streaming_pipeline_v1 to 2026-07-16 13:00:00+00:00, run_after=2026-07-16 14:00:00+00:00
[2026-07-16T13:33:57.031+0000] {processor.py:183} INFO - Processing /opt/airflow/dags/sdp_pipeline_dag.py took 0.110 seconds
[2026-07-16T13:34:27.148+0000] {processor.py:161} INFO - Started process (PID=2231) to work on /opt/airflow/dags/sdp_pipeline_dag.py
[2026-07-16T13:34:27.149+0000] {processor.py:830} INFO - Processing file /opt/airflow/dags/sdp_pipeline_dag.py for tasks to queue
[2026-07-16T13:34:27.152+0000] {logging_mixin.py:188} INFO - [2026-07-16T13:34:27.151+0000] {dagbag.py:540} INFO - Filling up the DagBag from /opt/airflow/dags/sdp_pipeline_dag.py
[2026-07-16T13:34:27.170+0000] {processor.py:840} INFO - DAG(s) 'e-commerce_kafka_streaming_pipeline_v1' retrieved from /opt/airflow/dags/sdp_pipeline_dag.py
[2026-07-16T13:34:27.196+0000] {logging_mixin.py:188} INFO - [2026-07-16T13:34:27.196+0000] {dag.py:3096} INFO - Sync 1 DAGs
[2026-07-16T13:34:27.216+0000] {logging_mixin.py:188} INFO - [2026-07-16T13:34:27.216+0000] {dag.py:3954} INFO - Setting next_dagrun for e-commerce_kafka_streaming_pipeline_v1 to 2026-07-16 13:00:00+00:00, run_after=2026-07-16 14:00:00+00:00
[2026-07-16T13:34:27.238+0000] {processor.py:183} INFO - Processing /opt/airflow/dags/sdp_pipeline_dag.py took 0.097 seconds
[2026-07-16T13:34:57.410+0000] {processor.py:161} INFO - Started process (PID=2236) to work on /opt/airflow/dags/sdp_pipeline_dag.py
[2026-07-16T13:34:57.411+0000] {processor.py:830} INFO - Processing file /opt/airflow/dags/sdp_pipeline_dag.py for tasks to queue
[2026-07-16T13:34:57.413+0000] {logging_mixin.py:188} INFO - [2026-07-16T13:34:57.413+0000] {dagbag.py:540} INFO - Filling up the DagBag from /opt/airflow/dags/sdp_pipeline_dag.py
[2026-07-16T13:34:57.431+0000] {processor.py:840} INFO - DAG(s) 'e-commerce_kafka_streaming_pipeline_v1' retrieved from /opt/airflow/dags/sdp_pipeline_dag.py
[2026-07-16T13:34:57.457+0000] {logging_mixin.py:188} INFO - [2026-07-16T13:34:57.457+0000] {dag.py:3096} INFO - Sync 1 DAGs
[2026-07-16T13:34:57.478+0000] {logging_mixin.py:188} INFO - [2026-07-16T13:34:57.478+0000] {dag.py:3954} INFO - Setting next_dagrun for e-commerce_kafka_streaming_pipeline_v1 to 2026-07-16 13:00:00+00:00, run_after=2026-07-16 14:00:00+00:00
[2026-07-16T13:34:57.496+0000] {processor.py:183} INFO - Processing /opt/airflow/dags/sdp_pipeline_dag.py took 0.094 seconds
