[2026-06-05T11:05:22.031+0000] {processor.py:161} INFO - Started process (PID=199) to work on /opt/airflow/dags/sdp_pipeline_dag.py
[2026-06-05T11:05:22.034+0000] {processor.py:830} INFO - Processing file /opt/airflow/dags/sdp_pipeline_dag.py for tasks to queue
[2026-06-05T11:05:22.044+0000] {logging_mixin.py:188} INFO - [2026-06-05T11:05:22.043+0000] {dagbag.py:540} INFO - Filling up the DagBag from /opt/airflow/dags/sdp_pipeline_dag.py
[2026-06-05T11:05:22.139+0000] {processor.py:840} INFO - DAG(s) 'e-commerce_kafka_streaming_pipeline_v4' retrieved from /opt/airflow/dags/sdp_pipeline_dag.py
[2026-06-05T11:05:24.449+0000] {logging_mixin.py:188} INFO - [2026-06-05T11:05:24.448+0000] {dag.py:3096} INFO - Sync 1 DAGs
[2026-06-05T11:05:24.610+0000] {logging_mixin.py:188} INFO - [2026-06-05T11:05:24.609+0000] {dag.py:3954} INFO - Setting next_dagrun for e-commerce_kafka_streaming_pipeline_v4 to 2026-06-05 11:00:00+00:00, run_after=2026-06-05 12:00:00+00:00
[2026-06-05T11:05:24.820+0000] {processor.py:183} INFO - Processing /opt/airflow/dags/sdp_pipeline_dag.py took 2.803 seconds
[2026-06-05T11:05:55.472+0000] {processor.py:161} INFO - Started process (PID=211) to work on /opt/airflow/dags/sdp_pipeline_dag.py
[2026-06-05T11:05:55.476+0000] {processor.py:830} INFO - Processing file /opt/airflow/dags/sdp_pipeline_dag.py for tasks to queue
[2026-06-05T11:05:55.485+0000] {logging_mixin.py:188} INFO - [2026-06-05T11:05:55.480+0000] {dagbag.py:540} INFO - Filling up the DagBag from /opt/airflow/dags/sdp_pipeline_dag.py
[2026-06-05T11:05:55.552+0000] {processor.py:840} INFO - DAG(s) 'e-commerce_kafka_streaming_pipeline_v4' retrieved from /opt/airflow/dags/sdp_pipeline_dag.py
[2026-06-05T11:05:55.648+0000] {logging_mixin.py:188} INFO - [2026-06-05T11:05:55.647+0000] {dag.py:3096} INFO - Sync 1 DAGs
[2026-06-05T11:05:55.752+0000] {logging_mixin.py:188} INFO - [2026-06-05T11:05:55.752+0000] {dag.py:3954} INFO - Setting next_dagrun for e-commerce_kafka_streaming_pipeline_v4 to 2026-06-05 11:00:00+00:00, run_after=2026-06-05 12:00:00+00:00
[2026-06-05T11:05:55.809+0000] {processor.py:183} INFO - Processing /opt/airflow/dags/sdp_pipeline_dag.py took 0.354 seconds
[2026-06-05T11:06:26.077+0000] {processor.py:161} INFO - Started process (PID=216) to work on /opt/airflow/dags/sdp_pipeline_dag.py
[2026-06-05T11:06:26.080+0000] {processor.py:830} INFO - Processing file /opt/airflow/dags/sdp_pipeline_dag.py for tasks to queue
[2026-06-05T11:06:26.083+0000] {logging_mixin.py:188} INFO - [2026-06-05T11:06:26.082+0000] {dagbag.py:540} INFO - Filling up the DagBag from /opt/airflow/dags/sdp_pipeline_dag.py
[2026-06-05T11:06:26.186+0000] {processor.py:840} INFO - DAG(s) 'e-commerce_kafka_streaming_pipeline_v4' retrieved from /opt/airflow/dags/sdp_pipeline_dag.py
[2026-06-05T11:06:26.308+0000] {logging_mixin.py:188} INFO - [2026-06-05T11:06:26.308+0000] {dag.py:3096} INFO - Sync 1 DAGs
[2026-06-05T11:06:26.407+0000] {logging_mixin.py:188} INFO - [2026-06-05T11:06:26.406+0000] {dag.py:3954} INFO - Setting next_dagrun for e-commerce_kafka_streaming_pipeline_v4 to 2026-06-05 11:00:00+00:00, run_after=2026-06-05 12:00:00+00:00
[2026-06-05T11:06:26.493+0000] {processor.py:183} INFO - Processing /opt/airflow/dags/sdp_pipeline_dag.py took 0.437 seconds
[2026-06-05T11:06:56.845+0000] {processor.py:161} INFO - Started process (PID=221) to work on /opt/airflow/dags/sdp_pipeline_dag.py
[2026-06-05T11:06:56.848+0000] {processor.py:830} INFO - Processing file /opt/airflow/dags/sdp_pipeline_dag.py for tasks to queue
[2026-06-05T11:06:56.851+0000] {logging_mixin.py:188} INFO - [2026-06-05T11:06:56.850+0000] {dagbag.py:540} INFO - Filling up the DagBag from /opt/airflow/dags/sdp_pipeline_dag.py
[2026-06-05T11:06:56.911+0000] {processor.py:840} INFO - DAG(s) 'e-commerce_kafka_streaming_pipeline_v4' retrieved from /opt/airflow/dags/sdp_pipeline_dag.py
[2026-06-05T11:06:57.021+0000] {logging_mixin.py:188} INFO - [2026-06-05T11:06:57.021+0000] {dag.py:3096} INFO - Sync 1 DAGs
[2026-06-05T11:06:57.117+0000] {logging_mixin.py:188} INFO - [2026-06-05T11:06:57.116+0000] {dag.py:3954} INFO - Setting next_dagrun for e-commerce_kafka_streaming_pipeline_v4 to 2026-06-05 11:00:00+00:00, run_after=2026-06-05 12:00:00+00:00
[2026-06-05T11:06:57.196+0000] {processor.py:183} INFO - Processing /opt/airflow/dags/sdp_pipeline_dag.py took 0.372 seconds
[2026-06-05T11:07:27.419+0000] {processor.py:161} INFO - Started process (PID=239) to work on /opt/airflow/dags/sdp_pipeline_dag.py
[2026-06-05T11:07:27.422+0000] {processor.py:830} INFO - Processing file /opt/airflow/dags/sdp_pipeline_dag.py for tasks to queue
[2026-06-05T11:07:27.425+0000] {logging_mixin.py:188} INFO - [2026-06-05T11:07:27.424+0000] {dagbag.py:540} INFO - Filling up the DagBag from /opt/airflow/dags/sdp_pipeline_dag.py
[2026-06-05T11:07:27.502+0000] {processor.py:840} INFO - DAG(s) 'e-commerce_kafka_streaming_pipeline_v4' retrieved from /opt/airflow/dags/sdp_pipeline_dag.py
[2026-06-05T11:07:27.608+0000] {logging_mixin.py:188} INFO - [2026-06-05T11:07:27.608+0000] {dag.py:3096} INFO - Sync 1 DAGs
[2026-06-05T11:07:27.737+0000] {logging_mixin.py:188} INFO - [2026-06-05T11:07:27.737+0000] {dag.py:3954} INFO - Setting next_dagrun for e-commerce_kafka_streaming_pipeline_v4 to 2026-06-05 11:00:00+00:00, run_after=2026-06-05 12:00:00+00:00
[2026-06-05T11:07:27.804+0000] {processor.py:183} INFO - Processing /opt/airflow/dags/sdp_pipeline_dag.py took 0.408 seconds
[2026-06-05T11:07:58.694+0000] {processor.py:161} INFO - Started process (PID=251) to work on /opt/airflow/dags/sdp_pipeline_dag.py
[2026-06-05T11:07:58.706+0000] {processor.py:830} INFO - Processing file /opt/airflow/dags/sdp_pipeline_dag.py for tasks to queue
[2026-06-05T11:07:58.711+0000] {logging_mixin.py:188} INFO - [2026-06-05T11:07:58.710+0000] {dagbag.py:540} INFO - Filling up the DagBag from /opt/airflow/dags/sdp_pipeline_dag.py
[2026-06-05T11:07:58.830+0000] {processor.py:840} INFO - DAG(s) 'e-commerce_kafka_streaming_pipeline_v4' retrieved from /opt/airflow/dags/sdp_pipeline_dag.py
[2026-06-05T11:07:58.939+0000] {logging_mixin.py:188} INFO - [2026-06-05T11:07:58.938+0000] {dag.py:3096} INFO - Sync 1 DAGs
[2026-06-05T11:07:59.093+0000] {logging_mixin.py:188} INFO - [2026-06-05T11:07:59.093+0000] {dag.py:3954} INFO - Setting next_dagrun for e-commerce_kafka_streaming_pipeline_v4 to 2026-06-05 11:00:00+00:00, run_after=2026-06-05 12:00:00+00:00
[2026-06-05T11:07:59.271+0000] {processor.py:183} INFO - Processing /opt/airflow/dags/sdp_pipeline_dag.py took 0.617 seconds
[2026-06-05T11:08:29.417+0000] {processor.py:161} INFO - Started process (PID=256) to work on /opt/airflow/dags/sdp_pipeline_dag.py
[2026-06-05T11:08:29.425+0000] {processor.py:830} INFO - Processing file /opt/airflow/dags/sdp_pipeline_dag.py for tasks to queue
[2026-06-05T11:08:29.428+0000] {logging_mixin.py:188} INFO - [2026-06-05T11:08:29.427+0000] {dagbag.py:540} INFO - Filling up the DagBag from /opt/airflow/dags/sdp_pipeline_dag.py
[2026-06-05T11:08:29.509+0000] {processor.py:840} INFO - DAG(s) 'e-commerce_kafka_streaming_pipeline_v4' retrieved from /opt/airflow/dags/sdp_pipeline_dag.py
[2026-06-05T11:08:29.645+0000] {logging_mixin.py:188} INFO - [2026-06-05T11:08:29.643+0000] {dag.py:3096} INFO - Sync 1 DAGs
[2026-06-05T11:08:29.739+0000] {logging_mixin.py:188} INFO - [2026-06-05T11:08:29.738+0000] {dag.py:3954} INFO - Setting next_dagrun for e-commerce_kafka_streaming_pipeline_v4 to 2026-06-05 11:00:00+00:00, run_after=2026-06-05 12:00:00+00:00
[2026-06-05T11:08:29.812+0000] {processor.py:183} INFO - Processing /opt/airflow/dags/sdp_pipeline_dag.py took 0.413 seconds
[2026-06-05T11:09:00.133+0000] {processor.py:161} INFO - Started process (PID=261) to work on /opt/airflow/dags/sdp_pipeline_dag.py
[2026-06-05T11:09:00.136+0000] {processor.py:830} INFO - Processing file /opt/airflow/dags/sdp_pipeline_dag.py for tasks to queue
[2026-06-05T11:09:00.140+0000] {logging_mixin.py:188} INFO - [2026-06-05T11:09:00.139+0000] {dagbag.py:540} INFO - Filling up the DagBag from /opt/airflow/dags/sdp_pipeline_dag.py
[2026-06-05T11:09:00.211+0000] {processor.py:840} INFO - DAG(s) 'e-commerce_kafka_streaming_pipeline_v4' retrieved from /opt/airflow/dags/sdp_pipeline_dag.py
[2026-06-05T11:09:00.330+0000] {logging_mixin.py:188} INFO - [2026-06-05T11:09:00.329+0000] {dag.py:3096} INFO - Sync 1 DAGs
[2026-06-05T11:09:00.439+0000] {logging_mixin.py:188} INFO - [2026-06-05T11:09:00.437+0000] {dag.py:3954} INFO - Setting next_dagrun for e-commerce_kafka_streaming_pipeline_v4 to 2026-06-05 11:00:00+00:00, run_after=2026-06-05 12:00:00+00:00
[2026-06-05T11:09:00.521+0000] {processor.py:183} INFO - Processing /opt/airflow/dags/sdp_pipeline_dag.py took 0.415 seconds
[2026-06-05T11:09:30.980+0000] {processor.py:161} INFO - Started process (PID=266) to work on /opt/airflow/dags/sdp_pipeline_dag.py
[2026-06-05T11:09:30.984+0000] {processor.py:830} INFO - Processing file /opt/airflow/dags/sdp_pipeline_dag.py for tasks to queue
[2026-06-05T11:09:30.987+0000] {logging_mixin.py:188} INFO - [2026-06-05T11:09:30.986+0000] {dagbag.py:540} INFO - Filling up the DagBag from /opt/airflow/dags/sdp_pipeline_dag.py
[2026-06-05T11:09:31.049+0000] {processor.py:840} INFO - DAG(s) 'e-commerce_kafka_streaming_pipeline_v4' retrieved from /opt/airflow/dags/sdp_pipeline_dag.py
[2026-06-05T11:09:31.176+0000] {logging_mixin.py:188} INFO - [2026-06-05T11:09:31.176+0000] {dag.py:3096} INFO - Sync 1 DAGs
[2026-06-05T11:09:31.289+0000] {logging_mixin.py:188} INFO - [2026-06-05T11:09:31.289+0000] {dag.py:3954} INFO - Setting next_dagrun for e-commerce_kafka_streaming_pipeline_v4 to 2026-06-05 11:00:00+00:00, run_after=2026-06-05 12:00:00+00:00
[2026-06-05T11:09:31.386+0000] {processor.py:183} INFO - Processing /opt/airflow/dags/sdp_pipeline_dag.py took 0.432 seconds
[2026-06-05T11:10:02.014+0000] {processor.py:161} INFO - Started process (PID=284) to work on /opt/airflow/dags/sdp_pipeline_dag.py
[2026-06-05T11:10:02.017+0000] {processor.py:830} INFO - Processing file /opt/airflow/dags/sdp_pipeline_dag.py for tasks to queue
[2026-06-05T11:10:02.021+0000] {logging_mixin.py:188} INFO - [2026-06-05T11:10:02.020+0000] {dagbag.py:540} INFO - Filling up the DagBag from /opt/airflow/dags/sdp_pipeline_dag.py
[2026-06-05T11:10:02.091+0000] {processor.py:840} INFO - DAG(s) 'e-commerce_kafka_streaming_pipeline_v4' retrieved from /opt/airflow/dags/sdp_pipeline_dag.py
[2026-06-05T11:10:02.274+0000] {logging_mixin.py:188} INFO - [2026-06-05T11:10:02.274+0000] {dag.py:3096} INFO - Sync 1 DAGs
[2026-06-05T11:10:02.384+0000] {logging_mixin.py:188} INFO - [2026-06-05T11:10:02.383+0000] {dag.py:3954} INFO - Setting next_dagrun for e-commerce_kafka_streaming_pipeline_v4 to 2026-06-05 11:00:00+00:00, run_after=2026-06-05 12:00:00+00:00
[2026-06-05T11:10:02.454+0000] {processor.py:183} INFO - Processing /opt/airflow/dags/sdp_pipeline_dag.py took 0.465 seconds
[2026-06-05T11:10:32.833+0000] {processor.py:161} INFO - Started process (PID=301) to work on /opt/airflow/dags/sdp_pipeline_dag.py
[2026-06-05T11:10:32.836+0000] {processor.py:830} INFO - Processing file /opt/airflow/dags/sdp_pipeline_dag.py for tasks to queue
[2026-06-05T11:10:32.843+0000] {logging_mixin.py:188} INFO - [2026-06-05T11:10:32.838+0000] {dagbag.py:540} INFO - Filling up the DagBag from /opt/airflow/dags/sdp_pipeline_dag.py
[2026-06-05T11:10:32.932+0000] {processor.py:840} INFO - DAG(s) 'e-commerce_kafka_streaming_pipeline_v4' retrieved from /opt/airflow/dags/sdp_pipeline_dag.py
[2026-06-05T11:10:33.095+0000] {logging_mixin.py:188} INFO - [2026-06-05T11:10:33.094+0000] {dag.py:3096} INFO - Sync 1 DAGs
[2026-06-05T11:10:33.229+0000] {logging_mixin.py:188} INFO - [2026-06-05T11:10:33.229+0000] {dag.py:3954} INFO - Setting next_dagrun for e-commerce_kafka_streaming_pipeline_v4 to 2026-06-05 11:00:00+00:00, run_after=2026-06-05 12:00:00+00:00
[2026-06-05T11:10:33.374+0000] {processor.py:183} INFO - Processing /opt/airflow/dags/sdp_pipeline_dag.py took 0.554 seconds
[2026-06-05T11:11:04.403+0000] {processor.py:161} INFO - Started process (PID=318) to work on /opt/airflow/dags/sdp_pipeline_dag.py
[2026-06-05T11:11:04.406+0000] {processor.py:830} INFO - Processing file /opt/airflow/dags/sdp_pipeline_dag.py for tasks to queue
[2026-06-05T11:11:04.410+0000] {logging_mixin.py:188} INFO - [2026-06-05T11:11:04.409+0000] {dagbag.py:540} INFO - Filling up the DagBag from /opt/airflow/dags/sdp_pipeline_dag.py
[2026-06-05T11:11:04.500+0000] {processor.py:840} INFO - DAG(s) 'e-commerce_kafka_streaming_pipeline_v4' retrieved from /opt/airflow/dags/sdp_pipeline_dag.py
[2026-06-05T11:11:04.636+0000] {logging_mixin.py:188} INFO - [2026-06-05T11:11:04.635+0000] {dag.py:3096} INFO - Sync 1 DAGs
[2026-06-05T11:11:04.724+0000] {logging_mixin.py:188} INFO - [2026-06-05T11:11:04.724+0000] {dag.py:3954} INFO - Setting next_dagrun for e-commerce_kafka_streaming_pipeline_v4 to 2026-06-05 11:00:00+00:00, run_after=2026-06-05 12:00:00+00:00
[2026-06-05T11:11:04.799+0000] {processor.py:183} INFO - Processing /opt/airflow/dags/sdp_pipeline_dag.py took 0.425 seconds
[2026-06-05T11:11:35.702+0000] {processor.py:161} INFO - Started process (PID=346) to work on /opt/airflow/dags/sdp_pipeline_dag.py
[2026-06-05T11:11:35.708+0000] {processor.py:830} INFO - Processing file /opt/airflow/dags/sdp_pipeline_dag.py for tasks to queue
[2026-06-05T11:11:35.712+0000] {logging_mixin.py:188} INFO - [2026-06-05T11:11:35.710+0000] {dagbag.py:540} INFO - Filling up the DagBag from /opt/airflow/dags/sdp_pipeline_dag.py
[2026-06-05T11:11:35.829+0000] {processor.py:840} INFO - DAG(s) 'e-commerce_kafka_streaming_pipeline_v4' retrieved from /opt/airflow/dags/sdp_pipeline_dag.py
[2026-06-05T11:11:35.990+0000] {logging_mixin.py:188} INFO - [2026-06-05T11:11:35.989+0000] {dag.py:3096} INFO - Sync 1 DAGs
[2026-06-05T11:11:36.100+0000] {logging_mixin.py:188} INFO - [2026-06-05T11:11:36.100+0000] {dag.py:3954} INFO - Setting next_dagrun for e-commerce_kafka_streaming_pipeline_v4 to 2026-06-05 11:00:00+00:00, run_after=2026-06-05 12:00:00+00:00
[2026-06-05T11:11:36.208+0000] {processor.py:183} INFO - Processing /opt/airflow/dags/sdp_pipeline_dag.py took 0.544 seconds
[2026-06-05T11:12:06.963+0000] {processor.py:161} INFO - Started process (PID=395) to work on /opt/airflow/dags/sdp_pipeline_dag.py
[2026-06-05T11:12:06.966+0000] {processor.py:830} INFO - Processing file /opt/airflow/dags/sdp_pipeline_dag.py for tasks to queue
[2026-06-05T11:12:06.969+0000] {logging_mixin.py:188} INFO - [2026-06-05T11:12:06.968+0000] {dagbag.py:540} INFO - Filling up the DagBag from /opt/airflow/dags/sdp_pipeline_dag.py
[2026-06-05T11:12:07.048+0000] {processor.py:840} INFO - DAG(s) 'e-commerce_kafka_streaming_pipeline_v4' retrieved from /opt/airflow/dags/sdp_pipeline_dag.py
[2026-06-05T11:12:07.176+0000] {logging_mixin.py:188} INFO - [2026-06-05T11:12:07.172+0000] {dag.py:3096} INFO - Sync 1 DAGs
[2026-06-05T11:12:07.293+0000] {logging_mixin.py:188} INFO - [2026-06-05T11:12:07.283+0000] {dag.py:3954} INFO - Setting next_dagrun for e-commerce_kafka_streaming_pipeline_v4 to 2026-06-05 11:00:00+00:00, run_after=2026-06-05 12:00:00+00:00
[2026-06-05T11:12:07.385+0000] {processor.py:183} INFO - Processing /opt/airflow/dags/sdp_pipeline_dag.py took 0.465 seconds
[2026-06-05T11:12:37.852+0000] {processor.py:161} INFO - Started process (PID=407) to work on /opt/airflow/dags/sdp_pipeline_dag.py
[2026-06-05T11:12:37.855+0000] {processor.py:830} INFO - Processing file /opt/airflow/dags/sdp_pipeline_dag.py for tasks to queue
[2026-06-05T11:12:37.858+0000] {logging_mixin.py:188} INFO - [2026-06-05T11:12:37.856+0000] {dagbag.py:540} INFO - Filling up the DagBag from /opt/airflow/dags/sdp_pipeline_dag.py
[2026-06-05T11:12:37.927+0000] {processor.py:840} INFO - DAG(s) 'e-commerce_kafka_streaming_pipeline_v4' retrieved from /opt/airflow/dags/sdp_pipeline_dag.py
[2026-06-05T11:12:38.063+0000] {logging_mixin.py:188} INFO - [2026-06-05T11:12:38.062+0000] {dag.py:3096} INFO - Sync 1 DAGs
[2026-06-05T11:12:38.187+0000] {logging_mixin.py:188} INFO - [2026-06-05T11:12:38.186+0000] {dag.py:3954} INFO - Setting next_dagrun for e-commerce_kafka_streaming_pipeline_v4 to 2026-06-05 11:00:00+00:00, run_after=2026-06-05 12:00:00+00:00
[2026-06-05T11:12:38.267+0000] {processor.py:183} INFO - Processing /opt/airflow/dags/sdp_pipeline_dag.py took 0.463 seconds
[2026-06-05T11:13:08.987+0000] {processor.py:161} INFO - Started process (PID=412) to work on /opt/airflow/dags/sdp_pipeline_dag.py
[2026-06-05T11:13:09.004+0000] {processor.py:830} INFO - Processing file /opt/airflow/dags/sdp_pipeline_dag.py for tasks to queue
[2026-06-05T11:13:09.009+0000] {logging_mixin.py:188} INFO - [2026-06-05T11:13:09.008+0000] {dagbag.py:540} INFO - Filling up the DagBag from /opt/airflow/dags/sdp_pipeline_dag.py
[2026-06-05T11:13:09.164+0000] {processor.py:840} INFO - DAG(s) 'e-commerce_kafka_streaming_pipeline_v4' retrieved from /opt/airflow/dags/sdp_pipeline_dag.py
[2026-06-05T11:13:09.399+0000] {logging_mixin.py:188} INFO - [2026-06-05T11:13:09.388+0000] {dag.py:3096} INFO - Sync 1 DAGs
[2026-06-05T11:13:09.558+0000] {logging_mixin.py:188} INFO - [2026-06-05T11:13:09.557+0000] {dag.py:3954} INFO - Setting next_dagrun for e-commerce_kafka_streaming_pipeline_v4 to 2026-06-05 11:00:00+00:00, run_after=2026-06-05 12:00:00+00:00
[2026-06-05T11:13:09.666+0000] {processor.py:183} INFO - Processing /opt/airflow/dags/sdp_pipeline_dag.py took 0.745 seconds
[2026-06-05T11:13:39.890+0000] {processor.py:161} INFO - Started process (PID=417) to work on /opt/airflow/dags/sdp_pipeline_dag.py
[2026-06-05T11:13:39.900+0000] {processor.py:830} INFO - Processing file /opt/airflow/dags/sdp_pipeline_dag.py for tasks to queue
[2026-06-05T11:13:39.904+0000] {logging_mixin.py:188} INFO - [2026-06-05T11:13:39.903+0000] {dagbag.py:540} INFO - Filling up the DagBag from /opt/airflow/dags/sdp_pipeline_dag.py
[2026-06-05T11:13:40.000+0000] {processor.py:840} INFO - DAG(s) 'e-commerce_kafka_streaming_pipeline_v4' retrieved from /opt/airflow/dags/sdp_pipeline_dag.py
[2026-06-05T11:13:40.170+0000] {logging_mixin.py:188} INFO - [2026-06-05T11:13:40.168+0000] {dag.py:3096} INFO - Sync 1 DAGs
[2026-06-05T11:13:40.272+0000] {logging_mixin.py:188} INFO - [2026-06-05T11:13:40.272+0000] {dag.py:3954} INFO - Setting next_dagrun for e-commerce_kafka_streaming_pipeline_v4 to 2026-06-05 11:00:00+00:00, run_after=2026-06-05 12:00:00+00:00
[2026-06-05T11:13:40.334+0000] {processor.py:183} INFO - Processing /opt/airflow/dags/sdp_pipeline_dag.py took 0.491 seconds
[2026-06-05T11:20:01.615+0000] {processor.py:161} INFO - Started process (PID=200) to work on /opt/airflow/dags/sdp_pipeline_dag.py
[2026-06-05T11:20:01.617+0000] {processor.py:830} INFO - Processing file /opt/airflow/dags/sdp_pipeline_dag.py for tasks to queue
[2026-06-05T11:20:01.622+0000] {logging_mixin.py:188} INFO - [2026-06-05T11:20:01.621+0000] {dagbag.py:540} INFO - Filling up the DagBag from /opt/airflow/dags/sdp_pipeline_dag.py
[2026-06-05T11:20:01.691+0000] {processor.py:840} INFO - DAG(s) 'e-commerce_kafka_streaming_pipeline_v4' retrieved from /opt/airflow/dags/sdp_pipeline_dag.py
[2026-06-05T11:20:03.000+0000] {logging_mixin.py:188} INFO - [2026-06-05T11:20:03.000+0000] {dag.py:3096} INFO - Sync 1 DAGs
[2026-06-05T11:20:03.086+0000] {logging_mixin.py:188} INFO - [2026-06-05T11:20:03.085+0000] {dag.py:3954} INFO - Setting next_dagrun for e-commerce_kafka_streaming_pipeline_v4 to 2026-06-05 11:00:00+00:00, run_after=2026-06-05 12:00:00+00:00
[2026-06-05T11:20:03.163+0000] {processor.py:183} INFO - Processing /opt/airflow/dags/sdp_pipeline_dag.py took 1.574 seconds
[2026-06-05T11:20:33.392+0000] {processor.py:161} INFO - Started process (PID=209) to work on /opt/airflow/dags/sdp_pipeline_dag.py
[2026-06-05T11:20:33.407+0000] {processor.py:830} INFO - Processing file /opt/airflow/dags/sdp_pipeline_dag.py for tasks to queue
[2026-06-05T11:20:33.429+0000] {logging_mixin.py:188} INFO - [2026-06-05T11:20:33.421+0000] {dagbag.py:540} INFO - Filling up the DagBag from /opt/airflow/dags/sdp_pipeline_dag.py
[2026-06-05T11:20:33.654+0000] {processor.py:840} INFO - DAG(s) 'e-commerce_kafka_streaming_pipeline_v4' retrieved from /opt/airflow/dags/sdp_pipeline_dag.py
[2026-06-05T11:20:33.774+0000] {logging_mixin.py:188} INFO - [2026-06-05T11:20:33.773+0000] {dag.py:3096} INFO - Sync 1 DAGs
[2026-06-05T11:20:33.889+0000] {logging_mixin.py:188} INFO - [2026-06-05T11:20:33.889+0000] {dag.py:3954} INFO - Setting next_dagrun for e-commerce_kafka_streaming_pipeline_v4 to 2026-06-05 11:00:00+00:00, run_after=2026-06-05 12:00:00+00:00
[2026-06-05T11:20:33.964+0000] {processor.py:183} INFO - Processing /opt/airflow/dags/sdp_pipeline_dag.py took 0.608 seconds
[2026-06-05T11:21:04.426+0000] {processor.py:161} INFO - Started process (PID=214) to work on /opt/airflow/dags/sdp_pipeline_dag.py
[2026-06-05T11:21:04.431+0000] {processor.py:830} INFO - Processing file /opt/airflow/dags/sdp_pipeline_dag.py for tasks to queue
[2026-06-05T11:21:04.439+0000] {logging_mixin.py:188} INFO - [2026-06-05T11:21:04.438+0000] {dagbag.py:540} INFO - Filling up the DagBag from /opt/airflow/dags/sdp_pipeline_dag.py
[2026-06-05T11:21:04.531+0000] {processor.py:840} INFO - DAG(s) 'e-commerce_kafka_streaming_pipeline_v4' retrieved from /opt/airflow/dags/sdp_pipeline_dag.py
[2026-06-05T11:21:04.692+0000] {logging_mixin.py:188} INFO - [2026-06-05T11:21:04.691+0000] {dag.py:3096} INFO - Sync 1 DAGs
[2026-06-05T11:21:04.853+0000] {logging_mixin.py:188} INFO - [2026-06-05T11:21:04.852+0000] {dag.py:3954} INFO - Setting next_dagrun for e-commerce_kafka_streaming_pipeline_v4 to 2026-06-05 11:00:00+00:00, run_after=2026-06-05 12:00:00+00:00
[2026-06-05T11:21:05.113+0000] {processor.py:183} INFO - Processing /opt/airflow/dags/sdp_pipeline_dag.py took 0.711 seconds
[2026-06-05T11:21:35.519+0000] {processor.py:161} INFO - Started process (PID=219) to work on /opt/airflow/dags/sdp_pipeline_dag.py
[2026-06-05T11:21:35.522+0000] {processor.py:830} INFO - Processing file /opt/airflow/dags/sdp_pipeline_dag.py for tasks to queue
[2026-06-05T11:21:35.529+0000] {logging_mixin.py:188} INFO - [2026-06-05T11:21:35.528+0000] {dagbag.py:540} INFO - Filling up the DagBag from /opt/airflow/dags/sdp_pipeline_dag.py
[2026-06-05T11:21:35.606+0000] {processor.py:840} INFO - DAG(s) 'e-commerce_kafka_streaming_pipeline_v4' retrieved from /opt/airflow/dags/sdp_pipeline_dag.py
[2026-06-05T11:21:35.732+0000] {logging_mixin.py:188} INFO - [2026-06-05T11:21:35.731+0000] {dag.py:3096} INFO - Sync 1 DAGs
[2026-06-05T11:21:35.854+0000] {logging_mixin.py:188} INFO - [2026-06-05T11:21:35.853+0000] {dag.py:3954} INFO - Setting next_dagrun for e-commerce_kafka_streaming_pipeline_v4 to 2026-06-05 11:00:00+00:00, run_after=2026-06-05 12:00:00+00:00
[2026-06-05T11:21:35.927+0000] {processor.py:183} INFO - Processing /opt/airflow/dags/sdp_pipeline_dag.py took 0.429 seconds
[2026-06-05T11:22:06.471+0000] {processor.py:161} INFO - Started process (PID=227) to work on /opt/airflow/dags/sdp_pipeline_dag.py
[2026-06-05T11:22:06.473+0000] {processor.py:830} INFO - Processing file /opt/airflow/dags/sdp_pipeline_dag.py for tasks to queue
[2026-06-05T11:22:06.479+0000] {logging_mixin.py:188} INFO - [2026-06-05T11:22:06.478+0000] {dagbag.py:540} INFO - Filling up the DagBag from /opt/airflow/dags/sdp_pipeline_dag.py
[2026-06-05T11:22:06.615+0000] {processor.py:840} INFO - DAG(s) 'e-commerce_kafka_streaming_pipeline_v4' retrieved from /opt/airflow/dags/sdp_pipeline_dag.py
[2026-06-05T11:22:06.703+0000] {logging_mixin.py:188} INFO - [2026-06-05T11:22:06.702+0000] {dag.py:3096} INFO - Sync 1 DAGs
[2026-06-05T11:22:06.811+0000] {logging_mixin.py:188} INFO - [2026-06-05T11:22:06.810+0000] {dag.py:3954} INFO - Setting next_dagrun for e-commerce_kafka_streaming_pipeline_v4 to 2026-06-05 11:00:00+00:00, run_after=2026-06-05 12:00:00+00:00
[2026-06-05T11:22:06.866+0000] {processor.py:183} INFO - Processing /opt/airflow/dags/sdp_pipeline_dag.py took 0.410 seconds
[2026-06-05T11:22:37.070+0000] {processor.py:161} INFO - Started process (PID=232) to work on /opt/airflow/dags/sdp_pipeline_dag.py
[2026-06-05T11:22:37.073+0000] {processor.py:830} INFO - Processing file /opt/airflow/dags/sdp_pipeline_dag.py for tasks to queue
[2026-06-05T11:22:37.079+0000] {logging_mixin.py:188} INFO - [2026-06-05T11:22:37.077+0000] {dagbag.py:540} INFO - Filling up the DagBag from /opt/airflow/dags/sdp_pipeline_dag.py
[2026-06-05T11:22:37.160+0000] {processor.py:840} INFO - DAG(s) 'e-commerce_kafka_streaming_pipeline_v4' retrieved from /opt/airflow/dags/sdp_pipeline_dag.py
[2026-06-05T11:22:37.276+0000] {logging_mixin.py:188} INFO - [2026-06-05T11:22:37.275+0000] {dag.py:3096} INFO - Sync 1 DAGs
[2026-06-05T11:22:37.371+0000] {logging_mixin.py:188} INFO - [2026-06-05T11:22:37.371+0000] {dag.py:3954} INFO - Setting next_dagrun for e-commerce_kafka_streaming_pipeline_v4 to 2026-06-05 11:00:00+00:00, run_after=2026-06-05 12:00:00+00:00
[2026-06-05T11:22:37.446+0000] {processor.py:183} INFO - Processing /opt/airflow/dags/sdp_pipeline_dag.py took 0.396 seconds
[2026-06-05T11:23:07.932+0000] {processor.py:161} INFO - Started process (PID=237) to work on /opt/airflow/dags/sdp_pipeline_dag.py
[2026-06-05T11:23:07.936+0000] {processor.py:830} INFO - Processing file /opt/airflow/dags/sdp_pipeline_dag.py for tasks to queue
[2026-06-05T11:23:07.943+0000] {logging_mixin.py:188} INFO - [2026-06-05T11:23:07.941+0000] {dagbag.py:540} INFO - Filling up the DagBag from /opt/airflow/dags/sdp_pipeline_dag.py
[2026-06-05T11:23:08.002+0000] {processor.py:840} INFO - DAG(s) 'e-commerce_kafka_streaming_pipeline_v4' retrieved from /opt/airflow/dags/sdp_pipeline_dag.py
[2026-06-05T11:23:08.096+0000] {logging_mixin.py:188} INFO - [2026-06-05T11:23:08.095+0000] {dag.py:3096} INFO - Sync 1 DAGs
[2026-06-05T11:23:08.181+0000] {logging_mixin.py:188} INFO - [2026-06-05T11:23:08.180+0000] {dag.py:3954} INFO - Setting next_dagrun for e-commerce_kafka_streaming_pipeline_v4 to 2026-06-05 11:00:00+00:00, run_after=2026-06-05 12:00:00+00:00
[2026-06-05T11:23:08.246+0000] {processor.py:183} INFO - Processing /opt/airflow/dags/sdp_pipeline_dag.py took 0.333 seconds
[2026-06-05T11:23:38.666+0000] {processor.py:161} INFO - Started process (PID=242) to work on /opt/airflow/dags/sdp_pipeline_dag.py
[2026-06-05T11:23:38.671+0000] {processor.py:830} INFO - Processing file /opt/airflow/dags/sdp_pipeline_dag.py for tasks to queue
[2026-06-05T11:23:38.678+0000] {logging_mixin.py:188} INFO - [2026-06-05T11:23:38.676+0000] {dagbag.py:540} INFO - Filling up the DagBag from /opt/airflow/dags/sdp_pipeline_dag.py
[2026-06-05T11:23:38.730+0000] {processor.py:840} INFO - DAG(s) 'e-commerce_kafka_streaming_pipeline_v4' retrieved from /opt/airflow/dags/sdp_pipeline_dag.py
[2026-06-05T11:23:38.834+0000] {logging_mixin.py:188} INFO - [2026-06-05T11:23:38.833+0000] {dag.py:3096} INFO - Sync 1 DAGs
[2026-06-05T11:23:38.954+0000] {logging_mixin.py:188} INFO - [2026-06-05T11:23:38.953+0000] {dag.py:3954} INFO - Setting next_dagrun for e-commerce_kafka_streaming_pipeline_v4 to 2026-06-05 11:00:00+00:00, run_after=2026-06-05 12:00:00+00:00
[2026-06-05T11:23:39.016+0000] {processor.py:183} INFO - Processing /opt/airflow/dags/sdp_pipeline_dag.py took 0.377 seconds
[2026-06-05T11:24:09.471+0000] {processor.py:161} INFO - Started process (PID=247) to work on /opt/airflow/dags/sdp_pipeline_dag.py
[2026-06-05T11:24:09.473+0000] {processor.py:830} INFO - Processing file /opt/airflow/dags/sdp_pipeline_dag.py for tasks to queue
[2026-06-05T11:24:09.478+0000] {logging_mixin.py:188} INFO - [2026-06-05T11:24:09.477+0000] {dagbag.py:540} INFO - Filling up the DagBag from /opt/airflow/dags/sdp_pipeline_dag.py
[2026-06-05T11:24:09.594+0000] {processor.py:840} INFO - DAG(s) 'e-commerce_kafka_streaming_pipeline_v4' retrieved from /opt/airflow/dags/sdp_pipeline_dag.py
[2026-06-05T11:24:09.703+0000] {logging_mixin.py:188} INFO - [2026-06-05T11:24:09.703+0000] {dag.py:3096} INFO - Sync 1 DAGs
[2026-06-05T11:24:09.800+0000] {logging_mixin.py:188} INFO - [2026-06-05T11:24:09.799+0000] {dag.py:3954} INFO - Setting next_dagrun for e-commerce_kafka_streaming_pipeline_v4 to 2026-06-05 11:00:00+00:00, run_after=2026-06-05 12:00:00+00:00
[2026-06-05T11:24:09.863+0000] {processor.py:183} INFO - Processing /opt/airflow/dags/sdp_pipeline_dag.py took 0.414 seconds
[2026-06-05T11:24:40.329+0000] {processor.py:161} INFO - Started process (PID=252) to work on /opt/airflow/dags/sdp_pipeline_dag.py
[2026-06-05T11:24:40.332+0000] {processor.py:830} INFO - Processing file /opt/airflow/dags/sdp_pipeline_dag.py for tasks to queue
[2026-06-05T11:24:40.338+0000] {logging_mixin.py:188} INFO - [2026-06-05T11:24:40.337+0000] {dagbag.py:540} INFO - Filling up the DagBag from /opt/airflow/dags/sdp_pipeline_dag.py
[2026-06-05T11:24:40.394+0000] {processor.py:840} INFO - DAG(s) 'e-commerce_kafka_streaming_pipeline_v4' retrieved from /opt/airflow/dags/sdp_pipeline_dag.py
[2026-06-05T11:24:40.491+0000] {logging_mixin.py:188} INFO - [2026-06-05T11:24:40.490+0000] {dag.py:3096} INFO - Sync 1 DAGs
[2026-06-05T11:24:40.579+0000] {logging_mixin.py:188} INFO - [2026-06-05T11:24:40.578+0000] {dag.py:3954} INFO - Setting next_dagrun for e-commerce_kafka_streaming_pipeline_v4 to 2026-06-05 11:00:00+00:00, run_after=2026-06-05 12:00:00+00:00
[2026-06-05T11:24:40.648+0000] {processor.py:183} INFO - Processing /opt/airflow/dags/sdp_pipeline_dag.py took 0.341 seconds
[2026-06-05T11:25:11.067+0000] {processor.py:161} INFO - Started process (PID=257) to work on /opt/airflow/dags/sdp_pipeline_dag.py
[2026-06-05T11:25:11.071+0000] {processor.py:830} INFO - Processing file /opt/airflow/dags/sdp_pipeline_dag.py for tasks to queue
[2026-06-05T11:25:11.076+0000] {logging_mixin.py:188} INFO - [2026-06-05T11:25:11.075+0000] {dagbag.py:540} INFO - Filling up the DagBag from /opt/airflow/dags/sdp_pipeline_dag.py
[2026-06-05T11:25:11.138+0000] {processor.py:840} INFO - DAG(s) 'e-commerce_kafka_streaming_pipeline_v4' retrieved from /opt/airflow/dags/sdp_pipeline_dag.py
[2026-06-05T11:25:11.238+0000] {logging_mixin.py:188} INFO - [2026-06-05T11:25:11.238+0000] {dag.py:3096} INFO - Sync 1 DAGs
[2026-06-05T11:25:11.330+0000] {logging_mixin.py:188} INFO - [2026-06-05T11:25:11.330+0000] {dag.py:3954} INFO - Setting next_dagrun for e-commerce_kafka_streaming_pipeline_v4 to 2026-06-05 11:00:00+00:00, run_after=2026-06-05 12:00:00+00:00
[2026-06-05T11:25:11.431+0000] {processor.py:183} INFO - Processing /opt/airflow/dags/sdp_pipeline_dag.py took 0.389 seconds
[2026-06-05T11:25:41.820+0000] {processor.py:161} INFO - Started process (PID=262) to work on /opt/airflow/dags/sdp_pipeline_dag.py
[2026-06-05T11:25:41.824+0000] {processor.py:830} INFO - Processing file /opt/airflow/dags/sdp_pipeline_dag.py for tasks to queue
[2026-06-05T11:25:41.830+0000] {logging_mixin.py:188} INFO - [2026-06-05T11:25:41.828+0000] {dagbag.py:540} INFO - Filling up the DagBag from /opt/airflow/dags/sdp_pipeline_dag.py
[2026-06-05T11:25:41.968+0000] {processor.py:840} INFO - DAG(s) 'e-commerce_kafka_streaming_pipeline_v4' retrieved from /opt/airflow/dags/sdp_pipeline_dag.py
[2026-06-05T11:25:42.193+0000] {logging_mixin.py:188} INFO - [2026-06-05T11:25:42.192+0000] {dag.py:3096} INFO - Sync 1 DAGs
[2026-06-05T11:25:42.392+0000] {logging_mixin.py:188} INFO - [2026-06-05T11:25:42.391+0000] {dag.py:3954} INFO - Setting next_dagrun for e-commerce_kafka_streaming_pipeline_v4 to 2026-06-05 11:00:00+00:00, run_after=2026-06-05 12:00:00+00:00
[2026-06-05T11:25:42.482+0000] {processor.py:183} INFO - Processing /opt/airflow/dags/sdp_pipeline_dag.py took 0.697 seconds
[2026-06-05T11:26:12.744+0000] {processor.py:161} INFO - Started process (PID=267) to work on /opt/airflow/dags/sdp_pipeline_dag.py
[2026-06-05T11:26:12.751+0000] {processor.py:830} INFO - Processing file /opt/airflow/dags/sdp_pipeline_dag.py for tasks to queue
[2026-06-05T11:26:12.758+0000] {logging_mixin.py:188} INFO - [2026-06-05T11:26:12.757+0000] {dagbag.py:540} INFO - Filling up the DagBag from /opt/airflow/dags/sdp_pipeline_dag.py
[2026-06-05T11:26:12.826+0000] {processor.py:840} INFO - DAG(s) 'e-commerce_kafka_streaming_pipeline_v4' retrieved from /opt/airflow/dags/sdp_pipeline_dag.py
[2026-06-05T11:26:12.920+0000] {logging_mixin.py:188} INFO - [2026-06-05T11:26:12.919+0000] {dag.py:3096} INFO - Sync 1 DAGs
[2026-06-05T11:26:13.019+0000] {logging_mixin.py:188} INFO - [2026-06-05T11:26:13.018+0000] {dag.py:3954} INFO - Setting next_dagrun for e-commerce_kafka_streaming_pipeline_v4 to 2026-06-05 11:00:00+00:00, run_after=2026-06-05 12:00:00+00:00
[2026-06-05T11:26:13.086+0000] {processor.py:183} INFO - Processing /opt/airflow/dags/sdp_pipeline_dag.py took 0.369 seconds
[2026-06-05T11:26:43.547+0000] {processor.py:161} INFO - Started process (PID=272) to work on /opt/airflow/dags/sdp_pipeline_dag.py
[2026-06-05T11:26:43.550+0000] {processor.py:830} INFO - Processing file /opt/airflow/dags/sdp_pipeline_dag.py for tasks to queue
[2026-06-05T11:26:43.558+0000] {logging_mixin.py:188} INFO - [2026-06-05T11:26:43.557+0000] {dagbag.py:540} INFO - Filling up the DagBag from /opt/airflow/dags/sdp_pipeline_dag.py
[2026-06-05T11:26:43.611+0000] {processor.py:840} INFO - DAG(s) 'e-commerce_kafka_streaming_pipeline_v4' retrieved from /opt/airflow/dags/sdp_pipeline_dag.py
[2026-06-05T11:26:43.704+0000] {logging_mixin.py:188} INFO - [2026-06-05T11:26:43.703+0000] {dag.py:3096} INFO - Sync 1 DAGs
[2026-06-05T11:26:43.793+0000] {logging_mixin.py:188} INFO - [2026-06-05T11:26:43.793+0000] {dag.py:3954} INFO - Setting next_dagrun for e-commerce_kafka_streaming_pipeline_v4 to 2026-06-05 11:00:00+00:00, run_after=2026-06-05 12:00:00+00:00
[2026-06-05T11:26:43.854+0000] {processor.py:183} INFO - Processing /opt/airflow/dags/sdp_pipeline_dag.py took 0.330 seconds
[2026-06-05T11:27:14.119+0000] {processor.py:161} INFO - Started process (PID=295) to work on /opt/airflow/dags/sdp_pipeline_dag.py
[2026-06-05T11:27:14.121+0000] {processor.py:830} INFO - Processing file /opt/airflow/dags/sdp_pipeline_dag.py for tasks to queue
[2026-06-05T11:27:14.126+0000] {logging_mixin.py:188} INFO - [2026-06-05T11:27:14.125+0000] {dagbag.py:540} INFO - Filling up the DagBag from /opt/airflow/dags/sdp_pipeline_dag.py
[2026-06-05T11:27:14.223+0000] {processor.py:840} INFO - DAG(s) 'e-commerce_kafka_streaming_pipeline_v4' retrieved from /opt/airflow/dags/sdp_pipeline_dag.py
[2026-06-05T11:27:14.327+0000] {logging_mixin.py:188} INFO - [2026-06-05T11:27:14.327+0000] {dag.py:3096} INFO - Sync 1 DAGs
[2026-06-05T11:27:14.453+0000] {logging_mixin.py:188} INFO - [2026-06-05T11:27:14.453+0000] {dag.py:3954} INFO - Setting next_dagrun for e-commerce_kafka_streaming_pipeline_v4 to 2026-06-05 11:00:00+00:00, run_after=2026-06-05 12:00:00+00:00
[2026-06-05T11:27:14.507+0000] {processor.py:183} INFO - Processing /opt/airflow/dags/sdp_pipeline_dag.py took 0.404 seconds
[2026-06-05T11:27:44.994+0000] {processor.py:161} INFO - Started process (PID=300) to work on /opt/airflow/dags/sdp_pipeline_dag.py
[2026-06-05T11:27:44.998+0000] {processor.py:830} INFO - Processing file /opt/airflow/dags/sdp_pipeline_dag.py for tasks to queue
[2026-06-05T11:27:45.004+0000] {logging_mixin.py:188} INFO - [2026-06-05T11:27:45.003+0000] {dagbag.py:540} INFO - Filling up the DagBag from /opt/airflow/dags/sdp_pipeline_dag.py
[2026-06-05T11:27:45.100+0000] {processor.py:840} INFO - DAG(s) 'e-commerce_kafka_streaming_pipeline_v4' retrieved from /opt/airflow/dags/sdp_pipeline_dag.py
[2026-06-05T11:27:45.292+0000] {logging_mixin.py:188} INFO - [2026-06-05T11:27:45.291+0000] {dag.py:3096} INFO - Sync 1 DAGs
[2026-06-05T11:27:45.469+0000] {logging_mixin.py:188} INFO - [2026-06-05T11:27:45.469+0000] {dag.py:3954} INFO - Setting next_dagrun for e-commerce_kafka_streaming_pipeline_v4 to 2026-06-05 11:00:00+00:00, run_after=2026-06-05 12:00:00+00:00
[2026-06-05T11:27:45.550+0000] {processor.py:183} INFO - Processing /opt/airflow/dags/sdp_pipeline_dag.py took 0.581 seconds
[2026-06-05T11:28:16.236+0000] {processor.py:161} INFO - Started process (PID=305) to work on /opt/airflow/dags/sdp_pipeline_dag.py
[2026-06-05T11:28:16.238+0000] {processor.py:830} INFO - Processing file /opt/airflow/dags/sdp_pipeline_dag.py for tasks to queue
[2026-06-05T11:28:16.245+0000] {logging_mixin.py:188} INFO - [2026-06-05T11:28:16.243+0000] {dagbag.py:540} INFO - Filling up the DagBag from /opt/airflow/dags/sdp_pipeline_dag.py
[2026-06-05T11:28:16.309+0000] {processor.py:840} INFO - DAG(s) 'e-commerce_kafka_streaming_pipeline_v4' retrieved from /opt/airflow/dags/sdp_pipeline_dag.py
[2026-06-05T11:28:16.418+0000] {logging_mixin.py:188} INFO - [2026-06-05T11:28:16.417+0000] {dag.py:3096} INFO - Sync 1 DAGs
[2026-06-05T11:28:16.514+0000] {logging_mixin.py:188} INFO - [2026-06-05T11:28:16.512+0000] {dag.py:3954} INFO - Setting next_dagrun for e-commerce_kafka_streaming_pipeline_v4 to 2026-06-05 11:00:00+00:00, run_after=2026-06-05 12:00:00+00:00
[2026-06-05T11:28:16.576+0000] {processor.py:183} INFO - Processing /opt/airflow/dags/sdp_pipeline_dag.py took 0.361 seconds
[2026-06-05T11:28:46.798+0000] {processor.py:161} INFO - Started process (PID=310) to work on /opt/airflow/dags/sdp_pipeline_dag.py
[2026-06-05T11:28:46.800+0000] {processor.py:830} INFO - Processing file /opt/airflow/dags/sdp_pipeline_dag.py for tasks to queue
[2026-06-05T11:28:46.806+0000] {logging_mixin.py:188} INFO - [2026-06-05T11:28:46.804+0000] {dagbag.py:540} INFO - Filling up the DagBag from /opt/airflow/dags/sdp_pipeline_dag.py
[2026-06-05T11:28:46.864+0000] {processor.py:840} INFO - DAG(s) 'e-commerce_kafka_streaming_pipeline_v4' retrieved from /opt/airflow/dags/sdp_pipeline_dag.py
[2026-06-05T11:28:46.957+0000] {logging_mixin.py:188} INFO - [2026-06-05T11:28:46.956+0000] {dag.py:3096} INFO - Sync 1 DAGs
[2026-06-05T11:28:47.047+0000] {logging_mixin.py:188} INFO - [2026-06-05T11:28:47.046+0000] {dag.py:3954} INFO - Setting next_dagrun for e-commerce_kafka_streaming_pipeline_v4 to 2026-06-05 11:00:00+00:00, run_after=2026-06-05 12:00:00+00:00
[2026-06-05T11:28:47.115+0000] {processor.py:183} INFO - Processing /opt/airflow/dags/sdp_pipeline_dag.py took 0.337 seconds
[2026-06-05T11:28:51.961+0000] {processor.py:161} INFO - Started process (PID=315) to work on /opt/airflow/dags/sdp_pipeline_dag.py
[2026-06-05T11:28:51.963+0000] {processor.py:830} INFO - Processing file /opt/airflow/dags/sdp_pipeline_dag.py for tasks to queue
[2026-06-05T11:28:51.968+0000] {logging_mixin.py:188} INFO - [2026-06-05T11:28:51.967+0000] {dagbag.py:540} INFO - Filling up the DagBag from /opt/airflow/dags/sdp_pipeline_dag.py
[2026-06-05T11:28:52.056+0000] {processor.py:840} INFO - DAG(s) 'e-commerce_kafka_streaming_pipeline_v5' retrieved from /opt/airflow/dags/sdp_pipeline_dag.py
[2026-06-05T11:28:52.484+0000] {logging_mixin.py:188} INFO - [2026-06-05T11:28:52.483+0000] {override.py:1829} INFO - Created Permission View: can read on DAG:e-commerce_kafka_streaming_pipeline_v5
[2026-06-05T11:28:52.512+0000] {logging_mixin.py:188} INFO - [2026-06-05T11:28:52.512+0000] {override.py:1829} INFO - Created Permission View: can edit on DAG:e-commerce_kafka_streaming_pipeline_v5
[2026-06-05T11:28:52.535+0000] {logging_mixin.py:188} INFO - [2026-06-05T11:28:52.534+0000] {override.py:1829} INFO - Created Permission View: can delete on DAG:e-commerce_kafka_streaming_pipeline_v5
[2026-06-05T11:28:52.538+0000] {logging_mixin.py:188} INFO - [2026-06-05T11:28:52.537+0000] {dag.py:3096} INFO - Sync 1 DAGs
[2026-06-05T11:28:52.579+0000] {logging_mixin.py:188} INFO - [2026-06-05T11:28:52.578+0000] {dag.py:3118} INFO - Creating ORM DAG for e-commerce_kafka_streaming_pipeline_v5
[2026-06-05T11:28:52.613+0000] {logging_mixin.py:188} INFO - [2026-06-05T11:28:52.612+0000] {dag.py:3954} INFO - Setting next_dagrun for e-commerce_kafka_streaming_pipeline_v5 to 2026-06-05 10:00:00+00:00, run_after=2026-06-05 11:00:00+00:00
[2026-06-05T11:28:52.699+0000] {processor.py:183} INFO - Processing /opt/airflow/dags/sdp_pipeline_dag.py took 0.760 seconds
[2026-06-05T11:28:53.293+0000] {processor.py:161} INFO - Started process (PID=320) to work on /opt/airflow/dags/sdp_pipeline_dag.py
[2026-06-05T11:28:53.295+0000] {processor.py:830} INFO - Processing file /opt/airflow/dags/sdp_pipeline_dag.py for tasks to queue
[2026-06-05T11:28:53.301+0000] {logging_mixin.py:188} INFO - [2026-06-05T11:28:53.299+0000] {dagbag.py:540} INFO - Filling up the DagBag from /opt/airflow/dags/sdp_pipeline_dag.py
[2026-06-05T11:28:53.380+0000] {processor.py:840} INFO - DAG(s) 'e-commerce_kafka_streaming_pipeline_v5' retrieved from /opt/airflow/dags/sdp_pipeline_dag.py
[2026-06-05T11:28:53.409+0000] {logging_mixin.py:188} INFO - [2026-06-05T11:28:53.409+0000] {dag.py:3096} INFO - Sync 1 DAGs
[2026-06-05T11:28:53.496+0000] {logging_mixin.py:188} INFO - [2026-06-05T11:28:53.495+0000] {dag.py:3954} INFO - Setting next_dagrun for e-commerce_kafka_streaming_pipeline_v5 to 2026-06-05 10:00:00+00:00, run_after=2026-06-05 11:00:00+00:00
[2026-06-05T11:28:53.565+0000] {processor.py:183} INFO - Processing /opt/airflow/dags/sdp_pipeline_dag.py took 0.287 seconds
[2026-06-05T11:28:54.340+0000] {processor.py:161} INFO - Started process (PID=326) to work on /opt/airflow/dags/sdp_pipeline_dag.py
[2026-06-05T11:28:54.344+0000] {processor.py:830} INFO - Processing file /opt/airflow/dags/sdp_pipeline_dag.py for tasks to queue
[2026-06-05T11:28:54.352+0000] {logging_mixin.py:188} INFO - [2026-06-05T11:28:54.351+0000] {dagbag.py:540} INFO - Filling up the DagBag from /opt/airflow/dags/sdp_pipeline_dag.py
[2026-06-05T11:28:54.422+0000] {processor.py:840} INFO - DAG(s) 'e-commerce_kafka_streaming_pipeline_v5' retrieved from /opt/airflow/dags/sdp_pipeline_dag.py
[2026-06-05T11:28:54.478+0000] {logging_mixin.py:188} INFO - [2026-06-05T11:28:54.478+0000] {dag.py:3096} INFO - Sync 1 DAGs
[2026-06-05T11:28:54.587+0000] {logging_mixin.py:188} INFO - [2026-06-05T11:28:54.587+0000] {dag.py:3954} INFO - Setting next_dagrun for e-commerce_kafka_streaming_pipeline_v5 to 2026-06-05 11:00:00+00:00, run_after=2026-06-05 12:00:00+00:00
[2026-06-05T11:28:54.690+0000] {processor.py:183} INFO - Processing /opt/airflow/dags/sdp_pipeline_dag.py took 0.370 seconds
[2026-06-05T11:28:56.847+0000] {processor.py:161} INFO - Started process (PID=333) to work on /opt/airflow/dags/sdp_pipeline_dag.py
[2026-06-05T11:28:56.852+0000] {processor.py:830} INFO - Processing file /opt/airflow/dags/sdp_pipeline_dag.py for tasks to queue
[2026-06-05T11:28:56.857+0000] {logging_mixin.py:188} INFO - [2026-06-05T11:28:56.857+0000] {dagbag.py:540} INFO - Filling up the DagBag from /opt/airflow/dags/sdp_pipeline_dag.py
[2026-06-05T11:28:56.980+0000] {processor.py:840} INFO - DAG(s) 'e-commerce_kafka_streaming_pipeline_v5' retrieved from /opt/airflow/dags/sdp_pipeline_dag.py
[2026-06-05T11:28:57.040+0000] {logging_mixin.py:188} INFO - [2026-06-05T11:28:57.040+0000] {dag.py:3096} INFO - Sync 1 DAGs
[2026-06-05T11:28:57.169+0000] {logging_mixin.py:188} INFO - [2026-06-05T11:28:57.164+0000] {dag.py:3954} INFO - Setting next_dagrun for e-commerce_kafka_streaming_pipeline_v5 to 2026-06-05 11:00:00+00:00, run_after=2026-06-05 12:00:00+00:00
[2026-06-05T11:28:57.262+0000] {processor.py:183} INFO - Processing /opt/airflow/dags/sdp_pipeline_dag.py took 0.439 seconds
[2026-06-05T11:29:27.990+0000] {processor.py:161} INFO - Started process (PID=356) to work on /opt/airflow/dags/sdp_pipeline_dag.py
[2026-06-05T11:29:27.998+0000] {processor.py:830} INFO - Processing file /opt/airflow/dags/sdp_pipeline_dag.py for tasks to queue
[2026-06-05T11:29:28.009+0000] {logging_mixin.py:188} INFO - [2026-06-05T11:29:28.008+0000] {dagbag.py:540} INFO - Filling up the DagBag from /opt/airflow/dags/sdp_pipeline_dag.py
[2026-06-05T11:29:28.133+0000] {processor.py:840} INFO - DAG(s) 'e-commerce_kafka_streaming_pipeline_v5' retrieved from /opt/airflow/dags/sdp_pipeline_dag.py
[2026-06-05T11:29:28.280+0000] {logging_mixin.py:188} INFO - [2026-06-05T11:29:28.270+0000] {dag.py:3096} INFO - Sync 1 DAGs
[2026-06-05T11:29:28.416+0000] {logging_mixin.py:188} INFO - [2026-06-05T11:29:28.415+0000] {dag.py:3954} INFO - Setting next_dagrun for e-commerce_kafka_streaming_pipeline_v5 to 2026-06-05 11:00:00+00:00, run_after=2026-06-05 12:00:00+00:00
[2026-06-05T11:29:28.612+0000] {processor.py:183} INFO - Processing /opt/airflow/dags/sdp_pipeline_dag.py took 0.656 seconds
[2026-06-05T11:29:33.922+0000] {processor.py:161} INFO - Started process (PID=361) to work on /opt/airflow/dags/sdp_pipeline_dag.py
[2026-06-05T11:29:33.926+0000] {processor.py:830} INFO - Processing file /opt/airflow/dags/sdp_pipeline_dag.py for tasks to queue
[2026-06-05T11:29:33.933+0000] {logging_mixin.py:188} INFO - [2026-06-05T11:29:33.932+0000] {dagbag.py:540} INFO - Filling up the DagBag from /opt/airflow/dags/sdp_pipeline_dag.py
[2026-06-05T11:29:34.014+0000] {processor.py:840} INFO - DAG(s) 'e-commerce_kafka_streaming_pipeline_v5' retrieved from /opt/airflow/dags/sdp_pipeline_dag.py
[2026-06-05T11:29:34.140+0000] {logging_mixin.py:188} INFO - [2026-06-05T11:29:34.139+0000] {dag.py:3096} INFO - Sync 1 DAGs
[2026-06-05T11:29:34.235+0000] {logging_mixin.py:188} INFO - [2026-06-05T11:29:34.234+0000] {dag.py:3954} INFO - Setting next_dagrun for e-commerce_kafka_streaming_pipeline_v5 to 2026-06-05 11:00:00+00:00, run_after=2026-06-05 12:00:00+00:00
[2026-06-05T11:29:34.315+0000] {processor.py:183} INFO - Processing /opt/airflow/dags/sdp_pipeline_dag.py took 0.410 seconds
[2026-06-05T11:30:05.065+0000] {processor.py:161} INFO - Started process (PID=366) to work on /opt/airflow/dags/sdp_pipeline_dag.py
[2026-06-05T11:30:05.069+0000] {processor.py:830} INFO - Processing file /opt/airflow/dags/sdp_pipeline_dag.py for tasks to queue
[2026-06-05T11:30:05.076+0000] {logging_mixin.py:188} INFO - [2026-06-05T11:30:05.075+0000] {dagbag.py:540} INFO - Filling up the DagBag from /opt/airflow/dags/sdp_pipeline_dag.py
[2026-06-05T11:30:05.250+0000] {processor.py:840} INFO - DAG(s) 'e-commerce_kafka_streaming_pipeline_v5' retrieved from /opt/airflow/dags/sdp_pipeline_dag.py
[2026-06-05T11:30:05.410+0000] {logging_mixin.py:188} INFO - [2026-06-05T11:30:05.398+0000] {dag.py:3096} INFO - Sync 1 DAGs
[2026-06-05T11:30:05.711+0000] {logging_mixin.py:188} INFO - [2026-06-05T11:30:05.704+0000] {dag.py:3954} INFO - Setting next_dagrun for e-commerce_kafka_streaming_pipeline_v5 to 2026-06-05 11:00:00+00:00, run_after=2026-06-05 12:00:00+00:00
[2026-06-05T11:30:05.913+0000] {processor.py:183} INFO - Processing /opt/airflow/dags/sdp_pipeline_dag.py took 0.892 seconds
[2026-06-05T11:30:36.482+0000] {processor.py:161} INFO - Started process (PID=371) to work on /opt/airflow/dags/sdp_pipeline_dag.py
[2026-06-05T11:30:36.492+0000] {processor.py:830} INFO - Processing file /opt/airflow/dags/sdp_pipeline_dag.py for tasks to queue
[2026-06-05T11:30:36.513+0000] {logging_mixin.py:188} INFO - [2026-06-05T11:30:36.512+0000] {dagbag.py:540} INFO - Filling up the DagBag from /opt/airflow/dags/sdp_pipeline_dag.py
[2026-06-05T11:30:36.875+0000] {processor.py:840} INFO - DAG(s) 'e-commerce_kafka_streaming_pipeline_v5' retrieved from /opt/airflow/dags/sdp_pipeline_dag.py
[2026-06-05T11:30:37.020+0000] {logging_mixin.py:188} INFO - [2026-06-05T11:30:37.019+0000] {dag.py:3096} INFO - Sync 1 DAGs
[2026-06-05T11:30:37.125+0000] {logging_mixin.py:188} INFO - [2026-06-05T11:30:37.125+0000] {dag.py:3954} INFO - Setting next_dagrun for e-commerce_kafka_streaming_pipeline_v5 to 2026-06-05 11:00:00+00:00, run_after=2026-06-05 12:00:00+00:00
[2026-06-05T11:30:37.246+0000] {processor.py:183} INFO - Processing /opt/airflow/dags/sdp_pipeline_dag.py took 0.803 seconds
[2026-06-05T11:31:08.143+0000] {processor.py:161} INFO - Started process (PID=376) to work on /opt/airflow/dags/sdp_pipeline_dag.py
[2026-06-05T11:31:08.152+0000] {processor.py:830} INFO - Processing file /opt/airflow/dags/sdp_pipeline_dag.py for tasks to queue
[2026-06-05T11:31:08.155+0000] {logging_mixin.py:188} INFO - [2026-06-05T11:31:08.154+0000] {dagbag.py:540} INFO - Filling up the DagBag from /opt/airflow/dags/sdp_pipeline_dag.py
[2026-06-05T11:31:08.266+0000] {processor.py:840} INFO - DAG(s) 'e-commerce_kafka_streaming_pipeline_v5' retrieved from /opt/airflow/dags/sdp_pipeline_dag.py
[2026-06-05T11:31:08.430+0000] {logging_mixin.py:188} INFO - [2026-06-05T11:31:08.429+0000] {dag.py:3096} INFO - Sync 1 DAGs
[2026-06-05T11:31:08.673+0000] {logging_mixin.py:188} INFO - [2026-06-05T11:31:08.672+0000] {dag.py:3954} INFO - Setting next_dagrun for e-commerce_kafka_streaming_pipeline_v5 to 2026-06-05 11:00:00+00:00, run_after=2026-06-05 12:00:00+00:00
[2026-06-05T11:31:08.869+0000] {processor.py:183} INFO - Processing /opt/airflow/dags/sdp_pipeline_dag.py took 0.743 seconds
[2026-06-05T11:31:39.384+0000] {processor.py:161} INFO - Started process (PID=383) to work on /opt/airflow/dags/sdp_pipeline_dag.py
[2026-06-05T11:31:39.387+0000] {processor.py:830} INFO - Processing file /opt/airflow/dags/sdp_pipeline_dag.py for tasks to queue
[2026-06-05T11:31:39.390+0000] {logging_mixin.py:188} INFO - [2026-06-05T11:31:39.389+0000] {dagbag.py:540} INFO - Filling up the DagBag from /opt/airflow/dags/sdp_pipeline_dag.py
[2026-06-05T11:31:39.452+0000] {processor.py:840} INFO - DAG(s) 'e-commerce_kafka_streaming_pipeline_v5' retrieved from /opt/airflow/dags/sdp_pipeline_dag.py
[2026-06-05T11:31:39.558+0000] {logging_mixin.py:188} INFO - [2026-06-05T11:31:39.558+0000] {dag.py:3096} INFO - Sync 1 DAGs
[2026-06-05T11:31:39.684+0000] {logging_mixin.py:188} INFO - [2026-06-05T11:31:39.683+0000] {dag.py:3954} INFO - Setting next_dagrun for e-commerce_kafka_streaming_pipeline_v5 to 2026-06-05 11:00:00+00:00, run_after=2026-06-05 12:00:00+00:00
[2026-06-05T11:31:39.781+0000] {processor.py:183} INFO - Processing /opt/airflow/dags/sdp_pipeline_dag.py took 0.418 seconds
[2026-06-05T11:32:10.365+0000] {processor.py:161} INFO - Started process (PID=388) to work on /opt/airflow/dags/sdp_pipeline_dag.py
[2026-06-05T11:32:10.368+0000] {processor.py:830} INFO - Processing file /opt/airflow/dags/sdp_pipeline_dag.py for tasks to queue
[2026-06-05T11:32:10.374+0000] {logging_mixin.py:188} INFO - [2026-06-05T11:32:10.374+0000] {dagbag.py:540} INFO - Filling up the DagBag from /opt/airflow/dags/sdp_pipeline_dag.py
[2026-06-05T11:32:10.489+0000] {processor.py:840} INFO - DAG(s) 'e-commerce_kafka_streaming_pipeline_v5' retrieved from /opt/airflow/dags/sdp_pipeline_dag.py
[2026-06-05T11:32:10.631+0000] {logging_mixin.py:188} INFO - [2026-06-05T11:32:10.629+0000] {dag.py:3096} INFO - Sync 1 DAGs
[2026-06-05T11:32:10.747+0000] {logging_mixin.py:188} INFO - [2026-06-05T11:32:10.746+0000] {dag.py:3954} INFO - Setting next_dagrun for e-commerce_kafka_streaming_pipeline_v5 to 2026-06-05 11:00:00+00:00, run_after=2026-06-05 12:00:00+00:00
[2026-06-05T11:32:10.854+0000] {processor.py:183} INFO - Processing /opt/airflow/dags/sdp_pipeline_dag.py took 0.512 seconds
[2026-06-05T11:32:41.125+0000] {processor.py:161} INFO - Started process (PID=393) to work on /opt/airflow/dags/sdp_pipeline_dag.py
[2026-06-05T11:32:41.127+0000] {processor.py:830} INFO - Processing file /opt/airflow/dags/sdp_pipeline_dag.py for tasks to queue
[2026-06-05T11:32:41.129+0000] {logging_mixin.py:188} INFO - [2026-06-05T11:32:41.128+0000] {dagbag.py:540} INFO - Filling up the DagBag from /opt/airflow/dags/sdp_pipeline_dag.py
[2026-06-05T11:32:41.186+0000] {processor.py:840} INFO - DAG(s) 'e-commerce_kafka_streaming_pipeline_v5' retrieved from /opt/airflow/dags/sdp_pipeline_dag.py
[2026-06-05T11:32:41.325+0000] {logging_mixin.py:188} INFO - [2026-06-05T11:32:41.324+0000] {dag.py:3096} INFO - Sync 1 DAGs
[2026-06-05T11:32:41.424+0000] {logging_mixin.py:188} INFO - [2026-06-05T11:32:41.423+0000] {dag.py:3954} INFO - Setting next_dagrun for e-commerce_kafka_streaming_pipeline_v5 to 2026-06-05 11:00:00+00:00, run_after=2026-06-05 12:00:00+00:00
[2026-06-05T11:32:41.627+0000] {processor.py:183} INFO - Processing /opt/airflow/dags/sdp_pipeline_dag.py took 0.517 seconds
[2026-06-05T11:33:11.933+0000] {processor.py:161} INFO - Started process (PID=417) to work on /opt/airflow/dags/sdp_pipeline_dag.py
[2026-06-05T11:33:11.942+0000] {processor.py:830} INFO - Processing file /opt/airflow/dags/sdp_pipeline_dag.py for tasks to queue
[2026-06-05T11:33:11.955+0000] {logging_mixin.py:188} INFO - [2026-06-05T11:33:11.954+0000] {dagbag.py:540} INFO - Filling up the DagBag from /opt/airflow/dags/sdp_pipeline_dag.py
[2026-06-05T11:33:12.050+0000] {processor.py:840} INFO - DAG(s) 'e-commerce_kafka_streaming_pipeline_v5' retrieved from /opt/airflow/dags/sdp_pipeline_dag.py
[2026-06-05T11:33:12.181+0000] {logging_mixin.py:188} INFO - [2026-06-05T11:33:12.180+0000] {dag.py:3096} INFO - Sync 1 DAGs
[2026-06-05T11:33:12.378+0000] {logging_mixin.py:188} INFO - [2026-06-05T11:33:12.365+0000] {dag.py:3954} INFO - Setting next_dagrun for e-commerce_kafka_streaming_pipeline_v5 to 2026-06-05 11:00:00+00:00, run_after=2026-06-05 12:00:00+00:00
[2026-06-05T11:33:12.647+0000] {processor.py:183} INFO - Processing /opt/airflow/dags/sdp_pipeline_dag.py took 0.745 seconds
[2026-06-05T11:33:43.213+0000] {processor.py:161} INFO - Started process (PID=423) to work on /opt/airflow/dags/sdp_pipeline_dag.py
[2026-06-05T11:33:43.216+0000] {processor.py:830} INFO - Processing file /opt/airflow/dags/sdp_pipeline_dag.py for tasks to queue
[2026-06-05T11:33:43.218+0000] {logging_mixin.py:188} INFO - [2026-06-05T11:33:43.217+0000] {dagbag.py:540} INFO - Filling up the DagBag from /opt/airflow/dags/sdp_pipeline_dag.py
[2026-06-05T11:33:43.273+0000] {processor.py:840} INFO - DAG(s) 'e-commerce_kafka_streaming_pipeline_v5' retrieved from /opt/airflow/dags/sdp_pipeline_dag.py
[2026-06-05T11:33:43.358+0000] {logging_mixin.py:188} INFO - [2026-06-05T11:33:43.358+0000] {dag.py:3096} INFO - Sync 1 DAGs
[2026-06-05T11:33:43.455+0000] {logging_mixin.py:188} INFO - [2026-06-05T11:33:43.454+0000] {dag.py:3954} INFO - Setting next_dagrun for e-commerce_kafka_streaming_pipeline_v5 to 2026-06-05 11:00:00+00:00, run_after=2026-06-05 12:00:00+00:00
[2026-06-05T11:33:43.518+0000] {processor.py:183} INFO - Processing /opt/airflow/dags/sdp_pipeline_dag.py took 0.333 seconds
[2026-06-05T11:34:13.868+0000] {processor.py:161} INFO - Started process (PID=428) to work on /opt/airflow/dags/sdp_pipeline_dag.py
[2026-06-05T11:34:13.870+0000] {processor.py:830} INFO - Processing file /opt/airflow/dags/sdp_pipeline_dag.py for tasks to queue
[2026-06-05T11:34:13.874+0000] {logging_mixin.py:188} INFO - [2026-06-05T11:34:13.873+0000] {dagbag.py:540} INFO - Filling up the DagBag from /opt/airflow/dags/sdp_pipeline_dag.py
[2026-06-05T11:34:13.956+0000] {processor.py:840} INFO - DAG(s) 'e-commerce_kafka_streaming_pipeline_v5' retrieved from /opt/airflow/dags/sdp_pipeline_dag.py
[2026-06-05T11:34:14.087+0000] {logging_mixin.py:188} INFO - [2026-06-05T11:34:14.086+0000] {dag.py:3096} INFO - Sync 1 DAGs
[2026-06-05T11:34:14.213+0000] {logging_mixin.py:188} INFO - [2026-06-05T11:34:14.206+0000] {dag.py:3954} INFO - Setting next_dagrun for e-commerce_kafka_streaming_pipeline_v5 to 2026-06-05 11:00:00+00:00, run_after=2026-06-05 12:00:00+00:00
[2026-06-05T11:34:14.301+0000] {processor.py:183} INFO - Processing /opt/airflow/dags/sdp_pipeline_dag.py took 0.467 seconds
[2026-06-05T11:34:44.687+0000] {processor.py:161} INFO - Started process (PID=433) to work on /opt/airflow/dags/sdp_pipeline_dag.py
[2026-06-05T11:34:44.690+0000] {processor.py:830} INFO - Processing file /opt/airflow/dags/sdp_pipeline_dag.py for tasks to queue
[2026-06-05T11:34:44.693+0000] {logging_mixin.py:188} INFO - [2026-06-05T11:34:44.692+0000] {dagbag.py:540} INFO - Filling up the DagBag from /opt/airflow/dags/sdp_pipeline_dag.py
[2026-06-05T11:34:44.750+0000] {processor.py:840} INFO - DAG(s) 'e-commerce_kafka_streaming_pipeline_v5' retrieved from /opt/airflow/dags/sdp_pipeline_dag.py
[2026-06-05T11:34:44.867+0000] {logging_mixin.py:188} INFO - [2026-06-05T11:34:44.866+0000] {dag.py:3096} INFO - Sync 1 DAGs
[2026-06-05T11:34:44.955+0000] {logging_mixin.py:188} INFO - [2026-06-05T11:34:44.953+0000] {dag.py:3954} INFO - Setting next_dagrun for e-commerce_kafka_streaming_pipeline_v5 to 2026-06-05 11:00:00+00:00, run_after=2026-06-05 12:00:00+00:00
[2026-06-05T11:34:45.021+0000] {processor.py:183} INFO - Processing /opt/airflow/dags/sdp_pipeline_dag.py took 0.359 seconds
[2026-06-05T11:35:15.544+0000] {processor.py:161} INFO - Started process (PID=440) to work on /opt/airflow/dags/sdp_pipeline_dag.py
[2026-06-05T11:35:15.553+0000] {processor.py:830} INFO - Processing file /opt/airflow/dags/sdp_pipeline_dag.py for tasks to queue
[2026-06-05T11:35:15.559+0000] {logging_mixin.py:188} INFO - [2026-06-05T11:35:15.556+0000] {dagbag.py:540} INFO - Filling up the DagBag from /opt/airflow/dags/sdp_pipeline_dag.py
[2026-06-05T11:35:16.181+0000] {processor.py:840} INFO - DAG(s) 'e-commerce_kafka_streaming_pipeline_v5' retrieved from /opt/airflow/dags/sdp_pipeline_dag.py
[2026-06-05T11:35:16.352+0000] {logging_mixin.py:188} INFO - [2026-06-05T11:35:16.351+0000] {dag.py:3096} INFO - Sync 1 DAGs
[2026-06-05T11:35:16.525+0000] {logging_mixin.py:188} INFO - [2026-06-05T11:35:16.525+0000] {dag.py:3954} INFO - Setting next_dagrun for e-commerce_kafka_streaming_pipeline_v5 to 2026-06-05 11:00:00+00:00, run_after=2026-06-05 12:00:00+00:00
[2026-06-05T11:35:16.656+0000] {processor.py:183} INFO - Processing /opt/airflow/dags/sdp_pipeline_dag.py took 1.171 seconds
[2026-06-05T11:35:47.016+0000] {processor.py:161} INFO - Started process (PID=445) to work on /opt/airflow/dags/sdp_pipeline_dag.py
[2026-06-05T11:35:47.019+0000] {processor.py:830} INFO - Processing file /opt/airflow/dags/sdp_pipeline_dag.py for tasks to queue
[2026-06-05T11:35:47.022+0000] {logging_mixin.py:188} INFO - [2026-06-05T11:35:47.021+0000] {dagbag.py:540} INFO - Filling up the DagBag from /opt/airflow/dags/sdp_pipeline_dag.py
[2026-06-05T11:35:47.122+0000] {processor.py:840} INFO - DAG(s) 'e-commerce_kafka_streaming_pipeline_v5' retrieved from /opt/airflow/dags/sdp_pipeline_dag.py
[2026-06-05T11:35:47.221+0000] {logging_mixin.py:188} INFO - [2026-06-05T11:35:47.220+0000] {dag.py:3096} INFO - Sync 1 DAGs
[2026-06-05T11:35:47.302+0000] {logging_mixin.py:188} INFO - [2026-06-05T11:35:47.302+0000] {dag.py:3954} INFO - Setting next_dagrun for e-commerce_kafka_streaming_pipeline_v5 to 2026-06-05 11:00:00+00:00, run_after=2026-06-05 12:00:00+00:00
[2026-06-05T11:35:47.374+0000] {processor.py:183} INFO - Processing /opt/airflow/dags/sdp_pipeline_dag.py took 0.378 seconds
[2026-06-05T11:36:17.699+0000] {processor.py:161} INFO - Started process (PID=452) to work on /opt/airflow/dags/sdp_pipeline_dag.py
[2026-06-05T11:36:17.705+0000] {processor.py:830} INFO - Processing file /opt/airflow/dags/sdp_pipeline_dag.py for tasks to queue
[2026-06-05T11:36:17.714+0000] {logging_mixin.py:188} INFO - [2026-06-05T11:36:17.712+0000] {dagbag.py:540} INFO - Filling up the DagBag from /opt/airflow/dags/sdp_pipeline_dag.py
[2026-06-05T11:36:17.843+0000] {processor.py:840} INFO - DAG(s) 'e-commerce_kafka_streaming_pipeline_v5' retrieved from /opt/airflow/dags/sdp_pipeline_dag.py
[2026-06-05T11:36:17.990+0000] {logging_mixin.py:188} INFO - [2026-06-05T11:36:17.977+0000] {dag.py:3096} INFO - Sync 1 DAGs
[2026-06-05T11:36:18.121+0000] {logging_mixin.py:188} INFO - [2026-06-05T11:36:18.120+0000] {dag.py:3954} INFO - Setting next_dagrun for e-commerce_kafka_streaming_pipeline_v5 to 2026-06-05 11:00:00+00:00, run_after=2026-06-05 12:00:00+00:00
[2026-06-05T11:36:18.216+0000] {processor.py:183} INFO - Processing /opt/airflow/dags/sdp_pipeline_dag.py took 0.558 seconds
[2026-06-05T11:36:48.906+0000] {processor.py:161} INFO - Started process (PID=457) to work on /opt/airflow/dags/sdp_pipeline_dag.py
[2026-06-05T11:36:48.908+0000] {processor.py:830} INFO - Processing file /opt/airflow/dags/sdp_pipeline_dag.py for tasks to queue
[2026-06-05T11:36:48.910+0000] {logging_mixin.py:188} INFO - [2026-06-05T11:36:48.909+0000] {dagbag.py:540} INFO - Filling up the DagBag from /opt/airflow/dags/sdp_pipeline_dag.py
[2026-06-05T11:36:48.976+0000] {processor.py:840} INFO - DAG(s) 'e-commerce_kafka_streaming_pipeline_v5' retrieved from /opt/airflow/dags/sdp_pipeline_dag.py
[2026-06-05T11:36:49.089+0000] {logging_mixin.py:188} INFO - [2026-06-05T11:36:49.088+0000] {dag.py:3096} INFO - Sync 1 DAGs
[2026-06-05T11:36:49.191+0000] {logging_mixin.py:188} INFO - [2026-06-05T11:36:49.191+0000] {dag.py:3954} INFO - Setting next_dagrun for e-commerce_kafka_streaming_pipeline_v5 to 2026-06-05 11:00:00+00:00, run_after=2026-06-05 12:00:00+00:00
[2026-06-05T11:36:49.254+0000] {processor.py:183} INFO - Processing /opt/airflow/dags/sdp_pipeline_dag.py took 0.371 seconds
[2026-06-05T11:37:19.832+0000] {processor.py:161} INFO - Started process (PID=462) to work on /opt/airflow/dags/sdp_pipeline_dag.py
[2026-06-05T11:37:19.844+0000] {processor.py:830} INFO - Processing file /opt/airflow/dags/sdp_pipeline_dag.py for tasks to queue
[2026-06-05T11:37:19.855+0000] {logging_mixin.py:188} INFO - [2026-06-05T11:37:19.848+0000] {dagbag.py:540} INFO - Filling up the DagBag from /opt/airflow/dags/sdp_pipeline_dag.py
[2026-06-05T11:37:20.003+0000] {processor.py:840} INFO - DAG(s) 'e-commerce_kafka_streaming_pipeline_v5' retrieved from /opt/airflow/dags/sdp_pipeline_dag.py
[2026-06-05T11:37:20.215+0000] {logging_mixin.py:188} INFO - [2026-06-05T11:37:20.215+0000] {dag.py:3096} INFO - Sync 1 DAGs
[2026-06-05T11:37:20.491+0000] {logging_mixin.py:188} INFO - [2026-06-05T11:37:20.491+0000] {dag.py:3954} INFO - Setting next_dagrun for e-commerce_kafka_streaming_pipeline_v5 to 2026-06-05 11:00:00+00:00, run_after=2026-06-05 12:00:00+00:00
[2026-06-05T11:37:20.818+0000] {processor.py:183} INFO - Processing /opt/airflow/dags/sdp_pipeline_dag.py took 1.009 seconds
[2026-06-05T11:37:51.343+0000] {processor.py:161} INFO - Started process (PID=467) to work on /opt/airflow/dags/sdp_pipeline_dag.py
[2026-06-05T11:37:51.347+0000] {processor.py:830} INFO - Processing file /opt/airflow/dags/sdp_pipeline_dag.py for tasks to queue
[2026-06-05T11:37:51.349+0000] {logging_mixin.py:188} INFO - [2026-06-05T11:37:51.348+0000] {dagbag.py:540} INFO - Filling up the DagBag from /opt/airflow/dags/sdp_pipeline_dag.py
[2026-06-05T11:37:51.433+0000] {processor.py:840} INFO - DAG(s) 'e-commerce_kafka_streaming_pipeline_v5' retrieved from /opt/airflow/dags/sdp_pipeline_dag.py
[2026-06-05T11:37:51.544+0000] {logging_mixin.py:188} INFO - [2026-06-05T11:37:51.543+0000] {dag.py:3096} INFO - Sync 1 DAGs
[2026-06-05T11:37:51.652+0000] {logging_mixin.py:188} INFO - [2026-06-05T11:37:51.651+0000] {dag.py:3954} INFO - Setting next_dagrun for e-commerce_kafka_streaming_pipeline_v5 to 2026-06-05 11:00:00+00:00, run_after=2026-06-05 12:00:00+00:00
[2026-06-05T11:37:51.723+0000] {processor.py:183} INFO - Processing /opt/airflow/dags/sdp_pipeline_dag.py took 0.410 seconds
[2026-06-05T11:38:21.908+0000] {processor.py:161} INFO - Started process (PID=474) to work on /opt/airflow/dags/sdp_pipeline_dag.py
[2026-06-05T11:38:21.910+0000] {processor.py:830} INFO - Processing file /opt/airflow/dags/sdp_pipeline_dag.py for tasks to queue
[2026-06-05T11:38:21.913+0000] {logging_mixin.py:188} INFO - [2026-06-05T11:38:21.912+0000] {dagbag.py:540} INFO - Filling up the DagBag from /opt/airflow/dags/sdp_pipeline_dag.py
[2026-06-05T11:38:21.972+0000] {processor.py:840} INFO - DAG(s) 'e-commerce_kafka_streaming_pipeline_v5' retrieved from /opt/airflow/dags/sdp_pipeline_dag.py
[2026-06-05T11:38:22.072+0000] {logging_mixin.py:188} INFO - [2026-06-05T11:38:22.072+0000] {dag.py:3096} INFO - Sync 1 DAGs
[2026-06-05T11:38:22.166+0000] {logging_mixin.py:188} INFO - [2026-06-05T11:38:22.166+0000] {dag.py:3954} INFO - Setting next_dagrun for e-commerce_kafka_streaming_pipeline_v5 to 2026-06-05 11:00:00+00:00, run_after=2026-06-05 12:00:00+00:00
[2026-06-05T11:38:22.227+0000] {processor.py:183} INFO - Processing /opt/airflow/dags/sdp_pipeline_dag.py took 0.339 seconds
[2026-06-05T11:38:52.676+0000] {processor.py:161} INFO - Started process (PID=479) to work on /opt/airflow/dags/sdp_pipeline_dag.py
[2026-06-05T11:38:52.682+0000] {processor.py:830} INFO - Processing file /opt/airflow/dags/sdp_pipeline_dag.py for tasks to queue
[2026-06-05T11:38:52.685+0000] {logging_mixin.py:188} INFO - [2026-06-05T11:38:52.684+0000] {dagbag.py:540} INFO - Filling up the DagBag from /opt/airflow/dags/sdp_pipeline_dag.py
[2026-06-05T11:38:52.740+0000] {processor.py:840} INFO - DAG(s) 'e-commerce_kafka_streaming_pipeline_v5' retrieved from /opt/airflow/dags/sdp_pipeline_dag.py
[2026-06-05T11:38:52.873+0000] {logging_mixin.py:188} INFO - [2026-06-05T11:38:52.863+0000] {dag.py:3096} INFO - Sync 1 DAGs
[2026-06-05T11:38:53.054+0000] {logging_mixin.py:188} INFO - [2026-06-05T11:38:53.048+0000] {dag.py:3954} INFO - Setting next_dagrun for e-commerce_kafka_streaming_pipeline_v5 to 2026-06-05 11:00:00+00:00, run_after=2026-06-05 12:00:00+00:00
[2026-06-05T11:38:53.151+0000] {processor.py:183} INFO - Processing /opt/airflow/dags/sdp_pipeline_dag.py took 0.494 seconds
[2026-06-05T11:39:23.991+0000] {processor.py:161} INFO - Started process (PID=484) to work on /opt/airflow/dags/sdp_pipeline_dag.py
[2026-06-05T11:39:23.994+0000] {processor.py:830} INFO - Processing file /opt/airflow/dags/sdp_pipeline_dag.py for tasks to queue
[2026-06-05T11:39:23.998+0000] {logging_mixin.py:188} INFO - [2026-06-05T11:39:23.997+0000] {dagbag.py:540} INFO - Filling up the DagBag from /opt/airflow/dags/sdp_pipeline_dag.py
[2026-06-05T11:39:24.071+0000] {processor.py:840} INFO - DAG(s) 'e-commerce_kafka_streaming_pipeline_v5' retrieved from /opt/airflow/dags/sdp_pipeline_dag.py
[2026-06-05T11:39:24.172+0000] {logging_mixin.py:188} INFO - [2026-06-05T11:39:24.172+0000] {dag.py:3096} INFO - Sync 1 DAGs
[2026-06-05T11:39:24.279+0000] {logging_mixin.py:188} INFO - [2026-06-05T11:39:24.279+0000] {dag.py:3954} INFO - Setting next_dagrun for e-commerce_kafka_streaming_pipeline_v5 to 2026-06-05 11:00:00+00:00, run_after=2026-06-05 12:00:00+00:00
[2026-06-05T11:39:24.353+0000] {processor.py:183} INFO - Processing /opt/airflow/dags/sdp_pipeline_dag.py took 0.386 seconds
[2026-06-05T11:39:54.549+0000] {processor.py:161} INFO - Started process (PID=489) to work on /opt/airflow/dags/sdp_pipeline_dag.py
[2026-06-05T11:39:54.552+0000] {processor.py:830} INFO - Processing file /opt/airflow/dags/sdp_pipeline_dag.py for tasks to queue
[2026-06-05T11:39:54.555+0000] {logging_mixin.py:188} INFO - [2026-06-05T11:39:54.554+0000] {dagbag.py:540} INFO - Filling up the DagBag from /opt/airflow/dags/sdp_pipeline_dag.py
[2026-06-05T11:39:54.624+0000] {processor.py:840} INFO - DAG(s) 'e-commerce_kafka_streaming_pipeline_v5' retrieved from /opt/airflow/dags/sdp_pipeline_dag.py
[2026-06-05T11:39:54.727+0000] {logging_mixin.py:188} INFO - [2026-06-05T11:39:54.725+0000] {dag.py:3096} INFO - Sync 1 DAGs
[2026-06-05T11:39:54.833+0000] {logging_mixin.py:188} INFO - [2026-06-05T11:39:54.832+0000] {dag.py:3954} INFO - Setting next_dagrun for e-commerce_kafka_streaming_pipeline_v5 to 2026-06-05 11:00:00+00:00, run_after=2026-06-05 12:00:00+00:00
[2026-06-05T11:39:54.885+0000] {processor.py:183} INFO - Processing /opt/airflow/dags/sdp_pipeline_dag.py took 0.352 seconds
[2026-06-05T11:40:25.142+0000] {processor.py:161} INFO - Started process (PID=494) to work on /opt/airflow/dags/sdp_pipeline_dag.py
[2026-06-05T11:40:25.144+0000] {processor.py:830} INFO - Processing file /opt/airflow/dags/sdp_pipeline_dag.py for tasks to queue
[2026-06-05T11:40:25.147+0000] {logging_mixin.py:188} INFO - [2026-06-05T11:40:25.146+0000] {dagbag.py:540} INFO - Filling up the DagBag from /opt/airflow/dags/sdp_pipeline_dag.py
[2026-06-05T11:40:25.214+0000] {processor.py:840} INFO - DAG(s) 'e-commerce_kafka_streaming_pipeline_v5' retrieved from /opt/airflow/dags/sdp_pipeline_dag.py
[2026-06-05T11:40:25.326+0000] {logging_mixin.py:188} INFO - [2026-06-05T11:40:25.325+0000] {dag.py:3096} INFO - Sync 1 DAGs
[2026-06-05T11:40:25.432+0000] {logging_mixin.py:188} INFO - [2026-06-05T11:40:25.431+0000] {dag.py:3954} INFO - Setting next_dagrun for e-commerce_kafka_streaming_pipeline_v5 to 2026-06-05 11:00:00+00:00, run_after=2026-06-05 12:00:00+00:00
[2026-06-05T11:40:25.510+0000] {processor.py:183} INFO - Processing /opt/airflow/dags/sdp_pipeline_dag.py took 0.393 seconds
[2026-06-05T11:40:56.227+0000] {processor.py:161} INFO - Started process (PID=499) to work on /opt/airflow/dags/sdp_pipeline_dag.py
[2026-06-05T11:40:56.242+0000] {processor.py:830} INFO - Processing file /opt/airflow/dags/sdp_pipeline_dag.py for tasks to queue
[2026-06-05T11:40:56.270+0000] {logging_mixin.py:188} INFO - [2026-06-05T11:40:56.268+0000] {dagbag.py:540} INFO - Filling up the DagBag from /opt/airflow/dags/sdp_pipeline_dag.py
[2026-06-05T11:40:56.468+0000] {processor.py:840} INFO - DAG(s) 'e-commerce_kafka_streaming_pipeline_v5' retrieved from /opt/airflow/dags/sdp_pipeline_dag.py
[2026-06-05T11:40:56.698+0000] {logging_mixin.py:188} INFO - [2026-06-05T11:40:56.698+0000] {dag.py:3096} INFO - Sync 1 DAGs
[2026-06-05T11:40:56.897+0000] {logging_mixin.py:188} INFO - [2026-06-05T11:40:56.896+0000] {dag.py:3954} INFO - Setting next_dagrun for e-commerce_kafka_streaming_pipeline_v5 to 2026-06-05 11:00:00+00:00, run_after=2026-06-05 12:00:00+00:00
[2026-06-05T11:40:56.977+0000] {processor.py:183} INFO - Processing /opt/airflow/dags/sdp_pipeline_dag.py took 0.780 seconds
[2026-06-05T11:41:27.578+0000] {processor.py:161} INFO - Started process (PID=504) to work on /opt/airflow/dags/sdp_pipeline_dag.py
[2026-06-05T11:41:27.582+0000] {processor.py:830} INFO - Processing file /opt/airflow/dags/sdp_pipeline_dag.py for tasks to queue
[2026-06-05T11:41:27.585+0000] {logging_mixin.py:188} INFO - [2026-06-05T11:41:27.583+0000] {dagbag.py:540} INFO - Filling up the DagBag from /opt/airflow/dags/sdp_pipeline_dag.py
[2026-06-05T11:41:27.655+0000] {processor.py:840} INFO - DAG(s) 'e-commerce_kafka_streaming_pipeline_v5' retrieved from /opt/airflow/dags/sdp_pipeline_dag.py
[2026-06-05T11:41:27.763+0000] {logging_mixin.py:188} INFO - [2026-06-05T11:41:27.763+0000] {dag.py:3096} INFO - Sync 1 DAGs
[2026-06-05T11:41:27.882+0000] {logging_mixin.py:188} INFO - [2026-06-05T11:41:27.880+0000] {dag.py:3954} INFO - Setting next_dagrun for e-commerce_kafka_streaming_pipeline_v5 to 2026-06-05 11:00:00+00:00, run_after=2026-06-05 12:00:00+00:00
[2026-06-05T11:41:27.979+0000] {processor.py:183} INFO - Processing /opt/airflow/dags/sdp_pipeline_dag.py took 0.421 seconds
[2026-06-05T11:41:58.765+0000] {processor.py:161} INFO - Started process (PID=509) to work on /opt/airflow/dags/sdp_pipeline_dag.py
[2026-06-05T11:41:58.770+0000] {processor.py:830} INFO - Processing file /opt/airflow/dags/sdp_pipeline_dag.py for tasks to queue
[2026-06-05T11:41:58.777+0000] {logging_mixin.py:188} INFO - [2026-06-05T11:41:58.776+0000] {dagbag.py:540} INFO - Filling up the DagBag from /opt/airflow/dags/sdp_pipeline_dag.py
[2026-06-05T11:41:58.833+0000] {processor.py:840} INFO - DAG(s) 'e-commerce_kafka_streaming_pipeline_v5' retrieved from /opt/airflow/dags/sdp_pipeline_dag.py
[2026-06-05T11:41:58.933+0000] {logging_mixin.py:188} INFO - [2026-06-05T11:41:58.932+0000] {dag.py:3096} INFO - Sync 1 DAGs
[2026-06-05T11:41:59.024+0000] {logging_mixin.py:188} INFO - [2026-06-05T11:41:59.023+0000] {dag.py:3954} INFO - Setting next_dagrun for e-commerce_kafka_streaming_pipeline_v5 to 2026-06-05 11:00:00+00:00, run_after=2026-06-05 12:00:00+00:00
[2026-06-05T11:41:59.088+0000] {processor.py:183} INFO - Processing /opt/airflow/dags/sdp_pipeline_dag.py took 0.353 seconds
[2026-06-05T11:42:29.408+0000] {processor.py:161} INFO - Started process (PID=514) to work on /opt/airflow/dags/sdp_pipeline_dag.py
[2026-06-05T11:42:29.410+0000] {processor.py:830} INFO - Processing file /opt/airflow/dags/sdp_pipeline_dag.py for tasks to queue
[2026-06-05T11:42:29.415+0000] {logging_mixin.py:188} INFO - [2026-06-05T11:42:29.413+0000] {dagbag.py:540} INFO - Filling up the DagBag from /opt/airflow/dags/sdp_pipeline_dag.py
[2026-06-05T11:42:29.529+0000] {processor.py:840} INFO - DAG(s) 'e-commerce_kafka_streaming_pipeline_v5' retrieved from /opt/airflow/dags/sdp_pipeline_dag.py
[2026-06-05T11:42:29.690+0000] {logging_mixin.py:188} INFO - [2026-06-05T11:42:29.689+0000] {dag.py:3096} INFO - Sync 1 DAGs
[2026-06-05T11:42:29.812+0000] {logging_mixin.py:188} INFO - [2026-06-05T11:42:29.812+0000] {dag.py:3954} INFO - Setting next_dagrun for e-commerce_kafka_streaming_pipeline_v5 to 2026-06-05 11:00:00+00:00, run_after=2026-06-05 12:00:00+00:00
[2026-06-05T11:42:29.899+0000] {processor.py:183} INFO - Processing /opt/airflow/dags/sdp_pipeline_dag.py took 0.517 seconds
[2026-06-05T11:43:00.824+0000] {processor.py:161} INFO - Started process (PID=531) to work on /opt/airflow/dags/sdp_pipeline_dag.py
[2026-06-05T11:43:00.827+0000] {processor.py:830} INFO - Processing file /opt/airflow/dags/sdp_pipeline_dag.py for tasks to queue
[2026-06-05T11:43:00.830+0000] {logging_mixin.py:188} INFO - [2026-06-05T11:43:00.829+0000] {dagbag.py:540} INFO - Filling up the DagBag from /opt/airflow/dags/sdp_pipeline_dag.py
[2026-06-05T11:43:00.888+0000] {processor.py:840} INFO - DAG(s) 'e-commerce_kafka_streaming_pipeline_v5' retrieved from /opt/airflow/dags/sdp_pipeline_dag.py
[2026-06-05T11:43:00.999+0000] {logging_mixin.py:188} INFO - [2026-06-05T11:43:00.998+0000] {dag.py:3096} INFO - Sync 1 DAGs
[2026-06-05T11:43:01.110+0000] {logging_mixin.py:188} INFO - [2026-06-05T11:43:01.109+0000] {dag.py:3954} INFO - Setting next_dagrun for e-commerce_kafka_streaming_pipeline_v5 to 2026-06-05 11:00:00+00:00, run_after=2026-06-05 12:00:00+00:00
[2026-06-05T11:43:01.180+0000] {processor.py:183} INFO - Processing /opt/airflow/dags/sdp_pipeline_dag.py took 0.379 seconds
[2026-06-05T11:43:31.371+0000] {processor.py:161} INFO - Started process (PID=536) to work on /opt/airflow/dags/sdp_pipeline_dag.py
[2026-06-05T11:43:31.375+0000] {processor.py:830} INFO - Processing file /opt/airflow/dags/sdp_pipeline_dag.py for tasks to queue
[2026-06-05T11:43:31.379+0000] {logging_mixin.py:188} INFO - [2026-06-05T11:43:31.378+0000] {dagbag.py:540} INFO - Filling up the DagBag from /opt/airflow/dags/sdp_pipeline_dag.py
[2026-06-05T11:43:31.454+0000] {processor.py:840} INFO - DAG(s) 'e-commerce_kafka_streaming_pipeline_v5' retrieved from /opt/airflow/dags/sdp_pipeline_dag.py
[2026-06-05T11:43:31.570+0000] {logging_mixin.py:188} INFO - [2026-06-05T11:43:31.569+0000] {dag.py:3096} INFO - Sync 1 DAGs
[2026-06-05T11:43:31.689+0000] {logging_mixin.py:188} INFO - [2026-06-05T11:43:31.688+0000] {dag.py:3954} INFO - Setting next_dagrun for e-commerce_kafka_streaming_pipeline_v5 to 2026-06-05 11:00:00+00:00, run_after=2026-06-05 12:00:00+00:00
[2026-06-05T11:43:31.761+0000] {processor.py:183} INFO - Processing /opt/airflow/dags/sdp_pipeline_dag.py took 0.429 seconds
[2026-06-05T11:44:02.186+0000] {processor.py:161} INFO - Started process (PID=547) to work on /opt/airflow/dags/sdp_pipeline_dag.py
[2026-06-05T11:44:02.188+0000] {processor.py:830} INFO - Processing file /opt/airflow/dags/sdp_pipeline_dag.py for tasks to queue
[2026-06-05T11:44:02.191+0000] {logging_mixin.py:188} INFO - [2026-06-05T11:44:02.190+0000] {dagbag.py:540} INFO - Filling up the DagBag from /opt/airflow/dags/sdp_pipeline_dag.py
[2026-06-05T11:44:02.256+0000] {processor.py:840} INFO - DAG(s) 'e-commerce_kafka_streaming_pipeline_v5' retrieved from /opt/airflow/dags/sdp_pipeline_dag.py
[2026-06-05T11:44:02.373+0000] {logging_mixin.py:188} INFO - [2026-06-05T11:44:02.372+0000] {dag.py:3096} INFO - Sync 1 DAGs
[2026-06-05T11:44:02.533+0000] {logging_mixin.py:188} INFO - [2026-06-05T11:44:02.532+0000] {dag.py:3954} INFO - Setting next_dagrun for e-commerce_kafka_streaming_pipeline_v5 to 2026-06-05 11:00:00+00:00, run_after=2026-06-05 12:00:00+00:00
[2026-06-05T11:44:02.622+0000] {processor.py:183} INFO - Processing /opt/airflow/dags/sdp_pipeline_dag.py took 0.468 seconds
[2026-06-05T11:44:33.290+0000] {processor.py:161} INFO - Started process (PID=552) to work on /opt/airflow/dags/sdp_pipeline_dag.py
[2026-06-05T11:44:33.292+0000] {processor.py:830} INFO - Processing file /opt/airflow/dags/sdp_pipeline_dag.py for tasks to queue
[2026-06-05T11:44:33.296+0000] {logging_mixin.py:188} INFO - [2026-06-05T11:44:33.294+0000] {dagbag.py:540} INFO - Filling up the DagBag from /opt/airflow/dags/sdp_pipeline_dag.py
[2026-06-05T11:44:33.371+0000] {processor.py:840} INFO - DAG(s) 'e-commerce_kafka_streaming_pipeline_v5' retrieved from /opt/airflow/dags/sdp_pipeline_dag.py
[2026-06-05T11:44:33.492+0000] {logging_mixin.py:188} INFO - [2026-06-05T11:44:33.491+0000] {dag.py:3096} INFO - Sync 1 DAGs
[2026-06-05T11:44:33.622+0000] {logging_mixin.py:188} INFO - [2026-06-05T11:44:33.618+0000] {dag.py:3954} INFO - Setting next_dagrun for e-commerce_kafka_streaming_pipeline_v5 to 2026-06-05 11:00:00+00:00, run_after=2026-06-05 12:00:00+00:00
[2026-06-05T11:44:33.705+0000] {processor.py:183} INFO - Processing /opt/airflow/dags/sdp_pipeline_dag.py took 0.437 seconds
[2026-06-05T11:45:04.117+0000] {processor.py:161} INFO - Started process (PID=557) to work on /opt/airflow/dags/sdp_pipeline_dag.py
[2026-06-05T11:45:04.121+0000] {processor.py:830} INFO - Processing file /opt/airflow/dags/sdp_pipeline_dag.py for tasks to queue
[2026-06-05T11:45:04.126+0000] {logging_mixin.py:188} INFO - [2026-06-05T11:45:04.124+0000] {dagbag.py:540} INFO - Filling up the DagBag from /opt/airflow/dags/sdp_pipeline_dag.py
[2026-06-05T11:45:04.181+0000] {processor.py:840} INFO - DAG(s) 'e-commerce_kafka_streaming_pipeline_v5' retrieved from /opt/airflow/dags/sdp_pipeline_dag.py
[2026-06-05T11:45:04.279+0000] {logging_mixin.py:188} INFO - [2026-06-05T11:45:04.279+0000] {dag.py:3096} INFO - Sync 1 DAGs
[2026-06-05T11:45:04.366+0000] {logging_mixin.py:188} INFO - [2026-06-05T11:45:04.365+0000] {dag.py:3954} INFO - Setting next_dagrun for e-commerce_kafka_streaming_pipeline_v5 to 2026-06-05 11:00:00+00:00, run_after=2026-06-05 12:00:00+00:00
[2026-06-05T11:45:04.428+0000] {processor.py:183} INFO - Processing /opt/airflow/dags/sdp_pipeline_dag.py took 0.332 seconds
[2026-06-05T11:45:34.861+0000] {processor.py:161} INFO - Started process (PID=562) to work on /opt/airflow/dags/sdp_pipeline_dag.py
[2026-06-05T11:45:34.864+0000] {processor.py:830} INFO - Processing file /opt/airflow/dags/sdp_pipeline_dag.py for tasks to queue
[2026-06-05T11:45:34.870+0000] {logging_mixin.py:188} INFO - [2026-06-05T11:45:34.868+0000] {dagbag.py:540} INFO - Filling up the DagBag from /opt/airflow/dags/sdp_pipeline_dag.py
[2026-06-05T11:45:34.927+0000] {processor.py:840} INFO - DAG(s) 'e-commerce_kafka_streaming_pipeline_v5' retrieved from /opt/airflow/dags/sdp_pipeline_dag.py
[2026-06-05T11:45:35.029+0000] {logging_mixin.py:188} INFO - [2026-06-05T11:45:35.029+0000] {dag.py:3096} INFO - Sync 1 DAGs
[2026-06-05T11:45:35.125+0000] {logging_mixin.py:188} INFO - [2026-06-05T11:45:35.124+0000] {dag.py:3954} INFO - Setting next_dagrun for e-commerce_kafka_streaming_pipeline_v5 to 2026-06-05 11:00:00+00:00, run_after=2026-06-05 12:00:00+00:00
[2026-06-05T11:45:35.191+0000] {processor.py:183} INFO - Processing /opt/airflow/dags/sdp_pipeline_dag.py took 0.349 seconds
[2026-06-05T11:46:05.580+0000] {processor.py:161} INFO - Started process (PID=567) to work on /opt/airflow/dags/sdp_pipeline_dag.py
[2026-06-05T11:46:05.583+0000] {processor.py:830} INFO - Processing file /opt/airflow/dags/sdp_pipeline_dag.py for tasks to queue
[2026-06-05T11:46:05.587+0000] {logging_mixin.py:188} INFO - [2026-06-05T11:46:05.585+0000] {dagbag.py:540} INFO - Filling up the DagBag from /opt/airflow/dags/sdp_pipeline_dag.py
[2026-06-05T11:46:05.654+0000] {processor.py:840} INFO - DAG(s) 'e-commerce_kafka_streaming_pipeline_v5' retrieved from /opt/airflow/dags/sdp_pipeline_dag.py
[2026-06-05T11:46:05.744+0000] {logging_mixin.py:188} INFO - [2026-06-05T11:46:05.744+0000] {dag.py:3096} INFO - Sync 1 DAGs
[2026-06-05T11:46:05.861+0000] {logging_mixin.py:188} INFO - [2026-06-05T11:46:05.860+0000] {dag.py:3954} INFO - Setting next_dagrun for e-commerce_kafka_streaming_pipeline_v5 to 2026-06-05 11:00:00+00:00, run_after=2026-06-05 12:00:00+00:00
[2026-06-05T11:46:05.963+0000] {processor.py:183} INFO - Processing /opt/airflow/dags/sdp_pipeline_dag.py took 0.405 seconds
[2026-06-05T11:46:36.156+0000] {processor.py:161} INFO - Started process (PID=572) to work on /opt/airflow/dags/sdp_pipeline_dag.py
[2026-06-05T11:46:36.158+0000] {processor.py:830} INFO - Processing file /opt/airflow/dags/sdp_pipeline_dag.py for tasks to queue
[2026-06-05T11:46:36.163+0000] {logging_mixin.py:188} INFO - [2026-06-05T11:46:36.161+0000] {dagbag.py:540} INFO - Filling up the DagBag from /opt/airflow/dags/sdp_pipeline_dag.py
[2026-06-05T11:46:36.288+0000] {processor.py:840} INFO - DAG(s) 'e-commerce_kafka_streaming_pipeline_v5' retrieved from /opt/airflow/dags/sdp_pipeline_dag.py
[2026-06-05T11:46:36.430+0000] {logging_mixin.py:188} INFO - [2026-06-05T11:46:36.429+0000] {dag.py:3096} INFO - Sync 1 DAGs
[2026-06-05T11:46:36.619+0000] {logging_mixin.py:188} INFO - [2026-06-05T11:46:36.618+0000] {dag.py:3954} INFO - Setting next_dagrun for e-commerce_kafka_streaming_pipeline_v5 to 2026-06-05 11:00:00+00:00, run_after=2026-06-05 12:00:00+00:00
[2026-06-05T11:46:36.934+0000] {processor.py:183} INFO - Processing /opt/airflow/dags/sdp_pipeline_dag.py took 0.807 seconds
[2026-06-05T11:47:07.400+0000] {processor.py:161} INFO - Started process (PID=577) to work on /opt/airflow/dags/sdp_pipeline_dag.py
[2026-06-05T11:47:07.410+0000] {processor.py:830} INFO - Processing file /opt/airflow/dags/sdp_pipeline_dag.py for tasks to queue
[2026-06-05T11:47:07.413+0000] {logging_mixin.py:188} INFO - [2026-06-05T11:47:07.412+0000] {dagbag.py:540} INFO - Filling up the DagBag from /opt/airflow/dags/sdp_pipeline_dag.py
[2026-06-05T11:47:07.514+0000] {processor.py:840} INFO - DAG(s) 'e-commerce_kafka_streaming_pipeline_v5' retrieved from /opt/airflow/dags/sdp_pipeline_dag.py
[2026-06-05T11:47:07.696+0000] {logging_mixin.py:188} INFO - [2026-06-05T11:47:07.695+0000] {dag.py:3096} INFO - Sync 1 DAGs
[2026-06-05T11:47:07.836+0000] {logging_mixin.py:188} INFO - [2026-06-05T11:47:07.835+0000] {dag.py:3954} INFO - Setting next_dagrun for e-commerce_kafka_streaming_pipeline_v5 to 2026-06-05 11:00:00+00:00, run_after=2026-06-05 12:00:00+00:00
[2026-06-05T11:47:07.930+0000] {processor.py:183} INFO - Processing /opt/airflow/dags/sdp_pipeline_dag.py took 0.577 seconds
[2026-06-05T11:47:18.187+0000] {processor.py:161} INFO - Started process (PID=582) to work on /opt/airflow/dags/sdp_pipeline_dag.py
[2026-06-05T11:47:18.194+0000] {processor.py:830} INFO - Processing file /opt/airflow/dags/sdp_pipeline_dag.py for tasks to queue
[2026-06-05T11:47:18.199+0000] {logging_mixin.py:188} INFO - [2026-06-05T11:47:18.196+0000] {dagbag.py:540} INFO - Filling up the DagBag from /opt/airflow/dags/sdp_pipeline_dag.py
[2026-06-05T11:47:18.305+0000] {processor.py:840} INFO - DAG(s) 'e-commerce_kafka_streaming_pipeline_v5' retrieved from /opt/airflow/dags/sdp_pipeline_dag.py
[2026-06-05T11:47:18.382+0000] {logging_mixin.py:188} INFO - [2026-06-05T11:47:18.381+0000] {dag.py:3096} INFO - Sync 1 DAGs
[2026-06-05T11:47:18.514+0000] {logging_mixin.py:188} INFO - [2026-06-05T11:47:18.511+0000] {dag.py:3954} INFO - Setting next_dagrun for e-commerce_kafka_streaming_pipeline_v5 to 2026-06-05 11:00:00+00:00, run_after=2026-06-05 12:00:00+00:00
[2026-06-05T11:47:18.645+0000] {processor.py:183} INFO - Processing /opt/airflow/dags/sdp_pipeline_dag.py took 0.505 seconds
[2026-06-05T11:47:49.003+0000] {processor.py:161} INFO - Started process (PID=587) to work on /opt/airflow/dags/sdp_pipeline_dag.py
[2026-06-05T11:47:49.005+0000] {processor.py:830} INFO - Processing file /opt/airflow/dags/sdp_pipeline_dag.py for tasks to queue
[2026-06-05T11:47:49.007+0000] {logging_mixin.py:188} INFO - [2026-06-05T11:47:49.006+0000] {dagbag.py:540} INFO - Filling up the DagBag from /opt/airflow/dags/sdp_pipeline_dag.py
[2026-06-05T11:47:49.078+0000] {processor.py:840} INFO - DAG(s) 'e-commerce_kafka_streaming_pipeline_v5' retrieved from /opt/airflow/dags/sdp_pipeline_dag.py
[2026-06-05T11:47:49.181+0000] {logging_mixin.py:188} INFO - [2026-06-05T11:47:49.179+0000] {dag.py:3096} INFO - Sync 1 DAGs
[2026-06-05T11:47:49.279+0000] {logging_mixin.py:188} INFO - [2026-06-05T11:47:49.278+0000] {dag.py:3954} INFO - Setting next_dagrun for e-commerce_kafka_streaming_pipeline_v5 to 2026-06-05 11:00:00+00:00, run_after=2026-06-05 12:00:00+00:00
[2026-06-05T11:47:49.332+0000] {processor.py:183} INFO - Processing /opt/airflow/dags/sdp_pipeline_dag.py took 0.348 seconds
[2026-06-05T11:48:03.555+0000] {processor.py:161} INFO - Started process (PID=592) to work on /opt/airflow/dags/sdp_pipeline_dag.py
[2026-06-05T11:48:03.557+0000] {processor.py:830} INFO - Processing file /opt/airflow/dags/sdp_pipeline_dag.py for tasks to queue
[2026-06-05T11:48:03.561+0000] {logging_mixin.py:188} INFO - [2026-06-05T11:48:03.559+0000] {dagbag.py:540} INFO - Filling up the DagBag from /opt/airflow/dags/sdp_pipeline_dag.py
[2026-06-05T11:48:03.675+0000] {processor.py:840} INFO - DAG(s) 'e-commerce_kafka_streaming_pipeline_v5' retrieved from /opt/airflow/dags/sdp_pipeline_dag.py
[2026-06-05T11:48:03.778+0000] {logging_mixin.py:188} INFO - [2026-06-05T11:48:03.778+0000] {dag.py:3096} INFO - Sync 1 DAGs
[2026-06-05T11:48:03.878+0000] {logging_mixin.py:188} INFO - [2026-06-05T11:48:03.877+0000] {dag.py:3954} INFO - Setting next_dagrun for e-commerce_kafka_streaming_pipeline_v5 to 2026-06-05 11:00:00+00:00, run_after=2026-06-05 12:00:00+00:00
[2026-06-05T11:48:03.978+0000] {processor.py:183} INFO - Processing /opt/airflow/dags/sdp_pipeline_dag.py took 0.441 seconds
[2026-06-05T11:48:04.993+0000] {processor.py:161} INFO - Started process (PID=597) to work on /opt/airflow/dags/sdp_pipeline_dag.py
[2026-06-05T11:48:05.001+0000] {processor.py:830} INFO - Processing file /opt/airflow/dags/sdp_pipeline_dag.py for tasks to queue
[2026-06-05T11:48:05.004+0000] {logging_mixin.py:188} INFO - [2026-06-05T11:48:05.003+0000] {dagbag.py:540} INFO - Filling up the DagBag from /opt/airflow/dags/sdp_pipeline_dag.py
[2026-06-05T11:48:05.094+0000] {processor.py:840} INFO - DAG(s) 'e-commerce_kafka_streaming_pipeline_v5' retrieved from /opt/airflow/dags/sdp_pipeline_dag.py
[2026-06-05T11:48:05.241+0000] {logging_mixin.py:188} INFO - [2026-06-05T11:48:05.241+0000] {dag.py:3096} INFO - Sync 1 DAGs
[2026-06-05T11:48:05.357+0000] {logging_mixin.py:188} INFO - [2026-06-05T11:48:05.357+0000] {dag.py:3954} INFO - Setting next_dagrun for e-commerce_kafka_streaming_pipeline_v5 to 2026-06-05 11:00:00+00:00, run_after=2026-06-05 12:00:00+00:00
[2026-06-05T11:48:05.474+0000] {processor.py:183} INFO - Processing /opt/airflow/dags/sdp_pipeline_dag.py took 0.505 seconds
[2026-06-05T11:48:11.312+0000] {processor.py:161} INFO - Started process (PID=602) to work on /opt/airflow/dags/sdp_pipeline_dag.py
[2026-06-05T11:48:11.319+0000] {processor.py:830} INFO - Processing file /opt/airflow/dags/sdp_pipeline_dag.py for tasks to queue
[2026-06-05T11:48:11.326+0000] {logging_mixin.py:188} INFO - [2026-06-05T11:48:11.325+0000] {dagbag.py:540} INFO - Filling up the DagBag from /opt/airflow/dags/sdp_pipeline_dag.py
[2026-06-05T11:48:11.411+0000] {processor.py:840} INFO - DAG(s) 'e-commerce_kafka_streaming_pipeline_v5' retrieved from /opt/airflow/dags/sdp_pipeline_dag.py
[2026-06-05T11:48:11.500+0000] {logging_mixin.py:188} INFO - [2026-06-05T11:48:11.499+0000] {dag.py:3096} INFO - Sync 1 DAGs
[2026-06-05T11:48:11.611+0000] {logging_mixin.py:188} INFO - [2026-06-05T11:48:11.610+0000] {dag.py:3954} INFO - Setting next_dagrun for e-commerce_kafka_streaming_pipeline_v5 to 2026-06-05 11:00:00+00:00, run_after=2026-06-05 12:00:00+00:00
[2026-06-05T11:48:11.683+0000] {processor.py:183} INFO - Processing /opt/airflow/dags/sdp_pipeline_dag.py took 0.393 seconds
[2026-06-05T11:48:20.417+0000] {processor.py:161} INFO - Started process (PID=607) to work on /opt/airflow/dags/sdp_pipeline_dag.py
[2026-06-05T11:48:20.419+0000] {processor.py:830} INFO - Processing file /opt/airflow/dags/sdp_pipeline_dag.py for tasks to queue
[2026-06-05T11:48:20.431+0000] {logging_mixin.py:188} INFO - [2026-06-05T11:48:20.430+0000] {dagbag.py:540} INFO - Filling up the DagBag from /opt/airflow/dags/sdp_pipeline_dag.py
[2026-06-05T11:48:20.727+0000] {processor.py:840} INFO - DAG(s) 'e-commerce_kafka_streaming_pipeline_v6' retrieved from /opt/airflow/dags/sdp_pipeline_dag.py
[2026-06-05T11:48:22.193+0000] {logging_mixin.py:188} INFO - [2026-06-05T11:48:22.191+0000] {override.py:1829} INFO - Created Permission View: can read on DAG:e-commerce_kafka_streaming_pipeline_v6
[2026-06-05T11:48:22.242+0000] {logging_mixin.py:188} INFO - [2026-06-05T11:48:22.236+0000] {override.py:1829} INFO - Created Permission View: can edit on DAG:e-commerce_kafka_streaming_pipeline_v6
[2026-06-05T11:48:22.268+0000] {logging_mixin.py:188} INFO - [2026-06-05T11:48:22.267+0000] {override.py:1829} INFO - Created Permission View: can delete on DAG:e-commerce_kafka_streaming_pipeline_v6
[2026-06-05T11:48:22.269+0000] {logging_mixin.py:188} INFO - [2026-06-05T11:48:22.269+0000] {dag.py:3096} INFO - Sync 1 DAGs
[2026-06-05T11:48:22.345+0000] {logging_mixin.py:188} INFO - [2026-06-05T11:48:22.344+0000] {dag.py:3118} INFO - Creating ORM DAG for e-commerce_kafka_streaming_pipeline_v6
[2026-06-05T11:48:22.386+0000] {logging_mixin.py:188} INFO - [2026-06-05T11:48:22.385+0000] {dag.py:3954} INFO - Setting next_dagrun for e-commerce_kafka_streaming_pipeline_v6 to 2026-06-05 10:00:00+00:00, run_after=2026-06-05 11:00:00+00:00
[2026-06-05T11:48:22.511+0000] {processor.py:183} INFO - Processing /opt/airflow/dags/sdp_pipeline_dag.py took 2.147 seconds
[2026-06-05T11:48:53.586+0000] {processor.py:161} INFO - Started process (PID=632) to work on /opt/airflow/dags/sdp_pipeline_dag.py
[2026-06-05T11:48:53.589+0000] {processor.py:830} INFO - Processing file /opt/airflow/dags/sdp_pipeline_dag.py for tasks to queue
[2026-06-05T11:48:53.593+0000] {logging_mixin.py:188} INFO - [2026-06-05T11:48:53.592+0000] {dagbag.py:540} INFO - Filling up the DagBag from /opt/airflow/dags/sdp_pipeline_dag.py
[2026-06-05T11:48:53.658+0000] {processor.py:840} INFO - DAG(s) 'e-commerce_kafka_streaming_pipeline_v6' retrieved from /opt/airflow/dags/sdp_pipeline_dag.py
[2026-06-05T11:48:53.747+0000] {logging_mixin.py:188} INFO - [2026-06-05T11:48:53.747+0000] {dag.py:3096} INFO - Sync 1 DAGs
[2026-06-05T11:48:53.826+0000] {logging_mixin.py:188} INFO - [2026-06-05T11:48:53.825+0000] {dag.py:3954} INFO - Setting next_dagrun for e-commerce_kafka_streaming_pipeline_v6 to 2026-06-05 11:00:00+00:00, run_after=2026-06-05 12:00:00+00:00
[2026-06-05T11:48:53.905+0000] {processor.py:183} INFO - Processing /opt/airflow/dags/sdp_pipeline_dag.py took 0.355 seconds
[2026-06-05T11:49:24.174+0000] {processor.py:161} INFO - Started process (PID=637) to work on /opt/airflow/dags/sdp_pipeline_dag.py
[2026-06-05T11:49:24.180+0000] {processor.py:830} INFO - Processing file /opt/airflow/dags/sdp_pipeline_dag.py for tasks to queue
[2026-06-05T11:49:24.183+0000] {logging_mixin.py:188} INFO - [2026-06-05T11:49:24.182+0000] {dagbag.py:540} INFO - Filling up the DagBag from /opt/airflow/dags/sdp_pipeline_dag.py
[2026-06-05T11:49:24.248+0000] {processor.py:840} INFO - DAG(s) 'e-commerce_kafka_streaming_pipeline_v6' retrieved from /opt/airflow/dags/sdp_pipeline_dag.py
[2026-06-05T11:49:24.389+0000] {logging_mixin.py:188} INFO - [2026-06-05T11:49:24.389+0000] {dag.py:3096} INFO - Sync 1 DAGs
[2026-06-05T11:49:24.532+0000] {logging_mixin.py:188} INFO - [2026-06-05T11:49:24.531+0000] {dag.py:3954} INFO - Setting next_dagrun for e-commerce_kafka_streaming_pipeline_v6 to 2026-06-05 11:00:00+00:00, run_after=2026-06-05 12:00:00+00:00
[2026-06-05T11:49:24.631+0000] {processor.py:183} INFO - Processing /opt/airflow/dags/sdp_pipeline_dag.py took 0.494 seconds
[2026-06-05T11:49:55.366+0000] {processor.py:161} INFO - Started process (PID=642) to work on /opt/airflow/dags/sdp_pipeline_dag.py
[2026-06-05T11:49:55.384+0000] {processor.py:830} INFO - Processing file /opt/airflow/dags/sdp_pipeline_dag.py for tasks to queue
[2026-06-05T11:49:55.386+0000] {logging_mixin.py:188} INFO - [2026-06-05T11:49:55.385+0000] {dagbag.py:540} INFO - Filling up the DagBag from /opt/airflow/dags/sdp_pipeline_dag.py
[2026-06-05T11:49:55.459+0000] {processor.py:840} INFO - DAG(s) 'e-commerce_kafka_streaming_pipeline_v6' retrieved from /opt/airflow/dags/sdp_pipeline_dag.py
[2026-06-05T11:49:55.606+0000] {logging_mixin.py:188} INFO - [2026-06-05T11:49:55.605+0000] {dag.py:3096} INFO - Sync 1 DAGs
[2026-06-05T11:49:55.691+0000] {logging_mixin.py:188} INFO - [2026-06-05T11:49:55.690+0000] {dag.py:3954} INFO - Setting next_dagrun for e-commerce_kafka_streaming_pipeline_v6 to 2026-06-05 11:00:00+00:00, run_after=2026-06-05 12:00:00+00:00
[2026-06-05T11:49:55.784+0000] {processor.py:183} INFO - Processing /opt/airflow/dags/sdp_pipeline_dag.py took 0.451 seconds
[2026-06-05T11:50:26.430+0000] {processor.py:161} INFO - Started process (PID=647) to work on /opt/airflow/dags/sdp_pipeline_dag.py
[2026-06-05T11:50:26.459+0000] {processor.py:830} INFO - Processing file /opt/airflow/dags/sdp_pipeline_dag.py for tasks to queue
[2026-06-05T11:50:26.466+0000] {logging_mixin.py:188} INFO - [2026-06-05T11:50:26.464+0000] {dagbag.py:540} INFO - Filling up the DagBag from /opt/airflow/dags/sdp_pipeline_dag.py
[2026-06-05T11:50:26.703+0000] {processor.py:840} INFO - DAG(s) 'e-commerce_kafka_streaming_pipeline_v6' retrieved from /opt/airflow/dags/sdp_pipeline_dag.py
[2026-06-05T11:50:27.097+0000] {logging_mixin.py:188} INFO - [2026-06-05T11:50:27.096+0000] {dag.py:3096} INFO - Sync 1 DAGs
[2026-06-05T11:50:27.285+0000] {logging_mixin.py:188} INFO - [2026-06-05T11:50:27.284+0000] {dag.py:3954} INFO - Setting next_dagrun for e-commerce_kafka_streaming_pipeline_v6 to 2026-06-05 11:00:00+00:00, run_after=2026-06-05 12:00:00+00:00
[2026-06-05T11:50:27.385+0000] {processor.py:183} INFO - Processing /opt/airflow/dags/sdp_pipeline_dag.py took 1.018 seconds
[2026-06-05T11:50:58.123+0000] {processor.py:161} INFO - Started process (PID=654) to work on /opt/airflow/dags/sdp_pipeline_dag.py
[2026-06-05T11:50:58.133+0000] {processor.py:830} INFO - Processing file /opt/airflow/dags/sdp_pipeline_dag.py for tasks to queue
[2026-06-05T11:50:58.135+0000] {logging_mixin.py:188} INFO - [2026-06-05T11:50:58.134+0000] {dagbag.py:540} INFO - Filling up the DagBag from /opt/airflow/dags/sdp_pipeline_dag.py
[2026-06-05T11:50:58.193+0000] {processor.py:840} INFO - DAG(s) 'e-commerce_kafka_streaming_pipeline_v6' retrieved from /opt/airflow/dags/sdp_pipeline_dag.py
[2026-06-05T11:50:58.294+0000] {logging_mixin.py:188} INFO - [2026-06-05T11:50:58.294+0000] {dag.py:3096} INFO - Sync 1 DAGs
[2026-06-05T11:50:58.376+0000] {logging_mixin.py:188} INFO - [2026-06-05T11:50:58.376+0000] {dag.py:3954} INFO - Setting next_dagrun for e-commerce_kafka_streaming_pipeline_v6 to 2026-06-05 11:00:00+00:00, run_after=2026-06-05 12:00:00+00:00
[2026-06-05T11:50:58.438+0000] {processor.py:183} INFO - Processing /opt/airflow/dags/sdp_pipeline_dag.py took 0.348 seconds
[2026-06-05T11:51:28.924+0000] {processor.py:161} INFO - Started process (PID=659) to work on /opt/airflow/dags/sdp_pipeline_dag.py
[2026-06-05T11:51:28.930+0000] {processor.py:830} INFO - Processing file /opt/airflow/dags/sdp_pipeline_dag.py for tasks to queue
[2026-06-05T11:51:28.934+0000] {logging_mixin.py:188} INFO - [2026-06-05T11:51:28.933+0000] {dagbag.py:540} INFO - Filling up the DagBag from /opt/airflow/dags/sdp_pipeline_dag.py
[2026-06-05T11:51:29.055+0000] {processor.py:840} INFO - DAG(s) 'e-commerce_kafka_streaming_pipeline_v6' retrieved from /opt/airflow/dags/sdp_pipeline_dag.py
[2026-06-05T11:51:29.179+0000] {logging_mixin.py:188} INFO - [2026-06-05T11:51:29.178+0000] {dag.py:3096} INFO - Sync 1 DAGs
[2026-06-05T11:51:29.374+0000] {logging_mixin.py:188} INFO - [2026-06-05T11:51:29.374+0000] {dag.py:3954} INFO - Setting next_dagrun for e-commerce_kafka_streaming_pipeline_v6 to 2026-06-05 11:00:00+00:00, run_after=2026-06-05 12:00:00+00:00
[2026-06-05T11:51:29.544+0000] {processor.py:183} INFO - Processing /opt/airflow/dags/sdp_pipeline_dag.py took 0.660 seconds
[2026-06-05T11:52:00.317+0000] {processor.py:161} INFO - Started process (PID=664) to work on /opt/airflow/dags/sdp_pipeline_dag.py
[2026-06-05T11:52:00.324+0000] {processor.py:830} INFO - Processing file /opt/airflow/dags/sdp_pipeline_dag.py for tasks to queue
[2026-06-05T11:52:00.326+0000] {logging_mixin.py:188} INFO - [2026-06-05T11:52:00.325+0000] {dagbag.py:540} INFO - Filling up the DagBag from /opt/airflow/dags/sdp_pipeline_dag.py
[2026-06-05T11:52:00.409+0000] {processor.py:840} INFO - DAG(s) 'e-commerce_kafka_streaming_pipeline_v6' retrieved from /opt/airflow/dags/sdp_pipeline_dag.py
[2026-06-05T11:52:00.531+0000] {logging_mixin.py:188} INFO - [2026-06-05T11:52:00.529+0000] {dag.py:3096} INFO - Sync 1 DAGs
[2026-06-05T11:52:00.712+0000] {logging_mixin.py:188} INFO - [2026-06-05T11:52:00.704+0000] {dag.py:3954} INFO - Setting next_dagrun for e-commerce_kafka_streaming_pipeline_v6 to 2026-06-05 11:00:00+00:00, run_after=2026-06-05 12:00:00+00:00
[2026-06-05T11:52:00.996+0000] {processor.py:183} INFO - Processing /opt/airflow/dags/sdp_pipeline_dag.py took 0.710 seconds
[2026-06-05T11:52:31.900+0000] {processor.py:161} INFO - Started process (PID=669) to work on /opt/airflow/dags/sdp_pipeline_dag.py
[2026-06-05T11:52:31.910+0000] {processor.py:830} INFO - Processing file /opt/airflow/dags/sdp_pipeline_dag.py for tasks to queue
[2026-06-05T11:52:31.913+0000] {logging_mixin.py:188} INFO - [2026-06-05T11:52:31.912+0000] {dagbag.py:540} INFO - Filling up the DagBag from /opt/airflow/dags/sdp_pipeline_dag.py
[2026-06-05T11:52:31.984+0000] {processor.py:840} INFO - DAG(s) 'e-commerce_kafka_streaming_pipeline_v6' retrieved from /opt/airflow/dags/sdp_pipeline_dag.py
[2026-06-05T11:52:32.131+0000] {logging_mixin.py:188} INFO - [2026-06-05T11:52:32.130+0000] {dag.py:3096} INFO - Sync 1 DAGs
[2026-06-05T11:52:32.230+0000] {logging_mixin.py:188} INFO - [2026-06-05T11:52:32.230+0000] {dag.py:3954} INFO - Setting next_dagrun for e-commerce_kafka_streaming_pipeline_v6 to 2026-06-05 11:00:00+00:00, run_after=2026-06-05 12:00:00+00:00
[2026-06-05T11:52:32.599+0000] {processor.py:183} INFO - Processing /opt/airflow/dags/sdp_pipeline_dag.py took 0.733 seconds
[2026-06-05T11:53:03.506+0000] {processor.py:161} INFO - Started process (PID=674) to work on /opt/airflow/dags/sdp_pipeline_dag.py
[2026-06-05T11:53:03.509+0000] {processor.py:830} INFO - Processing file /opt/airflow/dags/sdp_pipeline_dag.py for tasks to queue
[2026-06-05T11:53:03.515+0000] {logging_mixin.py:188} INFO - [2026-06-05T11:53:03.514+0000] {dagbag.py:540} INFO - Filling up the DagBag from /opt/airflow/dags/sdp_pipeline_dag.py
[2026-06-05T11:53:03.601+0000] {processor.py:840} INFO - DAG(s) 'e-commerce_kafka_streaming_pipeline_v6' retrieved from /opt/airflow/dags/sdp_pipeline_dag.py
[2026-06-05T11:53:03.783+0000] {logging_mixin.py:188} INFO - [2026-06-05T11:53:03.783+0000] {dag.py:3096} INFO - Sync 1 DAGs
[2026-06-05T11:53:03.918+0000] {logging_mixin.py:188} INFO - [2026-06-05T11:53:03.918+0000] {dag.py:3954} INFO - Setting next_dagrun for e-commerce_kafka_streaming_pipeline_v6 to 2026-06-05 11:00:00+00:00, run_after=2026-06-05 12:00:00+00:00
[2026-06-05T11:53:04.137+0000] {processor.py:183} INFO - Processing /opt/airflow/dags/sdp_pipeline_dag.py took 0.669 seconds
[2026-06-05T11:53:35.395+0000] {processor.py:161} INFO - Started process (PID=679) to work on /opt/airflow/dags/sdp_pipeline_dag.py
[2026-06-05T11:53:35.402+0000] {processor.py:830} INFO - Processing file /opt/airflow/dags/sdp_pipeline_dag.py for tasks to queue
[2026-06-05T11:53:35.404+0000] {logging_mixin.py:188} INFO - [2026-06-05T11:53:35.403+0000] {dagbag.py:540} INFO - Filling up the DagBag from /opt/airflow/dags/sdp_pipeline_dag.py
[2026-06-05T11:53:35.522+0000] {processor.py:840} INFO - DAG(s) 'e-commerce_kafka_streaming_pipeline_v6' retrieved from /opt/airflow/dags/sdp_pipeline_dag.py
[2026-06-05T11:53:35.759+0000] {logging_mixin.py:188} INFO - [2026-06-05T11:53:35.758+0000] {dag.py:3096} INFO - Sync 1 DAGs
[2026-06-05T11:53:36.095+0000] {logging_mixin.py:188} INFO - [2026-06-05T11:53:36.094+0000] {dag.py:3954} INFO - Setting next_dagrun for e-commerce_kafka_streaming_pipeline_v6 to 2026-06-05 11:00:00+00:00, run_after=2026-06-05 12:00:00+00:00
[2026-06-05T11:53:36.260+0000] {processor.py:183} INFO - Processing /opt/airflow/dags/sdp_pipeline_dag.py took 0.912 seconds
[2026-06-05T11:54:07.211+0000] {processor.py:161} INFO - Started process (PID=684) to work on /opt/airflow/dags/sdp_pipeline_dag.py
[2026-06-05T11:54:07.219+0000] {processor.py:830} INFO - Processing file /opt/airflow/dags/sdp_pipeline_dag.py for tasks to queue
[2026-06-05T11:54:07.234+0000] {logging_mixin.py:188} INFO - [2026-06-05T11:54:07.232+0000] {dagbag.py:540} INFO - Filling up the DagBag from /opt/airflow/dags/sdp_pipeline_dag.py
[2026-06-05T11:54:07.300+0000] {processor.py:840} INFO - DAG(s) 'e-commerce_kafka_streaming_pipeline_v6' retrieved from /opt/airflow/dags/sdp_pipeline_dag.py
[2026-06-05T11:54:07.375+0000] {logging_mixin.py:188} INFO - [2026-06-05T11:54:07.375+0000] {dag.py:3096} INFO - Sync 1 DAGs
[2026-06-05T11:54:07.457+0000] {logging_mixin.py:188} INFO - [2026-06-05T11:54:07.457+0000] {dag.py:3954} INFO - Setting next_dagrun for e-commerce_kafka_streaming_pipeline_v6 to 2026-06-05 11:00:00+00:00, run_after=2026-06-05 12:00:00+00:00
[2026-06-05T11:54:07.525+0000] {processor.py:183} INFO - Processing /opt/airflow/dags/sdp_pipeline_dag.py took 0.413 seconds
[2026-06-05T11:54:38.281+0000] {processor.py:161} INFO - Started process (PID=689) to work on /opt/airflow/dags/sdp_pipeline_dag.py
[2026-06-05T11:54:38.283+0000] {processor.py:830} INFO - Processing file /opt/airflow/dags/sdp_pipeline_dag.py for tasks to queue
[2026-06-05T11:54:38.290+0000] {logging_mixin.py:188} INFO - [2026-06-05T11:54:38.286+0000] {dagbag.py:540} INFO - Filling up the DagBag from /opt/airflow/dags/sdp_pipeline_dag.py
[2026-06-05T11:54:38.350+0000] {processor.py:840} INFO - DAG(s) 'e-commerce_kafka_streaming_pipeline_v6' retrieved from /opt/airflow/dags/sdp_pipeline_dag.py
[2026-06-05T11:54:38.437+0000] {logging_mixin.py:188} INFO - [2026-06-05T11:54:38.434+0000] {dag.py:3096} INFO - Sync 1 DAGs
[2026-06-05T11:54:38.527+0000] {logging_mixin.py:188} INFO - [2026-06-05T11:54:38.526+0000] {dag.py:3954} INFO - Setting next_dagrun for e-commerce_kafka_streaming_pipeline_v6 to 2026-06-05 11:00:00+00:00, run_after=2026-06-05 12:00:00+00:00
[2026-06-05T11:54:38.609+0000] {processor.py:183} INFO - Processing /opt/airflow/dags/sdp_pipeline_dag.py took 0.356 seconds
[2026-06-05T11:55:09.210+0000] {processor.py:161} INFO - Started process (PID=694) to work on /opt/airflow/dags/sdp_pipeline_dag.py
[2026-06-05T11:55:09.222+0000] {processor.py:830} INFO - Processing file /opt/airflow/dags/sdp_pipeline_dag.py for tasks to queue
[2026-06-05T11:55:09.224+0000] {logging_mixin.py:188} INFO - [2026-06-05T11:55:09.223+0000] {dagbag.py:540} INFO - Filling up the DagBag from /opt/airflow/dags/sdp_pipeline_dag.py
[2026-06-05T11:55:09.325+0000] {processor.py:840} INFO - DAG(s) 'e-commerce_kafka_streaming_pipeline_v6' retrieved from /opt/airflow/dags/sdp_pipeline_dag.py
[2026-06-05T11:55:09.552+0000] {logging_mixin.py:188} INFO - [2026-06-05T11:55:09.551+0000] {dag.py:3096} INFO - Sync 1 DAGs
[2026-06-05T11:55:09.872+0000] {logging_mixin.py:188} INFO - [2026-06-05T11:55:09.872+0000] {dag.py:3954} INFO - Setting next_dagrun for e-commerce_kafka_streaming_pipeline_v6 to 2026-06-05 11:00:00+00:00, run_after=2026-06-05 12:00:00+00:00
[2026-06-05T11:55:09.977+0000] {processor.py:183} INFO - Processing /opt/airflow/dags/sdp_pipeline_dag.py took 0.797 seconds
[2026-06-05T11:55:40.645+0000] {processor.py:161} INFO - Started process (PID=699) to work on /opt/airflow/dags/sdp_pipeline_dag.py
[2026-06-05T11:55:40.651+0000] {processor.py:830} INFO - Processing file /opt/airflow/dags/sdp_pipeline_dag.py for tasks to queue
[2026-06-05T11:55:40.656+0000] {logging_mixin.py:188} INFO - [2026-06-05T11:55:40.655+0000] {dagbag.py:540} INFO - Filling up the DagBag from /opt/airflow/dags/sdp_pipeline_dag.py
[2026-06-05T11:55:40.708+0000] {processor.py:840} INFO - DAG(s) 'e-commerce_kafka_streaming_pipeline_v6' retrieved from /opt/airflow/dags/sdp_pipeline_dag.py
[2026-06-05T11:55:40.836+0000] {logging_mixin.py:188} INFO - [2026-06-05T11:55:40.836+0000] {dag.py:3096} INFO - Sync 1 DAGs
[2026-06-05T11:55:40.994+0000] {logging_mixin.py:188} INFO - [2026-06-05T11:55:40.993+0000] {dag.py:3954} INFO - Setting next_dagrun for e-commerce_kafka_streaming_pipeline_v6 to 2026-06-05 11:00:00+00:00, run_after=2026-06-05 12:00:00+00:00
[2026-06-05T11:55:41.093+0000] {processor.py:183} INFO - Processing /opt/airflow/dags/sdp_pipeline_dag.py took 0.473 seconds
[2026-06-05T11:56:11.795+0000] {processor.py:161} INFO - Started process (PID=704) to work on /opt/airflow/dags/sdp_pipeline_dag.py
[2026-06-05T11:56:11.801+0000] {processor.py:830} INFO - Processing file /opt/airflow/dags/sdp_pipeline_dag.py for tasks to queue
[2026-06-05T11:56:11.805+0000] {logging_mixin.py:188} INFO - [2026-06-05T11:56:11.804+0000] {dagbag.py:540} INFO - Filling up the DagBag from /opt/airflow/dags/sdp_pipeline_dag.py
[2026-06-05T11:56:11.861+0000] {processor.py:840} INFO - DAG(s) 'e-commerce_kafka_streaming_pipeline_v6' retrieved from /opt/airflow/dags/sdp_pipeline_dag.py
[2026-06-05T11:56:11.992+0000] {logging_mixin.py:188} INFO - [2026-06-05T11:56:11.991+0000] {dag.py:3096} INFO - Sync 1 DAGs
[2026-06-05T11:56:12.098+0000] {logging_mixin.py:188} INFO - [2026-06-05T11:56:12.098+0000] {dag.py:3954} INFO - Setting next_dagrun for e-commerce_kafka_streaming_pipeline_v6 to 2026-06-05 11:00:00+00:00, run_after=2026-06-05 12:00:00+00:00
[2026-06-05T11:56:12.178+0000] {processor.py:183} INFO - Processing /opt/airflow/dags/sdp_pipeline_dag.py took 0.436 seconds
[2026-06-05T11:56:42.656+0000] {processor.py:161} INFO - Started process (PID=709) to work on /opt/airflow/dags/sdp_pipeline_dag.py
[2026-06-05T11:56:42.662+0000] {processor.py:830} INFO - Processing file /opt/airflow/dags/sdp_pipeline_dag.py for tasks to queue
[2026-06-05T11:56:42.664+0000] {logging_mixin.py:188} INFO - [2026-06-05T11:56:42.663+0000] {dagbag.py:540} INFO - Filling up the DagBag from /opt/airflow/dags/sdp_pipeline_dag.py
[2026-06-05T11:56:42.733+0000] {processor.py:840} INFO - DAG(s) 'e-commerce_kafka_streaming_pipeline_v6' retrieved from /opt/airflow/dags/sdp_pipeline_dag.py
[2026-06-05T11:56:42.867+0000] {logging_mixin.py:188} INFO - [2026-06-05T11:56:42.866+0000] {dag.py:3096} INFO - Sync 1 DAGs
[2026-06-05T11:56:43.009+0000] {logging_mixin.py:188} INFO - [2026-06-05T11:56:43.008+0000] {dag.py:3954} INFO - Setting next_dagrun for e-commerce_kafka_streaming_pipeline_v6 to 2026-06-05 11:00:00+00:00, run_after=2026-06-05 12:00:00+00:00
[2026-06-05T11:56:43.073+0000] {processor.py:183} INFO - Processing /opt/airflow/dags/sdp_pipeline_dag.py took 0.438 seconds
[2026-06-05T11:57:13.278+0000] {processor.py:161} INFO - Started process (PID=714) to work on /opt/airflow/dags/sdp_pipeline_dag.py
[2026-06-05T11:57:13.282+0000] {processor.py:830} INFO - Processing file /opt/airflow/dags/sdp_pipeline_dag.py for tasks to queue
[2026-06-05T11:57:13.284+0000] {logging_mixin.py:188} INFO - [2026-06-05T11:57:13.283+0000] {dagbag.py:540} INFO - Filling up the DagBag from /opt/airflow/dags/sdp_pipeline_dag.py
[2026-06-05T11:57:13.353+0000] {processor.py:840} INFO - DAG(s) 'e-commerce_kafka_streaming_pipeline_v6' retrieved from /opt/airflow/dags/sdp_pipeline_dag.py
[2026-06-05T11:57:13.460+0000] {logging_mixin.py:188} INFO - [2026-06-05T11:57:13.460+0000] {dag.py:3096} INFO - Sync 1 DAGs
[2026-06-05T11:57:13.533+0000] {logging_mixin.py:188} INFO - [2026-06-05T11:57:13.532+0000] {dag.py:3954} INFO - Setting next_dagrun for e-commerce_kafka_streaming_pipeline_v6 to 2026-06-05 11:00:00+00:00, run_after=2026-06-05 12:00:00+00:00
[2026-06-05T11:57:13.600+0000] {processor.py:183} INFO - Processing /opt/airflow/dags/sdp_pipeline_dag.py took 0.361 seconds
[2026-06-05T11:57:44.117+0000] {processor.py:161} INFO - Started process (PID=719) to work on /opt/airflow/dags/sdp_pipeline_dag.py
[2026-06-05T11:57:44.119+0000] {processor.py:830} INFO - Processing file /opt/airflow/dags/sdp_pipeline_dag.py for tasks to queue
[2026-06-05T11:57:44.128+0000] {logging_mixin.py:188} INFO - [2026-06-05T11:57:44.127+0000] {dagbag.py:540} INFO - Filling up the DagBag from /opt/airflow/dags/sdp_pipeline_dag.py
[2026-06-05T11:57:44.213+0000] {processor.py:840} INFO - DAG(s) 'e-commerce_kafka_streaming_pipeline_v6' retrieved from /opt/airflow/dags/sdp_pipeline_dag.py
[2026-06-05T11:57:44.305+0000] {logging_mixin.py:188} INFO - [2026-06-05T11:57:44.304+0000] {dag.py:3096} INFO - Sync 1 DAGs
[2026-06-05T11:57:44.373+0000] {logging_mixin.py:188} INFO - [2026-06-05T11:57:44.373+0000] {dag.py:3954} INFO - Setting next_dagrun for e-commerce_kafka_streaming_pipeline_v6 to 2026-06-05 11:00:00+00:00, run_after=2026-06-05 12:00:00+00:00
[2026-06-05T11:57:44.435+0000] {processor.py:183} INFO - Processing /opt/airflow/dags/sdp_pipeline_dag.py took 0.356 seconds
[2026-06-05T11:58:15.071+0000] {processor.py:161} INFO - Started process (PID=724) to work on /opt/airflow/dags/sdp_pipeline_dag.py
[2026-06-05T11:58:15.075+0000] {processor.py:830} INFO - Processing file /opt/airflow/dags/sdp_pipeline_dag.py for tasks to queue
[2026-06-05T11:58:15.081+0000] {logging_mixin.py:188} INFO - [2026-06-05T11:58:15.079+0000] {dagbag.py:540} INFO - Filling up the DagBag from /opt/airflow/dags/sdp_pipeline_dag.py
[2026-06-05T11:58:15.148+0000] {processor.py:840} INFO - DAG(s) 'e-commerce_kafka_streaming_pipeline_v6' retrieved from /opt/airflow/dags/sdp_pipeline_dag.py
[2026-06-05T11:58:15.241+0000] {logging_mixin.py:188} INFO - [2026-06-05T11:58:15.241+0000] {dag.py:3096} INFO - Sync 1 DAGs
[2026-06-05T11:58:15.309+0000] {logging_mixin.py:188} INFO - [2026-06-05T11:58:15.309+0000] {dag.py:3954} INFO - Setting next_dagrun for e-commerce_kafka_streaming_pipeline_v6 to 2026-06-05 11:00:00+00:00, run_after=2026-06-05 12:00:00+00:00
[2026-06-05T11:58:15.392+0000] {processor.py:183} INFO - Processing /opt/airflow/dags/sdp_pipeline_dag.py took 0.337 seconds
[2026-06-05T11:58:16.292+0000] {processor.py:161} INFO - Started process (PID=729) to work on /opt/airflow/dags/sdp_pipeline_dag.py
[2026-06-05T11:58:16.294+0000] {processor.py:830} INFO - Processing file /opt/airflow/dags/sdp_pipeline_dag.py for tasks to queue
[2026-06-05T11:58:16.296+0000] {logging_mixin.py:188} INFO - [2026-06-05T11:58:16.295+0000] {dagbag.py:540} INFO - Filling up the DagBag from /opt/airflow/dags/sdp_pipeline_dag.py
[2026-06-05T11:58:16.357+0000] {processor.py:840} INFO - DAG(s) 'e-commerce_kafka_streaming_pipeline_v7' retrieved from /opt/airflow/dags/sdp_pipeline_dag.py
[2026-06-05T11:58:16.616+0000] {logging_mixin.py:188} INFO - [2026-06-05T11:58:16.616+0000] {override.py:1829} INFO - Created Permission View: can read on DAG:e-commerce_kafka_streaming_pipeline_v7
[2026-06-05T11:58:16.645+0000] {logging_mixin.py:188} INFO - [2026-06-05T11:58:16.645+0000] {override.py:1829} INFO - Created Permission View: can edit on DAG:e-commerce_kafka_streaming_pipeline_v7
[2026-06-05T11:58:16.666+0000] {logging_mixin.py:188} INFO - [2026-06-05T11:58:16.665+0000] {override.py:1829} INFO - Created Permission View: can delete on DAG:e-commerce_kafka_streaming_pipeline_v7
[2026-06-05T11:58:16.667+0000] {logging_mixin.py:188} INFO - [2026-06-05T11:58:16.667+0000] {dag.py:3096} INFO - Sync 1 DAGs
[2026-06-05T11:58:16.701+0000] {logging_mixin.py:188} INFO - [2026-06-05T11:58:16.701+0000] {dag.py:3118} INFO - Creating ORM DAG for e-commerce_kafka_streaming_pipeline_v7
[2026-06-05T11:58:16.736+0000] {logging_mixin.py:188} INFO - [2026-06-05T11:58:16.736+0000] {dag.py:3954} INFO - Setting next_dagrun for e-commerce_kafka_streaming_pipeline_v7 to 2026-06-05 10:00:00+00:00, run_after=2026-06-05 11:00:00+00:00
[2026-06-05T11:58:16.826+0000] {processor.py:183} INFO - Processing /opt/airflow/dags/sdp_pipeline_dag.py took 0.549 seconds
[2026-06-05T11:58:47.967+0000] {processor.py:161} INFO - Started process (PID=755) to work on /opt/airflow/dags/sdp_pipeline_dag.py
[2026-06-05T11:58:47.973+0000] {processor.py:830} INFO - Processing file /opt/airflow/dags/sdp_pipeline_dag.py for tasks to queue
[2026-06-05T11:58:47.978+0000] {logging_mixin.py:188} INFO - [2026-06-05T11:58:47.977+0000] {dagbag.py:540} INFO - Filling up the DagBag from /opt/airflow/dags/sdp_pipeline_dag.py
[2026-06-05T11:58:48.059+0000] {processor.py:840} INFO - DAG(s) 'e-commerce_kafka_streaming_pipeline_v7' retrieved from /opt/airflow/dags/sdp_pipeline_dag.py
[2026-06-05T11:58:48.194+0000] {logging_mixin.py:188} INFO - [2026-06-05T11:58:48.194+0000] {dag.py:3096} INFO - Sync 1 DAGs
[2026-06-05T11:58:48.313+0000] {logging_mixin.py:188} INFO - [2026-06-05T11:58:48.312+0000] {dag.py:3954} INFO - Setting next_dagrun for e-commerce_kafka_streaming_pipeline_v7 to 2026-06-05 11:00:00+00:00, run_after=2026-06-05 12:00:00+00:00
[2026-06-05T11:58:48.389+0000] {processor.py:183} INFO - Processing /opt/airflow/dags/sdp_pipeline_dag.py took 0.469 seconds
[2026-06-05T11:59:18.536+0000] {processor.py:161} INFO - Started process (PID=760) to work on /opt/airflow/dags/sdp_pipeline_dag.py
[2026-06-05T11:59:18.538+0000] {processor.py:830} INFO - Processing file /opt/airflow/dags/sdp_pipeline_dag.py for tasks to queue
[2026-06-05T11:59:18.541+0000] {logging_mixin.py:188} INFO - [2026-06-05T11:59:18.540+0000] {dagbag.py:540} INFO - Filling up the DagBag from /opt/airflow/dags/sdp_pipeline_dag.py
[2026-06-05T11:59:18.599+0000] {processor.py:840} INFO - DAG(s) 'e-commerce_kafka_streaming_pipeline_v7' retrieved from /opt/airflow/dags/sdp_pipeline_dag.py
[2026-06-05T11:59:18.698+0000] {logging_mixin.py:188} INFO - [2026-06-05T11:59:18.698+0000] {dag.py:3096} INFO - Sync 1 DAGs
[2026-06-05T11:59:18.765+0000] {logging_mixin.py:188} INFO - [2026-06-05T11:59:18.765+0000] {dag.py:3954} INFO - Setting next_dagrun for e-commerce_kafka_streaming_pipeline_v7 to 2026-06-05 11:00:00+00:00, run_after=2026-06-05 12:00:00+00:00
[2026-06-05T11:59:18.828+0000] {processor.py:183} INFO - Processing /opt/airflow/dags/sdp_pipeline_dag.py took 0.319 seconds
[2026-06-05T11:59:49.450+0000] {processor.py:161} INFO - Started process (PID=765) to work on /opt/airflow/dags/sdp_pipeline_dag.py
[2026-06-05T11:59:49.452+0000] {processor.py:830} INFO - Processing file /opt/airflow/dags/sdp_pipeline_dag.py for tasks to queue
[2026-06-05T11:59:49.457+0000] {logging_mixin.py:188} INFO - [2026-06-05T11:59:49.456+0000] {dagbag.py:540} INFO - Filling up the DagBag from /opt/airflow/dags/sdp_pipeline_dag.py
[2026-06-05T11:59:49.510+0000] {processor.py:840} INFO - DAG(s) 'e-commerce_kafka_streaming_pipeline_v7' retrieved from /opt/airflow/dags/sdp_pipeline_dag.py
[2026-06-05T11:59:49.598+0000] {logging_mixin.py:188} INFO - [2026-06-05T11:59:49.597+0000] {dag.py:3096} INFO - Sync 1 DAGs
[2026-06-05T11:59:49.683+0000] {logging_mixin.py:188} INFO - [2026-06-05T11:59:49.682+0000] {dag.py:3954} INFO - Setting next_dagrun for e-commerce_kafka_streaming_pipeline_v7 to 2026-06-05 11:00:00+00:00, run_after=2026-06-05 12:00:00+00:00
[2026-06-05T11:59:49.753+0000] {processor.py:183} INFO - Processing /opt/airflow/dags/sdp_pipeline_dag.py took 0.320 seconds
[2026-06-05T12:00:20.541+0000] {processor.py:161} INFO - Started process (PID=791) to work on /opt/airflow/dags/sdp_pipeline_dag.py
[2026-06-05T12:00:20.543+0000] {processor.py:830} INFO - Processing file /opt/airflow/dags/sdp_pipeline_dag.py for tasks to queue
[2026-06-05T12:00:20.548+0000] {logging_mixin.py:188} INFO - [2026-06-05T12:00:20.548+0000] {dagbag.py:540} INFO - Filling up the DagBag from /opt/airflow/dags/sdp_pipeline_dag.py
[2026-06-05T12:00:20.601+0000] {processor.py:840} INFO - DAG(s) 'e-commerce_kafka_streaming_pipeline_v7' retrieved from /opt/airflow/dags/sdp_pipeline_dag.py
[2026-06-05T12:00:20.677+0000] {logging_mixin.py:188} INFO - [2026-06-05T12:00:20.677+0000] {dag.py:3096} INFO - Sync 1 DAGs
[2026-06-05T12:00:20.740+0000] {logging_mixin.py:188} INFO - [2026-06-05T12:00:20.739+0000] {dag.py:3954} INFO - Setting next_dagrun for e-commerce_kafka_streaming_pipeline_v7 to 2026-06-05 12:00:00+00:00, run_after=2026-06-05 13:00:00+00:00
[2026-06-05T12:00:20.789+0000] {processor.py:183} INFO - Processing /opt/airflow/dags/sdp_pipeline_dag.py took 0.268 seconds
[2026-06-05T12:00:51.429+0000] {processor.py:161} INFO - Started process (PID=798) to work on /opt/airflow/dags/sdp_pipeline_dag.py
[2026-06-05T12:00:51.435+0000] {processor.py:830} INFO - Processing file /opt/airflow/dags/sdp_pipeline_dag.py for tasks to queue
[2026-06-05T12:00:51.440+0000] {logging_mixin.py:188} INFO - [2026-06-05T12:00:51.439+0000] {dagbag.py:540} INFO - Filling up the DagBag from /opt/airflow/dags/sdp_pipeline_dag.py
[2026-06-05T12:00:51.504+0000] {processor.py:840} INFO - DAG(s) 'e-commerce_kafka_streaming_pipeline_v7' retrieved from /opt/airflow/dags/sdp_pipeline_dag.py
[2026-06-05T12:00:51.672+0000] {logging_mixin.py:188} INFO - [2026-06-05T12:00:51.671+0000] {dag.py:3096} INFO - Sync 1 DAGs
[2026-06-05T12:00:51.784+0000] {logging_mixin.py:188} INFO - [2026-06-05T12:00:51.783+0000] {dag.py:3954} INFO - Setting next_dagrun for e-commerce_kafka_streaming_pipeline_v7 to 2026-06-05 12:00:00+00:00, run_after=2026-06-05 13:00:00+00:00
[2026-06-05T12:00:51.853+0000] {processor.py:183} INFO - Processing /opt/airflow/dags/sdp_pipeline_dag.py took 0.455 seconds
[2026-06-05T12:01:22.526+0000] {processor.py:161} INFO - Started process (PID=803) to work on /opt/airflow/dags/sdp_pipeline_dag.py
[2026-06-05T12:01:22.534+0000] {processor.py:830} INFO - Processing file /opt/airflow/dags/sdp_pipeline_dag.py for tasks to queue
[2026-06-05T12:01:22.537+0000] {logging_mixin.py:188} INFO - [2026-06-05T12:01:22.536+0000] {dagbag.py:540} INFO - Filling up the DagBag from /opt/airflow/dags/sdp_pipeline_dag.py
[2026-06-05T12:01:22.645+0000] {processor.py:840} INFO - DAG(s) 'e-commerce_kafka_streaming_pipeline_v7' retrieved from /opt/airflow/dags/sdp_pipeline_dag.py
[2026-06-05T12:01:22.820+0000] {logging_mixin.py:188} INFO - [2026-06-05T12:01:22.819+0000] {dag.py:3096} INFO - Sync 1 DAGs
[2026-06-05T12:01:22.913+0000] {logging_mixin.py:188} INFO - [2026-06-05T12:01:22.913+0000] {dag.py:3954} INFO - Setting next_dagrun for e-commerce_kafka_streaming_pipeline_v7 to 2026-06-05 12:00:00+00:00, run_after=2026-06-05 13:00:00+00:00
[2026-06-05T12:01:23.012+0000] {processor.py:183} INFO - Processing /opt/airflow/dags/sdp_pipeline_dag.py took 0.517 seconds
[2026-06-05T12:01:53.207+0000] {processor.py:161} INFO - Started process (PID=808) to work on /opt/airflow/dags/sdp_pipeline_dag.py
[2026-06-05T12:01:53.215+0000] {processor.py:830} INFO - Processing file /opt/airflow/dags/sdp_pipeline_dag.py for tasks to queue
[2026-06-05T12:01:53.218+0000] {logging_mixin.py:188} INFO - [2026-06-05T12:01:53.217+0000] {dagbag.py:540} INFO - Filling up the DagBag from /opt/airflow/dags/sdp_pipeline_dag.py
[2026-06-05T12:01:53.276+0000] {processor.py:840} INFO - DAG(s) 'e-commerce_kafka_streaming_pipeline_v7' retrieved from /opt/airflow/dags/sdp_pipeline_dag.py
[2026-06-05T12:01:53.385+0000] {logging_mixin.py:188} INFO - [2026-06-05T12:01:53.384+0000] {dag.py:3096} INFO - Sync 1 DAGs
[2026-06-05T12:01:53.469+0000] {logging_mixin.py:188} INFO - [2026-06-05T12:01:53.468+0000] {dag.py:3954} INFO - Setting next_dagrun for e-commerce_kafka_streaming_pipeline_v7 to 2026-06-05 12:00:00+00:00, run_after=2026-06-05 13:00:00+00:00
[2026-06-05T12:01:53.561+0000] {processor.py:183} INFO - Processing /opt/airflow/dags/sdp_pipeline_dag.py took 0.372 seconds
[2026-06-05T12:02:23.838+0000] {processor.py:161} INFO - Started process (PID=815) to work on /opt/airflow/dags/sdp_pipeline_dag.py
[2026-06-05T12:02:23.840+0000] {processor.py:830} INFO - Processing file /opt/airflow/dags/sdp_pipeline_dag.py for tasks to queue
[2026-06-05T12:02:23.843+0000] {logging_mixin.py:188} INFO - [2026-06-05T12:02:23.842+0000] {dagbag.py:540} INFO - Filling up the DagBag from /opt/airflow/dags/sdp_pipeline_dag.py
[2026-06-05T12:02:23.883+0000] {processor.py:840} INFO - DAG(s) 'e-commerce_kafka_streaming_pipeline_v7' retrieved from /opt/airflow/dags/sdp_pipeline_dag.py
[2026-06-05T12:02:23.939+0000] {logging_mixin.py:188} INFO - [2026-06-05T12:02:23.938+0000] {dag.py:3096} INFO - Sync 1 DAGs
[2026-06-05T12:02:23.995+0000] {logging_mixin.py:188} INFO - [2026-06-05T12:02:23.994+0000] {dag.py:3954} INFO - Setting next_dagrun for e-commerce_kafka_streaming_pipeline_v7 to 2026-06-05 12:00:00+00:00, run_after=2026-06-05 13:00:00+00:00
[2026-06-05T12:02:24.037+0000] {processor.py:183} INFO - Processing /opt/airflow/dags/sdp_pipeline_dag.py took 0.210 seconds
[2026-06-05T12:02:54.822+0000] {processor.py:161} INFO - Started process (PID=820) to work on /opt/airflow/dags/sdp_pipeline_dag.py
[2026-06-05T12:02:54.824+0000] {processor.py:830} INFO - Processing file /opt/airflow/dags/sdp_pipeline_dag.py for tasks to queue
[2026-06-05T12:02:54.828+0000] {logging_mixin.py:188} INFO - [2026-06-05T12:02:54.827+0000] {dagbag.py:540} INFO - Filling up the DagBag from /opt/airflow/dags/sdp_pipeline_dag.py
[2026-06-05T12:02:54.896+0000] {processor.py:840} INFO - DAG(s) 'e-commerce_kafka_streaming_pipeline_v7' retrieved from /opt/airflow/dags/sdp_pipeline_dag.py
[2026-06-05T12:02:55.040+0000] {logging_mixin.py:188} INFO - [2026-06-05T12:02:55.040+0000] {dag.py:3096} INFO - Sync 1 DAGs
[2026-06-05T12:02:55.161+0000] {logging_mixin.py:188} INFO - [2026-06-05T12:02:55.160+0000] {dag.py:3954} INFO - Setting next_dagrun for e-commerce_kafka_streaming_pipeline_v7 to 2026-06-05 12:00:00+00:00, run_after=2026-06-05 13:00:00+00:00
[2026-06-05T12:02:55.271+0000] {processor.py:183} INFO - Processing /opt/airflow/dags/sdp_pipeline_dag.py took 0.472 seconds
[2026-06-05T12:03:25.819+0000] {processor.py:161} INFO - Started process (PID=825) to work on /opt/airflow/dags/sdp_pipeline_dag.py
[2026-06-05T12:03:25.821+0000] {processor.py:830} INFO - Processing file /opt/airflow/dags/sdp_pipeline_dag.py for tasks to queue
[2026-06-05T12:03:25.824+0000] {logging_mixin.py:188} INFO - [2026-06-05T12:03:25.823+0000] {dagbag.py:540} INFO - Filling up the DagBag from /opt/airflow/dags/sdp_pipeline_dag.py
[2026-06-05T12:03:25.904+0000] {processor.py:840} INFO - DAG(s) 'e-commerce_kafka_streaming_pipeline_v7' retrieved from /opt/airflow/dags/sdp_pipeline_dag.py
[2026-06-05T12:03:26.021+0000] {logging_mixin.py:188} INFO - [2026-06-05T12:03:26.020+0000] {dag.py:3096} INFO - Sync 1 DAGs
[2026-06-05T12:03:26.107+0000] {logging_mixin.py:188} INFO - [2026-06-05T12:03:26.106+0000] {dag.py:3954} INFO - Setting next_dagrun for e-commerce_kafka_streaming_pipeline_v7 to 2026-06-05 12:00:00+00:00, run_after=2026-06-05 13:00:00+00:00
[2026-06-05T12:03:26.166+0000] {processor.py:183} INFO - Processing /opt/airflow/dags/sdp_pipeline_dag.py took 0.382 seconds
[2026-06-05T12:03:56.724+0000] {processor.py:161} INFO - Started process (PID=830) to work on /opt/airflow/dags/sdp_pipeline_dag.py
[2026-06-05T12:03:56.730+0000] {processor.py:830} INFO - Processing file /opt/airflow/dags/sdp_pipeline_dag.py for tasks to queue
[2026-06-05T12:03:56.732+0000] {logging_mixin.py:188} INFO - [2026-06-05T12:03:56.731+0000] {dagbag.py:540} INFO - Filling up the DagBag from /opt/airflow/dags/sdp_pipeline_dag.py
[2026-06-05T12:03:56.798+0000] {processor.py:840} INFO - DAG(s) 'e-commerce_kafka_streaming_pipeline_v7' retrieved from /opt/airflow/dags/sdp_pipeline_dag.py
[2026-06-05T12:03:56.975+0000] {logging_mixin.py:188} INFO - [2026-06-05T12:03:56.975+0000] {dag.py:3096} INFO - Sync 1 DAGs
[2026-06-05T12:03:57.170+0000] {logging_mixin.py:188} INFO - [2026-06-05T12:03:57.170+0000] {dag.py:3954} INFO - Setting next_dagrun for e-commerce_kafka_streaming_pipeline_v7 to 2026-06-05 12:00:00+00:00, run_after=2026-06-05 13:00:00+00:00
[2026-06-05T12:03:57.431+0000] {processor.py:183} INFO - Processing /opt/airflow/dags/sdp_pipeline_dag.py took 0.729 seconds
[2026-06-05T12:04:28.044+0000] {processor.py:161} INFO - Started process (PID=835) to work on /opt/airflow/dags/sdp_pipeline_dag.py
[2026-06-05T12:04:28.053+0000] {processor.py:830} INFO - Processing file /opt/airflow/dags/sdp_pipeline_dag.py for tasks to queue
[2026-06-05T12:04:28.057+0000] {logging_mixin.py:188} INFO - [2026-06-05T12:04:28.057+0000] {dagbag.py:540} INFO - Filling up the DagBag from /opt/airflow/dags/sdp_pipeline_dag.py
[2026-06-05T12:04:28.106+0000] {processor.py:840} INFO - DAG(s) 'e-commerce_kafka_streaming_pipeline_v7' retrieved from /opt/airflow/dags/sdp_pipeline_dag.py
[2026-06-05T12:04:28.171+0000] {logging_mixin.py:188} INFO - [2026-06-05T12:04:28.170+0000] {dag.py:3096} INFO - Sync 1 DAGs
[2026-06-05T12:04:28.235+0000] {logging_mixin.py:188} INFO - [2026-06-05T12:04:28.234+0000] {dag.py:3954} INFO - Setting next_dagrun for e-commerce_kafka_streaming_pipeline_v7 to 2026-06-05 12:00:00+00:00, run_after=2026-06-05 13:00:00+00:00
[2026-06-05T12:04:28.283+0000] {processor.py:183} INFO - Processing /opt/airflow/dags/sdp_pipeline_dag.py took 0.263 seconds
[2026-06-05T12:04:58.483+0000] {processor.py:161} INFO - Started process (PID=840) to work on /opt/airflow/dags/sdp_pipeline_dag.py
[2026-06-05T12:04:58.489+0000] {processor.py:830} INFO - Processing file /opt/airflow/dags/sdp_pipeline_dag.py for tasks to queue
[2026-06-05T12:04:58.491+0000] {logging_mixin.py:188} INFO - [2026-06-05T12:04:58.490+0000] {dagbag.py:540} INFO - Filling up the DagBag from /opt/airflow/dags/sdp_pipeline_dag.py
[2026-06-05T12:04:58.560+0000] {processor.py:840} INFO - DAG(s) 'e-commerce_kafka_streaming_pipeline_v7' retrieved from /opt/airflow/dags/sdp_pipeline_dag.py
[2026-06-05T12:04:58.684+0000] {logging_mixin.py:188} INFO - [2026-06-05T12:04:58.683+0000] {dag.py:3096} INFO - Sync 1 DAGs
[2026-06-05T12:04:58.773+0000] {logging_mixin.py:188} INFO - [2026-06-05T12:04:58.772+0000] {dag.py:3954} INFO - Setting next_dagrun for e-commerce_kafka_streaming_pipeline_v7 to 2026-06-05 12:00:00+00:00, run_after=2026-06-05 13:00:00+00:00
[2026-06-05T12:04:58.838+0000] {processor.py:183} INFO - Processing /opt/airflow/dags/sdp_pipeline_dag.py took 0.387 seconds
[2026-06-05T12:05:29.223+0000] {processor.py:161} INFO - Started process (PID=845) to work on /opt/airflow/dags/sdp_pipeline_dag.py
[2026-06-05T12:05:29.226+0000] {processor.py:830} INFO - Processing file /opt/airflow/dags/sdp_pipeline_dag.py for tasks to queue
[2026-06-05T12:05:29.230+0000] {logging_mixin.py:188} INFO - [2026-06-05T12:05:29.228+0000] {dagbag.py:540} INFO - Filling up the DagBag from /opt/airflow/dags/sdp_pipeline_dag.py
[2026-06-05T12:05:29.316+0000] {processor.py:840} INFO - DAG(s) 'e-commerce_kafka_streaming_pipeline_v7' retrieved from /opt/airflow/dags/sdp_pipeline_dag.py
[2026-06-05T12:05:29.445+0000] {logging_mixin.py:188} INFO - [2026-06-05T12:05:29.444+0000] {dag.py:3096} INFO - Sync 1 DAGs
[2026-06-05T12:05:29.658+0000] {logging_mixin.py:188} INFO - [2026-06-05T12:05:29.657+0000] {dag.py:3954} INFO - Setting next_dagrun for e-commerce_kafka_streaming_pipeline_v7 to 2026-06-05 12:00:00+00:00, run_after=2026-06-05 13:00:00+00:00
[2026-06-05T12:05:29.747+0000] {processor.py:183} INFO - Processing /opt/airflow/dags/sdp_pipeline_dag.py took 0.540 seconds
[2026-06-05T12:06:00.310+0000] {processor.py:161} INFO - Started process (PID=850) to work on /opt/airflow/dags/sdp_pipeline_dag.py
[2026-06-05T12:06:00.316+0000] {processor.py:830} INFO - Processing file /opt/airflow/dags/sdp_pipeline_dag.py for tasks to queue
[2026-06-05T12:06:00.319+0000] {logging_mixin.py:188} INFO - [2026-06-05T12:06:00.318+0000] {dagbag.py:540} INFO - Filling up the DagBag from /opt/airflow/dags/sdp_pipeline_dag.py
[2026-06-05T12:06:00.402+0000] {processor.py:840} INFO - DAG(s) 'e-commerce_kafka_streaming_pipeline_v7' retrieved from /opt/airflow/dags/sdp_pipeline_dag.py
[2026-06-05T12:06:00.535+0000] {logging_mixin.py:188} INFO - [2026-06-05T12:06:00.534+0000] {dag.py:3096} INFO - Sync 1 DAGs
[2026-06-05T12:06:00.614+0000] {logging_mixin.py:188} INFO - [2026-06-05T12:06:00.614+0000] {dag.py:3954} INFO - Setting next_dagrun for e-commerce_kafka_streaming_pipeline_v7 to 2026-06-05 12:00:00+00:00, run_after=2026-06-05 13:00:00+00:00
[2026-06-05T12:06:00.675+0000] {processor.py:183} INFO - Processing /opt/airflow/dags/sdp_pipeline_dag.py took 0.397 seconds
[2026-06-05T12:06:31.110+0000] {processor.py:161} INFO - Started process (PID=855) to work on /opt/airflow/dags/sdp_pipeline_dag.py
[2026-06-05T12:06:31.113+0000] {processor.py:830} INFO - Processing file /opt/airflow/dags/sdp_pipeline_dag.py for tasks to queue
[2026-06-05T12:06:31.117+0000] {logging_mixin.py:188} INFO - [2026-06-05T12:06:31.117+0000] {dagbag.py:540} INFO - Filling up the DagBag from /opt/airflow/dags/sdp_pipeline_dag.py
[2026-06-05T12:06:31.158+0000] {processor.py:840} INFO - DAG(s) 'e-commerce_kafka_streaming_pipeline_v7' retrieved from /opt/airflow/dags/sdp_pipeline_dag.py
[2026-06-05T12:06:31.229+0000] {logging_mixin.py:188} INFO - [2026-06-05T12:06:31.228+0000] {dag.py:3096} INFO - Sync 1 DAGs
[2026-06-05T12:06:31.282+0000] {logging_mixin.py:188} INFO - [2026-06-05T12:06:31.282+0000] {dag.py:3954} INFO - Setting next_dagrun for e-commerce_kafka_streaming_pipeline_v7 to 2026-06-05 12:00:00+00:00, run_after=2026-06-05 13:00:00+00:00
[2026-06-05T12:06:31.315+0000] {processor.py:183} INFO - Processing /opt/airflow/dags/sdp_pipeline_dag.py took 0.216 seconds
[2026-06-05T12:07:01.510+0000] {processor.py:161} INFO - Started process (PID=860) to work on /opt/airflow/dags/sdp_pipeline_dag.py
[2026-06-05T12:07:01.512+0000] {processor.py:830} INFO - Processing file /opt/airflow/dags/sdp_pipeline_dag.py for tasks to queue
[2026-06-05T12:07:01.516+0000] {logging_mixin.py:188} INFO - [2026-06-05T12:07:01.515+0000] {dagbag.py:540} INFO - Filling up the DagBag from /opt/airflow/dags/sdp_pipeline_dag.py
[2026-06-05T12:07:01.657+0000] {processor.py:840} INFO - DAG(s) 'e-commerce_kafka_streaming_pipeline_v7' retrieved from /opt/airflow/dags/sdp_pipeline_dag.py
[2026-06-05T12:07:01.875+0000] {logging_mixin.py:188} INFO - [2026-06-05T12:07:01.874+0000] {dag.py:3096} INFO - Sync 1 DAGs
[2026-06-05T12:07:02.058+0000] {logging_mixin.py:188} INFO - [2026-06-05T12:07:02.056+0000] {dag.py:3954} INFO - Setting next_dagrun for e-commerce_kafka_streaming_pipeline_v7 to 2026-06-05 12:00:00+00:00, run_after=2026-06-05 13:00:00+00:00
[2026-06-05T12:07:02.159+0000] {processor.py:183} INFO - Processing /opt/airflow/dags/sdp_pipeline_dag.py took 0.674 seconds
[2026-06-05T12:07:32.721+0000] {processor.py:161} INFO - Started process (PID=865) to work on /opt/airflow/dags/sdp_pipeline_dag.py
[2026-06-05T12:07:32.726+0000] {processor.py:830} INFO - Processing file /opt/airflow/dags/sdp_pipeline_dag.py for tasks to queue
[2026-06-05T12:07:32.731+0000] {logging_mixin.py:188} INFO - [2026-06-05T12:07:32.730+0000] {dagbag.py:540} INFO - Filling up the DagBag from /opt/airflow/dags/sdp_pipeline_dag.py
[2026-06-05T12:07:32.780+0000] {processor.py:840} INFO - DAG(s) 'e-commerce_kafka_streaming_pipeline_v7' retrieved from /opt/airflow/dags/sdp_pipeline_dag.py
[2026-06-05T12:07:32.857+0000] {logging_mixin.py:188} INFO - [2026-06-05T12:07:32.857+0000] {dag.py:3096} INFO - Sync 1 DAGs
[2026-06-05T12:07:32.943+0000] {logging_mixin.py:188} INFO - [2026-06-05T12:07:32.943+0000] {dag.py:3954} INFO - Setting next_dagrun for e-commerce_kafka_streaming_pipeline_v7 to 2026-06-05 12:00:00+00:00, run_after=2026-06-05 13:00:00+00:00
[2026-06-05T12:07:33.009+0000] {processor.py:183} INFO - Processing /opt/airflow/dags/sdp_pipeline_dag.py took 0.312 seconds
[2026-06-05T12:08:03.429+0000] {processor.py:161} INFO - Started process (PID=870) to work on /opt/airflow/dags/sdp_pipeline_dag.py
[2026-06-05T12:08:03.431+0000] {processor.py:830} INFO - Processing file /opt/airflow/dags/sdp_pipeline_dag.py for tasks to queue
[2026-06-05T12:08:03.434+0000] {logging_mixin.py:188} INFO - [2026-06-05T12:08:03.433+0000] {dagbag.py:540} INFO - Filling up the DagBag from /opt/airflow/dags/sdp_pipeline_dag.py
[2026-06-05T12:08:03.509+0000] {processor.py:840} INFO - DAG(s) 'e-commerce_kafka_streaming_pipeline_v7' retrieved from /opt/airflow/dags/sdp_pipeline_dag.py
[2026-06-05T12:08:03.607+0000] {logging_mixin.py:188} INFO - [2026-06-05T12:08:03.607+0000] {dag.py:3096} INFO - Sync 1 DAGs
[2026-06-05T12:08:03.659+0000] {logging_mixin.py:188} INFO - [2026-06-05T12:08:03.659+0000] {dag.py:3954} INFO - Setting next_dagrun for e-commerce_kafka_streaming_pipeline_v7 to 2026-06-05 12:00:00+00:00, run_after=2026-06-05 13:00:00+00:00
[2026-06-05T12:08:03.704+0000] {processor.py:183} INFO - Processing /opt/airflow/dags/sdp_pipeline_dag.py took 0.293 seconds
[2026-06-05T12:08:33.916+0000] {processor.py:161} INFO - Started process (PID=875) to work on /opt/airflow/dags/sdp_pipeline_dag.py
[2026-06-05T12:08:33.923+0000] {processor.py:830} INFO - Processing file /opt/airflow/dags/sdp_pipeline_dag.py for tasks to queue
[2026-06-05T12:08:33.935+0000] {logging_mixin.py:188} INFO - [2026-06-05T12:08:33.932+0000] {dagbag.py:540} INFO - Filling up the DagBag from /opt/airflow/dags/sdp_pipeline_dag.py
[2026-06-05T12:08:34.051+0000] {processor.py:840} INFO - DAG(s) 'e-commerce_kafka_streaming_pipeline_v7' retrieved from /opt/airflow/dags/sdp_pipeline_dag.py
[2026-06-05T12:08:34.208+0000] {logging_mixin.py:188} INFO - [2026-06-05T12:08:34.208+0000] {dag.py:3096} INFO - Sync 1 DAGs
[2026-06-05T12:08:34.313+0000] {logging_mixin.py:188} INFO - [2026-06-05T12:08:34.312+0000] {dag.py:3954} INFO - Setting next_dagrun for e-commerce_kafka_streaming_pipeline_v7 to 2026-06-05 12:00:00+00:00, run_after=2026-06-05 13:00:00+00:00
[2026-06-05T12:08:34.426+0000] {processor.py:183} INFO - Processing /opt/airflow/dags/sdp_pipeline_dag.py took 0.579 seconds
[2026-06-05T12:09:04.984+0000] {processor.py:161} INFO - Started process (PID=880) to work on /opt/airflow/dags/sdp_pipeline_dag.py
[2026-06-05T12:09:04.991+0000] {processor.py:830} INFO - Processing file /opt/airflow/dags/sdp_pipeline_dag.py for tasks to queue
[2026-06-05T12:09:04.993+0000] {logging_mixin.py:188} INFO - [2026-06-05T12:09:04.992+0000] {dagbag.py:540} INFO - Filling up the DagBag from /opt/airflow/dags/sdp_pipeline_dag.py
[2026-06-05T12:09:05.051+0000] {processor.py:840} INFO - DAG(s) 'e-commerce_kafka_streaming_pipeline_v7' retrieved from /opt/airflow/dags/sdp_pipeline_dag.py
[2026-06-05T12:09:05.152+0000] {logging_mixin.py:188} INFO - [2026-06-05T12:09:05.151+0000] {dag.py:3096} INFO - Sync 1 DAGs
[2026-06-05T12:09:05.232+0000] {logging_mixin.py:188} INFO - [2026-06-05T12:09:05.231+0000] {dag.py:3954} INFO - Setting next_dagrun for e-commerce_kafka_streaming_pipeline_v7 to 2026-06-05 12:00:00+00:00, run_after=2026-06-05 13:00:00+00:00
[2026-06-05T12:09:05.300+0000] {processor.py:183} INFO - Processing /opt/airflow/dags/sdp_pipeline_dag.py took 0.343 seconds
[2026-06-05T12:09:35.861+0000] {processor.py:161} INFO - Started process (PID=885) to work on /opt/airflow/dags/sdp_pipeline_dag.py
[2026-06-05T12:09:35.865+0000] {processor.py:830} INFO - Processing file /opt/airflow/dags/sdp_pipeline_dag.py for tasks to queue
[2026-06-05T12:09:35.869+0000] {logging_mixin.py:188} INFO - [2026-06-05T12:09:35.868+0000] {dagbag.py:540} INFO - Filling up the DagBag from /opt/airflow/dags/sdp_pipeline_dag.py
[2026-06-05T12:09:35.931+0000] {processor.py:840} INFO - DAG(s) 'e-commerce_kafka_streaming_pipeline_v7' retrieved from /opt/airflow/dags/sdp_pipeline_dag.py
[2026-06-05T12:09:36.103+0000] {logging_mixin.py:188} INFO - [2026-06-05T12:09:36.099+0000] {dag.py:3096} INFO - Sync 1 DAGs
[2026-06-05T12:09:36.255+0000] {logging_mixin.py:188} INFO - [2026-06-05T12:09:36.247+0000] {dag.py:3954} INFO - Setting next_dagrun for e-commerce_kafka_streaming_pipeline_v7 to 2026-06-05 12:00:00+00:00, run_after=2026-06-05 13:00:00+00:00
[2026-06-05T12:09:36.347+0000] {processor.py:183} INFO - Processing /opt/airflow/dags/sdp_pipeline_dag.py took 0.516 seconds
[2026-06-05T12:10:06.792+0000] {processor.py:161} INFO - Started process (PID=890) to work on /opt/airflow/dags/sdp_pipeline_dag.py
[2026-06-05T12:10:06.794+0000] {processor.py:830} INFO - Processing file /opt/airflow/dags/sdp_pipeline_dag.py for tasks to queue
[2026-06-05T12:10:06.796+0000] {logging_mixin.py:188} INFO - [2026-06-05T12:10:06.795+0000] {dagbag.py:540} INFO - Filling up the DagBag from /opt/airflow/dags/sdp_pipeline_dag.py
[2026-06-05T12:10:06.838+0000] {processor.py:840} INFO - DAG(s) 'e-commerce_kafka_streaming_pipeline_v7' retrieved from /opt/airflow/dags/sdp_pipeline_dag.py
[2026-06-05T12:10:06.902+0000] {logging_mixin.py:188} INFO - [2026-06-05T12:10:06.901+0000] {dag.py:3096} INFO - Sync 1 DAGs
[2026-06-05T12:10:06.959+0000] {logging_mixin.py:188} INFO - [2026-06-05T12:10:06.959+0000] {dag.py:3954} INFO - Setting next_dagrun for e-commerce_kafka_streaming_pipeline_v7 to 2026-06-05 12:00:00+00:00, run_after=2026-06-05 13:00:00+00:00
[2026-06-05T12:10:07.009+0000] {processor.py:183} INFO - Processing /opt/airflow/dags/sdp_pipeline_dag.py took 0.234 seconds
[2026-06-05T12:10:37.300+0000] {processor.py:161} INFO - Started process (PID=895) to work on /opt/airflow/dags/sdp_pipeline_dag.py
[2026-06-05T12:10:37.311+0000] {processor.py:830} INFO - Processing file /opt/airflow/dags/sdp_pipeline_dag.py for tasks to queue
[2026-06-05T12:10:37.317+0000] {logging_mixin.py:188} INFO - [2026-06-05T12:10:37.313+0000] {dagbag.py:540} INFO - Filling up the DagBag from /opt/airflow/dags/sdp_pipeline_dag.py
[2026-06-05T12:10:37.432+0000] {processor.py:840} INFO - DAG(s) 'e-commerce_kafka_streaming_pipeline_v7' retrieved from /opt/airflow/dags/sdp_pipeline_dag.py
[2026-06-05T12:10:37.615+0000] {logging_mixin.py:188} INFO - [2026-06-05T12:10:37.615+0000] {dag.py:3096} INFO - Sync 1 DAGs
[2026-06-05T12:10:37.997+0000] {logging_mixin.py:188} INFO - [2026-06-05T12:10:37.993+0000] {dag.py:3954} INFO - Setting next_dagrun for e-commerce_kafka_streaming_pipeline_v7 to 2026-06-05 12:00:00+00:00, run_after=2026-06-05 13:00:00+00:00
[2026-06-05T12:10:38.096+0000] {processor.py:183} INFO - Processing /opt/airflow/dags/sdp_pipeline_dag.py took 0.825 seconds
[2026-06-05T12:11:08.541+0000] {processor.py:161} INFO - Started process (PID=900) to work on /opt/airflow/dags/sdp_pipeline_dag.py
[2026-06-05T12:11:08.544+0000] {processor.py:830} INFO - Processing file /opt/airflow/dags/sdp_pipeline_dag.py for tasks to queue
[2026-06-05T12:11:08.548+0000] {logging_mixin.py:188} INFO - [2026-06-05T12:11:08.547+0000] {dagbag.py:540} INFO - Filling up the DagBag from /opt/airflow/dags/sdp_pipeline_dag.py
[2026-06-05T12:11:08.600+0000] {processor.py:840} INFO - DAG(s) 'e-commerce_kafka_streaming_pipeline_v7' retrieved from /opt/airflow/dags/sdp_pipeline_dag.py
[2026-06-05T12:11:08.708+0000] {logging_mixin.py:188} INFO - [2026-06-05T12:11:08.707+0000] {dag.py:3096} INFO - Sync 1 DAGs
[2026-06-05T12:11:08.865+0000] {logging_mixin.py:188} INFO - [2026-06-05T12:11:08.862+0000] {dag.py:3954} INFO - Setting next_dagrun for e-commerce_kafka_streaming_pipeline_v7 to 2026-06-05 12:00:00+00:00, run_after=2026-06-05 13:00:00+00:00
[2026-06-05T12:11:08.944+0000] {processor.py:183} INFO - Processing /opt/airflow/dags/sdp_pipeline_dag.py took 0.431 seconds
[2026-06-05T12:11:39.321+0000] {processor.py:161} INFO - Started process (PID=905) to work on /opt/airflow/dags/sdp_pipeline_dag.py
[2026-06-05T12:11:39.324+0000] {processor.py:830} INFO - Processing file /opt/airflow/dags/sdp_pipeline_dag.py for tasks to queue
[2026-06-05T12:11:39.326+0000] {logging_mixin.py:188} INFO - [2026-06-05T12:11:39.326+0000] {dagbag.py:540} INFO - Filling up the DagBag from /opt/airflow/dags/sdp_pipeline_dag.py
[2026-06-05T12:11:39.375+0000] {processor.py:840} INFO - DAG(s) 'e-commerce_kafka_streaming_pipeline_v7' retrieved from /opt/airflow/dags/sdp_pipeline_dag.py
[2026-06-05T12:11:39.427+0000] {logging_mixin.py:188} INFO - [2026-06-05T12:11:39.426+0000] {dag.py:3096} INFO - Sync 1 DAGs
[2026-06-05T12:11:39.479+0000] {logging_mixin.py:188} INFO - [2026-06-05T12:11:39.478+0000] {dag.py:3954} INFO - Setting next_dagrun for e-commerce_kafka_streaming_pipeline_v7 to 2026-06-05 12:00:00+00:00, run_after=2026-06-05 13:00:00+00:00
[2026-06-05T12:11:39.527+0000] {processor.py:183} INFO - Processing /opt/airflow/dags/sdp_pipeline_dag.py took 0.220 seconds
[2026-06-05T12:12:09.713+0000] {processor.py:161} INFO - Started process (PID=910) to work on /opt/airflow/dags/sdp_pipeline_dag.py
[2026-06-05T12:12:09.715+0000] {processor.py:830} INFO - Processing file /opt/airflow/dags/sdp_pipeline_dag.py for tasks to queue
[2026-06-05T12:12:09.718+0000] {logging_mixin.py:188} INFO - [2026-06-05T12:12:09.717+0000] {dagbag.py:540} INFO - Filling up the DagBag from /opt/airflow/dags/sdp_pipeline_dag.py
[2026-06-05T12:12:09.758+0000] {processor.py:840} INFO - DAG(s) 'e-commerce_kafka_streaming_pipeline_v7' retrieved from /opt/airflow/dags/sdp_pipeline_dag.py
[2026-06-05T12:12:09.837+0000] {logging_mixin.py:188} INFO - [2026-06-05T12:12:09.828+0000] {dag.py:3096} INFO - Sync 1 DAGs
[2026-06-05T12:12:09.899+0000] {logging_mixin.py:188} INFO - [2026-06-05T12:12:09.899+0000] {dag.py:3954} INFO - Setting next_dagrun for e-commerce_kafka_streaming_pipeline_v7 to 2026-06-05 12:00:00+00:00, run_after=2026-06-05 13:00:00+00:00
[2026-06-05T12:12:09.943+0000] {processor.py:183} INFO - Processing /opt/airflow/dags/sdp_pipeline_dag.py took 0.246 seconds
[2026-06-05T12:12:40.570+0000] {processor.py:161} INFO - Started process (PID=915) to work on /opt/airflow/dags/sdp_pipeline_dag.py
[2026-06-05T12:12:40.576+0000] {processor.py:830} INFO - Processing file /opt/airflow/dags/sdp_pipeline_dag.py for tasks to queue
[2026-06-05T12:12:40.578+0000] {logging_mixin.py:188} INFO - [2026-06-05T12:12:40.577+0000] {dagbag.py:540} INFO - Filling up the DagBag from /opt/airflow/dags/sdp_pipeline_dag.py
[2026-06-05T12:12:40.667+0000] {processor.py:840} INFO - DAG(s) 'e-commerce_kafka_streaming_pipeline_v7' retrieved from /opt/airflow/dags/sdp_pipeline_dag.py
[2026-06-05T12:12:40.773+0000] {logging_mixin.py:188} INFO - [2026-06-05T12:12:40.772+0000] {dag.py:3096} INFO - Sync 1 DAGs
[2026-06-05T12:12:40.863+0000] {logging_mixin.py:188} INFO - [2026-06-05T12:12:40.859+0000] {dag.py:3954} INFO - Setting next_dagrun for e-commerce_kafka_streaming_pipeline_v7 to 2026-06-05 12:00:00+00:00, run_after=2026-06-05 13:00:00+00:00
[2026-06-05T12:12:41.151+0000] {processor.py:183} INFO - Processing /opt/airflow/dags/sdp_pipeline_dag.py took 0.621 seconds
[2026-06-05T12:13:11.755+0000] {processor.py:161} INFO - Started process (PID=920) to work on /opt/airflow/dags/sdp_pipeline_dag.py
[2026-06-05T12:13:11.758+0000] {processor.py:830} INFO - Processing file /opt/airflow/dags/sdp_pipeline_dag.py for tasks to queue
[2026-06-05T12:13:11.761+0000] {logging_mixin.py:188} INFO - [2026-06-05T12:13:11.760+0000] {dagbag.py:540} INFO - Filling up the DagBag from /opt/airflow/dags/sdp_pipeline_dag.py
[2026-06-05T12:13:11.832+0000] {processor.py:840} INFO - DAG(s) 'e-commerce_kafka_streaming_pipeline_v7' retrieved from /opt/airflow/dags/sdp_pipeline_dag.py
[2026-06-05T12:13:12.037+0000] {logging_mixin.py:188} INFO - [2026-06-05T12:13:12.037+0000] {dag.py:3096} INFO - Sync 1 DAGs
[2026-06-05T12:13:12.209+0000] {logging_mixin.py:188} INFO - [2026-06-05T12:13:12.209+0000] {dag.py:3954} INFO - Setting next_dagrun for e-commerce_kafka_streaming_pipeline_v7 to 2026-06-05 12:00:00+00:00, run_after=2026-06-05 13:00:00+00:00
[2026-06-05T12:13:12.308+0000] {processor.py:183} INFO - Processing /opt/airflow/dags/sdp_pipeline_dag.py took 0.594 seconds
[2026-06-05T12:13:42.888+0000] {processor.py:161} INFO - Started process (PID=925) to work on /opt/airflow/dags/sdp_pipeline_dag.py
[2026-06-05T12:13:42.890+0000] {processor.py:830} INFO - Processing file /opt/airflow/dags/sdp_pipeline_dag.py for tasks to queue
[2026-06-05T12:13:42.893+0000] {logging_mixin.py:188} INFO - [2026-06-05T12:13:42.892+0000] {dagbag.py:540} INFO - Filling up the DagBag from /opt/airflow/dags/sdp_pipeline_dag.py
[2026-06-05T12:13:42.959+0000] {processor.py:840} INFO - DAG(s) 'e-commerce_kafka_streaming_pipeline_v7' retrieved from /opt/airflow/dags/sdp_pipeline_dag.py
[2026-06-05T12:13:43.037+0000] {logging_mixin.py:188} INFO - [2026-06-05T12:13:43.037+0000] {dag.py:3096} INFO - Sync 1 DAGs
[2026-06-05T12:13:43.100+0000] {logging_mixin.py:188} INFO - [2026-06-05T12:13:43.100+0000] {dag.py:3954} INFO - Setting next_dagrun for e-commerce_kafka_streaming_pipeline_v7 to 2026-06-05 12:00:00+00:00, run_after=2026-06-05 13:00:00+00:00
[2026-06-05T12:13:43.188+0000] {processor.py:183} INFO - Processing /opt/airflow/dags/sdp_pipeline_dag.py took 0.315 seconds
[2026-06-05T12:14:13.632+0000] {processor.py:161} INFO - Started process (PID=930) to work on /opt/airflow/dags/sdp_pipeline_dag.py
[2026-06-05T12:14:13.634+0000] {processor.py:830} INFO - Processing file /opt/airflow/dags/sdp_pipeline_dag.py for tasks to queue
[2026-06-05T12:14:13.636+0000] {logging_mixin.py:188} INFO - [2026-06-05T12:14:13.635+0000] {dagbag.py:540} INFO - Filling up the DagBag from /opt/airflow/dags/sdp_pipeline_dag.py
[2026-06-05T12:14:13.685+0000] {processor.py:840} INFO - DAG(s) 'e-commerce_kafka_streaming_pipeline_v7' retrieved from /opt/airflow/dags/sdp_pipeline_dag.py
[2026-06-05T12:14:13.753+0000] {logging_mixin.py:188} INFO - [2026-06-05T12:14:13.752+0000] {dag.py:3096} INFO - Sync 1 DAGs
[2026-06-05T12:14:13.813+0000] {logging_mixin.py:188} INFO - [2026-06-05T12:14:13.812+0000] {dag.py:3954} INFO - Setting next_dagrun for e-commerce_kafka_streaming_pipeline_v7 to 2026-06-05 12:00:00+00:00, run_after=2026-06-05 13:00:00+00:00
[2026-06-05T12:14:13.869+0000] {processor.py:183} INFO - Processing /opt/airflow/dags/sdp_pipeline_dag.py took 0.252 seconds
[2026-06-05T12:14:44.059+0000] {processor.py:161} INFO - Started process (PID=935) to work on /opt/airflow/dags/sdp_pipeline_dag.py
[2026-06-05T12:14:44.064+0000] {processor.py:830} INFO - Processing file /opt/airflow/dags/sdp_pipeline_dag.py for tasks to queue
[2026-06-05T12:14:44.066+0000] {logging_mixin.py:188} INFO - [2026-06-05T12:14:44.066+0000] {dagbag.py:540} INFO - Filling up the DagBag from /opt/airflow/dags/sdp_pipeline_dag.py
[2026-06-05T12:14:44.139+0000] {processor.py:840} INFO - DAG(s) 'e-commerce_kafka_streaming_pipeline_v7' retrieved from /opt/airflow/dags/sdp_pipeline_dag.py
[2026-06-05T12:14:44.400+0000] {logging_mixin.py:188} INFO - [2026-06-05T12:14:44.399+0000] {dag.py:3096} INFO - Sync 1 DAGs
[2026-06-05T12:14:44.518+0000] {logging_mixin.py:188} INFO - [2026-06-05T12:14:44.517+0000] {dag.py:3954} INFO - Setting next_dagrun for e-commerce_kafka_streaming_pipeline_v7 to 2026-06-05 12:00:00+00:00, run_after=2026-06-05 13:00:00+00:00
[2026-06-05T12:14:44.597+0000] {processor.py:183} INFO - Processing /opt/airflow/dags/sdp_pipeline_dag.py took 0.568 seconds
[2026-06-05T12:15:14.792+0000] {processor.py:161} INFO - Started process (PID=940) to work on /opt/airflow/dags/sdp_pipeline_dag.py
[2026-06-05T12:15:14.795+0000] {processor.py:830} INFO - Processing file /opt/airflow/dags/sdp_pipeline_dag.py for tasks to queue
[2026-06-05T12:15:14.798+0000] {logging_mixin.py:188} INFO - [2026-06-05T12:15:14.797+0000] {dagbag.py:540} INFO - Filling up the DagBag from /opt/airflow/dags/sdp_pipeline_dag.py
[2026-06-05T12:15:14.883+0000] {processor.py:840} INFO - DAG(s) 'e-commerce_kafka_streaming_pipeline_v7' retrieved from /opt/airflow/dags/sdp_pipeline_dag.py
[2026-06-05T12:15:15.032+0000] {logging_mixin.py:188} INFO - [2026-06-05T12:15:15.032+0000] {dag.py:3096} INFO - Sync 1 DAGs
[2026-06-05T12:15:15.217+0000] {logging_mixin.py:188} INFO - [2026-06-05T12:15:15.217+0000] {dag.py:3954} INFO - Setting next_dagrun for e-commerce_kafka_streaming_pipeline_v7 to 2026-06-05 12:00:00+00:00, run_after=2026-06-05 13:00:00+00:00
[2026-06-05T12:15:15.330+0000] {processor.py:183} INFO - Processing /opt/airflow/dags/sdp_pipeline_dag.py took 0.563 seconds
[2026-06-05T12:15:45.485+0000] {processor.py:161} INFO - Started process (PID=945) to work on /opt/airflow/dags/sdp_pipeline_dag.py
[2026-06-05T12:15:45.487+0000] {processor.py:830} INFO - Processing file /opt/airflow/dags/sdp_pipeline_dag.py for tasks to queue
[2026-06-05T12:15:45.490+0000] {logging_mixin.py:188} INFO - [2026-06-05T12:15:45.489+0000] {dagbag.py:540} INFO - Filling up the DagBag from /opt/airflow/dags/sdp_pipeline_dag.py
[2026-06-05T12:15:45.533+0000] {processor.py:840} INFO - DAG(s) 'e-commerce_kafka_streaming_pipeline_v7' retrieved from /opt/airflow/dags/sdp_pipeline_dag.py
[2026-06-05T12:15:45.610+0000] {logging_mixin.py:188} INFO - [2026-06-05T12:15:45.609+0000] {dag.py:3096} INFO - Sync 1 DAGs
[2026-06-05T12:15:45.663+0000] {logging_mixin.py:188} INFO - [2026-06-05T12:15:45.662+0000] {dag.py:3954} INFO - Setting next_dagrun for e-commerce_kafka_streaming_pipeline_v7 to 2026-06-05 12:00:00+00:00, run_after=2026-06-05 13:00:00+00:00
[2026-06-05T12:15:45.709+0000] {processor.py:183} INFO - Processing /opt/airflow/dags/sdp_pipeline_dag.py took 0.239 seconds
[2026-06-05T12:16:16.182+0000] {processor.py:161} INFO - Started process (PID=950) to work on /opt/airflow/dags/sdp_pipeline_dag.py
[2026-06-05T12:16:16.184+0000] {processor.py:830} INFO - Processing file /opt/airflow/dags/sdp_pipeline_dag.py for tasks to queue
[2026-06-05T12:16:16.194+0000] {logging_mixin.py:188} INFO - [2026-06-05T12:16:16.192+0000] {dagbag.py:540} INFO - Filling up the DagBag from /opt/airflow/dags/sdp_pipeline_dag.py
[2026-06-05T12:16:16.270+0000] {processor.py:840} INFO - DAG(s) 'e-commerce_kafka_streaming_pipeline_v7' retrieved from /opt/airflow/dags/sdp_pipeline_dag.py
[2026-06-05T12:16:16.407+0000] {logging_mixin.py:188} INFO - [2026-06-05T12:16:16.406+0000] {dag.py:3096} INFO - Sync 1 DAGs
[2026-06-05T12:16:16.498+0000] {logging_mixin.py:188} INFO - [2026-06-05T12:16:16.497+0000] {dag.py:3954} INFO - Setting next_dagrun for e-commerce_kafka_streaming_pipeline_v7 to 2026-06-05 12:00:00+00:00, run_after=2026-06-05 13:00:00+00:00
[2026-06-05T12:16:16.575+0000] {processor.py:183} INFO - Processing /opt/airflow/dags/sdp_pipeline_dag.py took 0.417 seconds
[2026-06-05T12:16:47.060+0000] {processor.py:161} INFO - Started process (PID=955) to work on /opt/airflow/dags/sdp_pipeline_dag.py
[2026-06-05T12:16:47.064+0000] {processor.py:830} INFO - Processing file /opt/airflow/dags/sdp_pipeline_dag.py for tasks to queue
[2026-06-05T12:16:47.067+0000] {logging_mixin.py:188} INFO - [2026-06-05T12:16:47.066+0000] {dagbag.py:540} INFO - Filling up the DagBag from /opt/airflow/dags/sdp_pipeline_dag.py
[2026-06-05T12:16:47.120+0000] {processor.py:840} INFO - DAG(s) 'e-commerce_kafka_streaming_pipeline_v7' retrieved from /opt/airflow/dags/sdp_pipeline_dag.py
[2026-06-05T12:16:47.202+0000] {logging_mixin.py:188} INFO - [2026-06-05T12:16:47.201+0000] {dag.py:3096} INFO - Sync 1 DAGs
[2026-06-05T12:16:47.263+0000] {logging_mixin.py:188} INFO - [2026-06-05T12:16:47.262+0000] {dag.py:3954} INFO - Setting next_dagrun for e-commerce_kafka_streaming_pipeline_v7 to 2026-06-05 12:00:00+00:00, run_after=2026-06-05 13:00:00+00:00
[2026-06-05T12:16:47.320+0000] {processor.py:183} INFO - Processing /opt/airflow/dags/sdp_pipeline_dag.py took 0.293 seconds
[2026-06-05T12:17:17.601+0000] {processor.py:161} INFO - Started process (PID=960) to work on /opt/airflow/dags/sdp_pipeline_dag.py
[2026-06-05T12:17:17.607+0000] {processor.py:830} INFO - Processing file /opt/airflow/dags/sdp_pipeline_dag.py for tasks to queue
[2026-06-05T12:17:17.617+0000] {logging_mixin.py:188} INFO - [2026-06-05T12:17:17.615+0000] {dagbag.py:540} INFO - Filling up the DagBag from /opt/airflow/dags/sdp_pipeline_dag.py
[2026-06-05T12:17:17.682+0000] {processor.py:840} INFO - DAG(s) 'e-commerce_kafka_streaming_pipeline_v7' retrieved from /opt/airflow/dags/sdp_pipeline_dag.py
[2026-06-05T12:17:17.857+0000] {logging_mixin.py:188} INFO - [2026-06-05T12:17:17.856+0000] {dag.py:3096} INFO - Sync 1 DAGs
[2026-06-05T12:17:18.146+0000] {logging_mixin.py:188} INFO - [2026-06-05T12:17:18.146+0000] {dag.py:3954} INFO - Setting next_dagrun for e-commerce_kafka_streaming_pipeline_v7 to 2026-06-05 12:00:00+00:00, run_after=2026-06-05 13:00:00+00:00
[2026-06-05T12:17:18.283+0000] {processor.py:183} INFO - Processing /opt/airflow/dags/sdp_pipeline_dag.py took 0.705 seconds
[2026-06-05T12:17:48.769+0000] {processor.py:161} INFO - Started process (PID=965) to work on /opt/airflow/dags/sdp_pipeline_dag.py
[2026-06-05T12:17:48.771+0000] {processor.py:830} INFO - Processing file /opt/airflow/dags/sdp_pipeline_dag.py for tasks to queue
[2026-06-05T12:17:48.772+0000] {logging_mixin.py:188} INFO - [2026-06-05T12:17:48.772+0000] {dagbag.py:540} INFO - Filling up the DagBag from /opt/airflow/dags/sdp_pipeline_dag.py
[2026-06-05T12:17:48.814+0000] {processor.py:840} INFO - DAG(s) 'e-commerce_kafka_streaming_pipeline_v7' retrieved from /opt/airflow/dags/sdp_pipeline_dag.py
[2026-06-05T12:17:48.897+0000] {logging_mixin.py:188} INFO - [2026-06-05T12:17:48.897+0000] {dag.py:3096} INFO - Sync 1 DAGs
[2026-06-05T12:17:48.947+0000] {logging_mixin.py:188} INFO - [2026-06-05T12:17:48.947+0000] {dag.py:3954} INFO - Setting next_dagrun for e-commerce_kafka_streaming_pipeline_v7 to 2026-06-05 12:00:00+00:00, run_after=2026-06-05 13:00:00+00:00
[2026-06-05T12:17:48.991+0000] {processor.py:183} INFO - Processing /opt/airflow/dags/sdp_pipeline_dag.py took 0.237 seconds
[2026-06-05T12:18:19.167+0000] {processor.py:161} INFO - Started process (PID=970) to work on /opt/airflow/dags/sdp_pipeline_dag.py
[2026-06-05T12:18:19.173+0000] {processor.py:830} INFO - Processing file /opt/airflow/dags/sdp_pipeline_dag.py for tasks to queue
[2026-06-05T12:18:19.175+0000] {logging_mixin.py:188} INFO - [2026-06-05T12:18:19.174+0000] {dagbag.py:540} INFO - Filling up the DagBag from /opt/airflow/dags/sdp_pipeline_dag.py
[2026-06-05T12:18:19.239+0000] {processor.py:840} INFO - DAG(s) 'e-commerce_kafka_streaming_pipeline_v7' retrieved from /opt/airflow/dags/sdp_pipeline_dag.py
[2026-06-05T12:18:19.375+0000] {logging_mixin.py:188} INFO - [2026-06-05T12:18:19.375+0000] {dag.py:3096} INFO - Sync 1 DAGs
[2026-06-05T12:18:19.470+0000] {logging_mixin.py:188} INFO - [2026-06-05T12:18:19.469+0000] {dag.py:3954} INFO - Setting next_dagrun for e-commerce_kafka_streaming_pipeline_v7 to 2026-06-05 12:00:00+00:00, run_after=2026-06-05 13:00:00+00:00
[2026-06-05T12:18:19.531+0000] {processor.py:183} INFO - Processing /opt/airflow/dags/sdp_pipeline_dag.py took 0.390 seconds
[2026-06-05T12:18:49.829+0000] {processor.py:161} INFO - Started process (PID=975) to work on /opt/airflow/dags/sdp_pipeline_dag.py
[2026-06-05T12:18:49.832+0000] {processor.py:830} INFO - Processing file /opt/airflow/dags/sdp_pipeline_dag.py for tasks to queue
[2026-06-05T12:18:49.835+0000] {logging_mixin.py:188} INFO - [2026-06-05T12:18:49.834+0000] {dagbag.py:540} INFO - Filling up the DagBag from /opt/airflow/dags/sdp_pipeline_dag.py
[2026-06-05T12:18:49.880+0000] {processor.py:840} INFO - DAG(s) 'e-commerce_kafka_streaming_pipeline_v7' retrieved from /opt/airflow/dags/sdp_pipeline_dag.py
[2026-06-05T12:18:49.995+0000] {logging_mixin.py:188} INFO - [2026-06-05T12:18:49.994+0000] {dag.py:3096} INFO - Sync 1 DAGs
[2026-06-05T12:18:50.166+0000] {logging_mixin.py:188} INFO - [2026-06-05T12:18:50.165+0000] {dag.py:3954} INFO - Setting next_dagrun for e-commerce_kafka_streaming_pipeline_v7 to 2026-06-05 12:00:00+00:00, run_after=2026-06-05 13:00:00+00:00
[2026-06-05T12:18:50.232+0000] {processor.py:183} INFO - Processing /opt/airflow/dags/sdp_pipeline_dag.py took 0.424 seconds
[2026-06-05T12:19:20.431+0000] {processor.py:161} INFO - Started process (PID=980) to work on /opt/airflow/dags/sdp_pipeline_dag.py
[2026-06-05T12:19:20.433+0000] {processor.py:830} INFO - Processing file /opt/airflow/dags/sdp_pipeline_dag.py for tasks to queue
[2026-06-05T12:19:20.441+0000] {logging_mixin.py:188} INFO - [2026-06-05T12:19:20.440+0000] {dagbag.py:540} INFO - Filling up the DagBag from /opt/airflow/dags/sdp_pipeline_dag.py
[2026-06-05T12:19:20.616+0000] {processor.py:840} INFO - DAG(s) 'e-commerce_kafka_streaming_pipeline_v7' retrieved from /opt/airflow/dags/sdp_pipeline_dag.py
[2026-06-05T12:19:20.715+0000] {logging_mixin.py:188} INFO - [2026-06-05T12:19:20.714+0000] {dag.py:3096} INFO - Sync 1 DAGs
[2026-06-05T12:19:20.790+0000] {logging_mixin.py:188} INFO - [2026-06-05T12:19:20.789+0000] {dag.py:3954} INFO - Setting next_dagrun for e-commerce_kafka_streaming_pipeline_v7 to 2026-06-05 12:00:00+00:00, run_after=2026-06-05 13:00:00+00:00
[2026-06-05T12:19:20.847+0000] {processor.py:183} INFO - Processing /opt/airflow/dags/sdp_pipeline_dag.py took 0.437 seconds
[2026-06-05T12:19:51.019+0000] {processor.py:161} INFO - Started process (PID=985) to work on /opt/airflow/dags/sdp_pipeline_dag.py
[2026-06-05T12:19:51.022+0000] {processor.py:830} INFO - Processing file /opt/airflow/dags/sdp_pipeline_dag.py for tasks to queue
[2026-06-05T12:19:51.032+0000] {logging_mixin.py:188} INFO - [2026-06-05T12:19:51.031+0000] {dagbag.py:540} INFO - Filling up the DagBag from /opt/airflow/dags/sdp_pipeline_dag.py
[2026-06-05T12:19:51.126+0000] {processor.py:840} INFO - DAG(s) 'e-commerce_kafka_streaming_pipeline_v7' retrieved from /opt/airflow/dags/sdp_pipeline_dag.py
[2026-06-05T12:19:51.226+0000] {logging_mixin.py:188} INFO - [2026-06-05T12:19:51.226+0000] {dag.py:3096} INFO - Sync 1 DAGs
[2026-06-05T12:19:51.303+0000] {logging_mixin.py:188} INFO - [2026-06-05T12:19:51.303+0000] {dag.py:3954} INFO - Setting next_dagrun for e-commerce_kafka_streaming_pipeline_v7 to 2026-06-05 12:00:00+00:00, run_after=2026-06-05 13:00:00+00:00
[2026-06-05T12:19:51.366+0000] {processor.py:183} INFO - Processing /opt/airflow/dags/sdp_pipeline_dag.py took 0.368 seconds
[2026-06-05T12:20:21.900+0000] {processor.py:161} INFO - Started process (PID=990) to work on /opt/airflow/dags/sdp_pipeline_dag.py
[2026-06-05T12:20:21.902+0000] {processor.py:830} INFO - Processing file /opt/airflow/dags/sdp_pipeline_dag.py for tasks to queue
[2026-06-05T12:20:21.908+0000] {logging_mixin.py:188} INFO - [2026-06-05T12:20:21.907+0000] {dagbag.py:540} INFO - Filling up the DagBag from /opt/airflow/dags/sdp_pipeline_dag.py
[2026-06-05T12:20:21.951+0000] {processor.py:840} INFO - DAG(s) 'e-commerce_kafka_streaming_pipeline_v7' retrieved from /opt/airflow/dags/sdp_pipeline_dag.py
[2026-06-05T12:20:22.030+0000] {logging_mixin.py:188} INFO - [2026-06-05T12:20:22.030+0000] {dag.py:3096} INFO - Sync 1 DAGs
[2026-06-05T12:20:22.110+0000] {logging_mixin.py:188} INFO - [2026-06-05T12:20:22.109+0000] {dag.py:3954} INFO - Setting next_dagrun for e-commerce_kafka_streaming_pipeline_v7 to 2026-06-05 12:00:00+00:00, run_after=2026-06-05 13:00:00+00:00
[2026-06-05T12:20:22.240+0000] {processor.py:183} INFO - Processing /opt/airflow/dags/sdp_pipeline_dag.py took 0.361 seconds
[2026-06-05T12:20:52.725+0000] {processor.py:161} INFO - Started process (PID=995) to work on /opt/airflow/dags/sdp_pipeline_dag.py
[2026-06-05T12:20:52.728+0000] {processor.py:830} INFO - Processing file /opt/airflow/dags/sdp_pipeline_dag.py for tasks to queue
[2026-06-05T12:20:52.730+0000] {logging_mixin.py:188} INFO - [2026-06-05T12:20:52.729+0000] {dagbag.py:540} INFO - Filling up the DagBag from /opt/airflow/dags/sdp_pipeline_dag.py
[2026-06-05T12:20:52.810+0000] {processor.py:840} INFO - DAG(s) 'e-commerce_kafka_streaming_pipeline_v7' retrieved from /opt/airflow/dags/sdp_pipeline_dag.py
[2026-06-05T12:20:52.881+0000] {logging_mixin.py:188} INFO - [2026-06-05T12:20:52.880+0000] {dag.py:3096} INFO - Sync 1 DAGs
[2026-06-05T12:20:52.949+0000] {logging_mixin.py:188} INFO - [2026-06-05T12:20:52.948+0000] {dag.py:3954} INFO - Setting next_dagrun for e-commerce_kafka_streaming_pipeline_v7 to 2026-06-05 12:00:00+00:00, run_after=2026-06-05 13:00:00+00:00
[2026-06-05T12:20:53.008+0000] {processor.py:183} INFO - Processing /opt/airflow/dags/sdp_pipeline_dag.py took 0.305 seconds
[2026-06-05T12:21:23.453+0000] {processor.py:161} INFO - Started process (PID=1000) to work on /opt/airflow/dags/sdp_pipeline_dag.py
[2026-06-05T12:21:23.455+0000] {processor.py:830} INFO - Processing file /opt/airflow/dags/sdp_pipeline_dag.py for tasks to queue
[2026-06-05T12:21:23.457+0000] {logging_mixin.py:188} INFO - [2026-06-05T12:21:23.457+0000] {dagbag.py:540} INFO - Filling up the DagBag from /opt/airflow/dags/sdp_pipeline_dag.py
[2026-06-05T12:21:23.492+0000] {processor.py:840} INFO - DAG(s) 'e-commerce_kafka_streaming_pipeline_v7' retrieved from /opt/airflow/dags/sdp_pipeline_dag.py
[2026-06-05T12:21:23.548+0000] {logging_mixin.py:188} INFO - [2026-06-05T12:21:23.547+0000] {dag.py:3096} INFO - Sync 1 DAGs
[2026-06-05T12:21:23.594+0000] {logging_mixin.py:188} INFO - [2026-06-05T12:21:23.594+0000] {dag.py:3954} INFO - Setting next_dagrun for e-commerce_kafka_streaming_pipeline_v7 to 2026-06-05 12:00:00+00:00, run_after=2026-06-05 13:00:00+00:00
[2026-06-05T12:21:23.633+0000] {processor.py:183} INFO - Processing /opt/airflow/dags/sdp_pipeline_dag.py took 0.192 seconds
[2026-06-05T12:21:53.877+0000] {processor.py:161} INFO - Started process (PID=1005) to work on /opt/airflow/dags/sdp_pipeline_dag.py
[2026-06-05T12:21:53.883+0000] {processor.py:830} INFO - Processing file /opt/airflow/dags/sdp_pipeline_dag.py for tasks to queue
[2026-06-05T12:21:53.892+0000] {logging_mixin.py:188} INFO - [2026-06-05T12:21:53.891+0000] {dagbag.py:540} INFO - Filling up the DagBag from /opt/airflow/dags/sdp_pipeline_dag.py
[2026-06-05T12:21:53.947+0000] {processor.py:840} INFO - DAG(s) 'e-commerce_kafka_streaming_pipeline_v7' retrieved from /opt/airflow/dags/sdp_pipeline_dag.py
[2026-06-05T12:21:54.060+0000] {logging_mixin.py:188} INFO - [2026-06-05T12:21:54.059+0000] {dag.py:3096} INFO - Sync 1 DAGs
[2026-06-05T12:21:54.167+0000] {logging_mixin.py:188} INFO - [2026-06-05T12:21:54.166+0000] {dag.py:3954} INFO - Setting next_dagrun for e-commerce_kafka_streaming_pipeline_v7 to 2026-06-05 12:00:00+00:00, run_after=2026-06-05 13:00:00+00:00
[2026-06-05T12:21:54.256+0000] {processor.py:183} INFO - Processing /opt/airflow/dags/sdp_pipeline_dag.py took 0.405 seconds
[2026-06-05T12:22:24.542+0000] {processor.py:161} INFO - Started process (PID=1010) to work on /opt/airflow/dags/sdp_pipeline_dag.py
[2026-06-05T12:22:24.547+0000] {processor.py:830} INFO - Processing file /opt/airflow/dags/sdp_pipeline_dag.py for tasks to queue
[2026-06-05T12:22:24.556+0000] {logging_mixin.py:188} INFO - [2026-06-05T12:22:24.555+0000] {dagbag.py:540} INFO - Filling up the DagBag from /opt/airflow/dags/sdp_pipeline_dag.py
[2026-06-05T12:22:24.727+0000] {processor.py:840} INFO - DAG(s) 'e-commerce_kafka_streaming_pipeline_v7' retrieved from /opt/airflow/dags/sdp_pipeline_dag.py
[2026-06-05T12:22:24.931+0000] {logging_mixin.py:188} INFO - [2026-06-05T12:22:24.930+0000] {dag.py:3096} INFO - Sync 1 DAGs
[2026-06-05T12:22:25.071+0000] {logging_mixin.py:188} INFO - [2026-06-05T12:22:25.071+0000] {dag.py:3954} INFO - Setting next_dagrun for e-commerce_kafka_streaming_pipeline_v7 to 2026-06-05 12:00:00+00:00, run_after=2026-06-05 13:00:00+00:00
[2026-06-05T12:22:25.181+0000] {processor.py:183} INFO - Processing /opt/airflow/dags/sdp_pipeline_dag.py took 0.684 seconds
[2026-06-05T12:22:55.436+0000] {processor.py:161} INFO - Started process (PID=1015) to work on /opt/airflow/dags/sdp_pipeline_dag.py
[2026-06-05T12:22:55.441+0000] {processor.py:830} INFO - Processing file /opt/airflow/dags/sdp_pipeline_dag.py for tasks to queue
[2026-06-05T12:22:55.447+0000] {logging_mixin.py:188} INFO - [2026-06-05T12:22:55.445+0000] {dagbag.py:540} INFO - Filling up the DagBag from /opt/airflow/dags/sdp_pipeline_dag.py
[2026-06-05T12:22:55.555+0000] {processor.py:840} INFO - DAG(s) 'e-commerce_kafka_streaming_pipeline_v7' retrieved from /opt/airflow/dags/sdp_pipeline_dag.py
[2026-06-05T12:22:55.657+0000] {logging_mixin.py:188} INFO - [2026-06-05T12:22:55.657+0000] {dag.py:3096} INFO - Sync 1 DAGs
[2026-06-05T12:22:55.744+0000] {logging_mixin.py:188} INFO - [2026-06-05T12:22:55.743+0000] {dag.py:3954} INFO - Setting next_dagrun for e-commerce_kafka_streaming_pipeline_v7 to 2026-06-05 12:00:00+00:00, run_after=2026-06-05 13:00:00+00:00
[2026-06-05T12:22:55.825+0000] {processor.py:183} INFO - Processing /opt/airflow/dags/sdp_pipeline_dag.py took 0.413 seconds
[2026-06-05T12:23:26.440+0000] {processor.py:161} INFO - Started process (PID=1020) to work on /opt/airflow/dags/sdp_pipeline_dag.py
[2026-06-05T12:23:26.449+0000] {processor.py:830} INFO - Processing file /opt/airflow/dags/sdp_pipeline_dag.py for tasks to queue
[2026-06-05T12:23:26.451+0000] {logging_mixin.py:188} INFO - [2026-06-05T12:23:26.450+0000] {dagbag.py:540} INFO - Filling up the DagBag from /opt/airflow/dags/sdp_pipeline_dag.py
[2026-06-05T12:23:26.535+0000] {processor.py:840} INFO - DAG(s) 'e-commerce_kafka_streaming_pipeline_v7' retrieved from /opt/airflow/dags/sdp_pipeline_dag.py
[2026-06-05T12:23:26.691+0000] {logging_mixin.py:188} INFO - [2026-06-05T12:23:26.690+0000] {dag.py:3096} INFO - Sync 1 DAGs
[2026-06-05T12:23:26.815+0000] {logging_mixin.py:188} INFO - [2026-06-05T12:23:26.814+0000] {dag.py:3954} INFO - Setting next_dagrun for e-commerce_kafka_streaming_pipeline_v7 to 2026-06-05 12:00:00+00:00, run_after=2026-06-05 13:00:00+00:00
[2026-06-05T12:23:26.913+0000] {processor.py:183} INFO - Processing /opt/airflow/dags/sdp_pipeline_dag.py took 0.522 seconds
[2026-06-05T12:23:57.138+0000] {processor.py:161} INFO - Started process (PID=1025) to work on /opt/airflow/dags/sdp_pipeline_dag.py
[2026-06-05T12:23:57.148+0000] {processor.py:830} INFO - Processing file /opt/airflow/dags/sdp_pipeline_dag.py for tasks to queue
[2026-06-05T12:23:57.152+0000] {logging_mixin.py:188} INFO - [2026-06-05T12:23:57.150+0000] {dagbag.py:540} INFO - Filling up the DagBag from /opt/airflow/dags/sdp_pipeline_dag.py
[2026-06-05T12:23:57.241+0000] {processor.py:840} INFO - DAG(s) 'e-commerce_kafka_streaming_pipeline_v7' retrieved from /opt/airflow/dags/sdp_pipeline_dag.py
[2026-06-05T12:23:57.374+0000] {logging_mixin.py:188} INFO - [2026-06-05T12:23:57.373+0000] {dag.py:3096} INFO - Sync 1 DAGs
[2026-06-05T12:23:57.498+0000] {logging_mixin.py:188} INFO - [2026-06-05T12:23:57.497+0000] {dag.py:3954} INFO - Setting next_dagrun for e-commerce_kafka_streaming_pipeline_v7 to 2026-06-05 12:00:00+00:00, run_after=2026-06-05 13:00:00+00:00
[2026-06-05T12:23:57.577+0000] {processor.py:183} INFO - Processing /opt/airflow/dags/sdp_pipeline_dag.py took 0.475 seconds
[2026-06-05T12:24:27.948+0000] {processor.py:161} INFO - Started process (PID=1030) to work on /opt/airflow/dags/sdp_pipeline_dag.py
[2026-06-05T12:24:27.974+0000] {processor.py:830} INFO - Processing file /opt/airflow/dags/sdp_pipeline_dag.py for tasks to queue
[2026-06-05T12:24:27.978+0000] {logging_mixin.py:188} INFO - [2026-06-05T12:24:27.976+0000] {dagbag.py:540} INFO - Filling up the DagBag from /opt/airflow/dags/sdp_pipeline_dag.py
[2026-06-05T12:24:28.359+0000] {processor.py:840} INFO - DAG(s) 'e-commerce_kafka_streaming_pipeline_v7' retrieved from /opt/airflow/dags/sdp_pipeline_dag.py
[2026-06-05T12:24:28.887+0000] {logging_mixin.py:188} INFO - [2026-06-05T12:24:28.886+0000] {dag.py:3096} INFO - Sync 1 DAGs
[2026-06-05T12:24:29.048+0000] {logging_mixin.py:188} INFO - [2026-06-05T12:24:29.048+0000] {dag.py:3954} INFO - Setting next_dagrun for e-commerce_kafka_streaming_pipeline_v7 to 2026-06-05 12:00:00+00:00, run_after=2026-06-05 13:00:00+00:00
[2026-06-05T12:24:29.113+0000] {processor.py:183} INFO - Processing /opt/airflow/dags/sdp_pipeline_dag.py took 1.204 seconds
[2026-06-05T12:24:59.505+0000] {processor.py:161} INFO - Started process (PID=1035) to work on /opt/airflow/dags/sdp_pipeline_dag.py
[2026-06-05T12:24:59.507+0000] {processor.py:830} INFO - Processing file /opt/airflow/dags/sdp_pipeline_dag.py for tasks to queue
[2026-06-05T12:24:59.509+0000] {logging_mixin.py:188} INFO - [2026-06-05T12:24:59.508+0000] {dagbag.py:540} INFO - Filling up the DagBag from /opt/airflow/dags/sdp_pipeline_dag.py
[2026-06-05T12:24:59.550+0000] {processor.py:840} INFO - DAG(s) 'e-commerce_kafka_streaming_pipeline_v7' retrieved from /opt/airflow/dags/sdp_pipeline_dag.py
[2026-06-05T12:24:59.613+0000] {logging_mixin.py:188} INFO - [2026-06-05T12:24:59.612+0000] {dag.py:3096} INFO - Sync 1 DAGs
[2026-06-05T12:24:59.671+0000] {logging_mixin.py:188} INFO - [2026-06-05T12:24:59.671+0000] {dag.py:3954} INFO - Setting next_dagrun for e-commerce_kafka_streaming_pipeline_v7 to 2026-06-05 12:00:00+00:00, run_after=2026-06-05 13:00:00+00:00
[2026-06-05T12:24:59.716+0000] {processor.py:183} INFO - Processing /opt/airflow/dags/sdp_pipeline_dag.py took 0.230 seconds
[2026-06-05T12:25:30.173+0000] {processor.py:161} INFO - Started process (PID=1040) to work on /opt/airflow/dags/sdp_pipeline_dag.py
[2026-06-05T12:25:30.176+0000] {processor.py:830} INFO - Processing file /opt/airflow/dags/sdp_pipeline_dag.py for tasks to queue
[2026-06-05T12:25:30.185+0000] {logging_mixin.py:188} INFO - [2026-06-05T12:25:30.179+0000] {dagbag.py:540} INFO - Filling up the DagBag from /opt/airflow/dags/sdp_pipeline_dag.py
[2026-06-05T12:25:30.284+0000] {processor.py:840} INFO - DAG(s) 'e-commerce_kafka_streaming_pipeline_v7' retrieved from /opt/airflow/dags/sdp_pipeline_dag.py
[2026-06-05T12:25:30.526+0000] {logging_mixin.py:188} INFO - [2026-06-05T12:25:30.526+0000] {dag.py:3096} INFO - Sync 1 DAGs
[2026-06-05T12:25:30.876+0000] {logging_mixin.py:188} INFO - [2026-06-05T12:25:30.875+0000] {dag.py:3954} INFO - Setting next_dagrun for e-commerce_kafka_streaming_pipeline_v7 to 2026-06-05 12:00:00+00:00, run_after=2026-06-05 13:00:00+00:00
[2026-06-05T12:25:31.014+0000] {processor.py:183} INFO - Processing /opt/airflow/dags/sdp_pipeline_dag.py took 0.899 seconds
[2026-06-05T12:26:01.601+0000] {processor.py:161} INFO - Started process (PID=1045) to work on /opt/airflow/dags/sdp_pipeline_dag.py
[2026-06-05T12:26:01.606+0000] {processor.py:830} INFO - Processing file /opt/airflow/dags/sdp_pipeline_dag.py for tasks to queue
[2026-06-05T12:26:01.609+0000] {logging_mixin.py:188} INFO - [2026-06-05T12:26:01.607+0000] {dagbag.py:540} INFO - Filling up the DagBag from /opt/airflow/dags/sdp_pipeline_dag.py
[2026-06-05T12:26:01.684+0000] {processor.py:840} INFO - DAG(s) 'e-commerce_kafka_streaming_pipeline_v7' retrieved from /opt/airflow/dags/sdp_pipeline_dag.py
[2026-06-05T12:26:01.803+0000] {logging_mixin.py:188} INFO - [2026-06-05T12:26:01.803+0000] {dag.py:3096} INFO - Sync 1 DAGs
[2026-06-05T12:26:01.875+0000] {logging_mixin.py:188} INFO - [2026-06-05T12:26:01.874+0000] {dag.py:3954} INFO - Setting next_dagrun for e-commerce_kafka_streaming_pipeline_v7 to 2026-06-05 12:00:00+00:00, run_after=2026-06-05 13:00:00+00:00
[2026-06-05T12:26:01.963+0000] {processor.py:183} INFO - Processing /opt/airflow/dags/sdp_pipeline_dag.py took 0.421 seconds
[2026-06-05T12:26:32.380+0000] {processor.py:161} INFO - Started process (PID=1050) to work on /opt/airflow/dags/sdp_pipeline_dag.py
[2026-06-05T12:26:32.382+0000] {processor.py:830} INFO - Processing file /opt/airflow/dags/sdp_pipeline_dag.py for tasks to queue
[2026-06-05T12:26:32.385+0000] {logging_mixin.py:188} INFO - [2026-06-05T12:26:32.383+0000] {dagbag.py:540} INFO - Filling up the DagBag from /opt/airflow/dags/sdp_pipeline_dag.py
[2026-06-05T12:26:32.471+0000] {processor.py:840} INFO - DAG(s) 'e-commerce_kafka_streaming_pipeline_v7' retrieved from /opt/airflow/dags/sdp_pipeline_dag.py
[2026-06-05T12:26:32.624+0000] {logging_mixin.py:188} INFO - [2026-06-05T12:26:32.623+0000] {dag.py:3096} INFO - Sync 1 DAGs
[2026-06-05T12:26:32.814+0000] {logging_mixin.py:188} INFO - [2026-06-05T12:26:32.812+0000] {dag.py:3954} INFO - Setting next_dagrun for e-commerce_kafka_streaming_pipeline_v7 to 2026-06-05 12:00:00+00:00, run_after=2026-06-05 13:00:00+00:00
[2026-06-05T12:26:32.963+0000] {processor.py:183} INFO - Processing /opt/airflow/dags/sdp_pipeline_dag.py took 0.600 seconds
[2026-06-05T12:27:03.325+0000] {processor.py:161} INFO - Started process (PID=1055) to work on /opt/airflow/dags/sdp_pipeline_dag.py
[2026-06-05T12:27:03.328+0000] {processor.py:830} INFO - Processing file /opt/airflow/dags/sdp_pipeline_dag.py for tasks to queue
[2026-06-05T12:27:03.331+0000] {logging_mixin.py:188} INFO - [2026-06-05T12:27:03.330+0000] {dagbag.py:540} INFO - Filling up the DagBag from /opt/airflow/dags/sdp_pipeline_dag.py
[2026-06-05T12:27:03.416+0000] {processor.py:840} INFO - DAG(s) 'e-commerce_kafka_streaming_pipeline_v7' retrieved from /opt/airflow/dags/sdp_pipeline_dag.py
[2026-06-05T12:27:03.492+0000] {logging_mixin.py:188} INFO - [2026-06-05T12:27:03.491+0000] {dag.py:3096} INFO - Sync 1 DAGs
[2026-06-05T12:27:03.576+0000] {logging_mixin.py:188} INFO - [2026-06-05T12:27:03.575+0000] {dag.py:3954} INFO - Setting next_dagrun for e-commerce_kafka_streaming_pipeline_v7 to 2026-06-05 12:00:00+00:00, run_after=2026-06-05 13:00:00+00:00
[2026-06-05T12:27:03.643+0000] {processor.py:183} INFO - Processing /opt/airflow/dags/sdp_pipeline_dag.py took 0.352 seconds
[2026-06-05T12:27:33.907+0000] {processor.py:161} INFO - Started process (PID=1060) to work on /opt/airflow/dags/sdp_pipeline_dag.py
[2026-06-05T12:27:33.940+0000] {processor.py:830} INFO - Processing file /opt/airflow/dags/sdp_pipeline_dag.py for tasks to queue
[2026-06-05T12:27:33.943+0000] {logging_mixin.py:188} INFO - [2026-06-05T12:27:33.942+0000] {dagbag.py:540} INFO - Filling up the DagBag from /opt/airflow/dags/sdp_pipeline_dag.py
[2026-06-05T12:27:34.027+0000] {processor.py:840} INFO - DAG(s) 'e-commerce_kafka_streaming_pipeline_v7' retrieved from /opt/airflow/dags/sdp_pipeline_dag.py
[2026-06-05T12:27:34.261+0000] {logging_mixin.py:188} INFO - [2026-06-05T12:27:34.260+0000] {dag.py:3096} INFO - Sync 1 DAGs
[2026-06-05T12:27:34.409+0000] {logging_mixin.py:188} INFO - [2026-06-05T12:27:34.408+0000] {dag.py:3954} INFO - Setting next_dagrun for e-commerce_kafka_streaming_pipeline_v7 to 2026-06-05 12:00:00+00:00, run_after=2026-06-05 13:00:00+00:00
[2026-06-05T12:27:34.525+0000] {processor.py:183} INFO - Processing /opt/airflow/dags/sdp_pipeline_dag.py took 0.698 seconds
[2026-06-05T12:28:05.089+0000] {processor.py:161} INFO - Started process (PID=1065) to work on /opt/airflow/dags/sdp_pipeline_dag.py
[2026-06-05T12:28:05.091+0000] {processor.py:830} INFO - Processing file /opt/airflow/dags/sdp_pipeline_dag.py for tasks to queue
[2026-06-05T12:28:05.094+0000] {logging_mixin.py:188} INFO - [2026-06-05T12:28:05.092+0000] {dagbag.py:540} INFO - Filling up the DagBag from /opt/airflow/dags/sdp_pipeline_dag.py
[2026-06-05T12:28:05.133+0000] {processor.py:840} INFO - DAG(s) 'e-commerce_kafka_streaming_pipeline_v7' retrieved from /opt/airflow/dags/sdp_pipeline_dag.py
[2026-06-05T12:28:05.197+0000] {logging_mixin.py:188} INFO - [2026-06-05T12:28:05.197+0000] {dag.py:3096} INFO - Sync 1 DAGs
[2026-06-05T12:28:05.251+0000] {logging_mixin.py:188} INFO - [2026-06-05T12:28:05.250+0000] {dag.py:3954} INFO - Setting next_dagrun for e-commerce_kafka_streaming_pipeline_v7 to 2026-06-05 12:00:00+00:00, run_after=2026-06-05 13:00:00+00:00
[2026-06-05T12:28:05.299+0000] {processor.py:183} INFO - Processing /opt/airflow/dags/sdp_pipeline_dag.py took 0.234 seconds
[2026-06-05T12:28:35.471+0000] {processor.py:161} INFO - Started process (PID=1070) to work on /opt/airflow/dags/sdp_pipeline_dag.py
[2026-06-05T12:28:35.477+0000] {processor.py:830} INFO - Processing file /opt/airflow/dags/sdp_pipeline_dag.py for tasks to queue
[2026-06-05T12:28:35.480+0000] {logging_mixin.py:188} INFO - [2026-06-05T12:28:35.479+0000] {dagbag.py:540} INFO - Filling up the DagBag from /opt/airflow/dags/sdp_pipeline_dag.py
[2026-06-05T12:28:35.525+0000] {processor.py:840} INFO - DAG(s) 'e-commerce_kafka_streaming_pipeline_v7' retrieved from /opt/airflow/dags/sdp_pipeline_dag.py
[2026-06-05T12:28:35.610+0000] {logging_mixin.py:188} INFO - [2026-06-05T12:28:35.609+0000] {dag.py:3096} INFO - Sync 1 DAGs
[2026-06-05T12:28:35.717+0000] {logging_mixin.py:188} INFO - [2026-06-05T12:28:35.716+0000] {dag.py:3954} INFO - Setting next_dagrun for e-commerce_kafka_streaming_pipeline_v7 to 2026-06-05 12:00:00+00:00, run_after=2026-06-05 13:00:00+00:00
[2026-06-05T12:28:35.826+0000] {processor.py:183} INFO - Processing /opt/airflow/dags/sdp_pipeline_dag.py took 0.380 seconds
[2026-06-05T12:29:06.204+0000] {processor.py:161} INFO - Started process (PID=1075) to work on /opt/airflow/dags/sdp_pipeline_dag.py
[2026-06-05T12:29:06.208+0000] {processor.py:830} INFO - Processing file /opt/airflow/dags/sdp_pipeline_dag.py for tasks to queue
[2026-06-05T12:29:06.217+0000] {logging_mixin.py:188} INFO - [2026-06-05T12:29:06.211+0000] {dagbag.py:540} INFO - Filling up the DagBag from /opt/airflow/dags/sdp_pipeline_dag.py
[2026-06-05T12:29:06.271+0000] {processor.py:840} INFO - DAG(s) 'e-commerce_kafka_streaming_pipeline_v7' retrieved from /opt/airflow/dags/sdp_pipeline_dag.py
[2026-06-05T12:29:06.405+0000] {logging_mixin.py:188} INFO - [2026-06-05T12:29:06.404+0000] {dag.py:3096} INFO - Sync 1 DAGs
[2026-06-05T12:29:06.521+0000] {logging_mixin.py:188} INFO - [2026-06-05T12:29:06.521+0000] {dag.py:3954} INFO - Setting next_dagrun for e-commerce_kafka_streaming_pipeline_v7 to 2026-06-05 12:00:00+00:00, run_after=2026-06-05 13:00:00+00:00
[2026-06-05T12:29:06.613+0000] {processor.py:183} INFO - Processing /opt/airflow/dags/sdp_pipeline_dag.py took 0.441 seconds
[2026-06-05T12:40:36.369+0000] {processor.py:161} INFO - Started process (PID=1081) to work on /opt/airflow/dags/sdp_pipeline_dag.py
[2026-06-05T12:40:36.400+0000] {processor.py:830} INFO - Processing file /opt/airflow/dags/sdp_pipeline_dag.py for tasks to queue
[2026-06-05T12:40:36.403+0000] {logging_mixin.py:188} INFO - [2026-06-05T12:40:36.402+0000] {dagbag.py:540} INFO - Filling up the DagBag from /opt/airflow/dags/sdp_pipeline_dag.py
[2026-06-05T12:40:36.707+0000] {processor.py:840} INFO - DAG(s) 'e-commerce_kafka_streaming_pipeline_v7' retrieved from /opt/airflow/dags/sdp_pipeline_dag.py
[2026-06-05T12:40:37.133+0000] {logging_mixin.py:188} INFO - [2026-06-05T12:40:37.132+0000] {dag.py:3096} INFO - Sync 1 DAGs
[2026-06-05T12:40:37.649+0000] {logging_mixin.py:188} INFO - [2026-06-05T12:40:37.648+0000] {dag.py:3954} INFO - Setting next_dagrun for e-commerce_kafka_streaming_pipeline_v7 to 2026-06-05 12:00:00+00:00, run_after=2026-06-05 13:00:00+00:00
[2026-06-05T12:40:37.892+0000] {processor.py:183} INFO - Processing /opt/airflow/dags/sdp_pipeline_dag.py took 1.700 seconds
[2026-06-05T12:41:09.013+0000] {processor.py:161} INFO - Started process (PID=1086) to work on /opt/airflow/dags/sdp_pipeline_dag.py
[2026-06-05T12:41:09.015+0000] {processor.py:830} INFO - Processing file /opt/airflow/dags/sdp_pipeline_dag.py for tasks to queue
[2026-06-05T12:41:09.018+0000] {logging_mixin.py:188} INFO - [2026-06-05T12:41:09.017+0000] {dagbag.py:540} INFO - Filling up the DagBag from /opt/airflow/dags/sdp_pipeline_dag.py
[2026-06-05T12:41:09.212+0000] {processor.py:840} INFO - DAG(s) 'e-commerce_kafka_streaming_pipeline_v7' retrieved from /opt/airflow/dags/sdp_pipeline_dag.py
[2026-06-05T12:41:09.307+0000] {logging_mixin.py:188} INFO - [2026-06-05T12:41:09.307+0000] {dag.py:3096} INFO - Sync 1 DAGs
[2026-06-05T12:41:09.373+0000] {logging_mixin.py:188} INFO - [2026-06-05T12:41:09.372+0000] {dag.py:3954} INFO - Setting next_dagrun for e-commerce_kafka_streaming_pipeline_v7 to 2026-06-05 12:00:00+00:00, run_after=2026-06-05 13:00:00+00:00
[2026-06-05T12:41:09.449+0000] {processor.py:183} INFO - Processing /opt/airflow/dags/sdp_pipeline_dag.py took 0.469 seconds
[2026-06-05T12:41:40.084+0000] {processor.py:161} INFO - Started process (PID=1127) to work on /opt/airflow/dags/sdp_pipeline_dag.py
[2026-06-05T12:41:40.086+0000] {processor.py:830} INFO - Processing file /opt/airflow/dags/sdp_pipeline_dag.py for tasks to queue
[2026-06-05T12:41:40.088+0000] {logging_mixin.py:188} INFO - [2026-06-05T12:41:40.088+0000] {dagbag.py:540} INFO - Filling up the DagBag from /opt/airflow/dags/sdp_pipeline_dag.py
[2026-06-05T12:41:40.131+0000] {processor.py:840} INFO - DAG(s) 'e-commerce_kafka_streaming_pipeline_v7' retrieved from /opt/airflow/dags/sdp_pipeline_dag.py
[2026-06-05T12:41:40.197+0000] {logging_mixin.py:188} INFO - [2026-06-05T12:41:40.194+0000] {dag.py:3096} INFO - Sync 1 DAGs
[2026-06-05T12:41:40.267+0000] {logging_mixin.py:188} INFO - [2026-06-05T12:41:40.267+0000] {dag.py:3954} INFO - Setting next_dagrun for e-commerce_kafka_streaming_pipeline_v7 to 2026-06-05 12:00:00+00:00, run_after=2026-06-05 13:00:00+00:00
[2026-06-05T12:41:40.325+0000] {processor.py:183} INFO - Processing /opt/airflow/dags/sdp_pipeline_dag.py took 0.255 seconds
[2026-06-05T12:42:10.800+0000] {processor.py:161} INFO - Started process (PID=1132) to work on /opt/airflow/dags/sdp_pipeline_dag.py
[2026-06-05T12:42:10.803+0000] {processor.py:830} INFO - Processing file /opt/airflow/dags/sdp_pipeline_dag.py for tasks to queue
[2026-06-05T12:42:10.806+0000] {logging_mixin.py:188} INFO - [2026-06-05T12:42:10.806+0000] {dagbag.py:540} INFO - Filling up the DagBag from /opt/airflow/dags/sdp_pipeline_dag.py
[2026-06-05T12:42:10.924+0000] {processor.py:840} INFO - DAG(s) 'e-commerce_kafka_streaming_pipeline_v7' retrieved from /opt/airflow/dags/sdp_pipeline_dag.py
[2026-06-05T12:42:11.061+0000] {logging_mixin.py:188} INFO - [2026-06-05T12:42:11.061+0000] {dag.py:3096} INFO - Sync 1 DAGs
[2026-06-05T12:42:11.125+0000] {logging_mixin.py:188} INFO - [2026-06-05T12:42:11.124+0000] {dag.py:3954} INFO - Setting next_dagrun for e-commerce_kafka_streaming_pipeline_v7 to 2026-06-05 12:00:00+00:00, run_after=2026-06-05 13:00:00+00:00
[2026-06-05T12:42:11.158+0000] {processor.py:183} INFO - Processing /opt/airflow/dags/sdp_pipeline_dag.py took 0.376 seconds
[2026-06-05T12:42:41.308+0000] {processor.py:161} INFO - Started process (PID=1137) to work on /opt/airflow/dags/sdp_pipeline_dag.py
[2026-06-05T12:42:41.309+0000] {processor.py:830} INFO - Processing file /opt/airflow/dags/sdp_pipeline_dag.py for tasks to queue
[2026-06-05T12:42:41.312+0000] {logging_mixin.py:188} INFO - [2026-06-05T12:42:41.311+0000] {dagbag.py:540} INFO - Filling up the DagBag from /opt/airflow/dags/sdp_pipeline_dag.py
[2026-06-05T12:42:41.350+0000] {processor.py:840} INFO - DAG(s) 'e-commerce_kafka_streaming_pipeline_v7' retrieved from /opt/airflow/dags/sdp_pipeline_dag.py
[2026-06-05T12:42:41.400+0000] {logging_mixin.py:188} INFO - [2026-06-05T12:42:41.400+0000] {dag.py:3096} INFO - Sync 1 DAGs
[2026-06-05T12:42:41.440+0000] {logging_mixin.py:188} INFO - [2026-06-05T12:42:41.440+0000] {dag.py:3954} INFO - Setting next_dagrun for e-commerce_kafka_streaming_pipeline_v7 to 2026-06-05 12:00:00+00:00, run_after=2026-06-05 13:00:00+00:00
[2026-06-05T12:42:41.475+0000] {processor.py:183} INFO - Processing /opt/airflow/dags/sdp_pipeline_dag.py took 0.182 seconds
[2026-06-05T12:43:11.804+0000] {processor.py:161} INFO - Started process (PID=1142) to work on /opt/airflow/dags/sdp_pipeline_dag.py
[2026-06-05T12:43:11.806+0000] {processor.py:830} INFO - Processing file /opt/airflow/dags/sdp_pipeline_dag.py for tasks to queue
[2026-06-05T12:43:11.807+0000] {logging_mixin.py:188} INFO - [2026-06-05T12:43:11.807+0000] {dagbag.py:540} INFO - Filling up the DagBag from /opt/airflow/dags/sdp_pipeline_dag.py
[2026-06-05T12:43:11.836+0000] {processor.py:840} INFO - DAG(s) 'e-commerce_kafka_streaming_pipeline_v7' retrieved from /opt/airflow/dags/sdp_pipeline_dag.py
[2026-06-05T12:43:11.881+0000] {logging_mixin.py:188} INFO - [2026-06-05T12:43:11.880+0000] {dag.py:3096} INFO - Sync 1 DAGs
[2026-06-05T12:43:11.917+0000] {logging_mixin.py:188} INFO - [2026-06-05T12:43:11.916+0000] {dag.py:3954} INFO - Setting next_dagrun for e-commerce_kafka_streaming_pipeline_v7 to 2026-06-05 12:00:00+00:00, run_after=2026-06-05 13:00:00+00:00
[2026-06-05T12:43:11.950+0000] {processor.py:183} INFO - Processing /opt/airflow/dags/sdp_pipeline_dag.py took 0.155 seconds
[2026-06-05T12:43:42.283+0000] {processor.py:161} INFO - Started process (PID=1147) to work on /opt/airflow/dags/sdp_pipeline_dag.py
[2026-06-05T12:43:42.285+0000] {processor.py:830} INFO - Processing file /opt/airflow/dags/sdp_pipeline_dag.py for tasks to queue
[2026-06-05T12:43:42.288+0000] {logging_mixin.py:188} INFO - [2026-06-05T12:43:42.287+0000] {dagbag.py:540} INFO - Filling up the DagBag from /opt/airflow/dags/sdp_pipeline_dag.py
[2026-06-05T12:43:42.329+0000] {processor.py:840} INFO - DAG(s) 'e-commerce_kafka_streaming_pipeline_v7' retrieved from /opt/airflow/dags/sdp_pipeline_dag.py
[2026-06-05T12:43:42.390+0000] {logging_mixin.py:188} INFO - [2026-06-05T12:43:42.390+0000] {dag.py:3096} INFO - Sync 1 DAGs
[2026-06-05T12:43:42.443+0000] {logging_mixin.py:188} INFO - [2026-06-05T12:43:42.442+0000] {dag.py:3954} INFO - Setting next_dagrun for e-commerce_kafka_streaming_pipeline_v7 to 2026-06-05 12:00:00+00:00, run_after=2026-06-05 13:00:00+00:00
[2026-06-05T12:43:42.483+0000] {processor.py:183} INFO - Processing /opt/airflow/dags/sdp_pipeline_dag.py took 0.214 seconds
[2026-06-05T12:44:12.880+0000] {processor.py:161} INFO - Started process (PID=1152) to work on /opt/airflow/dags/sdp_pipeline_dag.py
[2026-06-05T12:44:12.883+0000] {processor.py:830} INFO - Processing file /opt/airflow/dags/sdp_pipeline_dag.py for tasks to queue
[2026-06-05T12:44:12.895+0000] {logging_mixin.py:188} INFO - [2026-06-05T12:44:12.894+0000] {dagbag.py:540} INFO - Filling up the DagBag from /opt/airflow/dags/sdp_pipeline_dag.py
[2026-06-05T12:44:12.987+0000] {processor.py:840} INFO - DAG(s) 'e-commerce_kafka_streaming_pipeline_v7' retrieved from /opt/airflow/dags/sdp_pipeline_dag.py
[2026-06-05T12:44:13.108+0000] {logging_mixin.py:188} INFO - [2026-06-05T12:44:13.107+0000] {dag.py:3096} INFO - Sync 1 DAGs
[2026-06-05T12:44:13.252+0000] {logging_mixin.py:188} INFO - [2026-06-05T12:44:13.251+0000] {dag.py:3954} INFO - Setting next_dagrun for e-commerce_kafka_streaming_pipeline_v7 to 2026-06-05 12:00:00+00:00, run_after=2026-06-05 13:00:00+00:00
[2026-06-05T12:44:13.345+0000] {processor.py:183} INFO - Processing /opt/airflow/dags/sdp_pipeline_dag.py took 0.488 seconds
[2026-06-05T12:44:43.856+0000] {processor.py:161} INFO - Started process (PID=1157) to work on /opt/airflow/dags/sdp_pipeline_dag.py
[2026-06-05T12:44:43.857+0000] {processor.py:830} INFO - Processing file /opt/airflow/dags/sdp_pipeline_dag.py for tasks to queue
[2026-06-05T12:44:43.859+0000] {logging_mixin.py:188} INFO - [2026-06-05T12:44:43.859+0000] {dagbag.py:540} INFO - Filling up the DagBag from /opt/airflow/dags/sdp_pipeline_dag.py
[2026-06-05T12:44:43.893+0000] {processor.py:840} INFO - DAG(s) 'e-commerce_kafka_streaming_pipeline_v7' retrieved from /opt/airflow/dags/sdp_pipeline_dag.py
[2026-06-05T12:44:43.943+0000] {logging_mixin.py:188} INFO - [2026-06-05T12:44:43.943+0000] {dag.py:3096} INFO - Sync 1 DAGs
[2026-06-05T12:44:43.982+0000] {logging_mixin.py:188} INFO - [2026-06-05T12:44:43.982+0000] {dag.py:3954} INFO - Setting next_dagrun for e-commerce_kafka_streaming_pipeline_v7 to 2026-06-05 12:00:00+00:00, run_after=2026-06-05 13:00:00+00:00
[2026-06-05T12:44:44.015+0000] {processor.py:183} INFO - Processing /opt/airflow/dags/sdp_pipeline_dag.py took 0.171 seconds
[2026-06-05T12:45:14.275+0000] {processor.py:161} INFO - Started process (PID=1162) to work on /opt/airflow/dags/sdp_pipeline_dag.py
[2026-06-05T12:45:14.276+0000] {processor.py:830} INFO - Processing file /opt/airflow/dags/sdp_pipeline_dag.py for tasks to queue
[2026-06-05T12:45:14.278+0000] {logging_mixin.py:188} INFO - [2026-06-05T12:45:14.277+0000] {dagbag.py:540} INFO - Filling up the DagBag from /opt/airflow/dags/sdp_pipeline_dag.py
[2026-06-05T12:45:14.316+0000] {processor.py:840} INFO - DAG(s) 'e-commerce_kafka_streaming_pipeline_v7' retrieved from /opt/airflow/dags/sdp_pipeline_dag.py
[2026-06-05T12:45:14.376+0000] {logging_mixin.py:188} INFO - [2026-06-05T12:45:14.376+0000] {dag.py:3096} INFO - Sync 1 DAGs
[2026-06-05T12:45:14.415+0000] {logging_mixin.py:188} INFO - [2026-06-05T12:45:14.415+0000] {dag.py:3954} INFO - Setting next_dagrun for e-commerce_kafka_streaming_pipeline_v7 to 2026-06-05 12:00:00+00:00, run_after=2026-06-05 13:00:00+00:00
[2026-06-05T12:45:14.448+0000] {processor.py:183} INFO - Processing /opt/airflow/dags/sdp_pipeline_dag.py took 0.189 seconds
[2026-06-05T12:45:44.999+0000] {processor.py:161} INFO - Started process (PID=1167) to work on /opt/airflow/dags/sdp_pipeline_dag.py
[2026-06-05T12:45:45.001+0000] {processor.py:830} INFO - Processing file /opt/airflow/dags/sdp_pipeline_dag.py for tasks to queue
[2026-06-05T12:45:45.003+0000] {logging_mixin.py:188} INFO - [2026-06-05T12:45:45.002+0000] {dagbag.py:540} INFO - Filling up the DagBag from /opt/airflow/dags/sdp_pipeline_dag.py
[2026-06-05T12:45:45.035+0000] {processor.py:840} INFO - DAG(s) 'e-commerce_kafka_streaming_pipeline_v7' retrieved from /opt/airflow/dags/sdp_pipeline_dag.py
[2026-06-05T12:45:45.080+0000] {logging_mixin.py:188} INFO - [2026-06-05T12:45:45.080+0000] {dag.py:3096} INFO - Sync 1 DAGs
[2026-06-05T12:45:45.119+0000] {logging_mixin.py:188} INFO - [2026-06-05T12:45:45.119+0000] {dag.py:3954} INFO - Setting next_dagrun for e-commerce_kafka_streaming_pipeline_v7 to 2026-06-05 12:00:00+00:00, run_after=2026-06-05 13:00:00+00:00
[2026-06-05T12:45:45.155+0000] {processor.py:183} INFO - Processing /opt/airflow/dags/sdp_pipeline_dag.py took 0.166 seconds
[2026-06-05T12:46:15.376+0000] {processor.py:161} INFO - Started process (PID=1172) to work on /opt/airflow/dags/sdp_pipeline_dag.py
[2026-06-05T12:46:15.377+0000] {processor.py:830} INFO - Processing file /opt/airflow/dags/sdp_pipeline_dag.py for tasks to queue
[2026-06-05T12:46:15.379+0000] {logging_mixin.py:188} INFO - [2026-06-05T12:46:15.379+0000] {dagbag.py:540} INFO - Filling up the DagBag from /opt/airflow/dags/sdp_pipeline_dag.py
[2026-06-05T12:46:15.415+0000] {processor.py:840} INFO - DAG(s) 'e-commerce_kafka_streaming_pipeline_v7' retrieved from /opt/airflow/dags/sdp_pipeline_dag.py
[2026-06-05T12:46:15.465+0000] {logging_mixin.py:188} INFO - [2026-06-05T12:46:15.465+0000] {dag.py:3096} INFO - Sync 1 DAGs
[2026-06-05T12:46:15.503+0000] {logging_mixin.py:188} INFO - [2026-06-05T12:46:15.503+0000] {dag.py:3954} INFO - Setting next_dagrun for e-commerce_kafka_streaming_pipeline_v7 to 2026-06-05 12:00:00+00:00, run_after=2026-06-05 13:00:00+00:00
[2026-06-05T12:46:15.540+0000] {processor.py:183} INFO - Processing /opt/airflow/dags/sdp_pipeline_dag.py took 0.176 seconds
[2026-06-05T12:46:45.960+0000] {processor.py:161} INFO - Started process (PID=1177) to work on /opt/airflow/dags/sdp_pipeline_dag.py
[2026-06-05T12:46:45.962+0000] {processor.py:830} INFO - Processing file /opt/airflow/dags/sdp_pipeline_dag.py for tasks to queue
[2026-06-05T12:46:45.964+0000] {logging_mixin.py:188} INFO - [2026-06-05T12:46:45.963+0000] {dagbag.py:540} INFO - Filling up the DagBag from /opt/airflow/dags/sdp_pipeline_dag.py
[2026-06-05T12:46:46.004+0000] {processor.py:840} INFO - DAG(s) 'e-commerce_kafka_streaming_pipeline_v7' retrieved from /opt/airflow/dags/sdp_pipeline_dag.py
[2026-06-05T12:46:46.051+0000] {logging_mixin.py:188} INFO - [2026-06-05T12:46:46.050+0000] {dag.py:3096} INFO - Sync 1 DAGs
[2026-06-05T12:46:46.088+0000] {logging_mixin.py:188} INFO - [2026-06-05T12:46:46.087+0000] {dag.py:3954} INFO - Setting next_dagrun for e-commerce_kafka_streaming_pipeline_v7 to 2026-06-05 12:00:00+00:00, run_after=2026-06-05 13:00:00+00:00
[2026-06-05T12:46:46.121+0000] {processor.py:183} INFO - Processing /opt/airflow/dags/sdp_pipeline_dag.py took 0.171 seconds
[2026-06-05T12:47:16.331+0000] {processor.py:161} INFO - Started process (PID=1182) to work on /opt/airflow/dags/sdp_pipeline_dag.py
[2026-06-05T12:47:16.332+0000] {processor.py:830} INFO - Processing file /opt/airflow/dags/sdp_pipeline_dag.py for tasks to queue
[2026-06-05T12:47:16.335+0000] {logging_mixin.py:188} INFO - [2026-06-05T12:47:16.334+0000] {dagbag.py:540} INFO - Filling up the DagBag from /opt/airflow/dags/sdp_pipeline_dag.py
[2026-06-05T12:47:16.379+0000] {processor.py:840} INFO - DAG(s) 'e-commerce_kafka_streaming_pipeline_v7' retrieved from /opt/airflow/dags/sdp_pipeline_dag.py
[2026-06-05T12:47:16.448+0000] {logging_mixin.py:188} INFO - [2026-06-05T12:47:16.447+0000] {dag.py:3096} INFO - Sync 1 DAGs
[2026-06-05T12:47:16.501+0000] {logging_mixin.py:188} INFO - [2026-06-05T12:47:16.501+0000] {dag.py:3954} INFO - Setting next_dagrun for e-commerce_kafka_streaming_pipeline_v7 to 2026-06-05 12:00:00+00:00, run_after=2026-06-05 13:00:00+00:00
[2026-06-05T12:47:16.546+0000] {processor.py:183} INFO - Processing /opt/airflow/dags/sdp_pipeline_dag.py took 0.230 seconds
[2026-06-05T12:47:46.810+0000] {processor.py:161} INFO - Started process (PID=1187) to work on /opt/airflow/dags/sdp_pipeline_dag.py
[2026-06-05T12:47:46.812+0000] {processor.py:830} INFO - Processing file /opt/airflow/dags/sdp_pipeline_dag.py for tasks to queue
[2026-06-05T12:47:46.814+0000] {logging_mixin.py:188} INFO - [2026-06-05T12:47:46.813+0000] {dagbag.py:540} INFO - Filling up the DagBag from /opt/airflow/dags/sdp_pipeline_dag.py
[2026-06-05T12:47:46.852+0000] {processor.py:840} INFO - DAG(s) 'e-commerce_kafka_streaming_pipeline_v7' retrieved from /opt/airflow/dags/sdp_pipeline_dag.py
[2026-06-05T12:47:46.903+0000] {logging_mixin.py:188} INFO - [2026-06-05T12:47:46.902+0000] {dag.py:3096} INFO - Sync 1 DAGs
[2026-06-05T12:47:46.940+0000] {logging_mixin.py:188} INFO - [2026-06-05T12:47:46.940+0000] {dag.py:3954} INFO - Setting next_dagrun for e-commerce_kafka_streaming_pipeline_v7 to 2026-06-05 12:00:00+00:00, run_after=2026-06-05 13:00:00+00:00
[2026-06-05T12:47:46.974+0000] {processor.py:183} INFO - Processing /opt/airflow/dags/sdp_pipeline_dag.py took 0.174 seconds
[2026-06-05T12:48:17.331+0000] {processor.py:161} INFO - Started process (PID=1192) to work on /opt/airflow/dags/sdp_pipeline_dag.py
[2026-06-05T12:48:17.333+0000] {processor.py:830} INFO - Processing file /opt/airflow/dags/sdp_pipeline_dag.py for tasks to queue
[2026-06-05T12:48:17.335+0000] {logging_mixin.py:188} INFO - [2026-06-05T12:48:17.334+0000] {dagbag.py:540} INFO - Filling up the DagBag from /opt/airflow/dags/sdp_pipeline_dag.py
[2026-06-05T12:48:17.378+0000] {processor.py:840} INFO - DAG(s) 'e-commerce_kafka_streaming_pipeline_v7' retrieved from /opt/airflow/dags/sdp_pipeline_dag.py
[2026-06-05T12:48:17.430+0000] {logging_mixin.py:188} INFO - [2026-06-05T12:48:17.430+0000] {dag.py:3096} INFO - Sync 1 DAGs
[2026-06-05T12:48:17.474+0000] {logging_mixin.py:188} INFO - [2026-06-05T12:48:17.474+0000] {dag.py:3954} INFO - Setting next_dagrun for e-commerce_kafka_streaming_pipeline_v7 to 2026-06-05 12:00:00+00:00, run_after=2026-06-05 13:00:00+00:00
[2026-06-05T12:48:17.512+0000] {processor.py:183} INFO - Processing /opt/airflow/dags/sdp_pipeline_dag.py took 0.193 seconds
[2026-06-05T12:48:48.122+0000] {processor.py:161} INFO - Started process (PID=1197) to work on /opt/airflow/dags/sdp_pipeline_dag.py
[2026-06-05T12:48:48.129+0000] {processor.py:830} INFO - Processing file /opt/airflow/dags/sdp_pipeline_dag.py for tasks to queue
[2026-06-05T12:48:48.136+0000] {logging_mixin.py:188} INFO - [2026-06-05T12:48:48.133+0000] {dagbag.py:540} INFO - Filling up the DagBag from /opt/airflow/dags/sdp_pipeline_dag.py
[2026-06-05T12:48:48.276+0000] {processor.py:840} INFO - DAG(s) 'e-commerce_kafka_streaming_pipeline_v7' retrieved from /opt/airflow/dags/sdp_pipeline_dag.py
[2026-06-05T12:48:48.541+0000] {logging_mixin.py:188} INFO - [2026-06-05T12:48:48.539+0000] {dag.py:3096} INFO - Sync 1 DAGs
[2026-06-05T12:48:48.813+0000] {logging_mixin.py:188} INFO - [2026-06-05T12:48:48.811+0000] {dag.py:3954} INFO - Setting next_dagrun for e-commerce_kafka_streaming_pipeline_v7 to 2026-06-05 12:00:00+00:00, run_after=2026-06-05 13:00:00+00:00
[2026-06-05T12:48:48.977+0000] {processor.py:183} INFO - Processing /opt/airflow/dags/sdp_pipeline_dag.py took 0.901 seconds
