[2026-07-17T05:33:59.024+0000] {processor.py:161} INFO - Started process (PID=2687) to work on /opt/airflow/dags/sdp_pipeline_dag.py
[2026-07-17T05:33:59.032+0000] {processor.py:830} INFO - Processing file /opt/airflow/dags/sdp_pipeline_dag.py for tasks to queue
[2026-07-17T05:33:59.041+0000] {logging_mixin.py:188} INFO - [2026-07-17T05:33:59.040+0000] {dagbag.py:540} INFO - Filling up the DagBag from /opt/airflow/dags/sdp_pipeline_dag.py
[2026-07-17T05:33:59.217+0000] {processor.py:840} INFO - DAG(s) 'e-commerce_kafka_streaming_pipeline_v1' retrieved from /opt/airflow/dags/sdp_pipeline_dag.py
[2026-07-17T05:33:59.352+0000] {logging_mixin.py:188} INFO - [2026-07-17T05:33:59.352+0000] {dag.py:3096} INFO - Sync 1 DAGs
[2026-07-17T05:33:59.491+0000] {logging_mixin.py:188} INFO - [2026-07-17T05:33:59.491+0000] {dag.py:3954} INFO - Setting next_dagrun for e-commerce_kafka_streaming_pipeline_v1 to 2026-07-17 05:00:00+00:00, run_after=2026-07-17 06:00:00+00:00
[2026-07-17T05:33:59.578+0000] {processor.py:183} INFO - Processing /opt/airflow/dags/sdp_pipeline_dag.py took 0.587 seconds
[2026-07-17T05:34:30.285+0000] {processor.py:161} INFO - Started process (PID=2743) to work on /opt/airflow/dags/sdp_pipeline_dag.py
[2026-07-17T05:34:30.324+0000] {processor.py:830} INFO - Processing file /opt/airflow/dags/sdp_pipeline_dag.py for tasks to queue
[2026-07-17T05:34:30.342+0000] {logging_mixin.py:188} INFO - [2026-07-17T05:34:30.341+0000] {dagbag.py:540} INFO - Filling up the DagBag from /opt/airflow/dags/sdp_pipeline_dag.py
[2026-07-17T05:34:30.770+0000] {processor.py:840} INFO - DAG(s) 'e-commerce_kafka_streaming_pipeline_v1' retrieved from /opt/airflow/dags/sdp_pipeline_dag.py
[2026-07-17T05:34:31.170+0000] {logging_mixin.py:188} INFO - [2026-07-17T05:34:31.169+0000] {dag.py:3096} INFO - Sync 1 DAGs
[2026-07-17T05:34:31.602+0000] {logging_mixin.py:188} INFO - [2026-07-17T05:34:31.601+0000] {dag.py:3954} INFO - Setting next_dagrun for e-commerce_kafka_streaming_pipeline_v1 to 2026-07-17 05:00:00+00:00, run_after=2026-07-17 06:00:00+00:00
[2026-07-17T05:34:31.714+0000] {processor.py:183} INFO - Processing /opt/airflow/dags/sdp_pipeline_dag.py took 1.503 seconds
[2026-07-17T05:35:02.588+0000] {processor.py:161} INFO - Started process (PID=2748) to work on /opt/airflow/dags/sdp_pipeline_dag.py
[2026-07-17T05:35:02.602+0000] {processor.py:830} INFO - Processing file /opt/airflow/dags/sdp_pipeline_dag.py for tasks to queue
[2026-07-17T05:35:02.643+0000] {logging_mixin.py:188} INFO - [2026-07-17T05:35:02.637+0000] {dagbag.py:540} INFO - Filling up the DagBag from /opt/airflow/dags/sdp_pipeline_dag.py
[2026-07-17T05:35:03.111+0000] {processor.py:840} INFO - DAG(s) 'e-commerce_kafka_streaming_pipeline_v1' retrieved from /opt/airflow/dags/sdp_pipeline_dag.py
[2026-07-17T05:35:03.664+0000] {logging_mixin.py:188} INFO - [2026-07-17T05:35:03.663+0000] {dag.py:3096} INFO - Sync 1 DAGs
[2026-07-17T05:35:04.236+0000] {logging_mixin.py:188} INFO - [2026-07-17T05:35:04.235+0000] {dag.py:3954} INFO - Setting next_dagrun for e-commerce_kafka_streaming_pipeline_v1 to 2026-07-17 05:00:00+00:00, run_after=2026-07-17 06:00:00+00:00
[2026-07-17T05:35:04.312+0000] {processor.py:183} INFO - Processing /opt/airflow/dags/sdp_pipeline_dag.py took 1.832 seconds
[2026-07-17T05:35:35.766+0000] {processor.py:161} INFO - Started process (PID=2753) to work on /opt/airflow/dags/sdp_pipeline_dag.py
[2026-07-17T05:35:35.781+0000] {processor.py:830} INFO - Processing file /opt/airflow/dags/sdp_pipeline_dag.py for tasks to queue
[2026-07-17T05:35:35.794+0000] {logging_mixin.py:188} INFO - [2026-07-17T05:35:35.792+0000] {dagbag.py:540} INFO - Filling up the DagBag from /opt/airflow/dags/sdp_pipeline_dag.py
[2026-07-17T05:35:36.130+0000] {processor.py:840} INFO - DAG(s) 'e-commerce_kafka_streaming_pipeline_v1' retrieved from /opt/airflow/dags/sdp_pipeline_dag.py
[2026-07-17T05:36:07.498+0000] {processor.py:186} ERROR - Got an exception! Propagating...
Traceback (most recent call last):
  File "/home/airflow/.local/lib/python3.12/site-packages/sqlalchemy/engine/base.py", line 3371, in _wrap_pool_connect
    return fn()
           ^^^^
  File "/home/airflow/.local/lib/python3.12/site-packages/sqlalchemy/pool/base.py", line 327, in connect
    return _ConnectionFairy._checkout(self)
           ^^^^^^^^^^^^^^^^^^^^^^^^^^^^^^^^
  File "/home/airflow/.local/lib/python3.12/site-packages/sqlalchemy/pool/base.py", line 894, in _checkout
    fairy = _ConnectionRecord.checkout(pool)
            ^^^^^^^^^^^^^^^^^^^^^^^^^^^^^^^^
  File "/home/airflow/.local/lib/python3.12/site-packages/sqlalchemy/pool/base.py", line 493, in checkout
    rec = pool._do_get()
          ^^^^^^^^^^^^^^
  File "/home/airflow/.local/lib/python3.12/site-packages/sqlalchemy/pool/impl.py", line 145, in _do_get
    with util.safe_reraise():
  File "/home/airflow/.local/lib/python3.12/site-packages/sqlalchemy/util/langhelpers.py", line 70, in __exit__
    compat.raise_(
  File "/home/airflow/.local/lib/python3.12/site-packages/sqlalchemy/util/compat.py", line 211, in raise_
    raise exception
  File "/home/airflow/.local/lib/python3.12/site-packages/sqlalchemy/pool/impl.py", line 143, in _do_get
    return self._create_connection()
           ^^^^^^^^^^^^^^^^^^^^^^^^^
  File "/home/airflow/.local/lib/python3.12/site-packages/sqlalchemy/pool/base.py", line 273, in _create_connection
    return _ConnectionRecord(self)
           ^^^^^^^^^^^^^^^^^^^^^^^
  File "/home/airflow/.local/lib/python3.12/site-packages/sqlalchemy/pool/base.py", line 388, in __init__
    self.__connect()
  File "/home/airflow/.local/lib/python3.12/site-packages/sqlalchemy/pool/base.py", line 690, in __connect
    with util.safe_reraise():
  File "/home/airflow/.local/lib/python3.12/site-packages/sqlalchemy/util/langhelpers.py", line 70, in __exit__
    compat.raise_(
  File "/home/airflow/.local/lib/python3.12/site-packages/sqlalchemy/util/compat.py", line 211, in raise_
    raise exception
  File "/home/airflow/.local/lib/python3.12/site-packages/sqlalchemy/pool/base.py", line 686, in __connect
    self.dbapi_connection = connection = pool._invoke_creator(self)
                                         ^^^^^^^^^^^^^^^^^^^^^^^^^^
  File "/home/airflow/.local/lib/python3.12/site-packages/sqlalchemy/engine/create.py", line 574, in connect
    return dialect.connect(*cargs, **cparams)
           ^^^^^^^^^^^^^^^^^^^^^^^^^^^^^^^^^^
  File "/home/airflow/.local/lib/python3.12/site-packages/sqlalchemy/engine/default.py", line 598, in connect
    return self.dbapi.connect(*cargs, **cparams)
           ^^^^^^^^^^^^^^^^^^^^^^^^^^^^^^^^^^^^^
  File "/home/airflow/.local/lib/python3.12/site-packages/psycopg2/__init__.py", line 122, in connect
    conn = _connect(dsn, connection_factory=connection_factory, **kwasync)
           ^^^^^^^^^^^^^^^^^^^^^^^^^^^^^^^^^^^^^^^^^^^^^^^^^^^^^^^^^^^^^^^
psycopg2.OperationalError: could not translate host name "postgres" to address: Temporary failure in name resolution


The above exception was the direct cause of the following exception:

Traceback (most recent call last):
  File "/home/airflow/.local/lib/python3.12/site-packages/airflow/dag_processing/processor.py", line 182, in _run_file_processor
    _handle_dag_file_processing()
  File "/home/airflow/.local/lib/python3.12/site-packages/airflow/dag_processing/processor.py", line 163, in _handle_dag_file_processing
    result: tuple[int, int] = dag_file_processor.process_file(
                              ^^^^^^^^^^^^^^^^^^^^^^^^^^^^^^^^
  File "/home/airflow/.local/lib/python3.12/site-packages/airflow/utils/session.py", line 79, in wrapper
    return func(*args, session=session, **kwargs)
           ^^^^^^^^^^^^^^^^^^^^^^^^^^^^^^^^^^^^^^
  File "/home/airflow/.local/lib/python3.12/site-packages/airflow/dag_processing/processor.py", line 859, in process_file
    serialize_errors = DagFileProcessor.save_dag_to_db(
                       ^^^^^^^^^^^^^^^^^^^^^^^^^^^^^^^^
  File "/home/airflow/.local/lib/python3.12/site-packages/airflow/api_internal/internal_api_call.py", line 115, in wrapper
    return func(*args, **kwargs)
           ^^^^^^^^^^^^^^^^^^^^^
  File "/home/airflow/.local/lib/python3.12/site-packages/airflow/utils/session.py", line 79, in wrapper
    return func(*args, session=session, **kwargs)
           ^^^^^^^^^^^^^^^^^^^^^^^^^^^^^^^^^^^^^^
  File "/home/airflow/.local/lib/python3.12/site-packages/airflow/dag_processing/processor.py", line 895, in save_dag_to_db
    import_errors = DagBag._sync_to_db(dags=dags, processor_subdir=dag_directory, session=session)
                    ^^^^^^^^^^^^^^^^^^^^^^^^^^^^^^^^^^^^^^^^^^^^^^^^^^^^^^^^^^^^^^^^^^^^^^^^^^^^^^
  File "/home/airflow/.local/lib/python3.12/site-packages/airflow/utils/session.py", line 76, in wrapper
    return func(*args, **kwargs)
           ^^^^^^^^^^^^^^^^^^^^^
  File "/home/airflow/.local/lib/python3.12/site-packages/airflow/models/dagbag.py", line 659, in _sync_to_db
    for attempt in run_with_db_retries(logger=log):
  File "/home/airflow/.local/lib/python3.12/site-packages/tenacity/__init__.py", line 347, in __iter__
    do = self.iter(retry_state=retry_state)
         ^^^^^^^^^^^^^^^^^^^^^^^^^^^^^^^^^^
  File "/home/airflow/.local/lib/python3.12/site-packages/tenacity/__init__.py", line 325, in iter
    raise retry_exc.reraise()
          ^^^^^^^^^^^^^^^^^^^
  File "/home/airflow/.local/lib/python3.12/site-packages/tenacity/__init__.py", line 158, in reraise
    raise self.last_attempt.result()
          ^^^^^^^^^^^^^^^^^^^^^^^^^^
  File "/usr/local/lib/python3.12/concurrent/futures/_base.py", line 449, in result
    return self.__get_result()
           ^^^^^^^^^^^^^^^^^^^
  File "/usr/local/lib/python3.12/concurrent/futures/_base.py", line 401, in __get_result
    raise self._exception
  File "/home/airflow/.local/lib/python3.12/site-packages/airflow/models/dagbag.py", line 672, in _sync_to_db
    _serialize_dag_capturing_errors(dag, session, processor_subdir)
  File "/home/airflow/.local/lib/python3.12/site-packages/airflow/models/dagbag.py", line 637, in _serialize_dag_capturing_errors
    dag_was_updated = SerializedDagModel.write_dag(
                      ^^^^^^^^^^^^^^^^^^^^^^^^^^^^^
  File "/home/airflow/.local/lib/python3.12/site-packages/airflow/utils/session.py", line 76, in wrapper
    return func(*args, **kwargs)
           ^^^^^^^^^^^^^^^^^^^^^
  File "/home/airflow/.local/lib/python3.12/site-packages/airflow/models/serialized_dag.py", line 158, in write_dag
    if session.scalar(
       ^^^^^^^^^^^^^^^
  File "/home/airflow/.local/lib/python3.12/site-packages/sqlalchemy/orm/session.py", line 1747, in scalar
    return self.execute(
           ^^^^^^^^^^^^^
  File "/home/airflow/.local/lib/python3.12/site-packages/sqlalchemy/orm/session.py", line 1716, in execute
    conn = self._connection_for_bind(bind)
           ^^^^^^^^^^^^^^^^^^^^^^^^^^^^^^^
  File "/home/airflow/.local/lib/python3.12/site-packages/sqlalchemy/orm/session.py", line 1555, in _connection_for_bind
    return self._transaction._connection_for_bind(
           ^^^^^^^^^^^^^^^^^^^^^^^^^^^^^^^^^^^^^^^
  File "/home/airflow/.local/lib/python3.12/site-packages/sqlalchemy/orm/session.py", line 750, in _connection_for_bind
    conn = bind.connect()
           ^^^^^^^^^^^^^^
  File "/home/airflow/.local/lib/python3.12/site-packages/sqlalchemy/future/engine.py", line 412, in connect
    return super(Engine, self).connect()
           ^^^^^^^^^^^^^^^^^^^^^^^^^^^^^
  File "/home/airflow/.local/lib/python3.12/site-packages/sqlalchemy/engine/base.py", line 3325, in connect
    return self._connection_cls(self, close_with_result=close_with_result)
           ^^^^^^^^^^^^^^^^^^^^^^^^^^^^^^^^^^^^^^^^^^^^^^^^^^^^^^^^^^^^^^^
  File "/home/airflow/.local/lib/python3.12/site-packages/sqlalchemy/engine/base.py", line 96, in __init__
    else engine.raw_connection()
         ^^^^^^^^^^^^^^^^^^^^^^^
  File "/home/airflow/.local/lib/python3.12/site-packages/sqlalchemy/engine/base.py", line 3404, in raw_connection
    return self._wrap_pool_connect(self.pool.connect, _connection)
           ^^^^^^^^^^^^^^^^^^^^^^^^^^^^^^^^^^^^^^^^^^^^^^^^^^^^^^^
  File "/home/airflow/.local/lib/python3.12/site-packages/sqlalchemy/engine/base.py", line 3374, in _wrap_pool_connect
    Connection._handle_dbapi_exception_noconnection(
  File "/home/airflow/.local/lib/python3.12/site-packages/sqlalchemy/engine/base.py", line 2208, in _handle_dbapi_exception_noconnection
    util.raise_(
  File "/home/airflow/.local/lib/python3.12/site-packages/sqlalchemy/util/compat.py", line 211, in raise_
    raise exception
  File "/home/airflow/.local/lib/python3.12/site-packages/sqlalchemy/engine/base.py", line 3371, in _wrap_pool_connect
    return fn()
           ^^^^
  File "/home/airflow/.local/lib/python3.12/site-packages/sqlalchemy/pool/base.py", line 327, in connect
    return _ConnectionFairy._checkout(self)
           ^^^^^^^^^^^^^^^^^^^^^^^^^^^^^^^^
  File "/home/airflow/.local/lib/python3.12/site-packages/sqlalchemy/pool/base.py", line 894, in _checkout
    fairy = _ConnectionRecord.checkout(pool)
            ^^^^^^^^^^^^^^^^^^^^^^^^^^^^^^^^
  File "/home/airflow/.local/lib/python3.12/site-packages/sqlalchemy/pool/base.py", line 493, in checkout
    rec = pool._do_get()
          ^^^^^^^^^^^^^^
  File "/home/airflow/.local/lib/python3.12/site-packages/sqlalchemy/pool/impl.py", line 145, in _do_get
    with util.safe_reraise():
  File "/home/airflow/.local/lib/python3.12/site-packages/sqlalchemy/util/langhelpers.py", line 70, in __exit__
    compat.raise_(
  File "/home/airflow/.local/lib/python3.12/site-packages/sqlalchemy/util/compat.py", line 211, in raise_
    raise exception
  File "/home/airflow/.local/lib/python3.12/site-packages/sqlalchemy/pool/impl.py", line 143, in _do_get
    return self._create_connection()
           ^^^^^^^^^^^^^^^^^^^^^^^^^
  File "/home/airflow/.local/lib/python3.12/site-packages/sqlalchemy/pool/base.py", line 273, in _create_connection
    return _ConnectionRecord(self)
           ^^^^^^^^^^^^^^^^^^^^^^^
  File "/home/airflow/.local/lib/python3.12/site-packages/sqlalchemy/pool/base.py", line 388, in __init__
    self.__connect()
  File "/home/airflow/.local/lib/python3.12/site-packages/sqlalchemy/pool/base.py", line 690, in __connect
    with util.safe_reraise():
  File "/home/airflow/.local/lib/python3.12/site-packages/sqlalchemy/util/langhelpers.py", line 70, in __exit__
    compat.raise_(
  File "/home/airflow/.local/lib/python3.12/site-packages/sqlalchemy/util/compat.py", line 211, in raise_
    raise exception
  File "/home/airflow/.local/lib/python3.12/site-packages/sqlalchemy/pool/base.py", line 686, in __connect
    self.dbapi_connection = connection = pool._invoke_creator(self)
                                         ^^^^^^^^^^^^^^^^^^^^^^^^^^
  File "/home/airflow/.local/lib/python3.12/site-packages/sqlalchemy/engine/create.py", line 574, in connect
    return dialect.connect(*cargs, **cparams)
           ^^^^^^^^^^^^^^^^^^^^^^^^^^^^^^^^^^
  File "/home/airflow/.local/lib/python3.12/site-packages/sqlalchemy/engine/default.py", line 598, in connect
    return self.dbapi.connect(*cargs, **cparams)
           ^^^^^^^^^^^^^^^^^^^^^^^^^^^^^^^^^^^^^
  File "/home/airflow/.local/lib/python3.12/site-packages/psycopg2/__init__.py", line 122, in connect
    conn = _connect(dsn, connection_factory=connection_factory, **kwasync)
           ^^^^^^^^^^^^^^^^^^^^^^^^^^^^^^^^^^^^^^^^^^^^^^^^^^^^^^^^^^^^^^^
sqlalchemy.exc.OperationalError: (psycopg2.OperationalError) could not translate host name "postgres" to address: Temporary failure in name resolution

(Background on this error at: https://sqlalche.me/e/14/e3q8)
[2026-07-17T05:36:40.679+0000] {processor.py:161} INFO - Started process (PID=2763) to work on /opt/airflow/dags/sdp_pipeline_dag.py
[2026-07-17T05:36:40.705+0000] {processor.py:830} INFO - Processing file /opt/airflow/dags/sdp_pipeline_dag.py for tasks to queue
[2026-07-17T05:36:40.727+0000] {logging_mixin.py:188} INFO - [2026-07-17T05:36:40.725+0000] {dagbag.py:540} INFO - Filling up the DagBag from /opt/airflow/dags/sdp_pipeline_dag.py
[2026-07-17T05:36:41.359+0000] {processor.py:840} INFO - DAG(s) 'e-commerce_kafka_streaming_pipeline_v1' retrieved from /opt/airflow/dags/sdp_pipeline_dag.py
[2026-07-17T05:36:59.712+0000] {logging_mixin.py:188} INFO - [2026-07-17T05:36:59.711+0000] {dag.py:3096} INFO - Sync 1 DAGs
[2026-07-17T05:36:59.870+0000] {logging_mixin.py:188} INFO - [2026-07-17T05:36:59.869+0000] {dag.py:3954} INFO - Setting next_dagrun for e-commerce_kafka_streaming_pipeline_v1 to 2026-07-17 05:00:00+00:00, run_after=2026-07-17 06:00:00+00:00
[2026-07-17T05:36:59.947+0000] {processor.py:183} INFO - Processing /opt/airflow/dags/sdp_pipeline_dag.py took 20.449 seconds
[2026-07-17T05:37:30.188+0000] {processor.py:161} INFO - Started process (PID=2769) to work on /opt/airflow/dags/sdp_pipeline_dag.py
[2026-07-17T05:37:30.191+0000] {processor.py:830} INFO - Processing file /opt/airflow/dags/sdp_pipeline_dag.py for tasks to queue
[2026-07-17T05:37:30.197+0000] {logging_mixin.py:188} INFO - [2026-07-17T05:37:30.194+0000] {dagbag.py:540} INFO - Filling up the DagBag from /opt/airflow/dags/sdp_pipeline_dag.py
[2026-07-17T05:37:30.342+0000] {processor.py:840} INFO - DAG(s) 'e-commerce_kafka_streaming_pipeline_v1' retrieved from /opt/airflow/dags/sdp_pipeline_dag.py
[2026-07-17T05:37:30.393+0000] {logging_mixin.py:188} INFO - [2026-07-17T05:37:30.393+0000] {dag.py:3096} INFO - Sync 1 DAGs
[2026-07-17T05:37:30.425+0000] {logging_mixin.py:188} INFO - [2026-07-17T05:37:30.425+0000] {dag.py:3954} INFO - Setting next_dagrun for e-commerce_kafka_streaming_pipeline_v1 to 2026-07-17 05:00:00+00:00, run_after=2026-07-17 06:00:00+00:00
[2026-07-17T05:37:30.454+0000] {processor.py:183} INFO - Processing /opt/airflow/dags/sdp_pipeline_dag.py took 0.287 seconds
[2026-07-17T05:38:00.660+0000] {processor.py:161} INFO - Started process (PID=2774) to work on /opt/airflow/dags/sdp_pipeline_dag.py
[2026-07-17T05:38:00.661+0000] {processor.py:830} INFO - Processing file /opt/airflow/dags/sdp_pipeline_dag.py for tasks to queue
[2026-07-17T05:38:00.663+0000] {logging_mixin.py:188} INFO - [2026-07-17T05:38:00.662+0000] {dagbag.py:540} INFO - Filling up the DagBag from /opt/airflow/dags/sdp_pipeline_dag.py
[2026-07-17T05:38:00.682+0000] {processor.py:840} INFO - DAG(s) 'e-commerce_kafka_streaming_pipeline_v1' retrieved from /opt/airflow/dags/sdp_pipeline_dag.py
[2026-07-17T05:38:00.709+0000] {logging_mixin.py:188} INFO - [2026-07-17T05:38:00.709+0000] {dag.py:3096} INFO - Sync 1 DAGs
[2026-07-17T05:38:00.731+0000] {logging_mixin.py:188} INFO - [2026-07-17T05:38:00.731+0000] {dag.py:3954} INFO - Setting next_dagrun for e-commerce_kafka_streaming_pipeline_v1 to 2026-07-17 05:00:00+00:00, run_after=2026-07-17 06:00:00+00:00
[2026-07-17T05:38:00.752+0000] {processor.py:183} INFO - Processing /opt/airflow/dags/sdp_pipeline_dag.py took 0.098 seconds
[2026-07-17T05:38:30.864+0000] {processor.py:161} INFO - Started process (PID=2779) to work on /opt/airflow/dags/sdp_pipeline_dag.py
[2026-07-17T05:38:30.865+0000] {processor.py:830} INFO - Processing file /opt/airflow/dags/sdp_pipeline_dag.py for tasks to queue
[2026-07-17T05:38:30.866+0000] {logging_mixin.py:188} INFO - [2026-07-17T05:38:30.866+0000] {dagbag.py:540} INFO - Filling up the DagBag from /opt/airflow/dags/sdp_pipeline_dag.py
[2026-07-17T05:38:30.884+0000] {processor.py:840} INFO - DAG(s) 'e-commerce_kafka_streaming_pipeline_v1' retrieved from /opt/airflow/dags/sdp_pipeline_dag.py
[2026-07-17T05:38:30.911+0000] {logging_mixin.py:188} INFO - [2026-07-17T05:38:30.910+0000] {dag.py:3096} INFO - Sync 1 DAGs
[2026-07-17T05:38:30.931+0000] {logging_mixin.py:188} INFO - [2026-07-17T05:38:30.931+0000] {dag.py:3954} INFO - Setting next_dagrun for e-commerce_kafka_streaming_pipeline_v1 to 2026-07-17 05:00:00+00:00, run_after=2026-07-17 06:00:00+00:00
[2026-07-17T05:38:30.952+0000] {processor.py:183} INFO - Processing /opt/airflow/dags/sdp_pipeline_dag.py took 0.095 seconds
[2026-07-17T05:39:01.234+0000] {processor.py:161} INFO - Started process (PID=2823) to work on /opt/airflow/dags/sdp_pipeline_dag.py
[2026-07-17T05:39:01.237+0000] {processor.py:830} INFO - Processing file /opt/airflow/dags/sdp_pipeline_dag.py for tasks to queue
[2026-07-17T05:39:01.248+0000] {logging_mixin.py:188} INFO - [2026-07-17T05:39:01.247+0000] {dagbag.py:540} INFO - Filling up the DagBag from /opt/airflow/dags/sdp_pipeline_dag.py
[2026-07-17T05:39:01.289+0000] {processor.py:840} INFO - DAG(s) 'e-commerce_kafka_streaming_pipeline_v1' retrieved from /opt/airflow/dags/sdp_pipeline_dag.py
[2026-07-17T05:39:01.360+0000] {logging_mixin.py:188} INFO - [2026-07-17T05:39:01.359+0000] {dag.py:3096} INFO - Sync 1 DAGs
[2026-07-17T05:39:01.449+0000] {logging_mixin.py:188} INFO - [2026-07-17T05:39:01.448+0000] {dag.py:3954} INFO - Setting next_dagrun for e-commerce_kafka_streaming_pipeline_v1 to 2026-07-17 05:00:00+00:00, run_after=2026-07-17 06:00:00+00:00
[2026-07-17T05:39:01.508+0000] {processor.py:183} INFO - Processing /opt/airflow/dags/sdp_pipeline_dag.py took 0.290 seconds
[2026-07-17T05:39:32.594+0000] {processor.py:161} INFO - Started process (PID=2839) to work on /opt/airflow/dags/sdp_pipeline_dag.py
[2026-07-17T05:39:32.600+0000] {processor.py:830} INFO - Processing file /opt/airflow/dags/sdp_pipeline_dag.py for tasks to queue
[2026-07-17T05:39:32.604+0000] {logging_mixin.py:188} INFO - [2026-07-17T05:39:32.602+0000] {dagbag.py:540} INFO - Filling up the DagBag from /opt/airflow/dags/sdp_pipeline_dag.py
[2026-07-17T05:39:32.661+0000] {processor.py:840} INFO - DAG(s) 'e-commerce_kafka_streaming_pipeline_v1' retrieved from /opt/airflow/dags/sdp_pipeline_dag.py
[2026-07-17T05:39:32.756+0000] {logging_mixin.py:188} INFO - [2026-07-17T05:39:32.756+0000] {dag.py:3096} INFO - Sync 1 DAGs
[2026-07-17T05:39:32.848+0000] {logging_mixin.py:188} INFO - [2026-07-17T05:39:32.847+0000] {dag.py:3954} INFO - Setting next_dagrun for e-commerce_kafka_streaming_pipeline_v1 to 2026-07-17 05:00:00+00:00, run_after=2026-07-17 06:00:00+00:00
[2026-07-17T05:39:32.953+0000] {processor.py:183} INFO - Processing /opt/airflow/dags/sdp_pipeline_dag.py took 0.399 seconds
[2026-07-17T05:40:14.740+0000] {processor.py:161} INFO - Started process (PID=2844) to work on /opt/airflow/dags/sdp_pipeline_dag.py
[2026-07-17T05:40:15.466+0000] {processor.py:830} INFO - Processing file /opt/airflow/dags/sdp_pipeline_dag.py for tasks to queue
[2026-07-17T05:40:18.741+0000] {logging_mixin.py:188} INFO - [2026-07-17T05:40:17.374+0000] {dagbag.py:540} INFO - Filling up the DagBag from /opt/airflow/dags/sdp_pipeline_dag.py
[2026-07-17T05:40:46.160+0000] {processor.py:840} INFO - DAG(s) 'e-commerce_kafka_streaming_pipeline_v1' retrieved from /opt/airflow/dags/sdp_pipeline_dag.py
[2026-07-17T05:41:52.353+0000] {processor.py:161} INFO - Started process (PID=2848) to work on /opt/airflow/dags/sdp_pipeline_dag.py
[2026-07-17T05:41:53.974+0000] {processor.py:830} INFO - Processing file /opt/airflow/dags/sdp_pipeline_dag.py for tasks to queue
[2026-07-17T05:41:56.691+0000] {logging_mixin.py:188} INFO - [2026-07-17T05:41:55.251+0000] {dagbag.py:540} INFO - Filling up the DagBag from /opt/airflow/dags/sdp_pipeline_dag.py
[2026-07-17T05:42:16.814+0000] {processor.py:840} INFO - DAG(s) 'e-commerce_kafka_streaming_pipeline_v1' retrieved from /opt/airflow/dags/sdp_pipeline_dag.py
[2026-07-17T05:42:50.560+0000] {processor.py:161} INFO - Started process (PID=2855) to work on /opt/airflow/dags/sdp_pipeline_dag.py
[2026-07-17T05:42:50.562+0000] {processor.py:830} INFO - Processing file /opt/airflow/dags/sdp_pipeline_dag.py for tasks to queue
[2026-07-17T05:42:50.569+0000] {logging_mixin.py:188} INFO - [2026-07-17T05:42:50.566+0000] {dagbag.py:540} INFO - Filling up the DagBag from /opt/airflow/dags/sdp_pipeline_dag.py
[2026-07-17T05:42:50.627+0000] {processor.py:840} INFO - DAG(s) 'e-commerce_kafka_streaming_pipeline_v1' retrieved from /opt/airflow/dags/sdp_pipeline_dag.py
[2026-07-17T05:42:50.748+0000] {logging_mixin.py:188} INFO - [2026-07-17T05:42:50.748+0000] {dag.py:3096} INFO - Sync 1 DAGs
[2026-07-17T05:42:50.837+0000] {logging_mixin.py:188} INFO - [2026-07-17T05:42:50.837+0000] {dag.py:3954} INFO - Setting next_dagrun for e-commerce_kafka_streaming_pipeline_v1 to 2026-07-17 05:00:00+00:00, run_after=2026-07-17 06:00:00+00:00
[2026-07-17T05:42:50.887+0000] {processor.py:183} INFO - Processing /opt/airflow/dags/sdp_pipeline_dag.py took 0.400 seconds
[2026-07-17T05:43:21.168+0000] {processor.py:161} INFO - Started process (PID=2860) to work on /opt/airflow/dags/sdp_pipeline_dag.py
[2026-07-17T05:43:21.169+0000] {processor.py:830} INFO - Processing file /opt/airflow/dags/sdp_pipeline_dag.py for tasks to queue
[2026-07-17T05:43:21.170+0000] {logging_mixin.py:188} INFO - [2026-07-17T05:43:21.170+0000] {dagbag.py:540} INFO - Filling up the DagBag from /opt/airflow/dags/sdp_pipeline_dag.py
[2026-07-17T05:43:21.188+0000] {processor.py:840} INFO - DAG(s) 'e-commerce_kafka_streaming_pipeline_v1' retrieved from /opt/airflow/dags/sdp_pipeline_dag.py
[2026-07-17T05:43:21.213+0000] {logging_mixin.py:188} INFO - [2026-07-17T05:43:21.213+0000] {dag.py:3096} INFO - Sync 1 DAGs
[2026-07-17T05:43:21.232+0000] {logging_mixin.py:188} INFO - [2026-07-17T05:43:21.232+0000] {dag.py:3954} INFO - Setting next_dagrun for e-commerce_kafka_streaming_pipeline_v1 to 2026-07-17 05:00:00+00:00, run_after=2026-07-17 06:00:00+00:00
[2026-07-17T05:43:21.250+0000] {processor.py:183} INFO - Processing /opt/airflow/dags/sdp_pipeline_dag.py took 0.089 seconds
[2026-07-17T05:43:51.383+0000] {processor.py:161} INFO - Started process (PID=2865) to work on /opt/airflow/dags/sdp_pipeline_dag.py
[2026-07-17T05:43:51.384+0000] {processor.py:830} INFO - Processing file /opt/airflow/dags/sdp_pipeline_dag.py for tasks to queue
[2026-07-17T05:43:51.386+0000] {logging_mixin.py:188} INFO - [2026-07-17T05:43:51.385+0000] {dagbag.py:540} INFO - Filling up the DagBag from /opt/airflow/dags/sdp_pipeline_dag.py
[2026-07-17T05:43:51.407+0000] {processor.py:840} INFO - DAG(s) 'e-commerce_kafka_streaming_pipeline_v1' retrieved from /opt/airflow/dags/sdp_pipeline_dag.py
[2026-07-17T05:43:51.438+0000] {logging_mixin.py:188} INFO - [2026-07-17T05:43:51.437+0000] {dag.py:3096} INFO - Sync 1 DAGs
[2026-07-17T05:43:51.469+0000] {logging_mixin.py:188} INFO - [2026-07-17T05:43:51.469+0000] {dag.py:3954} INFO - Setting next_dagrun for e-commerce_kafka_streaming_pipeline_v1 to 2026-07-17 05:00:00+00:00, run_after=2026-07-17 06:00:00+00:00
[2026-07-17T05:43:51.493+0000] {processor.py:183} INFO - Processing /opt/airflow/dags/sdp_pipeline_dag.py took 0.119 seconds
[2026-07-17T05:44:21.725+0000] {processor.py:161} INFO - Started process (PID=2870) to work on /opt/airflow/dags/sdp_pipeline_dag.py
[2026-07-17T05:44:21.726+0000] {processor.py:830} INFO - Processing file /opt/airflow/dags/sdp_pipeline_dag.py for tasks to queue
[2026-07-17T05:44:21.727+0000] {logging_mixin.py:188} INFO - [2026-07-17T05:44:21.727+0000] {dagbag.py:540} INFO - Filling up the DagBag from /opt/airflow/dags/sdp_pipeline_dag.py
[2026-07-17T05:44:21.744+0000] {processor.py:840} INFO - DAG(s) 'e-commerce_kafka_streaming_pipeline_v1' retrieved from /opt/airflow/dags/sdp_pipeline_dag.py
[2026-07-17T05:44:21.772+0000] {logging_mixin.py:188} INFO - [2026-07-17T05:44:21.772+0000] {dag.py:3096} INFO - Sync 1 DAGs
[2026-07-17T05:44:21.794+0000] {logging_mixin.py:188} INFO - [2026-07-17T05:44:21.794+0000] {dag.py:3954} INFO - Setting next_dagrun for e-commerce_kafka_streaming_pipeline_v1 to 2026-07-17 05:00:00+00:00, run_after=2026-07-17 06:00:00+00:00
[2026-07-17T05:44:21.813+0000] {processor.py:183} INFO - Processing /opt/airflow/dags/sdp_pipeline_dag.py took 0.094 seconds
[2026-07-17T05:44:51.920+0000] {processor.py:161} INFO - Started process (PID=2879) to work on /opt/airflow/dags/sdp_pipeline_dag.py
[2026-07-17T05:44:51.922+0000] {processor.py:830} INFO - Processing file /opt/airflow/dags/sdp_pipeline_dag.py for tasks to queue
[2026-07-17T05:44:51.924+0000] {logging_mixin.py:188} INFO - [2026-07-17T05:44:51.923+0000] {dagbag.py:540} INFO - Filling up the DagBag from /opt/airflow/dags/sdp_pipeline_dag.py
[2026-07-17T05:44:51.949+0000] {processor.py:840} INFO - DAG(s) 'e-commerce_kafka_streaming_pipeline_v1' retrieved from /opt/airflow/dags/sdp_pipeline_dag.py
[2026-07-17T05:44:51.987+0000] {logging_mixin.py:188} INFO - [2026-07-17T05:44:51.987+0000] {dag.py:3096} INFO - Sync 1 DAGs
[2026-07-17T05:44:52.019+0000] {logging_mixin.py:188} INFO - [2026-07-17T05:44:52.018+0000] {dag.py:3954} INFO - Setting next_dagrun for e-commerce_kafka_streaming_pipeline_v1 to 2026-07-17 05:00:00+00:00, run_after=2026-07-17 06:00:00+00:00
[2026-07-17T05:44:52.042+0000] {processor.py:183} INFO - Processing /opt/airflow/dags/sdp_pipeline_dag.py took 0.132 seconds
[2026-07-17T05:45:22.806+0000] {processor.py:161} INFO - Started process (PID=2896) to work on /opt/airflow/dags/sdp_pipeline_dag.py
[2026-07-17T05:45:22.811+0000] {processor.py:830} INFO - Processing file /opt/airflow/dags/sdp_pipeline_dag.py for tasks to queue
[2026-07-17T05:45:22.816+0000] {logging_mixin.py:188} INFO - [2026-07-17T05:45:22.814+0000] {dagbag.py:540} INFO - Filling up the DagBag from /opt/airflow/dags/sdp_pipeline_dag.py
[2026-07-17T05:45:22.910+0000] {processor.py:840} INFO - DAG(s) 'e-commerce_kafka_streaming_pipeline_v1' retrieved from /opt/airflow/dags/sdp_pipeline_dag.py
[2026-07-17T05:45:23.006+0000] {logging_mixin.py:188} INFO - [2026-07-17T05:45:23.005+0000] {dag.py:3096} INFO - Sync 1 DAGs
[2026-07-17T05:45:23.078+0000] {logging_mixin.py:188} INFO - [2026-07-17T05:45:23.078+0000] {dag.py:3954} INFO - Setting next_dagrun for e-commerce_kafka_streaming_pipeline_v1 to 2026-07-17 05:00:00+00:00, run_after=2026-07-17 06:00:00+00:00
[2026-07-17T05:45:23.134+0000] {processor.py:183} INFO - Processing /opt/airflow/dags/sdp_pipeline_dag.py took 0.356 seconds
[2026-07-17T05:45:53.489+0000] {processor.py:161} INFO - Started process (PID=2901) to work on /opt/airflow/dags/sdp_pipeline_dag.py
[2026-07-17T05:45:53.490+0000] {processor.py:830} INFO - Processing file /opt/airflow/dags/sdp_pipeline_dag.py for tasks to queue
[2026-07-17T05:45:53.493+0000] {logging_mixin.py:188} INFO - [2026-07-17T05:45:53.492+0000] {dagbag.py:540} INFO - Filling up the DagBag from /opt/airflow/dags/sdp_pipeline_dag.py
[2026-07-17T05:45:53.522+0000] {processor.py:840} INFO - DAG(s) 'e-commerce_kafka_streaming_pipeline_v1' retrieved from /opt/airflow/dags/sdp_pipeline_dag.py
[2026-07-17T05:45:53.573+0000] {logging_mixin.py:188} INFO - [2026-07-17T05:45:53.572+0000] {dag.py:3096} INFO - Sync 1 DAGs
[2026-07-17T05:45:53.613+0000] {logging_mixin.py:188} INFO - [2026-07-17T05:45:53.613+0000] {dag.py:3954} INFO - Setting next_dagrun for e-commerce_kafka_streaming_pipeline_v1 to 2026-07-17 05:00:00+00:00, run_after=2026-07-17 06:00:00+00:00
[2026-07-17T05:45:53.643+0000] {processor.py:183} INFO - Processing /opt/airflow/dags/sdp_pipeline_dag.py took 0.165 seconds
[2026-07-17T05:46:23.831+0000] {processor.py:161} INFO - Started process (PID=2906) to work on /opt/airflow/dags/sdp_pipeline_dag.py
[2026-07-17T05:46:23.833+0000] {processor.py:830} INFO - Processing file /opt/airflow/dags/sdp_pipeline_dag.py for tasks to queue
[2026-07-17T05:46:23.834+0000] {logging_mixin.py:188} INFO - [2026-07-17T05:46:23.834+0000] {dagbag.py:540} INFO - Filling up the DagBag from /opt/airflow/dags/sdp_pipeline_dag.py
[2026-07-17T05:46:23.854+0000] {processor.py:840} INFO - DAG(s) 'e-commerce_kafka_streaming_pipeline_v1' retrieved from /opt/airflow/dags/sdp_pipeline_dag.py
[2026-07-17T05:46:23.885+0000] {logging_mixin.py:188} INFO - [2026-07-17T05:46:23.885+0000] {dag.py:3096} INFO - Sync 1 DAGs
[2026-07-17T05:46:23.908+0000] {logging_mixin.py:188} INFO - [2026-07-17T05:46:23.908+0000] {dag.py:3954} INFO - Setting next_dagrun for e-commerce_kafka_streaming_pipeline_v1 to 2026-07-17 05:00:00+00:00, run_after=2026-07-17 06:00:00+00:00
[2026-07-17T05:46:23.932+0000] {processor.py:183} INFO - Processing /opt/airflow/dags/sdp_pipeline_dag.py took 0.109 seconds
[2026-07-17T05:46:54.044+0000] {processor.py:161} INFO - Started process (PID=2926) to work on /opt/airflow/dags/sdp_pipeline_dag.py
[2026-07-17T05:46:54.046+0000] {processor.py:830} INFO - Processing file /opt/airflow/dags/sdp_pipeline_dag.py for tasks to queue
[2026-07-17T05:46:54.048+0000] {logging_mixin.py:188} INFO - [2026-07-17T05:46:54.047+0000] {dagbag.py:540} INFO - Filling up the DagBag from /opt/airflow/dags/sdp_pipeline_dag.py
[2026-07-17T05:46:54.071+0000] {processor.py:840} INFO - DAG(s) 'e-commerce_kafka_streaming_pipeline_v1' retrieved from /opt/airflow/dags/sdp_pipeline_dag.py
[2026-07-17T05:46:54.108+0000] {logging_mixin.py:188} INFO - [2026-07-17T05:46:54.108+0000] {dag.py:3096} INFO - Sync 1 DAGs
[2026-07-17T05:46:54.143+0000] {logging_mixin.py:188} INFO - [2026-07-17T05:46:54.143+0000] {dag.py:3954} INFO - Setting next_dagrun for e-commerce_kafka_streaming_pipeline_v1 to 2026-07-17 05:00:00+00:00, run_after=2026-07-17 06:00:00+00:00
[2026-07-17T05:46:54.168+0000] {processor.py:183} INFO - Processing /opt/airflow/dags/sdp_pipeline_dag.py took 0.132 seconds
[2026-07-17T05:47:24.419+0000] {processor.py:161} INFO - Started process (PID=2931) to work on /opt/airflow/dags/sdp_pipeline_dag.py
[2026-07-17T05:47:24.421+0000] {processor.py:830} INFO - Processing file /opt/airflow/dags/sdp_pipeline_dag.py for tasks to queue
[2026-07-17T05:47:24.424+0000] {logging_mixin.py:188} INFO - [2026-07-17T05:47:24.423+0000] {dagbag.py:540} INFO - Filling up the DagBag from /opt/airflow/dags/sdp_pipeline_dag.py
[2026-07-17T05:47:24.461+0000] {processor.py:840} INFO - DAG(s) 'e-commerce_kafka_streaming_pipeline_v1' retrieved from /opt/airflow/dags/sdp_pipeline_dag.py
[2026-07-17T05:47:24.528+0000] {logging_mixin.py:188} INFO - [2026-07-17T05:47:24.528+0000] {dag.py:3096} INFO - Sync 1 DAGs
[2026-07-17T05:47:24.582+0000] {logging_mixin.py:188} INFO - [2026-07-17T05:47:24.581+0000] {dag.py:3954} INFO - Setting next_dagrun for e-commerce_kafka_streaming_pipeline_v1 to 2026-07-17 05:00:00+00:00, run_after=2026-07-17 06:00:00+00:00
[2026-07-17T05:47:24.630+0000] {processor.py:183} INFO - Processing /opt/airflow/dags/sdp_pipeline_dag.py took 0.224 seconds
[2026-07-17T05:47:54.852+0000] {processor.py:161} INFO - Started process (PID=2936) to work on /opt/airflow/dags/sdp_pipeline_dag.py
[2026-07-17T05:47:54.853+0000] {processor.py:830} INFO - Processing file /opt/airflow/dags/sdp_pipeline_dag.py for tasks to queue
[2026-07-17T05:47:54.855+0000] {logging_mixin.py:188} INFO - [2026-07-17T05:47:54.854+0000] {dagbag.py:540} INFO - Filling up the DagBag from /opt/airflow/dags/sdp_pipeline_dag.py
[2026-07-17T05:47:54.893+0000] {processor.py:840} INFO - DAG(s) 'e-commerce_kafka_streaming_pipeline_v1' retrieved from /opt/airflow/dags/sdp_pipeline_dag.py
[2026-07-17T05:47:54.926+0000] {logging_mixin.py:188} INFO - [2026-07-17T05:47:54.926+0000] {dag.py:3096} INFO - Sync 1 DAGs
[2026-07-17T05:47:54.954+0000] {logging_mixin.py:188} INFO - [2026-07-17T05:47:54.954+0000] {dag.py:3954} INFO - Setting next_dagrun for e-commerce_kafka_streaming_pipeline_v1 to 2026-07-17 05:00:00+00:00, run_after=2026-07-17 06:00:00+00:00
[2026-07-17T05:47:54.975+0000] {processor.py:183} INFO - Processing /opt/airflow/dags/sdp_pipeline_dag.py took 0.131 seconds
[2026-07-17T05:48:25.165+0000] {processor.py:161} INFO - Started process (PID=2941) to work on /opt/airflow/dags/sdp_pipeline_dag.py
[2026-07-17T05:48:25.167+0000] {processor.py:830} INFO - Processing file /opt/airflow/dags/sdp_pipeline_dag.py for tasks to queue
[2026-07-17T05:48:25.170+0000] {logging_mixin.py:188} INFO - [2026-07-17T05:48:25.169+0000] {dagbag.py:540} INFO - Filling up the DagBag from /opt/airflow/dags/sdp_pipeline_dag.py
[2026-07-17T05:48:25.195+0000] {processor.py:840} INFO - DAG(s) 'e-commerce_kafka_streaming_pipeline_v1' retrieved from /opt/airflow/dags/sdp_pipeline_dag.py
[2026-07-17T05:48:25.254+0000] {logging_mixin.py:188} INFO - [2026-07-17T05:48:25.254+0000] {dag.py:3096} INFO - Sync 1 DAGs
[2026-07-17T05:48:25.311+0000] {logging_mixin.py:188} INFO - [2026-07-17T05:48:25.311+0000] {dag.py:3954} INFO - Setting next_dagrun for e-commerce_kafka_streaming_pipeline_v1 to 2026-07-17 05:00:00+00:00, run_after=2026-07-17 06:00:00+00:00
[2026-07-17T05:48:25.342+0000] {processor.py:183} INFO - Processing /opt/airflow/dags/sdp_pipeline_dag.py took 0.190 seconds
[2026-07-17T05:48:55.580+0000] {processor.py:161} INFO - Started process (PID=2962) to work on /opt/airflow/dags/sdp_pipeline_dag.py
[2026-07-17T05:48:55.584+0000] {processor.py:830} INFO - Processing file /opt/airflow/dags/sdp_pipeline_dag.py for tasks to queue
[2026-07-17T05:48:55.587+0000] {logging_mixin.py:188} INFO - [2026-07-17T05:48:55.586+0000] {dagbag.py:540} INFO - Filling up the DagBag from /opt/airflow/dags/sdp_pipeline_dag.py
[2026-07-17T05:48:55.675+0000] {processor.py:840} INFO - DAG(s) 'e-commerce_kafka_streaming_pipeline_v1' retrieved from /opt/airflow/dags/sdp_pipeline_dag.py
[2026-07-17T05:48:55.762+0000] {logging_mixin.py:188} INFO - [2026-07-17T05:48:55.761+0000] {dag.py:3096} INFO - Sync 1 DAGs
[2026-07-17T05:48:55.814+0000] {logging_mixin.py:188} INFO - [2026-07-17T05:48:55.814+0000] {dag.py:3954} INFO - Setting next_dagrun for e-commerce_kafka_streaming_pipeline_v1 to 2026-07-17 05:00:00+00:00, run_after=2026-07-17 06:00:00+00:00
[2026-07-17T05:48:55.855+0000] {processor.py:183} INFO - Processing /opt/airflow/dags/sdp_pipeline_dag.py took 0.286 seconds
[2026-07-17T05:49:26.169+0000] {processor.py:161} INFO - Started process (PID=2967) to work on /opt/airflow/dags/sdp_pipeline_dag.py
[2026-07-17T05:49:26.175+0000] {processor.py:830} INFO - Processing file /opt/airflow/dags/sdp_pipeline_dag.py for tasks to queue
[2026-07-17T05:49:26.179+0000] {logging_mixin.py:188} INFO - [2026-07-17T05:49:26.178+0000] {dagbag.py:540} INFO - Filling up the DagBag from /opt/airflow/dags/sdp_pipeline_dag.py
[2026-07-17T05:49:26.219+0000] {processor.py:840} INFO - DAG(s) 'e-commerce_kafka_streaming_pipeline_v1' retrieved from /opt/airflow/dags/sdp_pipeline_dag.py
[2026-07-17T05:49:26.281+0000] {logging_mixin.py:188} INFO - [2026-07-17T05:49:26.281+0000] {dag.py:3096} INFO - Sync 1 DAGs
[2026-07-17T05:49:26.335+0000] {logging_mixin.py:188} INFO - [2026-07-17T05:49:26.334+0000] {dag.py:3954} INFO - Setting next_dagrun for e-commerce_kafka_streaming_pipeline_v1 to 2026-07-17 05:00:00+00:00, run_after=2026-07-17 06:00:00+00:00
[2026-07-17T05:49:26.376+0000] {processor.py:183} INFO - Processing /opt/airflow/dags/sdp_pipeline_dag.py took 0.222 seconds
[2026-07-17T05:49:56.692+0000] {processor.py:161} INFO - Started process (PID=2972) to work on /opt/airflow/dags/sdp_pipeline_dag.py
[2026-07-17T05:49:56.704+0000] {processor.py:830} INFO - Processing file /opt/airflow/dags/sdp_pipeline_dag.py for tasks to queue
[2026-07-17T05:49:56.726+0000] {logging_mixin.py:188} INFO - [2026-07-17T05:49:56.725+0000] {dagbag.py:540} INFO - Filling up the DagBag from /opt/airflow/dags/sdp_pipeline_dag.py
[2026-07-17T05:49:57.117+0000] {processor.py:840} INFO - DAG(s) 'e-commerce_kafka_streaming_pipeline_v1' retrieved from /opt/airflow/dags/sdp_pipeline_dag.py
[2026-07-17T05:49:57.285+0000] {logging_mixin.py:188} INFO - [2026-07-17T05:49:57.284+0000] {dag.py:3096} INFO - Sync 1 DAGs
[2026-07-17T05:49:57.389+0000] {logging_mixin.py:188} INFO - [2026-07-17T05:49:57.388+0000] {dag.py:3954} INFO - Setting next_dagrun for e-commerce_kafka_streaming_pipeline_v1 to 2026-07-17 05:00:00+00:00, run_after=2026-07-17 06:00:00+00:00
[2026-07-17T05:49:57.454+0000] {processor.py:183} INFO - Processing /opt/airflow/dags/sdp_pipeline_dag.py took 0.804 seconds
[2026-07-17T05:50:27.994+0000] {processor.py:161} INFO - Started process (PID=2977) to work on /opt/airflow/dags/sdp_pipeline_dag.py
[2026-07-17T05:50:27.997+0000] {processor.py:830} INFO - Processing file /opt/airflow/dags/sdp_pipeline_dag.py for tasks to queue
[2026-07-17T05:50:28.001+0000] {logging_mixin.py:188} INFO - [2026-07-17T05:50:28.000+0000] {dagbag.py:540} INFO - Filling up the DagBag from /opt/airflow/dags/sdp_pipeline_dag.py
[2026-07-17T05:50:28.081+0000] {processor.py:840} INFO - DAG(s) 'e-commerce_kafka_streaming_pipeline_v1' retrieved from /opt/airflow/dags/sdp_pipeline_dag.py
[2026-07-17T05:50:28.204+0000] {logging_mixin.py:188} INFO - [2026-07-17T05:50:28.204+0000] {dag.py:3096} INFO - Sync 1 DAGs
[2026-07-17T05:50:28.295+0000] {logging_mixin.py:188} INFO - [2026-07-17T05:50:28.294+0000] {dag.py:3954} INFO - Setting next_dagrun for e-commerce_kafka_streaming_pipeline_v1 to 2026-07-17 05:00:00+00:00, run_after=2026-07-17 06:00:00+00:00
[2026-07-17T05:50:28.350+0000] {processor.py:183} INFO - Processing /opt/airflow/dags/sdp_pipeline_dag.py took 0.381 seconds
[2026-07-17T06:01:58.397+0000] {processor.py:161} INFO - Started process (PID=2988) to work on /opt/airflow/dags/sdp_pipeline_dag.py
[2026-07-17T06:01:58.398+0000] {processor.py:830} INFO - Processing file /opt/airflow/dags/sdp_pipeline_dag.py for tasks to queue
[2026-07-17T06:01:58.400+0000] {logging_mixin.py:188} INFO - [2026-07-17T06:01:58.399+0000] {dagbag.py:540} INFO - Filling up the DagBag from /opt/airflow/dags/sdp_pipeline_dag.py
[2026-07-17T06:01:58.417+0000] {processor.py:840} INFO - DAG(s) 'e-commerce_kafka_streaming_pipeline_v1' retrieved from /opt/airflow/dags/sdp_pipeline_dag.py
[2026-07-17T06:01:58.443+0000] {logging_mixin.py:188} INFO - [2026-07-17T06:01:58.443+0000] {dag.py:3096} INFO - Sync 1 DAGs
[2026-07-17T06:01:58.464+0000] {logging_mixin.py:188} INFO - [2026-07-17T06:01:58.464+0000] {dag.py:3954} INFO - Setting next_dagrun for e-commerce_kafka_streaming_pipeline_v1 to 2026-07-17 05:00:00+00:00, run_after=2026-07-17 06:00:00+00:00
[2026-07-17T06:01:58.484+0000] {processor.py:183} INFO - Processing /opt/airflow/dags/sdp_pipeline_dag.py took 0.094 seconds
[2026-07-17T06:02:28.813+0000] {processor.py:161} INFO - Started process (PID=3012) to work on /opt/airflow/dags/sdp_pipeline_dag.py
[2026-07-17T06:02:28.815+0000] {processor.py:830} INFO - Processing file /opt/airflow/dags/sdp_pipeline_dag.py for tasks to queue
[2026-07-17T06:02:28.818+0000] {logging_mixin.py:188} INFO - [2026-07-17T06:02:28.817+0000] {dagbag.py:540} INFO - Filling up the DagBag from /opt/airflow/dags/sdp_pipeline_dag.py
[2026-07-17T06:02:28.843+0000] {processor.py:840} INFO - DAG(s) 'e-commerce_kafka_streaming_pipeline_v1' retrieved from /opt/airflow/dags/sdp_pipeline_dag.py
[2026-07-17T06:02:28.884+0000] {logging_mixin.py:188} INFO - [2026-07-17T06:02:28.884+0000] {dag.py:3096} INFO - Sync 1 DAGs
[2026-07-17T06:02:28.920+0000] {logging_mixin.py:188} INFO - [2026-07-17T06:02:28.919+0000] {dag.py:3954} INFO - Setting next_dagrun for e-commerce_kafka_streaming_pipeline_v1 to 2026-07-17 06:00:00+00:00, run_after=2026-07-17 07:00:00+00:00
[2026-07-17T06:02:28.944+0000] {processor.py:183} INFO - Processing /opt/airflow/dags/sdp_pipeline_dag.py took 0.142 seconds
[2026-07-17T06:02:59.060+0000] {processor.py:161} INFO - Started process (PID=3021) to work on /opt/airflow/dags/sdp_pipeline_dag.py
[2026-07-17T06:02:59.063+0000] {processor.py:830} INFO - Processing file /opt/airflow/dags/sdp_pipeline_dag.py for tasks to queue
[2026-07-17T06:02:59.066+0000] {logging_mixin.py:188} INFO - [2026-07-17T06:02:59.065+0000] {dagbag.py:540} INFO - Filling up the DagBag from /opt/airflow/dags/sdp_pipeline_dag.py
[2026-07-17T06:02:59.097+0000] {processor.py:840} INFO - DAG(s) 'e-commerce_kafka_streaming_pipeline_v1' retrieved from /opt/airflow/dags/sdp_pipeline_dag.py
[2026-07-17T06:02:59.151+0000] {logging_mixin.py:188} INFO - [2026-07-17T06:02:59.150+0000] {dag.py:3096} INFO - Sync 1 DAGs
[2026-07-17T06:02:59.216+0000] {logging_mixin.py:188} INFO - [2026-07-17T06:02:59.216+0000] {dag.py:3954} INFO - Setting next_dagrun for e-commerce_kafka_streaming_pipeline_v1 to 2026-07-17 06:00:00+00:00, run_after=2026-07-17 07:00:00+00:00
[2026-07-17T06:02:59.267+0000] {processor.py:183} INFO - Processing /opt/airflow/dags/sdp_pipeline_dag.py took 0.219 seconds
[2026-07-17T06:03:30.493+0000] {processor.py:161} INFO - Started process (PID=3083) to work on /opt/airflow/dags/sdp_pipeline_dag.py
[2026-07-17T06:03:30.497+0000] {processor.py:830} INFO - Processing file /opt/airflow/dags/sdp_pipeline_dag.py for tasks to queue
[2026-07-17T06:03:30.506+0000] {logging_mixin.py:188} INFO - [2026-07-17T06:03:30.505+0000] {dagbag.py:540} INFO - Filling up the DagBag from /opt/airflow/dags/sdp_pipeline_dag.py
[2026-07-17T06:03:30.704+0000] {processor.py:840} INFO - DAG(s) 'e-commerce_kafka_streaming_pipeline_v1' retrieved from /opt/airflow/dags/sdp_pipeline_dag.py
[2026-07-17T06:03:31.089+0000] {logging_mixin.py:188} INFO - [2026-07-17T06:03:31.084+0000] {dag.py:3096} INFO - Sync 1 DAGs
[2026-07-17T06:03:31.242+0000] {logging_mixin.py:188} INFO - [2026-07-17T06:03:31.242+0000] {dag.py:3954} INFO - Setting next_dagrun for e-commerce_kafka_streaming_pipeline_v1 to 2026-07-17 06:00:00+00:00, run_after=2026-07-17 07:00:00+00:00
[2026-07-17T06:03:31.328+0000] {processor.py:183} INFO - Processing /opt/airflow/dags/sdp_pipeline_dag.py took 1.010 seconds
[2026-07-17T06:04:32.645+0000] {processor.py:161} INFO - Started process (PID=3093) to work on /opt/airflow/dags/sdp_pipeline_dag.py
[2026-07-17T06:04:32.647+0000] {processor.py:830} INFO - Processing file /opt/airflow/dags/sdp_pipeline_dag.py for tasks to queue
[2026-07-17T06:04:32.654+0000] {logging_mixin.py:188} INFO - [2026-07-17T06:04:32.651+0000] {dagbag.py:540} INFO - Filling up the DagBag from /opt/airflow/dags/sdp_pipeline_dag.py
[2026-07-17T06:04:32.924+0000] {processor.py:840} INFO - DAG(s) 'e-commerce_kafka_streaming_pipeline_v1' retrieved from /opt/airflow/dags/sdp_pipeline_dag.py
[2026-07-17T06:04:33.530+0000] {logging_mixin.py:188} INFO - [2026-07-17T06:04:33.529+0000] {dag.py:3096} INFO - Sync 1 DAGs
[2026-07-17T06:04:33.975+0000] {logging_mixin.py:188} INFO - [2026-07-17T06:04:33.971+0000] {dag.py:3954} INFO - Setting next_dagrun for e-commerce_kafka_streaming_pipeline_v1 to 2026-07-17 06:00:00+00:00, run_after=2026-07-17 07:00:00+00:00
[2026-07-17T06:04:34.208+0000] {processor.py:183} INFO - Processing /opt/airflow/dags/sdp_pipeline_dag.py took 1.659 seconds
[2026-07-17T06:05:06.181+0000] {processor.py:161} INFO - Started process (PID=3099) to work on /opt/airflow/dags/sdp_pipeline_dag.py
[2026-07-17T06:05:06.199+0000] {processor.py:830} INFO - Processing file /opt/airflow/dags/sdp_pipeline_dag.py for tasks to queue
[2026-07-17T06:05:06.301+0000] {logging_mixin.py:188} INFO - [2026-07-17T06:05:06.237+0000] {dagbag.py:540} INFO - Filling up the DagBag from /opt/airflow/dags/sdp_pipeline_dag.py
[2026-07-17T06:05:08.193+0000] {processor.py:840} INFO - DAG(s) 'e-commerce_kafka_streaming_pipeline_v1' retrieved from /opt/airflow/dags/sdp_pipeline_dag.py
[2026-07-17T06:07:06.533+0000] {processor.py:161} INFO - Started process (PID=3106) to work on /opt/airflow/dags/sdp_pipeline_dag.py
[2026-07-17T06:07:06.534+0000] {processor.py:830} INFO - Processing file /opt/airflow/dags/sdp_pipeline_dag.py for tasks to queue
[2026-07-17T06:07:06.535+0000] {logging_mixin.py:188} INFO - [2026-07-17T06:07:06.535+0000] {dagbag.py:540} INFO - Filling up the DagBag from /opt/airflow/dags/sdp_pipeline_dag.py
[2026-07-17T06:07:06.564+0000] {processor.py:840} INFO - DAG(s) 'e-commerce_kafka_streaming_pipeline_v1' retrieved from /opt/airflow/dags/sdp_pipeline_dag.py
[2026-07-17T06:07:07.231+0000] {logging_mixin.py:188} INFO - [2026-07-17T06:07:07.231+0000] {dag.py:3096} INFO - Sync 1 DAGs
[2026-07-17T06:07:07.325+0000] {logging_mixin.py:188} INFO - [2026-07-17T06:07:07.325+0000] {dag.py:3954} INFO - Setting next_dagrun for e-commerce_kafka_streaming_pipeline_v1 to 2026-07-17 06:00:00+00:00, run_after=2026-07-17 07:00:00+00:00
[2026-07-17T06:07:07.375+0000] {processor.py:183} INFO - Processing /opt/airflow/dags/sdp_pipeline_dag.py took 0.855 seconds
[2026-07-17T06:07:37.791+0000] {processor.py:161} INFO - Started process (PID=3123) to work on /opt/airflow/dags/sdp_pipeline_dag.py
[2026-07-17T06:07:37.797+0000] {processor.py:830} INFO - Processing file /opt/airflow/dags/sdp_pipeline_dag.py for tasks to queue
[2026-07-17T06:07:37.800+0000] {logging_mixin.py:188} INFO - [2026-07-17T06:07:37.799+0000] {dagbag.py:540} INFO - Filling up the DagBag from /opt/airflow/dags/sdp_pipeline_dag.py
[2026-07-17T06:07:37.847+0000] {processor.py:840} INFO - DAG(s) 'e-commerce_kafka_streaming_pipeline_v1' retrieved from /opt/airflow/dags/sdp_pipeline_dag.py
[2026-07-17T06:07:37.938+0000] {logging_mixin.py:188} INFO - [2026-07-17T06:07:37.937+0000] {dag.py:3096} INFO - Sync 1 DAGs
[2026-07-17T06:07:38.006+0000] {logging_mixin.py:188} INFO - [2026-07-17T06:07:38.005+0000] {dag.py:3954} INFO - Setting next_dagrun for e-commerce_kafka_streaming_pipeline_v1 to 2026-07-17 06:00:00+00:00, run_after=2026-07-17 07:00:00+00:00
[2026-07-17T06:07:38.057+0000] {processor.py:183} INFO - Processing /opt/airflow/dags/sdp_pipeline_dag.py took 0.286 seconds
[2026-07-17T06:08:08.280+0000] {processor.py:161} INFO - Started process (PID=3128) to work on /opt/airflow/dags/sdp_pipeline_dag.py
[2026-07-17T06:08:08.284+0000] {processor.py:830} INFO - Processing file /opt/airflow/dags/sdp_pipeline_dag.py for tasks to queue
[2026-07-17T06:08:08.286+0000] {logging_mixin.py:188} INFO - [2026-07-17T06:08:08.285+0000] {dagbag.py:540} INFO - Filling up the DagBag from /opt/airflow/dags/sdp_pipeline_dag.py
[2026-07-17T06:08:08.331+0000] {processor.py:840} INFO - DAG(s) 'e-commerce_kafka_streaming_pipeline_v1' retrieved from /opt/airflow/dags/sdp_pipeline_dag.py
[2026-07-17T06:08:08.409+0000] {logging_mixin.py:188} INFO - [2026-07-17T06:08:08.408+0000] {dag.py:3096} INFO - Sync 1 DAGs
[2026-07-17T06:08:08.472+0000] {logging_mixin.py:188} INFO - [2026-07-17T06:08:08.471+0000] {dag.py:3954} INFO - Setting next_dagrun for e-commerce_kafka_streaming_pipeline_v1 to 2026-07-17 06:00:00+00:00, run_after=2026-07-17 07:00:00+00:00
[2026-07-17T06:08:08.529+0000] {processor.py:183} INFO - Processing /opt/airflow/dags/sdp_pipeline_dag.py took 0.264 seconds
[2026-07-17T06:08:38.707+0000] {processor.py:161} INFO - Started process (PID=3134) to work on /opt/airflow/dags/sdp_pipeline_dag.py
[2026-07-17T06:08:38.708+0000] {processor.py:830} INFO - Processing file /opt/airflow/dags/sdp_pipeline_dag.py for tasks to queue
[2026-07-17T06:08:38.710+0000] {logging_mixin.py:188} INFO - [2026-07-17T06:08:38.709+0000] {dagbag.py:540} INFO - Filling up the DagBag from /opt/airflow/dags/sdp_pipeline_dag.py
[2026-07-17T06:08:38.736+0000] {processor.py:840} INFO - DAG(s) 'e-commerce_kafka_streaming_pipeline_v1' retrieved from /opt/airflow/dags/sdp_pipeline_dag.py
[2026-07-17T06:08:38.783+0000] {logging_mixin.py:188} INFO - [2026-07-17T06:08:38.783+0000] {dag.py:3096} INFO - Sync 1 DAGs
[2026-07-17T06:08:38.822+0000] {logging_mixin.py:188} INFO - [2026-07-17T06:08:38.821+0000] {dag.py:3954} INFO - Setting next_dagrun for e-commerce_kafka_streaming_pipeline_v1 to 2026-07-17 06:00:00+00:00, run_after=2026-07-17 07:00:00+00:00
[2026-07-17T06:08:38.862+0000] {processor.py:183} INFO - Processing /opt/airflow/dags/sdp_pipeline_dag.py took 0.165 seconds
[2026-07-17T06:09:14.992+0000] {processor.py:161} INFO - Started process (PID=3190) to work on /opt/airflow/dags/sdp_pipeline_dag.py
[2026-07-17T06:09:15.105+0000] {processor.py:830} INFO - Processing file /opt/airflow/dags/sdp_pipeline_dag.py for tasks to queue
[2026-07-17T06:09:15.279+0000] {logging_mixin.py:188} INFO - [2026-07-17T06:09:15.149+0000] {dagbag.py:540} INFO - Filling up the DagBag from /opt/airflow/dags/sdp_pipeline_dag.py
[2026-07-17T06:09:24.795+0000] {processor.py:840} INFO - DAG(s) 'e-commerce_kafka_streaming_pipeline_v1' retrieved from /opt/airflow/dags/sdp_pipeline_dag.py
[2026-07-17T06:09:26.791+0000] {logging_mixin.py:188} INFO - [2026-07-17T06:09:26.790+0000] {dag.py:3096} INFO - Sync 1 DAGs
[2026-07-17T06:09:27.532+0000] {logging_mixin.py:188} INFO - [2026-07-17T06:09:27.531+0000] {dag.py:3954} INFO - Setting next_dagrun for e-commerce_kafka_streaming_pipeline_v1 to 2026-07-17 06:00:00+00:00, run_after=2026-07-17 07:00:00+00:00
[2026-07-17T06:09:27.951+0000] {processor.py:183} INFO - Processing /opt/airflow/dags/sdp_pipeline_dag.py took 17.535 seconds
[2026-07-17T06:09:58.411+0000] {processor.py:161} INFO - Started process (PID=3212) to work on /opt/airflow/dags/sdp_pipeline_dag.py
[2026-07-17T06:09:58.421+0000] {processor.py:830} INFO - Processing file /opt/airflow/dags/sdp_pipeline_dag.py for tasks to queue
[2026-07-17T06:09:58.429+0000] {logging_mixin.py:188} INFO - [2026-07-17T06:09:58.426+0000] {dagbag.py:540} INFO - Filling up the DagBag from /opt/airflow/dags/sdp_pipeline_dag.py
[2026-07-17T06:09:58.575+0000] {processor.py:840} INFO - DAG(s) 'e-commerce_kafka_streaming_pipeline_v1' retrieved from /opt/airflow/dags/sdp_pipeline_dag.py
[2026-07-17T06:09:58.718+0000] {logging_mixin.py:188} INFO - [2026-07-17T06:09:58.718+0000] {dag.py:3096} INFO - Sync 1 DAGs
[2026-07-17T06:09:58.855+0000] {logging_mixin.py:188} INFO - [2026-07-17T06:09:58.855+0000] {dag.py:3954} INFO - Setting next_dagrun for e-commerce_kafka_streaming_pipeline_v1 to 2026-07-17 06:00:00+00:00, run_after=2026-07-17 07:00:00+00:00
[2026-07-17T06:09:58.940+0000] {processor.py:183} INFO - Processing /opt/airflow/dags/sdp_pipeline_dag.py took 0.675 seconds
[2026-07-17T06:14:48.248+0000] {processor.py:161} INFO - Started process (PID=3218) to work on /opt/airflow/dags/sdp_pipeline_dag.py
[2026-07-17T06:14:48.261+0000] {processor.py:830} INFO - Processing file /opt/airflow/dags/sdp_pipeline_dag.py for tasks to queue
[2026-07-17T06:14:48.297+0000] {logging_mixin.py:188} INFO - [2026-07-17T06:14:48.282+0000] {dagbag.py:540} INFO - Filling up the DagBag from /opt/airflow/dags/sdp_pipeline_dag.py
[2026-07-17T06:14:49.667+0000] {processor.py:840} INFO - DAG(s) 'e-commerce_kafka_streaming_pipeline_v1' retrieved from /opt/airflow/dags/sdp_pipeline_dag.py
[2026-07-17T06:14:50.674+0000] {logging_mixin.py:188} INFO - [2026-07-17T06:14:50.674+0000] {dag.py:3096} INFO - Sync 1 DAGs
[2026-07-17T06:14:51.762+0000] {logging_mixin.py:188} INFO - [2026-07-17T06:14:51.761+0000] {dag.py:3954} INFO - Setting next_dagrun for e-commerce_kafka_streaming_pipeline_v1 to 2026-07-17 06:00:00+00:00, run_after=2026-07-17 07:00:00+00:00
[2026-07-17T06:14:52.045+0000] {processor.py:183} INFO - Processing /opt/airflow/dags/sdp_pipeline_dag.py took 5.111 seconds
[2026-07-17T06:15:22.394+0000] {processor.py:161} INFO - Started process (PID=3224) to work on /opt/airflow/dags/sdp_pipeline_dag.py
[2026-07-17T06:15:22.396+0000] {processor.py:830} INFO - Processing file /opt/airflow/dags/sdp_pipeline_dag.py for tasks to queue
[2026-07-17T06:15:22.397+0000] {logging_mixin.py:188} INFO - [2026-07-17T06:15:22.397+0000] {dagbag.py:540} INFO - Filling up the DagBag from /opt/airflow/dags/sdp_pipeline_dag.py
[2026-07-17T06:15:22.417+0000] {processor.py:840} INFO - DAG(s) 'e-commerce_kafka_streaming_pipeline_v1' retrieved from /opt/airflow/dags/sdp_pipeline_dag.py
[2026-07-17T06:15:22.445+0000] {logging_mixin.py:188} INFO - [2026-07-17T06:15:22.445+0000] {dag.py:3096} INFO - Sync 1 DAGs
[2026-07-17T06:15:22.466+0000] {logging_mixin.py:188} INFO - [2026-07-17T06:15:22.466+0000] {dag.py:3954} INFO - Setting next_dagrun for e-commerce_kafka_streaming_pipeline_v1 to 2026-07-17 06:00:00+00:00, run_after=2026-07-17 07:00:00+00:00
[2026-07-17T06:15:22.486+0000] {processor.py:183} INFO - Processing /opt/airflow/dags/sdp_pipeline_dag.py took 0.098 seconds
[2026-07-17T06:15:52.615+0000] {processor.py:161} INFO - Started process (PID=3229) to work on /opt/airflow/dags/sdp_pipeline_dag.py
[2026-07-17T06:15:52.617+0000] {processor.py:830} INFO - Processing file /opt/airflow/dags/sdp_pipeline_dag.py for tasks to queue
[2026-07-17T06:15:52.618+0000] {logging_mixin.py:188} INFO - [2026-07-17T06:15:52.618+0000] {dagbag.py:540} INFO - Filling up the DagBag from /opt/airflow/dags/sdp_pipeline_dag.py
[2026-07-17T06:15:52.644+0000] {processor.py:840} INFO - DAG(s) 'e-commerce_kafka_streaming_pipeline_v1' retrieved from /opt/airflow/dags/sdp_pipeline_dag.py
[2026-07-17T06:15:52.675+0000] {logging_mixin.py:188} INFO - [2026-07-17T06:15:52.675+0000] {dag.py:3096} INFO - Sync 1 DAGs
[2026-07-17T06:15:52.699+0000] {logging_mixin.py:188} INFO - [2026-07-17T06:15:52.699+0000] {dag.py:3954} INFO - Setting next_dagrun for e-commerce_kafka_streaming_pipeline_v1 to 2026-07-17 06:00:00+00:00, run_after=2026-07-17 07:00:00+00:00
[2026-07-17T06:15:52.720+0000] {processor.py:183} INFO - Processing /opt/airflow/dags/sdp_pipeline_dag.py took 0.114 seconds
[2026-07-17T06:16:22.906+0000] {processor.py:161} INFO - Started process (PID=3234) to work on /opt/airflow/dags/sdp_pipeline_dag.py
[2026-07-17T06:16:22.907+0000] {processor.py:830} INFO - Processing file /opt/airflow/dags/sdp_pipeline_dag.py for tasks to queue
[2026-07-17T06:16:22.908+0000] {logging_mixin.py:188} INFO - [2026-07-17T06:16:22.908+0000] {dagbag.py:540} INFO - Filling up the DagBag from /opt/airflow/dags/sdp_pipeline_dag.py
[2026-07-17T06:16:22.931+0000] {processor.py:840} INFO - DAG(s) 'e-commerce_kafka_streaming_pipeline_v1' retrieved from /opt/airflow/dags/sdp_pipeline_dag.py
[2026-07-17T06:16:22.962+0000] {logging_mixin.py:188} INFO - [2026-07-17T06:16:22.962+0000] {dag.py:3096} INFO - Sync 1 DAGs
[2026-07-17T06:16:22.987+0000] {logging_mixin.py:188} INFO - [2026-07-17T06:16:22.987+0000] {dag.py:3954} INFO - Setting next_dagrun for e-commerce_kafka_streaming_pipeline_v1 to 2026-07-17 06:00:00+00:00, run_after=2026-07-17 07:00:00+00:00
[2026-07-17T06:16:23.007+0000] {processor.py:183} INFO - Processing /opt/airflow/dags/sdp_pipeline_dag.py took 0.108 seconds
[2026-07-17T06:16:53.122+0000] {processor.py:161} INFO - Started process (PID=3251) to work on /opt/airflow/dags/sdp_pipeline_dag.py
[2026-07-17T06:16:53.124+0000] {processor.py:830} INFO - Processing file /opt/airflow/dags/sdp_pipeline_dag.py for tasks to queue
[2026-07-17T06:16:53.125+0000] {logging_mixin.py:188} INFO - [2026-07-17T06:16:53.125+0000] {dagbag.py:540} INFO - Filling up the DagBag from /opt/airflow/dags/sdp_pipeline_dag.py
[2026-07-17T06:16:53.145+0000] {processor.py:840} INFO - DAG(s) 'e-commerce_kafka_streaming_pipeline_v1' retrieved from /opt/airflow/dags/sdp_pipeline_dag.py
[2026-07-17T06:16:53.180+0000] {logging_mixin.py:188} INFO - [2026-07-17T06:16:53.179+0000] {dag.py:3096} INFO - Sync 1 DAGs
[2026-07-17T06:16:53.218+0000] {logging_mixin.py:188} INFO - [2026-07-17T06:16:53.217+0000] {dag.py:3954} INFO - Setting next_dagrun for e-commerce_kafka_streaming_pipeline_v1 to 2026-07-17 06:00:00+00:00, run_after=2026-07-17 07:00:00+00:00
[2026-07-17T06:16:53.248+0000] {processor.py:183} INFO - Processing /opt/airflow/dags/sdp_pipeline_dag.py took 0.134 seconds
[2026-07-17T06:17:23.519+0000] {processor.py:161} INFO - Started process (PID=3256) to work on /opt/airflow/dags/sdp_pipeline_dag.py
[2026-07-17T06:17:23.522+0000] {processor.py:830} INFO - Processing file /opt/airflow/dags/sdp_pipeline_dag.py for tasks to queue
[2026-07-17T06:17:23.525+0000] {logging_mixin.py:188} INFO - [2026-07-17T06:17:23.524+0000] {dagbag.py:540} INFO - Filling up the DagBag from /opt/airflow/dags/sdp_pipeline_dag.py
[2026-07-17T06:17:23.570+0000] {processor.py:840} INFO - DAG(s) 'e-commerce_kafka_streaming_pipeline_v1' retrieved from /opt/airflow/dags/sdp_pipeline_dag.py
[2026-07-17T06:17:23.643+0000] {logging_mixin.py:188} INFO - [2026-07-17T06:17:23.642+0000] {dag.py:3096} INFO - Sync 1 DAGs
[2026-07-17T06:17:23.707+0000] {logging_mixin.py:188} INFO - [2026-07-17T06:17:23.706+0000] {dag.py:3954} INFO - Setting next_dagrun for e-commerce_kafka_streaming_pipeline_v1 to 2026-07-17 06:00:00+00:00, run_after=2026-07-17 07:00:00+00:00
[2026-07-17T06:17:23.759+0000] {processor.py:183} INFO - Processing /opt/airflow/dags/sdp_pipeline_dag.py took 0.262 seconds
[2026-07-17T06:17:53.839+0000] {processor.py:161} INFO - Started process (PID=3261) to work on /opt/airflow/dags/sdp_pipeline_dag.py
[2026-07-17T06:17:53.841+0000] {processor.py:830} INFO - Processing file /opt/airflow/dags/sdp_pipeline_dag.py for tasks to queue
[2026-07-17T06:17:53.843+0000] {logging_mixin.py:188} INFO - [2026-07-17T06:17:53.843+0000] {dagbag.py:540} INFO - Filling up the DagBag from /opt/airflow/dags/sdp_pipeline_dag.py
[2026-07-17T06:17:53.883+0000] {processor.py:840} INFO - DAG(s) 'e-commerce_kafka_streaming_pipeline_v1' retrieved from /opt/airflow/dags/sdp_pipeline_dag.py
[2026-07-17T06:17:53.954+0000] {logging_mixin.py:188} INFO - [2026-07-17T06:17:53.954+0000] {dag.py:3096} INFO - Sync 1 DAGs
[2026-07-17T06:17:54.015+0000] {logging_mixin.py:188} INFO - [2026-07-17T06:17:54.015+0000] {dag.py:3954} INFO - Setting next_dagrun for e-commerce_kafka_streaming_pipeline_v1 to 2026-07-17 06:00:00+00:00, run_after=2026-07-17 07:00:00+00:00
[2026-07-17T06:17:54.053+0000] {processor.py:183} INFO - Processing /opt/airflow/dags/sdp_pipeline_dag.py took 0.226 seconds
[2026-07-17T06:18:24.245+0000] {processor.py:161} INFO - Started process (PID=3266) to work on /opt/airflow/dags/sdp_pipeline_dag.py
[2026-07-17T06:18:24.247+0000] {processor.py:830} INFO - Processing file /opt/airflow/dags/sdp_pipeline_dag.py for tasks to queue
[2026-07-17T06:18:24.250+0000] {logging_mixin.py:188} INFO - [2026-07-17T06:18:24.249+0000] {dagbag.py:540} INFO - Filling up the DagBag from /opt/airflow/dags/sdp_pipeline_dag.py
[2026-07-17T06:18:24.278+0000] {processor.py:840} INFO - DAG(s) 'e-commerce_kafka_streaming_pipeline_v1' retrieved from /opt/airflow/dags/sdp_pipeline_dag.py
[2026-07-17T06:18:24.328+0000] {logging_mixin.py:188} INFO - [2026-07-17T06:18:24.327+0000] {dag.py:3096} INFO - Sync 1 DAGs
[2026-07-17T06:18:24.384+0000] {logging_mixin.py:188} INFO - [2026-07-17T06:18:24.384+0000] {dag.py:3954} INFO - Setting next_dagrun for e-commerce_kafka_streaming_pipeline_v1 to 2026-07-17 06:00:00+00:00, run_after=2026-07-17 07:00:00+00:00
[2026-07-17T06:18:24.410+0000] {processor.py:183} INFO - Processing /opt/airflow/dags/sdp_pipeline_dag.py took 0.172 seconds
[2026-07-17T06:18:54.586+0000] {processor.py:161} INFO - Started process (PID=3284) to work on /opt/airflow/dags/sdp_pipeline_dag.py
[2026-07-17T06:18:54.591+0000] {processor.py:830} INFO - Processing file /opt/airflow/dags/sdp_pipeline_dag.py for tasks to queue
[2026-07-17T06:18:54.596+0000] {logging_mixin.py:188} INFO - [2026-07-17T06:18:54.595+0000] {dagbag.py:540} INFO - Filling up the DagBag from /opt/airflow/dags/sdp_pipeline_dag.py
[2026-07-17T06:18:54.651+0000] {processor.py:840} INFO - DAG(s) 'e-commerce_kafka_streaming_pipeline_v1' retrieved from /opt/airflow/dags/sdp_pipeline_dag.py
[2026-07-17T06:18:54.746+0000] {logging_mixin.py:188} INFO - [2026-07-17T06:18:54.745+0000] {dag.py:3096} INFO - Sync 1 DAGs
[2026-07-17T06:18:54.837+0000] {logging_mixin.py:188} INFO - [2026-07-17T06:18:54.836+0000] {dag.py:3954} INFO - Setting next_dagrun for e-commerce_kafka_streaming_pipeline_v1 to 2026-07-17 06:00:00+00:00, run_after=2026-07-17 07:00:00+00:00
[2026-07-17T06:18:54.979+0000] {processor.py:183} INFO - Processing /opt/airflow/dags/sdp_pipeline_dag.py took 0.406 seconds
[2026-07-17T06:19:25.373+0000] {processor.py:161} INFO - Started process (PID=3289) to work on /opt/airflow/dags/sdp_pipeline_dag.py
[2026-07-17T06:19:25.376+0000] {processor.py:830} INFO - Processing file /opt/airflow/dags/sdp_pipeline_dag.py for tasks to queue
[2026-07-17T06:19:25.385+0000] {logging_mixin.py:188} INFO - [2026-07-17T06:19:25.384+0000] {dagbag.py:540} INFO - Filling up the DagBag from /opt/airflow/dags/sdp_pipeline_dag.py
[2026-07-17T06:19:25.446+0000] {processor.py:840} INFO - DAG(s) 'e-commerce_kafka_streaming_pipeline_v1' retrieved from /opt/airflow/dags/sdp_pipeline_dag.py
[2026-07-17T06:19:25.539+0000] {logging_mixin.py:188} INFO - [2026-07-17T06:19:25.539+0000] {dag.py:3096} INFO - Sync 1 DAGs
[2026-07-17T06:19:25.652+0000] {logging_mixin.py:188} INFO - [2026-07-17T06:19:25.652+0000] {dag.py:3954} INFO - Setting next_dagrun for e-commerce_kafka_streaming_pipeline_v1 to 2026-07-17 06:00:00+00:00, run_after=2026-07-17 07:00:00+00:00
[2026-07-17T06:19:25.738+0000] {processor.py:183} INFO - Processing /opt/airflow/dags/sdp_pipeline_dag.py took 0.384 seconds
[2026-07-17T06:19:56.419+0000] {processor.py:161} INFO - Started process (PID=3294) to work on /opt/airflow/dags/sdp_pipeline_dag.py
[2026-07-17T06:19:56.422+0000] {processor.py:830} INFO - Processing file /opt/airflow/dags/sdp_pipeline_dag.py for tasks to queue
[2026-07-17T06:19:56.425+0000] {logging_mixin.py:188} INFO - [2026-07-17T06:19:56.424+0000] {dagbag.py:540} INFO - Filling up the DagBag from /opt/airflow/dags/sdp_pipeline_dag.py
[2026-07-17T06:19:56.476+0000] {processor.py:840} INFO - DAG(s) 'e-commerce_kafka_streaming_pipeline_v1' retrieved from /opt/airflow/dags/sdp_pipeline_dag.py
[2026-07-17T06:19:56.565+0000] {logging_mixin.py:188} INFO - [2026-07-17T06:19:56.564+0000] {dag.py:3096} INFO - Sync 1 DAGs
[2026-07-17T06:19:56.638+0000] {logging_mixin.py:188} INFO - [2026-07-17T06:19:56.637+0000] {dag.py:3954} INFO - Setting next_dagrun for e-commerce_kafka_streaming_pipeline_v1 to 2026-07-17 06:00:00+00:00, run_after=2026-07-17 07:00:00+00:00
[2026-07-17T06:19:56.709+0000] {processor.py:183} INFO - Processing /opt/airflow/dags/sdp_pipeline_dag.py took 0.311 seconds
[2026-07-17T06:20:26.946+0000] {processor.py:161} INFO - Started process (PID=3299) to work on /opt/airflow/dags/sdp_pipeline_dag.py
[2026-07-17T06:20:26.950+0000] {processor.py:830} INFO - Processing file /opt/airflow/dags/sdp_pipeline_dag.py for tasks to queue
[2026-07-17T06:20:26.957+0000] {logging_mixin.py:188} INFO - [2026-07-17T06:20:26.954+0000] {dagbag.py:540} INFO - Filling up the DagBag from /opt/airflow/dags/sdp_pipeline_dag.py
[2026-07-17T06:20:27.038+0000] {processor.py:840} INFO - DAG(s) 'e-commerce_kafka_streaming_pipeline_v1' retrieved from /opt/airflow/dags/sdp_pipeline_dag.py
[2026-07-17T06:20:27.130+0000] {logging_mixin.py:188} INFO - [2026-07-17T06:20:27.129+0000] {dag.py:3096} INFO - Sync 1 DAGs
[2026-07-17T06:20:27.200+0000] {logging_mixin.py:188} INFO - [2026-07-17T06:20:27.199+0000] {dag.py:3954} INFO - Setting next_dagrun for e-commerce_kafka_streaming_pipeline_v1 to 2026-07-17 06:00:00+00:00, run_after=2026-07-17 07:00:00+00:00
[2026-07-17T06:20:27.258+0000] {processor.py:183} INFO - Processing /opt/airflow/dags/sdp_pipeline_dag.py took 0.336 seconds
[2026-07-17T06:20:57.506+0000] {processor.py:161} INFO - Started process (PID=3310) to work on /opt/airflow/dags/sdp_pipeline_dag.py
[2026-07-17T06:20:57.508+0000] {processor.py:830} INFO - Processing file /opt/airflow/dags/sdp_pipeline_dag.py for tasks to queue
[2026-07-17T06:20:57.509+0000] {logging_mixin.py:188} INFO - [2026-07-17T06:20:57.509+0000] {dagbag.py:540} INFO - Filling up the DagBag from /opt/airflow/dags/sdp_pipeline_dag.py
[2026-07-17T06:20:57.528+0000] {processor.py:840} INFO - DAG(s) 'e-commerce_kafka_streaming_pipeline_v1' retrieved from /opt/airflow/dags/sdp_pipeline_dag.py
[2026-07-17T06:20:57.554+0000] {logging_mixin.py:188} INFO - [2026-07-17T06:20:57.554+0000] {dag.py:3096} INFO - Sync 1 DAGs
[2026-07-17T06:20:57.575+0000] {logging_mixin.py:188} INFO - [2026-07-17T06:20:57.575+0000] {dag.py:3954} INFO - Setting next_dagrun for e-commerce_kafka_streaming_pipeline_v1 to 2026-07-17 06:00:00+00:00, run_after=2026-07-17 07:00:00+00:00
[2026-07-17T06:20:57.594+0000] {processor.py:183} INFO - Processing /opt/airflow/dags/sdp_pipeline_dag.py took 0.093 seconds
[2026-07-17T06:21:27.753+0000] {processor.py:161} INFO - Started process (PID=3315) to work on /opt/airflow/dags/sdp_pipeline_dag.py
[2026-07-17T06:21:27.754+0000] {processor.py:830} INFO - Processing file /opt/airflow/dags/sdp_pipeline_dag.py for tasks to queue
[2026-07-17T06:21:27.755+0000] {logging_mixin.py:188} INFO - [2026-07-17T06:21:27.755+0000] {dagbag.py:540} INFO - Filling up the DagBag from /opt/airflow/dags/sdp_pipeline_dag.py
[2026-07-17T06:21:27.776+0000] {processor.py:840} INFO - DAG(s) 'e-commerce_kafka_streaming_pipeline_v1' retrieved from /opt/airflow/dags/sdp_pipeline_dag.py
[2026-07-17T06:21:27.804+0000] {logging_mixin.py:188} INFO - [2026-07-17T06:21:27.803+0000] {dag.py:3096} INFO - Sync 1 DAGs
[2026-07-17T06:21:27.831+0000] {logging_mixin.py:188} INFO - [2026-07-17T06:21:27.831+0000] {dag.py:3954} INFO - Setting next_dagrun for e-commerce_kafka_streaming_pipeline_v1 to 2026-07-17 06:00:00+00:00, run_after=2026-07-17 07:00:00+00:00
[2026-07-17T06:21:27.857+0000] {processor.py:183} INFO - Processing /opt/airflow/dags/sdp_pipeline_dag.py took 0.111 seconds
[2026-07-17T06:21:58.064+0000] {processor.py:161} INFO - Started process (PID=3320) to work on /opt/airflow/dags/sdp_pipeline_dag.py
[2026-07-17T06:21:58.066+0000] {processor.py:830} INFO - Processing file /opt/airflow/dags/sdp_pipeline_dag.py for tasks to queue
[2026-07-17T06:21:58.067+0000] {logging_mixin.py:188} INFO - [2026-07-17T06:21:58.067+0000] {dagbag.py:540} INFO - Filling up the DagBag from /opt/airflow/dags/sdp_pipeline_dag.py
[2026-07-17T06:21:58.093+0000] {processor.py:840} INFO - DAG(s) 'e-commerce_kafka_streaming_pipeline_v1' retrieved from /opt/airflow/dags/sdp_pipeline_dag.py
[2026-07-17T06:21:58.131+0000] {logging_mixin.py:188} INFO - [2026-07-17T06:21:58.130+0000] {dag.py:3096} INFO - Sync 1 DAGs
[2026-07-17T06:21:58.160+0000] {logging_mixin.py:188} INFO - [2026-07-17T06:21:58.160+0000] {dag.py:3954} INFO - Setting next_dagrun for e-commerce_kafka_streaming_pipeline_v1 to 2026-07-17 06:00:00+00:00, run_after=2026-07-17 07:00:00+00:00
[2026-07-17T06:21:58.185+0000] {processor.py:183} INFO - Processing /opt/airflow/dags/sdp_pipeline_dag.py took 0.128 seconds
[2026-07-17T06:22:28.287+0000] {processor.py:161} INFO - Started process (PID=3325) to work on /opt/airflow/dags/sdp_pipeline_dag.py
[2026-07-17T06:22:28.288+0000] {processor.py:830} INFO - Processing file /opt/airflow/dags/sdp_pipeline_dag.py for tasks to queue
[2026-07-17T06:22:28.290+0000] {logging_mixin.py:188} INFO - [2026-07-17T06:22:28.290+0000] {dagbag.py:540} INFO - Filling up the DagBag from /opt/airflow/dags/sdp_pipeline_dag.py
[2026-07-17T06:22:28.312+0000] {processor.py:840} INFO - DAG(s) 'e-commerce_kafka_streaming_pipeline_v1' retrieved from /opt/airflow/dags/sdp_pipeline_dag.py
[2026-07-17T06:22:28.340+0000] {logging_mixin.py:188} INFO - [2026-07-17T06:22:28.340+0000] {dag.py:3096} INFO - Sync 1 DAGs
[2026-07-17T06:22:28.363+0000] {logging_mixin.py:188} INFO - [2026-07-17T06:22:28.363+0000] {dag.py:3954} INFO - Setting next_dagrun for e-commerce_kafka_streaming_pipeline_v1 to 2026-07-17 06:00:00+00:00, run_after=2026-07-17 07:00:00+00:00
[2026-07-17T06:22:28.382+0000] {processor.py:183} INFO - Processing /opt/airflow/dags/sdp_pipeline_dag.py took 0.103 seconds
[2026-07-17T06:22:58.515+0000] {processor.py:161} INFO - Started process (PID=3330) to work on /opt/airflow/dags/sdp_pipeline_dag.py
[2026-07-17T06:22:58.517+0000] {processor.py:830} INFO - Processing file /opt/airflow/dags/sdp_pipeline_dag.py for tasks to queue
[2026-07-17T06:22:58.518+0000] {logging_mixin.py:188} INFO - [2026-07-17T06:22:58.518+0000] {dagbag.py:540} INFO - Filling up the DagBag from /opt/airflow/dags/sdp_pipeline_dag.py
[2026-07-17T06:22:58.536+0000] {processor.py:840} INFO - DAG(s) 'e-commerce_kafka_streaming_pipeline_v1' retrieved from /opt/airflow/dags/sdp_pipeline_dag.py
[2026-07-17T06:22:58.563+0000] {logging_mixin.py:188} INFO - [2026-07-17T06:22:58.563+0000] {dag.py:3096} INFO - Sync 1 DAGs
[2026-07-17T06:22:58.585+0000] {logging_mixin.py:188} INFO - [2026-07-17T06:22:58.585+0000] {dag.py:3954} INFO - Setting next_dagrun for e-commerce_kafka_streaming_pipeline_v1 to 2026-07-17 06:00:00+00:00, run_after=2026-07-17 07:00:00+00:00
[2026-07-17T06:22:58.603+0000] {processor.py:183} INFO - Processing /opt/airflow/dags/sdp_pipeline_dag.py took 0.095 seconds
[2026-07-17T06:23:28.855+0000] {processor.py:161} INFO - Started process (PID=3335) to work on /opt/airflow/dags/sdp_pipeline_dag.py
[2026-07-17T06:23:28.857+0000] {processor.py:830} INFO - Processing file /opt/airflow/dags/sdp_pipeline_dag.py for tasks to queue
[2026-07-17T06:23:28.859+0000] {logging_mixin.py:188} INFO - [2026-07-17T06:23:28.858+0000] {dagbag.py:540} INFO - Filling up the DagBag from /opt/airflow/dags/sdp_pipeline_dag.py
[2026-07-17T06:23:28.886+0000] {processor.py:840} INFO - DAG(s) 'e-commerce_kafka_streaming_pipeline_v1' retrieved from /opt/airflow/dags/sdp_pipeline_dag.py
[2026-07-17T06:23:28.914+0000] {logging_mixin.py:188} INFO - [2026-07-17T06:23:28.914+0000] {dag.py:3096} INFO - Sync 1 DAGs
[2026-07-17T06:23:28.942+0000] {logging_mixin.py:188} INFO - [2026-07-17T06:23:28.942+0000] {dag.py:3954} INFO - Setting next_dagrun for e-commerce_kafka_streaming_pipeline_v1 to 2026-07-17 06:00:00+00:00, run_after=2026-07-17 07:00:00+00:00
[2026-07-17T06:23:28.963+0000] {processor.py:183} INFO - Processing /opt/airflow/dags/sdp_pipeline_dag.py took 0.114 seconds
[2026-07-17T06:23:59.091+0000] {processor.py:161} INFO - Started process (PID=3340) to work on /opt/airflow/dags/sdp_pipeline_dag.py
[2026-07-17T06:23:59.092+0000] {processor.py:830} INFO - Processing file /opt/airflow/dags/sdp_pipeline_dag.py for tasks to queue
[2026-07-17T06:23:59.094+0000] {logging_mixin.py:188} INFO - [2026-07-17T06:23:59.093+0000] {dagbag.py:540} INFO - Filling up the DagBag from /opt/airflow/dags/sdp_pipeline_dag.py
[2026-07-17T06:23:59.115+0000] {processor.py:840} INFO - DAG(s) 'e-commerce_kafka_streaming_pipeline_v1' retrieved from /opt/airflow/dags/sdp_pipeline_dag.py
[2026-07-17T06:23:59.143+0000] {logging_mixin.py:188} INFO - [2026-07-17T06:23:59.143+0000] {dag.py:3096} INFO - Sync 1 DAGs
[2026-07-17T06:23:59.164+0000] {logging_mixin.py:188} INFO - [2026-07-17T06:23:59.164+0000] {dag.py:3954} INFO - Setting next_dagrun for e-commerce_kafka_streaming_pipeline_v1 to 2026-07-17 06:00:00+00:00, run_after=2026-07-17 07:00:00+00:00
[2026-07-17T06:23:59.185+0000] {processor.py:183} INFO - Processing /opt/airflow/dags/sdp_pipeline_dag.py took 0.101 seconds
[2026-07-17T06:24:29.392+0000] {processor.py:161} INFO - Started process (PID=3345) to work on /opt/airflow/dags/sdp_pipeline_dag.py
[2026-07-17T06:24:29.393+0000] {processor.py:830} INFO - Processing file /opt/airflow/dags/sdp_pipeline_dag.py for tasks to queue
[2026-07-17T06:24:29.394+0000] {logging_mixin.py:188} INFO - [2026-07-17T06:24:29.394+0000] {dagbag.py:540} INFO - Filling up the DagBag from /opt/airflow/dags/sdp_pipeline_dag.py
[2026-07-17T06:24:29.414+0000] {processor.py:840} INFO - DAG(s) 'e-commerce_kafka_streaming_pipeline_v1' retrieved from /opt/airflow/dags/sdp_pipeline_dag.py
[2026-07-17T06:24:29.442+0000] {logging_mixin.py:188} INFO - [2026-07-17T06:24:29.441+0000] {dag.py:3096} INFO - Sync 1 DAGs
[2026-07-17T06:24:29.462+0000] {logging_mixin.py:188} INFO - [2026-07-17T06:24:29.462+0000] {dag.py:3954} INFO - Setting next_dagrun for e-commerce_kafka_streaming_pipeline_v1 to 2026-07-17 06:00:00+00:00, run_after=2026-07-17 07:00:00+00:00
[2026-07-17T06:24:29.480+0000] {processor.py:183} INFO - Processing /opt/airflow/dags/sdp_pipeline_dag.py took 0.095 seconds
[2026-07-17T06:24:59.657+0000] {processor.py:161} INFO - Started process (PID=3350) to work on /opt/airflow/dags/sdp_pipeline_dag.py
[2026-07-17T06:24:59.658+0000] {processor.py:830} INFO - Processing file /opt/airflow/dags/sdp_pipeline_dag.py for tasks to queue
[2026-07-17T06:24:59.659+0000] {logging_mixin.py:188} INFO - [2026-07-17T06:24:59.659+0000] {dagbag.py:540} INFO - Filling up the DagBag from /opt/airflow/dags/sdp_pipeline_dag.py
[2026-07-17T06:24:59.679+0000] {processor.py:840} INFO - DAG(s) 'e-commerce_kafka_streaming_pipeline_v1' retrieved from /opt/airflow/dags/sdp_pipeline_dag.py
[2026-07-17T06:24:59.707+0000] {logging_mixin.py:188} INFO - [2026-07-17T06:24:59.706+0000] {dag.py:3096} INFO - Sync 1 DAGs
[2026-07-17T06:24:59.727+0000] {logging_mixin.py:188} INFO - [2026-07-17T06:24:59.727+0000] {dag.py:3954} INFO - Setting next_dagrun for e-commerce_kafka_streaming_pipeline_v1 to 2026-07-17 06:00:00+00:00, run_after=2026-07-17 07:00:00+00:00
[2026-07-17T06:24:59.748+0000] {processor.py:183} INFO - Processing /opt/airflow/dags/sdp_pipeline_dag.py took 0.098 seconds
[2026-07-17T06:25:29.934+0000] {processor.py:161} INFO - Started process (PID=3355) to work on /opt/airflow/dags/sdp_pipeline_dag.py
[2026-07-17T06:25:29.936+0000] {processor.py:830} INFO - Processing file /opt/airflow/dags/sdp_pipeline_dag.py for tasks to queue
[2026-07-17T06:25:29.939+0000] {logging_mixin.py:188} INFO - [2026-07-17T06:25:29.938+0000] {dagbag.py:540} INFO - Filling up the DagBag from /opt/airflow/dags/sdp_pipeline_dag.py
[2026-07-17T06:25:29.969+0000] {processor.py:840} INFO - DAG(s) 'e-commerce_kafka_streaming_pipeline_v1' retrieved from /opt/airflow/dags/sdp_pipeline_dag.py
[2026-07-17T06:25:30.005+0000] {logging_mixin.py:188} INFO - [2026-07-17T06:25:30.005+0000] {dag.py:3096} INFO - Sync 1 DAGs
[2026-07-17T06:25:30.027+0000] {logging_mixin.py:188} INFO - [2026-07-17T06:25:30.027+0000] {dag.py:3954} INFO - Setting next_dagrun for e-commerce_kafka_streaming_pipeline_v1 to 2026-07-17 06:00:00+00:00, run_after=2026-07-17 07:00:00+00:00
[2026-07-17T06:25:30.045+0000] {processor.py:183} INFO - Processing /opt/airflow/dags/sdp_pipeline_dag.py took 0.123 seconds
[2026-07-17T06:26:00.149+0000] {processor.py:161} INFO - Started process (PID=3360) to work on /opt/airflow/dags/sdp_pipeline_dag.py
[2026-07-17T06:26:00.151+0000] {processor.py:830} INFO - Processing file /opt/airflow/dags/sdp_pipeline_dag.py for tasks to queue
[2026-07-17T06:26:00.152+0000] {logging_mixin.py:188} INFO - [2026-07-17T06:26:00.152+0000] {dagbag.py:540} INFO - Filling up the DagBag from /opt/airflow/dags/sdp_pipeline_dag.py
[2026-07-17T06:26:00.176+0000] {processor.py:840} INFO - DAG(s) 'e-commerce_kafka_streaming_pipeline_v1' retrieved from /opt/airflow/dags/sdp_pipeline_dag.py
[2026-07-17T06:26:00.218+0000] {logging_mixin.py:188} INFO - [2026-07-17T06:26:00.217+0000] {dag.py:3096} INFO - Sync 1 DAGs
[2026-07-17T06:26:00.241+0000] {logging_mixin.py:188} INFO - [2026-07-17T06:26:00.241+0000] {dag.py:3954} INFO - Setting next_dagrun for e-commerce_kafka_streaming_pipeline_v1 to 2026-07-17 06:00:00+00:00, run_after=2026-07-17 07:00:00+00:00
[2026-07-17T06:26:00.260+0000] {processor.py:183} INFO - Processing /opt/airflow/dags/sdp_pipeline_dag.py took 0.117 seconds
[2026-07-17T06:26:30.447+0000] {processor.py:161} INFO - Started process (PID=3365) to work on /opt/airflow/dags/sdp_pipeline_dag.py
[2026-07-17T06:26:30.448+0000] {processor.py:830} INFO - Processing file /opt/airflow/dags/sdp_pipeline_dag.py for tasks to queue
[2026-07-17T06:26:30.449+0000] {logging_mixin.py:188} INFO - [2026-07-17T06:26:30.449+0000] {dagbag.py:540} INFO - Filling up the DagBag from /opt/airflow/dags/sdp_pipeline_dag.py
[2026-07-17T06:26:30.467+0000] {processor.py:840} INFO - DAG(s) 'e-commerce_kafka_streaming_pipeline_v1' retrieved from /opt/airflow/dags/sdp_pipeline_dag.py
[2026-07-17T06:26:30.497+0000] {logging_mixin.py:188} INFO - [2026-07-17T06:26:30.497+0000] {dag.py:3096} INFO - Sync 1 DAGs
[2026-07-17T06:26:30.518+0000] {logging_mixin.py:188} INFO - [2026-07-17T06:26:30.518+0000] {dag.py:3954} INFO - Setting next_dagrun for e-commerce_kafka_streaming_pipeline_v1 to 2026-07-17 06:00:00+00:00, run_after=2026-07-17 07:00:00+00:00
[2026-07-17T06:26:30.536+0000] {processor.py:183} INFO - Processing /opt/airflow/dags/sdp_pipeline_dag.py took 0.094 seconds
[2026-07-17T06:27:00.655+0000] {processor.py:161} INFO - Started process (PID=3370) to work on /opt/airflow/dags/sdp_pipeline_dag.py
[2026-07-17T06:27:00.656+0000] {processor.py:830} INFO - Processing file /opt/airflow/dags/sdp_pipeline_dag.py for tasks to queue
[2026-07-17T06:27:00.658+0000] {logging_mixin.py:188} INFO - [2026-07-17T06:27:00.657+0000] {dagbag.py:540} INFO - Filling up the DagBag from /opt/airflow/dags/sdp_pipeline_dag.py
[2026-07-17T06:27:00.676+0000] {processor.py:840} INFO - DAG(s) 'e-commerce_kafka_streaming_pipeline_v1' retrieved from /opt/airflow/dags/sdp_pipeline_dag.py
[2026-07-17T06:27:00.705+0000] {logging_mixin.py:188} INFO - [2026-07-17T06:27:00.704+0000] {dag.py:3096} INFO - Sync 1 DAGs
[2026-07-17T06:27:00.726+0000] {logging_mixin.py:188} INFO - [2026-07-17T06:27:00.726+0000] {dag.py:3954} INFO - Setting next_dagrun for e-commerce_kafka_streaming_pipeline_v1 to 2026-07-17 06:00:00+00:00, run_after=2026-07-17 07:00:00+00:00
[2026-07-17T06:27:00.743+0000] {processor.py:183} INFO - Processing /opt/airflow/dags/sdp_pipeline_dag.py took 0.095 seconds
[2026-07-17T06:27:30.956+0000] {processor.py:161} INFO - Started process (PID=3375) to work on /opt/airflow/dags/sdp_pipeline_dag.py
[2026-07-17T06:27:30.957+0000] {processor.py:830} INFO - Processing file /opt/airflow/dags/sdp_pipeline_dag.py for tasks to queue
[2026-07-17T06:27:30.958+0000] {logging_mixin.py:188} INFO - [2026-07-17T06:27:30.958+0000] {dagbag.py:540} INFO - Filling up the DagBag from /opt/airflow/dags/sdp_pipeline_dag.py
[2026-07-17T06:27:30.978+0000] {processor.py:840} INFO - DAG(s) 'e-commerce_kafka_streaming_pipeline_v1' retrieved from /opt/airflow/dags/sdp_pipeline_dag.py
[2026-07-17T06:27:31.004+0000] {logging_mixin.py:188} INFO - [2026-07-17T06:27:31.004+0000] {dag.py:3096} INFO - Sync 1 DAGs
[2026-07-17T06:27:31.025+0000] {logging_mixin.py:188} INFO - [2026-07-17T06:27:31.025+0000] {dag.py:3954} INFO - Setting next_dagrun for e-commerce_kafka_streaming_pipeline_v1 to 2026-07-17 06:00:00+00:00, run_after=2026-07-17 07:00:00+00:00
[2026-07-17T06:27:31.045+0000] {processor.py:183} INFO - Processing /opt/airflow/dags/sdp_pipeline_dag.py took 0.096 seconds
[2026-07-17T06:28:01.204+0000] {processor.py:161} INFO - Started process (PID=3380) to work on /opt/airflow/dags/sdp_pipeline_dag.py
[2026-07-17T06:28:01.207+0000] {processor.py:830} INFO - Processing file /opt/airflow/dags/sdp_pipeline_dag.py for tasks to queue
[2026-07-17T06:28:01.209+0000] {logging_mixin.py:188} INFO - [2026-07-17T06:28:01.208+0000] {dagbag.py:540} INFO - Filling up the DagBag from /opt/airflow/dags/sdp_pipeline_dag.py
[2026-07-17T06:28:01.237+0000] {processor.py:840} INFO - DAG(s) 'e-commerce_kafka_streaming_pipeline_v1' retrieved from /opt/airflow/dags/sdp_pipeline_dag.py
[2026-07-17T06:28:01.269+0000] {logging_mixin.py:188} INFO - [2026-07-17T06:28:01.269+0000] {dag.py:3096} INFO - Sync 1 DAGs
[2026-07-17T06:28:01.290+0000] {logging_mixin.py:188} INFO - [2026-07-17T06:28:01.289+0000] {dag.py:3954} INFO - Setting next_dagrun for e-commerce_kafka_streaming_pipeline_v1 to 2026-07-17 06:00:00+00:00, run_after=2026-07-17 07:00:00+00:00
[2026-07-17T06:28:01.309+0000] {processor.py:183} INFO - Processing /opt/airflow/dags/sdp_pipeline_dag.py took 0.119 seconds
[2026-07-17T06:28:31.486+0000] {processor.py:161} INFO - Started process (PID=3385) to work on /opt/airflow/dags/sdp_pipeline_dag.py
[2026-07-17T06:28:31.488+0000] {processor.py:830} INFO - Processing file /opt/airflow/dags/sdp_pipeline_dag.py for tasks to queue
[2026-07-17T06:28:31.489+0000] {logging_mixin.py:188} INFO - [2026-07-17T06:28:31.488+0000] {dagbag.py:540} INFO - Filling up the DagBag from /opt/airflow/dags/sdp_pipeline_dag.py
[2026-07-17T06:28:31.509+0000] {processor.py:840} INFO - DAG(s) 'e-commerce_kafka_streaming_pipeline_v1' retrieved from /opt/airflow/dags/sdp_pipeline_dag.py
[2026-07-17T06:28:31.535+0000] {logging_mixin.py:188} INFO - [2026-07-17T06:28:31.535+0000] {dag.py:3096} INFO - Sync 1 DAGs
[2026-07-17T06:28:31.556+0000] {logging_mixin.py:188} INFO - [2026-07-17T06:28:31.556+0000] {dag.py:3954} INFO - Setting next_dagrun for e-commerce_kafka_streaming_pipeline_v1 to 2026-07-17 06:00:00+00:00, run_after=2026-07-17 07:00:00+00:00
[2026-07-17T06:28:31.577+0000] {processor.py:183} INFO - Processing /opt/airflow/dags/sdp_pipeline_dag.py took 0.098 seconds
[2026-07-17T06:29:01.766+0000] {processor.py:161} INFO - Started process (PID=3390) to work on /opt/airflow/dags/sdp_pipeline_dag.py
[2026-07-17T06:29:01.767+0000] {processor.py:830} INFO - Processing file /opt/airflow/dags/sdp_pipeline_dag.py for tasks to queue
[2026-07-17T06:29:01.768+0000] {logging_mixin.py:188} INFO - [2026-07-17T06:29:01.768+0000] {dagbag.py:540} INFO - Filling up the DagBag from /opt/airflow/dags/sdp_pipeline_dag.py
[2026-07-17T06:29:01.787+0000] {processor.py:840} INFO - DAG(s) 'e-commerce_kafka_streaming_pipeline_v1' retrieved from /opt/airflow/dags/sdp_pipeline_dag.py
[2026-07-17T06:29:01.815+0000] {logging_mixin.py:188} INFO - [2026-07-17T06:29:01.815+0000] {dag.py:3096} INFO - Sync 1 DAGs
[2026-07-17T06:29:01.836+0000] {logging_mixin.py:188} INFO - [2026-07-17T06:29:01.835+0000] {dag.py:3954} INFO - Setting next_dagrun for e-commerce_kafka_streaming_pipeline_v1 to 2026-07-17 06:00:00+00:00, run_after=2026-07-17 07:00:00+00:00
[2026-07-17T06:29:01.852+0000] {processor.py:183} INFO - Processing /opt/airflow/dags/sdp_pipeline_dag.py took 0.093 seconds
[2026-07-17T06:29:32.025+0000] {processor.py:161} INFO - Started process (PID=3395) to work on /opt/airflow/dags/sdp_pipeline_dag.py
[2026-07-17T06:29:32.026+0000] {processor.py:830} INFO - Processing file /opt/airflow/dags/sdp_pipeline_dag.py for tasks to queue
[2026-07-17T06:29:32.028+0000] {logging_mixin.py:188} INFO - [2026-07-17T06:29:32.028+0000] {dagbag.py:540} INFO - Filling up the DagBag from /opt/airflow/dags/sdp_pipeline_dag.py
[2026-07-17T06:29:32.051+0000] {processor.py:840} INFO - DAG(s) 'e-commerce_kafka_streaming_pipeline_v1' retrieved from /opt/airflow/dags/sdp_pipeline_dag.py
[2026-07-17T06:29:32.084+0000] {logging_mixin.py:188} INFO - [2026-07-17T06:29:32.084+0000] {dag.py:3096} INFO - Sync 1 DAGs
[2026-07-17T06:29:32.113+0000] {logging_mixin.py:188} INFO - [2026-07-17T06:29:32.113+0000] {dag.py:3954} INFO - Setting next_dagrun for e-commerce_kafka_streaming_pipeline_v1 to 2026-07-17 06:00:00+00:00, run_after=2026-07-17 07:00:00+00:00
[2026-07-17T06:29:32.132+0000] {processor.py:183} INFO - Processing /opt/airflow/dags/sdp_pipeline_dag.py took 0.117 seconds
[2026-07-17T06:30:02.352+0000] {processor.py:161} INFO - Started process (PID=3400) to work on /opt/airflow/dags/sdp_pipeline_dag.py
[2026-07-17T06:30:02.353+0000] {processor.py:830} INFO - Processing file /opt/airflow/dags/sdp_pipeline_dag.py for tasks to queue
[2026-07-17T06:30:02.356+0000] {logging_mixin.py:188} INFO - [2026-07-17T06:30:02.355+0000] {dagbag.py:540} INFO - Filling up the DagBag from /opt/airflow/dags/sdp_pipeline_dag.py
[2026-07-17T06:30:02.382+0000] {processor.py:840} INFO - DAG(s) 'e-commerce_kafka_streaming_pipeline_v1' retrieved from /opt/airflow/dags/sdp_pipeline_dag.py
[2026-07-17T06:30:02.419+0000] {logging_mixin.py:188} INFO - [2026-07-17T06:30:02.419+0000] {dag.py:3096} INFO - Sync 1 DAGs
[2026-07-17T06:30:02.446+0000] {logging_mixin.py:188} INFO - [2026-07-17T06:30:02.446+0000] {dag.py:3954} INFO - Setting next_dagrun for e-commerce_kafka_streaming_pipeline_v1 to 2026-07-17 06:00:00+00:00, run_after=2026-07-17 07:00:00+00:00
[2026-07-17T06:30:02.468+0000] {processor.py:183} INFO - Processing /opt/airflow/dags/sdp_pipeline_dag.py took 0.125 seconds
[2026-07-17T06:30:32.559+0000] {processor.py:161} INFO - Started process (PID=3405) to work on /opt/airflow/dags/sdp_pipeline_dag.py
[2026-07-17T06:30:32.561+0000] {processor.py:830} INFO - Processing file /opt/airflow/dags/sdp_pipeline_dag.py for tasks to queue
[2026-07-17T06:30:32.562+0000] {logging_mixin.py:188} INFO - [2026-07-17T06:30:32.562+0000] {dagbag.py:540} INFO - Filling up the DagBag from /opt/airflow/dags/sdp_pipeline_dag.py
[2026-07-17T06:30:32.583+0000] {processor.py:840} INFO - DAG(s) 'e-commerce_kafka_streaming_pipeline_v1' retrieved from /opt/airflow/dags/sdp_pipeline_dag.py
[2026-07-17T06:30:32.609+0000] {logging_mixin.py:188} INFO - [2026-07-17T06:30:32.609+0000] {dag.py:3096} INFO - Sync 1 DAGs
[2026-07-17T06:30:32.629+0000] {logging_mixin.py:188} INFO - [2026-07-17T06:30:32.628+0000] {dag.py:3954} INFO - Setting next_dagrun for e-commerce_kafka_streaming_pipeline_v1 to 2026-07-17 06:00:00+00:00, run_after=2026-07-17 07:00:00+00:00
[2026-07-17T06:30:32.648+0000] {processor.py:183} INFO - Processing /opt/airflow/dags/sdp_pipeline_dag.py took 0.095 seconds
[2026-07-17T06:31:02.875+0000] {processor.py:161} INFO - Started process (PID=3410) to work on /opt/airflow/dags/sdp_pipeline_dag.py
[2026-07-17T06:31:02.877+0000] {processor.py:830} INFO - Processing file /opt/airflow/dags/sdp_pipeline_dag.py for tasks to queue
[2026-07-17T06:31:02.878+0000] {logging_mixin.py:188} INFO - [2026-07-17T06:31:02.878+0000] {dagbag.py:540} INFO - Filling up the DagBag from /opt/airflow/dags/sdp_pipeline_dag.py
[2026-07-17T06:31:02.896+0000] {processor.py:840} INFO - DAG(s) 'e-commerce_kafka_streaming_pipeline_v1' retrieved from /opt/airflow/dags/sdp_pipeline_dag.py
[2026-07-17T06:31:02.923+0000] {logging_mixin.py:188} INFO - [2026-07-17T06:31:02.922+0000] {dag.py:3096} INFO - Sync 1 DAGs
[2026-07-17T06:31:02.943+0000] {logging_mixin.py:188} INFO - [2026-07-17T06:31:02.942+0000] {dag.py:3954} INFO - Setting next_dagrun for e-commerce_kafka_streaming_pipeline_v1 to 2026-07-17 06:00:00+00:00, run_after=2026-07-17 07:00:00+00:00
[2026-07-17T06:31:02.963+0000] {processor.py:183} INFO - Processing /opt/airflow/dags/sdp_pipeline_dag.py took 0.093 seconds
[2026-07-17T06:31:33.110+0000] {processor.py:161} INFO - Started process (PID=3415) to work on /opt/airflow/dags/sdp_pipeline_dag.py
[2026-07-17T06:31:33.112+0000] {processor.py:830} INFO - Processing file /opt/airflow/dags/sdp_pipeline_dag.py for tasks to queue
[2026-07-17T06:31:33.113+0000] {logging_mixin.py:188} INFO - [2026-07-17T06:31:33.113+0000] {dagbag.py:540} INFO - Filling up the DagBag from /opt/airflow/dags/sdp_pipeline_dag.py
[2026-07-17T06:31:33.142+0000] {processor.py:840} INFO - DAG(s) 'e-commerce_kafka_streaming_pipeline_v1' retrieved from /opt/airflow/dags/sdp_pipeline_dag.py
[2026-07-17T06:31:33.175+0000] {logging_mixin.py:188} INFO - [2026-07-17T06:31:33.175+0000] {dag.py:3096} INFO - Sync 1 DAGs
[2026-07-17T06:31:33.197+0000] {logging_mixin.py:188} INFO - [2026-07-17T06:31:33.197+0000] {dag.py:3954} INFO - Setting next_dagrun for e-commerce_kafka_streaming_pipeline_v1 to 2026-07-17 06:00:00+00:00, run_after=2026-07-17 07:00:00+00:00
[2026-07-17T06:31:33.216+0000] {processor.py:183} INFO - Processing /opt/airflow/dags/sdp_pipeline_dag.py took 0.115 seconds
[2026-07-17T06:32:03.383+0000] {processor.py:161} INFO - Started process (PID=3420) to work on /opt/airflow/dags/sdp_pipeline_dag.py
[2026-07-17T06:32:03.385+0000] {processor.py:830} INFO - Processing file /opt/airflow/dags/sdp_pipeline_dag.py for tasks to queue
[2026-07-17T06:32:03.387+0000] {logging_mixin.py:188} INFO - [2026-07-17T06:32:03.387+0000] {dagbag.py:540} INFO - Filling up the DagBag from /opt/airflow/dags/sdp_pipeline_dag.py
[2026-07-17T06:32:03.409+0000] {processor.py:840} INFO - DAG(s) 'e-commerce_kafka_streaming_pipeline_v1' retrieved from /opt/airflow/dags/sdp_pipeline_dag.py
[2026-07-17T06:32:03.439+0000] {logging_mixin.py:188} INFO - [2026-07-17T06:32:03.439+0000] {dag.py:3096} INFO - Sync 1 DAGs
[2026-07-17T06:32:03.463+0000] {logging_mixin.py:188} INFO - [2026-07-17T06:32:03.463+0000] {dag.py:3954} INFO - Setting next_dagrun for e-commerce_kafka_streaming_pipeline_v1 to 2026-07-17 06:00:00+00:00, run_after=2026-07-17 07:00:00+00:00
[2026-07-17T06:32:03.487+0000] {processor.py:183} INFO - Processing /opt/airflow/dags/sdp_pipeline_dag.py took 0.113 seconds
[2026-07-17T06:32:33.577+0000] {processor.py:161} INFO - Started process (PID=3425) to work on /opt/airflow/dags/sdp_pipeline_dag.py
[2026-07-17T06:32:33.579+0000] {processor.py:830} INFO - Processing file /opt/airflow/dags/sdp_pipeline_dag.py for tasks to queue
[2026-07-17T06:32:33.580+0000] {logging_mixin.py:188} INFO - [2026-07-17T06:32:33.580+0000] {dagbag.py:540} INFO - Filling up the DagBag from /opt/airflow/dags/sdp_pipeline_dag.py
[2026-07-17T06:32:33.602+0000] {processor.py:840} INFO - DAG(s) 'e-commerce_kafka_streaming_pipeline_v1' retrieved from /opt/airflow/dags/sdp_pipeline_dag.py
[2026-07-17T06:32:33.640+0000] {logging_mixin.py:188} INFO - [2026-07-17T06:32:33.639+0000] {dag.py:3096} INFO - Sync 1 DAGs
[2026-07-17T06:32:33.671+0000] {logging_mixin.py:188} INFO - [2026-07-17T06:32:33.670+0000] {dag.py:3954} INFO - Setting next_dagrun for e-commerce_kafka_streaming_pipeline_v1 to 2026-07-17 06:00:00+00:00, run_after=2026-07-17 07:00:00+00:00
[2026-07-17T06:32:33.699+0000] {processor.py:183} INFO - Processing /opt/airflow/dags/sdp_pipeline_dag.py took 0.130 seconds
[2026-07-17T06:33:03.900+0000] {processor.py:161} INFO - Started process (PID=3430) to work on /opt/airflow/dags/sdp_pipeline_dag.py
[2026-07-17T06:33:03.901+0000] {processor.py:830} INFO - Processing file /opt/airflow/dags/sdp_pipeline_dag.py for tasks to queue
[2026-07-17T06:33:03.903+0000] {logging_mixin.py:188} INFO - [2026-07-17T06:33:03.902+0000] {dagbag.py:540} INFO - Filling up the DagBag from /opt/airflow/dags/sdp_pipeline_dag.py
[2026-07-17T06:33:03.925+0000] {processor.py:840} INFO - DAG(s) 'e-commerce_kafka_streaming_pipeline_v1' retrieved from /opt/airflow/dags/sdp_pipeline_dag.py
[2026-07-17T06:33:03.952+0000] {logging_mixin.py:188} INFO - [2026-07-17T06:33:03.952+0000] {dag.py:3096} INFO - Sync 1 DAGs
[2026-07-17T06:33:03.972+0000] {logging_mixin.py:188} INFO - [2026-07-17T06:33:03.972+0000] {dag.py:3954} INFO - Setting next_dagrun for e-commerce_kafka_streaming_pipeline_v1 to 2026-07-17 06:00:00+00:00, run_after=2026-07-17 07:00:00+00:00
[2026-07-17T06:33:03.991+0000] {processor.py:183} INFO - Processing /opt/airflow/dags/sdp_pipeline_dag.py took 0.098 seconds
[2026-07-17T06:33:34.116+0000] {processor.py:161} INFO - Started process (PID=3435) to work on /opt/airflow/dags/sdp_pipeline_dag.py
[2026-07-17T06:33:34.118+0000] {processor.py:830} INFO - Processing file /opt/airflow/dags/sdp_pipeline_dag.py for tasks to queue
[2026-07-17T06:33:34.121+0000] {logging_mixin.py:188} INFO - [2026-07-17T06:33:34.120+0000] {dagbag.py:540} INFO - Filling up the DagBag from /opt/airflow/dags/sdp_pipeline_dag.py
[2026-07-17T06:33:34.141+0000] {processor.py:840} INFO - DAG(s) 'e-commerce_kafka_streaming_pipeline_v1' retrieved from /opt/airflow/dags/sdp_pipeline_dag.py
[2026-07-17T06:33:34.172+0000] {logging_mixin.py:188} INFO - [2026-07-17T06:33:34.172+0000] {dag.py:3096} INFO - Sync 1 DAGs
[2026-07-17T06:33:34.196+0000] {logging_mixin.py:188} INFO - [2026-07-17T06:33:34.196+0000] {dag.py:3954} INFO - Setting next_dagrun for e-commerce_kafka_streaming_pipeline_v1 to 2026-07-17 06:00:00+00:00, run_after=2026-07-17 07:00:00+00:00
[2026-07-17T06:33:34.222+0000] {processor.py:183} INFO - Processing /opt/airflow/dags/sdp_pipeline_dag.py took 0.114 seconds
[2026-07-17T06:34:04.393+0000] {processor.py:161} INFO - Started process (PID=3440) to work on /opt/airflow/dags/sdp_pipeline_dag.py
[2026-07-17T06:34:04.394+0000] {processor.py:830} INFO - Processing file /opt/airflow/dags/sdp_pipeline_dag.py for tasks to queue
[2026-07-17T06:34:04.395+0000] {logging_mixin.py:188} INFO - [2026-07-17T06:34:04.395+0000] {dagbag.py:540} INFO - Filling up the DagBag from /opt/airflow/dags/sdp_pipeline_dag.py
[2026-07-17T06:34:04.413+0000] {processor.py:840} INFO - DAG(s) 'e-commerce_kafka_streaming_pipeline_v1' retrieved from /opt/airflow/dags/sdp_pipeline_dag.py
[2026-07-17T06:34:04.439+0000] {logging_mixin.py:188} INFO - [2026-07-17T06:34:04.439+0000] {dag.py:3096} INFO - Sync 1 DAGs
[2026-07-17T06:34:04.460+0000] {logging_mixin.py:188} INFO - [2026-07-17T06:34:04.459+0000] {dag.py:3954} INFO - Setting next_dagrun for e-commerce_kafka_streaming_pipeline_v1 to 2026-07-17 06:00:00+00:00, run_after=2026-07-17 07:00:00+00:00
[2026-07-17T06:34:04.479+0000] {processor.py:183} INFO - Processing /opt/airflow/dags/sdp_pipeline_dag.py took 0.092 seconds
[2026-07-17T06:34:34.630+0000] {processor.py:161} INFO - Started process (PID=3445) to work on /opt/airflow/dags/sdp_pipeline_dag.py
[2026-07-17T06:34:34.631+0000] {processor.py:830} INFO - Processing file /opt/airflow/dags/sdp_pipeline_dag.py for tasks to queue
[2026-07-17T06:34:34.633+0000] {logging_mixin.py:188} INFO - [2026-07-17T06:34:34.633+0000] {dagbag.py:540} INFO - Filling up the DagBag from /opt/airflow/dags/sdp_pipeline_dag.py
[2026-07-17T06:34:34.652+0000] {processor.py:840} INFO - DAG(s) 'e-commerce_kafka_streaming_pipeline_v1' retrieved from /opt/airflow/dags/sdp_pipeline_dag.py
[2026-07-17T06:34:34.683+0000] {logging_mixin.py:188} INFO - [2026-07-17T06:34:34.683+0000] {dag.py:3096} INFO - Sync 1 DAGs
[2026-07-17T06:34:34.707+0000] {logging_mixin.py:188} INFO - [2026-07-17T06:34:34.706+0000] {dag.py:3954} INFO - Setting next_dagrun for e-commerce_kafka_streaming_pipeline_v1 to 2026-07-17 06:00:00+00:00, run_after=2026-07-17 07:00:00+00:00
[2026-07-17T06:34:34.742+0000] {processor.py:183} INFO - Processing /opt/airflow/dags/sdp_pipeline_dag.py took 0.120 seconds
[2026-07-17T06:35:04.962+0000] {processor.py:161} INFO - Started process (PID=3450) to work on /opt/airflow/dags/sdp_pipeline_dag.py
[2026-07-17T06:35:04.963+0000] {processor.py:830} INFO - Processing file /opt/airflow/dags/sdp_pipeline_dag.py for tasks to queue
[2026-07-17T06:35:04.964+0000] {logging_mixin.py:188} INFO - [2026-07-17T06:35:04.964+0000] {dagbag.py:540} INFO - Filling up the DagBag from /opt/airflow/dags/sdp_pipeline_dag.py
[2026-07-17T06:35:04.981+0000] {processor.py:840} INFO - DAG(s) 'e-commerce_kafka_streaming_pipeline_v1' retrieved from /opt/airflow/dags/sdp_pipeline_dag.py
[2026-07-17T06:35:05.007+0000] {logging_mixin.py:188} INFO - [2026-07-17T06:35:05.007+0000] {dag.py:3096} INFO - Sync 1 DAGs
[2026-07-17T06:35:05.035+0000] {logging_mixin.py:188} INFO - [2026-07-17T06:35:05.035+0000] {dag.py:3954} INFO - Setting next_dagrun for e-commerce_kafka_streaming_pipeline_v1 to 2026-07-17 06:00:00+00:00, run_after=2026-07-17 07:00:00+00:00
[2026-07-17T06:35:05.057+0000] {processor.py:183} INFO - Processing /opt/airflow/dags/sdp_pipeline_dag.py took 0.101 seconds
[2026-07-17T06:35:35.223+0000] {processor.py:161} INFO - Started process (PID=3455) to work on /opt/airflow/dags/sdp_pipeline_dag.py
[2026-07-17T06:35:35.225+0000] {processor.py:830} INFO - Processing file /opt/airflow/dags/sdp_pipeline_dag.py for tasks to queue
[2026-07-17T06:35:35.227+0000] {logging_mixin.py:188} INFO - [2026-07-17T06:35:35.227+0000] {dagbag.py:540} INFO - Filling up the DagBag from /opt/airflow/dags/sdp_pipeline_dag.py
[2026-07-17T06:35:35.253+0000] {processor.py:840} INFO - DAG(s) 'e-commerce_kafka_streaming_pipeline_v1' retrieved from /opt/airflow/dags/sdp_pipeline_dag.py
[2026-07-17T06:35:35.283+0000] {logging_mixin.py:188} INFO - [2026-07-17T06:35:35.283+0000] {dag.py:3096} INFO - Sync 1 DAGs
[2026-07-17T06:35:35.304+0000] {logging_mixin.py:188} INFO - [2026-07-17T06:35:35.304+0000] {dag.py:3954} INFO - Setting next_dagrun for e-commerce_kafka_streaming_pipeline_v1 to 2026-07-17 06:00:00+00:00, run_after=2026-07-17 07:00:00+00:00
[2026-07-17T06:35:35.322+0000] {processor.py:183} INFO - Processing /opt/airflow/dags/sdp_pipeline_dag.py took 0.106 seconds
[2026-07-17T06:36:05.454+0000] {processor.py:161} INFO - Started process (PID=3460) to work on /opt/airflow/dags/sdp_pipeline_dag.py
[2026-07-17T06:36:05.456+0000] {processor.py:830} INFO - Processing file /opt/airflow/dags/sdp_pipeline_dag.py for tasks to queue
[2026-07-17T06:36:05.458+0000] {logging_mixin.py:188} INFO - [2026-07-17T06:36:05.457+0000] {dagbag.py:540} INFO - Filling up the DagBag from /opt/airflow/dags/sdp_pipeline_dag.py
[2026-07-17T06:36:05.482+0000] {processor.py:840} INFO - DAG(s) 'e-commerce_kafka_streaming_pipeline_v1' retrieved from /opt/airflow/dags/sdp_pipeline_dag.py
[2026-07-17T06:36:05.538+0000] {logging_mixin.py:188} INFO - [2026-07-17T06:36:05.538+0000] {dag.py:3096} INFO - Sync 1 DAGs
[2026-07-17T06:36:05.586+0000] {logging_mixin.py:188} INFO - [2026-07-17T06:36:05.585+0000] {dag.py:3954} INFO - Setting next_dagrun for e-commerce_kafka_streaming_pipeline_v1 to 2026-07-17 06:00:00+00:00, run_after=2026-07-17 07:00:00+00:00
[2026-07-17T06:36:05.616+0000] {processor.py:183} INFO - Processing /opt/airflow/dags/sdp_pipeline_dag.py took 0.169 seconds
[2026-07-17T06:36:35.712+0000] {processor.py:161} INFO - Started process (PID=3465) to work on /opt/airflow/dags/sdp_pipeline_dag.py
[2026-07-17T06:36:35.714+0000] {processor.py:830} INFO - Processing file /opt/airflow/dags/sdp_pipeline_dag.py for tasks to queue
[2026-07-17T06:36:35.716+0000] {logging_mixin.py:188} INFO - [2026-07-17T06:36:35.715+0000] {dagbag.py:540} INFO - Filling up the DagBag from /opt/airflow/dags/sdp_pipeline_dag.py
[2026-07-17T06:36:35.767+0000] {processor.py:840} INFO - DAG(s) 'e-commerce_kafka_streaming_pipeline_v1' retrieved from /opt/airflow/dags/sdp_pipeline_dag.py
[2026-07-17T06:36:35.811+0000] {logging_mixin.py:188} INFO - [2026-07-17T06:36:35.811+0000] {dag.py:3096} INFO - Sync 1 DAGs
[2026-07-17T06:36:35.839+0000] {logging_mixin.py:188} INFO - [2026-07-17T06:36:35.838+0000] {dag.py:3954} INFO - Setting next_dagrun for e-commerce_kafka_streaming_pipeline_v1 to 2026-07-17 06:00:00+00:00, run_after=2026-07-17 07:00:00+00:00
[2026-07-17T06:36:35.861+0000] {processor.py:183} INFO - Processing /opt/airflow/dags/sdp_pipeline_dag.py took 0.156 seconds
[2026-07-17T06:37:06.019+0000] {processor.py:161} INFO - Started process (PID=3470) to work on /opt/airflow/dags/sdp_pipeline_dag.py
[2026-07-17T06:37:06.021+0000] {processor.py:830} INFO - Processing file /opt/airflow/dags/sdp_pipeline_dag.py for tasks to queue
[2026-07-17T06:37:06.023+0000] {logging_mixin.py:188} INFO - [2026-07-17T06:37:06.023+0000] {dagbag.py:540} INFO - Filling up the DagBag from /opt/airflow/dags/sdp_pipeline_dag.py
[2026-07-17T06:37:06.045+0000] {processor.py:840} INFO - DAG(s) 'e-commerce_kafka_streaming_pipeline_v1' retrieved from /opt/airflow/dags/sdp_pipeline_dag.py
[2026-07-17T06:37:06.071+0000] {logging_mixin.py:188} INFO - [2026-07-17T06:37:06.070+0000] {dag.py:3096} INFO - Sync 1 DAGs
[2026-07-17T06:37:06.090+0000] {logging_mixin.py:188} INFO - [2026-07-17T06:37:06.090+0000] {dag.py:3954} INFO - Setting next_dagrun for e-commerce_kafka_streaming_pipeline_v1 to 2026-07-17 06:00:00+00:00, run_after=2026-07-17 07:00:00+00:00
[2026-07-17T06:37:06.111+0000] {processor.py:183} INFO - Processing /opt/airflow/dags/sdp_pipeline_dag.py took 0.105 seconds
[2026-07-17T06:37:36.268+0000] {processor.py:161} INFO - Started process (PID=3475) to work on /opt/airflow/dags/sdp_pipeline_dag.py
[2026-07-17T06:37:36.270+0000] {processor.py:830} INFO - Processing file /opt/airflow/dags/sdp_pipeline_dag.py for tasks to queue
[2026-07-17T06:37:36.271+0000] {logging_mixin.py:188} INFO - [2026-07-17T06:37:36.270+0000] {dagbag.py:540} INFO - Filling up the DagBag from /opt/airflow/dags/sdp_pipeline_dag.py
[2026-07-17T06:37:36.289+0000] {processor.py:840} INFO - DAG(s) 'e-commerce_kafka_streaming_pipeline_v1' retrieved from /opt/airflow/dags/sdp_pipeline_dag.py
[2026-07-17T06:37:36.336+0000] {logging_mixin.py:188} INFO - [2026-07-17T06:37:36.336+0000] {dag.py:3096} INFO - Sync 1 DAGs
[2026-07-17T06:37:36.373+0000] {logging_mixin.py:188} INFO - [2026-07-17T06:37:36.373+0000] {dag.py:3954} INFO - Setting next_dagrun for e-commerce_kafka_streaming_pipeline_v1 to 2026-07-17 06:00:00+00:00, run_after=2026-07-17 07:00:00+00:00
[2026-07-17T06:37:36.391+0000] {processor.py:183} INFO - Processing /opt/airflow/dags/sdp_pipeline_dag.py took 0.130 seconds
[2026-07-17T06:38:06.556+0000] {processor.py:161} INFO - Started process (PID=3480) to work on /opt/airflow/dags/sdp_pipeline_dag.py
[2026-07-17T06:38:06.557+0000] {processor.py:830} INFO - Processing file /opt/airflow/dags/sdp_pipeline_dag.py for tasks to queue
[2026-07-17T06:38:06.559+0000] {logging_mixin.py:188} INFO - [2026-07-17T06:38:06.558+0000] {dagbag.py:540} INFO - Filling up the DagBag from /opt/airflow/dags/sdp_pipeline_dag.py
[2026-07-17T06:38:06.578+0000] {processor.py:840} INFO - DAG(s) 'e-commerce_kafka_streaming_pipeline_v1' retrieved from /opt/airflow/dags/sdp_pipeline_dag.py
[2026-07-17T06:38:06.606+0000] {logging_mixin.py:188} INFO - [2026-07-17T06:38:06.606+0000] {dag.py:3096} INFO - Sync 1 DAGs
[2026-07-17T06:38:06.626+0000] {logging_mixin.py:188} INFO - [2026-07-17T06:38:06.626+0000] {dag.py:3954} INFO - Setting next_dagrun for e-commerce_kafka_streaming_pipeline_v1 to 2026-07-17 06:00:00+00:00, run_after=2026-07-17 07:00:00+00:00
[2026-07-17T06:38:06.648+0000] {processor.py:183} INFO - Processing /opt/airflow/dags/sdp_pipeline_dag.py took 0.099 seconds
[2026-07-17T06:38:36.833+0000] {processor.py:161} INFO - Started process (PID=3485) to work on /opt/airflow/dags/sdp_pipeline_dag.py
[2026-07-17T06:38:36.835+0000] {processor.py:830} INFO - Processing file /opt/airflow/dags/sdp_pipeline_dag.py for tasks to queue
[2026-07-17T06:38:36.836+0000] {logging_mixin.py:188} INFO - [2026-07-17T06:38:36.836+0000] {dagbag.py:540} INFO - Filling up the DagBag from /opt/airflow/dags/sdp_pipeline_dag.py
[2026-07-17T06:38:36.854+0000] {processor.py:840} INFO - DAG(s) 'e-commerce_kafka_streaming_pipeline_v1' retrieved from /opt/airflow/dags/sdp_pipeline_dag.py
[2026-07-17T06:38:36.880+0000] {logging_mixin.py:188} INFO - [2026-07-17T06:38:36.880+0000] {dag.py:3096} INFO - Sync 1 DAGs
[2026-07-17T06:38:36.900+0000] {logging_mixin.py:188} INFO - [2026-07-17T06:38:36.900+0000] {dag.py:3954} INFO - Setting next_dagrun for e-commerce_kafka_streaming_pipeline_v1 to 2026-07-17 06:00:00+00:00, run_after=2026-07-17 07:00:00+00:00
[2026-07-17T06:38:36.918+0000] {processor.py:183} INFO - Processing /opt/airflow/dags/sdp_pipeline_dag.py took 0.093 seconds
[2026-07-17T06:39:07.091+0000] {processor.py:161} INFO - Started process (PID=3490) to work on /opt/airflow/dags/sdp_pipeline_dag.py
[2026-07-17T06:39:07.092+0000] {processor.py:830} INFO - Processing file /opt/airflow/dags/sdp_pipeline_dag.py for tasks to queue
[2026-07-17T06:39:07.093+0000] {logging_mixin.py:188} INFO - [2026-07-17T06:39:07.093+0000] {dagbag.py:540} INFO - Filling up the DagBag from /opt/airflow/dags/sdp_pipeline_dag.py
[2026-07-17T06:39:07.110+0000] {processor.py:840} INFO - DAG(s) 'e-commerce_kafka_streaming_pipeline_v1' retrieved from /opt/airflow/dags/sdp_pipeline_dag.py
[2026-07-17T06:39:07.136+0000] {logging_mixin.py:188} INFO - [2026-07-17T06:39:07.136+0000] {dag.py:3096} INFO - Sync 1 DAGs
[2026-07-17T06:39:07.157+0000] {logging_mixin.py:188} INFO - [2026-07-17T06:39:07.157+0000] {dag.py:3954} INFO - Setting next_dagrun for e-commerce_kafka_streaming_pipeline_v1 to 2026-07-17 06:00:00+00:00, run_after=2026-07-17 07:00:00+00:00
[2026-07-17T06:39:07.174+0000] {processor.py:183} INFO - Processing /opt/airflow/dags/sdp_pipeline_dag.py took 0.089 seconds
[2026-07-17T06:39:37.409+0000] {processor.py:161} INFO - Started process (PID=3495) to work on /opt/airflow/dags/sdp_pipeline_dag.py
[2026-07-17T06:39:37.410+0000] {processor.py:830} INFO - Processing file /opt/airflow/dags/sdp_pipeline_dag.py for tasks to queue
[2026-07-17T06:39:37.412+0000] {logging_mixin.py:188} INFO - [2026-07-17T06:39:37.411+0000] {dagbag.py:540} INFO - Filling up the DagBag from /opt/airflow/dags/sdp_pipeline_dag.py
[2026-07-17T06:39:37.432+0000] {processor.py:840} INFO - DAG(s) 'e-commerce_kafka_streaming_pipeline_v1' retrieved from /opt/airflow/dags/sdp_pipeline_dag.py
[2026-07-17T06:39:37.462+0000] {logging_mixin.py:188} INFO - [2026-07-17T06:39:37.461+0000] {dag.py:3096} INFO - Sync 1 DAGs
[2026-07-17T06:39:37.485+0000] {logging_mixin.py:188} INFO - [2026-07-17T06:39:37.485+0000] {dag.py:3954} INFO - Setting next_dagrun for e-commerce_kafka_streaming_pipeline_v1 to 2026-07-17 06:00:00+00:00, run_after=2026-07-17 07:00:00+00:00
[2026-07-17T06:39:37.504+0000] {processor.py:183} INFO - Processing /opt/airflow/dags/sdp_pipeline_dag.py took 0.102 seconds
[2026-07-17T08:18:37.153+0000] {processor.py:161} INFO - Started process (PID=3504) to work on /opt/airflow/dags/sdp_pipeline_dag.py
[2026-07-17T08:18:37.163+0000] {processor.py:830} INFO - Processing file /opt/airflow/dags/sdp_pipeline_dag.py for tasks to queue
[2026-07-17T08:18:37.173+0000] {logging_mixin.py:188} INFO - [2026-07-17T08:18:37.172+0000] {dagbag.py:540} INFO - Filling up the DagBag from /opt/airflow/dags/sdp_pipeline_dag.py
[2026-07-17T08:18:37.289+0000] {processor.py:840} INFO - DAG(s) 'e-commerce_kafka_streaming_pipeline_v1' retrieved from /opt/airflow/dags/sdp_pipeline_dag.py
[2026-07-17T08:18:37.463+0000] {logging_mixin.py:188} INFO - [2026-07-17T08:18:37.462+0000] {dag.py:3096} INFO - Sync 1 DAGs
[2026-07-17T08:18:37.567+0000] {logging_mixin.py:188} INFO - [2026-07-17T08:18:37.566+0000] {dag.py:3954} INFO - Setting next_dagrun for e-commerce_kafka_streaming_pipeline_v1 to 2026-07-17 08:00:00+00:00, run_after=2026-07-17 09:00:00+00:00
[2026-07-17T08:18:37.636+0000] {processor.py:183} INFO - Processing /opt/airflow/dags/sdp_pipeline_dag.py took 0.520 seconds
[2026-07-17T08:26:38.542+0000] {processor.py:161} INFO - Started process (PID=3515) to work on /opt/airflow/dags/sdp_pipeline_dag.py
[2026-07-17T08:26:38.554+0000] {processor.py:830} INFO - Processing file /opt/airflow/dags/sdp_pipeline_dag.py for tasks to queue
[2026-07-17T08:26:38.557+0000] {logging_mixin.py:188} INFO - [2026-07-17T08:26:38.556+0000] {dagbag.py:540} INFO - Filling up the DagBag from /opt/airflow/dags/sdp_pipeline_dag.py
[2026-07-17T08:26:38.654+0000] {processor.py:840} INFO - DAG(s) 'e-commerce_kafka_streaming_pipeline_v1' retrieved from /opt/airflow/dags/sdp_pipeline_dag.py
[2026-07-17T08:26:38.780+0000] {logging_mixin.py:188} INFO - [2026-07-17T08:26:38.779+0000] {dag.py:3096} INFO - Sync 1 DAGs
[2026-07-17T08:26:38.885+0000] {logging_mixin.py:188} INFO - [2026-07-17T08:26:38.884+0000] {dag.py:3954} INFO - Setting next_dagrun for e-commerce_kafka_streaming_pipeline_v1 to 2026-07-17 08:00:00+00:00, run_after=2026-07-17 09:00:00+00:00
[2026-07-17T08:26:38.956+0000] {processor.py:183} INFO - Processing /opt/airflow/dags/sdp_pipeline_dag.py took 0.447 seconds
[2026-07-17T08:27:20.821+0000] {processor.py:161} INFO - Started process (PID=3524) to work on /opt/airflow/dags/sdp_pipeline_dag.py
[2026-07-17T08:27:20.824+0000] {processor.py:830} INFO - Processing file /opt/airflow/dags/sdp_pipeline_dag.py for tasks to queue
[2026-07-17T08:27:20.826+0000] {logging_mixin.py:188} INFO - [2026-07-17T08:27:20.826+0000] {dagbag.py:540} INFO - Filling up the DagBag from /opt/airflow/dags/sdp_pipeline_dag.py
[2026-07-17T08:27:20.863+0000] {processor.py:840} INFO - DAG(s) 'e-commerce_kafka_streaming_pipeline_v1' retrieved from /opt/airflow/dags/sdp_pipeline_dag.py
[2026-07-17T08:27:20.898+0000] {logging_mixin.py:188} INFO - [2026-07-17T08:27:20.898+0000] {dag.py:3096} INFO - Sync 1 DAGs
[2026-07-17T08:27:20.931+0000] {logging_mixin.py:188} INFO - [2026-07-17T08:27:20.931+0000] {dag.py:3954} INFO - Setting next_dagrun for e-commerce_kafka_streaming_pipeline_v1 to 2026-07-17 08:00:00+00:00, run_after=2026-07-17 09:00:00+00:00
[2026-07-17T08:27:20.956+0000] {processor.py:183} INFO - Processing /opt/airflow/dags/sdp_pipeline_dag.py took 0.148 seconds
[2026-07-17T08:27:51.772+0000] {processor.py:161} INFO - Started process (PID=3553) to work on /opt/airflow/dags/sdp_pipeline_dag.py
[2026-07-17T08:27:51.776+0000] {processor.py:830} INFO - Processing file /opt/airflow/dags/sdp_pipeline_dag.py for tasks to queue
[2026-07-17T08:27:51.793+0000] {logging_mixin.py:188} INFO - [2026-07-17T08:27:51.791+0000] {dagbag.py:540} INFO - Filling up the DagBag from /opt/airflow/dags/sdp_pipeline_dag.py
[2026-07-17T08:27:53.441+0000] {processor.py:840} INFO - DAG(s) 'e-commerce_kafka_streaming_pipeline_v1' retrieved from /opt/airflow/dags/sdp_pipeline_dag.py
[2026-07-17T08:27:53.682+0000] {logging_mixin.py:188} INFO - [2026-07-17T08:27:53.681+0000] {dag.py:3096} INFO - Sync 1 DAGs
[2026-07-17T08:27:53.805+0000] {logging_mixin.py:188} INFO - [2026-07-17T08:27:53.805+0000] {dag.py:3954} INFO - Setting next_dagrun for e-commerce_kafka_streaming_pipeline_v1 to 2026-07-17 08:00:00+00:00, run_after=2026-07-17 09:00:00+00:00
[2026-07-17T08:27:54.057+0000] {processor.py:183} INFO - Processing /opt/airflow/dags/sdp_pipeline_dag.py took 2.306 seconds
[2026-07-17T08:28:25.075+0000] {processor.py:161} INFO - Started process (PID=3558) to work on /opt/airflow/dags/sdp_pipeline_dag.py
[2026-07-17T08:28:25.080+0000] {processor.py:830} INFO - Processing file /opt/airflow/dags/sdp_pipeline_dag.py for tasks to queue
[2026-07-17T08:28:25.083+0000] {logging_mixin.py:188} INFO - [2026-07-17T08:28:25.083+0000] {dagbag.py:540} INFO - Filling up the DagBag from /opt/airflow/dags/sdp_pipeline_dag.py
[2026-07-17T08:28:25.122+0000] {processor.py:840} INFO - DAG(s) 'e-commerce_kafka_streaming_pipeline_v1' retrieved from /opt/airflow/dags/sdp_pipeline_dag.py
[2026-07-17T08:28:25.179+0000] {logging_mixin.py:188} INFO - [2026-07-17T08:28:25.178+0000] {dag.py:3096} INFO - Sync 1 DAGs
[2026-07-17T08:28:25.228+0000] {logging_mixin.py:188} INFO - [2026-07-17T08:28:25.228+0000] {dag.py:3954} INFO - Setting next_dagrun for e-commerce_kafka_streaming_pipeline_v1 to 2026-07-17 08:00:00+00:00, run_after=2026-07-17 09:00:00+00:00
[2026-07-17T08:28:25.267+0000] {processor.py:183} INFO - Processing /opt/airflow/dags/sdp_pipeline_dag.py took 0.203 seconds
[2026-07-17T08:28:55.349+0000] {processor.py:161} INFO - Started process (PID=3563) to work on /opt/airflow/dags/sdp_pipeline_dag.py
[2026-07-17T08:28:55.352+0000] {processor.py:830} INFO - Processing file /opt/airflow/dags/sdp_pipeline_dag.py for tasks to queue
[2026-07-17T08:28:55.355+0000] {logging_mixin.py:188} INFO - [2026-07-17T08:28:55.354+0000] {dagbag.py:540} INFO - Filling up the DagBag from /opt/airflow/dags/sdp_pipeline_dag.py
[2026-07-17T08:28:55.389+0000] {processor.py:840} INFO - DAG(s) 'e-commerce_kafka_streaming_pipeline_v1' retrieved from /opt/airflow/dags/sdp_pipeline_dag.py
[2026-07-17T08:28:55.456+0000] {logging_mixin.py:188} INFO - [2026-07-17T08:28:55.456+0000] {dag.py:3096} INFO - Sync 1 DAGs
[2026-07-17T08:28:55.503+0000] {logging_mixin.py:188} INFO - [2026-07-17T08:28:55.501+0000] {dag.py:3954} INFO - Setting next_dagrun for e-commerce_kafka_streaming_pipeline_v1 to 2026-07-17 08:00:00+00:00, run_after=2026-07-17 09:00:00+00:00
[2026-07-17T08:28:55.572+0000] {processor.py:183} INFO - Processing /opt/airflow/dags/sdp_pipeline_dag.py took 0.233 seconds
[2026-07-17T08:29:25.954+0000] {processor.py:161} INFO - Started process (PID=3568) to work on /opt/airflow/dags/sdp_pipeline_dag.py
[2026-07-17T08:29:25.958+0000] {processor.py:830} INFO - Processing file /opt/airflow/dags/sdp_pipeline_dag.py for tasks to queue
[2026-07-17T08:29:25.961+0000] {logging_mixin.py:188} INFO - [2026-07-17T08:29:25.960+0000] {dagbag.py:540} INFO - Filling up the DagBag from /opt/airflow/dags/sdp_pipeline_dag.py
[2026-07-17T08:29:26.000+0000] {processor.py:840} INFO - DAG(s) 'e-commerce_kafka_streaming_pipeline_v1' retrieved from /opt/airflow/dags/sdp_pipeline_dag.py
[2026-07-17T08:29:26.068+0000] {logging_mixin.py:188} INFO - [2026-07-17T08:29:26.067+0000] {dag.py:3096} INFO - Sync 1 DAGs
[2026-07-17T08:29:26.122+0000] {logging_mixin.py:188} INFO - [2026-07-17T08:29:26.121+0000] {dag.py:3954} INFO - Setting next_dagrun for e-commerce_kafka_streaming_pipeline_v1 to 2026-07-17 08:00:00+00:00, run_after=2026-07-17 09:00:00+00:00
[2026-07-17T08:29:26.158+0000] {processor.py:183} INFO - Processing /opt/airflow/dags/sdp_pipeline_dag.py took 0.290 seconds
[2026-07-17T08:29:56.443+0000] {processor.py:161} INFO - Started process (PID=3588) to work on /opt/airflow/dags/sdp_pipeline_dag.py
[2026-07-17T08:29:56.444+0000] {processor.py:830} INFO - Processing file /opt/airflow/dags/sdp_pipeline_dag.py for tasks to queue
[2026-07-17T08:29:56.446+0000] {logging_mixin.py:188} INFO - [2026-07-17T08:29:56.446+0000] {dagbag.py:540} INFO - Filling up the DagBag from /opt/airflow/dags/sdp_pipeline_dag.py
[2026-07-17T08:29:56.476+0000] {processor.py:840} INFO - DAG(s) 'e-commerce_kafka_streaming_pipeline_v1' retrieved from /opt/airflow/dags/sdp_pipeline_dag.py
[2026-07-17T08:29:56.523+0000] {logging_mixin.py:188} INFO - [2026-07-17T08:29:56.523+0000] {dag.py:3096} INFO - Sync 1 DAGs
[2026-07-17T08:29:56.557+0000] {logging_mixin.py:188} INFO - [2026-07-17T08:29:56.556+0000] {dag.py:3954} INFO - Setting next_dagrun for e-commerce_kafka_streaming_pipeline_v1 to 2026-07-17 08:00:00+00:00, run_after=2026-07-17 09:00:00+00:00
[2026-07-17T08:29:56.589+0000] {processor.py:183} INFO - Processing /opt/airflow/dags/sdp_pipeline_dag.py took 0.156 seconds
[2026-07-17T08:30:26.811+0000] {processor.py:161} INFO - Started process (PID=3593) to work on /opt/airflow/dags/sdp_pipeline_dag.py
[2026-07-17T08:30:26.812+0000] {processor.py:830} INFO - Processing file /opt/airflow/dags/sdp_pipeline_dag.py for tasks to queue
[2026-07-17T08:30:26.814+0000] {logging_mixin.py:188} INFO - [2026-07-17T08:30:26.814+0000] {dagbag.py:540} INFO - Filling up the DagBag from /opt/airflow/dags/sdp_pipeline_dag.py
[2026-07-17T08:30:26.845+0000] {processor.py:840} INFO - DAG(s) 'e-commerce_kafka_streaming_pipeline_v1' retrieved from /opt/airflow/dags/sdp_pipeline_dag.py
[2026-07-17T08:30:26.892+0000] {logging_mixin.py:188} INFO - [2026-07-17T08:30:26.891+0000] {dag.py:3096} INFO - Sync 1 DAGs
[2026-07-17T08:30:26.924+0000] {logging_mixin.py:188} INFO - [2026-07-17T08:30:26.924+0000] {dag.py:3954} INFO - Setting next_dagrun for e-commerce_kafka_streaming_pipeline_v1 to 2026-07-17 08:00:00+00:00, run_after=2026-07-17 09:00:00+00:00
[2026-07-17T08:30:26.948+0000] {processor.py:183} INFO - Processing /opt/airflow/dags/sdp_pipeline_dag.py took 0.148 seconds
[2026-07-17T08:30:57.159+0000] {processor.py:161} INFO - Started process (PID=3598) to work on /opt/airflow/dags/sdp_pipeline_dag.py
[2026-07-17T08:30:57.161+0000] {processor.py:830} INFO - Processing file /opt/airflow/dags/sdp_pipeline_dag.py for tasks to queue
[2026-07-17T08:30:57.162+0000] {logging_mixin.py:188} INFO - [2026-07-17T08:30:57.162+0000] {dagbag.py:540} INFO - Filling up the DagBag from /opt/airflow/dags/sdp_pipeline_dag.py
[2026-07-17T08:30:57.208+0000] {processor.py:840} INFO - DAG(s) 'e-commerce_kafka_streaming_pipeline_v1' retrieved from /opt/airflow/dags/sdp_pipeline_dag.py
[2026-07-17T08:30:57.270+0000] {logging_mixin.py:188} INFO - [2026-07-17T08:30:57.269+0000] {dag.py:3096} INFO - Sync 1 DAGs
[2026-07-17T08:30:57.321+0000] {logging_mixin.py:188} INFO - [2026-07-17T08:30:57.321+0000] {dag.py:3954} INFO - Setting next_dagrun for e-commerce_kafka_streaming_pipeline_v1 to 2026-07-17 08:00:00+00:00, run_after=2026-07-17 09:00:00+00:00
[2026-07-17T08:30:57.352+0000] {processor.py:183} INFO - Processing /opt/airflow/dags/sdp_pipeline_dag.py took 0.204 seconds
[2026-07-17T08:31:27.588+0000] {processor.py:161} INFO - Started process (PID=3603) to work on /opt/airflow/dags/sdp_pipeline_dag.py
[2026-07-17T08:31:27.591+0000] {processor.py:830} INFO - Processing file /opt/airflow/dags/sdp_pipeline_dag.py for tasks to queue
[2026-07-17T08:31:27.593+0000] {logging_mixin.py:188} INFO - [2026-07-17T08:31:27.592+0000] {dagbag.py:540} INFO - Filling up the DagBag from /opt/airflow/dags/sdp_pipeline_dag.py
[2026-07-17T08:31:27.641+0000] {processor.py:840} INFO - DAG(s) 'e-commerce_kafka_streaming_pipeline_v1' retrieved from /opt/airflow/dags/sdp_pipeline_dag.py
[2026-07-17T08:31:27.688+0000] {logging_mixin.py:188} INFO - [2026-07-17T08:31:27.688+0000] {dag.py:3096} INFO - Sync 1 DAGs
[2026-07-17T08:31:27.722+0000] {logging_mixin.py:188} INFO - [2026-07-17T08:31:27.722+0000] {dag.py:3954} INFO - Setting next_dagrun for e-commerce_kafka_streaming_pipeline_v1 to 2026-07-17 08:00:00+00:00, run_after=2026-07-17 09:00:00+00:00
[2026-07-17T08:31:27.752+0000] {processor.py:183} INFO - Processing /opt/airflow/dags/sdp_pipeline_dag.py took 0.172 seconds
[2026-07-17T08:31:58.082+0000] {processor.py:161} INFO - Started process (PID=3621) to work on /opt/airflow/dags/sdp_pipeline_dag.py
[2026-07-17T08:31:58.086+0000] {processor.py:830} INFO - Processing file /opt/airflow/dags/sdp_pipeline_dag.py for tasks to queue
[2026-07-17T08:31:58.088+0000] {logging_mixin.py:188} INFO - [2026-07-17T08:31:58.088+0000] {dagbag.py:540} INFO - Filling up the DagBag from /opt/airflow/dags/sdp_pipeline_dag.py
[2026-07-17T08:31:58.141+0000] {processor.py:840} INFO - DAG(s) 'e-commerce_kafka_streaming_pipeline_v1' retrieved from /opt/airflow/dags/sdp_pipeline_dag.py
[2026-07-17T08:31:58.195+0000] {logging_mixin.py:188} INFO - [2026-07-17T08:31:58.194+0000] {dag.py:3096} INFO - Sync 1 DAGs
[2026-07-17T08:31:58.269+0000] {logging_mixin.py:188} INFO - [2026-07-17T08:31:58.265+0000] {dag.py:3954} INFO - Setting next_dagrun for e-commerce_kafka_streaming_pipeline_v1 to 2026-07-17 08:00:00+00:00, run_after=2026-07-17 09:00:00+00:00
[2026-07-17T08:31:58.356+0000] {processor.py:183} INFO - Processing /opt/airflow/dags/sdp_pipeline_dag.py took 0.292 seconds
[2026-07-17T08:32:28.595+0000] {processor.py:161} INFO - Started process (PID=3640) to work on /opt/airflow/dags/sdp_pipeline_dag.py
[2026-07-17T08:32:28.598+0000] {processor.py:830} INFO - Processing file /opt/airflow/dags/sdp_pipeline_dag.py for tasks to queue
[2026-07-17T08:32:28.601+0000] {logging_mixin.py:188} INFO - [2026-07-17T08:32:28.600+0000] {dagbag.py:540} INFO - Filling up the DagBag from /opt/airflow/dags/sdp_pipeline_dag.py
[2026-07-17T08:32:28.647+0000] {processor.py:840} INFO - DAG(s) 'e-commerce_kafka_streaming_pipeline_v1' retrieved from /opt/airflow/dags/sdp_pipeline_dag.py
[2026-07-17T08:32:28.727+0000] {logging_mixin.py:188} INFO - [2026-07-17T08:32:28.726+0000] {dag.py:3096} INFO - Sync 1 DAGs
[2026-07-17T08:32:28.804+0000] {logging_mixin.py:188} INFO - [2026-07-17T08:32:28.804+0000] {dag.py:3954} INFO - Setting next_dagrun for e-commerce_kafka_streaming_pipeline_v1 to 2026-07-17 08:00:00+00:00, run_after=2026-07-17 09:00:00+00:00
[2026-07-17T08:32:28.868+0000] {processor.py:183} INFO - Processing /opt/airflow/dags/sdp_pipeline_dag.py took 0.290 seconds
[2026-07-17T08:32:59.507+0000] {processor.py:161} INFO - Started process (PID=3645) to work on /opt/airflow/dags/sdp_pipeline_dag.py
[2026-07-17T08:32:59.519+0000] {processor.py:830} INFO - Processing file /opt/airflow/dags/sdp_pipeline_dag.py for tasks to queue
[2026-07-17T08:32:59.527+0000] {logging_mixin.py:188} INFO - [2026-07-17T08:32:59.523+0000] {dagbag.py:540} INFO - Filling up the DagBag from /opt/airflow/dags/sdp_pipeline_dag.py
[2026-07-17T08:32:59.775+0000] {processor.py:840} INFO - DAG(s) 'e-commerce_kafka_streaming_pipeline_v1' retrieved from /opt/airflow/dags/sdp_pipeline_dag.py
[2026-07-17T08:33:00.127+0000] {logging_mixin.py:188} INFO - [2026-07-17T08:33:00.126+0000] {dag.py:3096} INFO - Sync 1 DAGs
[2026-07-17T08:33:00.379+0000] {logging_mixin.py:188} INFO - [2026-07-17T08:33:00.378+0000] {dag.py:3954} INFO - Setting next_dagrun for e-commerce_kafka_streaming_pipeline_v1 to 2026-07-17 08:00:00+00:00, run_after=2026-07-17 09:00:00+00:00
[2026-07-17T08:33:00.564+0000] {processor.py:183} INFO - Processing /opt/airflow/dags/sdp_pipeline_dag.py took 1.162 seconds
[2026-07-17T08:33:30.811+0000] {processor.py:161} INFO - Started process (PID=3650) to work on /opt/airflow/dags/sdp_pipeline_dag.py
[2026-07-17T08:33:30.826+0000] {processor.py:830} INFO - Processing file /opt/airflow/dags/sdp_pipeline_dag.py for tasks to queue
[2026-07-17T08:33:30.831+0000] {logging_mixin.py:188} INFO - [2026-07-17T08:33:30.829+0000] {dagbag.py:540} INFO - Filling up the DagBag from /opt/airflow/dags/sdp_pipeline_dag.py
[2026-07-17T08:33:30.938+0000] {processor.py:840} INFO - DAG(s) 'e-commerce_kafka_streaming_pipeline_v1' retrieved from /opt/airflow/dags/sdp_pipeline_dag.py
[2026-07-17T08:33:31.049+0000] {logging_mixin.py:188} INFO - [2026-07-17T08:33:31.048+0000] {dag.py:3096} INFO - Sync 1 DAGs
[2026-07-17T08:33:31.126+0000] {logging_mixin.py:188} INFO - [2026-07-17T08:33:31.126+0000] {dag.py:3954} INFO - Setting next_dagrun for e-commerce_kafka_streaming_pipeline_v1 to 2026-07-17 08:00:00+00:00, run_after=2026-07-17 09:00:00+00:00
[2026-07-17T08:33:31.180+0000] {processor.py:183} INFO - Processing /opt/airflow/dags/sdp_pipeline_dag.py took 0.396 seconds
[2026-07-17T08:34:01.465+0000] {processor.py:161} INFO - Started process (PID=3655) to work on /opt/airflow/dags/sdp_pipeline_dag.py
[2026-07-17T08:34:01.467+0000] {processor.py:830} INFO - Processing file /opt/airflow/dags/sdp_pipeline_dag.py for tasks to queue
[2026-07-17T08:34:01.471+0000] {logging_mixin.py:188} INFO - [2026-07-17T08:34:01.470+0000] {dagbag.py:540} INFO - Filling up the DagBag from /opt/airflow/dags/sdp_pipeline_dag.py
[2026-07-17T08:34:01.519+0000] {processor.py:840} INFO - DAG(s) 'e-commerce_kafka_streaming_pipeline_v1' retrieved from /opt/airflow/dags/sdp_pipeline_dag.py
[2026-07-17T08:34:01.577+0000] {logging_mixin.py:188} INFO - [2026-07-17T08:34:01.577+0000] {dag.py:3096} INFO - Sync 1 DAGs
[2026-07-17T08:34:01.630+0000] {logging_mixin.py:188} INFO - [2026-07-17T08:34:01.630+0000] {dag.py:3954} INFO - Setting next_dagrun for e-commerce_kafka_streaming_pipeline_v1 to 2026-07-17 08:00:00+00:00, run_after=2026-07-17 09:00:00+00:00
[2026-07-17T08:34:01.670+0000] {processor.py:183} INFO - Processing /opt/airflow/dags/sdp_pipeline_dag.py took 0.225 seconds
[2026-07-17T08:34:31.974+0000] {processor.py:161} INFO - Started process (PID=3681) to work on /opt/airflow/dags/sdp_pipeline_dag.py
[2026-07-17T08:34:31.978+0000] {processor.py:830} INFO - Processing file /opt/airflow/dags/sdp_pipeline_dag.py for tasks to queue
[2026-07-17T08:34:31.984+0000] {logging_mixin.py:188} INFO - [2026-07-17T08:34:31.983+0000] {dagbag.py:540} INFO - Filling up the DagBag from /opt/airflow/dags/sdp_pipeline_dag.py
[2026-07-17T08:34:32.043+0000] {processor.py:840} INFO - DAG(s) 'e-commerce_kafka_streaming_pipeline_v1' retrieved from /opt/airflow/dags/sdp_pipeline_dag.py
[2026-07-17T08:34:32.109+0000] {logging_mixin.py:188} INFO - [2026-07-17T08:34:32.109+0000] {dag.py:3096} INFO - Sync 1 DAGs
[2026-07-17T08:34:32.174+0000] {logging_mixin.py:188} INFO - [2026-07-17T08:34:32.173+0000] {dag.py:3954} INFO - Setting next_dagrun for e-commerce_kafka_streaming_pipeline_v1 to 2026-07-17 08:00:00+00:00, run_after=2026-07-17 09:00:00+00:00
[2026-07-17T08:34:32.219+0000] {processor.py:183} INFO - Processing /opt/airflow/dags/sdp_pipeline_dag.py took 0.271 seconds
[2026-07-17T08:35:02.508+0000] {processor.py:161} INFO - Started process (PID=3686) to work on /opt/airflow/dags/sdp_pipeline_dag.py
[2026-07-17T08:35:02.513+0000] {processor.py:830} INFO - Processing file /opt/airflow/dags/sdp_pipeline_dag.py for tasks to queue
[2026-07-17T08:35:02.515+0000] {logging_mixin.py:188} INFO - [2026-07-17T08:35:02.515+0000] {dagbag.py:540} INFO - Filling up the DagBag from /opt/airflow/dags/sdp_pipeline_dag.py
[2026-07-17T08:35:02.559+0000] {processor.py:840} INFO - DAG(s) 'e-commerce_kafka_streaming_pipeline_v1' retrieved from /opt/airflow/dags/sdp_pipeline_dag.py
[2026-07-17T08:35:02.617+0000] {logging_mixin.py:188} INFO - [2026-07-17T08:35:02.617+0000] {dag.py:3096} INFO - Sync 1 DAGs
[2026-07-17T08:35:02.677+0000] {logging_mixin.py:188} INFO - [2026-07-17T08:35:02.677+0000] {dag.py:3954} INFO - Setting next_dagrun for e-commerce_kafka_streaming_pipeline_v1 to 2026-07-17 08:00:00+00:00, run_after=2026-07-17 09:00:00+00:00
[2026-07-17T08:35:02.718+0000] {processor.py:183} INFO - Processing /opt/airflow/dags/sdp_pipeline_dag.py took 0.224 seconds
[2026-07-17T08:35:32.950+0000] {processor.py:161} INFO - Started process (PID=3691) to work on /opt/airflow/dags/sdp_pipeline_dag.py
[2026-07-17T08:35:32.952+0000] {processor.py:830} INFO - Processing file /opt/airflow/dags/sdp_pipeline_dag.py for tasks to queue
[2026-07-17T08:35:32.954+0000] {logging_mixin.py:188} INFO - [2026-07-17T08:35:32.954+0000] {dagbag.py:540} INFO - Filling up the DagBag from /opt/airflow/dags/sdp_pipeline_dag.py
[2026-07-17T08:35:32.987+0000] {processor.py:840} INFO - DAG(s) 'e-commerce_kafka_streaming_pipeline_v1' retrieved from /opt/airflow/dags/sdp_pipeline_dag.py
[2026-07-17T08:35:33.026+0000] {logging_mixin.py:188} INFO - [2026-07-17T08:35:33.026+0000] {dag.py:3096} INFO - Sync 1 DAGs
[2026-07-17T08:35:33.058+0000] {logging_mixin.py:188} INFO - [2026-07-17T08:35:33.058+0000] {dag.py:3954} INFO - Setting next_dagrun for e-commerce_kafka_streaming_pipeline_v1 to 2026-07-17 08:00:00+00:00, run_after=2026-07-17 09:00:00+00:00
[2026-07-17T08:35:33.087+0000] {processor.py:183} INFO - Processing /opt/airflow/dags/sdp_pipeline_dag.py took 0.147 seconds
[2026-07-17T08:36:03.281+0000] {processor.py:161} INFO - Started process (PID=3696) to work on /opt/airflow/dags/sdp_pipeline_dag.py
[2026-07-17T08:36:03.283+0000] {processor.py:830} INFO - Processing file /opt/airflow/dags/sdp_pipeline_dag.py for tasks to queue
[2026-07-17T08:36:03.285+0000] {logging_mixin.py:188} INFO - [2026-07-17T08:36:03.284+0000] {dagbag.py:540} INFO - Filling up the DagBag from /opt/airflow/dags/sdp_pipeline_dag.py
[2026-07-17T08:36:03.317+0000] {processor.py:840} INFO - DAG(s) 'e-commerce_kafka_streaming_pipeline_v1' retrieved from /opt/airflow/dags/sdp_pipeline_dag.py
[2026-07-17T08:36:03.356+0000] {logging_mixin.py:188} INFO - [2026-07-17T08:36:03.355+0000] {dag.py:3096} INFO - Sync 1 DAGs
[2026-07-17T08:36:03.389+0000] {logging_mixin.py:188} INFO - [2026-07-17T08:36:03.388+0000] {dag.py:3954} INFO - Setting next_dagrun for e-commerce_kafka_streaming_pipeline_v1 to 2026-07-17 08:00:00+00:00, run_after=2026-07-17 09:00:00+00:00
[2026-07-17T08:36:03.414+0000] {processor.py:183} INFO - Processing /opt/airflow/dags/sdp_pipeline_dag.py took 0.144 seconds
[2026-07-17T08:36:33.478+0000] {processor.py:161} INFO - Started process (PID=3714) to work on /opt/airflow/dags/sdp_pipeline_dag.py
[2026-07-17T08:36:33.481+0000] {processor.py:830} INFO - Processing file /opt/airflow/dags/sdp_pipeline_dag.py for tasks to queue
[2026-07-17T08:36:33.483+0000] {logging_mixin.py:188} INFO - [2026-07-17T08:36:33.482+0000] {dagbag.py:540} INFO - Filling up the DagBag from /opt/airflow/dags/sdp_pipeline_dag.py
[2026-07-17T08:36:33.521+0000] {processor.py:840} INFO - DAG(s) 'e-commerce_kafka_streaming_pipeline_v1' retrieved from /opt/airflow/dags/sdp_pipeline_dag.py
[2026-07-17T08:36:33.566+0000] {logging_mixin.py:188} INFO - [2026-07-17T08:36:33.566+0000] {dag.py:3096} INFO - Sync 1 DAGs
[2026-07-17T08:36:33.599+0000] {logging_mixin.py:188} INFO - [2026-07-17T08:36:33.599+0000] {dag.py:3954} INFO - Setting next_dagrun for e-commerce_kafka_streaming_pipeline_v1 to 2026-07-17 08:00:00+00:00, run_after=2026-07-17 09:00:00+00:00
[2026-07-17T08:36:33.630+0000] {processor.py:183} INFO - Processing /opt/airflow/dags/sdp_pipeline_dag.py took 0.167 seconds
[2026-07-17T08:37:04.104+0000] {processor.py:161} INFO - Started process (PID=3719) to work on /opt/airflow/dags/sdp_pipeline_dag.py
[2026-07-17T08:37:04.107+0000] {processor.py:830} INFO - Processing file /opt/airflow/dags/sdp_pipeline_dag.py for tasks to queue
[2026-07-17T08:37:04.112+0000] {logging_mixin.py:188} INFO - [2026-07-17T08:37:04.111+0000] {dagbag.py:540} INFO - Filling up the DagBag from /opt/airflow/dags/sdp_pipeline_dag.py
[2026-07-17T08:37:04.161+0000] {processor.py:840} INFO - DAG(s) 'e-commerce_kafka_streaming_pipeline_v1' retrieved from /opt/airflow/dags/sdp_pipeline_dag.py
[2026-07-17T08:37:04.262+0000] {logging_mixin.py:188} INFO - [2026-07-17T08:37:04.261+0000] {dag.py:3096} INFO - Sync 1 DAGs
[2026-07-17T08:37:04.345+0000] {logging_mixin.py:188} INFO - [2026-07-17T08:37:04.345+0000] {dag.py:3954} INFO - Setting next_dagrun for e-commerce_kafka_streaming_pipeline_v1 to 2026-07-17 08:00:00+00:00, run_after=2026-07-17 09:00:00+00:00
[2026-07-17T08:37:04.409+0000] {processor.py:183} INFO - Processing /opt/airflow/dags/sdp_pipeline_dag.py took 0.320 seconds
[2026-07-17T08:37:34.536+0000] {processor.py:161} INFO - Started process (PID=3724) to work on /opt/airflow/dags/sdp_pipeline_dag.py
[2026-07-17T08:37:34.539+0000] {processor.py:830} INFO - Processing file /opt/airflow/dags/sdp_pipeline_dag.py for tasks to queue
[2026-07-17T08:37:34.541+0000] {logging_mixin.py:188} INFO - [2026-07-17T08:37:34.540+0000] {dagbag.py:540} INFO - Filling up the DagBag from /opt/airflow/dags/sdp_pipeline_dag.py
[2026-07-17T08:37:34.582+0000] {processor.py:840} INFO - DAG(s) 'e-commerce_kafka_streaming_pipeline_v1' retrieved from /opt/airflow/dags/sdp_pipeline_dag.py
[2026-07-17T08:37:34.638+0000] {logging_mixin.py:188} INFO - [2026-07-17T08:37:34.638+0000] {dag.py:3096} INFO - Sync 1 DAGs
[2026-07-17T08:37:34.675+0000] {logging_mixin.py:188} INFO - [2026-07-17T08:37:34.675+0000] {dag.py:3954} INFO - Setting next_dagrun for e-commerce_kafka_streaming_pipeline_v1 to 2026-07-17 08:00:00+00:00, run_after=2026-07-17 09:00:00+00:00
[2026-07-17T08:37:34.714+0000] {processor.py:183} INFO - Processing /opt/airflow/dags/sdp_pipeline_dag.py took 0.192 seconds
[2026-07-17T08:38:04.930+0000] {processor.py:161} INFO - Started process (PID=3729) to work on /opt/airflow/dags/sdp_pipeline_dag.py
[2026-07-17T08:38:04.932+0000] {processor.py:830} INFO - Processing file /opt/airflow/dags/sdp_pipeline_dag.py for tasks to queue
[2026-07-17T08:38:04.935+0000] {logging_mixin.py:188} INFO - [2026-07-17T08:38:04.934+0000] {dagbag.py:540} INFO - Filling up the DagBag from /opt/airflow/dags/sdp_pipeline_dag.py
[2026-07-17T08:38:04.989+0000] {processor.py:840} INFO - DAG(s) 'e-commerce_kafka_streaming_pipeline_v1' retrieved from /opt/airflow/dags/sdp_pipeline_dag.py
[2026-07-17T08:38:05.075+0000] {logging_mixin.py:188} INFO - [2026-07-17T08:38:05.074+0000] {dag.py:3096} INFO - Sync 1 DAGs
[2026-07-17T08:38:05.141+0000] {logging_mixin.py:188} INFO - [2026-07-17T08:38:05.141+0000] {dag.py:3954} INFO - Setting next_dagrun for e-commerce_kafka_streaming_pipeline_v1 to 2026-07-17 08:00:00+00:00, run_after=2026-07-17 09:00:00+00:00
[2026-07-17T08:38:05.180+0000] {processor.py:183} INFO - Processing /opt/airflow/dags/sdp_pipeline_dag.py took 0.264 seconds
[2026-07-17T08:38:35.333+0000] {processor.py:161} INFO - Started process (PID=3740) to work on /opt/airflow/dags/sdp_pipeline_dag.py
[2026-07-17T08:38:35.334+0000] {processor.py:830} INFO - Processing file /opt/airflow/dags/sdp_pipeline_dag.py for tasks to queue
[2026-07-17T08:38:35.336+0000] {logging_mixin.py:188} INFO - [2026-07-17T08:38:35.336+0000] {dagbag.py:540} INFO - Filling up the DagBag from /opt/airflow/dags/sdp_pipeline_dag.py
[2026-07-17T08:38:35.362+0000] {processor.py:840} INFO - DAG(s) 'e-commerce_kafka_streaming_pipeline_v1' retrieved from /opt/airflow/dags/sdp_pipeline_dag.py
[2026-07-17T08:38:35.392+0000] {logging_mixin.py:188} INFO - [2026-07-17T08:38:35.391+0000] {dag.py:3096} INFO - Sync 1 DAGs
[2026-07-17T08:38:35.417+0000] {logging_mixin.py:188} INFO - [2026-07-17T08:38:35.417+0000] {dag.py:3954} INFO - Setting next_dagrun for e-commerce_kafka_streaming_pipeline_v1 to 2026-07-17 08:00:00+00:00, run_after=2026-07-17 09:00:00+00:00
[2026-07-17T08:38:35.437+0000] {processor.py:183} INFO - Processing /opt/airflow/dags/sdp_pipeline_dag.py took 0.111 seconds
[2026-07-17T08:39:05.635+0000] {processor.py:161} INFO - Started process (PID=3745) to work on /opt/airflow/dags/sdp_pipeline_dag.py
[2026-07-17T08:39:05.637+0000] {processor.py:830} INFO - Processing file /opt/airflow/dags/sdp_pipeline_dag.py for tasks to queue
[2026-07-17T08:39:05.638+0000] {logging_mixin.py:188} INFO - [2026-07-17T08:39:05.638+0000] {dagbag.py:540} INFO - Filling up the DagBag from /opt/airflow/dags/sdp_pipeline_dag.py
[2026-07-17T08:39:05.669+0000] {processor.py:840} INFO - DAG(s) 'e-commerce_kafka_streaming_pipeline_v1' retrieved from /opt/airflow/dags/sdp_pipeline_dag.py
[2026-07-17T08:39:05.697+0000] {logging_mixin.py:188} INFO - [2026-07-17T08:39:05.697+0000] {dag.py:3096} INFO - Sync 1 DAGs
[2026-07-17T08:39:05.724+0000] {logging_mixin.py:188} INFO - [2026-07-17T08:39:05.724+0000] {dag.py:3954} INFO - Setting next_dagrun for e-commerce_kafka_streaming_pipeline_v1 to 2026-07-17 08:00:00+00:00, run_after=2026-07-17 09:00:00+00:00
[2026-07-17T08:39:05.744+0000] {processor.py:183} INFO - Processing /opt/airflow/dags/sdp_pipeline_dag.py took 0.114 seconds
[2026-07-17T08:39:35.933+0000] {processor.py:161} INFO - Started process (PID=3750) to work on /opt/airflow/dags/sdp_pipeline_dag.py
[2026-07-17T08:39:35.935+0000] {processor.py:830} INFO - Processing file /opt/airflow/dags/sdp_pipeline_dag.py for tasks to queue
[2026-07-17T08:39:35.937+0000] {logging_mixin.py:188} INFO - [2026-07-17T08:39:35.936+0000] {dagbag.py:540} INFO - Filling up the DagBag from /opt/airflow/dags/sdp_pipeline_dag.py
[2026-07-17T08:39:35.960+0000] {processor.py:840} INFO - DAG(s) 'e-commerce_kafka_streaming_pipeline_v1' retrieved from /opt/airflow/dags/sdp_pipeline_dag.py
[2026-07-17T08:39:35.990+0000] {logging_mixin.py:188} INFO - [2026-07-17T08:39:35.990+0000] {dag.py:3096} INFO - Sync 1 DAGs
[2026-07-17T08:39:36.016+0000] {logging_mixin.py:188} INFO - [2026-07-17T08:39:36.016+0000] {dag.py:3954} INFO - Setting next_dagrun for e-commerce_kafka_streaming_pipeline_v1 to 2026-07-17 08:00:00+00:00, run_after=2026-07-17 09:00:00+00:00
[2026-07-17T08:39:36.035+0000] {processor.py:183} INFO - Processing /opt/airflow/dags/sdp_pipeline_dag.py took 0.111 seconds
[2026-07-17T08:40:06.246+0000] {processor.py:161} INFO - Started process (PID=3755) to work on /opt/airflow/dags/sdp_pipeline_dag.py
[2026-07-17T08:40:06.248+0000] {processor.py:830} INFO - Processing file /opt/airflow/dags/sdp_pipeline_dag.py for tasks to queue
[2026-07-17T08:40:06.251+0000] {logging_mixin.py:188} INFO - [2026-07-17T08:40:06.251+0000] {dagbag.py:540} INFO - Filling up the DagBag from /opt/airflow/dags/sdp_pipeline_dag.py
[2026-07-17T08:40:06.286+0000] {processor.py:840} INFO - DAG(s) 'e-commerce_kafka_streaming_pipeline_v1' retrieved from /opt/airflow/dags/sdp_pipeline_dag.py
[2026-07-17T08:40:06.324+0000] {logging_mixin.py:188} INFO - [2026-07-17T08:40:06.324+0000] {dag.py:3096} INFO - Sync 1 DAGs
[2026-07-17T08:40:06.388+0000] {logging_mixin.py:188} INFO - [2026-07-17T08:40:06.388+0000] {dag.py:3954} INFO - Setting next_dagrun for e-commerce_kafka_streaming_pipeline_v1 to 2026-07-17 08:00:00+00:00, run_after=2026-07-17 09:00:00+00:00
[2026-07-17T08:40:06.424+0000] {processor.py:183} INFO - Processing /opt/airflow/dags/sdp_pipeline_dag.py took 0.191 seconds
[2026-07-17T08:40:36.506+0000] {processor.py:161} INFO - Started process (PID=3760) to work on /opt/airflow/dags/sdp_pipeline_dag.py
[2026-07-17T08:40:36.508+0000] {processor.py:830} INFO - Processing file /opt/airflow/dags/sdp_pipeline_dag.py for tasks to queue
[2026-07-17T08:40:36.511+0000] {logging_mixin.py:188} INFO - [2026-07-17T08:40:36.510+0000] {dagbag.py:540} INFO - Filling up the DagBag from /opt/airflow/dags/sdp_pipeline_dag.py
[2026-07-17T08:40:36.542+0000] {processor.py:840} INFO - DAG(s) 'e-commerce_kafka_streaming_pipeline_v1' retrieved from /opt/airflow/dags/sdp_pipeline_dag.py
[2026-07-17T08:40:36.572+0000] {logging_mixin.py:188} INFO - [2026-07-17T08:40:36.572+0000] {dag.py:3096} INFO - Sync 1 DAGs
[2026-07-17T08:40:36.595+0000] {logging_mixin.py:188} INFO - [2026-07-17T08:40:36.595+0000] {dag.py:3954} INFO - Setting next_dagrun for e-commerce_kafka_streaming_pipeline_v1 to 2026-07-17 08:00:00+00:00, run_after=2026-07-17 09:00:00+00:00
[2026-07-17T08:40:36.622+0000] {processor.py:183} INFO - Processing /opt/airflow/dags/sdp_pipeline_dag.py took 0.124 seconds
[2026-07-17T08:41:06.778+0000] {processor.py:161} INFO - Started process (PID=3765) to work on /opt/airflow/dags/sdp_pipeline_dag.py
[2026-07-17T08:41:06.780+0000] {processor.py:830} INFO - Processing file /opt/airflow/dags/sdp_pipeline_dag.py for tasks to queue
[2026-07-17T08:41:06.782+0000] {logging_mixin.py:188} INFO - [2026-07-17T08:41:06.781+0000] {dagbag.py:540} INFO - Filling up the DagBag from /opt/airflow/dags/sdp_pipeline_dag.py
[2026-07-17T08:41:06.808+0000] {processor.py:840} INFO - DAG(s) 'e-commerce_kafka_streaming_pipeline_v1' retrieved from /opt/airflow/dags/sdp_pipeline_dag.py
[2026-07-17T08:41:06.837+0000] {logging_mixin.py:188} INFO - [2026-07-17T08:41:06.837+0000] {dag.py:3096} INFO - Sync 1 DAGs
[2026-07-17T08:41:06.858+0000] {logging_mixin.py:188} INFO - [2026-07-17T08:41:06.857+0000] {dag.py:3954} INFO - Setting next_dagrun for e-commerce_kafka_streaming_pipeline_v1 to 2026-07-17 08:00:00+00:00, run_after=2026-07-17 09:00:00+00:00
[2026-07-17T08:41:06.881+0000] {processor.py:183} INFO - Processing /opt/airflow/dags/sdp_pipeline_dag.py took 0.109 seconds
[2026-07-17T08:41:37.123+0000] {processor.py:161} INFO - Started process (PID=3770) to work on /opt/airflow/dags/sdp_pipeline_dag.py
[2026-07-17T08:41:37.126+0000] {processor.py:830} INFO - Processing file /opt/airflow/dags/sdp_pipeline_dag.py for tasks to queue
[2026-07-17T08:41:37.128+0000] {logging_mixin.py:188} INFO - [2026-07-17T08:41:37.127+0000] {dagbag.py:540} INFO - Filling up the DagBag from /opt/airflow/dags/sdp_pipeline_dag.py
[2026-07-17T08:41:37.156+0000] {processor.py:840} INFO - DAG(s) 'e-commerce_kafka_streaming_pipeline_v1' retrieved from /opt/airflow/dags/sdp_pipeline_dag.py
[2026-07-17T08:41:37.184+0000] {logging_mixin.py:188} INFO - [2026-07-17T08:41:37.184+0000] {dag.py:3096} INFO - Sync 1 DAGs
[2026-07-17T08:41:37.206+0000] {logging_mixin.py:188} INFO - [2026-07-17T08:41:37.205+0000] {dag.py:3954} INFO - Setting next_dagrun for e-commerce_kafka_streaming_pipeline_v1 to 2026-07-17 08:00:00+00:00, run_after=2026-07-17 09:00:00+00:00
[2026-07-17T08:41:37.230+0000] {processor.py:183} INFO - Processing /opt/airflow/dags/sdp_pipeline_dag.py took 0.113 seconds
[2026-07-17T08:42:07.478+0000] {processor.py:161} INFO - Started process (PID=3775) to work on /opt/airflow/dags/sdp_pipeline_dag.py
[2026-07-17T08:42:07.480+0000] {processor.py:830} INFO - Processing file /opt/airflow/dags/sdp_pipeline_dag.py for tasks to queue
[2026-07-17T08:42:07.481+0000] {logging_mixin.py:188} INFO - [2026-07-17T08:42:07.481+0000] {dagbag.py:540} INFO - Filling up the DagBag from /opt/airflow/dags/sdp_pipeline_dag.py
[2026-07-17T08:42:07.509+0000] {processor.py:840} INFO - DAG(s) 'e-commerce_kafka_streaming_pipeline_v1' retrieved from /opt/airflow/dags/sdp_pipeline_dag.py
[2026-07-17T08:42:07.541+0000] {logging_mixin.py:188} INFO - [2026-07-17T08:42:07.541+0000] {dag.py:3096} INFO - Sync 1 DAGs
[2026-07-17T08:42:07.568+0000] {logging_mixin.py:188} INFO - [2026-07-17T08:42:07.568+0000] {dag.py:3954} INFO - Setting next_dagrun for e-commerce_kafka_streaming_pipeline_v1 to 2026-07-17 08:00:00+00:00, run_after=2026-07-17 09:00:00+00:00
[2026-07-17T08:42:07.591+0000] {processor.py:183} INFO - Processing /opt/airflow/dags/sdp_pipeline_dag.py took 0.118 seconds
[2026-07-17T08:42:37.791+0000] {processor.py:161} INFO - Started process (PID=3780) to work on /opt/airflow/dags/sdp_pipeline_dag.py
[2026-07-17T08:42:37.793+0000] {processor.py:830} INFO - Processing file /opt/airflow/dags/sdp_pipeline_dag.py for tasks to queue
[2026-07-17T08:42:37.795+0000] {logging_mixin.py:188} INFO - [2026-07-17T08:42:37.794+0000] {dagbag.py:540} INFO - Filling up the DagBag from /opt/airflow/dags/sdp_pipeline_dag.py
[2026-07-17T08:42:37.819+0000] {processor.py:840} INFO - DAG(s) 'e-commerce_kafka_streaming_pipeline_v1' retrieved from /opt/airflow/dags/sdp_pipeline_dag.py
[2026-07-17T08:42:37.851+0000] {logging_mixin.py:188} INFO - [2026-07-17T08:42:37.850+0000] {dag.py:3096} INFO - Sync 1 DAGs
[2026-07-17T08:42:37.878+0000] {logging_mixin.py:188} INFO - [2026-07-17T08:42:37.878+0000] {dag.py:3954} INFO - Setting next_dagrun for e-commerce_kafka_streaming_pipeline_v1 to 2026-07-17 08:00:00+00:00, run_after=2026-07-17 09:00:00+00:00
[2026-07-17T08:42:37.899+0000] {processor.py:183} INFO - Processing /opt/airflow/dags/sdp_pipeline_dag.py took 0.115 seconds
[2026-07-17T08:43:08.186+0000] {processor.py:161} INFO - Started process (PID=3785) to work on /opt/airflow/dags/sdp_pipeline_dag.py
[2026-07-17T08:43:08.189+0000] {processor.py:830} INFO - Processing file /opt/airflow/dags/sdp_pipeline_dag.py for tasks to queue
[2026-07-17T08:43:08.191+0000] {logging_mixin.py:188} INFO - [2026-07-17T08:43:08.191+0000] {dagbag.py:540} INFO - Filling up the DagBag from /opt/airflow/dags/sdp_pipeline_dag.py
[2026-07-17T08:43:08.226+0000] {processor.py:840} INFO - DAG(s) 'e-commerce_kafka_streaming_pipeline_v1' retrieved from /opt/airflow/dags/sdp_pipeline_dag.py
[2026-07-17T08:43:08.261+0000] {logging_mixin.py:188} INFO - [2026-07-17T08:43:08.261+0000] {dag.py:3096} INFO - Sync 1 DAGs
[2026-07-17T08:43:08.286+0000] {logging_mixin.py:188} INFO - [2026-07-17T08:43:08.286+0000] {dag.py:3954} INFO - Setting next_dagrun for e-commerce_kafka_streaming_pipeline_v1 to 2026-07-17 08:00:00+00:00, run_after=2026-07-17 09:00:00+00:00
[2026-07-17T08:43:08.307+0000] {processor.py:183} INFO - Processing /opt/airflow/dags/sdp_pipeline_dag.py took 0.129 seconds
[2026-07-17T08:43:38.440+0000] {processor.py:161} INFO - Started process (PID=3790) to work on /opt/airflow/dags/sdp_pipeline_dag.py
[2026-07-17T08:43:38.441+0000] {processor.py:830} INFO - Processing file /opt/airflow/dags/sdp_pipeline_dag.py for tasks to queue
[2026-07-17T08:43:38.443+0000] {logging_mixin.py:188} INFO - [2026-07-17T08:43:38.442+0000] {dagbag.py:540} INFO - Filling up the DagBag from /opt/airflow/dags/sdp_pipeline_dag.py
[2026-07-17T08:43:38.471+0000] {processor.py:840} INFO - DAG(s) 'e-commerce_kafka_streaming_pipeline_v1' retrieved from /opt/airflow/dags/sdp_pipeline_dag.py
[2026-07-17T08:43:38.505+0000] {logging_mixin.py:188} INFO - [2026-07-17T08:43:38.504+0000] {dag.py:3096} INFO - Sync 1 DAGs
[2026-07-17T08:43:38.536+0000] {logging_mixin.py:188} INFO - [2026-07-17T08:43:38.535+0000] {dag.py:3954} INFO - Setting next_dagrun for e-commerce_kafka_streaming_pipeline_v1 to 2026-07-17 08:00:00+00:00, run_after=2026-07-17 09:00:00+00:00
[2026-07-17T08:43:38.556+0000] {processor.py:183} INFO - Processing /opt/airflow/dags/sdp_pipeline_dag.py took 0.123 seconds
[2026-07-17T08:51:44.335+0000] {processor.py:161} INFO - Started process (PID=3797) to work on /opt/airflow/dags/sdp_pipeline_dag.py
[2026-07-17T08:51:44.336+0000] {processor.py:830} INFO - Processing file /opt/airflow/dags/sdp_pipeline_dag.py for tasks to queue
[2026-07-17T08:51:44.339+0000] {logging_mixin.py:188} INFO - [2026-07-17T08:51:44.338+0000] {dagbag.py:540} INFO - Filling up the DagBag from /opt/airflow/dags/sdp_pipeline_dag.py
[2026-07-17T08:51:44.384+0000] {processor.py:840} INFO - DAG(s) 'e-commerce_kafka_streaming_pipeline_v1' retrieved from /opt/airflow/dags/sdp_pipeline_dag.py
[2026-07-17T08:51:44.427+0000] {logging_mixin.py:188} INFO - [2026-07-17T08:51:44.427+0000] {dag.py:3096} INFO - Sync 1 DAGs
[2026-07-17T08:51:44.455+0000] {logging_mixin.py:188} INFO - [2026-07-17T08:51:44.455+0000] {dag.py:3954} INFO - Setting next_dagrun for e-commerce_kafka_streaming_pipeline_v1 to 2026-07-17 08:00:00+00:00, run_after=2026-07-17 09:00:00+00:00
[2026-07-17T08:51:44.480+0000] {processor.py:183} INFO - Processing /opt/airflow/dags/sdp_pipeline_dag.py took 0.155 seconds
[2026-07-17T08:52:14.735+0000] {processor.py:161} INFO - Started process (PID=3802) to work on /opt/airflow/dags/sdp_pipeline_dag.py
[2026-07-17T08:52:14.739+0000] {processor.py:830} INFO - Processing file /opt/airflow/dags/sdp_pipeline_dag.py for tasks to queue
[2026-07-17T08:52:14.741+0000] {logging_mixin.py:188} INFO - [2026-07-17T08:52:14.740+0000] {dagbag.py:540} INFO - Filling up the DagBag from /opt/airflow/dags/sdp_pipeline_dag.py
[2026-07-17T08:52:14.777+0000] {processor.py:840} INFO - DAG(s) 'e-commerce_kafka_streaming_pipeline_v1' retrieved from /opt/airflow/dags/sdp_pipeline_dag.py
[2026-07-17T08:52:14.811+0000] {logging_mixin.py:188} INFO - [2026-07-17T08:52:14.811+0000] {dag.py:3096} INFO - Sync 1 DAGs
[2026-07-17T08:52:14.838+0000] {logging_mixin.py:188} INFO - [2026-07-17T08:52:14.838+0000] {dag.py:3954} INFO - Setting next_dagrun for e-commerce_kafka_streaming_pipeline_v1 to 2026-07-17 08:00:00+00:00, run_after=2026-07-17 09:00:00+00:00
[2026-07-17T08:52:14.868+0000] {processor.py:183} INFO - Processing /opt/airflow/dags/sdp_pipeline_dag.py took 0.143 seconds
[2026-07-17T08:52:45.050+0000] {processor.py:161} INFO - Started process (PID=3807) to work on /opt/airflow/dags/sdp_pipeline_dag.py
[2026-07-17T08:52:45.052+0000] {processor.py:830} INFO - Processing file /opt/airflow/dags/sdp_pipeline_dag.py for tasks to queue
[2026-07-17T08:52:45.054+0000] {logging_mixin.py:188} INFO - [2026-07-17T08:52:45.053+0000] {dagbag.py:540} INFO - Filling up the DagBag from /opt/airflow/dags/sdp_pipeline_dag.py
[2026-07-17T08:52:45.088+0000] {processor.py:840} INFO - DAG(s) 'e-commerce_kafka_streaming_pipeline_v1' retrieved from /opt/airflow/dags/sdp_pipeline_dag.py
[2026-07-17T08:52:45.120+0000] {logging_mixin.py:188} INFO - [2026-07-17T08:52:45.120+0000] {dag.py:3096} INFO - Sync 1 DAGs
[2026-07-17T08:52:45.155+0000] {logging_mixin.py:188} INFO - [2026-07-17T08:52:45.154+0000] {dag.py:3954} INFO - Setting next_dagrun for e-commerce_kafka_streaming_pipeline_v1 to 2026-07-17 08:00:00+00:00, run_after=2026-07-17 09:00:00+00:00
[2026-07-17T08:52:45.178+0000] {processor.py:183} INFO - Processing /opt/airflow/dags/sdp_pipeline_dag.py took 0.135 seconds
[2026-07-17T08:53:15.439+0000] {processor.py:161} INFO - Started process (PID=3812) to work on /opt/airflow/dags/sdp_pipeline_dag.py
[2026-07-17T08:53:15.441+0000] {processor.py:830} INFO - Processing file /opt/airflow/dags/sdp_pipeline_dag.py for tasks to queue
[2026-07-17T08:53:15.443+0000] {logging_mixin.py:188} INFO - [2026-07-17T08:53:15.443+0000] {dagbag.py:540} INFO - Filling up the DagBag from /opt/airflow/dags/sdp_pipeline_dag.py
[2026-07-17T08:53:15.468+0000] {processor.py:840} INFO - DAG(s) 'e-commerce_kafka_streaming_pipeline_v1' retrieved from /opt/airflow/dags/sdp_pipeline_dag.py
[2026-07-17T08:53:15.495+0000] {logging_mixin.py:188} INFO - [2026-07-17T08:53:15.495+0000] {dag.py:3096} INFO - Sync 1 DAGs
[2026-07-17T08:53:15.517+0000] {logging_mixin.py:188} INFO - [2026-07-17T08:53:15.517+0000] {dag.py:3954} INFO - Setting next_dagrun for e-commerce_kafka_streaming_pipeline_v1 to 2026-07-17 08:00:00+00:00, run_after=2026-07-17 09:00:00+00:00
[2026-07-17T08:53:15.538+0000] {processor.py:183} INFO - Processing /opt/airflow/dags/sdp_pipeline_dag.py took 0.105 seconds
[2026-07-17T08:53:45.716+0000] {processor.py:161} INFO - Started process (PID=3817) to work on /opt/airflow/dags/sdp_pipeline_dag.py
[2026-07-17T08:53:45.718+0000] {processor.py:830} INFO - Processing file /opt/airflow/dags/sdp_pipeline_dag.py for tasks to queue
[2026-07-17T08:53:45.720+0000] {logging_mixin.py:188} INFO - [2026-07-17T08:53:45.719+0000] {dagbag.py:540} INFO - Filling up the DagBag from /opt/airflow/dags/sdp_pipeline_dag.py
[2026-07-17T08:53:45.746+0000] {processor.py:840} INFO - DAG(s) 'e-commerce_kafka_streaming_pipeline_v1' retrieved from /opt/airflow/dags/sdp_pipeline_dag.py
[2026-07-17T08:53:45.773+0000] {logging_mixin.py:188} INFO - [2026-07-17T08:53:45.773+0000] {dag.py:3096} INFO - Sync 1 DAGs
[2026-07-17T08:53:45.798+0000] {logging_mixin.py:188} INFO - [2026-07-17T08:53:45.798+0000] {dag.py:3954} INFO - Setting next_dagrun for e-commerce_kafka_streaming_pipeline_v1 to 2026-07-17 08:00:00+00:00, run_after=2026-07-17 09:00:00+00:00
[2026-07-17T08:53:45.820+0000] {processor.py:183} INFO - Processing /opt/airflow/dags/sdp_pipeline_dag.py took 0.110 seconds
[2026-07-17T08:54:16.084+0000] {processor.py:161} INFO - Started process (PID=3822) to work on /opt/airflow/dags/sdp_pipeline_dag.py
[2026-07-17T08:54:16.086+0000] {processor.py:830} INFO - Processing file /opt/airflow/dags/sdp_pipeline_dag.py for tasks to queue
[2026-07-17T08:54:16.088+0000] {logging_mixin.py:188} INFO - [2026-07-17T08:54:16.088+0000] {dagbag.py:540} INFO - Filling up the DagBag from /opt/airflow/dags/sdp_pipeline_dag.py
[2026-07-17T08:54:16.115+0000] {processor.py:840} INFO - DAG(s) 'e-commerce_kafka_streaming_pipeline_v1' retrieved from /opt/airflow/dags/sdp_pipeline_dag.py
[2026-07-17T08:54:16.153+0000] {logging_mixin.py:188} INFO - [2026-07-17T08:54:16.153+0000] {dag.py:3096} INFO - Sync 1 DAGs
[2026-07-17T08:54:16.186+0000] {logging_mixin.py:188} INFO - [2026-07-17T08:54:16.186+0000] {dag.py:3954} INFO - Setting next_dagrun for e-commerce_kafka_streaming_pipeline_v1 to 2026-07-17 08:00:00+00:00, run_after=2026-07-17 09:00:00+00:00
[2026-07-17T08:54:16.213+0000] {processor.py:183} INFO - Processing /opt/airflow/dags/sdp_pipeline_dag.py took 0.137 seconds
[2026-07-17T08:54:46.405+0000] {processor.py:161} INFO - Started process (PID=3827) to work on /opt/airflow/dags/sdp_pipeline_dag.py
[2026-07-17T08:54:46.407+0000] {processor.py:830} INFO - Processing file /opt/airflow/dags/sdp_pipeline_dag.py for tasks to queue
[2026-07-17T08:54:46.409+0000] {logging_mixin.py:188} INFO - [2026-07-17T08:54:46.409+0000] {dagbag.py:540} INFO - Filling up the DagBag from /opt/airflow/dags/sdp_pipeline_dag.py
[2026-07-17T08:54:46.443+0000] {processor.py:840} INFO - DAG(s) 'e-commerce_kafka_streaming_pipeline_v1' retrieved from /opt/airflow/dags/sdp_pipeline_dag.py
[2026-07-17T08:54:46.474+0000] {logging_mixin.py:188} INFO - [2026-07-17T08:54:46.474+0000] {dag.py:3096} INFO - Sync 1 DAGs
[2026-07-17T08:54:46.498+0000] {logging_mixin.py:188} INFO - [2026-07-17T08:54:46.497+0000] {dag.py:3954} INFO - Setting next_dagrun for e-commerce_kafka_streaming_pipeline_v1 to 2026-07-17 08:00:00+00:00, run_after=2026-07-17 09:00:00+00:00
[2026-07-17T08:54:46.519+0000] {processor.py:183} INFO - Processing /opt/airflow/dags/sdp_pipeline_dag.py took 0.121 seconds
[2026-07-17T08:55:16.757+0000] {processor.py:161} INFO - Started process (PID=3832) to work on /opt/airflow/dags/sdp_pipeline_dag.py
[2026-07-17T08:55:16.759+0000] {processor.py:830} INFO - Processing file /opt/airflow/dags/sdp_pipeline_dag.py for tasks to queue
[2026-07-17T08:55:16.761+0000] {logging_mixin.py:188} INFO - [2026-07-17T08:55:16.761+0000] {dagbag.py:540} INFO - Filling up the DagBag from /opt/airflow/dags/sdp_pipeline_dag.py
[2026-07-17T08:55:16.788+0000] {processor.py:840} INFO - DAG(s) 'e-commerce_kafka_streaming_pipeline_v1' retrieved from /opt/airflow/dags/sdp_pipeline_dag.py
[2026-07-17T08:55:16.816+0000] {logging_mixin.py:188} INFO - [2026-07-17T08:55:16.816+0000] {dag.py:3096} INFO - Sync 1 DAGs
[2026-07-17T08:55:16.839+0000] {logging_mixin.py:188} INFO - [2026-07-17T08:55:16.838+0000] {dag.py:3954} INFO - Setting next_dagrun for e-commerce_kafka_streaming_pipeline_v1 to 2026-07-17 08:00:00+00:00, run_after=2026-07-17 09:00:00+00:00
[2026-07-17T08:55:16.869+0000] {processor.py:183} INFO - Processing /opt/airflow/dags/sdp_pipeline_dag.py took 0.121 seconds
[2026-07-17T10:45:29.196+0000] {processor.py:161} INFO - Started process (PID=3839) to work on /opt/airflow/dags/sdp_pipeline_dag.py
[2026-07-17T10:45:29.206+0000] {processor.py:830} INFO - Processing file /opt/airflow/dags/sdp_pipeline_dag.py for tasks to queue
[2026-07-17T10:45:29.214+0000] {logging_mixin.py:188} INFO - [2026-07-17T10:45:29.213+0000] {dagbag.py:540} INFO - Filling up the DagBag from /opt/airflow/dags/sdp_pipeline_dag.py
[2026-07-17T10:45:29.292+0000] {processor.py:840} INFO - DAG(s) 'e-commerce_kafka_streaming_pipeline_v1' retrieved from /opt/airflow/dags/sdp_pipeline_dag.py
[2026-07-17T10:45:29.422+0000] {logging_mixin.py:188} INFO - [2026-07-17T10:45:29.422+0000] {dag.py:3096} INFO - Sync 1 DAGs
[2026-07-17T10:45:29.548+0000] {logging_mixin.py:188} INFO - [2026-07-17T10:45:29.547+0000] {dag.py:3954} INFO - Setting next_dagrun for e-commerce_kafka_streaming_pipeline_v1 to 2026-07-17 10:00:00+00:00, run_after=2026-07-17 11:00:00+00:00
[2026-07-17T10:45:29.627+0000] {processor.py:183} INFO - Processing /opt/airflow/dags/sdp_pipeline_dag.py took 0.466 seconds
[2026-07-17T10:46:00.168+0000] {processor.py:161} INFO - Started process (PID=3879) to work on /opt/airflow/dags/sdp_pipeline_dag.py
[2026-07-17T10:46:00.181+0000] {processor.py:830} INFO - Processing file /opt/airflow/dags/sdp_pipeline_dag.py for tasks to queue
[2026-07-17T10:46:00.188+0000] {logging_mixin.py:188} INFO - [2026-07-17T10:46:00.187+0000] {dagbag.py:540} INFO - Filling up the DagBag from /opt/airflow/dags/sdp_pipeline_dag.py
[2026-07-17T10:46:00.344+0000] {processor.py:840} INFO - DAG(s) 'e-commerce_kafka_streaming_pipeline_v1' retrieved from /opt/airflow/dags/sdp_pipeline_dag.py
[2026-07-17T10:46:00.526+0000] {logging_mixin.py:188} INFO - [2026-07-17T10:46:00.526+0000] {dag.py:3096} INFO - Sync 1 DAGs
[2026-07-17T10:46:00.627+0000] {logging_mixin.py:188} INFO - [2026-07-17T10:46:00.626+0000] {dag.py:3954} INFO - Setting next_dagrun for e-commerce_kafka_streaming_pipeline_v1 to 2026-07-17 10:00:00+00:00, run_after=2026-07-17 11:00:00+00:00
[2026-07-17T10:46:00.812+0000] {processor.py:183} INFO - Processing /opt/airflow/dags/sdp_pipeline_dag.py took 0.677 seconds
[2026-07-17T10:46:31.032+0000] {processor.py:161} INFO - Started process (PID=3884) to work on /opt/airflow/dags/sdp_pipeline_dag.py
[2026-07-17T10:46:31.037+0000] {processor.py:830} INFO - Processing file /opt/airflow/dags/sdp_pipeline_dag.py for tasks to queue
[2026-07-17T10:46:31.042+0000] {logging_mixin.py:188} INFO - [2026-07-17T10:46:31.041+0000] {dagbag.py:540} INFO - Filling up the DagBag from /opt/airflow/dags/sdp_pipeline_dag.py
[2026-07-17T10:46:31.106+0000] {processor.py:840} INFO - DAG(s) 'e-commerce_kafka_streaming_pipeline_v1' retrieved from /opt/airflow/dags/sdp_pipeline_dag.py
[2026-07-17T10:46:31.149+0000] {logging_mixin.py:188} INFO - [2026-07-17T10:46:31.148+0000] {dag.py:3096} INFO - Sync 1 DAGs
[2026-07-17T10:46:31.176+0000] {logging_mixin.py:188} INFO - [2026-07-17T10:46:31.175+0000] {dag.py:3954} INFO - Setting next_dagrun for e-commerce_kafka_streaming_pipeline_v1 to 2026-07-17 10:00:00+00:00, run_after=2026-07-17 11:00:00+00:00
[2026-07-17T10:46:31.210+0000] {processor.py:183} INFO - Processing /opt/airflow/dags/sdp_pipeline_dag.py took 0.198 seconds
[2026-07-17T10:47:01.441+0000] {processor.py:161} INFO - Started process (PID=3889) to work on /opt/airflow/dags/sdp_pipeline_dag.py
[2026-07-17T10:47:01.443+0000] {processor.py:830} INFO - Processing file /opt/airflow/dags/sdp_pipeline_dag.py for tasks to queue
[2026-07-17T10:47:01.445+0000] {logging_mixin.py:188} INFO - [2026-07-17T10:47:01.444+0000] {dagbag.py:540} INFO - Filling up the DagBag from /opt/airflow/dags/sdp_pipeline_dag.py
[2026-07-17T10:47:01.476+0000] {processor.py:840} INFO - DAG(s) 'e-commerce_kafka_streaming_pipeline_v1' retrieved from /opt/airflow/dags/sdp_pipeline_dag.py
[2026-07-17T10:47:01.511+0000] {logging_mixin.py:188} INFO - [2026-07-17T10:47:01.511+0000] {dag.py:3096} INFO - Sync 1 DAGs
[2026-07-17T10:47:01.547+0000] {logging_mixin.py:188} INFO - [2026-07-17T10:47:01.547+0000] {dag.py:3954} INFO - Setting next_dagrun for e-commerce_kafka_streaming_pipeline_v1 to 2026-07-17 10:00:00+00:00, run_after=2026-07-17 11:00:00+00:00
[2026-07-17T10:47:01.580+0000] {processor.py:183} INFO - Processing /opt/airflow/dags/sdp_pipeline_dag.py took 0.152 seconds
[2026-07-17T10:47:31.816+0000] {processor.py:161} INFO - Started process (PID=3894) to work on /opt/airflow/dags/sdp_pipeline_dag.py
[2026-07-17T10:47:31.818+0000] {processor.py:830} INFO - Processing file /opt/airflow/dags/sdp_pipeline_dag.py for tasks to queue
[2026-07-17T10:47:31.821+0000] {logging_mixin.py:188} INFO - [2026-07-17T10:47:31.820+0000] {dagbag.py:540} INFO - Filling up the DagBag from /opt/airflow/dags/sdp_pipeline_dag.py
[2026-07-17T10:47:31.856+0000] {processor.py:840} INFO - DAG(s) 'e-commerce_kafka_streaming_pipeline_v1' retrieved from /opt/airflow/dags/sdp_pipeline_dag.py
[2026-07-17T10:47:31.900+0000] {logging_mixin.py:188} INFO - [2026-07-17T10:47:31.899+0000] {dag.py:3096} INFO - Sync 1 DAGs
[2026-07-17T10:47:31.944+0000] {logging_mixin.py:188} INFO - [2026-07-17T10:47:31.944+0000] {dag.py:3954} INFO - Setting next_dagrun for e-commerce_kafka_streaming_pipeline_v1 to 2026-07-17 10:00:00+00:00, run_after=2026-07-17 11:00:00+00:00
[2026-07-17T10:47:31.975+0000] {processor.py:183} INFO - Processing /opt/airflow/dags/sdp_pipeline_dag.py took 0.170 seconds
[2026-07-17T10:48:02.241+0000] {processor.py:161} INFO - Started process (PID=3929) to work on /opt/airflow/dags/sdp_pipeline_dag.py
[2026-07-17T10:48:02.245+0000] {processor.py:830} INFO - Processing file /opt/airflow/dags/sdp_pipeline_dag.py for tasks to queue
[2026-07-17T10:48:02.248+0000] {logging_mixin.py:188} INFO - [2026-07-17T10:48:02.247+0000] {dagbag.py:540} INFO - Filling up the DagBag from /opt/airflow/dags/sdp_pipeline_dag.py
[2026-07-17T10:48:02.291+0000] {processor.py:840} INFO - DAG(s) 'e-commerce_kafka_streaming_pipeline_v1' retrieved from /opt/airflow/dags/sdp_pipeline_dag.py
[2026-07-17T10:48:02.364+0000] {logging_mixin.py:188} INFO - [2026-07-17T10:48:02.364+0000] {dag.py:3096} INFO - Sync 1 DAGs
[2026-07-17T10:48:02.429+0000] {logging_mixin.py:188} INFO - [2026-07-17T10:48:02.429+0000] {dag.py:3954} INFO - Setting next_dagrun for e-commerce_kafka_streaming_pipeline_v1 to 2026-07-17 10:00:00+00:00, run_after=2026-07-17 11:00:00+00:00
[2026-07-17T10:48:02.472+0000] {processor.py:183} INFO - Processing /opt/airflow/dags/sdp_pipeline_dag.py took 0.258 seconds
[2026-07-17T10:48:32.844+0000] {processor.py:161} INFO - Started process (PID=3934) to work on /opt/airflow/dags/sdp_pipeline_dag.py
[2026-07-17T10:48:32.849+0000] {processor.py:830} INFO - Processing file /opt/airflow/dags/sdp_pipeline_dag.py for tasks to queue
[2026-07-17T10:48:32.854+0000] {logging_mixin.py:188} INFO - [2026-07-17T10:48:32.852+0000] {dagbag.py:540} INFO - Filling up the DagBag from /opt/airflow/dags/sdp_pipeline_dag.py
[2026-07-17T10:48:32.922+0000] {processor.py:840} INFO - DAG(s) 'e-commerce_kafka_streaming_pipeline_v1' retrieved from /opt/airflow/dags/sdp_pipeline_dag.py
[2026-07-17T10:48:33.113+0000] {logging_mixin.py:188} INFO - [2026-07-17T10:48:33.112+0000] {dag.py:3096} INFO - Sync 1 DAGs
[2026-07-17T10:48:33.362+0000] {logging_mixin.py:188} INFO - [2026-07-17T10:48:33.361+0000] {dag.py:3954} INFO - Setting next_dagrun for e-commerce_kafka_streaming_pipeline_v1 to 2026-07-17 10:00:00+00:00, run_after=2026-07-17 11:00:00+00:00
[2026-07-17T10:48:33.419+0000] {processor.py:183} INFO - Processing /opt/airflow/dags/sdp_pipeline_dag.py took 0.605 seconds
[2026-07-17T10:49:03.767+0000] {processor.py:161} INFO - Started process (PID=3939) to work on /opt/airflow/dags/sdp_pipeline_dag.py
[2026-07-17T10:49:03.769+0000] {processor.py:830} INFO - Processing file /opt/airflow/dags/sdp_pipeline_dag.py for tasks to queue
[2026-07-17T10:49:03.772+0000] {logging_mixin.py:188} INFO - [2026-07-17T10:49:03.771+0000] {dagbag.py:540} INFO - Filling up the DagBag from /opt/airflow/dags/sdp_pipeline_dag.py
[2026-07-17T10:49:03.813+0000] {processor.py:840} INFO - DAG(s) 'e-commerce_kafka_streaming_pipeline_v1' retrieved from /opt/airflow/dags/sdp_pipeline_dag.py
[2026-07-17T10:49:03.858+0000] {logging_mixin.py:188} INFO - [2026-07-17T10:49:03.858+0000] {dag.py:3096} INFO - Sync 1 DAGs
[2026-07-17T10:49:03.890+0000] {logging_mixin.py:188} INFO - [2026-07-17T10:49:03.889+0000] {dag.py:3954} INFO - Setting next_dagrun for e-commerce_kafka_streaming_pipeline_v1 to 2026-07-17 10:00:00+00:00, run_after=2026-07-17 11:00:00+00:00
[2026-07-17T10:49:03.916+0000] {processor.py:183} INFO - Processing /opt/airflow/dags/sdp_pipeline_dag.py took 0.160 seconds
[2026-07-17T10:49:34.207+0000] {processor.py:161} INFO - Started process (PID=3944) to work on /opt/airflow/dags/sdp_pipeline_dag.py
[2026-07-17T10:49:34.210+0000] {processor.py:830} INFO - Processing file /opt/airflow/dags/sdp_pipeline_dag.py for tasks to queue
[2026-07-17T10:49:34.218+0000] {logging_mixin.py:188} INFO - [2026-07-17T10:49:34.214+0000] {dagbag.py:540} INFO - Filling up the DagBag from /opt/airflow/dags/sdp_pipeline_dag.py
[2026-07-17T10:49:34.270+0000] {processor.py:840} INFO - DAG(s) 'e-commerce_kafka_streaming_pipeline_v1' retrieved from /opt/airflow/dags/sdp_pipeline_dag.py
[2026-07-17T10:49:34.316+0000] {logging_mixin.py:188} INFO - [2026-07-17T10:49:34.316+0000] {dag.py:3096} INFO - Sync 1 DAGs
[2026-07-17T10:49:34.352+0000] {logging_mixin.py:188} INFO - [2026-07-17T10:49:34.352+0000] {dag.py:3954} INFO - Setting next_dagrun for e-commerce_kafka_streaming_pipeline_v1 to 2026-07-17 10:00:00+00:00, run_after=2026-07-17 11:00:00+00:00
[2026-07-17T10:49:34.382+0000] {processor.py:183} INFO - Processing /opt/airflow/dags/sdp_pipeline_dag.py took 0.224 seconds
[2026-07-17T10:50:04.629+0000] {processor.py:161} INFO - Started process (PID=3949) to work on /opt/airflow/dags/sdp_pipeline_dag.py
[2026-07-17T10:50:04.632+0000] {processor.py:830} INFO - Processing file /opt/airflow/dags/sdp_pipeline_dag.py for tasks to queue
[2026-07-17T10:50:04.635+0000] {logging_mixin.py:188} INFO - [2026-07-17T10:50:04.634+0000] {dagbag.py:540} INFO - Filling up the DagBag from /opt/airflow/dags/sdp_pipeline_dag.py
[2026-07-17T10:50:04.680+0000] {processor.py:840} INFO - DAG(s) 'e-commerce_kafka_streaming_pipeline_v1' retrieved from /opt/airflow/dags/sdp_pipeline_dag.py
[2026-07-17T10:50:04.739+0000] {logging_mixin.py:188} INFO - [2026-07-17T10:50:04.739+0000] {dag.py:3096} INFO - Sync 1 DAGs
[2026-07-17T10:50:04.789+0000] {logging_mixin.py:188} INFO - [2026-07-17T10:50:04.789+0000] {dag.py:3954} INFO - Setting next_dagrun for e-commerce_kafka_streaming_pipeline_v1 to 2026-07-17 10:00:00+00:00, run_after=2026-07-17 11:00:00+00:00
[2026-07-17T10:50:04.830+0000] {processor.py:183} INFO - Processing /opt/airflow/dags/sdp_pipeline_dag.py took 0.213 seconds
[2026-07-17T10:50:35.396+0000] {processor.py:161} INFO - Started process (PID=3982) to work on /opt/airflow/dags/sdp_pipeline_dag.py
[2026-07-17T10:50:35.399+0000] {processor.py:830} INFO - Processing file /opt/airflow/dags/sdp_pipeline_dag.py for tasks to queue
[2026-07-17T10:50:35.402+0000] {logging_mixin.py:188} INFO - [2026-07-17T10:50:35.400+0000] {dagbag.py:540} INFO - Filling up the DagBag from /opt/airflow/dags/sdp_pipeline_dag.py
[2026-07-17T10:50:35.471+0000] {processor.py:840} INFO - DAG(s) 'e-commerce_kafka_streaming_pipeline_v1' retrieved from /opt/airflow/dags/sdp_pipeline_dag.py
[2026-07-17T10:50:35.553+0000] {logging_mixin.py:188} INFO - [2026-07-17T10:50:35.553+0000] {dag.py:3096} INFO - Sync 1 DAGs
[2026-07-17T10:50:35.630+0000] {logging_mixin.py:188} INFO - [2026-07-17T10:50:35.629+0000] {dag.py:3954} INFO - Setting next_dagrun for e-commerce_kafka_streaming_pipeline_v1 to 2026-07-17 10:00:00+00:00, run_after=2026-07-17 11:00:00+00:00
[2026-07-17T10:50:35.710+0000] {processor.py:183} INFO - Processing /opt/airflow/dags/sdp_pipeline_dag.py took 0.333 seconds
[2026-07-17T10:51:06.270+0000] {processor.py:161} INFO - Started process (PID=3987) to work on /opt/airflow/dags/sdp_pipeline_dag.py
[2026-07-17T10:51:06.282+0000] {processor.py:830} INFO - Processing file /opt/airflow/dags/sdp_pipeline_dag.py for tasks to queue
[2026-07-17T10:51:06.314+0000] {logging_mixin.py:188} INFO - [2026-07-17T10:51:06.287+0000] {dagbag.py:540} INFO - Filling up the DagBag from /opt/airflow/dags/sdp_pipeline_dag.py
[2026-07-17T10:51:06.552+0000] {processor.py:840} INFO - DAG(s) 'e-commerce_kafka_streaming_pipeline_v1' retrieved from /opt/airflow/dags/sdp_pipeline_dag.py
[2026-07-17T10:51:06.888+0000] {logging_mixin.py:188} INFO - [2026-07-17T10:51:06.888+0000] {dag.py:3096} INFO - Sync 1 DAGs
[2026-07-17T10:51:07.093+0000] {logging_mixin.py:188} INFO - [2026-07-17T10:51:07.090+0000] {dag.py:3954} INFO - Setting next_dagrun for e-commerce_kafka_streaming_pipeline_v1 to 2026-07-17 10:00:00+00:00, run_after=2026-07-17 11:00:00+00:00
[2026-07-17T10:51:07.185+0000] {processor.py:183} INFO - Processing /opt/airflow/dags/sdp_pipeline_dag.py took 0.954 seconds
[2026-07-17T10:51:37.963+0000] {processor.py:161} INFO - Started process (PID=3992) to work on /opt/airflow/dags/sdp_pipeline_dag.py
[2026-07-17T10:51:37.984+0000] {processor.py:830} INFO - Processing file /opt/airflow/dags/sdp_pipeline_dag.py for tasks to queue
[2026-07-17T10:51:37.997+0000] {logging_mixin.py:188} INFO - [2026-07-17T10:51:37.992+0000] {dagbag.py:540} INFO - Filling up the DagBag from /opt/airflow/dags/sdp_pipeline_dag.py
[2026-07-17T10:51:38.537+0000] {processor.py:840} INFO - DAG(s) 'e-commerce_kafka_streaming_pipeline_v1' retrieved from /opt/airflow/dags/sdp_pipeline_dag.py
[2026-07-17T10:51:38.925+0000] {logging_mixin.py:188} INFO - [2026-07-17T10:51:38.924+0000] {dag.py:3096} INFO - Sync 1 DAGs
[2026-07-17T10:51:39.186+0000] {logging_mixin.py:188} INFO - [2026-07-17T10:51:39.180+0000] {dag.py:3954} INFO - Setting next_dagrun for e-commerce_kafka_streaming_pipeline_v1 to 2026-07-17 10:00:00+00:00, run_after=2026-07-17 11:00:00+00:00
[2026-07-17T10:51:39.279+0000] {processor.py:183} INFO - Processing /opt/airflow/dags/sdp_pipeline_dag.py took 1.507 seconds
[2026-07-17T10:52:09.698+0000] {processor.py:161} INFO - Started process (PID=3997) to work on /opt/airflow/dags/sdp_pipeline_dag.py
[2026-07-17T10:52:09.705+0000] {processor.py:830} INFO - Processing file /opt/airflow/dags/sdp_pipeline_dag.py for tasks to queue
[2026-07-17T10:52:09.710+0000] {logging_mixin.py:188} INFO - [2026-07-17T10:52:09.709+0000] {dagbag.py:540} INFO - Filling up the DagBag from /opt/airflow/dags/sdp_pipeline_dag.py
[2026-07-17T10:52:09.758+0000] {processor.py:840} INFO - DAG(s) 'e-commerce_kafka_streaming_pipeline_v1' retrieved from /opt/airflow/dags/sdp_pipeline_dag.py
[2026-07-17T10:52:09.840+0000] {logging_mixin.py:188} INFO - [2026-07-17T10:52:09.839+0000] {dag.py:3096} INFO - Sync 1 DAGs
[2026-07-17T10:52:09.921+0000] {logging_mixin.py:188} INFO - [2026-07-17T10:52:09.920+0000] {dag.py:3954} INFO - Setting next_dagrun for e-commerce_kafka_streaming_pipeline_v1 to 2026-07-17 10:00:00+00:00, run_after=2026-07-17 11:00:00+00:00
[2026-07-17T10:52:09.968+0000] {processor.py:183} INFO - Processing /opt/airflow/dags/sdp_pipeline_dag.py took 0.288 seconds
[2026-07-17T10:52:40.296+0000] {processor.py:161} INFO - Started process (PID=4008) to work on /opt/airflow/dags/sdp_pipeline_dag.py
[2026-07-17T10:52:40.298+0000] {processor.py:830} INFO - Processing file /opt/airflow/dags/sdp_pipeline_dag.py for tasks to queue
[2026-07-17T10:52:40.300+0000] {logging_mixin.py:188} INFO - [2026-07-17T10:52:40.300+0000] {dagbag.py:540} INFO - Filling up the DagBag from /opt/airflow/dags/sdp_pipeline_dag.py
[2026-07-17T10:52:40.332+0000] {processor.py:840} INFO - DAG(s) 'e-commerce_kafka_streaming_pipeline_v1' retrieved from /opt/airflow/dags/sdp_pipeline_dag.py
[2026-07-17T10:52:40.365+0000] {logging_mixin.py:188} INFO - [2026-07-17T10:52:40.365+0000] {dag.py:3096} INFO - Sync 1 DAGs
[2026-07-17T10:52:40.392+0000] {logging_mixin.py:188} INFO - [2026-07-17T10:52:40.392+0000] {dag.py:3954} INFO - Setting next_dagrun for e-commerce_kafka_streaming_pipeline_v1 to 2026-07-17 10:00:00+00:00, run_after=2026-07-17 11:00:00+00:00
[2026-07-17T10:52:40.421+0000] {processor.py:183} INFO - Processing /opt/airflow/dags/sdp_pipeline_dag.py took 0.133 seconds
[2026-07-17T10:53:10.584+0000] {processor.py:161} INFO - Started process (PID=4013) to work on /opt/airflow/dags/sdp_pipeline_dag.py
[2026-07-17T10:53:10.586+0000] {processor.py:830} INFO - Processing file /opt/airflow/dags/sdp_pipeline_dag.py for tasks to queue
[2026-07-17T10:53:10.588+0000] {logging_mixin.py:188} INFO - [2026-07-17T10:53:10.588+0000] {dagbag.py:540} INFO - Filling up the DagBag from /opt/airflow/dags/sdp_pipeline_dag.py
[2026-07-17T10:53:10.615+0000] {processor.py:840} INFO - DAG(s) 'e-commerce_kafka_streaming_pipeline_v1' retrieved from /opt/airflow/dags/sdp_pipeline_dag.py
[2026-07-17T10:53:10.645+0000] {logging_mixin.py:188} INFO - [2026-07-17T10:53:10.645+0000] {dag.py:3096} INFO - Sync 1 DAGs
[2026-07-17T10:53:10.671+0000] {logging_mixin.py:188} INFO - [2026-07-17T10:53:10.671+0000] {dag.py:3954} INFO - Setting next_dagrun for e-commerce_kafka_streaming_pipeline_v1 to 2026-07-17 10:00:00+00:00, run_after=2026-07-17 11:00:00+00:00
[2026-07-17T10:53:10.693+0000] {processor.py:183} INFO - Processing /opt/airflow/dags/sdp_pipeline_dag.py took 0.116 seconds
[2026-07-17T10:53:40.944+0000] {processor.py:161} INFO - Started process (PID=4018) to work on /opt/airflow/dags/sdp_pipeline_dag.py
[2026-07-17T10:53:40.947+0000] {processor.py:830} INFO - Processing file /opt/airflow/dags/sdp_pipeline_dag.py for tasks to queue
[2026-07-17T10:53:40.948+0000] {logging_mixin.py:188} INFO - [2026-07-17T10:53:40.948+0000] {dagbag.py:540} INFO - Filling up the DagBag from /opt/airflow/dags/sdp_pipeline_dag.py
[2026-07-17T10:53:40.979+0000] {processor.py:840} INFO - DAG(s) 'e-commerce_kafka_streaming_pipeline_v1' retrieved from /opt/airflow/dags/sdp_pipeline_dag.py
[2026-07-17T10:53:41.017+0000] {logging_mixin.py:188} INFO - [2026-07-17T10:53:41.016+0000] {dag.py:3096} INFO - Sync 1 DAGs
[2026-07-17T10:53:41.042+0000] {logging_mixin.py:188} INFO - [2026-07-17T10:53:41.041+0000] {dag.py:3954} INFO - Setting next_dagrun for e-commerce_kafka_streaming_pipeline_v1 to 2026-07-17 10:00:00+00:00, run_after=2026-07-17 11:00:00+00:00
[2026-07-17T10:53:41.064+0000] {processor.py:183} INFO - Processing /opt/airflow/dags/sdp_pipeline_dag.py took 0.127 seconds
[2026-07-17T10:54:11.222+0000] {processor.py:161} INFO - Started process (PID=4034) to work on /opt/airflow/dags/sdp_pipeline_dag.py
[2026-07-17T10:54:11.224+0000] {processor.py:830} INFO - Processing file /opt/airflow/dags/sdp_pipeline_dag.py for tasks to queue
[2026-07-17T10:54:11.226+0000] {logging_mixin.py:188} INFO - [2026-07-17T10:54:11.225+0000] {dagbag.py:540} INFO - Filling up the DagBag from /opt/airflow/dags/sdp_pipeline_dag.py
[2026-07-17T10:54:11.267+0000] {processor.py:840} INFO - DAG(s) 'e-commerce_kafka_streaming_pipeline_v1' retrieved from /opt/airflow/dags/sdp_pipeline_dag.py
[2026-07-17T10:54:11.313+0000] {logging_mixin.py:188} INFO - [2026-07-17T10:54:11.312+0000] {dag.py:3096} INFO - Sync 1 DAGs
[2026-07-17T10:54:11.346+0000] {logging_mixin.py:188} INFO - [2026-07-17T10:54:11.346+0000] {dag.py:3954} INFO - Setting next_dagrun for e-commerce_kafka_streaming_pipeline_v1 to 2026-07-17 10:00:00+00:00, run_after=2026-07-17 11:00:00+00:00
[2026-07-17T10:54:11.372+0000] {processor.py:183} INFO - Processing /opt/airflow/dags/sdp_pipeline_dag.py took 0.159 seconds
[2026-07-17T10:54:41.694+0000] {processor.py:161} INFO - Started process (PID=4039) to work on /opt/airflow/dags/sdp_pipeline_dag.py
[2026-07-17T10:54:41.696+0000] {processor.py:830} INFO - Processing file /opt/airflow/dags/sdp_pipeline_dag.py for tasks to queue
[2026-07-17T10:54:41.701+0000] {logging_mixin.py:188} INFO - [2026-07-17T10:54:41.700+0000] {dagbag.py:540} INFO - Filling up the DagBag from /opt/airflow/dags/sdp_pipeline_dag.py
[2026-07-17T10:54:41.750+0000] {processor.py:840} INFO - DAG(s) 'e-commerce_kafka_streaming_pipeline_v1' retrieved from /opt/airflow/dags/sdp_pipeline_dag.py
[2026-07-17T10:54:41.812+0000] {logging_mixin.py:188} INFO - [2026-07-17T10:54:41.812+0000] {dag.py:3096} INFO - Sync 1 DAGs
[2026-07-17T10:54:41.861+0000] {logging_mixin.py:188} INFO - [2026-07-17T10:54:41.860+0000] {dag.py:3954} INFO - Setting next_dagrun for e-commerce_kafka_streaming_pipeline_v1 to 2026-07-17 10:00:00+00:00, run_after=2026-07-17 11:00:00+00:00
[2026-07-17T10:54:41.899+0000] {processor.py:183} INFO - Processing /opt/airflow/dags/sdp_pipeline_dag.py took 0.224 seconds
[2026-07-17T12:46:40.574+0000] {processor.py:161} INFO - Started process (PID=4048) to work on /opt/airflow/dags/sdp_pipeline_dag.py
[2026-07-17T12:46:40.586+0000] {processor.py:830} INFO - Processing file /opt/airflow/dags/sdp_pipeline_dag.py for tasks to queue
[2026-07-17T12:46:40.590+0000] {logging_mixin.py:188} INFO - [2026-07-17T12:46:40.589+0000] {dagbag.py:540} INFO - Filling up the DagBag from /opt/airflow/dags/sdp_pipeline_dag.py
[2026-07-17T12:46:40.726+0000] {processor.py:840} INFO - DAG(s) 'e-commerce_kafka_streaming_pipeline_v1' retrieved from /opt/airflow/dags/sdp_pipeline_dag.py
[2026-07-17T12:46:40.856+0000] {logging_mixin.py:188} INFO - [2026-07-17T12:46:40.855+0000] {dag.py:3096} INFO - Sync 1 DAGs
[2026-07-17T12:46:40.977+0000] {logging_mixin.py:188} INFO - [2026-07-17T12:46:40.976+0000] {dag.py:3954} INFO - Setting next_dagrun for e-commerce_kafka_streaming_pipeline_v1 to 2026-07-17 12:00:00+00:00, run_after=2026-07-17 13:00:00+00:00
[2026-07-17T12:46:41.064+0000] {processor.py:183} INFO - Processing /opt/airflow/dags/sdp_pipeline_dag.py took 0.514 seconds
[2026-07-17T12:47:12.248+0000] {processor.py:161} INFO - Started process (PID=4082) to work on /opt/airflow/dags/sdp_pipeline_dag.py
[2026-07-17T12:47:12.259+0000] {processor.py:830} INFO - Processing file /opt/airflow/dags/sdp_pipeline_dag.py for tasks to queue
[2026-07-17T12:47:12.268+0000] {logging_mixin.py:188} INFO - [2026-07-17T12:47:12.267+0000] {dagbag.py:540} INFO - Filling up the DagBag from /opt/airflow/dags/sdp_pipeline_dag.py
[2026-07-17T12:47:12.524+0000] {processor.py:840} INFO - DAG(s) 'e-commerce_kafka_streaming_pipeline_v1' retrieved from /opt/airflow/dags/sdp_pipeline_dag.py
[2026-07-17T12:47:13.895+0000] {logging_mixin.py:188} INFO - [2026-07-17T12:47:13.770+0000] {dag.py:3096} INFO - Sync 1 DAGs
[2026-07-17T12:47:14.847+0000] {logging_mixin.py:188} INFO - [2026-07-17T12:47:14.797+0000] {dag.py:3954} INFO - Setting next_dagrun for e-commerce_kafka_streaming_pipeline_v1 to 2026-07-17 12:00:00+00:00, run_after=2026-07-17 13:00:00+00:00
[2026-07-17T12:47:30.925+0000] {processor.py:183} INFO - Processing /opt/airflow/dags/sdp_pipeline_dag.py took 18.773 seconds
[2026-07-17T12:48:08.641+0000] {processor.py:161} INFO - Started process (PID=4087) to work on /opt/airflow/dags/sdp_pipeline_dag.py
[2026-07-17T12:48:08.749+0000] {processor.py:830} INFO - Processing file /opt/airflow/dags/sdp_pipeline_dag.py for tasks to queue
[2026-07-17T12:48:09.080+0000] {logging_mixin.py:188} INFO - [2026-07-17T12:48:08.771+0000] {dagbag.py:540} INFO - Filling up the DagBag from /opt/airflow/dags/sdp_pipeline_dag.py
[2026-07-17T12:48:10.211+0000] {processor.py:840} INFO - DAG(s) 'e-commerce_kafka_streaming_pipeline_v1' retrieved from /opt/airflow/dags/sdp_pipeline_dag.py
[2026-07-17T12:48:47.116+0000] {processor.py:186} ERROR - Got an exception! Propagating...
Traceback (most recent call last):
  File "/home/airflow/.local/lib/python3.12/site-packages/sqlalchemy/engine/base.py", line 3371, in _wrap_pool_connect
    return fn()
           ^^^^
  File "/home/airflow/.local/lib/python3.12/site-packages/sqlalchemy/pool/base.py", line 327, in connect
    return _ConnectionFairy._checkout(self)
           ^^^^^^^^^^^^^^^^^^^^^^^^^^^^^^^^
  File "/home/airflow/.local/lib/python3.12/site-packages/sqlalchemy/pool/base.py", line 894, in _checkout
    fairy = _ConnectionRecord.checkout(pool)
            ^^^^^^^^^^^^^^^^^^^^^^^^^^^^^^^^
  File "/home/airflow/.local/lib/python3.12/site-packages/sqlalchemy/pool/base.py", line 493, in checkout
    rec = pool._do_get()
          ^^^^^^^^^^^^^^
  File "/home/airflow/.local/lib/python3.12/site-packages/sqlalchemy/pool/impl.py", line 145, in _do_get
    with util.safe_reraise():
  File "/home/airflow/.local/lib/python3.12/site-packages/sqlalchemy/util/langhelpers.py", line 70, in __exit__
    compat.raise_(
  File "/home/airflow/.local/lib/python3.12/site-packages/sqlalchemy/util/compat.py", line 211, in raise_
    raise exception
  File "/home/airflow/.local/lib/python3.12/site-packages/sqlalchemy/pool/impl.py", line 143, in _do_get
    return self._create_connection()
           ^^^^^^^^^^^^^^^^^^^^^^^^^
  File "/home/airflow/.local/lib/python3.12/site-packages/sqlalchemy/pool/base.py", line 273, in _create_connection
    return _ConnectionRecord(self)
           ^^^^^^^^^^^^^^^^^^^^^^^
  File "/home/airflow/.local/lib/python3.12/site-packages/sqlalchemy/pool/base.py", line 388, in __init__
    self.__connect()
  File "/home/airflow/.local/lib/python3.12/site-packages/sqlalchemy/pool/base.py", line 690, in __connect
    with util.safe_reraise():
  File "/home/airflow/.local/lib/python3.12/site-packages/sqlalchemy/util/langhelpers.py", line 70, in __exit__
    compat.raise_(
  File "/home/airflow/.local/lib/python3.12/site-packages/sqlalchemy/util/compat.py", line 211, in raise_
    raise exception
  File "/home/airflow/.local/lib/python3.12/site-packages/sqlalchemy/pool/base.py", line 686, in __connect
    self.dbapi_connection = connection = pool._invoke_creator(self)
                                         ^^^^^^^^^^^^^^^^^^^^^^^^^^
  File "/home/airflow/.local/lib/python3.12/site-packages/sqlalchemy/engine/create.py", line 574, in connect
    return dialect.connect(*cargs, **cparams)
           ^^^^^^^^^^^^^^^^^^^^^^^^^^^^^^^^^^
  File "/home/airflow/.local/lib/python3.12/site-packages/sqlalchemy/engine/default.py", line 598, in connect
    return self.dbapi.connect(*cargs, **cparams)
           ^^^^^^^^^^^^^^^^^^^^^^^^^^^^^^^^^^^^^
  File "/home/airflow/.local/lib/python3.12/site-packages/psycopg2/__init__.py", line 122, in connect
    conn = _connect(dsn, connection_factory=connection_factory, **kwasync)
           ^^^^^^^^^^^^^^^^^^^^^^^^^^^^^^^^^^^^^^^^^^^^^^^^^^^^^^^^^^^^^^^
psycopg2.OperationalError: could not translate host name "postgres" to address: Temporary failure in name resolution


The above exception was the direct cause of the following exception:

Traceback (most recent call last):
  File "/home/airflow/.local/lib/python3.12/site-packages/airflow/dag_processing/processor.py", line 182, in _run_file_processor
    _handle_dag_file_processing()
  File "/home/airflow/.local/lib/python3.12/site-packages/airflow/dag_processing/processor.py", line 163, in _handle_dag_file_processing
    result: tuple[int, int] = dag_file_processor.process_file(
                              ^^^^^^^^^^^^^^^^^^^^^^^^^^^^^^^^
  File "/home/airflow/.local/lib/python3.12/site-packages/airflow/utils/session.py", line 79, in wrapper
    return func(*args, session=session, **kwargs)
           ^^^^^^^^^^^^^^^^^^^^^^^^^^^^^^^^^^^^^^
  File "/home/airflow/.local/lib/python3.12/site-packages/airflow/dag_processing/processor.py", line 859, in process_file
    serialize_errors = DagFileProcessor.save_dag_to_db(
                       ^^^^^^^^^^^^^^^^^^^^^^^^^^^^^^^^
  File "/home/airflow/.local/lib/python3.12/site-packages/airflow/api_internal/internal_api_call.py", line 115, in wrapper
    return func(*args, **kwargs)
           ^^^^^^^^^^^^^^^^^^^^^
  File "/home/airflow/.local/lib/python3.12/site-packages/airflow/utils/session.py", line 79, in wrapper
    return func(*args, session=session, **kwargs)
           ^^^^^^^^^^^^^^^^^^^^^^^^^^^^^^^^^^^^^^
  File "/home/airflow/.local/lib/python3.12/site-packages/airflow/dag_processing/processor.py", line 895, in save_dag_to_db
    import_errors = DagBag._sync_to_db(dags=dags, processor_subdir=dag_directory, session=session)
                    ^^^^^^^^^^^^^^^^^^^^^^^^^^^^^^^^^^^^^^^^^^^^^^^^^^^^^^^^^^^^^^^^^^^^^^^^^^^^^^
  File "/home/airflow/.local/lib/python3.12/site-packages/airflow/utils/session.py", line 76, in wrapper
    return func(*args, **kwargs)
           ^^^^^^^^^^^^^^^^^^^^^
  File "/home/airflow/.local/lib/python3.12/site-packages/airflow/models/dagbag.py", line 659, in _sync_to_db
    for attempt in run_with_db_retries(logger=log):
  File "/home/airflow/.local/lib/python3.12/site-packages/tenacity/__init__.py", line 347, in __iter__
    do = self.iter(retry_state=retry_state)
         ^^^^^^^^^^^^^^^^^^^^^^^^^^^^^^^^^^
  File "/home/airflow/.local/lib/python3.12/site-packages/tenacity/__init__.py", line 325, in iter
    raise retry_exc.reraise()
          ^^^^^^^^^^^^^^^^^^^
  File "/home/airflow/.local/lib/python3.12/site-packages/tenacity/__init__.py", line 158, in reraise
    raise self.last_attempt.result()
          ^^^^^^^^^^^^^^^^^^^^^^^^^^
  File "/usr/local/lib/python3.12/concurrent/futures/_base.py", line 449, in result
    return self.__get_result()
           ^^^^^^^^^^^^^^^^^^^
  File "/usr/local/lib/python3.12/concurrent/futures/_base.py", line 401, in __get_result
    raise self._exception
  File "/home/airflow/.local/lib/python3.12/site-packages/airflow/models/dagbag.py", line 672, in _sync_to_db
    _serialize_dag_capturing_errors(dag, session, processor_subdir)
  File "/home/airflow/.local/lib/python3.12/site-packages/airflow/models/dagbag.py", line 637, in _serialize_dag_capturing_errors
    dag_was_updated = SerializedDagModel.write_dag(
                      ^^^^^^^^^^^^^^^^^^^^^^^^^^^^^
  File "/home/airflow/.local/lib/python3.12/site-packages/airflow/utils/session.py", line 76, in wrapper
    return func(*args, **kwargs)
           ^^^^^^^^^^^^^^^^^^^^^
  File "/home/airflow/.local/lib/python3.12/site-packages/airflow/models/serialized_dag.py", line 158, in write_dag
    if session.scalar(
       ^^^^^^^^^^^^^^^
  File "/home/airflow/.local/lib/python3.12/site-packages/sqlalchemy/orm/session.py", line 1747, in scalar
    return self.execute(
           ^^^^^^^^^^^^^
  File "/home/airflow/.local/lib/python3.12/site-packages/sqlalchemy/orm/session.py", line 1716, in execute
    conn = self._connection_for_bind(bind)
           ^^^^^^^^^^^^^^^^^^^^^^^^^^^^^^^
  File "/home/airflow/.local/lib/python3.12/site-packages/sqlalchemy/orm/session.py", line 1555, in _connection_for_bind
    return self._transaction._connection_for_bind(
           ^^^^^^^^^^^^^^^^^^^^^^^^^^^^^^^^^^^^^^^
  File "/home/airflow/.local/lib/python3.12/site-packages/sqlalchemy/orm/session.py", line 750, in _connection_for_bind
    conn = bind.connect()
           ^^^^^^^^^^^^^^
  File "/home/airflow/.local/lib/python3.12/site-packages/sqlalchemy/future/engine.py", line 412, in connect
    return super(Engine, self).connect()
           ^^^^^^^^^^^^^^^^^^^^^^^^^^^^^
  File "/home/airflow/.local/lib/python3.12/site-packages/sqlalchemy/engine/base.py", line 3325, in connect
    return self._connection_cls(self, close_with_result=close_with_result)
           ^^^^^^^^^^^^^^^^^^^^^^^^^^^^^^^^^^^^^^^^^^^^^^^^^^^^^^^^^^^^^^^
  File "/home/airflow/.local/lib/python3.12/site-packages/sqlalchemy/engine/base.py", line 96, in __init__
    else engine.raw_connection()
         ^^^^^^^^^^^^^^^^^^^^^^^
  File "/home/airflow/.local/lib/python3.12/site-packages/sqlalchemy/engine/base.py", line 3404, in raw_connection
    return self._wrap_pool_connect(self.pool.connect, _connection)
           ^^^^^^^^^^^^^^^^^^^^^^^^^^^^^^^^^^^^^^^^^^^^^^^^^^^^^^^
  File "/home/airflow/.local/lib/python3.12/site-packages/sqlalchemy/engine/base.py", line 3374, in _wrap_pool_connect
    Connection._handle_dbapi_exception_noconnection(
  File "/home/airflow/.local/lib/python3.12/site-packages/sqlalchemy/engine/base.py", line 2208, in _handle_dbapi_exception_noconnection
    util.raise_(
  File "/home/airflow/.local/lib/python3.12/site-packages/sqlalchemy/util/compat.py", line 211, in raise_
    raise exception
  File "/home/airflow/.local/lib/python3.12/site-packages/sqlalchemy/engine/base.py", line 3371, in _wrap_pool_connect
    return fn()
           ^^^^
  File "/home/airflow/.local/lib/python3.12/site-packages/sqlalchemy/pool/base.py", line 327, in connect
    return _ConnectionFairy._checkout(self)
           ^^^^^^^^^^^^^^^^^^^^^^^^^^^^^^^^
  File "/home/airflow/.local/lib/python3.12/site-packages/sqlalchemy/pool/base.py", line 894, in _checkout
    fairy = _ConnectionRecord.checkout(pool)
            ^^^^^^^^^^^^^^^^^^^^^^^^^^^^^^^^
  File "/home/airflow/.local/lib/python3.12/site-packages/sqlalchemy/pool/base.py", line 493, in checkout
    rec = pool._do_get()
          ^^^^^^^^^^^^^^
  File "/home/airflow/.local/lib/python3.12/site-packages/sqlalchemy/pool/impl.py", line 145, in _do_get
    with util.safe_reraise():
  File "/home/airflow/.local/lib/python3.12/site-packages/sqlalchemy/util/langhelpers.py", line 70, in __exit__
    compat.raise_(
  File "/home/airflow/.local/lib/python3.12/site-packages/sqlalchemy/util/compat.py", line 211, in raise_
    raise exception
  File "/home/airflow/.local/lib/python3.12/site-packages/sqlalchemy/pool/impl.py", line 143, in _do_get
    return self._create_connection()
           ^^^^^^^^^^^^^^^^^^^^^^^^^
  File "/home/airflow/.local/lib/python3.12/site-packages/sqlalchemy/pool/base.py", line 273, in _create_connection
    return _ConnectionRecord(self)
           ^^^^^^^^^^^^^^^^^^^^^^^
  File "/home/airflow/.local/lib/python3.12/site-packages/sqlalchemy/pool/base.py", line 388, in __init__
    self.__connect()
  File "/home/airflow/.local/lib/python3.12/site-packages/sqlalchemy/pool/base.py", line 690, in __connect
    with util.safe_reraise():
  File "/home/airflow/.local/lib/python3.12/site-packages/sqlalchemy/util/langhelpers.py", line 70, in __exit__
    compat.raise_(
  File "/home/airflow/.local/lib/python3.12/site-packages/sqlalchemy/util/compat.py", line 211, in raise_
    raise exception
  File "/home/airflow/.local/lib/python3.12/site-packages/sqlalchemy/pool/base.py", line 686, in __connect
    self.dbapi_connection = connection = pool._invoke_creator(self)
                                         ^^^^^^^^^^^^^^^^^^^^^^^^^^
  File "/home/airflow/.local/lib/python3.12/site-packages/sqlalchemy/engine/create.py", line 574, in connect
    return dialect.connect(*cargs, **cparams)
           ^^^^^^^^^^^^^^^^^^^^^^^^^^^^^^^^^^
  File "/home/airflow/.local/lib/python3.12/site-packages/sqlalchemy/engine/default.py", line 598, in connect
    return self.dbapi.connect(*cargs, **cparams)
           ^^^^^^^^^^^^^^^^^^^^^^^^^^^^^^^^^^^^^
  File "/home/airflow/.local/lib/python3.12/site-packages/psycopg2/__init__.py", line 122, in connect
    conn = _connect(dsn, connection_factory=connection_factory, **kwasync)
           ^^^^^^^^^^^^^^^^^^^^^^^^^^^^^^^^^^^^^^^^^^^^^^^^^^^^^^^^^^^^^^^
sqlalchemy.exc.OperationalError: (psycopg2.OperationalError) could not translate host name "postgres" to address: Temporary failure in name resolution

(Background on this error at: https://sqlalche.me/e/14/e3q8)
[2026-07-17T12:52:39.960+0000] {processor.py:161} INFO - Started process (PID=4097) to work on /opt/airflow/dags/sdp_pipeline_dag.py
[2026-07-17T12:52:40.017+0000] {processor.py:830} INFO - Processing file /opt/airflow/dags/sdp_pipeline_dag.py for tasks to queue
[2026-07-17T12:52:40.065+0000] {logging_mixin.py:188} INFO - [2026-07-17T12:52:40.041+0000] {dagbag.py:540} INFO - Filling up the DagBag from /opt/airflow/dags/sdp_pipeline_dag.py
[2026-07-17T12:52:40.476+0000] {processor.py:840} INFO - DAG(s) 'e-commerce_kafka_streaming_pipeline_v1' retrieved from /opt/airflow/dags/sdp_pipeline_dag.py
[2026-07-17T12:52:40.880+0000] {logging_mixin.py:188} INFO - [2026-07-17T12:52:40.877+0000] {taskinstance.py:2892} ERROR - {'DAG Id': 'e-commerce_kafka_streaming_pipeline_v1', 'Task Id': 'run_gold', 'Run Id': 'scheduled__2026-07-17T09:00:00+00:00', 'Hostname': 'da27550080bf'}
[2026-07-17T12:52:41.045+0000] {logging_mixin.py:188} INFO - [2026-07-17T12:52:41.045+0000] {taskinstance.py:1205} INFO - Marking task as FAILED. dag_id=e-commerce_kafka_streaming_pipeline_v1, task_id=run_gold, execution_date=20260717T090000, start_date=20260717T105352, end_date=20260717T125240
[2026-07-17T12:52:41.105+0000] {processor.py:791} INFO - Executed failure callback for <TaskInstance: e-commerce_kafka_streaming_pipeline_v1.run_gold scheduled__2026-07-17T09:00:00+00:00 [failed]> in state failed
[2026-07-17T12:52:45.824+0000] {logging_mixin.py:188} INFO - [2026-07-17T12:52:45.823+0000] {dag.py:3096} INFO - Sync 1 DAGs
[2026-07-17T12:52:45.860+0000] {logging_mixin.py:188} INFO - [2026-07-17T12:52:45.860+0000] {dag.py:3954} INFO - Setting next_dagrun for e-commerce_kafka_streaming_pipeline_v1 to 2026-07-17 12:00:00+00:00, run_after=2026-07-17 13:00:00+00:00
[2026-07-17T12:52:45.890+0000] {processor.py:183} INFO - Processing /opt/airflow/dags/sdp_pipeline_dag.py took 6.516 seconds
[2026-07-17T12:53:16.168+0000] {processor.py:161} INFO - Started process (PID=4102) to work on /opt/airflow/dags/sdp_pipeline_dag.py
[2026-07-17T12:53:16.170+0000] {processor.py:830} INFO - Processing file /opt/airflow/dags/sdp_pipeline_dag.py for tasks to queue
[2026-07-17T12:53:16.172+0000] {logging_mixin.py:188} INFO - [2026-07-17T12:53:16.172+0000] {dagbag.py:540} INFO - Filling up the DagBag from /opt/airflow/dags/sdp_pipeline_dag.py
[2026-07-17T12:53:16.198+0000] {processor.py:840} INFO - DAG(s) 'e-commerce_kafka_streaming_pipeline_v1' retrieved from /opt/airflow/dags/sdp_pipeline_dag.py
[2026-07-17T12:53:16.227+0000] {logging_mixin.py:188} INFO - [2026-07-17T12:53:16.226+0000] {taskinstance.py:2892} ERROR - {'DAG Id': 'e-commerce_kafka_streaming_pipeline_v1', 'Task Id': 'run_bronze', 'Run Id': 'scheduled__2026-07-17T11:00:00+00:00', 'Hostname': 'da27550080bf'}
[2026-07-17T12:53:16.254+0000] {logging_mixin.py:188} INFO - [2026-07-17T12:53:16.254+0000] {taskinstance.py:1205} INFO - Marking task as FAILED. dag_id=e-commerce_kafka_streaming_pipeline_v1, task_id=run_bronze, execution_date=20260717T110000, start_date=20260717T124646, end_date=20260717T125316
[2026-07-17T12:53:16.266+0000] {processor.py:791} INFO - Executed failure callback for <TaskInstance: e-commerce_kafka_streaming_pipeline_v1.run_bronze scheduled__2026-07-17T11:00:00+00:00 [failed]> in state failed
[2026-07-17T12:53:16.269+0000] {logging_mixin.py:188} INFO - [2026-07-17T12:53:16.269+0000] {taskinstance.py:2892} ERROR - {'DAG Id': 'e-commerce_kafka_streaming_pipeline_v1', 'Task Id': 'run_bronze', 'Run Id': 'scheduled__2026-07-17T10:00:00+00:00', 'Hostname': 'da27550080bf'}
[2026-07-17T12:53:16.280+0000] {logging_mixin.py:188} INFO - [2026-07-17T12:53:16.280+0000] {taskinstance.py:1205} INFO - Marking task as FAILED. dag_id=e-commerce_kafka_streaming_pipeline_v1, task_id=run_bronze, execution_date=20260717T100000, start_date=20260717T124647, end_date=20260717T125316
[2026-07-17T12:53:16.284+0000] {processor.py:791} INFO - Executed failure callback for <TaskInstance: e-commerce_kafka_streaming_pipeline_v1.run_bronze scheduled__2026-07-17T10:00:00+00:00 [failed]> in state failed
[2026-07-17T12:53:16.314+0000] {logging_mixin.py:188} INFO - [2026-07-17T12:53:16.313+0000] {dag.py:3096} INFO - Sync 1 DAGs
[2026-07-17T12:53:16.337+0000] {logging_mixin.py:188} INFO - [2026-07-17T12:53:16.337+0000] {dag.py:3954} INFO - Setting next_dagrun for e-commerce_kafka_streaming_pipeline_v1 to 2026-07-17 12:00:00+00:00, run_after=2026-07-17 13:00:00+00:00
[2026-07-17T12:53:16.360+0000] {processor.py:183} INFO - Processing /opt/airflow/dags/sdp_pipeline_dag.py took 0.201 seconds
[2026-07-17T12:53:46.603+0000] {processor.py:161} INFO - Started process (PID=4107) to work on /opt/airflow/dags/sdp_pipeline_dag.py
[2026-07-17T12:53:46.605+0000] {processor.py:830} INFO - Processing file /opt/airflow/dags/sdp_pipeline_dag.py for tasks to queue
[2026-07-17T12:53:46.606+0000] {logging_mixin.py:188} INFO - [2026-07-17T12:53:46.606+0000] {dagbag.py:540} INFO - Filling up the DagBag from /opt/airflow/dags/sdp_pipeline_dag.py
[2026-07-17T12:53:46.631+0000] {processor.py:840} INFO - DAG(s) 'e-commerce_kafka_streaming_pipeline_v1' retrieved from /opt/airflow/dags/sdp_pipeline_dag.py
[2026-07-17T12:53:46.662+0000] {logging_mixin.py:188} INFO - [2026-07-17T12:53:46.662+0000] {dag.py:3096} INFO - Sync 1 DAGs
[2026-07-17T12:53:46.695+0000] {logging_mixin.py:188} INFO - [2026-07-17T12:53:46.695+0000] {dag.py:3954} INFO - Setting next_dagrun for e-commerce_kafka_streaming_pipeline_v1 to 2026-07-17 12:00:00+00:00, run_after=2026-07-17 13:00:00+00:00
[2026-07-17T12:53:46.722+0000] {processor.py:183} INFO - Processing /opt/airflow/dags/sdp_pipeline_dag.py took 0.124 seconds
[2026-07-17T12:54:16.859+0000] {processor.py:161} INFO - Started process (PID=4112) to work on /opt/airflow/dags/sdp_pipeline_dag.py
[2026-07-17T12:54:16.861+0000] {processor.py:830} INFO - Processing file /opt/airflow/dags/sdp_pipeline_dag.py for tasks to queue
[2026-07-17T12:54:16.863+0000] {logging_mixin.py:188} INFO - [2026-07-17T12:54:16.862+0000] {dagbag.py:540} INFO - Filling up the DagBag from /opt/airflow/dags/sdp_pipeline_dag.py
[2026-07-17T12:54:16.890+0000] {processor.py:840} INFO - DAG(s) 'e-commerce_kafka_streaming_pipeline_v1' retrieved from /opt/airflow/dags/sdp_pipeline_dag.py
[2026-07-17T12:54:16.923+0000] {logging_mixin.py:188} INFO - [2026-07-17T12:54:16.922+0000] {dag.py:3096} INFO - Sync 1 DAGs
[2026-07-17T12:54:16.949+0000] {logging_mixin.py:188} INFO - [2026-07-17T12:54:16.949+0000] {dag.py:3954} INFO - Setting next_dagrun for e-commerce_kafka_streaming_pipeline_v1 to 2026-07-17 12:00:00+00:00, run_after=2026-07-17 13:00:00+00:00
[2026-07-17T12:54:16.972+0000] {processor.py:183} INFO - Processing /opt/airflow/dags/sdp_pipeline_dag.py took 0.120 seconds
[2026-07-17T12:54:47.221+0000] {processor.py:161} INFO - Started process (PID=4117) to work on /opt/airflow/dags/sdp_pipeline_dag.py
[2026-07-17T12:54:47.223+0000] {processor.py:830} INFO - Processing file /opt/airflow/dags/sdp_pipeline_dag.py for tasks to queue
[2026-07-17T12:54:47.226+0000] {logging_mixin.py:188} INFO - [2026-07-17T12:54:47.225+0000] {dagbag.py:540} INFO - Filling up the DagBag from /opt/airflow/dags/sdp_pipeline_dag.py
[2026-07-17T12:54:47.266+0000] {processor.py:840} INFO - DAG(s) 'e-commerce_kafka_streaming_pipeline_v1' retrieved from /opt/airflow/dags/sdp_pipeline_dag.py
[2026-07-17T12:54:47.297+0000] {logging_mixin.py:188} INFO - [2026-07-17T12:54:47.297+0000] {dag.py:3096} INFO - Sync 1 DAGs
[2026-07-17T12:54:47.322+0000] {logging_mixin.py:188} INFO - [2026-07-17T12:54:47.321+0000] {dag.py:3954} INFO - Setting next_dagrun for e-commerce_kafka_streaming_pipeline_v1 to 2026-07-17 12:00:00+00:00, run_after=2026-07-17 13:00:00+00:00
[2026-07-17T12:54:47.341+0000] {processor.py:183} INFO - Processing /opt/airflow/dags/sdp_pipeline_dag.py took 0.127 seconds
[2026-07-17T12:55:17.499+0000] {processor.py:161} INFO - Started process (PID=4122) to work on /opt/airflow/dags/sdp_pipeline_dag.py
[2026-07-17T12:55:17.501+0000] {processor.py:830} INFO - Processing file /opt/airflow/dags/sdp_pipeline_dag.py for tasks to queue
[2026-07-17T12:55:17.503+0000] {logging_mixin.py:188} INFO - [2026-07-17T12:55:17.503+0000] {dagbag.py:540} INFO - Filling up the DagBag from /opt/airflow/dags/sdp_pipeline_dag.py
[2026-07-17T12:55:17.537+0000] {processor.py:840} INFO - DAG(s) 'e-commerce_kafka_streaming_pipeline_v1' retrieved from /opt/airflow/dags/sdp_pipeline_dag.py
[2026-07-17T12:55:17.575+0000] {logging_mixin.py:188} INFO - [2026-07-17T12:55:17.575+0000] {dag.py:3096} INFO - Sync 1 DAGs
[2026-07-17T12:55:17.605+0000] {logging_mixin.py:188} INFO - [2026-07-17T12:55:17.605+0000] {dag.py:3954} INFO - Setting next_dagrun for e-commerce_kafka_streaming_pipeline_v1 to 2026-07-17 12:00:00+00:00, run_after=2026-07-17 13:00:00+00:00
[2026-07-17T12:55:17.630+0000] {processor.py:183} INFO - Processing /opt/airflow/dags/sdp_pipeline_dag.py took 0.142 seconds
[2026-07-17T12:55:47.838+0000] {processor.py:161} INFO - Started process (PID=4127) to work on /opt/airflow/dags/sdp_pipeline_dag.py
[2026-07-17T12:55:47.839+0000] {processor.py:830} INFO - Processing file /opt/airflow/dags/sdp_pipeline_dag.py for tasks to queue
[2026-07-17T12:55:47.842+0000] {logging_mixin.py:188} INFO - [2026-07-17T12:55:47.841+0000] {dagbag.py:540} INFO - Filling up the DagBag from /opt/airflow/dags/sdp_pipeline_dag.py
[2026-07-17T12:55:47.864+0000] {processor.py:840} INFO - DAG(s) 'e-commerce_kafka_streaming_pipeline_v1' retrieved from /opt/airflow/dags/sdp_pipeline_dag.py
[2026-07-17T12:55:47.890+0000] {logging_mixin.py:188} INFO - [2026-07-17T12:55:47.890+0000] {dag.py:3096} INFO - Sync 1 DAGs
[2026-07-17T12:55:47.920+0000] {logging_mixin.py:188} INFO - [2026-07-17T12:55:47.920+0000] {dag.py:3954} INFO - Setting next_dagrun for e-commerce_kafka_streaming_pipeline_v1 to 2026-07-17 12:00:00+00:00, run_after=2026-07-17 13:00:00+00:00
[2026-07-17T12:55:47.945+0000] {processor.py:183} INFO - Processing /opt/airflow/dags/sdp_pipeline_dag.py took 0.113 seconds
[2026-07-17T12:56:18.158+0000] {processor.py:161} INFO - Started process (PID=4132) to work on /opt/airflow/dags/sdp_pipeline_dag.py
[2026-07-17T12:56:18.161+0000] {processor.py:830} INFO - Processing file /opt/airflow/dags/sdp_pipeline_dag.py for tasks to queue
[2026-07-17T12:56:18.163+0000] {logging_mixin.py:188} INFO - [2026-07-17T12:56:18.162+0000] {dagbag.py:540} INFO - Filling up the DagBag from /opt/airflow/dags/sdp_pipeline_dag.py
[2026-07-17T12:56:18.190+0000] {processor.py:840} INFO - DAG(s) 'e-commerce_kafka_streaming_pipeline_v1' retrieved from /opt/airflow/dags/sdp_pipeline_dag.py
[2026-07-17T12:56:18.224+0000] {logging_mixin.py:188} INFO - [2026-07-17T12:56:18.224+0000] {dag.py:3096} INFO - Sync 1 DAGs
[2026-07-17T12:56:18.258+0000] {logging_mixin.py:188} INFO - [2026-07-17T12:56:18.258+0000] {dag.py:3954} INFO - Setting next_dagrun for e-commerce_kafka_streaming_pipeline_v1 to 2026-07-17 12:00:00+00:00, run_after=2026-07-17 13:00:00+00:00
[2026-07-17T12:56:18.289+0000] {processor.py:183} INFO - Processing /opt/airflow/dags/sdp_pipeline_dag.py took 0.140 seconds
[2026-07-17T12:56:48.536+0000] {processor.py:161} INFO - Started process (PID=4137) to work on /opt/airflow/dags/sdp_pipeline_dag.py
[2026-07-17T12:56:48.540+0000] {processor.py:830} INFO - Processing file /opt/airflow/dags/sdp_pipeline_dag.py for tasks to queue
[2026-07-17T12:56:48.544+0000] {logging_mixin.py:188} INFO - [2026-07-17T12:56:48.542+0000] {dagbag.py:540} INFO - Filling up the DagBag from /opt/airflow/dags/sdp_pipeline_dag.py
[2026-07-17T12:56:48.599+0000] {processor.py:840} INFO - DAG(s) 'e-commerce_kafka_streaming_pipeline_v1' retrieved from /opt/airflow/dags/sdp_pipeline_dag.py
[2026-07-17T12:56:48.666+0000] {logging_mixin.py:188} INFO - [2026-07-17T12:56:48.665+0000] {dag.py:3096} INFO - Sync 1 DAGs
[2026-07-17T12:56:48.720+0000] {logging_mixin.py:188} INFO - [2026-07-17T12:56:48.720+0000] {dag.py:3954} INFO - Setting next_dagrun for e-commerce_kafka_streaming_pipeline_v1 to 2026-07-17 12:00:00+00:00, run_after=2026-07-17 13:00:00+00:00
[2026-07-17T12:56:48.758+0000] {processor.py:183} INFO - Processing /opt/airflow/dags/sdp_pipeline_dag.py took 0.241 seconds
[2026-07-17T12:57:18.920+0000] {processor.py:161} INFO - Started process (PID=4142) to work on /opt/airflow/dags/sdp_pipeline_dag.py
[2026-07-17T12:57:18.922+0000] {processor.py:830} INFO - Processing file /opt/airflow/dags/sdp_pipeline_dag.py for tasks to queue
[2026-07-17T12:57:18.925+0000] {logging_mixin.py:188} INFO - [2026-07-17T12:57:18.924+0000] {dagbag.py:540} INFO - Filling up the DagBag from /opt/airflow/dags/sdp_pipeline_dag.py
[2026-07-17T12:57:18.961+0000] {processor.py:840} INFO - DAG(s) 'e-commerce_kafka_streaming_pipeline_v1' retrieved from /opt/airflow/dags/sdp_pipeline_dag.py
[2026-07-17T12:57:19.006+0000] {logging_mixin.py:188} INFO - [2026-07-17T12:57:19.005+0000] {dag.py:3096} INFO - Sync 1 DAGs
[2026-07-17T12:57:19.042+0000] {logging_mixin.py:188} INFO - [2026-07-17T12:57:19.042+0000] {dag.py:3954} INFO - Setting next_dagrun for e-commerce_kafka_streaming_pipeline_v1 to 2026-07-17 12:00:00+00:00, run_after=2026-07-17 13:00:00+00:00
[2026-07-17T12:57:19.069+0000] {processor.py:183} INFO - Processing /opt/airflow/dags/sdp_pipeline_dag.py took 0.164 seconds
[2026-07-17T12:57:49.583+0000] {processor.py:161} INFO - Started process (PID=4147) to work on /opt/airflow/dags/sdp_pipeline_dag.py
[2026-07-17T12:57:49.585+0000] {processor.py:830} INFO - Processing file /opt/airflow/dags/sdp_pipeline_dag.py for tasks to queue
[2026-07-17T12:57:49.588+0000] {logging_mixin.py:188} INFO - [2026-07-17T12:57:49.587+0000] {dagbag.py:540} INFO - Filling up the DagBag from /opt/airflow/dags/sdp_pipeline_dag.py
[2026-07-17T12:57:49.618+0000] {processor.py:840} INFO - DAG(s) 'e-commerce_kafka_streaming_pipeline_v1' retrieved from /opt/airflow/dags/sdp_pipeline_dag.py
[2026-07-17T12:57:49.667+0000] {logging_mixin.py:188} INFO - [2026-07-17T12:57:49.666+0000] {dag.py:3096} INFO - Sync 1 DAGs
[2026-07-17T12:57:49.709+0000] {logging_mixin.py:188} INFO - [2026-07-17T12:57:49.709+0000] {dag.py:3954} INFO - Setting next_dagrun for e-commerce_kafka_streaming_pipeline_v1 to 2026-07-17 12:00:00+00:00, run_after=2026-07-17 13:00:00+00:00
[2026-07-17T12:57:49.743+0000] {processor.py:183} INFO - Processing /opt/airflow/dags/sdp_pipeline_dag.py took 0.172 seconds
[2026-07-17T12:58:19.931+0000] {processor.py:161} INFO - Started process (PID=4152) to work on /opt/airflow/dags/sdp_pipeline_dag.py
[2026-07-17T12:58:19.934+0000] {processor.py:830} INFO - Processing file /opt/airflow/dags/sdp_pipeline_dag.py for tasks to queue
[2026-07-17T12:58:19.936+0000] {logging_mixin.py:188} INFO - [2026-07-17T12:58:19.936+0000] {dagbag.py:540} INFO - Filling up the DagBag from /opt/airflow/dags/sdp_pipeline_dag.py
[2026-07-17T12:58:19.972+0000] {processor.py:840} INFO - DAG(s) 'e-commerce_kafka_streaming_pipeline_v1' retrieved from /opt/airflow/dags/sdp_pipeline_dag.py
[2026-07-17T12:58:20.025+0000] {logging_mixin.py:188} INFO - [2026-07-17T12:58:20.025+0000] {dag.py:3096} INFO - Sync 1 DAGs
[2026-07-17T12:58:20.067+0000] {logging_mixin.py:188} INFO - [2026-07-17T12:58:20.067+0000] {dag.py:3954} INFO - Setting next_dagrun for e-commerce_kafka_streaming_pipeline_v1 to 2026-07-17 12:00:00+00:00, run_after=2026-07-17 13:00:00+00:00
[2026-07-17T12:58:20.094+0000] {processor.py:183} INFO - Processing /opt/airflow/dags/sdp_pipeline_dag.py took 0.173 seconds
[2026-07-17T12:58:50.380+0000] {processor.py:161} INFO - Started process (PID=4157) to work on /opt/airflow/dags/sdp_pipeline_dag.py
[2026-07-17T12:58:50.383+0000] {processor.py:830} INFO - Processing file /opt/airflow/dags/sdp_pipeline_dag.py for tasks to queue
[2026-07-17T12:58:50.385+0000] {logging_mixin.py:188} INFO - [2026-07-17T12:58:50.385+0000] {dagbag.py:540} INFO - Filling up the DagBag from /opt/airflow/dags/sdp_pipeline_dag.py
[2026-07-17T12:58:50.421+0000] {processor.py:840} INFO - DAG(s) 'e-commerce_kafka_streaming_pipeline_v1' retrieved from /opt/airflow/dags/sdp_pipeline_dag.py
[2026-07-17T12:58:50.461+0000] {logging_mixin.py:188} INFO - [2026-07-17T12:58:50.461+0000] {dag.py:3096} INFO - Sync 1 DAGs
[2026-07-17T12:58:50.492+0000] {logging_mixin.py:188} INFO - [2026-07-17T12:58:50.492+0000] {dag.py:3954} INFO - Setting next_dagrun for e-commerce_kafka_streaming_pipeline_v1 to 2026-07-17 12:00:00+00:00, run_after=2026-07-17 13:00:00+00:00
[2026-07-17T12:58:50.519+0000] {processor.py:183} INFO - Processing /opt/airflow/dags/sdp_pipeline_dag.py took 0.148 seconds
[2026-07-17T12:59:20.706+0000] {processor.py:161} INFO - Started process (PID=4162) to work on /opt/airflow/dags/sdp_pipeline_dag.py
[2026-07-17T12:59:20.708+0000] {processor.py:830} INFO - Processing file /opt/airflow/dags/sdp_pipeline_dag.py for tasks to queue
[2026-07-17T12:59:20.711+0000] {logging_mixin.py:188} INFO - [2026-07-17T12:59:20.710+0000] {dagbag.py:540} INFO - Filling up the DagBag from /opt/airflow/dags/sdp_pipeline_dag.py
[2026-07-17T12:59:20.758+0000] {processor.py:840} INFO - DAG(s) 'e-commerce_kafka_streaming_pipeline_v1' retrieved from /opt/airflow/dags/sdp_pipeline_dag.py
[2026-07-17T12:59:20.816+0000] {logging_mixin.py:188} INFO - [2026-07-17T12:59:20.816+0000] {dag.py:3096} INFO - Sync 1 DAGs
[2026-07-17T12:59:20.861+0000] {logging_mixin.py:188} INFO - [2026-07-17T12:59:20.861+0000] {dag.py:3954} INFO - Setting next_dagrun for e-commerce_kafka_streaming_pipeline_v1 to 2026-07-17 12:00:00+00:00, run_after=2026-07-17 13:00:00+00:00
[2026-07-17T12:59:20.894+0000] {processor.py:183} INFO - Processing /opt/airflow/dags/sdp_pipeline_dag.py took 0.200 seconds
[2026-07-17T12:59:51.117+0000] {processor.py:161} INFO - Started process (PID=4167) to work on /opt/airflow/dags/sdp_pipeline_dag.py
[2026-07-17T12:59:51.119+0000] {processor.py:830} INFO - Processing file /opt/airflow/dags/sdp_pipeline_dag.py for tasks to queue
[2026-07-17T12:59:51.121+0000] {logging_mixin.py:188} INFO - [2026-07-17T12:59:51.121+0000] {dagbag.py:540} INFO - Filling up the DagBag from /opt/airflow/dags/sdp_pipeline_dag.py
[2026-07-17T12:59:51.156+0000] {processor.py:840} INFO - DAG(s) 'e-commerce_kafka_streaming_pipeline_v1' retrieved from /opt/airflow/dags/sdp_pipeline_dag.py
[2026-07-17T12:59:51.219+0000] {logging_mixin.py:188} INFO - [2026-07-17T12:59:51.218+0000] {dag.py:3096} INFO - Sync 1 DAGs
[2026-07-17T12:59:51.255+0000] {logging_mixin.py:188} INFO - [2026-07-17T12:59:51.255+0000] {dag.py:3954} INFO - Setting next_dagrun for e-commerce_kafka_streaming_pipeline_v1 to 2026-07-17 12:00:00+00:00, run_after=2026-07-17 13:00:00+00:00
[2026-07-17T12:59:51.290+0000] {processor.py:183} INFO - Processing /opt/airflow/dags/sdp_pipeline_dag.py took 0.182 seconds
[2026-07-17T13:00:21.491+0000] {processor.py:161} INFO - Started process (PID=4189) to work on /opt/airflow/dags/sdp_pipeline_dag.py
[2026-07-17T13:00:21.494+0000] {processor.py:830} INFO - Processing file /opt/airflow/dags/sdp_pipeline_dag.py for tasks to queue
[2026-07-17T13:00:21.497+0000] {logging_mixin.py:188} INFO - [2026-07-17T13:00:21.497+0000] {dagbag.py:540} INFO - Filling up the DagBag from /opt/airflow/dags/sdp_pipeline_dag.py
[2026-07-17T13:00:21.543+0000] {processor.py:840} INFO - DAG(s) 'e-commerce_kafka_streaming_pipeline_v1' retrieved from /opt/airflow/dags/sdp_pipeline_dag.py
[2026-07-17T13:00:21.636+0000] {logging_mixin.py:188} INFO - [2026-07-17T13:00:21.636+0000] {dag.py:3096} INFO - Sync 1 DAGs
[2026-07-17T13:00:21.681+0000] {logging_mixin.py:188} INFO - [2026-07-17T13:00:21.681+0000] {dag.py:3954} INFO - Setting next_dagrun for e-commerce_kafka_streaming_pipeline_v1 to 2026-07-17 13:00:00+00:00, run_after=2026-07-17 14:00:00+00:00
[2026-07-17T13:00:21.725+0000] {processor.py:183} INFO - Processing /opt/airflow/dags/sdp_pipeline_dag.py took 0.248 seconds
[2026-07-17T13:00:52.044+0000] {processor.py:161} INFO - Started process (PID=4194) to work on /opt/airflow/dags/sdp_pipeline_dag.py
[2026-07-17T13:00:52.046+0000] {processor.py:830} INFO - Processing file /opt/airflow/dags/sdp_pipeline_dag.py for tasks to queue
[2026-07-17T13:00:52.050+0000] {logging_mixin.py:188} INFO - [2026-07-17T13:00:52.049+0000] {dagbag.py:540} INFO - Filling up the DagBag from /opt/airflow/dags/sdp_pipeline_dag.py
[2026-07-17T13:00:52.101+0000] {processor.py:840} INFO - DAG(s) 'e-commerce_kafka_streaming_pipeline_v1' retrieved from /opt/airflow/dags/sdp_pipeline_dag.py
[2026-07-17T13:00:52.189+0000] {logging_mixin.py:188} INFO - [2026-07-17T13:00:52.189+0000] {dag.py:3096} INFO - Sync 1 DAGs
[2026-07-17T13:00:52.273+0000] {logging_mixin.py:188} INFO - [2026-07-17T13:00:52.273+0000] {dag.py:3954} INFO - Setting next_dagrun for e-commerce_kafka_streaming_pipeline_v1 to 2026-07-17 13:00:00+00:00, run_after=2026-07-17 14:00:00+00:00
[2026-07-17T13:00:52.342+0000] {processor.py:183} INFO - Processing /opt/airflow/dags/sdp_pipeline_dag.py took 0.314 seconds
[2026-07-17T13:01:22.685+0000] {processor.py:161} INFO - Started process (PID=4199) to work on /opt/airflow/dags/sdp_pipeline_dag.py
[2026-07-17T13:01:22.688+0000] {processor.py:830} INFO - Processing file /opt/airflow/dags/sdp_pipeline_dag.py for tasks to queue
[2026-07-17T13:01:22.690+0000] {logging_mixin.py:188} INFO - [2026-07-17T13:01:22.689+0000] {dagbag.py:540} INFO - Filling up the DagBag from /opt/airflow/dags/sdp_pipeline_dag.py
[2026-07-17T13:01:22.730+0000] {processor.py:840} INFO - DAG(s) 'e-commerce_kafka_streaming_pipeline_v1' retrieved from /opt/airflow/dags/sdp_pipeline_dag.py
[2026-07-17T13:01:22.784+0000] {logging_mixin.py:188} INFO - [2026-07-17T13:01:22.783+0000] {dag.py:3096} INFO - Sync 1 DAGs
[2026-07-17T13:01:22.825+0000] {logging_mixin.py:188} INFO - [2026-07-17T13:01:22.825+0000] {dag.py:3954} INFO - Setting next_dagrun for e-commerce_kafka_streaming_pipeline_v1 to 2026-07-17 13:00:00+00:00, run_after=2026-07-17 14:00:00+00:00
[2026-07-17T13:01:22.857+0000] {processor.py:183} INFO - Processing /opt/airflow/dags/sdp_pipeline_dag.py took 0.185 seconds
[2026-07-17T13:01:52.950+0000] {processor.py:161} INFO - Started process (PID=4204) to work on /opt/airflow/dags/sdp_pipeline_dag.py
[2026-07-17T13:01:52.953+0000] {processor.py:830} INFO - Processing file /opt/airflow/dags/sdp_pipeline_dag.py for tasks to queue
[2026-07-17T13:01:52.956+0000] {logging_mixin.py:188} INFO - [2026-07-17T13:01:52.955+0000] {dagbag.py:540} INFO - Filling up the DagBag from /opt/airflow/dags/sdp_pipeline_dag.py
[2026-07-17T13:01:52.996+0000] {processor.py:840} INFO - DAG(s) 'e-commerce_kafka_streaming_pipeline_v1' retrieved from /opt/airflow/dags/sdp_pipeline_dag.py
[2026-07-17T13:01:53.041+0000] {logging_mixin.py:188} INFO - [2026-07-17T13:01:53.041+0000] {dag.py:3096} INFO - Sync 1 DAGs
[2026-07-17T13:01:53.083+0000] {logging_mixin.py:188} INFO - [2026-07-17T13:01:53.082+0000] {dag.py:3954} INFO - Setting next_dagrun for e-commerce_kafka_streaming_pipeline_v1 to 2026-07-17 13:00:00+00:00, run_after=2026-07-17 14:00:00+00:00
[2026-07-17T13:01:53.115+0000] {processor.py:183} INFO - Processing /opt/airflow/dags/sdp_pipeline_dag.py took 0.178 seconds
[2026-07-17T13:02:23.459+0000] {processor.py:161} INFO - Started process (PID=4224) to work on /opt/airflow/dags/sdp_pipeline_dag.py
[2026-07-17T13:02:23.461+0000] {processor.py:830} INFO - Processing file /opt/airflow/dags/sdp_pipeline_dag.py for tasks to queue
[2026-07-17T13:02:23.471+0000] {logging_mixin.py:188} INFO - [2026-07-17T13:02:23.470+0000] {dagbag.py:540} INFO - Filling up the DagBag from /opt/airflow/dags/sdp_pipeline_dag.py
[2026-07-17T13:02:23.516+0000] {processor.py:840} INFO - DAG(s) 'e-commerce_kafka_streaming_pipeline_v1' retrieved from /opt/airflow/dags/sdp_pipeline_dag.py
[2026-07-17T13:02:23.578+0000] {logging_mixin.py:188} INFO - [2026-07-17T13:02:23.577+0000] {dag.py:3096} INFO - Sync 1 DAGs
[2026-07-17T13:02:23.630+0000] {logging_mixin.py:188} INFO - [2026-07-17T13:02:23.629+0000] {dag.py:3954} INFO - Setting next_dagrun for e-commerce_kafka_streaming_pipeline_v1 to 2026-07-17 13:00:00+00:00, run_after=2026-07-17 14:00:00+00:00
[2026-07-17T13:02:23.679+0000] {processor.py:183} INFO - Processing /opt/airflow/dags/sdp_pipeline_dag.py took 0.245 seconds
[2026-07-17T13:02:53.850+0000] {processor.py:161} INFO - Started process (PID=4229) to work on /opt/airflow/dags/sdp_pipeline_dag.py
[2026-07-17T13:02:53.853+0000] {processor.py:830} INFO - Processing file /opt/airflow/dags/sdp_pipeline_dag.py for tasks to queue
[2026-07-17T13:02:53.857+0000] {logging_mixin.py:188} INFO - [2026-07-17T13:02:53.856+0000] {dagbag.py:540} INFO - Filling up the DagBag from /opt/airflow/dags/sdp_pipeline_dag.py
[2026-07-17T13:02:53.907+0000] {processor.py:840} INFO - DAG(s) 'e-commerce_kafka_streaming_pipeline_v1' retrieved from /opt/airflow/dags/sdp_pipeline_dag.py
[2026-07-17T13:02:53.984+0000] {logging_mixin.py:188} INFO - [2026-07-17T13:02:53.984+0000] {dag.py:3096} INFO - Sync 1 DAGs
[2026-07-17T13:02:54.052+0000] {logging_mixin.py:188} INFO - [2026-07-17T13:02:54.051+0000] {dag.py:3954} INFO - Setting next_dagrun for e-commerce_kafka_streaming_pipeline_v1 to 2026-07-17 13:00:00+00:00, run_after=2026-07-17 14:00:00+00:00
[2026-07-17T13:02:54.100+0000] {processor.py:183} INFO - Processing /opt/airflow/dags/sdp_pipeline_dag.py took 0.268 seconds
[2026-07-17T13:03:24.406+0000] {processor.py:161} INFO - Started process (PID=4234) to work on /opt/airflow/dags/sdp_pipeline_dag.py
[2026-07-17T13:03:24.408+0000] {processor.py:830} INFO - Processing file /opt/airflow/dags/sdp_pipeline_dag.py for tasks to queue
[2026-07-17T13:03:24.412+0000] {logging_mixin.py:188} INFO - [2026-07-17T13:03:24.411+0000] {dagbag.py:540} INFO - Filling up the DagBag from /opt/airflow/dags/sdp_pipeline_dag.py
[2026-07-17T13:03:24.462+0000] {processor.py:840} INFO - DAG(s) 'e-commerce_kafka_streaming_pipeline_v1' retrieved from /opt/airflow/dags/sdp_pipeline_dag.py
[2026-07-17T13:03:24.517+0000] {logging_mixin.py:188} INFO - [2026-07-17T13:03:24.516+0000] {dag.py:3096} INFO - Sync 1 DAGs
[2026-07-17T13:03:24.579+0000] {logging_mixin.py:188} INFO - [2026-07-17T13:03:24.579+0000] {dag.py:3954} INFO - Setting next_dagrun for e-commerce_kafka_streaming_pipeline_v1 to 2026-07-17 13:00:00+00:00, run_after=2026-07-17 14:00:00+00:00
[2026-07-17T13:03:24.626+0000] {processor.py:183} INFO - Processing /opt/airflow/dags/sdp_pipeline_dag.py took 0.241 seconds
[2026-07-17T13:03:54.731+0000] {processor.py:161} INFO - Started process (PID=4239) to work on /opt/airflow/dags/sdp_pipeline_dag.py
[2026-07-17T13:03:54.733+0000] {processor.py:830} INFO - Processing file /opt/airflow/dags/sdp_pipeline_dag.py for tasks to queue
[2026-07-17T13:03:54.737+0000] {logging_mixin.py:188} INFO - [2026-07-17T13:03:54.735+0000] {dagbag.py:540} INFO - Filling up the DagBag from /opt/airflow/dags/sdp_pipeline_dag.py
[2026-07-17T13:03:54.779+0000] {processor.py:840} INFO - DAG(s) 'e-commerce_kafka_streaming_pipeline_v1' retrieved from /opt/airflow/dags/sdp_pipeline_dag.py
[2026-07-17T13:03:54.859+0000] {logging_mixin.py:188} INFO - [2026-07-17T13:03:54.858+0000] {dag.py:3096} INFO - Sync 1 DAGs
[2026-07-17T13:03:54.937+0000] {logging_mixin.py:188} INFO - [2026-07-17T13:03:54.937+0000] {dag.py:3954} INFO - Setting next_dagrun for e-commerce_kafka_streaming_pipeline_v1 to 2026-07-17 13:00:00+00:00, run_after=2026-07-17 14:00:00+00:00
[2026-07-17T13:03:54.976+0000] {processor.py:183} INFO - Processing /opt/airflow/dags/sdp_pipeline_dag.py took 0.263 seconds
[2026-07-17T13:04:25.171+0000] {processor.py:161} INFO - Started process (PID=4258) to work on /opt/airflow/dags/sdp_pipeline_dag.py
[2026-07-17T13:04:25.174+0000] {processor.py:830} INFO - Processing file /opt/airflow/dags/sdp_pipeline_dag.py for tasks to queue
[2026-07-17T13:04:25.177+0000] {logging_mixin.py:188} INFO - [2026-07-17T13:04:25.176+0000] {dagbag.py:540} INFO - Filling up the DagBag from /opt/airflow/dags/sdp_pipeline_dag.py
[2026-07-17T13:04:25.215+0000] {processor.py:840} INFO - DAG(s) 'e-commerce_kafka_streaming_pipeline_v1' retrieved from /opt/airflow/dags/sdp_pipeline_dag.py
[2026-07-17T13:04:25.271+0000] {logging_mixin.py:188} INFO - [2026-07-17T13:04:25.271+0000] {dag.py:3096} INFO - Sync 1 DAGs
[2026-07-17T13:04:25.317+0000] {logging_mixin.py:188} INFO - [2026-07-17T13:04:25.316+0000] {dag.py:3954} INFO - Setting next_dagrun for e-commerce_kafka_streaming_pipeline_v1 to 2026-07-17 13:00:00+00:00, run_after=2026-07-17 14:00:00+00:00
[2026-07-17T13:04:25.356+0000] {processor.py:183} INFO - Processing /opt/airflow/dags/sdp_pipeline_dag.py took 0.200 seconds
[2026-07-17T13:04:55.525+0000] {processor.py:161} INFO - Started process (PID=4263) to work on /opt/airflow/dags/sdp_pipeline_dag.py
[2026-07-17T13:04:55.528+0000] {processor.py:830} INFO - Processing file /opt/airflow/dags/sdp_pipeline_dag.py for tasks to queue
[2026-07-17T13:04:55.531+0000] {logging_mixin.py:188} INFO - [2026-07-17T13:04:55.530+0000] {dagbag.py:540} INFO - Filling up the DagBag from /opt/airflow/dags/sdp_pipeline_dag.py
[2026-07-17T13:04:55.587+0000] {processor.py:840} INFO - DAG(s) 'e-commerce_kafka_streaming_pipeline_v1' retrieved from /opt/airflow/dags/sdp_pipeline_dag.py
[2026-07-17T13:04:55.657+0000] {logging_mixin.py:188} INFO - [2026-07-17T13:04:55.656+0000] {dag.py:3096} INFO - Sync 1 DAGs
[2026-07-17T13:04:55.717+0000] {logging_mixin.py:188} INFO - [2026-07-17T13:04:55.717+0000] {dag.py:3954} INFO - Setting next_dagrun for e-commerce_kafka_streaming_pipeline_v1 to 2026-07-17 13:00:00+00:00, run_after=2026-07-17 14:00:00+00:00
[2026-07-17T13:04:55.765+0000] {processor.py:183} INFO - Processing /opt/airflow/dags/sdp_pipeline_dag.py took 0.259 seconds
[2026-07-17T13:05:26.001+0000] {processor.py:161} INFO - Started process (PID=4268) to work on /opt/airflow/dags/sdp_pipeline_dag.py
[2026-07-17T13:05:26.003+0000] {processor.py:830} INFO - Processing file /opt/airflow/dags/sdp_pipeline_dag.py for tasks to queue
[2026-07-17T13:05:26.009+0000] {logging_mixin.py:188} INFO - [2026-07-17T13:05:26.008+0000] {dagbag.py:540} INFO - Filling up the DagBag from /opt/airflow/dags/sdp_pipeline_dag.py
[2026-07-17T13:05:26.048+0000] {processor.py:840} INFO - DAG(s) 'e-commerce_kafka_streaming_pipeline_v1' retrieved from /opt/airflow/dags/sdp_pipeline_dag.py
[2026-07-17T13:05:26.115+0000] {logging_mixin.py:188} INFO - [2026-07-17T13:05:26.115+0000] {dag.py:3096} INFO - Sync 1 DAGs
[2026-07-17T13:05:26.159+0000] {logging_mixin.py:188} INFO - [2026-07-17T13:05:26.159+0000] {dag.py:3954} INFO - Setting next_dagrun for e-commerce_kafka_streaming_pipeline_v1 to 2026-07-17 13:00:00+00:00, run_after=2026-07-17 14:00:00+00:00
[2026-07-17T13:05:26.195+0000] {processor.py:183} INFO - Processing /opt/airflow/dags/sdp_pipeline_dag.py took 0.210 seconds
[2026-07-17T13:05:56.418+0000] {processor.py:161} INFO - Started process (PID=4273) to work on /opt/airflow/dags/sdp_pipeline_dag.py
[2026-07-17T13:05:56.422+0000] {processor.py:830} INFO - Processing file /opt/airflow/dags/sdp_pipeline_dag.py for tasks to queue
[2026-07-17T13:05:56.425+0000] {logging_mixin.py:188} INFO - [2026-07-17T13:05:56.424+0000] {dagbag.py:540} INFO - Filling up the DagBag from /opt/airflow/dags/sdp_pipeline_dag.py
[2026-07-17T13:05:56.475+0000] {processor.py:840} INFO - DAG(s) 'e-commerce_kafka_streaming_pipeline_v1' retrieved from /opt/airflow/dags/sdp_pipeline_dag.py
[2026-07-17T13:05:56.556+0000] {logging_mixin.py:188} INFO - [2026-07-17T13:05:56.555+0000] {dag.py:3096} INFO - Sync 1 DAGs
[2026-07-17T13:05:56.655+0000] {logging_mixin.py:188} INFO - [2026-07-17T13:05:56.654+0000] {dag.py:3954} INFO - Setting next_dagrun for e-commerce_kafka_streaming_pipeline_v1 to 2026-07-17 13:00:00+00:00, run_after=2026-07-17 14:00:00+00:00
[2026-07-17T13:05:56.702+0000] {processor.py:183} INFO - Processing /opt/airflow/dags/sdp_pipeline_dag.py took 0.298 seconds
[2026-07-17T13:06:27.211+0000] {processor.py:161} INFO - Started process (PID=4284) to work on /opt/airflow/dags/sdp_pipeline_dag.py
[2026-07-17T13:06:27.213+0000] {processor.py:830} INFO - Processing file /opt/airflow/dags/sdp_pipeline_dag.py for tasks to queue
[2026-07-17T13:06:27.215+0000] {logging_mixin.py:188} INFO - [2026-07-17T13:06:27.215+0000] {dagbag.py:540} INFO - Filling up the DagBag from /opt/airflow/dags/sdp_pipeline_dag.py
[2026-07-17T13:06:27.245+0000] {processor.py:840} INFO - DAG(s) 'e-commerce_kafka_streaming_pipeline_v1' retrieved from /opt/airflow/dags/sdp_pipeline_dag.py
[2026-07-17T13:06:27.294+0000] {logging_mixin.py:188} INFO - [2026-07-17T13:06:27.293+0000] {dag.py:3096} INFO - Sync 1 DAGs
[2026-07-17T13:06:27.331+0000] {logging_mixin.py:188} INFO - [2026-07-17T13:06:27.331+0000] {dag.py:3954} INFO - Setting next_dagrun for e-commerce_kafka_streaming_pipeline_v1 to 2026-07-17 13:00:00+00:00, run_after=2026-07-17 14:00:00+00:00
[2026-07-17T13:06:27.363+0000] {processor.py:183} INFO - Processing /opt/airflow/dags/sdp_pipeline_dag.py took 0.168 seconds
[2026-07-17T13:06:57.499+0000] {processor.py:161} INFO - Started process (PID=4289) to work on /opt/airflow/dags/sdp_pipeline_dag.py
[2026-07-17T13:06:57.501+0000] {processor.py:830} INFO - Processing file /opt/airflow/dags/sdp_pipeline_dag.py for tasks to queue
[2026-07-17T13:06:57.503+0000] {logging_mixin.py:188} INFO - [2026-07-17T13:06:57.503+0000] {dagbag.py:540} INFO - Filling up the DagBag from /opt/airflow/dags/sdp_pipeline_dag.py
[2026-07-17T13:06:57.534+0000] {processor.py:840} INFO - DAG(s) 'e-commerce_kafka_streaming_pipeline_v1' retrieved from /opt/airflow/dags/sdp_pipeline_dag.py
[2026-07-17T13:06:57.584+0000] {logging_mixin.py:188} INFO - [2026-07-17T13:06:57.584+0000] {dag.py:3096} INFO - Sync 1 DAGs
[2026-07-17T13:06:57.625+0000] {logging_mixin.py:188} INFO - [2026-07-17T13:06:57.624+0000] {dag.py:3954} INFO - Setting next_dagrun for e-commerce_kafka_streaming_pipeline_v1 to 2026-07-17 13:00:00+00:00, run_after=2026-07-17 14:00:00+00:00
[2026-07-17T13:06:57.650+0000] {processor.py:183} INFO - Processing /opt/airflow/dags/sdp_pipeline_dag.py took 0.161 seconds
[2026-07-17T13:07:27.982+0000] {processor.py:161} INFO - Started process (PID=4294) to work on /opt/airflow/dags/sdp_pipeline_dag.py
[2026-07-17T13:07:27.985+0000] {processor.py:830} INFO - Processing file /opt/airflow/dags/sdp_pipeline_dag.py for tasks to queue
[2026-07-17T13:07:27.987+0000] {logging_mixin.py:188} INFO - [2026-07-17T13:07:27.987+0000] {dagbag.py:540} INFO - Filling up the DagBag from /opt/airflow/dags/sdp_pipeline_dag.py
[2026-07-17T13:07:28.026+0000] {processor.py:840} INFO - DAG(s) 'e-commerce_kafka_streaming_pipeline_v1' retrieved from /opt/airflow/dags/sdp_pipeline_dag.py
[2026-07-17T13:07:28.068+0000] {logging_mixin.py:188} INFO - [2026-07-17T13:07:28.068+0000] {dag.py:3096} INFO - Sync 1 DAGs
[2026-07-17T13:07:28.103+0000] {logging_mixin.py:188} INFO - [2026-07-17T13:07:28.103+0000] {dag.py:3954} INFO - Setting next_dagrun for e-commerce_kafka_streaming_pipeline_v1 to 2026-07-17 13:00:00+00:00, run_after=2026-07-17 14:00:00+00:00
[2026-07-17T13:07:28.136+0000] {processor.py:183} INFO - Processing /opt/airflow/dags/sdp_pipeline_dag.py took 0.169 seconds
[2026-07-17T13:07:58.370+0000] {processor.py:161} INFO - Started process (PID=4299) to work on /opt/airflow/dags/sdp_pipeline_dag.py
[2026-07-17T13:07:58.372+0000] {processor.py:830} INFO - Processing file /opt/airflow/dags/sdp_pipeline_dag.py for tasks to queue
[2026-07-17T13:07:58.374+0000] {logging_mixin.py:188} INFO - [2026-07-17T13:07:58.373+0000] {dagbag.py:540} INFO - Filling up the DagBag from /opt/airflow/dags/sdp_pipeline_dag.py
[2026-07-17T13:07:58.400+0000] {processor.py:840} INFO - DAG(s) 'e-commerce_kafka_streaming_pipeline_v1' retrieved from /opt/airflow/dags/sdp_pipeline_dag.py
[2026-07-17T13:07:58.439+0000] {logging_mixin.py:188} INFO - [2026-07-17T13:07:58.439+0000] {dag.py:3096} INFO - Sync 1 DAGs
[2026-07-17T13:07:58.473+0000] {logging_mixin.py:188} INFO - [2026-07-17T13:07:58.473+0000] {dag.py:3954} INFO - Setting next_dagrun for e-commerce_kafka_streaming_pipeline_v1 to 2026-07-17 13:00:00+00:00, run_after=2026-07-17 14:00:00+00:00
[2026-07-17T13:07:58.501+0000] {processor.py:183} INFO - Processing /opt/airflow/dags/sdp_pipeline_dag.py took 0.138 seconds
[2026-07-17T13:08:28.641+0000] {processor.py:161} INFO - Started process (PID=4304) to work on /opt/airflow/dags/sdp_pipeline_dag.py
[2026-07-17T13:08:28.643+0000] {processor.py:830} INFO - Processing file /opt/airflow/dags/sdp_pipeline_dag.py for tasks to queue
[2026-07-17T13:08:28.645+0000] {logging_mixin.py:188} INFO - [2026-07-17T13:08:28.644+0000] {dagbag.py:540} INFO - Filling up the DagBag from /opt/airflow/dags/sdp_pipeline_dag.py
[2026-07-17T13:08:28.671+0000] {processor.py:840} INFO - DAG(s) 'e-commerce_kafka_streaming_pipeline_v1' retrieved from /opt/airflow/dags/sdp_pipeline_dag.py
[2026-07-17T13:08:28.706+0000] {logging_mixin.py:188} INFO - [2026-07-17T13:08:28.705+0000] {dag.py:3096} INFO - Sync 1 DAGs
[2026-07-17T13:08:28.734+0000] {logging_mixin.py:188} INFO - [2026-07-17T13:08:28.734+0000] {dag.py:3954} INFO - Setting next_dagrun for e-commerce_kafka_streaming_pipeline_v1 to 2026-07-17 13:00:00+00:00, run_after=2026-07-17 14:00:00+00:00
[2026-07-17T13:08:28.767+0000] {processor.py:183} INFO - Processing /opt/airflow/dags/sdp_pipeline_dag.py took 0.134 seconds
[2026-07-17T13:08:59.008+0000] {processor.py:161} INFO - Started process (PID=4309) to work on /opt/airflow/dags/sdp_pipeline_dag.py
[2026-07-17T13:08:59.010+0000] {processor.py:830} INFO - Processing file /opt/airflow/dags/sdp_pipeline_dag.py for tasks to queue
[2026-07-17T13:08:59.013+0000] {logging_mixin.py:188} INFO - [2026-07-17T13:08:59.012+0000] {dagbag.py:540} INFO - Filling up the DagBag from /opt/airflow/dags/sdp_pipeline_dag.py
[2026-07-17T13:08:59.065+0000] {processor.py:840} INFO - DAG(s) 'e-commerce_kafka_streaming_pipeline_v1' retrieved from /opt/airflow/dags/sdp_pipeline_dag.py
[2026-07-17T13:08:59.119+0000] {logging_mixin.py:188} INFO - [2026-07-17T13:08:59.119+0000] {dag.py:3096} INFO - Sync 1 DAGs
[2026-07-17T13:08:59.167+0000] {logging_mixin.py:188} INFO - [2026-07-17T13:08:59.167+0000] {dag.py:3954} INFO - Setting next_dagrun for e-commerce_kafka_streaming_pipeline_v1 to 2026-07-17 13:00:00+00:00, run_after=2026-07-17 14:00:00+00:00
[2026-07-17T13:08:59.191+0000] {processor.py:183} INFO - Processing /opt/airflow/dags/sdp_pipeline_dag.py took 0.198 seconds
[2026-07-17T13:09:29.442+0000] {processor.py:161} INFO - Started process (PID=4314) to work on /opt/airflow/dags/sdp_pipeline_dag.py
[2026-07-17T13:09:29.443+0000] {processor.py:830} INFO - Processing file /opt/airflow/dags/sdp_pipeline_dag.py for tasks to queue
[2026-07-17T13:09:29.445+0000] {logging_mixin.py:188} INFO - [2026-07-17T13:09:29.444+0000] {dagbag.py:540} INFO - Filling up the DagBag from /opt/airflow/dags/sdp_pipeline_dag.py
[2026-07-17T13:09:29.461+0000] {processor.py:840} INFO - DAG(s) 'e-commerce_kafka_streaming_pipeline_v1' retrieved from /opt/airflow/dags/sdp_pipeline_dag.py
[2026-07-17T13:09:29.488+0000] {logging_mixin.py:188} INFO - [2026-07-17T13:09:29.488+0000] {dag.py:3096} INFO - Sync 1 DAGs
[2026-07-17T13:09:29.510+0000] {logging_mixin.py:188} INFO - [2026-07-17T13:09:29.510+0000] {dag.py:3954} INFO - Setting next_dagrun for e-commerce_kafka_streaming_pipeline_v1 to 2026-07-17 13:00:00+00:00, run_after=2026-07-17 14:00:00+00:00
[2026-07-17T13:09:29.531+0000] {processor.py:183} INFO - Processing /opt/airflow/dags/sdp_pipeline_dag.py took 0.097 seconds
[2026-07-17T13:09:59.681+0000] {processor.py:161} INFO - Started process (PID=4319) to work on /opt/airflow/dags/sdp_pipeline_dag.py
[2026-07-17T13:09:59.683+0000] {processor.py:830} INFO - Processing file /opt/airflow/dags/sdp_pipeline_dag.py for tasks to queue
[2026-07-17T13:09:59.684+0000] {logging_mixin.py:188} INFO - [2026-07-17T13:09:59.683+0000] {dagbag.py:540} INFO - Filling up the DagBag from /opt/airflow/dags/sdp_pipeline_dag.py
[2026-07-17T13:09:59.703+0000] {processor.py:840} INFO - DAG(s) 'e-commerce_kafka_streaming_pipeline_v1' retrieved from /opt/airflow/dags/sdp_pipeline_dag.py
[2026-07-17T13:09:59.733+0000] {logging_mixin.py:188} INFO - [2026-07-17T13:09:59.732+0000] {dag.py:3096} INFO - Sync 1 DAGs
[2026-07-17T13:09:59.756+0000] {logging_mixin.py:188} INFO - [2026-07-17T13:09:59.756+0000] {dag.py:3954} INFO - Setting next_dagrun for e-commerce_kafka_streaming_pipeline_v1 to 2026-07-17 13:00:00+00:00, run_after=2026-07-17 14:00:00+00:00
[2026-07-17T13:09:59.774+0000] {processor.py:183} INFO - Processing /opt/airflow/dags/sdp_pipeline_dag.py took 0.098 seconds
[2026-07-17T13:10:29.993+0000] {processor.py:161} INFO - Started process (PID=4324) to work on /opt/airflow/dags/sdp_pipeline_dag.py
[2026-07-17T13:10:29.994+0000] {processor.py:830} INFO - Processing file /opt/airflow/dags/sdp_pipeline_dag.py for tasks to queue
[2026-07-17T13:10:29.996+0000] {logging_mixin.py:188} INFO - [2026-07-17T13:10:29.995+0000] {dagbag.py:540} INFO - Filling up the DagBag from /opt/airflow/dags/sdp_pipeline_dag.py
[2026-07-17T13:10:30.011+0000] {processor.py:840} INFO - DAG(s) 'e-commerce_kafka_streaming_pipeline_v1' retrieved from /opt/airflow/dags/sdp_pipeline_dag.py
[2026-07-17T13:10:30.038+0000] {logging_mixin.py:188} INFO - [2026-07-17T13:10:30.038+0000] {dag.py:3096} INFO - Sync 1 DAGs
[2026-07-17T13:10:30.063+0000] {logging_mixin.py:188} INFO - [2026-07-17T13:10:30.062+0000] {dag.py:3954} INFO - Setting next_dagrun for e-commerce_kafka_streaming_pipeline_v1 to 2026-07-17 13:00:00+00:00, run_after=2026-07-17 14:00:00+00:00
[2026-07-17T13:10:30.081+0000] {processor.py:183} INFO - Processing /opt/airflow/dags/sdp_pipeline_dag.py took 0.095 seconds
[2026-07-17T13:11:00.224+0000] {processor.py:161} INFO - Started process (PID=4329) to work on /opt/airflow/dags/sdp_pipeline_dag.py
[2026-07-17T13:11:00.225+0000] {processor.py:830} INFO - Processing file /opt/airflow/dags/sdp_pipeline_dag.py for tasks to queue
[2026-07-17T13:11:00.226+0000] {logging_mixin.py:188} INFO - [2026-07-17T13:11:00.226+0000] {dagbag.py:540} INFO - Filling up the DagBag from /opt/airflow/dags/sdp_pipeline_dag.py
[2026-07-17T13:11:00.244+0000] {processor.py:840} INFO - DAG(s) 'e-commerce_kafka_streaming_pipeline_v1' retrieved from /opt/airflow/dags/sdp_pipeline_dag.py
[2026-07-17T13:11:00.273+0000] {logging_mixin.py:188} INFO - [2026-07-17T13:11:00.273+0000] {dag.py:3096} INFO - Sync 1 DAGs
[2026-07-17T13:11:00.299+0000] {logging_mixin.py:188} INFO - [2026-07-17T13:11:00.298+0000] {dag.py:3954} INFO - Setting next_dagrun for e-commerce_kafka_streaming_pipeline_v1 to 2026-07-17 13:00:00+00:00, run_after=2026-07-17 14:00:00+00:00
[2026-07-17T13:11:00.320+0000] {processor.py:183} INFO - Processing /opt/airflow/dags/sdp_pipeline_dag.py took 0.102 seconds
[2026-07-17T13:11:30.532+0000] {processor.py:161} INFO - Started process (PID=4334) to work on /opt/airflow/dags/sdp_pipeline_dag.py
[2026-07-17T13:11:30.534+0000] {processor.py:830} INFO - Processing file /opt/airflow/dags/sdp_pipeline_dag.py for tasks to queue
[2026-07-17T13:11:30.536+0000] {logging_mixin.py:188} INFO - [2026-07-17T13:11:30.535+0000] {dagbag.py:540} INFO - Filling up the DagBag from /opt/airflow/dags/sdp_pipeline_dag.py
[2026-07-17T13:11:30.564+0000] {processor.py:840} INFO - DAG(s) 'e-commerce_kafka_streaming_pipeline_v1' retrieved from /opt/airflow/dags/sdp_pipeline_dag.py
[2026-07-17T13:11:30.616+0000] {logging_mixin.py:188} INFO - [2026-07-17T13:11:30.616+0000] {dag.py:3096} INFO - Sync 1 DAGs
[2026-07-17T13:11:30.650+0000] {logging_mixin.py:188} INFO - [2026-07-17T13:11:30.649+0000] {dag.py:3954} INFO - Setting next_dagrun for e-commerce_kafka_streaming_pipeline_v1 to 2026-07-17 13:00:00+00:00, run_after=2026-07-17 14:00:00+00:00
[2026-07-17T13:11:30.675+0000] {processor.py:183} INFO - Processing /opt/airflow/dags/sdp_pipeline_dag.py took 0.150 seconds
[2026-07-17T13:12:00.757+0000] {processor.py:161} INFO - Started process (PID=4339) to work on /opt/airflow/dags/sdp_pipeline_dag.py
[2026-07-17T13:12:00.759+0000] {processor.py:830} INFO - Processing file /opt/airflow/dags/sdp_pipeline_dag.py for tasks to queue
[2026-07-17T13:12:00.760+0000] {logging_mixin.py:188} INFO - [2026-07-17T13:12:00.760+0000] {dagbag.py:540} INFO - Filling up the DagBag from /opt/airflow/dags/sdp_pipeline_dag.py
[2026-07-17T13:12:00.786+0000] {processor.py:840} INFO - DAG(s) 'e-commerce_kafka_streaming_pipeline_v1' retrieved from /opt/airflow/dags/sdp_pipeline_dag.py
[2026-07-17T13:12:00.821+0000] {logging_mixin.py:188} INFO - [2026-07-17T13:12:00.820+0000] {dag.py:3096} INFO - Sync 1 DAGs
[2026-07-17T13:12:00.849+0000] {logging_mixin.py:188} INFO - [2026-07-17T13:12:00.848+0000] {dag.py:3954} INFO - Setting next_dagrun for e-commerce_kafka_streaming_pipeline_v1 to 2026-07-17 13:00:00+00:00, run_after=2026-07-17 14:00:00+00:00
[2026-07-17T13:12:00.872+0000] {processor.py:183} INFO - Processing /opt/airflow/dags/sdp_pipeline_dag.py took 0.125 seconds
[2026-07-17T13:12:31.106+0000] {processor.py:161} INFO - Started process (PID=4344) to work on /opt/airflow/dags/sdp_pipeline_dag.py
[2026-07-17T13:12:31.107+0000] {processor.py:830} INFO - Processing file /opt/airflow/dags/sdp_pipeline_dag.py for tasks to queue
[2026-07-17T13:12:31.109+0000] {logging_mixin.py:188} INFO - [2026-07-17T13:12:31.108+0000] {dagbag.py:540} INFO - Filling up the DagBag from /opt/airflow/dags/sdp_pipeline_dag.py
[2026-07-17T13:12:31.124+0000] {processor.py:840} INFO - DAG(s) 'e-commerce_kafka_streaming_pipeline_v1' retrieved from /opt/airflow/dags/sdp_pipeline_dag.py
[2026-07-17T13:12:31.152+0000] {logging_mixin.py:188} INFO - [2026-07-17T13:12:31.152+0000] {dag.py:3096} INFO - Sync 1 DAGs
[2026-07-17T13:12:31.173+0000] {logging_mixin.py:188} INFO - [2026-07-17T13:12:31.173+0000] {dag.py:3954} INFO - Setting next_dagrun for e-commerce_kafka_streaming_pipeline_v1 to 2026-07-17 13:00:00+00:00, run_after=2026-07-17 14:00:00+00:00
[2026-07-17T13:12:31.199+0000] {processor.py:183} INFO - Processing /opt/airflow/dags/sdp_pipeline_dag.py took 0.099 seconds
[2026-07-17T13:13:01.314+0000] {processor.py:161} INFO - Started process (PID=4349) to work on /opt/airflow/dags/sdp_pipeline_dag.py
[2026-07-17T13:13:01.316+0000] {processor.py:830} INFO - Processing file /opt/airflow/dags/sdp_pipeline_dag.py for tasks to queue
[2026-07-17T13:13:01.318+0000] {logging_mixin.py:188} INFO - [2026-07-17T13:13:01.317+0000] {dagbag.py:540} INFO - Filling up the DagBag from /opt/airflow/dags/sdp_pipeline_dag.py
[2026-07-17T13:13:01.340+0000] {processor.py:840} INFO - DAG(s) 'e-commerce_kafka_streaming_pipeline_v1' retrieved from /opt/airflow/dags/sdp_pipeline_dag.py
[2026-07-17T13:13:01.371+0000] {logging_mixin.py:188} INFO - [2026-07-17T13:13:01.371+0000] {dag.py:3096} INFO - Sync 1 DAGs
[2026-07-17T13:13:01.396+0000] {logging_mixin.py:188} INFO - [2026-07-17T13:13:01.396+0000] {dag.py:3954} INFO - Setting next_dagrun for e-commerce_kafka_streaming_pipeline_v1 to 2026-07-17 13:00:00+00:00, run_after=2026-07-17 14:00:00+00:00
[2026-07-17T13:13:01.417+0000] {processor.py:183} INFO - Processing /opt/airflow/dags/sdp_pipeline_dag.py took 0.110 seconds
[2026-07-17T13:13:31.647+0000] {processor.py:161} INFO - Started process (PID=4354) to work on /opt/airflow/dags/sdp_pipeline_dag.py
[2026-07-17T13:13:31.649+0000] {processor.py:830} INFO - Processing file /opt/airflow/dags/sdp_pipeline_dag.py for tasks to queue
[2026-07-17T13:13:31.650+0000] {logging_mixin.py:188} INFO - [2026-07-17T13:13:31.650+0000] {dagbag.py:540} INFO - Filling up the DagBag from /opt/airflow/dags/sdp_pipeline_dag.py
[2026-07-17T13:13:31.673+0000] {processor.py:840} INFO - DAG(s) 'e-commerce_kafka_streaming_pipeline_v1' retrieved from /opt/airflow/dags/sdp_pipeline_dag.py
[2026-07-17T13:13:31.705+0000] {logging_mixin.py:188} INFO - [2026-07-17T13:13:31.705+0000] {dag.py:3096} INFO - Sync 1 DAGs
[2026-07-17T13:13:31.736+0000] {logging_mixin.py:188} INFO - [2026-07-17T13:13:31.735+0000] {dag.py:3954} INFO - Setting next_dagrun for e-commerce_kafka_streaming_pipeline_v1 to 2026-07-17 13:00:00+00:00, run_after=2026-07-17 14:00:00+00:00
[2026-07-17T13:13:31.763+0000] {processor.py:183} INFO - Processing /opt/airflow/dags/sdp_pipeline_dag.py took 0.125 seconds
[2026-07-17T13:14:01.868+0000] {processor.py:161} INFO - Started process (PID=4359) to work on /opt/airflow/dags/sdp_pipeline_dag.py
[2026-07-17T13:14:01.869+0000] {processor.py:830} INFO - Processing file /opt/airflow/dags/sdp_pipeline_dag.py for tasks to queue
[2026-07-17T13:14:01.871+0000] {logging_mixin.py:188} INFO - [2026-07-17T13:14:01.870+0000] {dagbag.py:540} INFO - Filling up the DagBag from /opt/airflow/dags/sdp_pipeline_dag.py
[2026-07-17T13:14:01.891+0000] {processor.py:840} INFO - DAG(s) 'e-commerce_kafka_streaming_pipeline_v1' retrieved from /opt/airflow/dags/sdp_pipeline_dag.py
[2026-07-17T13:14:01.918+0000] {logging_mixin.py:188} INFO - [2026-07-17T13:14:01.918+0000] {dag.py:3096} INFO - Sync 1 DAGs
[2026-07-17T13:14:01.941+0000] {logging_mixin.py:188} INFO - [2026-07-17T13:14:01.941+0000] {dag.py:3954} INFO - Setting next_dagrun for e-commerce_kafka_streaming_pipeline_v1 to 2026-07-17 13:00:00+00:00, run_after=2026-07-17 14:00:00+00:00
[2026-07-17T13:14:01.966+0000] {processor.py:183} INFO - Processing /opt/airflow/dags/sdp_pipeline_dag.py took 0.104 seconds
[2026-07-17T13:14:32.201+0000] {processor.py:161} INFO - Started process (PID=4364) to work on /opt/airflow/dags/sdp_pipeline_dag.py
[2026-07-17T13:14:32.202+0000] {processor.py:830} INFO - Processing file /opt/airflow/dags/sdp_pipeline_dag.py for tasks to queue
[2026-07-17T13:14:32.203+0000] {logging_mixin.py:188} INFO - [2026-07-17T13:14:32.203+0000] {dagbag.py:540} INFO - Filling up the DagBag from /opt/airflow/dags/sdp_pipeline_dag.py
[2026-07-17T13:14:32.225+0000] {processor.py:840} INFO - DAG(s) 'e-commerce_kafka_streaming_pipeline_v1' retrieved from /opt/airflow/dags/sdp_pipeline_dag.py
[2026-07-17T13:14:32.258+0000] {logging_mixin.py:188} INFO - [2026-07-17T13:14:32.258+0000] {dag.py:3096} INFO - Sync 1 DAGs
[2026-07-17T13:14:32.280+0000] {logging_mixin.py:188} INFO - [2026-07-17T13:14:32.280+0000] {dag.py:3954} INFO - Setting next_dagrun for e-commerce_kafka_streaming_pipeline_v1 to 2026-07-17 13:00:00+00:00, run_after=2026-07-17 14:00:00+00:00
[2026-07-17T13:14:32.302+0000] {processor.py:183} INFO - Processing /opt/airflow/dags/sdp_pipeline_dag.py took 0.107 seconds
[2026-07-17T13:15:02.426+0000] {processor.py:161} INFO - Started process (PID=4369) to work on /opt/airflow/dags/sdp_pipeline_dag.py
[2026-07-17T13:15:02.427+0000] {processor.py:830} INFO - Processing file /opt/airflow/dags/sdp_pipeline_dag.py for tasks to queue
[2026-07-17T13:15:02.430+0000] {logging_mixin.py:188} INFO - [2026-07-17T13:15:02.429+0000] {dagbag.py:540} INFO - Filling up the DagBag from /opt/airflow/dags/sdp_pipeline_dag.py
[2026-07-17T13:15:02.449+0000] {processor.py:840} INFO - DAG(s) 'e-commerce_kafka_streaming_pipeline_v1' retrieved from /opt/airflow/dags/sdp_pipeline_dag.py
[2026-07-17T13:15:02.478+0000] {logging_mixin.py:188} INFO - [2026-07-17T13:15:02.478+0000] {dag.py:3096} INFO - Sync 1 DAGs
[2026-07-17T13:15:02.499+0000] {logging_mixin.py:188} INFO - [2026-07-17T13:15:02.498+0000] {dag.py:3954} INFO - Setting next_dagrun for e-commerce_kafka_streaming_pipeline_v1 to 2026-07-17 13:00:00+00:00, run_after=2026-07-17 14:00:00+00:00
[2026-07-17T13:15:02.516+0000] {processor.py:183} INFO - Processing /opt/airflow/dags/sdp_pipeline_dag.py took 0.098 seconds
[2026-07-17T13:15:32.708+0000] {processor.py:161} INFO - Started process (PID=4374) to work on /opt/airflow/dags/sdp_pipeline_dag.py
[2026-07-17T13:15:32.709+0000] {processor.py:830} INFO - Processing file /opt/airflow/dags/sdp_pipeline_dag.py for tasks to queue
[2026-07-17T13:15:32.712+0000] {logging_mixin.py:188} INFO - [2026-07-17T13:15:32.711+0000] {dagbag.py:540} INFO - Filling up the DagBag from /opt/airflow/dags/sdp_pipeline_dag.py
[2026-07-17T13:15:32.730+0000] {processor.py:840} INFO - DAG(s) 'e-commerce_kafka_streaming_pipeline_v1' retrieved from /opt/airflow/dags/sdp_pipeline_dag.py
[2026-07-17T13:15:32.758+0000] {logging_mixin.py:188} INFO - [2026-07-17T13:15:32.758+0000] {dag.py:3096} INFO - Sync 1 DAGs
[2026-07-17T13:15:32.780+0000] {logging_mixin.py:188} INFO - [2026-07-17T13:15:32.780+0000] {dag.py:3954} INFO - Setting next_dagrun for e-commerce_kafka_streaming_pipeline_v1 to 2026-07-17 13:00:00+00:00, run_after=2026-07-17 14:00:00+00:00
[2026-07-17T13:15:32.802+0000] {processor.py:183} INFO - Processing /opt/airflow/dags/sdp_pipeline_dag.py took 0.102 seconds
[2026-07-17T13:16:02.926+0000] {processor.py:161} INFO - Started process (PID=4379) to work on /opt/airflow/dags/sdp_pipeline_dag.py
[2026-07-17T13:16:02.928+0000] {processor.py:830} INFO - Processing file /opt/airflow/dags/sdp_pipeline_dag.py for tasks to queue
[2026-07-17T13:16:02.929+0000] {logging_mixin.py:188} INFO - [2026-07-17T13:16:02.929+0000] {dagbag.py:540} INFO - Filling up the DagBag from /opt/airflow/dags/sdp_pipeline_dag.py
[2026-07-17T13:16:02.950+0000] {processor.py:840} INFO - DAG(s) 'e-commerce_kafka_streaming_pipeline_v1' retrieved from /opt/airflow/dags/sdp_pipeline_dag.py
[2026-07-17T13:16:02.979+0000] {logging_mixin.py:188} INFO - [2026-07-17T13:16:02.978+0000] {dag.py:3096} INFO - Sync 1 DAGs
[2026-07-17T13:16:02.999+0000] {logging_mixin.py:188} INFO - [2026-07-17T13:16:02.999+0000] {dag.py:3954} INFO - Setting next_dagrun for e-commerce_kafka_streaming_pipeline_v1 to 2026-07-17 13:00:00+00:00, run_after=2026-07-17 14:00:00+00:00
[2026-07-17T13:16:03.019+0000] {processor.py:183} INFO - Processing /opt/airflow/dags/sdp_pipeline_dag.py took 0.100 seconds
[2026-07-17T13:16:33.206+0000] {processor.py:161} INFO - Started process (PID=4384) to work on /opt/airflow/dags/sdp_pipeline_dag.py
[2026-07-17T13:16:33.208+0000] {processor.py:830} INFO - Processing file /opt/airflow/dags/sdp_pipeline_dag.py for tasks to queue
[2026-07-17T13:16:33.209+0000] {logging_mixin.py:188} INFO - [2026-07-17T13:16:33.209+0000] {dagbag.py:540} INFO - Filling up the DagBag from /opt/airflow/dags/sdp_pipeline_dag.py
[2026-07-17T13:16:33.226+0000] {processor.py:840} INFO - DAG(s) 'e-commerce_kafka_streaming_pipeline_v1' retrieved from /opt/airflow/dags/sdp_pipeline_dag.py
[2026-07-17T13:16:33.251+0000] {logging_mixin.py:188} INFO - [2026-07-17T13:16:33.251+0000] {dag.py:3096} INFO - Sync 1 DAGs
[2026-07-17T13:16:33.273+0000] {logging_mixin.py:188} INFO - [2026-07-17T13:16:33.272+0000] {dag.py:3954} INFO - Setting next_dagrun for e-commerce_kafka_streaming_pipeline_v1 to 2026-07-17 13:00:00+00:00, run_after=2026-07-17 14:00:00+00:00
[2026-07-17T13:16:33.291+0000] {processor.py:183} INFO - Processing /opt/airflow/dags/sdp_pipeline_dag.py took 0.091 seconds
[2026-07-17T13:17:03.435+0000] {processor.py:161} INFO - Started process (PID=4389) to work on /opt/airflow/dags/sdp_pipeline_dag.py
[2026-07-17T13:17:03.436+0000] {processor.py:830} INFO - Processing file /opt/airflow/dags/sdp_pipeline_dag.py for tasks to queue
[2026-07-17T13:17:03.437+0000] {logging_mixin.py:188} INFO - [2026-07-17T13:17:03.437+0000] {dagbag.py:540} INFO - Filling up the DagBag from /opt/airflow/dags/sdp_pipeline_dag.py
[2026-07-17T13:17:03.456+0000] {processor.py:840} INFO - DAG(s) 'e-commerce_kafka_streaming_pipeline_v1' retrieved from /opt/airflow/dags/sdp_pipeline_dag.py
[2026-07-17T13:17:03.488+0000] {logging_mixin.py:188} INFO - [2026-07-17T13:17:03.487+0000] {dag.py:3096} INFO - Sync 1 DAGs
[2026-07-17T13:17:03.515+0000] {logging_mixin.py:188} INFO - [2026-07-17T13:17:03.515+0000] {dag.py:3954} INFO - Setting next_dagrun for e-commerce_kafka_streaming_pipeline_v1 to 2026-07-17 13:00:00+00:00, run_after=2026-07-17 14:00:00+00:00
[2026-07-17T13:17:03.536+0000] {processor.py:183} INFO - Processing /opt/airflow/dags/sdp_pipeline_dag.py took 0.109 seconds
[2026-07-17T13:17:33.739+0000] {processor.py:161} INFO - Started process (PID=4394) to work on /opt/airflow/dags/sdp_pipeline_dag.py
[2026-07-17T13:17:33.740+0000] {processor.py:830} INFO - Processing file /opt/airflow/dags/sdp_pipeline_dag.py for tasks to queue
[2026-07-17T13:17:33.741+0000] {logging_mixin.py:188} INFO - [2026-07-17T13:17:33.740+0000] {dagbag.py:540} INFO - Filling up the DagBag from /opt/airflow/dags/sdp_pipeline_dag.py
[2026-07-17T13:17:33.758+0000] {processor.py:840} INFO - DAG(s) 'e-commerce_kafka_streaming_pipeline_v1' retrieved from /opt/airflow/dags/sdp_pipeline_dag.py
[2026-07-17T13:17:33.783+0000] {logging_mixin.py:188} INFO - [2026-07-17T13:17:33.782+0000] {dag.py:3096} INFO - Sync 1 DAGs
[2026-07-17T13:17:33.803+0000] {logging_mixin.py:188} INFO - [2026-07-17T13:17:33.802+0000] {dag.py:3954} INFO - Setting next_dagrun for e-commerce_kafka_streaming_pipeline_v1 to 2026-07-17 13:00:00+00:00, run_after=2026-07-17 14:00:00+00:00
[2026-07-17T13:17:33.820+0000] {processor.py:183} INFO - Processing /opt/airflow/dags/sdp_pipeline_dag.py took 0.086 seconds
[2026-07-17T13:18:03.935+0000] {processor.py:161} INFO - Started process (PID=4399) to work on /opt/airflow/dags/sdp_pipeline_dag.py
[2026-07-17T13:18:03.936+0000] {processor.py:830} INFO - Processing file /opt/airflow/dags/sdp_pipeline_dag.py for tasks to queue
[2026-07-17T13:18:03.938+0000] {logging_mixin.py:188} INFO - [2026-07-17T13:18:03.937+0000] {dagbag.py:540} INFO - Filling up the DagBag from /opt/airflow/dags/sdp_pipeline_dag.py
[2026-07-17T13:18:03.957+0000] {processor.py:840} INFO - DAG(s) 'e-commerce_kafka_streaming_pipeline_v1' retrieved from /opt/airflow/dags/sdp_pipeline_dag.py
[2026-07-17T13:18:03.987+0000] {logging_mixin.py:188} INFO - [2026-07-17T13:18:03.987+0000] {dag.py:3096} INFO - Sync 1 DAGs
[2026-07-17T13:18:04.009+0000] {logging_mixin.py:188} INFO - [2026-07-17T13:18:04.008+0000] {dag.py:3954} INFO - Setting next_dagrun for e-commerce_kafka_streaming_pipeline_v1 to 2026-07-17 13:00:00+00:00, run_after=2026-07-17 14:00:00+00:00
[2026-07-17T13:18:04.028+0000] {processor.py:183} INFO - Processing /opt/airflow/dags/sdp_pipeline_dag.py took 0.100 seconds
[2026-07-17T13:18:34.238+0000] {processor.py:161} INFO - Started process (PID=4404) to work on /opt/airflow/dags/sdp_pipeline_dag.py
[2026-07-17T13:18:34.239+0000] {processor.py:830} INFO - Processing file /opt/airflow/dags/sdp_pipeline_dag.py for tasks to queue
[2026-07-17T13:18:34.240+0000] {logging_mixin.py:188} INFO - [2026-07-17T13:18:34.240+0000] {dagbag.py:540} INFO - Filling up the DagBag from /opt/airflow/dags/sdp_pipeline_dag.py
[2026-07-17T13:18:34.259+0000] {processor.py:840} INFO - DAG(s) 'e-commerce_kafka_streaming_pipeline_v1' retrieved from /opt/airflow/dags/sdp_pipeline_dag.py
[2026-07-17T13:18:34.289+0000] {logging_mixin.py:188} INFO - [2026-07-17T13:18:34.289+0000] {dag.py:3096} INFO - Sync 1 DAGs
[2026-07-17T13:18:34.309+0000] {logging_mixin.py:188} INFO - [2026-07-17T13:18:34.309+0000] {dag.py:3954} INFO - Setting next_dagrun for e-commerce_kafka_streaming_pipeline_v1 to 2026-07-17 13:00:00+00:00, run_after=2026-07-17 14:00:00+00:00
[2026-07-17T13:18:34.329+0000] {processor.py:183} INFO - Processing /opt/airflow/dags/sdp_pipeline_dag.py took 0.098 seconds
[2026-07-17T13:19:04.461+0000] {processor.py:161} INFO - Started process (PID=4409) to work on /opt/airflow/dags/sdp_pipeline_dag.py
[2026-07-17T13:19:04.463+0000] {processor.py:830} INFO - Processing file /opt/airflow/dags/sdp_pipeline_dag.py for tasks to queue
[2026-07-17T13:19:04.464+0000] {logging_mixin.py:188} INFO - [2026-07-17T13:19:04.464+0000] {dagbag.py:540} INFO - Filling up the DagBag from /opt/airflow/dags/sdp_pipeline_dag.py
[2026-07-17T13:19:04.482+0000] {processor.py:840} INFO - DAG(s) 'e-commerce_kafka_streaming_pipeline_v1' retrieved from /opt/airflow/dags/sdp_pipeline_dag.py
[2026-07-17T13:19:04.508+0000] {logging_mixin.py:188} INFO - [2026-07-17T13:19:04.508+0000] {dag.py:3096} INFO - Sync 1 DAGs
[2026-07-17T13:19:04.528+0000] {logging_mixin.py:188} INFO - [2026-07-17T13:19:04.528+0000] {dag.py:3954} INFO - Setting next_dagrun for e-commerce_kafka_streaming_pipeline_v1 to 2026-07-17 13:00:00+00:00, run_after=2026-07-17 14:00:00+00:00
[2026-07-17T13:19:04.546+0000] {processor.py:183} INFO - Processing /opt/airflow/dags/sdp_pipeline_dag.py took 0.091 seconds
[2026-07-17T13:19:34.751+0000] {processor.py:161} INFO - Started process (PID=4414) to work on /opt/airflow/dags/sdp_pipeline_dag.py
[2026-07-17T13:19:34.752+0000] {processor.py:830} INFO - Processing file /opt/airflow/dags/sdp_pipeline_dag.py for tasks to queue
[2026-07-17T13:19:34.753+0000] {logging_mixin.py:188} INFO - [2026-07-17T13:19:34.753+0000] {dagbag.py:540} INFO - Filling up the DagBag from /opt/airflow/dags/sdp_pipeline_dag.py
[2026-07-17T13:19:34.770+0000] {processor.py:840} INFO - DAG(s) 'e-commerce_kafka_streaming_pipeline_v1' retrieved from /opt/airflow/dags/sdp_pipeline_dag.py
[2026-07-17T13:19:34.795+0000] {logging_mixin.py:188} INFO - [2026-07-17T13:19:34.795+0000] {dag.py:3096} INFO - Sync 1 DAGs
[2026-07-17T13:19:34.815+0000] {logging_mixin.py:188} INFO - [2026-07-17T13:19:34.815+0000] {dag.py:3954} INFO - Setting next_dagrun for e-commerce_kafka_streaming_pipeline_v1 to 2026-07-17 13:00:00+00:00, run_after=2026-07-17 14:00:00+00:00
[2026-07-17T13:19:34.833+0000] {processor.py:183} INFO - Processing /opt/airflow/dags/sdp_pipeline_dag.py took 0.089 seconds
[2026-07-17T13:20:04.978+0000] {processor.py:161} INFO - Started process (PID=4419) to work on /opt/airflow/dags/sdp_pipeline_dag.py
[2026-07-17T13:20:04.979+0000] {processor.py:830} INFO - Processing file /opt/airflow/dags/sdp_pipeline_dag.py for tasks to queue
[2026-07-17T13:20:04.980+0000] {logging_mixin.py:188} INFO - [2026-07-17T13:20:04.980+0000] {dagbag.py:540} INFO - Filling up the DagBag from /opt/airflow/dags/sdp_pipeline_dag.py
[2026-07-17T13:20:04.994+0000] {processor.py:840} INFO - DAG(s) 'e-commerce_kafka_streaming_pipeline_v1' retrieved from /opt/airflow/dags/sdp_pipeline_dag.py
[2026-07-17T13:20:05.020+0000] {logging_mixin.py:188} INFO - [2026-07-17T13:20:05.020+0000] {dag.py:3096} INFO - Sync 1 DAGs
[2026-07-17T13:20:05.040+0000] {logging_mixin.py:188} INFO - [2026-07-17T13:20:05.040+0000] {dag.py:3954} INFO - Setting next_dagrun for e-commerce_kafka_streaming_pipeline_v1 to 2026-07-17 13:00:00+00:00, run_after=2026-07-17 14:00:00+00:00
[2026-07-17T13:20:05.057+0000] {processor.py:183} INFO - Processing /opt/airflow/dags/sdp_pipeline_dag.py took 0.085 seconds
[2026-07-17T13:20:35.231+0000] {processor.py:161} INFO - Started process (PID=4424) to work on /opt/airflow/dags/sdp_pipeline_dag.py
[2026-07-17T13:20:35.232+0000] {processor.py:830} INFO - Processing file /opt/airflow/dags/sdp_pipeline_dag.py for tasks to queue
[2026-07-17T13:20:35.233+0000] {logging_mixin.py:188} INFO - [2026-07-17T13:20:35.233+0000] {dagbag.py:540} INFO - Filling up the DagBag from /opt/airflow/dags/sdp_pipeline_dag.py
[2026-07-17T13:20:35.252+0000] {processor.py:840} INFO - DAG(s) 'e-commerce_kafka_streaming_pipeline_v1' retrieved from /opt/airflow/dags/sdp_pipeline_dag.py
[2026-07-17T13:20:35.279+0000] {logging_mixin.py:188} INFO - [2026-07-17T13:20:35.278+0000] {dag.py:3096} INFO - Sync 1 DAGs
[2026-07-17T13:20:35.300+0000] {logging_mixin.py:188} INFO - [2026-07-17T13:20:35.300+0000] {dag.py:3954} INFO - Setting next_dagrun for e-commerce_kafka_streaming_pipeline_v1 to 2026-07-17 13:00:00+00:00, run_after=2026-07-17 14:00:00+00:00
[2026-07-17T13:20:35.321+0000] {processor.py:183} INFO - Processing /opt/airflow/dags/sdp_pipeline_dag.py took 0.096 seconds
[2026-07-17T13:21:05.482+0000] {processor.py:161} INFO - Started process (PID=4429) to work on /opt/airflow/dags/sdp_pipeline_dag.py
[2026-07-17T13:21:05.483+0000] {processor.py:830} INFO - Processing file /opt/airflow/dags/sdp_pipeline_dag.py for tasks to queue
[2026-07-17T13:21:05.484+0000] {logging_mixin.py:188} INFO - [2026-07-17T13:21:05.484+0000] {dagbag.py:540} INFO - Filling up the DagBag from /opt/airflow/dags/sdp_pipeline_dag.py
[2026-07-17T13:21:05.501+0000] {processor.py:840} INFO - DAG(s) 'e-commerce_kafka_streaming_pipeline_v1' retrieved from /opt/airflow/dags/sdp_pipeline_dag.py
[2026-07-17T13:21:05.530+0000] {logging_mixin.py:188} INFO - [2026-07-17T13:21:05.530+0000] {dag.py:3096} INFO - Sync 1 DAGs
[2026-07-17T13:21:05.556+0000] {logging_mixin.py:188} INFO - [2026-07-17T13:21:05.556+0000] {dag.py:3954} INFO - Setting next_dagrun for e-commerce_kafka_streaming_pipeline_v1 to 2026-07-17 13:00:00+00:00, run_after=2026-07-17 14:00:00+00:00
[2026-07-17T13:21:05.575+0000] {processor.py:183} INFO - Processing /opt/airflow/dags/sdp_pipeline_dag.py took 0.100 seconds
[2026-07-17T13:21:35.767+0000] {processor.py:161} INFO - Started process (PID=4434) to work on /opt/airflow/dags/sdp_pipeline_dag.py
[2026-07-17T13:21:35.768+0000] {processor.py:830} INFO - Processing file /opt/airflow/dags/sdp_pipeline_dag.py for tasks to queue
[2026-07-17T13:21:35.770+0000] {logging_mixin.py:188} INFO - [2026-07-17T13:21:35.769+0000] {dagbag.py:540} INFO - Filling up the DagBag from /opt/airflow/dags/sdp_pipeline_dag.py
[2026-07-17T13:21:35.787+0000] {processor.py:840} INFO - DAG(s) 'e-commerce_kafka_streaming_pipeline_v1' retrieved from /opt/airflow/dags/sdp_pipeline_dag.py
[2026-07-17T13:21:35.813+0000] {logging_mixin.py:188} INFO - [2026-07-17T13:21:35.813+0000] {dag.py:3096} INFO - Sync 1 DAGs
[2026-07-17T13:21:35.832+0000] {logging_mixin.py:188} INFO - [2026-07-17T13:21:35.832+0000] {dag.py:3954} INFO - Setting next_dagrun for e-commerce_kafka_streaming_pipeline_v1 to 2026-07-17 13:00:00+00:00, run_after=2026-07-17 14:00:00+00:00
[2026-07-17T13:21:35.852+0000] {processor.py:183} INFO - Processing /opt/airflow/dags/sdp_pipeline_dag.py took 0.090 seconds
[2026-07-17T13:22:05.987+0000] {processor.py:161} INFO - Started process (PID=4439) to work on /opt/airflow/dags/sdp_pipeline_dag.py
[2026-07-17T13:22:05.988+0000] {processor.py:830} INFO - Processing file /opt/airflow/dags/sdp_pipeline_dag.py for tasks to queue
[2026-07-17T13:22:05.989+0000] {logging_mixin.py:188} INFO - [2026-07-17T13:22:05.989+0000] {dagbag.py:540} INFO - Filling up the DagBag from /opt/airflow/dags/sdp_pipeline_dag.py
[2026-07-17T13:22:06.009+0000] {processor.py:840} INFO - DAG(s) 'e-commerce_kafka_streaming_pipeline_v1' retrieved from /opt/airflow/dags/sdp_pipeline_dag.py
[2026-07-17T13:22:06.037+0000] {logging_mixin.py:188} INFO - [2026-07-17T13:22:06.037+0000] {dag.py:3096} INFO - Sync 1 DAGs
[2026-07-17T13:22:06.059+0000] {logging_mixin.py:188} INFO - [2026-07-17T13:22:06.059+0000] {dag.py:3954} INFO - Setting next_dagrun for e-commerce_kafka_streaming_pipeline_v1 to 2026-07-17 13:00:00+00:00, run_after=2026-07-17 14:00:00+00:00
[2026-07-17T13:22:06.079+0000] {processor.py:183} INFO - Processing /opt/airflow/dags/sdp_pipeline_dag.py took 0.099 seconds
[2026-07-17T13:22:36.307+0000] {processor.py:161} INFO - Started process (PID=4444) to work on /opt/airflow/dags/sdp_pipeline_dag.py
[2026-07-17T13:22:36.309+0000] {processor.py:830} INFO - Processing file /opt/airflow/dags/sdp_pipeline_dag.py for tasks to queue
[2026-07-17T13:22:36.311+0000] {logging_mixin.py:188} INFO - [2026-07-17T13:22:36.311+0000] {dagbag.py:540} INFO - Filling up the DagBag from /opt/airflow/dags/sdp_pipeline_dag.py
[2026-07-17T13:22:36.336+0000] {processor.py:840} INFO - DAG(s) 'e-commerce_kafka_streaming_pipeline_v1' retrieved from /opt/airflow/dags/sdp_pipeline_dag.py
[2026-07-17T13:22:36.377+0000] {logging_mixin.py:188} INFO - [2026-07-17T13:22:36.376+0000] {dag.py:3096} INFO - Sync 1 DAGs
[2026-07-17T13:22:36.402+0000] {logging_mixin.py:188} INFO - [2026-07-17T13:22:36.402+0000] {dag.py:3954} INFO - Setting next_dagrun for e-commerce_kafka_streaming_pipeline_v1 to 2026-07-17 13:00:00+00:00, run_after=2026-07-17 14:00:00+00:00
[2026-07-17T13:22:36.423+0000] {processor.py:183} INFO - Processing /opt/airflow/dags/sdp_pipeline_dag.py took 0.123 seconds
[2026-07-17T13:23:06.526+0000] {processor.py:161} INFO - Started process (PID=4449) to work on /opt/airflow/dags/sdp_pipeline_dag.py
[2026-07-17T13:23:06.527+0000] {processor.py:830} INFO - Processing file /opt/airflow/dags/sdp_pipeline_dag.py for tasks to queue
[2026-07-17T13:23:06.528+0000] {logging_mixin.py:188} INFO - [2026-07-17T13:23:06.528+0000] {dagbag.py:540} INFO - Filling up the DagBag from /opt/airflow/dags/sdp_pipeline_dag.py
[2026-07-17T13:23:06.544+0000] {processor.py:840} INFO - DAG(s) 'e-commerce_kafka_streaming_pipeline_v1' retrieved from /opt/airflow/dags/sdp_pipeline_dag.py
[2026-07-17T13:23:06.572+0000] {logging_mixin.py:188} INFO - [2026-07-17T13:23:06.571+0000] {dag.py:3096} INFO - Sync 1 DAGs
[2026-07-17T13:23:06.594+0000] {logging_mixin.py:188} INFO - [2026-07-17T13:23:06.594+0000] {dag.py:3954} INFO - Setting next_dagrun for e-commerce_kafka_streaming_pipeline_v1 to 2026-07-17 13:00:00+00:00, run_after=2026-07-17 14:00:00+00:00
[2026-07-17T13:23:06.614+0000] {processor.py:183} INFO - Processing /opt/airflow/dags/sdp_pipeline_dag.py took 0.096 seconds
[2026-07-17T13:23:36.834+0000] {processor.py:161} INFO - Started process (PID=4454) to work on /opt/airflow/dags/sdp_pipeline_dag.py
[2026-07-17T13:23:36.835+0000] {processor.py:830} INFO - Processing file /opt/airflow/dags/sdp_pipeline_dag.py for tasks to queue
[2026-07-17T13:23:36.836+0000] {logging_mixin.py:188} INFO - [2026-07-17T13:23:36.836+0000] {dagbag.py:540} INFO - Filling up the DagBag from /opt/airflow/dags/sdp_pipeline_dag.py
[2026-07-17T13:23:36.854+0000] {processor.py:840} INFO - DAG(s) 'e-commerce_kafka_streaming_pipeline_v1' retrieved from /opt/airflow/dags/sdp_pipeline_dag.py
[2026-07-17T13:23:36.883+0000] {logging_mixin.py:188} INFO - [2026-07-17T13:23:36.883+0000] {dag.py:3096} INFO - Sync 1 DAGs
[2026-07-17T13:23:36.905+0000] {logging_mixin.py:188} INFO - [2026-07-17T13:23:36.905+0000] {dag.py:3954} INFO - Setting next_dagrun for e-commerce_kafka_streaming_pipeline_v1 to 2026-07-17 13:00:00+00:00, run_after=2026-07-17 14:00:00+00:00
[2026-07-17T13:23:36.925+0000] {processor.py:183} INFO - Processing /opt/airflow/dags/sdp_pipeline_dag.py took 0.098 seconds
[2026-07-17T13:24:07.059+0000] {processor.py:161} INFO - Started process (PID=4459) to work on /opt/airflow/dags/sdp_pipeline_dag.py
[2026-07-17T13:24:07.060+0000] {processor.py:830} INFO - Processing file /opt/airflow/dags/sdp_pipeline_dag.py for tasks to queue
[2026-07-17T13:24:07.061+0000] {logging_mixin.py:188} INFO - [2026-07-17T13:24:07.061+0000] {dagbag.py:540} INFO - Filling up the DagBag from /opt/airflow/dags/sdp_pipeline_dag.py
[2026-07-17T13:24:07.076+0000] {processor.py:840} INFO - DAG(s) 'e-commerce_kafka_streaming_pipeline_v1' retrieved from /opt/airflow/dags/sdp_pipeline_dag.py
[2026-07-17T13:24:07.102+0000] {logging_mixin.py:188} INFO - [2026-07-17T13:24:07.102+0000] {dag.py:3096} INFO - Sync 1 DAGs
[2026-07-17T13:24:07.124+0000] {logging_mixin.py:188} INFO - [2026-07-17T13:24:07.124+0000] {dag.py:3954} INFO - Setting next_dagrun for e-commerce_kafka_streaming_pipeline_v1 to 2026-07-17 13:00:00+00:00, run_after=2026-07-17 14:00:00+00:00
[2026-07-17T13:24:07.143+0000] {processor.py:183} INFO - Processing /opt/airflow/dags/sdp_pipeline_dag.py took 0.090 seconds
[2026-07-17T13:24:37.373+0000] {processor.py:161} INFO - Started process (PID=4464) to work on /opt/airflow/dags/sdp_pipeline_dag.py
[2026-07-17T13:24:37.374+0000] {processor.py:830} INFO - Processing file /opt/airflow/dags/sdp_pipeline_dag.py for tasks to queue
[2026-07-17T13:24:37.375+0000] {logging_mixin.py:188} INFO - [2026-07-17T13:24:37.375+0000] {dagbag.py:540} INFO - Filling up the DagBag from /opt/airflow/dags/sdp_pipeline_dag.py
[2026-07-17T13:24:37.392+0000] {processor.py:840} INFO - DAG(s) 'e-commerce_kafka_streaming_pipeline_v1' retrieved from /opt/airflow/dags/sdp_pipeline_dag.py
[2026-07-17T13:24:37.419+0000] {logging_mixin.py:188} INFO - [2026-07-17T13:24:37.419+0000] {dag.py:3096} INFO - Sync 1 DAGs
[2026-07-17T13:24:37.442+0000] {logging_mixin.py:188} INFO - [2026-07-17T13:24:37.442+0000] {dag.py:3954} INFO - Setting next_dagrun for e-commerce_kafka_streaming_pipeline_v1 to 2026-07-17 13:00:00+00:00, run_after=2026-07-17 14:00:00+00:00
[2026-07-17T13:24:37.472+0000] {processor.py:183} INFO - Processing /opt/airflow/dags/sdp_pipeline_dag.py took 0.107 seconds
[2026-07-17T13:25:07.605+0000] {processor.py:161} INFO - Started process (PID=4469) to work on /opt/airflow/dags/sdp_pipeline_dag.py
[2026-07-17T13:25:07.606+0000] {processor.py:830} INFO - Processing file /opt/airflow/dags/sdp_pipeline_dag.py for tasks to queue
[2026-07-17T13:25:07.607+0000] {logging_mixin.py:188} INFO - [2026-07-17T13:25:07.607+0000] {dagbag.py:540} INFO - Filling up the DagBag from /opt/airflow/dags/sdp_pipeline_dag.py
[2026-07-17T13:25:07.625+0000] {processor.py:840} INFO - DAG(s) 'e-commerce_kafka_streaming_pipeline_v1' retrieved from /opt/airflow/dags/sdp_pipeline_dag.py
[2026-07-17T13:25:07.657+0000] {logging_mixin.py:188} INFO - [2026-07-17T13:25:07.657+0000] {dag.py:3096} INFO - Sync 1 DAGs
[2026-07-17T13:25:07.678+0000] {logging_mixin.py:188} INFO - [2026-07-17T13:25:07.678+0000] {dag.py:3954} INFO - Setting next_dagrun for e-commerce_kafka_streaming_pipeline_v1 to 2026-07-17 13:00:00+00:00, run_after=2026-07-17 14:00:00+00:00
[2026-07-17T13:25:07.701+0000] {processor.py:183} INFO - Processing /opt/airflow/dags/sdp_pipeline_dag.py took 0.103 seconds
[2026-07-17T13:25:37.935+0000] {processor.py:161} INFO - Started process (PID=4474) to work on /opt/airflow/dags/sdp_pipeline_dag.py
[2026-07-17T13:25:37.937+0000] {processor.py:830} INFO - Processing file /opt/airflow/dags/sdp_pipeline_dag.py for tasks to queue
[2026-07-17T13:25:37.939+0000] {logging_mixin.py:188} INFO - [2026-07-17T13:25:37.938+0000] {dagbag.py:540} INFO - Filling up the DagBag from /opt/airflow/dags/sdp_pipeline_dag.py
[2026-07-17T13:25:37.962+0000] {processor.py:840} INFO - DAG(s) 'e-commerce_kafka_streaming_pipeline_v1' retrieved from /opt/airflow/dags/sdp_pipeline_dag.py
[2026-07-17T13:25:37.989+0000] {logging_mixin.py:188} INFO - [2026-07-17T13:25:37.989+0000] {dag.py:3096} INFO - Sync 1 DAGs
[2026-07-17T13:25:38.010+0000] {logging_mixin.py:188} INFO - [2026-07-17T13:25:38.009+0000] {dag.py:3954} INFO - Setting next_dagrun for e-commerce_kafka_streaming_pipeline_v1 to 2026-07-17 13:00:00+00:00, run_after=2026-07-17 14:00:00+00:00
[2026-07-17T13:25:38.029+0000] {processor.py:183} INFO - Processing /opt/airflow/dags/sdp_pipeline_dag.py took 0.102 seconds
[2026-07-17T13:26:08.158+0000] {processor.py:161} INFO - Started process (PID=4479) to work on /opt/airflow/dags/sdp_pipeline_dag.py
[2026-07-17T13:26:08.159+0000] {processor.py:830} INFO - Processing file /opt/airflow/dags/sdp_pipeline_dag.py for tasks to queue
[2026-07-17T13:26:08.160+0000] {logging_mixin.py:188} INFO - [2026-07-17T13:26:08.160+0000] {dagbag.py:540} INFO - Filling up the DagBag from /opt/airflow/dags/sdp_pipeline_dag.py
[2026-07-17T13:26:08.176+0000] {processor.py:840} INFO - DAG(s) 'e-commerce_kafka_streaming_pipeline_v1' retrieved from /opt/airflow/dags/sdp_pipeline_dag.py
[2026-07-17T13:26:08.201+0000] {logging_mixin.py:188} INFO - [2026-07-17T13:26:08.201+0000] {dag.py:3096} INFO - Sync 1 DAGs
[2026-07-17T13:26:08.221+0000] {logging_mixin.py:188} INFO - [2026-07-17T13:26:08.220+0000] {dag.py:3954} INFO - Setting next_dagrun for e-commerce_kafka_streaming_pipeline_v1 to 2026-07-17 13:00:00+00:00, run_after=2026-07-17 14:00:00+00:00
[2026-07-17T13:26:08.239+0000] {processor.py:183} INFO - Processing /opt/airflow/dags/sdp_pipeline_dag.py took 0.087 seconds
[2026-07-17T13:26:38.494+0000] {processor.py:161} INFO - Started process (PID=4484) to work on /opt/airflow/dags/sdp_pipeline_dag.py
[2026-07-17T13:26:38.495+0000] {processor.py:830} INFO - Processing file /opt/airflow/dags/sdp_pipeline_dag.py for tasks to queue
[2026-07-17T13:26:38.497+0000] {logging_mixin.py:188} INFO - [2026-07-17T13:26:38.496+0000] {dagbag.py:540} INFO - Filling up the DagBag from /opt/airflow/dags/sdp_pipeline_dag.py
[2026-07-17T13:26:38.511+0000] {processor.py:840} INFO - DAG(s) 'e-commerce_kafka_streaming_pipeline_v1' retrieved from /opt/airflow/dags/sdp_pipeline_dag.py
[2026-07-17T13:26:38.537+0000] {logging_mixin.py:188} INFO - [2026-07-17T13:26:38.537+0000] {dag.py:3096} INFO - Sync 1 DAGs
[2026-07-17T13:26:38.557+0000] {logging_mixin.py:188} INFO - [2026-07-17T13:26:38.557+0000] {dag.py:3954} INFO - Setting next_dagrun for e-commerce_kafka_streaming_pipeline_v1 to 2026-07-17 13:00:00+00:00, run_after=2026-07-17 14:00:00+00:00
[2026-07-17T13:26:38.579+0000] {processor.py:183} INFO - Processing /opt/airflow/dags/sdp_pipeline_dag.py took 0.090 seconds
[2026-07-17T13:27:08.723+0000] {processor.py:161} INFO - Started process (PID=4489) to work on /opt/airflow/dags/sdp_pipeline_dag.py
[2026-07-17T13:27:08.724+0000] {processor.py:830} INFO - Processing file /opt/airflow/dags/sdp_pipeline_dag.py for tasks to queue
[2026-07-17T13:27:08.725+0000] {logging_mixin.py:188} INFO - [2026-07-17T13:27:08.725+0000] {dagbag.py:540} INFO - Filling up the DagBag from /opt/airflow/dags/sdp_pipeline_dag.py
[2026-07-17T13:27:08.741+0000] {processor.py:840} INFO - DAG(s) 'e-commerce_kafka_streaming_pipeline_v1' retrieved from /opt/airflow/dags/sdp_pipeline_dag.py
[2026-07-17T13:27:08.767+0000] {logging_mixin.py:188} INFO - [2026-07-17T13:27:08.767+0000] {dag.py:3096} INFO - Sync 1 DAGs
[2026-07-17T13:27:08.787+0000] {logging_mixin.py:188} INFO - [2026-07-17T13:27:08.787+0000] {dag.py:3954} INFO - Setting next_dagrun for e-commerce_kafka_streaming_pipeline_v1 to 2026-07-17 13:00:00+00:00, run_after=2026-07-17 14:00:00+00:00
[2026-07-17T13:27:08.807+0000] {processor.py:183} INFO - Processing /opt/airflow/dags/sdp_pipeline_dag.py took 0.090 seconds
[2026-07-17T13:27:39.033+0000] {processor.py:161} INFO - Started process (PID=4494) to work on /opt/airflow/dags/sdp_pipeline_dag.py
[2026-07-17T13:27:39.034+0000] {processor.py:830} INFO - Processing file /opt/airflow/dags/sdp_pipeline_dag.py for tasks to queue
[2026-07-17T13:27:39.036+0000] {logging_mixin.py:188} INFO - [2026-07-17T13:27:39.035+0000] {dagbag.py:540} INFO - Filling up the DagBag from /opt/airflow/dags/sdp_pipeline_dag.py
[2026-07-17T13:27:39.059+0000] {processor.py:840} INFO - DAG(s) 'e-commerce_kafka_streaming_pipeline_v1' retrieved from /opt/airflow/dags/sdp_pipeline_dag.py
[2026-07-17T13:27:39.086+0000] {logging_mixin.py:188} INFO - [2026-07-17T13:27:39.086+0000] {dag.py:3096} INFO - Sync 1 DAGs
[2026-07-17T13:27:39.110+0000] {logging_mixin.py:188} INFO - [2026-07-17T13:27:39.110+0000] {dag.py:3954} INFO - Setting next_dagrun for e-commerce_kafka_streaming_pipeline_v1 to 2026-07-17 13:00:00+00:00, run_after=2026-07-17 14:00:00+00:00
[2026-07-17T13:27:39.130+0000] {processor.py:183} INFO - Processing /opt/airflow/dags/sdp_pipeline_dag.py took 0.103 seconds
[2026-07-17T13:28:09.269+0000] {processor.py:161} INFO - Started process (PID=4499) to work on /opt/airflow/dags/sdp_pipeline_dag.py
[2026-07-17T13:28:09.271+0000] {processor.py:830} INFO - Processing file /opt/airflow/dags/sdp_pipeline_dag.py for tasks to queue
[2026-07-17T13:28:09.272+0000] {logging_mixin.py:188} INFO - [2026-07-17T13:28:09.271+0000] {dagbag.py:540} INFO - Filling up the DagBag from /opt/airflow/dags/sdp_pipeline_dag.py
[2026-07-17T13:28:09.288+0000] {processor.py:840} INFO - DAG(s) 'e-commerce_kafka_streaming_pipeline_v1' retrieved from /opt/airflow/dags/sdp_pipeline_dag.py
[2026-07-17T13:28:09.317+0000] {logging_mixin.py:188} INFO - [2026-07-17T13:28:09.317+0000] {dag.py:3096} INFO - Sync 1 DAGs
[2026-07-17T13:28:09.339+0000] {logging_mixin.py:188} INFO - [2026-07-17T13:28:09.339+0000] {dag.py:3954} INFO - Setting next_dagrun for e-commerce_kafka_streaming_pipeline_v1 to 2026-07-17 13:00:00+00:00, run_after=2026-07-17 14:00:00+00:00
[2026-07-17T13:28:09.359+0000] {processor.py:183} INFO - Processing /opt/airflow/dags/sdp_pipeline_dag.py took 0.096 seconds
[2026-07-17T13:28:39.569+0000] {processor.py:161} INFO - Started process (PID=4504) to work on /opt/airflow/dags/sdp_pipeline_dag.py
[2026-07-17T13:28:39.570+0000] {processor.py:830} INFO - Processing file /opt/airflow/dags/sdp_pipeline_dag.py for tasks to queue
[2026-07-17T13:28:39.571+0000] {logging_mixin.py:188} INFO - [2026-07-17T13:28:39.571+0000] {dagbag.py:540} INFO - Filling up the DagBag from /opt/airflow/dags/sdp_pipeline_dag.py
[2026-07-17T13:28:39.588+0000] {processor.py:840} INFO - DAG(s) 'e-commerce_kafka_streaming_pipeline_v1' retrieved from /opt/airflow/dags/sdp_pipeline_dag.py
[2026-07-17T13:28:39.615+0000] {logging_mixin.py:188} INFO - [2026-07-17T13:28:39.614+0000] {dag.py:3096} INFO - Sync 1 DAGs
[2026-07-17T13:28:39.634+0000] {logging_mixin.py:188} INFO - [2026-07-17T13:28:39.634+0000] {dag.py:3954} INFO - Setting next_dagrun for e-commerce_kafka_streaming_pipeline_v1 to 2026-07-17 13:00:00+00:00, run_after=2026-07-17 14:00:00+00:00
[2026-07-17T13:28:39.653+0000] {processor.py:183} INFO - Processing /opt/airflow/dags/sdp_pipeline_dag.py took 0.090 seconds
[2026-07-17T13:29:09.779+0000] {processor.py:161} INFO - Started process (PID=4509) to work on /opt/airflow/dags/sdp_pipeline_dag.py
[2026-07-17T13:29:09.780+0000] {processor.py:830} INFO - Processing file /opt/airflow/dags/sdp_pipeline_dag.py for tasks to queue
[2026-07-17T13:29:09.782+0000] {logging_mixin.py:188} INFO - [2026-07-17T13:29:09.781+0000] {dagbag.py:540} INFO - Filling up the DagBag from /opt/airflow/dags/sdp_pipeline_dag.py
[2026-07-17T13:29:09.797+0000] {processor.py:840} INFO - DAG(s) 'e-commerce_kafka_streaming_pipeline_v1' retrieved from /opt/airflow/dags/sdp_pipeline_dag.py
[2026-07-17T13:29:09.821+0000] {logging_mixin.py:188} INFO - [2026-07-17T13:29:09.821+0000] {dag.py:3096} INFO - Sync 1 DAGs
[2026-07-17T13:29:09.841+0000] {logging_mixin.py:188} INFO - [2026-07-17T13:29:09.841+0000] {dag.py:3954} INFO - Setting next_dagrun for e-commerce_kafka_streaming_pipeline_v1 to 2026-07-17 13:00:00+00:00, run_after=2026-07-17 14:00:00+00:00
[2026-07-17T13:29:09.857+0000] {processor.py:183} INFO - Processing /opt/airflow/dags/sdp_pipeline_dag.py took 0.084 seconds
[2026-07-17T13:29:40.078+0000] {processor.py:161} INFO - Started process (PID=4514) to work on /opt/airflow/dags/sdp_pipeline_dag.py
[2026-07-17T13:29:40.080+0000] {processor.py:830} INFO - Processing file /opt/airflow/dags/sdp_pipeline_dag.py for tasks to queue
[2026-07-17T13:29:40.081+0000] {logging_mixin.py:188} INFO - [2026-07-17T13:29:40.081+0000] {dagbag.py:540} INFO - Filling up the DagBag from /opt/airflow/dags/sdp_pipeline_dag.py
[2026-07-17T13:29:40.103+0000] {processor.py:840} INFO - DAG(s) 'e-commerce_kafka_streaming_pipeline_v1' retrieved from /opt/airflow/dags/sdp_pipeline_dag.py
[2026-07-17T13:29:40.134+0000] {logging_mixin.py:188} INFO - [2026-07-17T13:29:40.134+0000] {dag.py:3096} INFO - Sync 1 DAGs
[2026-07-17T13:29:40.156+0000] {logging_mixin.py:188} INFO - [2026-07-17T13:29:40.156+0000] {dag.py:3954} INFO - Setting next_dagrun for e-commerce_kafka_streaming_pipeline_v1 to 2026-07-17 13:00:00+00:00, run_after=2026-07-17 14:00:00+00:00
[2026-07-17T13:29:40.179+0000] {processor.py:183} INFO - Processing /opt/airflow/dags/sdp_pipeline_dag.py took 0.108 seconds
[2026-07-17T13:30:10.307+0000] {processor.py:161} INFO - Started process (PID=4519) to work on /opt/airflow/dags/sdp_pipeline_dag.py
[2026-07-17T13:30:10.308+0000] {processor.py:830} INFO - Processing file /opt/airflow/dags/sdp_pipeline_dag.py for tasks to queue
[2026-07-17T13:30:10.310+0000] {logging_mixin.py:188} INFO - [2026-07-17T13:30:10.310+0000] {dagbag.py:540} INFO - Filling up the DagBag from /opt/airflow/dags/sdp_pipeline_dag.py
[2026-07-17T13:30:10.329+0000] {processor.py:840} INFO - DAG(s) 'e-commerce_kafka_streaming_pipeline_v1' retrieved from /opt/airflow/dags/sdp_pipeline_dag.py
[2026-07-17T13:30:10.366+0000] {logging_mixin.py:188} INFO - [2026-07-17T13:30:10.365+0000] {dag.py:3096} INFO - Sync 1 DAGs
[2026-07-17T13:30:10.391+0000] {logging_mixin.py:188} INFO - [2026-07-17T13:30:10.391+0000] {dag.py:3954} INFO - Setting next_dagrun for e-commerce_kafka_streaming_pipeline_v1 to 2026-07-17 13:00:00+00:00, run_after=2026-07-17 14:00:00+00:00
[2026-07-17T13:30:10.412+0000] {processor.py:183} INFO - Processing /opt/airflow/dags/sdp_pipeline_dag.py took 0.113 seconds
[2026-07-17T13:30:40.614+0000] {processor.py:161} INFO - Started process (PID=4524) to work on /opt/airflow/dags/sdp_pipeline_dag.py
[2026-07-17T13:30:40.615+0000] {processor.py:830} INFO - Processing file /opt/airflow/dags/sdp_pipeline_dag.py for tasks to queue
[2026-07-17T13:30:40.616+0000] {logging_mixin.py:188} INFO - [2026-07-17T13:30:40.616+0000] {dagbag.py:540} INFO - Filling up the DagBag from /opt/airflow/dags/sdp_pipeline_dag.py
[2026-07-17T13:30:40.632+0000] {processor.py:840} INFO - DAG(s) 'e-commerce_kafka_streaming_pipeline_v1' retrieved from /opt/airflow/dags/sdp_pipeline_dag.py
[2026-07-17T13:30:40.657+0000] {logging_mixin.py:188} INFO - [2026-07-17T13:30:40.657+0000] {dag.py:3096} INFO - Sync 1 DAGs
[2026-07-17T13:30:40.684+0000] {logging_mixin.py:188} INFO - [2026-07-17T13:30:40.684+0000] {dag.py:3954} INFO - Setting next_dagrun for e-commerce_kafka_streaming_pipeline_v1 to 2026-07-17 13:00:00+00:00, run_after=2026-07-17 14:00:00+00:00
[2026-07-17T13:30:40.702+0000] {processor.py:183} INFO - Processing /opt/airflow/dags/sdp_pipeline_dag.py took 0.094 seconds
[2026-07-17T13:31:10.839+0000] {processor.py:161} INFO - Started process (PID=4529) to work on /opt/airflow/dags/sdp_pipeline_dag.py
[2026-07-17T13:31:10.840+0000] {processor.py:830} INFO - Processing file /opt/airflow/dags/sdp_pipeline_dag.py for tasks to queue
[2026-07-17T13:31:10.842+0000] {logging_mixin.py:188} INFO - [2026-07-17T13:31:10.842+0000] {dagbag.py:540} INFO - Filling up the DagBag from /opt/airflow/dags/sdp_pipeline_dag.py
[2026-07-17T13:31:10.858+0000] {processor.py:840} INFO - DAG(s) 'e-commerce_kafka_streaming_pipeline_v1' retrieved from /opt/airflow/dags/sdp_pipeline_dag.py
[2026-07-17T13:31:10.886+0000] {logging_mixin.py:188} INFO - [2026-07-17T13:31:10.886+0000] {dag.py:3096} INFO - Sync 1 DAGs
[2026-07-17T13:31:10.908+0000] {logging_mixin.py:188} INFO - [2026-07-17T13:31:10.907+0000] {dag.py:3954} INFO - Setting next_dagrun for e-commerce_kafka_streaming_pipeline_v1 to 2026-07-17 13:00:00+00:00, run_after=2026-07-17 14:00:00+00:00
[2026-07-17T13:31:10.930+0000] {processor.py:183} INFO - Processing /opt/airflow/dags/sdp_pipeline_dag.py took 0.097 seconds
[2026-07-17T13:31:41.111+0000] {processor.py:161} INFO - Started process (PID=4534) to work on /opt/airflow/dags/sdp_pipeline_dag.py
[2026-07-17T13:31:41.113+0000] {processor.py:830} INFO - Processing file /opt/airflow/dags/sdp_pipeline_dag.py for tasks to queue
[2026-07-17T13:31:41.114+0000] {logging_mixin.py:188} INFO - [2026-07-17T13:31:41.114+0000] {dagbag.py:540} INFO - Filling up the DagBag from /opt/airflow/dags/sdp_pipeline_dag.py
[2026-07-17T13:31:41.136+0000] {processor.py:840} INFO - DAG(s) 'e-commerce_kafka_streaming_pipeline_v1' retrieved from /opt/airflow/dags/sdp_pipeline_dag.py
[2026-07-17T13:31:41.167+0000] {logging_mixin.py:188} INFO - [2026-07-17T13:31:41.167+0000] {dag.py:3096} INFO - Sync 1 DAGs
[2026-07-17T13:31:41.201+0000] {logging_mixin.py:188} INFO - [2026-07-17T13:31:41.200+0000] {dag.py:3954} INFO - Setting next_dagrun for e-commerce_kafka_streaming_pipeline_v1 to 2026-07-17 13:00:00+00:00, run_after=2026-07-17 14:00:00+00:00
[2026-07-17T13:31:41.231+0000] {processor.py:183} INFO - Processing /opt/airflow/dags/sdp_pipeline_dag.py took 0.129 seconds
[2026-07-17T13:32:11.369+0000] {processor.py:161} INFO - Started process (PID=4539) to work on /opt/airflow/dags/sdp_pipeline_dag.py
[2026-07-17T13:32:11.370+0000] {processor.py:830} INFO - Processing file /opt/airflow/dags/sdp_pipeline_dag.py for tasks to queue
[2026-07-17T13:32:11.371+0000] {logging_mixin.py:188} INFO - [2026-07-17T13:32:11.371+0000] {dagbag.py:540} INFO - Filling up the DagBag from /opt/airflow/dags/sdp_pipeline_dag.py
[2026-07-17T13:32:11.394+0000] {processor.py:840} INFO - DAG(s) 'e-commerce_kafka_streaming_pipeline_v1' retrieved from /opt/airflow/dags/sdp_pipeline_dag.py
[2026-07-17T13:32:11.423+0000] {logging_mixin.py:188} INFO - [2026-07-17T13:32:11.423+0000] {dag.py:3096} INFO - Sync 1 DAGs
[2026-07-17T13:32:11.448+0000] {logging_mixin.py:188} INFO - [2026-07-17T13:32:11.448+0000] {dag.py:3954} INFO - Setting next_dagrun for e-commerce_kafka_streaming_pipeline_v1 to 2026-07-17 13:00:00+00:00, run_after=2026-07-17 14:00:00+00:00
[2026-07-17T13:32:11.467+0000] {processor.py:183} INFO - Processing /opt/airflow/dags/sdp_pipeline_dag.py took 0.107 seconds
[2026-07-17T13:32:41.659+0000] {processor.py:161} INFO - Started process (PID=4544) to work on /opt/airflow/dags/sdp_pipeline_dag.py
[2026-07-17T13:32:41.660+0000] {processor.py:830} INFO - Processing file /opt/airflow/dags/sdp_pipeline_dag.py for tasks to queue
[2026-07-17T13:32:41.661+0000] {logging_mixin.py:188} INFO - [2026-07-17T13:32:41.661+0000] {dagbag.py:540} INFO - Filling up the DagBag from /opt/airflow/dags/sdp_pipeline_dag.py
[2026-07-17T13:32:41.679+0000] {processor.py:840} INFO - DAG(s) 'e-commerce_kafka_streaming_pipeline_v1' retrieved from /opt/airflow/dags/sdp_pipeline_dag.py
[2026-07-17T13:32:41.705+0000] {logging_mixin.py:188} INFO - [2026-07-17T13:32:41.705+0000] {dag.py:3096} INFO - Sync 1 DAGs
[2026-07-17T13:32:41.725+0000] {logging_mixin.py:188} INFO - [2026-07-17T13:32:41.725+0000] {dag.py:3954} INFO - Setting next_dagrun for e-commerce_kafka_streaming_pipeline_v1 to 2026-07-17 13:00:00+00:00, run_after=2026-07-17 14:00:00+00:00
[2026-07-17T13:32:41.744+0000] {processor.py:183} INFO - Processing /opt/airflow/dags/sdp_pipeline_dag.py took 0.091 seconds
[2026-07-17T13:33:11.852+0000] {processor.py:161} INFO - Started process (PID=4549) to work on /opt/airflow/dags/sdp_pipeline_dag.py
[2026-07-17T13:33:11.853+0000] {processor.py:830} INFO - Processing file /opt/airflow/dags/sdp_pipeline_dag.py for tasks to queue
[2026-07-17T13:33:11.855+0000] {logging_mixin.py:188} INFO - [2026-07-17T13:33:11.855+0000] {dagbag.py:540} INFO - Filling up the DagBag from /opt/airflow/dags/sdp_pipeline_dag.py
[2026-07-17T13:33:11.872+0000] {processor.py:840} INFO - DAG(s) 'e-commerce_kafka_streaming_pipeline_v1' retrieved from /opt/airflow/dags/sdp_pipeline_dag.py
[2026-07-17T13:33:11.898+0000] {logging_mixin.py:188} INFO - [2026-07-17T13:33:11.898+0000] {dag.py:3096} INFO - Sync 1 DAGs
[2026-07-17T13:33:11.920+0000] {logging_mixin.py:188} INFO - [2026-07-17T13:33:11.919+0000] {dag.py:3954} INFO - Setting next_dagrun for e-commerce_kafka_streaming_pipeline_v1 to 2026-07-17 13:00:00+00:00, run_after=2026-07-17 14:00:00+00:00
[2026-07-17T13:33:11.937+0000] {processor.py:183} INFO - Processing /opt/airflow/dags/sdp_pipeline_dag.py took 0.091 seconds
[2026-07-17T13:33:42.139+0000] {processor.py:161} INFO - Started process (PID=4554) to work on /opt/airflow/dags/sdp_pipeline_dag.py
[2026-07-17T13:33:42.140+0000] {processor.py:830} INFO - Processing file /opt/airflow/dags/sdp_pipeline_dag.py for tasks to queue
[2026-07-17T13:33:42.142+0000] {logging_mixin.py:188} INFO - [2026-07-17T13:33:42.142+0000] {dagbag.py:540} INFO - Filling up the DagBag from /opt/airflow/dags/sdp_pipeline_dag.py
[2026-07-17T13:33:42.161+0000] {processor.py:840} INFO - DAG(s) 'e-commerce_kafka_streaming_pipeline_v1' retrieved from /opt/airflow/dags/sdp_pipeline_dag.py
[2026-07-17T13:33:42.187+0000] {logging_mixin.py:188} INFO - [2026-07-17T13:33:42.186+0000] {dag.py:3096} INFO - Sync 1 DAGs
[2026-07-17T13:33:42.207+0000] {logging_mixin.py:188} INFO - [2026-07-17T13:33:42.207+0000] {dag.py:3954} INFO - Setting next_dagrun for e-commerce_kafka_streaming_pipeline_v1 to 2026-07-17 13:00:00+00:00, run_after=2026-07-17 14:00:00+00:00
[2026-07-17T13:33:42.225+0000] {processor.py:183} INFO - Processing /opt/airflow/dags/sdp_pipeline_dag.py took 0.093 seconds
[2026-07-17T13:34:12.376+0000] {processor.py:161} INFO - Started process (PID=4559) to work on /opt/airflow/dags/sdp_pipeline_dag.py
[2026-07-17T13:34:12.379+0000] {processor.py:830} INFO - Processing file /opt/airflow/dags/sdp_pipeline_dag.py for tasks to queue
[2026-07-17T13:34:12.381+0000] {logging_mixin.py:188} INFO - [2026-07-17T13:34:12.380+0000] {dagbag.py:540} INFO - Filling up the DagBag from /opt/airflow/dags/sdp_pipeline_dag.py
[2026-07-17T13:34:12.412+0000] {processor.py:840} INFO - DAG(s) 'e-commerce_kafka_streaming_pipeline_v1' retrieved from /opt/airflow/dags/sdp_pipeline_dag.py
[2026-07-17T13:34:12.440+0000] {logging_mixin.py:188} INFO - [2026-07-17T13:34:12.440+0000] {dag.py:3096} INFO - Sync 1 DAGs
[2026-07-17T13:34:12.463+0000] {logging_mixin.py:188} INFO - [2026-07-17T13:34:12.463+0000] {dag.py:3954} INFO - Setting next_dagrun for e-commerce_kafka_streaming_pipeline_v1 to 2026-07-17 13:00:00+00:00, run_after=2026-07-17 14:00:00+00:00
[2026-07-17T13:34:12.485+0000] {processor.py:183} INFO - Processing /opt/airflow/dags/sdp_pipeline_dag.py took 0.122 seconds
[2026-07-17T13:34:42.625+0000] {processor.py:161} INFO - Started process (PID=4564) to work on /opt/airflow/dags/sdp_pipeline_dag.py
[2026-07-17T13:34:42.627+0000] {processor.py:830} INFO - Processing file /opt/airflow/dags/sdp_pipeline_dag.py for tasks to queue
[2026-07-17T13:34:42.629+0000] {logging_mixin.py:188} INFO - [2026-07-17T13:34:42.628+0000] {dagbag.py:540} INFO - Filling up the DagBag from /opt/airflow/dags/sdp_pipeline_dag.py
[2026-07-17T13:34:42.650+0000] {processor.py:840} INFO - DAG(s) 'e-commerce_kafka_streaming_pipeline_v1' retrieved from /opt/airflow/dags/sdp_pipeline_dag.py
[2026-07-17T13:34:42.682+0000] {logging_mixin.py:188} INFO - [2026-07-17T13:34:42.682+0000] {dag.py:3096} INFO - Sync 1 DAGs
[2026-07-17T13:34:42.709+0000] {logging_mixin.py:188} INFO - [2026-07-17T13:34:42.709+0000] {dag.py:3954} INFO - Setting next_dagrun for e-commerce_kafka_streaming_pipeline_v1 to 2026-07-17 13:00:00+00:00, run_after=2026-07-17 14:00:00+00:00
[2026-07-17T13:34:42.733+0000] {processor.py:183} INFO - Processing /opt/airflow/dags/sdp_pipeline_dag.py took 0.117 seconds
[2026-07-17T13:35:12.957+0000] {processor.py:161} INFO - Started process (PID=4569) to work on /opt/airflow/dags/sdp_pipeline_dag.py
[2026-07-17T13:35:12.959+0000] {processor.py:830} INFO - Processing file /opt/airflow/dags/sdp_pipeline_dag.py for tasks to queue
[2026-07-17T13:35:12.962+0000] {logging_mixin.py:188} INFO - [2026-07-17T13:35:12.961+0000] {dagbag.py:540} INFO - Filling up the DagBag from /opt/airflow/dags/sdp_pipeline_dag.py
[2026-07-17T13:35:12.992+0000] {processor.py:840} INFO - DAG(s) 'e-commerce_kafka_streaming_pipeline_v1' retrieved from /opt/airflow/dags/sdp_pipeline_dag.py
[2026-07-17T13:35:13.023+0000] {logging_mixin.py:188} INFO - [2026-07-17T13:35:13.023+0000] {dag.py:3096} INFO - Sync 1 DAGs
[2026-07-17T13:35:13.049+0000] {logging_mixin.py:188} INFO - [2026-07-17T13:35:13.049+0000] {dag.py:3954} INFO - Setting next_dagrun for e-commerce_kafka_streaming_pipeline_v1 to 2026-07-17 13:00:00+00:00, run_after=2026-07-17 14:00:00+00:00
[2026-07-17T13:35:13.068+0000] {processor.py:183} INFO - Processing /opt/airflow/dags/sdp_pipeline_dag.py took 0.122 seconds
[2026-07-17T13:35:43.182+0000] {processor.py:161} INFO - Started process (PID=4574) to work on /opt/airflow/dags/sdp_pipeline_dag.py
[2026-07-17T13:35:43.183+0000] {processor.py:830} INFO - Processing file /opt/airflow/dags/sdp_pipeline_dag.py for tasks to queue
[2026-07-17T13:35:43.184+0000] {logging_mixin.py:188} INFO - [2026-07-17T13:35:43.184+0000] {dagbag.py:540} INFO - Filling up the DagBag from /opt/airflow/dags/sdp_pipeline_dag.py
[2026-07-17T13:35:43.202+0000] {processor.py:840} INFO - DAG(s) 'e-commerce_kafka_streaming_pipeline_v1' retrieved from /opt/airflow/dags/sdp_pipeline_dag.py
[2026-07-17T13:35:43.230+0000] {logging_mixin.py:188} INFO - [2026-07-17T13:35:43.229+0000] {dag.py:3096} INFO - Sync 1 DAGs
[2026-07-17T13:35:43.252+0000] {logging_mixin.py:188} INFO - [2026-07-17T13:35:43.252+0000] {dag.py:3954} INFO - Setting next_dagrun for e-commerce_kafka_streaming_pipeline_v1 to 2026-07-17 13:00:00+00:00, run_after=2026-07-17 14:00:00+00:00
[2026-07-17T13:35:43.271+0000] {processor.py:183} INFO - Processing /opt/airflow/dags/sdp_pipeline_dag.py took 0.095 seconds
[2026-07-17T13:36:13.482+0000] {processor.py:161} INFO - Started process (PID=4579) to work on /opt/airflow/dags/sdp_pipeline_dag.py
[2026-07-17T13:36:13.483+0000] {processor.py:830} INFO - Processing file /opt/airflow/dags/sdp_pipeline_dag.py for tasks to queue
[2026-07-17T13:36:13.486+0000] {logging_mixin.py:188} INFO - [2026-07-17T13:36:13.485+0000] {dagbag.py:540} INFO - Filling up the DagBag from /opt/airflow/dags/sdp_pipeline_dag.py
[2026-07-17T13:36:13.502+0000] {processor.py:840} INFO - DAG(s) 'e-commerce_kafka_streaming_pipeline_v1' retrieved from /opt/airflow/dags/sdp_pipeline_dag.py
[2026-07-17T13:36:13.534+0000] {logging_mixin.py:188} INFO - [2026-07-17T13:36:13.534+0000] {dag.py:3096} INFO - Sync 1 DAGs
[2026-07-17T13:36:13.556+0000] {logging_mixin.py:188} INFO - [2026-07-17T13:36:13.556+0000] {dag.py:3954} INFO - Setting next_dagrun for e-commerce_kafka_streaming_pipeline_v1 to 2026-07-17 13:00:00+00:00, run_after=2026-07-17 14:00:00+00:00
[2026-07-17T13:36:13.579+0000] {processor.py:183} INFO - Processing /opt/airflow/dags/sdp_pipeline_dag.py took 0.103 seconds
[2026-07-17T13:36:43.685+0000] {processor.py:161} INFO - Started process (PID=4584) to work on /opt/airflow/dags/sdp_pipeline_dag.py
[2026-07-17T13:36:43.686+0000] {processor.py:830} INFO - Processing file /opt/airflow/dags/sdp_pipeline_dag.py for tasks to queue
[2026-07-17T13:36:43.689+0000] {logging_mixin.py:188} INFO - [2026-07-17T13:36:43.688+0000] {dagbag.py:540} INFO - Filling up the DagBag from /opt/airflow/dags/sdp_pipeline_dag.py
[2026-07-17T13:36:43.706+0000] {processor.py:840} INFO - DAG(s) 'e-commerce_kafka_streaming_pipeline_v1' retrieved from /opt/airflow/dags/sdp_pipeline_dag.py
[2026-07-17T13:36:43.733+0000] {logging_mixin.py:188} INFO - [2026-07-17T13:36:43.733+0000] {dag.py:3096} INFO - Sync 1 DAGs
[2026-07-17T13:36:43.756+0000] {logging_mixin.py:188} INFO - [2026-07-17T13:36:43.755+0000] {dag.py:3954} INFO - Setting next_dagrun for e-commerce_kafka_streaming_pipeline_v1 to 2026-07-17 13:00:00+00:00, run_after=2026-07-17 14:00:00+00:00
[2026-07-17T13:36:43.774+0000] {processor.py:183} INFO - Processing /opt/airflow/dags/sdp_pipeline_dag.py took 0.094 seconds
[2026-07-17T13:37:13.999+0000] {processor.py:161} INFO - Started process (PID=4589) to work on /opt/airflow/dags/sdp_pipeline_dag.py
[2026-07-17T13:37:14.000+0000] {processor.py:830} INFO - Processing file /opt/airflow/dags/sdp_pipeline_dag.py for tasks to queue
[2026-07-17T13:37:14.001+0000] {logging_mixin.py:188} INFO - [2026-07-17T13:37:14.001+0000] {dagbag.py:540} INFO - Filling up the DagBag from /opt/airflow/dags/sdp_pipeline_dag.py
[2026-07-17T13:37:14.017+0000] {processor.py:840} INFO - DAG(s) 'e-commerce_kafka_streaming_pipeline_v1' retrieved from /opt/airflow/dags/sdp_pipeline_dag.py
[2026-07-17T13:37:14.044+0000] {logging_mixin.py:188} INFO - [2026-07-17T13:37:14.044+0000] {dag.py:3096} INFO - Sync 1 DAGs
[2026-07-17T13:37:14.063+0000] {logging_mixin.py:188} INFO - [2026-07-17T13:37:14.063+0000] {dag.py:3954} INFO - Setting next_dagrun for e-commerce_kafka_streaming_pipeline_v1 to 2026-07-17 13:00:00+00:00, run_after=2026-07-17 14:00:00+00:00
[2026-07-17T13:37:14.082+0000] {processor.py:183} INFO - Processing /opt/airflow/dags/sdp_pipeline_dag.py took 0.089 seconds
[2026-07-17T13:37:44.271+0000] {processor.py:161} INFO - Started process (PID=4594) to work on /opt/airflow/dags/sdp_pipeline_dag.py
[2026-07-17T13:37:44.272+0000] {processor.py:830} INFO - Processing file /opt/airflow/dags/sdp_pipeline_dag.py for tasks to queue
[2026-07-17T13:37:44.274+0000] {logging_mixin.py:188} INFO - [2026-07-17T13:37:44.274+0000] {dagbag.py:540} INFO - Filling up the DagBag from /opt/airflow/dags/sdp_pipeline_dag.py
[2026-07-17T13:37:44.296+0000] {processor.py:840} INFO - DAG(s) 'e-commerce_kafka_streaming_pipeline_v1' retrieved from /opt/airflow/dags/sdp_pipeline_dag.py
[2026-07-17T13:37:44.334+0000] {logging_mixin.py:188} INFO - [2026-07-17T13:37:44.333+0000] {dag.py:3096} INFO - Sync 1 DAGs
[2026-07-17T13:37:44.367+0000] {logging_mixin.py:188} INFO - [2026-07-17T13:37:44.367+0000] {dag.py:3954} INFO - Setting next_dagrun for e-commerce_kafka_streaming_pipeline_v1 to 2026-07-17 13:00:00+00:00, run_after=2026-07-17 14:00:00+00:00
[2026-07-17T13:37:44.397+0000] {processor.py:183} INFO - Processing /opt/airflow/dags/sdp_pipeline_dag.py took 0.135 seconds
[2026-07-17T13:38:14.527+0000] {processor.py:161} INFO - Started process (PID=4599) to work on /opt/airflow/dags/sdp_pipeline_dag.py
[2026-07-17T13:38:14.528+0000] {processor.py:830} INFO - Processing file /opt/airflow/dags/sdp_pipeline_dag.py for tasks to queue
[2026-07-17T13:38:14.530+0000] {logging_mixin.py:188} INFO - [2026-07-17T13:38:14.529+0000] {dagbag.py:540} INFO - Filling up the DagBag from /opt/airflow/dags/sdp_pipeline_dag.py
[2026-07-17T13:38:14.547+0000] {processor.py:840} INFO - DAG(s) 'e-commerce_kafka_streaming_pipeline_v1' retrieved from /opt/airflow/dags/sdp_pipeline_dag.py
[2026-07-17T13:38:14.573+0000] {logging_mixin.py:188} INFO - [2026-07-17T13:38:14.573+0000] {dag.py:3096} INFO - Sync 1 DAGs
[2026-07-17T13:38:14.594+0000] {logging_mixin.py:188} INFO - [2026-07-17T13:38:14.593+0000] {dag.py:3954} INFO - Setting next_dagrun for e-commerce_kafka_streaming_pipeline_v1 to 2026-07-17 13:00:00+00:00, run_after=2026-07-17 14:00:00+00:00
[2026-07-17T13:38:14.611+0000] {processor.py:183} INFO - Processing /opt/airflow/dags/sdp_pipeline_dag.py took 0.091 seconds
[2026-07-17T13:38:44.869+0000] {processor.py:161} INFO - Started process (PID=4604) to work on /opt/airflow/dags/sdp_pipeline_dag.py
[2026-07-17T13:38:44.870+0000] {processor.py:830} INFO - Processing file /opt/airflow/dags/sdp_pipeline_dag.py for tasks to queue
[2026-07-17T13:38:44.871+0000] {logging_mixin.py:188} INFO - [2026-07-17T13:38:44.871+0000] {dagbag.py:540} INFO - Filling up the DagBag from /opt/airflow/dags/sdp_pipeline_dag.py
[2026-07-17T13:38:44.888+0000] {processor.py:840} INFO - DAG(s) 'e-commerce_kafka_streaming_pipeline_v1' retrieved from /opt/airflow/dags/sdp_pipeline_dag.py
[2026-07-17T13:38:44.914+0000] {logging_mixin.py:188} INFO - [2026-07-17T13:38:44.914+0000] {dag.py:3096} INFO - Sync 1 DAGs
[2026-07-17T13:38:44.934+0000] {logging_mixin.py:188} INFO - [2026-07-17T13:38:44.934+0000] {dag.py:3954} INFO - Setting next_dagrun for e-commerce_kafka_streaming_pipeline_v1 to 2026-07-17 13:00:00+00:00, run_after=2026-07-17 14:00:00+00:00
[2026-07-17T13:38:44.954+0000] {processor.py:183} INFO - Processing /opt/airflow/dags/sdp_pipeline_dag.py took 0.092 seconds
[2026-07-17T13:39:15.119+0000] {processor.py:161} INFO - Started process (PID=4609) to work on /opt/airflow/dags/sdp_pipeline_dag.py
[2026-07-17T13:39:15.120+0000] {processor.py:830} INFO - Processing file /opt/airflow/dags/sdp_pipeline_dag.py for tasks to queue
[2026-07-17T13:39:15.122+0000] {logging_mixin.py:188} INFO - [2026-07-17T13:39:15.121+0000] {dagbag.py:540} INFO - Filling up the DagBag from /opt/airflow/dags/sdp_pipeline_dag.py
[2026-07-17T13:39:15.142+0000] {processor.py:840} INFO - DAG(s) 'e-commerce_kafka_streaming_pipeline_v1' retrieved from /opt/airflow/dags/sdp_pipeline_dag.py
[2026-07-17T13:39:15.168+0000] {logging_mixin.py:188} INFO - [2026-07-17T13:39:15.168+0000] {dag.py:3096} INFO - Sync 1 DAGs
[2026-07-17T13:39:15.189+0000] {logging_mixin.py:188} INFO - [2026-07-17T13:39:15.189+0000] {dag.py:3954} INFO - Setting next_dagrun for e-commerce_kafka_streaming_pipeline_v1 to 2026-07-17 13:00:00+00:00, run_after=2026-07-17 14:00:00+00:00
[2026-07-17T13:39:15.209+0000] {processor.py:183} INFO - Processing /opt/airflow/dags/sdp_pipeline_dag.py took 0.097 seconds
[2026-07-17T13:39:45.372+0000] {processor.py:161} INFO - Started process (PID=4614) to work on /opt/airflow/dags/sdp_pipeline_dag.py
[2026-07-17T13:39:45.373+0000] {processor.py:830} INFO - Processing file /opt/airflow/dags/sdp_pipeline_dag.py for tasks to queue
[2026-07-17T13:39:45.375+0000] {logging_mixin.py:188} INFO - [2026-07-17T13:39:45.375+0000] {dagbag.py:540} INFO - Filling up the DagBag from /opt/airflow/dags/sdp_pipeline_dag.py
[2026-07-17T13:39:45.397+0000] {processor.py:840} INFO - DAG(s) 'e-commerce_kafka_streaming_pipeline_v1' retrieved from /opt/airflow/dags/sdp_pipeline_dag.py
[2026-07-17T13:39:45.427+0000] {logging_mixin.py:188} INFO - [2026-07-17T13:39:45.427+0000] {dag.py:3096} INFO - Sync 1 DAGs
[2026-07-17T13:39:45.452+0000] {logging_mixin.py:188} INFO - [2026-07-17T13:39:45.452+0000] {dag.py:3954} INFO - Setting next_dagrun for e-commerce_kafka_streaming_pipeline_v1 to 2026-07-17 13:00:00+00:00, run_after=2026-07-17 14:00:00+00:00
[2026-07-17T13:39:45.479+0000] {processor.py:183} INFO - Processing /opt/airflow/dags/sdp_pipeline_dag.py took 0.116 seconds
[2026-07-17T13:40:15.642+0000] {processor.py:161} INFO - Started process (PID=4619) to work on /opt/airflow/dags/sdp_pipeline_dag.py
[2026-07-17T13:40:15.643+0000] {processor.py:830} INFO - Processing file /opt/airflow/dags/sdp_pipeline_dag.py for tasks to queue
[2026-07-17T13:40:15.645+0000] {logging_mixin.py:188} INFO - [2026-07-17T13:40:15.644+0000] {dagbag.py:540} INFO - Filling up the DagBag from /opt/airflow/dags/sdp_pipeline_dag.py
[2026-07-17T13:40:15.662+0000] {processor.py:840} INFO - DAG(s) 'e-commerce_kafka_streaming_pipeline_v1' retrieved from /opt/airflow/dags/sdp_pipeline_dag.py
[2026-07-17T13:40:15.689+0000] {logging_mixin.py:188} INFO - [2026-07-17T13:40:15.689+0000] {dag.py:3096} INFO - Sync 1 DAGs
[2026-07-17T13:40:15.708+0000] {logging_mixin.py:188} INFO - [2026-07-17T13:40:15.708+0000] {dag.py:3954} INFO - Setting next_dagrun for e-commerce_kafka_streaming_pipeline_v1 to 2026-07-17 13:00:00+00:00, run_after=2026-07-17 14:00:00+00:00
[2026-07-17T13:40:15.725+0000] {processor.py:183} INFO - Processing /opt/airflow/dags/sdp_pipeline_dag.py took 0.090 seconds
[2026-07-17T13:40:45.944+0000] {processor.py:161} INFO - Started process (PID=4624) to work on /opt/airflow/dags/sdp_pipeline_dag.py
[2026-07-17T13:40:45.946+0000] {processor.py:830} INFO - Processing file /opt/airflow/dags/sdp_pipeline_dag.py for tasks to queue
[2026-07-17T13:40:45.947+0000] {logging_mixin.py:188} INFO - [2026-07-17T13:40:45.947+0000] {dagbag.py:540} INFO - Filling up the DagBag from /opt/airflow/dags/sdp_pipeline_dag.py
[2026-07-17T13:40:45.964+0000] {processor.py:840} INFO - DAG(s) 'e-commerce_kafka_streaming_pipeline_v1' retrieved from /opt/airflow/dags/sdp_pipeline_dag.py
[2026-07-17T13:40:45.990+0000] {logging_mixin.py:188} INFO - [2026-07-17T13:40:45.990+0000] {dag.py:3096} INFO - Sync 1 DAGs
[2026-07-17T13:40:46.009+0000] {logging_mixin.py:188} INFO - [2026-07-17T13:40:46.009+0000] {dag.py:3954} INFO - Setting next_dagrun for e-commerce_kafka_streaming_pipeline_v1 to 2026-07-17 13:00:00+00:00, run_after=2026-07-17 14:00:00+00:00
[2026-07-17T13:40:46.028+0000] {processor.py:183} INFO - Processing /opt/airflow/dags/sdp_pipeline_dag.py took 0.091 seconds
[2026-07-17T13:41:16.175+0000] {processor.py:161} INFO - Started process (PID=4629) to work on /opt/airflow/dags/sdp_pipeline_dag.py
[2026-07-17T13:41:16.177+0000] {processor.py:830} INFO - Processing file /opt/airflow/dags/sdp_pipeline_dag.py for tasks to queue
[2026-07-17T13:41:16.178+0000] {logging_mixin.py:188} INFO - [2026-07-17T13:41:16.178+0000] {dagbag.py:540} INFO - Filling up the DagBag from /opt/airflow/dags/sdp_pipeline_dag.py
[2026-07-17T13:41:16.196+0000] {processor.py:840} INFO - DAG(s) 'e-commerce_kafka_streaming_pipeline_v1' retrieved from /opt/airflow/dags/sdp_pipeline_dag.py
[2026-07-17T13:41:16.224+0000] {logging_mixin.py:188} INFO - [2026-07-17T13:41:16.224+0000] {dag.py:3096} INFO - Sync 1 DAGs
[2026-07-17T13:41:16.244+0000] {logging_mixin.py:188} INFO - [2026-07-17T13:41:16.244+0000] {dag.py:3954} INFO - Setting next_dagrun for e-commerce_kafka_streaming_pipeline_v1 to 2026-07-17 13:00:00+00:00, run_after=2026-07-17 14:00:00+00:00
[2026-07-17T13:41:16.262+0000] {processor.py:183} INFO - Processing /opt/airflow/dags/sdp_pipeline_dag.py took 0.093 seconds
[2026-07-17T13:41:46.492+0000] {processor.py:161} INFO - Started process (PID=4634) to work on /opt/airflow/dags/sdp_pipeline_dag.py
[2026-07-17T13:41:46.493+0000] {processor.py:830} INFO - Processing file /opt/airflow/dags/sdp_pipeline_dag.py for tasks to queue
[2026-07-17T13:41:46.494+0000] {logging_mixin.py:188} INFO - [2026-07-17T13:41:46.494+0000] {dagbag.py:540} INFO - Filling up the DagBag from /opt/airflow/dags/sdp_pipeline_dag.py
[2026-07-17T13:41:46.510+0000] {processor.py:840} INFO - DAG(s) 'e-commerce_kafka_streaming_pipeline_v1' retrieved from /opt/airflow/dags/sdp_pipeline_dag.py
[2026-07-17T13:41:46.535+0000] {logging_mixin.py:188} INFO - [2026-07-17T13:41:46.535+0000] {dag.py:3096} INFO - Sync 1 DAGs
[2026-07-17T13:41:46.557+0000] {logging_mixin.py:188} INFO - [2026-07-17T13:41:46.557+0000] {dag.py:3954} INFO - Setting next_dagrun for e-commerce_kafka_streaming_pipeline_v1 to 2026-07-17 13:00:00+00:00, run_after=2026-07-17 14:00:00+00:00
[2026-07-17T13:41:46.574+0000] {processor.py:183} INFO - Processing /opt/airflow/dags/sdp_pipeline_dag.py took 0.088 seconds
[2026-07-17T13:42:16.717+0000] {processor.py:161} INFO - Started process (PID=4639) to work on /opt/airflow/dags/sdp_pipeline_dag.py
[2026-07-17T13:42:16.718+0000] {processor.py:830} INFO - Processing file /opt/airflow/dags/sdp_pipeline_dag.py for tasks to queue
[2026-07-17T13:42:16.719+0000] {logging_mixin.py:188} INFO - [2026-07-17T13:42:16.719+0000] {dagbag.py:540} INFO - Filling up the DagBag from /opt/airflow/dags/sdp_pipeline_dag.py
[2026-07-17T13:42:16.735+0000] {processor.py:840} INFO - DAG(s) 'e-commerce_kafka_streaming_pipeline_v1' retrieved from /opt/airflow/dags/sdp_pipeline_dag.py
[2026-07-17T13:42:16.759+0000] {logging_mixin.py:188} INFO - [2026-07-17T13:42:16.759+0000] {dag.py:3096} INFO - Sync 1 DAGs
[2026-07-17T13:42:16.778+0000] {logging_mixin.py:188} INFO - [2026-07-17T13:42:16.778+0000] {dag.py:3954} INFO - Setting next_dagrun for e-commerce_kafka_streaming_pipeline_v1 to 2026-07-17 13:00:00+00:00, run_after=2026-07-17 14:00:00+00:00
[2026-07-17T13:42:16.796+0000] {processor.py:183} INFO - Processing /opt/airflow/dags/sdp_pipeline_dag.py took 0.084 seconds
[2026-07-17T13:42:47.011+0000] {processor.py:161} INFO - Started process (PID=4644) to work on /opt/airflow/dags/sdp_pipeline_dag.py
[2026-07-17T13:42:47.012+0000] {processor.py:830} INFO - Processing file /opt/airflow/dags/sdp_pipeline_dag.py for tasks to queue
[2026-07-17T13:42:47.013+0000] {logging_mixin.py:188} INFO - [2026-07-17T13:42:47.013+0000] {dagbag.py:540} INFO - Filling up the DagBag from /opt/airflow/dags/sdp_pipeline_dag.py
[2026-07-17T13:42:47.033+0000] {processor.py:840} INFO - DAG(s) 'e-commerce_kafka_streaming_pipeline_v1' retrieved from /opt/airflow/dags/sdp_pipeline_dag.py
[2026-07-17T13:42:47.059+0000] {logging_mixin.py:188} INFO - [2026-07-17T13:42:47.058+0000] {dag.py:3096} INFO - Sync 1 DAGs
[2026-07-17T13:42:47.079+0000] {logging_mixin.py:188} INFO - [2026-07-17T13:42:47.079+0000] {dag.py:3954} INFO - Setting next_dagrun for e-commerce_kafka_streaming_pipeline_v1 to 2026-07-17 13:00:00+00:00, run_after=2026-07-17 14:00:00+00:00
[2026-07-17T13:42:47.099+0000] {processor.py:183} INFO - Processing /opt/airflow/dags/sdp_pipeline_dag.py took 0.094 seconds
[2026-07-17T13:43:17.254+0000] {processor.py:161} INFO - Started process (PID=4649) to work on /opt/airflow/dags/sdp_pipeline_dag.py
[2026-07-17T13:43:17.255+0000] {processor.py:830} INFO - Processing file /opt/airflow/dags/sdp_pipeline_dag.py for tasks to queue
[2026-07-17T13:43:17.256+0000] {logging_mixin.py:188} INFO - [2026-07-17T13:43:17.256+0000] {dagbag.py:540} INFO - Filling up the DagBag from /opt/airflow/dags/sdp_pipeline_dag.py
[2026-07-17T13:43:17.273+0000] {processor.py:840} INFO - DAG(s) 'e-commerce_kafka_streaming_pipeline_v1' retrieved from /opt/airflow/dags/sdp_pipeline_dag.py
[2026-07-17T13:43:17.298+0000] {logging_mixin.py:188} INFO - [2026-07-17T13:43:17.298+0000] {dag.py:3096} INFO - Sync 1 DAGs
[2026-07-17T13:43:17.317+0000] {logging_mixin.py:188} INFO - [2026-07-17T13:43:17.317+0000] {dag.py:3954} INFO - Setting next_dagrun for e-commerce_kafka_streaming_pipeline_v1 to 2026-07-17 13:00:00+00:00, run_after=2026-07-17 14:00:00+00:00
[2026-07-17T13:43:17.334+0000] {processor.py:183} INFO - Processing /opt/airflow/dags/sdp_pipeline_dag.py took 0.086 seconds
[2026-07-17T13:43:47.520+0000] {processor.py:161} INFO - Started process (PID=4654) to work on /opt/airflow/dags/sdp_pipeline_dag.py
[2026-07-17T13:43:47.522+0000] {processor.py:830} INFO - Processing file /opt/airflow/dags/sdp_pipeline_dag.py for tasks to queue
[2026-07-17T13:43:47.524+0000] {logging_mixin.py:188} INFO - [2026-07-17T13:43:47.523+0000] {dagbag.py:540} INFO - Filling up the DagBag from /opt/airflow/dags/sdp_pipeline_dag.py
[2026-07-17T13:43:47.550+0000] {processor.py:840} INFO - DAG(s) 'e-commerce_kafka_streaming_pipeline_v1' retrieved from /opt/airflow/dags/sdp_pipeline_dag.py
[2026-07-17T13:43:47.580+0000] {logging_mixin.py:188} INFO - [2026-07-17T13:43:47.580+0000] {dag.py:3096} INFO - Sync 1 DAGs
[2026-07-17T13:43:47.601+0000] {logging_mixin.py:188} INFO - [2026-07-17T13:43:47.601+0000] {dag.py:3954} INFO - Setting next_dagrun for e-commerce_kafka_streaming_pipeline_v1 to 2026-07-17 13:00:00+00:00, run_after=2026-07-17 14:00:00+00:00
[2026-07-17T13:43:47.621+0000] {processor.py:183} INFO - Processing /opt/airflow/dags/sdp_pipeline_dag.py took 0.109 seconds
[2026-07-17T13:44:17.767+0000] {processor.py:161} INFO - Started process (PID=4659) to work on /opt/airflow/dags/sdp_pipeline_dag.py
[2026-07-17T13:44:17.768+0000] {processor.py:830} INFO - Processing file /opt/airflow/dags/sdp_pipeline_dag.py for tasks to queue
[2026-07-17T13:44:17.770+0000] {logging_mixin.py:188} INFO - [2026-07-17T13:44:17.769+0000] {dagbag.py:540} INFO - Filling up the DagBag from /opt/airflow/dags/sdp_pipeline_dag.py
[2026-07-17T13:44:17.785+0000] {processor.py:840} INFO - DAG(s) 'e-commerce_kafka_streaming_pipeline_v1' retrieved from /opt/airflow/dags/sdp_pipeline_dag.py
[2026-07-17T13:44:17.814+0000] {logging_mixin.py:188} INFO - [2026-07-17T13:44:17.813+0000] {dag.py:3096} INFO - Sync 1 DAGs
[2026-07-17T13:44:17.838+0000] {logging_mixin.py:188} INFO - [2026-07-17T13:44:17.837+0000] {dag.py:3954} INFO - Setting next_dagrun for e-commerce_kafka_streaming_pipeline_v1 to 2026-07-17 13:00:00+00:00, run_after=2026-07-17 14:00:00+00:00
[2026-07-17T13:44:17.857+0000] {processor.py:183} INFO - Processing /opt/airflow/dags/sdp_pipeline_dag.py took 0.095 seconds
[2026-07-17T13:44:48.070+0000] {processor.py:161} INFO - Started process (PID=4664) to work on /opt/airflow/dags/sdp_pipeline_dag.py
[2026-07-17T13:44:48.071+0000] {processor.py:830} INFO - Processing file /opt/airflow/dags/sdp_pipeline_dag.py for tasks to queue
[2026-07-17T13:44:48.072+0000] {logging_mixin.py:188} INFO - [2026-07-17T13:44:48.072+0000] {dagbag.py:540} INFO - Filling up the DagBag from /opt/airflow/dags/sdp_pipeline_dag.py
[2026-07-17T13:44:48.090+0000] {processor.py:840} INFO - DAG(s) 'e-commerce_kafka_streaming_pipeline_v1' retrieved from /opt/airflow/dags/sdp_pipeline_dag.py
[2026-07-17T13:44:48.138+0000] {logging_mixin.py:188} INFO - [2026-07-17T13:44:48.137+0000] {dag.py:3096} INFO - Sync 1 DAGs
[2026-07-17T13:44:48.171+0000] {logging_mixin.py:188} INFO - [2026-07-17T13:44:48.171+0000] {dag.py:3954} INFO - Setting next_dagrun for e-commerce_kafka_streaming_pipeline_v1 to 2026-07-17 13:00:00+00:00, run_after=2026-07-17 14:00:00+00:00
[2026-07-17T13:44:48.197+0000] {processor.py:183} INFO - Processing /opt/airflow/dags/sdp_pipeline_dag.py took 0.132 seconds
[2026-07-17T13:45:18.311+0000] {processor.py:161} INFO - Started process (PID=4669) to work on /opt/airflow/dags/sdp_pipeline_dag.py
[2026-07-17T13:45:18.312+0000] {processor.py:830} INFO - Processing file /opt/airflow/dags/sdp_pipeline_dag.py for tasks to queue
[2026-07-17T13:45:18.313+0000] {logging_mixin.py:188} INFO - [2026-07-17T13:45:18.313+0000] {dagbag.py:540} INFO - Filling up the DagBag from /opt/airflow/dags/sdp_pipeline_dag.py
[2026-07-17T13:45:18.329+0000] {processor.py:840} INFO - DAG(s) 'e-commerce_kafka_streaming_pipeline_v1' retrieved from /opt/airflow/dags/sdp_pipeline_dag.py
[2026-07-17T13:45:18.356+0000] {logging_mixin.py:188} INFO - [2026-07-17T13:45:18.356+0000] {dag.py:3096} INFO - Sync 1 DAGs
[2026-07-17T13:45:18.377+0000] {logging_mixin.py:188} INFO - [2026-07-17T13:45:18.377+0000] {dag.py:3954} INFO - Setting next_dagrun for e-commerce_kafka_streaming_pipeline_v1 to 2026-07-17 13:00:00+00:00, run_after=2026-07-17 14:00:00+00:00
[2026-07-17T13:45:18.397+0000] {processor.py:183} INFO - Processing /opt/airflow/dags/sdp_pipeline_dag.py took 0.092 seconds
[2026-07-17T13:45:48.650+0000] {processor.py:161} INFO - Started process (PID=4674) to work on /opt/airflow/dags/sdp_pipeline_dag.py
[2026-07-17T13:45:48.651+0000] {processor.py:830} INFO - Processing file /opt/airflow/dags/sdp_pipeline_dag.py for tasks to queue
[2026-07-17T13:45:48.652+0000] {logging_mixin.py:188} INFO - [2026-07-17T13:45:48.652+0000] {dagbag.py:540} INFO - Filling up the DagBag from /opt/airflow/dags/sdp_pipeline_dag.py
[2026-07-17T13:45:48.670+0000] {processor.py:840} INFO - DAG(s) 'e-commerce_kafka_streaming_pipeline_v1' retrieved from /opt/airflow/dags/sdp_pipeline_dag.py
[2026-07-17T13:45:48.696+0000] {logging_mixin.py:188} INFO - [2026-07-17T13:45:48.695+0000] {dag.py:3096} INFO - Sync 1 DAGs
[2026-07-17T13:45:48.715+0000] {logging_mixin.py:188} INFO - [2026-07-17T13:45:48.715+0000] {dag.py:3954} INFO - Setting next_dagrun for e-commerce_kafka_streaming_pipeline_v1 to 2026-07-17 13:00:00+00:00, run_after=2026-07-17 14:00:00+00:00
[2026-07-17T13:45:48.740+0000] {processor.py:183} INFO - Processing /opt/airflow/dags/sdp_pipeline_dag.py took 0.096 seconds
[2026-07-17T13:46:18.869+0000] {processor.py:161} INFO - Started process (PID=4679) to work on /opt/airflow/dags/sdp_pipeline_dag.py
[2026-07-17T13:46:18.871+0000] {processor.py:830} INFO - Processing file /opt/airflow/dags/sdp_pipeline_dag.py for tasks to queue
[2026-07-17T13:46:18.873+0000] {logging_mixin.py:188} INFO - [2026-07-17T13:46:18.872+0000] {dagbag.py:540} INFO - Filling up the DagBag from /opt/airflow/dags/sdp_pipeline_dag.py
[2026-07-17T13:46:18.893+0000] {processor.py:840} INFO - DAG(s) 'e-commerce_kafka_streaming_pipeline_v1' retrieved from /opt/airflow/dags/sdp_pipeline_dag.py
[2026-07-17T13:46:18.920+0000] {logging_mixin.py:188} INFO - [2026-07-17T13:46:18.919+0000] {dag.py:3096} INFO - Sync 1 DAGs
[2026-07-17T13:46:18.947+0000] {logging_mixin.py:188} INFO - [2026-07-17T13:46:18.947+0000] {dag.py:3954} INFO - Setting next_dagrun for e-commerce_kafka_streaming_pipeline_v1 to 2026-07-17 13:00:00+00:00, run_after=2026-07-17 14:00:00+00:00
[2026-07-17T13:46:18.973+0000] {processor.py:183} INFO - Processing /opt/airflow/dags/sdp_pipeline_dag.py took 0.109 seconds
[2026-07-17T13:46:49.172+0000] {processor.py:161} INFO - Started process (PID=4684) to work on /opt/airflow/dags/sdp_pipeline_dag.py
[2026-07-17T13:46:49.173+0000] {processor.py:830} INFO - Processing file /opt/airflow/dags/sdp_pipeline_dag.py for tasks to queue
[2026-07-17T13:46:49.175+0000] {logging_mixin.py:188} INFO - [2026-07-17T13:46:49.174+0000] {dagbag.py:540} INFO - Filling up the DagBag from /opt/airflow/dags/sdp_pipeline_dag.py
[2026-07-17T13:46:49.190+0000] {processor.py:840} INFO - DAG(s) 'e-commerce_kafka_streaming_pipeline_v1' retrieved from /opt/airflow/dags/sdp_pipeline_dag.py
[2026-07-17T13:46:49.214+0000] {logging_mixin.py:188} INFO - [2026-07-17T13:46:49.213+0000] {dag.py:3096} INFO - Sync 1 DAGs
[2026-07-17T13:46:49.232+0000] {logging_mixin.py:188} INFO - [2026-07-17T13:46:49.232+0000] {dag.py:3954} INFO - Setting next_dagrun for e-commerce_kafka_streaming_pipeline_v1 to 2026-07-17 13:00:00+00:00, run_after=2026-07-17 14:00:00+00:00
[2026-07-17T13:46:49.250+0000] {processor.py:183} INFO - Processing /opt/airflow/dags/sdp_pipeline_dag.py took 0.083 seconds
[2026-07-17T13:47:19.423+0000] {processor.py:161} INFO - Started process (PID=4689) to work on /opt/airflow/dags/sdp_pipeline_dag.py
[2026-07-17T13:47:19.424+0000] {processor.py:830} INFO - Processing file /opt/airflow/dags/sdp_pipeline_dag.py for tasks to queue
[2026-07-17T13:47:19.425+0000] {logging_mixin.py:188} INFO - [2026-07-17T13:47:19.425+0000] {dagbag.py:540} INFO - Filling up the DagBag from /opt/airflow/dags/sdp_pipeline_dag.py
[2026-07-17T13:47:19.442+0000] {processor.py:840} INFO - DAG(s) 'e-commerce_kafka_streaming_pipeline_v1' retrieved from /opt/airflow/dags/sdp_pipeline_dag.py
[2026-07-17T13:47:19.469+0000] {logging_mixin.py:188} INFO - [2026-07-17T13:47:19.469+0000] {dag.py:3096} INFO - Sync 1 DAGs
[2026-07-17T13:47:19.489+0000] {logging_mixin.py:188} INFO - [2026-07-17T13:47:19.489+0000] {dag.py:3954} INFO - Setting next_dagrun for e-commerce_kafka_streaming_pipeline_v1 to 2026-07-17 13:00:00+00:00, run_after=2026-07-17 14:00:00+00:00
[2026-07-17T13:47:19.509+0000] {processor.py:183} INFO - Processing /opt/airflow/dags/sdp_pipeline_dag.py took 0.091 seconds
[2026-07-17T13:47:49.737+0000] {processor.py:161} INFO - Started process (PID=4694) to work on /opt/airflow/dags/sdp_pipeline_dag.py
[2026-07-17T13:47:49.738+0000] {processor.py:830} INFO - Processing file /opt/airflow/dags/sdp_pipeline_dag.py for tasks to queue
[2026-07-17T13:47:49.739+0000] {logging_mixin.py:188} INFO - [2026-07-17T13:47:49.739+0000] {dagbag.py:540} INFO - Filling up the DagBag from /opt/airflow/dags/sdp_pipeline_dag.py
[2026-07-17T13:47:49.756+0000] {processor.py:840} INFO - DAG(s) 'e-commerce_kafka_streaming_pipeline_v1' retrieved from /opt/airflow/dags/sdp_pipeline_dag.py
[2026-07-17T13:47:49.781+0000] {logging_mixin.py:188} INFO - [2026-07-17T13:47:49.781+0000] {dag.py:3096} INFO - Sync 1 DAGs
[2026-07-17T13:47:49.801+0000] {logging_mixin.py:188} INFO - [2026-07-17T13:47:49.801+0000] {dag.py:3954} INFO - Setting next_dagrun for e-commerce_kafka_streaming_pipeline_v1 to 2026-07-17 13:00:00+00:00, run_after=2026-07-17 14:00:00+00:00
[2026-07-17T13:47:49.822+0000] {processor.py:183} INFO - Processing /opt/airflow/dags/sdp_pipeline_dag.py took 0.091 seconds
[2026-07-17T13:48:19.978+0000] {processor.py:161} INFO - Started process (PID=4699) to work on /opt/airflow/dags/sdp_pipeline_dag.py
[2026-07-17T13:48:19.979+0000] {processor.py:830} INFO - Processing file /opt/airflow/dags/sdp_pipeline_dag.py for tasks to queue
[2026-07-17T13:48:19.981+0000] {logging_mixin.py:188} INFO - [2026-07-17T13:48:19.980+0000] {dagbag.py:540} INFO - Filling up the DagBag from /opt/airflow/dags/sdp_pipeline_dag.py
[2026-07-17T13:48:20.009+0000] {processor.py:840} INFO - DAG(s) 'e-commerce_kafka_streaming_pipeline_v1' retrieved from /opt/airflow/dags/sdp_pipeline_dag.py
[2026-07-17T13:48:20.041+0000] {logging_mixin.py:188} INFO - [2026-07-17T13:48:20.040+0000] {dag.py:3096} INFO - Sync 1 DAGs
[2026-07-17T13:48:20.071+0000] {logging_mixin.py:188} INFO - [2026-07-17T13:48:20.071+0000] {dag.py:3954} INFO - Setting next_dagrun for e-commerce_kafka_streaming_pipeline_v1 to 2026-07-17 13:00:00+00:00, run_after=2026-07-17 14:00:00+00:00
[2026-07-17T13:48:20.092+0000] {processor.py:183} INFO - Processing /opt/airflow/dags/sdp_pipeline_dag.py took 0.121 seconds
[2026-07-17T13:48:50.249+0000] {processor.py:161} INFO - Started process (PID=4704) to work on /opt/airflow/dags/sdp_pipeline_dag.py
[2026-07-17T13:48:50.250+0000] {processor.py:830} INFO - Processing file /opt/airflow/dags/sdp_pipeline_dag.py for tasks to queue
[2026-07-17T13:48:50.251+0000] {logging_mixin.py:188} INFO - [2026-07-17T13:48:50.251+0000] {dagbag.py:540} INFO - Filling up the DagBag from /opt/airflow/dags/sdp_pipeline_dag.py
[2026-07-17T13:48:50.270+0000] {processor.py:840} INFO - DAG(s) 'e-commerce_kafka_streaming_pipeline_v1' retrieved from /opt/airflow/dags/sdp_pipeline_dag.py
[2026-07-17T13:48:50.299+0000] {logging_mixin.py:188} INFO - [2026-07-17T13:48:50.299+0000] {dag.py:3096} INFO - Sync 1 DAGs
[2026-07-17T13:48:50.319+0000] {logging_mixin.py:188} INFO - [2026-07-17T13:48:50.319+0000] {dag.py:3954} INFO - Setting next_dagrun for e-commerce_kafka_streaming_pipeline_v1 to 2026-07-17 13:00:00+00:00, run_after=2026-07-17 14:00:00+00:00
[2026-07-17T13:48:50.338+0000] {processor.py:183} INFO - Processing /opt/airflow/dags/sdp_pipeline_dag.py took 0.096 seconds
[2026-07-17T13:49:20.536+0000] {processor.py:161} INFO - Started process (PID=4709) to work on /opt/airflow/dags/sdp_pipeline_dag.py
[2026-07-17T13:49:20.537+0000] {processor.py:830} INFO - Processing file /opt/airflow/dags/sdp_pipeline_dag.py for tasks to queue
[2026-07-17T13:49:20.539+0000] {logging_mixin.py:188} INFO - [2026-07-17T13:49:20.538+0000] {dagbag.py:540} INFO - Filling up the DagBag from /opt/airflow/dags/sdp_pipeline_dag.py
[2026-07-17T13:49:20.556+0000] {processor.py:840} INFO - DAG(s) 'e-commerce_kafka_streaming_pipeline_v1' retrieved from /opt/airflow/dags/sdp_pipeline_dag.py
[2026-07-17T13:49:20.584+0000] {logging_mixin.py:188} INFO - [2026-07-17T13:49:20.584+0000] {dag.py:3096} INFO - Sync 1 DAGs
[2026-07-17T13:49:20.605+0000] {logging_mixin.py:188} INFO - [2026-07-17T13:49:20.605+0000] {dag.py:3954} INFO - Setting next_dagrun for e-commerce_kafka_streaming_pipeline_v1 to 2026-07-17 13:00:00+00:00, run_after=2026-07-17 14:00:00+00:00
[2026-07-17T13:49:20.623+0000] {processor.py:183} INFO - Processing /opt/airflow/dags/sdp_pipeline_dag.py took 0.095 seconds
[2026-07-17T13:49:50.743+0000] {processor.py:161} INFO - Started process (PID=4714) to work on /opt/airflow/dags/sdp_pipeline_dag.py
[2026-07-17T13:49:50.745+0000] {processor.py:830} INFO - Processing file /opt/airflow/dags/sdp_pipeline_dag.py for tasks to queue
[2026-07-17T13:49:50.746+0000] {logging_mixin.py:188} INFO - [2026-07-17T13:49:50.746+0000] {dagbag.py:540} INFO - Filling up the DagBag from /opt/airflow/dags/sdp_pipeline_dag.py
[2026-07-17T13:49:50.765+0000] {processor.py:840} INFO - DAG(s) 'e-commerce_kafka_streaming_pipeline_v1' retrieved from /opt/airflow/dags/sdp_pipeline_dag.py
[2026-07-17T13:49:50.793+0000] {logging_mixin.py:188} INFO - [2026-07-17T13:49:50.793+0000] {dag.py:3096} INFO - Sync 1 DAGs
[2026-07-17T13:49:50.814+0000] {logging_mixin.py:188} INFO - [2026-07-17T13:49:50.814+0000] {dag.py:3954} INFO - Setting next_dagrun for e-commerce_kafka_streaming_pipeline_v1 to 2026-07-17 13:00:00+00:00, run_after=2026-07-17 14:00:00+00:00
[2026-07-17T13:49:50.832+0000] {processor.py:183} INFO - Processing /opt/airflow/dags/sdp_pipeline_dag.py took 0.096 seconds
[2026-07-17T13:50:21.074+0000] {processor.py:161} INFO - Started process (PID=4719) to work on /opt/airflow/dags/sdp_pipeline_dag.py
[2026-07-17T13:50:21.076+0000] {processor.py:830} INFO - Processing file /opt/airflow/dags/sdp_pipeline_dag.py for tasks to queue
[2026-07-17T13:50:21.079+0000] {logging_mixin.py:188} INFO - [2026-07-17T13:50:21.079+0000] {dagbag.py:540} INFO - Filling up the DagBag from /opt/airflow/dags/sdp_pipeline_dag.py
[2026-07-17T13:50:21.117+0000] {processor.py:840} INFO - DAG(s) 'e-commerce_kafka_streaming_pipeline_v1' retrieved from /opt/airflow/dags/sdp_pipeline_dag.py
[2026-07-17T13:50:21.162+0000] {logging_mixin.py:188} INFO - [2026-07-17T13:50:21.161+0000] {dag.py:3096} INFO - Sync 1 DAGs
[2026-07-17T13:50:21.192+0000] {logging_mixin.py:188} INFO - [2026-07-17T13:50:21.191+0000] {dag.py:3954} INFO - Setting next_dagrun for e-commerce_kafka_streaming_pipeline_v1 to 2026-07-17 13:00:00+00:00, run_after=2026-07-17 14:00:00+00:00
[2026-07-17T13:50:21.211+0000] {processor.py:183} INFO - Processing /opt/airflow/dags/sdp_pipeline_dag.py took 0.150 seconds
[2026-07-17T13:50:51.291+0000] {processor.py:161} INFO - Started process (PID=4724) to work on /opt/airflow/dags/sdp_pipeline_dag.py
[2026-07-17T13:50:51.293+0000] {processor.py:830} INFO - Processing file /opt/airflow/dags/sdp_pipeline_dag.py for tasks to queue
[2026-07-17T13:50:51.294+0000] {logging_mixin.py:188} INFO - [2026-07-17T13:50:51.294+0000] {dagbag.py:540} INFO - Filling up the DagBag from /opt/airflow/dags/sdp_pipeline_dag.py
[2026-07-17T13:50:51.309+0000] {processor.py:840} INFO - DAG(s) 'e-commerce_kafka_streaming_pipeline_v1' retrieved from /opt/airflow/dags/sdp_pipeline_dag.py
[2026-07-17T13:50:51.335+0000] {logging_mixin.py:188} INFO - [2026-07-17T13:50:51.334+0000] {dag.py:3096} INFO - Sync 1 DAGs
[2026-07-17T13:50:51.355+0000] {logging_mixin.py:188} INFO - [2026-07-17T13:50:51.355+0000] {dag.py:3954} INFO - Setting next_dagrun for e-commerce_kafka_streaming_pipeline_v1 to 2026-07-17 13:00:00+00:00, run_after=2026-07-17 14:00:00+00:00
[2026-07-17T13:50:51.373+0000] {processor.py:183} INFO - Processing /opt/airflow/dags/sdp_pipeline_dag.py took 0.088 seconds
[2026-07-17T13:51:21.490+0000] {processor.py:161} INFO - Started process (PID=4729) to work on /opt/airflow/dags/sdp_pipeline_dag.py
[2026-07-17T13:51:21.491+0000] {processor.py:830} INFO - Processing file /opt/airflow/dags/sdp_pipeline_dag.py for tasks to queue
[2026-07-17T13:51:21.492+0000] {logging_mixin.py:188} INFO - [2026-07-17T13:51:21.492+0000] {dagbag.py:540} INFO - Filling up the DagBag from /opt/airflow/dags/sdp_pipeline_dag.py
[2026-07-17T13:51:21.510+0000] {processor.py:840} INFO - DAG(s) 'e-commerce_kafka_streaming_pipeline_v1' retrieved from /opt/airflow/dags/sdp_pipeline_dag.py
[2026-07-17T13:51:21.538+0000] {logging_mixin.py:188} INFO - [2026-07-17T13:51:21.537+0000] {dag.py:3096} INFO - Sync 1 DAGs
[2026-07-17T13:51:21.558+0000] {logging_mixin.py:188} INFO - [2026-07-17T13:51:21.558+0000] {dag.py:3954} INFO - Setting next_dagrun for e-commerce_kafka_streaming_pipeline_v1 to 2026-07-17 13:00:00+00:00, run_after=2026-07-17 14:00:00+00:00
[2026-07-17T13:51:21.579+0000] {processor.py:183} INFO - Processing /opt/airflow/dags/sdp_pipeline_dag.py took 0.097 seconds
[2026-07-17T13:51:51.802+0000] {processor.py:161} INFO - Started process (PID=4734) to work on /opt/airflow/dags/sdp_pipeline_dag.py
[2026-07-17T13:51:51.803+0000] {processor.py:830} INFO - Processing file /opt/airflow/dags/sdp_pipeline_dag.py for tasks to queue
[2026-07-17T13:51:51.804+0000] {logging_mixin.py:188} INFO - [2026-07-17T13:51:51.804+0000] {dagbag.py:540} INFO - Filling up the DagBag from /opt/airflow/dags/sdp_pipeline_dag.py
[2026-07-17T13:51:51.821+0000] {processor.py:840} INFO - DAG(s) 'e-commerce_kafka_streaming_pipeline_v1' retrieved from /opt/airflow/dags/sdp_pipeline_dag.py
[2026-07-17T13:51:51.846+0000] {logging_mixin.py:188} INFO - [2026-07-17T13:51:51.846+0000] {dag.py:3096} INFO - Sync 1 DAGs
[2026-07-17T13:51:51.865+0000] {logging_mixin.py:188} INFO - [2026-07-17T13:51:51.865+0000] {dag.py:3954} INFO - Setting next_dagrun for e-commerce_kafka_streaming_pipeline_v1 to 2026-07-17 13:00:00+00:00, run_after=2026-07-17 14:00:00+00:00
[2026-07-17T13:51:51.882+0000] {processor.py:183} INFO - Processing /opt/airflow/dags/sdp_pipeline_dag.py took 0.086 seconds
[2026-07-17T13:52:22.007+0000] {processor.py:161} INFO - Started process (PID=4739) to work on /opt/airflow/dags/sdp_pipeline_dag.py
[2026-07-17T13:52:22.008+0000] {processor.py:830} INFO - Processing file /opt/airflow/dags/sdp_pipeline_dag.py for tasks to queue
[2026-07-17T13:52:22.009+0000] {logging_mixin.py:188} INFO - [2026-07-17T13:52:22.009+0000] {dagbag.py:540} INFO - Filling up the DagBag from /opt/airflow/dags/sdp_pipeline_dag.py
[2026-07-17T13:52:22.024+0000] {processor.py:840} INFO - DAG(s) 'e-commerce_kafka_streaming_pipeline_v1' retrieved from /opt/airflow/dags/sdp_pipeline_dag.py
[2026-07-17T13:52:22.051+0000] {logging_mixin.py:188} INFO - [2026-07-17T13:52:22.051+0000] {dag.py:3096} INFO - Sync 1 DAGs
[2026-07-17T13:52:22.072+0000] {logging_mixin.py:188} INFO - [2026-07-17T13:52:22.072+0000] {dag.py:3954} INFO - Setting next_dagrun for e-commerce_kafka_streaming_pipeline_v1 to 2026-07-17 13:00:00+00:00, run_after=2026-07-17 14:00:00+00:00
[2026-07-17T13:52:22.093+0000] {processor.py:183} INFO - Processing /opt/airflow/dags/sdp_pipeline_dag.py took 0.092 seconds
[2026-07-17T13:52:52.332+0000] {processor.py:161} INFO - Started process (PID=4744) to work on /opt/airflow/dags/sdp_pipeline_dag.py
[2026-07-17T13:52:52.335+0000] {processor.py:830} INFO - Processing file /opt/airflow/dags/sdp_pipeline_dag.py for tasks to queue
[2026-07-17T13:52:52.336+0000] {logging_mixin.py:188} INFO - [2026-07-17T13:52:52.336+0000] {dagbag.py:540} INFO - Filling up the DagBag from /opt/airflow/dags/sdp_pipeline_dag.py
[2026-07-17T13:52:52.352+0000] {processor.py:840} INFO - DAG(s) 'e-commerce_kafka_streaming_pipeline_v1' retrieved from /opt/airflow/dags/sdp_pipeline_dag.py
[2026-07-17T13:52:52.379+0000] {logging_mixin.py:188} INFO - [2026-07-17T13:52:52.379+0000] {dag.py:3096} INFO - Sync 1 DAGs
[2026-07-17T13:52:52.401+0000] {logging_mixin.py:188} INFO - [2026-07-17T13:52:52.400+0000] {dag.py:3954} INFO - Setting next_dagrun for e-commerce_kafka_streaming_pipeline_v1 to 2026-07-17 13:00:00+00:00, run_after=2026-07-17 14:00:00+00:00
[2026-07-17T13:52:52.419+0000] {processor.py:183} INFO - Processing /opt/airflow/dags/sdp_pipeline_dag.py took 0.093 seconds
[2026-07-17T13:53:22.576+0000] {processor.py:161} INFO - Started process (PID=4749) to work on /opt/airflow/dags/sdp_pipeline_dag.py
[2026-07-17T13:53:22.577+0000] {processor.py:830} INFO - Processing file /opt/airflow/dags/sdp_pipeline_dag.py for tasks to queue
[2026-07-17T13:53:22.579+0000] {logging_mixin.py:188} INFO - [2026-07-17T13:53:22.578+0000] {dagbag.py:540} INFO - Filling up the DagBag from /opt/airflow/dags/sdp_pipeline_dag.py
[2026-07-17T13:53:22.600+0000] {processor.py:840} INFO - DAG(s) 'e-commerce_kafka_streaming_pipeline_v1' retrieved from /opt/airflow/dags/sdp_pipeline_dag.py
[2026-07-17T13:53:22.626+0000] {logging_mixin.py:188} INFO - [2026-07-17T13:53:22.626+0000] {dag.py:3096} INFO - Sync 1 DAGs
[2026-07-17T13:53:22.647+0000] {logging_mixin.py:188} INFO - [2026-07-17T13:53:22.647+0000] {dag.py:3954} INFO - Setting next_dagrun for e-commerce_kafka_streaming_pipeline_v1 to 2026-07-17 13:00:00+00:00, run_after=2026-07-17 14:00:00+00:00
[2026-07-17T13:53:22.663+0000] {processor.py:183} INFO - Processing /opt/airflow/dags/sdp_pipeline_dag.py took 0.095 seconds
[2026-07-17T13:53:52.830+0000] {processor.py:161} INFO - Started process (PID=4754) to work on /opt/airflow/dags/sdp_pipeline_dag.py
[2026-07-17T13:53:52.832+0000] {processor.py:830} INFO - Processing file /opt/airflow/dags/sdp_pipeline_dag.py for tasks to queue
[2026-07-17T13:53:52.833+0000] {logging_mixin.py:188} INFO - [2026-07-17T13:53:52.833+0000] {dagbag.py:540} INFO - Filling up the DagBag from /opt/airflow/dags/sdp_pipeline_dag.py
[2026-07-17T13:53:52.852+0000] {processor.py:840} INFO - DAG(s) 'e-commerce_kafka_streaming_pipeline_v1' retrieved from /opt/airflow/dags/sdp_pipeline_dag.py
[2026-07-17T13:53:52.880+0000] {logging_mixin.py:188} INFO - [2026-07-17T13:53:52.879+0000] {dag.py:3096} INFO - Sync 1 DAGs
[2026-07-17T13:53:52.900+0000] {logging_mixin.py:188} INFO - [2026-07-17T13:53:52.900+0000] {dag.py:3954} INFO - Setting next_dagrun for e-commerce_kafka_streaming_pipeline_v1 to 2026-07-17 13:00:00+00:00, run_after=2026-07-17 14:00:00+00:00
[2026-07-17T13:53:52.919+0000] {processor.py:183} INFO - Processing /opt/airflow/dags/sdp_pipeline_dag.py took 0.097 seconds
[2026-07-17T13:54:23.062+0000] {processor.py:161} INFO - Started process (PID=4759) to work on /opt/airflow/dags/sdp_pipeline_dag.py
[2026-07-17T13:54:23.064+0000] {processor.py:830} INFO - Processing file /opt/airflow/dags/sdp_pipeline_dag.py for tasks to queue
[2026-07-17T13:54:23.065+0000] {logging_mixin.py:188} INFO - [2026-07-17T13:54:23.064+0000] {dagbag.py:540} INFO - Filling up the DagBag from /opt/airflow/dags/sdp_pipeline_dag.py
[2026-07-17T13:54:23.080+0000] {processor.py:840} INFO - DAG(s) 'e-commerce_kafka_streaming_pipeline_v1' retrieved from /opt/airflow/dags/sdp_pipeline_dag.py
[2026-07-17T13:54:23.106+0000] {logging_mixin.py:188} INFO - [2026-07-17T13:54:23.105+0000] {dag.py:3096} INFO - Sync 1 DAGs
[2026-07-17T13:54:23.125+0000] {logging_mixin.py:188} INFO - [2026-07-17T13:54:23.125+0000] {dag.py:3954} INFO - Setting next_dagrun for e-commerce_kafka_streaming_pipeline_v1 to 2026-07-17 13:00:00+00:00, run_after=2026-07-17 14:00:00+00:00
[2026-07-17T13:54:23.144+0000] {processor.py:183} INFO - Processing /opt/airflow/dags/sdp_pipeline_dag.py took 0.088 seconds
[2026-07-17T13:54:53.331+0000] {processor.py:161} INFO - Started process (PID=4764) to work on /opt/airflow/dags/sdp_pipeline_dag.py
[2026-07-17T13:54:53.332+0000] {processor.py:830} INFO - Processing file /opt/airflow/dags/sdp_pipeline_dag.py for tasks to queue
[2026-07-17T13:54:53.333+0000] {logging_mixin.py:188} INFO - [2026-07-17T13:54:53.333+0000] {dagbag.py:540} INFO - Filling up the DagBag from /opt/airflow/dags/sdp_pipeline_dag.py
[2026-07-17T13:54:53.353+0000] {processor.py:840} INFO - DAG(s) 'e-commerce_kafka_streaming_pipeline_v1' retrieved from /opt/airflow/dags/sdp_pipeline_dag.py
[2026-07-17T13:54:53.404+0000] {logging_mixin.py:188} INFO - [2026-07-17T13:54:53.404+0000] {dag.py:3096} INFO - Sync 1 DAGs
[2026-07-17T13:54:53.428+0000] {logging_mixin.py:188} INFO - [2026-07-17T13:54:53.427+0000] {dag.py:3954} INFO - Setting next_dagrun for e-commerce_kafka_streaming_pipeline_v1 to 2026-07-17 13:00:00+00:00, run_after=2026-07-17 14:00:00+00:00
[2026-07-17T13:54:53.448+0000] {processor.py:183} INFO - Processing /opt/airflow/dags/sdp_pipeline_dag.py took 0.125 seconds
[2026-07-17T13:55:23.565+0000] {processor.py:161} INFO - Started process (PID=4769) to work on /opt/airflow/dags/sdp_pipeline_dag.py
[2026-07-17T13:55:23.566+0000] {processor.py:830} INFO - Processing file /opt/airflow/dags/sdp_pipeline_dag.py for tasks to queue
[2026-07-17T13:55:23.568+0000] {logging_mixin.py:188} INFO - [2026-07-17T13:55:23.567+0000] {dagbag.py:540} INFO - Filling up the DagBag from /opt/airflow/dags/sdp_pipeline_dag.py
[2026-07-17T13:55:23.586+0000] {processor.py:840} INFO - DAG(s) 'e-commerce_kafka_streaming_pipeline_v1' retrieved from /opt/airflow/dags/sdp_pipeline_dag.py
[2026-07-17T13:55:23.615+0000] {logging_mixin.py:188} INFO - [2026-07-17T13:55:23.614+0000] {dag.py:3096} INFO - Sync 1 DAGs
[2026-07-17T13:55:23.635+0000] {logging_mixin.py:188} INFO - [2026-07-17T13:55:23.635+0000] {dag.py:3954} INFO - Setting next_dagrun for e-commerce_kafka_streaming_pipeline_v1 to 2026-07-17 13:00:00+00:00, run_after=2026-07-17 14:00:00+00:00
[2026-07-17T13:55:23.656+0000] {processor.py:183} INFO - Processing /opt/airflow/dags/sdp_pipeline_dag.py took 0.097 seconds
[2026-07-17T13:55:53.930+0000] {processor.py:161} INFO - Started process (PID=4774) to work on /opt/airflow/dags/sdp_pipeline_dag.py
[2026-07-17T13:55:53.932+0000] {processor.py:830} INFO - Processing file /opt/airflow/dags/sdp_pipeline_dag.py for tasks to queue
[2026-07-17T13:55:53.934+0000] {logging_mixin.py:188} INFO - [2026-07-17T13:55:53.934+0000] {dagbag.py:540} INFO - Filling up the DagBag from /opt/airflow/dags/sdp_pipeline_dag.py
[2026-07-17T13:55:53.959+0000] {processor.py:840} INFO - DAG(s) 'e-commerce_kafka_streaming_pipeline_v1' retrieved from /opt/airflow/dags/sdp_pipeline_dag.py
[2026-07-17T13:55:53.986+0000] {logging_mixin.py:188} INFO - [2026-07-17T13:55:53.986+0000] {dag.py:3096} INFO - Sync 1 DAGs
[2026-07-17T13:55:54.007+0000] {logging_mixin.py:188} INFO - [2026-07-17T13:55:54.007+0000] {dag.py:3954} INFO - Setting next_dagrun for e-commerce_kafka_streaming_pipeline_v1 to 2026-07-17 13:00:00+00:00, run_after=2026-07-17 14:00:00+00:00
[2026-07-17T13:55:54.027+0000] {processor.py:183} INFO - Processing /opt/airflow/dags/sdp_pipeline_dag.py took 0.115 seconds
[2026-07-17T13:56:24.180+0000] {processor.py:161} INFO - Started process (PID=4779) to work on /opt/airflow/dags/sdp_pipeline_dag.py
[2026-07-17T13:56:24.181+0000] {processor.py:830} INFO - Processing file /opt/airflow/dags/sdp_pipeline_dag.py for tasks to queue
[2026-07-17T13:56:24.182+0000] {logging_mixin.py:188} INFO - [2026-07-17T13:56:24.182+0000] {dagbag.py:540} INFO - Filling up the DagBag from /opt/airflow/dags/sdp_pipeline_dag.py
[2026-07-17T13:56:24.201+0000] {processor.py:840} INFO - DAG(s) 'e-commerce_kafka_streaming_pipeline_v1' retrieved from /opt/airflow/dags/sdp_pipeline_dag.py
[2026-07-17T13:56:24.228+0000] {logging_mixin.py:188} INFO - [2026-07-17T13:56:24.228+0000] {dag.py:3096} INFO - Sync 1 DAGs
[2026-07-17T13:56:24.252+0000] {logging_mixin.py:188} INFO - [2026-07-17T13:56:24.252+0000] {dag.py:3954} INFO - Setting next_dagrun for e-commerce_kafka_streaming_pipeline_v1 to 2026-07-17 13:00:00+00:00, run_after=2026-07-17 14:00:00+00:00
[2026-07-17T13:56:24.274+0000] {processor.py:183} INFO - Processing /opt/airflow/dags/sdp_pipeline_dag.py took 0.102 seconds
[2026-07-17T13:56:54.525+0000] {processor.py:161} INFO - Started process (PID=4784) to work on /opt/airflow/dags/sdp_pipeline_dag.py
[2026-07-17T13:56:54.527+0000] {processor.py:830} INFO - Processing file /opt/airflow/dags/sdp_pipeline_dag.py for tasks to queue
[2026-07-17T13:56:54.528+0000] {logging_mixin.py:188} INFO - [2026-07-17T13:56:54.527+0000] {dagbag.py:540} INFO - Filling up the DagBag from /opt/airflow/dags/sdp_pipeline_dag.py
[2026-07-17T13:56:54.544+0000] {processor.py:840} INFO - DAG(s) 'e-commerce_kafka_streaming_pipeline_v1' retrieved from /opt/airflow/dags/sdp_pipeline_dag.py
[2026-07-17T13:56:54.571+0000] {logging_mixin.py:188} INFO - [2026-07-17T13:56:54.571+0000] {dag.py:3096} INFO - Sync 1 DAGs
[2026-07-17T13:56:54.591+0000] {logging_mixin.py:188} INFO - [2026-07-17T13:56:54.590+0000] {dag.py:3954} INFO - Setting next_dagrun for e-commerce_kafka_streaming_pipeline_v1 to 2026-07-17 13:00:00+00:00, run_after=2026-07-17 14:00:00+00:00
[2026-07-17T13:56:54.609+0000] {processor.py:183} INFO - Processing /opt/airflow/dags/sdp_pipeline_dag.py took 0.089 seconds
[2026-07-17T13:57:24.804+0000] {processor.py:161} INFO - Started process (PID=4789) to work on /opt/airflow/dags/sdp_pipeline_dag.py
[2026-07-17T13:57:24.805+0000] {processor.py:830} INFO - Processing file /opt/airflow/dags/sdp_pipeline_dag.py for tasks to queue
[2026-07-17T13:57:24.806+0000] {logging_mixin.py:188} INFO - [2026-07-17T13:57:24.806+0000] {dagbag.py:540} INFO - Filling up the DagBag from /opt/airflow/dags/sdp_pipeline_dag.py
[2026-07-17T13:57:24.821+0000] {processor.py:840} INFO - DAG(s) 'e-commerce_kafka_streaming_pipeline_v1' retrieved from /opt/airflow/dags/sdp_pipeline_dag.py
[2026-07-17T13:57:24.846+0000] {logging_mixin.py:188} INFO - [2026-07-17T13:57:24.846+0000] {dag.py:3096} INFO - Sync 1 DAGs
[2026-07-17T13:57:24.864+0000] {logging_mixin.py:188} INFO - [2026-07-17T13:57:24.864+0000] {dag.py:3954} INFO - Setting next_dagrun for e-commerce_kafka_streaming_pipeline_v1 to 2026-07-17 13:00:00+00:00, run_after=2026-07-17 14:00:00+00:00
[2026-07-17T13:57:24.881+0000] {processor.py:183} INFO - Processing /opt/airflow/dags/sdp_pipeline_dag.py took 0.083 seconds
[2026-07-17T13:57:55.169+0000] {processor.py:161} INFO - Started process (PID=4794) to work on /opt/airflow/dags/sdp_pipeline_dag.py
[2026-07-17T13:57:55.171+0000] {processor.py:830} INFO - Processing file /opt/airflow/dags/sdp_pipeline_dag.py for tasks to queue
[2026-07-17T13:57:55.173+0000] {logging_mixin.py:188} INFO - [2026-07-17T13:57:55.172+0000] {dagbag.py:540} INFO - Filling up the DagBag from /opt/airflow/dags/sdp_pipeline_dag.py
[2026-07-17T13:57:55.190+0000] {processor.py:840} INFO - DAG(s) 'e-commerce_kafka_streaming_pipeline_v1' retrieved from /opt/airflow/dags/sdp_pipeline_dag.py
[2026-07-17T13:57:55.215+0000] {logging_mixin.py:188} INFO - [2026-07-17T13:57:55.215+0000] {dag.py:3096} INFO - Sync 1 DAGs
[2026-07-17T13:57:55.235+0000] {logging_mixin.py:188} INFO - [2026-07-17T13:57:55.234+0000] {dag.py:3954} INFO - Setting next_dagrun for e-commerce_kafka_streaming_pipeline_v1 to 2026-07-17 13:00:00+00:00, run_after=2026-07-17 14:00:00+00:00
[2026-07-17T13:57:55.252+0000] {processor.py:183} INFO - Processing /opt/airflow/dags/sdp_pipeline_dag.py took 0.089 seconds
[2026-07-17T13:58:25.438+0000] {processor.py:161} INFO - Started process (PID=4799) to work on /opt/airflow/dags/sdp_pipeline_dag.py
[2026-07-17T13:58:25.439+0000] {processor.py:830} INFO - Processing file /opt/airflow/dags/sdp_pipeline_dag.py for tasks to queue
[2026-07-17T13:58:25.441+0000] {logging_mixin.py:188} INFO - [2026-07-17T13:58:25.440+0000] {dagbag.py:540} INFO - Filling up the DagBag from /opt/airflow/dags/sdp_pipeline_dag.py
[2026-07-17T13:58:25.458+0000] {processor.py:840} INFO - DAG(s) 'e-commerce_kafka_streaming_pipeline_v1' retrieved from /opt/airflow/dags/sdp_pipeline_dag.py
[2026-07-17T13:58:25.486+0000] {logging_mixin.py:188} INFO - [2026-07-17T13:58:25.486+0000] {dag.py:3096} INFO - Sync 1 DAGs
[2026-07-17T13:58:25.505+0000] {logging_mixin.py:188} INFO - [2026-07-17T13:58:25.505+0000] {dag.py:3954} INFO - Setting next_dagrun for e-commerce_kafka_streaming_pipeline_v1 to 2026-07-17 13:00:00+00:00, run_after=2026-07-17 14:00:00+00:00
[2026-07-17T13:58:25.523+0000] {processor.py:183} INFO - Processing /opt/airflow/dags/sdp_pipeline_dag.py took 0.092 seconds
[2026-07-17T13:58:55.736+0000] {processor.py:161} INFO - Started process (PID=4804) to work on /opt/airflow/dags/sdp_pipeline_dag.py
[2026-07-17T13:58:55.737+0000] {processor.py:830} INFO - Processing file /opt/airflow/dags/sdp_pipeline_dag.py for tasks to queue
[2026-07-17T13:58:55.739+0000] {logging_mixin.py:188} INFO - [2026-07-17T13:58:55.738+0000] {dagbag.py:540} INFO - Filling up the DagBag from /opt/airflow/dags/sdp_pipeline_dag.py
[2026-07-17T13:58:55.754+0000] {processor.py:840} INFO - DAG(s) 'e-commerce_kafka_streaming_pipeline_v1' retrieved from /opt/airflow/dags/sdp_pipeline_dag.py
[2026-07-17T13:58:55.779+0000] {logging_mixin.py:188} INFO - [2026-07-17T13:58:55.779+0000] {dag.py:3096} INFO - Sync 1 DAGs
[2026-07-17T13:58:55.798+0000] {logging_mixin.py:188} INFO - [2026-07-17T13:58:55.798+0000] {dag.py:3954} INFO - Setting next_dagrun for e-commerce_kafka_streaming_pipeline_v1 to 2026-07-17 13:00:00+00:00, run_after=2026-07-17 14:00:00+00:00
[2026-07-17T13:58:55.817+0000] {processor.py:183} INFO - Processing /opt/airflow/dags/sdp_pipeline_dag.py took 0.086 seconds
[2026-07-17T13:59:25.992+0000] {processor.py:161} INFO - Started process (PID=4809) to work on /opt/airflow/dags/sdp_pipeline_dag.py
[2026-07-17T13:59:25.994+0000] {processor.py:830} INFO - Processing file /opt/airflow/dags/sdp_pipeline_dag.py for tasks to queue
[2026-07-17T13:59:25.995+0000] {logging_mixin.py:188} INFO - [2026-07-17T13:59:25.995+0000] {dagbag.py:540} INFO - Filling up the DagBag from /opt/airflow/dags/sdp_pipeline_dag.py
[2026-07-17T13:59:26.013+0000] {processor.py:840} INFO - DAG(s) 'e-commerce_kafka_streaming_pipeline_v1' retrieved from /opt/airflow/dags/sdp_pipeline_dag.py
[2026-07-17T13:59:26.040+0000] {logging_mixin.py:188} INFO - [2026-07-17T13:59:26.040+0000] {dag.py:3096} INFO - Sync 1 DAGs
[2026-07-17T13:59:26.062+0000] {logging_mixin.py:188} INFO - [2026-07-17T13:59:26.061+0000] {dag.py:3954} INFO - Setting next_dagrun for e-commerce_kafka_streaming_pipeline_v1 to 2026-07-17 13:00:00+00:00, run_after=2026-07-17 14:00:00+00:00
[2026-07-17T13:59:26.080+0000] {processor.py:183} INFO - Processing /opt/airflow/dags/sdp_pipeline_dag.py took 0.095 seconds
[2026-07-17T13:59:56.298+0000] {processor.py:161} INFO - Started process (PID=4814) to work on /opt/airflow/dags/sdp_pipeline_dag.py
[2026-07-17T13:59:56.299+0000] {processor.py:830} INFO - Processing file /opt/airflow/dags/sdp_pipeline_dag.py for tasks to queue
[2026-07-17T13:59:56.301+0000] {logging_mixin.py:188} INFO - [2026-07-17T13:59:56.300+0000] {dagbag.py:540} INFO - Filling up the DagBag from /opt/airflow/dags/sdp_pipeline_dag.py
[2026-07-17T13:59:56.328+0000] {processor.py:840} INFO - DAG(s) 'e-commerce_kafka_streaming_pipeline_v1' retrieved from /opt/airflow/dags/sdp_pipeline_dag.py
[2026-07-17T13:59:56.357+0000] {logging_mixin.py:188} INFO - [2026-07-17T13:59:56.357+0000] {dag.py:3096} INFO - Sync 1 DAGs
[2026-07-17T13:59:56.382+0000] {logging_mixin.py:188} INFO - [2026-07-17T13:59:56.381+0000] {dag.py:3954} INFO - Setting next_dagrun for e-commerce_kafka_streaming_pipeline_v1 to 2026-07-17 13:00:00+00:00, run_after=2026-07-17 14:00:00+00:00
[2026-07-17T13:59:56.405+0000] {processor.py:183} INFO - Processing /opt/airflow/dags/sdp_pipeline_dag.py took 0.114 seconds
[2026-07-17T14:00:26.473+0000] {processor.py:161} INFO - Started process (PID=4835) to work on /opt/airflow/dags/sdp_pipeline_dag.py
[2026-07-17T14:00:26.475+0000] {processor.py:830} INFO - Processing file /opt/airflow/dags/sdp_pipeline_dag.py for tasks to queue
[2026-07-17T14:00:26.477+0000] {logging_mixin.py:188} INFO - [2026-07-17T14:00:26.477+0000] {dagbag.py:540} INFO - Filling up the DagBag from /opt/airflow/dags/sdp_pipeline_dag.py
[2026-07-17T14:00:26.504+0000] {processor.py:840} INFO - DAG(s) 'e-commerce_kafka_streaming_pipeline_v1' retrieved from /opt/airflow/dags/sdp_pipeline_dag.py
[2026-07-17T14:00:26.550+0000] {logging_mixin.py:188} INFO - [2026-07-17T14:00:26.550+0000] {dag.py:3096} INFO - Sync 1 DAGs
[2026-07-17T14:00:26.586+0000] {logging_mixin.py:188} INFO - [2026-07-17T14:00:26.586+0000] {dag.py:3954} INFO - Setting next_dagrun for e-commerce_kafka_streaming_pipeline_v1 to 2026-07-17 14:00:00+00:00, run_after=2026-07-17 15:00:00+00:00
[2026-07-17T14:00:26.617+0000] {processor.py:183} INFO - Processing /opt/airflow/dags/sdp_pipeline_dag.py took 0.154 seconds
[2026-07-17T14:00:56.919+0000] {processor.py:161} INFO - Started process (PID=4840) to work on /opt/airflow/dags/sdp_pipeline_dag.py
[2026-07-17T14:00:56.921+0000] {processor.py:830} INFO - Processing file /opt/airflow/dags/sdp_pipeline_dag.py for tasks to queue
[2026-07-17T14:00:56.923+0000] {logging_mixin.py:188} INFO - [2026-07-17T14:00:56.923+0000] {dagbag.py:540} INFO - Filling up the DagBag from /opt/airflow/dags/sdp_pipeline_dag.py
[2026-07-17T14:00:56.945+0000] {processor.py:840} INFO - DAG(s) 'e-commerce_kafka_streaming_pipeline_v1' retrieved from /opt/airflow/dags/sdp_pipeline_dag.py
[2026-07-17T14:00:56.979+0000] {logging_mixin.py:188} INFO - [2026-07-17T14:00:56.979+0000] {dag.py:3096} INFO - Sync 1 DAGs
[2026-07-17T14:00:57.007+0000] {logging_mixin.py:188} INFO - [2026-07-17T14:00:57.007+0000] {dag.py:3954} INFO - Setting next_dagrun for e-commerce_kafka_streaming_pipeline_v1 to 2026-07-17 14:00:00+00:00, run_after=2026-07-17 15:00:00+00:00
[2026-07-17T14:00:57.030+0000] {processor.py:183} INFO - Processing /opt/airflow/dags/sdp_pipeline_dag.py took 0.121 seconds
[2026-07-17T14:01:27.141+0000] {processor.py:161} INFO - Started process (PID=4845) to work on /opt/airflow/dags/sdp_pipeline_dag.py
[2026-07-17T14:01:27.142+0000] {processor.py:830} INFO - Processing file /opt/airflow/dags/sdp_pipeline_dag.py for tasks to queue
[2026-07-17T14:01:27.144+0000] {logging_mixin.py:188} INFO - [2026-07-17T14:01:27.143+0000] {dagbag.py:540} INFO - Filling up the DagBag from /opt/airflow/dags/sdp_pipeline_dag.py
[2026-07-17T14:01:27.161+0000] {processor.py:840} INFO - DAG(s) 'e-commerce_kafka_streaming_pipeline_v1' retrieved from /opt/airflow/dags/sdp_pipeline_dag.py
[2026-07-17T14:01:27.196+0000] {logging_mixin.py:188} INFO - [2026-07-17T14:01:27.196+0000] {dag.py:3096} INFO - Sync 1 DAGs
[2026-07-17T14:01:27.223+0000] {logging_mixin.py:188} INFO - [2026-07-17T14:01:27.222+0000] {dag.py:3954} INFO - Setting next_dagrun for e-commerce_kafka_streaming_pipeline_v1 to 2026-07-17 14:00:00+00:00, run_after=2026-07-17 15:00:00+00:00
[2026-07-17T14:01:27.245+0000] {processor.py:183} INFO - Processing /opt/airflow/dags/sdp_pipeline_dag.py took 0.111 seconds
[2026-07-17T14:01:57.454+0000] {processor.py:161} INFO - Started process (PID=4850) to work on /opt/airflow/dags/sdp_pipeline_dag.py
[2026-07-17T14:01:57.456+0000] {processor.py:830} INFO - Processing file /opt/airflow/dags/sdp_pipeline_dag.py for tasks to queue
[2026-07-17T14:01:57.457+0000] {logging_mixin.py:188} INFO - [2026-07-17T14:01:57.457+0000] {dagbag.py:540} INFO - Filling up the DagBag from /opt/airflow/dags/sdp_pipeline_dag.py
[2026-07-17T14:01:57.478+0000] {processor.py:840} INFO - DAG(s) 'e-commerce_kafka_streaming_pipeline_v1' retrieved from /opt/airflow/dags/sdp_pipeline_dag.py
[2026-07-17T14:01:57.509+0000] {logging_mixin.py:188} INFO - [2026-07-17T14:01:57.508+0000] {dag.py:3096} INFO - Sync 1 DAGs
[2026-07-17T14:01:57.530+0000] {logging_mixin.py:188} INFO - [2026-07-17T14:01:57.530+0000] {dag.py:3954} INFO - Setting next_dagrun for e-commerce_kafka_streaming_pipeline_v1 to 2026-07-17 14:00:00+00:00, run_after=2026-07-17 15:00:00+00:00
[2026-07-17T14:01:57.550+0000] {processor.py:183} INFO - Processing /opt/airflow/dags/sdp_pipeline_dag.py took 0.104 seconds
[2026-07-17T14:02:27.702+0000] {processor.py:161} INFO - Started process (PID=4870) to work on /opt/airflow/dags/sdp_pipeline_dag.py
[2026-07-17T14:02:27.705+0000] {processor.py:830} INFO - Processing file /opt/airflow/dags/sdp_pipeline_dag.py for tasks to queue
[2026-07-17T14:02:27.709+0000] {logging_mixin.py:188} INFO - [2026-07-17T14:02:27.708+0000] {dagbag.py:540} INFO - Filling up the DagBag from /opt/airflow/dags/sdp_pipeline_dag.py
[2026-07-17T14:02:27.744+0000] {processor.py:840} INFO - DAG(s) 'e-commerce_kafka_streaming_pipeline_v1' retrieved from /opt/airflow/dags/sdp_pipeline_dag.py
[2026-07-17T14:02:27.842+0000] {logging_mixin.py:188} INFO - [2026-07-17T14:02:27.841+0000] {dag.py:3096} INFO - Sync 1 DAGs
[2026-07-17T14:02:27.926+0000] {logging_mixin.py:188} INFO - [2026-07-17T14:02:27.925+0000] {dag.py:3954} INFO - Setting next_dagrun for e-commerce_kafka_streaming_pipeline_v1 to 2026-07-17 14:00:00+00:00, run_after=2026-07-17 15:00:00+00:00
[2026-07-17T14:02:28.804+0000] {processor.py:183} INFO - Processing /opt/airflow/dags/sdp_pipeline_dag.py took 1.125 seconds
[2026-07-17T14:02:59.248+0000] {processor.py:161} INFO - Started process (PID=4875) to work on /opt/airflow/dags/sdp_pipeline_dag.py
[2026-07-17T14:02:59.251+0000] {processor.py:830} INFO - Processing file /opt/airflow/dags/sdp_pipeline_dag.py for tasks to queue
[2026-07-17T14:02:59.254+0000] {logging_mixin.py:188} INFO - [2026-07-17T14:02:59.253+0000] {dagbag.py:540} INFO - Filling up the DagBag from /opt/airflow/dags/sdp_pipeline_dag.py
[2026-07-17T14:02:59.289+0000] {processor.py:840} INFO - DAG(s) 'e-commerce_kafka_streaming_pipeline_v1' retrieved from /opt/airflow/dags/sdp_pipeline_dag.py
[2026-07-17T14:02:59.361+0000] {logging_mixin.py:188} INFO - [2026-07-17T14:02:59.361+0000] {dag.py:3096} INFO - Sync 1 DAGs
[2026-07-17T14:02:59.414+0000] {logging_mixin.py:188} INFO - [2026-07-17T14:02:59.414+0000] {dag.py:3954} INFO - Setting next_dagrun for e-commerce_kafka_streaming_pipeline_v1 to 2026-07-17 14:00:00+00:00, run_after=2026-07-17 15:00:00+00:00
[2026-07-17T14:02:59.449+0000] {processor.py:183} INFO - Processing /opt/airflow/dags/sdp_pipeline_dag.py took 0.216 seconds
[2026-07-17T14:03:29.632+0000] {processor.py:161} INFO - Started process (PID=4880) to work on /opt/airflow/dags/sdp_pipeline_dag.py
[2026-07-17T14:03:29.633+0000] {processor.py:830} INFO - Processing file /opt/airflow/dags/sdp_pipeline_dag.py for tasks to queue
[2026-07-17T14:03:29.635+0000] {logging_mixin.py:188} INFO - [2026-07-17T14:03:29.635+0000] {dagbag.py:540} INFO - Filling up the DagBag from /opt/airflow/dags/sdp_pipeline_dag.py
[2026-07-17T14:03:29.660+0000] {processor.py:840} INFO - DAG(s) 'e-commerce_kafka_streaming_pipeline_v1' retrieved from /opt/airflow/dags/sdp_pipeline_dag.py
[2026-07-17T14:03:29.696+0000] {logging_mixin.py:188} INFO - [2026-07-17T14:03:29.695+0000] {dag.py:3096} INFO - Sync 1 DAGs
[2026-07-17T14:03:29.726+0000] {logging_mixin.py:188} INFO - [2026-07-17T14:03:29.726+0000] {dag.py:3954} INFO - Setting next_dagrun for e-commerce_kafka_streaming_pipeline_v1 to 2026-07-17 14:00:00+00:00, run_after=2026-07-17 15:00:00+00:00
[2026-07-17T14:03:29.748+0000] {processor.py:183} INFO - Processing /opt/airflow/dags/sdp_pipeline_dag.py took 0.126 seconds
[2026-07-17T14:03:59.938+0000] {processor.py:161} INFO - Started process (PID=4885) to work on /opt/airflow/dags/sdp_pipeline_dag.py
[2026-07-17T14:03:59.940+0000] {processor.py:830} INFO - Processing file /opt/airflow/dags/sdp_pipeline_dag.py for tasks to queue
[2026-07-17T14:03:59.941+0000] {logging_mixin.py:188} INFO - [2026-07-17T14:03:59.941+0000] {dagbag.py:540} INFO - Filling up the DagBag from /opt/airflow/dags/sdp_pipeline_dag.py
[2026-07-17T14:03:59.967+0000] {processor.py:840} INFO - DAG(s) 'e-commerce_kafka_streaming_pipeline_v1' retrieved from /opt/airflow/dags/sdp_pipeline_dag.py
[2026-07-17T14:04:00.002+0000] {logging_mixin.py:188} INFO - [2026-07-17T14:04:00.002+0000] {dag.py:3096} INFO - Sync 1 DAGs
[2026-07-17T14:04:00.038+0000] {logging_mixin.py:188} INFO - [2026-07-17T14:04:00.037+0000] {dag.py:3954} INFO - Setting next_dagrun for e-commerce_kafka_streaming_pipeline_v1 to 2026-07-17 14:00:00+00:00, run_after=2026-07-17 15:00:00+00:00
[2026-07-17T14:04:00.063+0000] {processor.py:183} INFO - Processing /opt/airflow/dags/sdp_pipeline_dag.py took 0.133 seconds
[2026-07-17T14:04:30.255+0000] {processor.py:161} INFO - Started process (PID=4903) to work on /opt/airflow/dags/sdp_pipeline_dag.py
[2026-07-17T14:04:30.257+0000] {processor.py:830} INFO - Processing file /opt/airflow/dags/sdp_pipeline_dag.py for tasks to queue
[2026-07-17T14:04:30.261+0000] {logging_mixin.py:188} INFO - [2026-07-17T14:04:30.260+0000] {dagbag.py:540} INFO - Filling up the DagBag from /opt/airflow/dags/sdp_pipeline_dag.py
[2026-07-17T14:04:30.310+0000] {processor.py:840} INFO - DAG(s) 'e-commerce_kafka_streaming_pipeline_v1' retrieved from /opt/airflow/dags/sdp_pipeline_dag.py
[2026-07-17T14:04:30.364+0000] {logging_mixin.py:188} INFO - [2026-07-17T14:04:30.364+0000] {dag.py:3096} INFO - Sync 1 DAGs
[2026-07-17T14:04:30.410+0000] {logging_mixin.py:188} INFO - [2026-07-17T14:04:30.409+0000] {dag.py:3954} INFO - Setting next_dagrun for e-commerce_kafka_streaming_pipeline_v1 to 2026-07-17 14:00:00+00:00, run_after=2026-07-17 15:00:00+00:00
[2026-07-17T14:04:30.451+0000] {processor.py:183} INFO - Processing /opt/airflow/dags/sdp_pipeline_dag.py took 0.215 seconds
[2026-07-17T14:05:00.648+0000] {processor.py:161} INFO - Started process (PID=4908) to work on /opt/airflow/dags/sdp_pipeline_dag.py
[2026-07-17T14:05:00.651+0000] {processor.py:830} INFO - Processing file /opt/airflow/dags/sdp_pipeline_dag.py for tasks to queue
[2026-07-17T14:05:00.654+0000] {logging_mixin.py:188} INFO - [2026-07-17T14:05:00.653+0000] {dagbag.py:540} INFO - Filling up the DagBag from /opt/airflow/dags/sdp_pipeline_dag.py
[2026-07-17T14:05:00.694+0000] {processor.py:840} INFO - DAG(s) 'e-commerce_kafka_streaming_pipeline_v1' retrieved from /opt/airflow/dags/sdp_pipeline_dag.py
[2026-07-17T14:05:00.769+0000] {logging_mixin.py:188} INFO - [2026-07-17T14:05:00.769+0000] {dag.py:3096} INFO - Sync 1 DAGs
[2026-07-17T14:05:00.816+0000] {logging_mixin.py:188} INFO - [2026-07-17T14:05:00.815+0000] {dag.py:3954} INFO - Setting next_dagrun for e-commerce_kafka_streaming_pipeline_v1 to 2026-07-17 14:00:00+00:00, run_after=2026-07-17 15:00:00+00:00
[2026-07-17T14:05:00.861+0000] {processor.py:183} INFO - Processing /opt/airflow/dags/sdp_pipeline_dag.py took 0.229 seconds
[2026-07-17T14:05:31.112+0000] {processor.py:161} INFO - Started process (PID=4913) to work on /opt/airflow/dags/sdp_pipeline_dag.py
[2026-07-17T14:05:31.116+0000] {processor.py:830} INFO - Processing file /opt/airflow/dags/sdp_pipeline_dag.py for tasks to queue
[2026-07-17T14:05:31.120+0000] {logging_mixin.py:188} INFO - [2026-07-17T14:05:31.119+0000] {dagbag.py:540} INFO - Filling up the DagBag from /opt/airflow/dags/sdp_pipeline_dag.py
[2026-07-17T14:05:31.178+0000] {processor.py:840} INFO - DAG(s) 'e-commerce_kafka_streaming_pipeline_v1' retrieved from /opt/airflow/dags/sdp_pipeline_dag.py
[2026-07-17T14:05:31.238+0000] {logging_mixin.py:188} INFO - [2026-07-17T14:05:31.238+0000] {dag.py:3096} INFO - Sync 1 DAGs
[2026-07-17T14:05:31.296+0000] {logging_mixin.py:188} INFO - [2026-07-17T14:05:31.296+0000] {dag.py:3954} INFO - Setting next_dagrun for e-commerce_kafka_streaming_pipeline_v1 to 2026-07-17 14:00:00+00:00, run_after=2026-07-17 15:00:00+00:00
[2026-07-17T14:05:31.833+0000] {processor.py:183} INFO - Processing /opt/airflow/dags/sdp_pipeline_dag.py took 0.744 seconds
[2026-07-17T14:06:02.122+0000] {processor.py:161} INFO - Started process (PID=4924) to work on /opt/airflow/dags/sdp_pipeline_dag.py
[2026-07-17T14:06:02.123+0000] {processor.py:830} INFO - Processing file /opt/airflow/dags/sdp_pipeline_dag.py for tasks to queue
[2026-07-17T14:06:02.125+0000] {logging_mixin.py:188} INFO - [2026-07-17T14:06:02.125+0000] {dagbag.py:540} INFO - Filling up the DagBag from /opt/airflow/dags/sdp_pipeline_dag.py
[2026-07-17T14:06:02.152+0000] {processor.py:840} INFO - DAG(s) 'e-commerce_kafka_streaming_pipeline_v1' retrieved from /opt/airflow/dags/sdp_pipeline_dag.py
[2026-07-17T14:06:02.184+0000] {logging_mixin.py:188} INFO - [2026-07-17T14:06:02.184+0000] {dag.py:3096} INFO - Sync 1 DAGs
[2026-07-17T14:06:02.207+0000] {logging_mixin.py:188} INFO - [2026-07-17T14:06:02.207+0000] {dag.py:3954} INFO - Setting next_dagrun for e-commerce_kafka_streaming_pipeline_v1 to 2026-07-17 14:00:00+00:00, run_after=2026-07-17 15:00:00+00:00
[2026-07-17T14:06:02.228+0000] {processor.py:183} INFO - Processing /opt/airflow/dags/sdp_pipeline_dag.py took 0.115 seconds
[2026-07-17T14:06:32.336+0000] {processor.py:161} INFO - Started process (PID=4929) to work on /opt/airflow/dags/sdp_pipeline_dag.py
[2026-07-17T14:06:32.337+0000] {processor.py:830} INFO - Processing file /opt/airflow/dags/sdp_pipeline_dag.py for tasks to queue
[2026-07-17T14:06:32.340+0000] {logging_mixin.py:188} INFO - [2026-07-17T14:06:32.340+0000] {dagbag.py:540} INFO - Filling up the DagBag from /opt/airflow/dags/sdp_pipeline_dag.py
[2026-07-17T14:06:32.358+0000] {processor.py:840} INFO - DAG(s) 'e-commerce_kafka_streaming_pipeline_v1' retrieved from /opt/airflow/dags/sdp_pipeline_dag.py
[2026-07-17T14:06:32.387+0000] {logging_mixin.py:188} INFO - [2026-07-17T14:06:32.387+0000] {dag.py:3096} INFO - Sync 1 DAGs
[2026-07-17T14:06:32.411+0000] {logging_mixin.py:188} INFO - [2026-07-17T14:06:32.410+0000] {dag.py:3954} INFO - Setting next_dagrun for e-commerce_kafka_streaming_pipeline_v1 to 2026-07-17 14:00:00+00:00, run_after=2026-07-17 15:00:00+00:00
[2026-07-17T14:06:32.432+0000] {processor.py:183} INFO - Processing /opt/airflow/dags/sdp_pipeline_dag.py took 0.102 seconds
[2026-07-17T14:07:02.703+0000] {processor.py:161} INFO - Started process (PID=4934) to work on /opt/airflow/dags/sdp_pipeline_dag.py
[2026-07-17T14:07:02.704+0000] {processor.py:830} INFO - Processing file /opt/airflow/dags/sdp_pipeline_dag.py for tasks to queue
[2026-07-17T14:07:02.705+0000] {logging_mixin.py:188} INFO - [2026-07-17T14:07:02.705+0000] {dagbag.py:540} INFO - Filling up the DagBag from /opt/airflow/dags/sdp_pipeline_dag.py
[2026-07-17T14:07:02.721+0000] {processor.py:840} INFO - DAG(s) 'e-commerce_kafka_streaming_pipeline_v1' retrieved from /opt/airflow/dags/sdp_pipeline_dag.py
[2026-07-17T14:07:02.747+0000] {logging_mixin.py:188} INFO - [2026-07-17T14:07:02.747+0000] {dag.py:3096} INFO - Sync 1 DAGs
[2026-07-17T14:07:02.767+0000] {logging_mixin.py:188} INFO - [2026-07-17T14:07:02.767+0000] {dag.py:3954} INFO - Setting next_dagrun for e-commerce_kafka_streaming_pipeline_v1 to 2026-07-17 14:00:00+00:00, run_after=2026-07-17 15:00:00+00:00
[2026-07-17T14:07:02.786+0000] {processor.py:183} INFO - Processing /opt/airflow/dags/sdp_pipeline_dag.py took 0.089 seconds
[2026-07-17T14:07:32.953+0000] {processor.py:161} INFO - Started process (PID=4939) to work on /opt/airflow/dags/sdp_pipeline_dag.py
[2026-07-17T14:07:32.954+0000] {processor.py:830} INFO - Processing file /opt/airflow/dags/sdp_pipeline_dag.py for tasks to queue
[2026-07-17T14:07:32.956+0000] {logging_mixin.py:188} INFO - [2026-07-17T14:07:32.955+0000] {dagbag.py:540} INFO - Filling up the DagBag from /opt/airflow/dags/sdp_pipeline_dag.py
[2026-07-17T14:07:32.972+0000] {processor.py:840} INFO - DAG(s) 'e-commerce_kafka_streaming_pipeline_v1' retrieved from /opt/airflow/dags/sdp_pipeline_dag.py
[2026-07-17T14:07:32.998+0000] {logging_mixin.py:188} INFO - [2026-07-17T14:07:32.998+0000] {dag.py:3096} INFO - Sync 1 DAGs
[2026-07-17T14:07:33.024+0000] {logging_mixin.py:188} INFO - [2026-07-17T14:07:33.024+0000] {dag.py:3954} INFO - Setting next_dagrun for e-commerce_kafka_streaming_pipeline_v1 to 2026-07-17 14:00:00+00:00, run_after=2026-07-17 15:00:00+00:00
[2026-07-17T14:07:33.054+0000] {processor.py:183} INFO - Processing /opt/airflow/dags/sdp_pipeline_dag.py took 0.107 seconds
[2026-07-17T14:08:03.284+0000] {processor.py:161} INFO - Started process (PID=4944) to work on /opt/airflow/dags/sdp_pipeline_dag.py
[2026-07-17T14:08:03.286+0000] {processor.py:830} INFO - Processing file /opt/airflow/dags/sdp_pipeline_dag.py for tasks to queue
[2026-07-17T14:08:03.287+0000] {logging_mixin.py:188} INFO - [2026-07-17T14:08:03.287+0000] {dagbag.py:540} INFO - Filling up the DagBag from /opt/airflow/dags/sdp_pipeline_dag.py
[2026-07-17T14:08:03.304+0000] {processor.py:840} INFO - DAG(s) 'e-commerce_kafka_streaming_pipeline_v1' retrieved from /opt/airflow/dags/sdp_pipeline_dag.py
[2026-07-17T14:08:03.330+0000] {logging_mixin.py:188} INFO - [2026-07-17T14:08:03.330+0000] {dag.py:3096} INFO - Sync 1 DAGs
[2026-07-17T14:08:03.351+0000] {logging_mixin.py:188} INFO - [2026-07-17T14:08:03.351+0000] {dag.py:3954} INFO - Setting next_dagrun for e-commerce_kafka_streaming_pipeline_v1 to 2026-07-17 14:00:00+00:00, run_after=2026-07-17 15:00:00+00:00
[2026-07-17T14:08:03.372+0000] {processor.py:183} INFO - Processing /opt/airflow/dags/sdp_pipeline_dag.py took 0.094 seconds
[2026-07-17T14:08:33.532+0000] {processor.py:161} INFO - Started process (PID=4949) to work on /opt/airflow/dags/sdp_pipeline_dag.py
[2026-07-17T14:08:33.533+0000] {processor.py:830} INFO - Processing file /opt/airflow/dags/sdp_pipeline_dag.py for tasks to queue
[2026-07-17T14:08:33.536+0000] {logging_mixin.py:188} INFO - [2026-07-17T14:08:33.536+0000] {dagbag.py:540} INFO - Filling up the DagBag from /opt/airflow/dags/sdp_pipeline_dag.py
[2026-07-17T14:08:33.578+0000] {processor.py:840} INFO - DAG(s) 'e-commerce_kafka_streaming_pipeline_v1' retrieved from /opt/airflow/dags/sdp_pipeline_dag.py
[2026-07-17T14:08:33.630+0000] {logging_mixin.py:188} INFO - [2026-07-17T14:08:33.629+0000] {dag.py:3096} INFO - Sync 1 DAGs
[2026-07-17T14:08:33.663+0000] {logging_mixin.py:188} INFO - [2026-07-17T14:08:33.662+0000] {dag.py:3954} INFO - Setting next_dagrun for e-commerce_kafka_streaming_pipeline_v1 to 2026-07-17 14:00:00+00:00, run_after=2026-07-17 15:00:00+00:00
[2026-07-17T14:08:33.866+0000] {processor.py:183} INFO - Processing /opt/airflow/dags/sdp_pipeline_dag.py took 0.346 seconds
[2026-07-17T14:09:04.089+0000] {processor.py:161} INFO - Started process (PID=4954) to work on /opt/airflow/dags/sdp_pipeline_dag.py
[2026-07-17T14:09:04.090+0000] {processor.py:830} INFO - Processing file /opt/airflow/dags/sdp_pipeline_dag.py for tasks to queue
[2026-07-17T14:09:04.091+0000] {logging_mixin.py:188} INFO - [2026-07-17T14:09:04.091+0000] {dagbag.py:540} INFO - Filling up the DagBag from /opt/airflow/dags/sdp_pipeline_dag.py
[2026-07-17T14:09:04.110+0000] {processor.py:840} INFO - DAG(s) 'e-commerce_kafka_streaming_pipeline_v1' retrieved from /opt/airflow/dags/sdp_pipeline_dag.py
[2026-07-17T14:09:04.136+0000] {logging_mixin.py:188} INFO - [2026-07-17T14:09:04.136+0000] {dag.py:3096} INFO - Sync 1 DAGs
[2026-07-17T14:09:04.158+0000] {logging_mixin.py:188} INFO - [2026-07-17T14:09:04.158+0000] {dag.py:3954} INFO - Setting next_dagrun for e-commerce_kafka_streaming_pipeline_v1 to 2026-07-17 14:00:00+00:00, run_after=2026-07-17 15:00:00+00:00
[2026-07-17T14:09:04.176+0000] {processor.py:183} INFO - Processing /opt/airflow/dags/sdp_pipeline_dag.py took 0.094 seconds
[2026-07-17T14:09:34.319+0000] {processor.py:161} INFO - Started process (PID=4959) to work on /opt/airflow/dags/sdp_pipeline_dag.py
[2026-07-17T14:09:34.321+0000] {processor.py:830} INFO - Processing file /opt/airflow/dags/sdp_pipeline_dag.py for tasks to queue
[2026-07-17T14:09:34.323+0000] {logging_mixin.py:188} INFO - [2026-07-17T14:09:34.323+0000] {dagbag.py:540} INFO - Filling up the DagBag from /opt/airflow/dags/sdp_pipeline_dag.py
[2026-07-17T14:09:34.352+0000] {processor.py:840} INFO - DAG(s) 'e-commerce_kafka_streaming_pipeline_v1' retrieved from /opt/airflow/dags/sdp_pipeline_dag.py
[2026-07-17T14:09:34.385+0000] {logging_mixin.py:188} INFO - [2026-07-17T14:09:34.385+0000] {dag.py:3096} INFO - Sync 1 DAGs
[2026-07-17T14:09:34.407+0000] {logging_mixin.py:188} INFO - [2026-07-17T14:09:34.407+0000] {dag.py:3954} INFO - Setting next_dagrun for e-commerce_kafka_streaming_pipeline_v1 to 2026-07-17 14:00:00+00:00, run_after=2026-07-17 15:00:00+00:00
[2026-07-17T14:09:34.432+0000] {processor.py:183} INFO - Processing /opt/airflow/dags/sdp_pipeline_dag.py took 0.120 seconds
[2026-07-17T14:10:04.675+0000] {processor.py:161} INFO - Started process (PID=4964) to work on /opt/airflow/dags/sdp_pipeline_dag.py
[2026-07-17T14:10:04.676+0000] {processor.py:830} INFO - Processing file /opt/airflow/dags/sdp_pipeline_dag.py for tasks to queue
[2026-07-17T14:10:04.678+0000] {logging_mixin.py:188} INFO - [2026-07-17T14:10:04.677+0000] {dagbag.py:540} INFO - Filling up the DagBag from /opt/airflow/dags/sdp_pipeline_dag.py
[2026-07-17T14:10:04.698+0000] {processor.py:840} INFO - DAG(s) 'e-commerce_kafka_streaming_pipeline_v1' retrieved from /opt/airflow/dags/sdp_pipeline_dag.py
[2026-07-17T14:10:04.725+0000] {logging_mixin.py:188} INFO - [2026-07-17T14:10:04.725+0000] {dag.py:3096} INFO - Sync 1 DAGs
[2026-07-17T14:10:04.747+0000] {logging_mixin.py:188} INFO - [2026-07-17T14:10:04.746+0000] {dag.py:3954} INFO - Setting next_dagrun for e-commerce_kafka_streaming_pipeline_v1 to 2026-07-17 14:00:00+00:00, run_after=2026-07-17 15:00:00+00:00
[2026-07-17T14:10:04.764+0000] {processor.py:183} INFO - Processing /opt/airflow/dags/sdp_pipeline_dag.py took 0.096 seconds
[2026-07-17T14:10:34.908+0000] {processor.py:161} INFO - Started process (PID=4969) to work on /opt/airflow/dags/sdp_pipeline_dag.py
[2026-07-17T14:10:34.909+0000] {processor.py:830} INFO - Processing file /opt/airflow/dags/sdp_pipeline_dag.py for tasks to queue
[2026-07-17T14:10:34.911+0000] {logging_mixin.py:188} INFO - [2026-07-17T14:10:34.910+0000] {dagbag.py:540} INFO - Filling up the DagBag from /opt/airflow/dags/sdp_pipeline_dag.py
[2026-07-17T14:10:34.931+0000] {processor.py:840} INFO - DAG(s) 'e-commerce_kafka_streaming_pipeline_v1' retrieved from /opt/airflow/dags/sdp_pipeline_dag.py
[2026-07-17T14:10:34.957+0000] {logging_mixin.py:188} INFO - [2026-07-17T14:10:34.956+0000] {dag.py:3096} INFO - Sync 1 DAGs
[2026-07-17T14:10:34.977+0000] {logging_mixin.py:188} INFO - [2026-07-17T14:10:34.977+0000] {dag.py:3954} INFO - Setting next_dagrun for e-commerce_kafka_streaming_pipeline_v1 to 2026-07-17 14:00:00+00:00, run_after=2026-07-17 15:00:00+00:00
[2026-07-17T14:10:34.994+0000] {processor.py:183} INFO - Processing /opt/airflow/dags/sdp_pipeline_dag.py took 0.097 seconds
[2026-07-17T14:11:05.222+0000] {processor.py:161} INFO - Started process (PID=4974) to work on /opt/airflow/dags/sdp_pipeline_dag.py
[2026-07-17T14:11:05.223+0000] {processor.py:830} INFO - Processing file /opt/airflow/dags/sdp_pipeline_dag.py for tasks to queue
[2026-07-17T14:11:05.224+0000] {logging_mixin.py:188} INFO - [2026-07-17T14:11:05.224+0000] {dagbag.py:540} INFO - Filling up the DagBag from /opt/airflow/dags/sdp_pipeline_dag.py
[2026-07-17T14:11:05.240+0000] {processor.py:840} INFO - DAG(s) 'e-commerce_kafka_streaming_pipeline_v1' retrieved from /opt/airflow/dags/sdp_pipeline_dag.py
[2026-07-17T14:11:05.266+0000] {logging_mixin.py:188} INFO - [2026-07-17T14:11:05.266+0000] {dag.py:3096} INFO - Sync 1 DAGs
[2026-07-17T14:11:05.285+0000] {logging_mixin.py:188} INFO - [2026-07-17T14:11:05.285+0000] {dag.py:3954} INFO - Setting next_dagrun for e-commerce_kafka_streaming_pipeline_v1 to 2026-07-17 14:00:00+00:00, run_after=2026-07-17 15:00:00+00:00
[2026-07-17T14:11:05.304+0000] {processor.py:183} INFO - Processing /opt/airflow/dags/sdp_pipeline_dag.py took 0.087 seconds
[2026-07-17T14:11:35.469+0000] {processor.py:161} INFO - Started process (PID=4979) to work on /opt/airflow/dags/sdp_pipeline_dag.py
[2026-07-17T14:11:35.470+0000] {processor.py:830} INFO - Processing file /opt/airflow/dags/sdp_pipeline_dag.py for tasks to queue
[2026-07-17T14:11:35.471+0000] {logging_mixin.py:188} INFO - [2026-07-17T14:11:35.470+0000] {dagbag.py:540} INFO - Filling up the DagBag from /opt/airflow/dags/sdp_pipeline_dag.py
[2026-07-17T14:11:35.486+0000] {processor.py:840} INFO - DAG(s) 'e-commerce_kafka_streaming_pipeline_v1' retrieved from /opt/airflow/dags/sdp_pipeline_dag.py
[2026-07-17T14:11:35.510+0000] {logging_mixin.py:188} INFO - [2026-07-17T14:11:35.510+0000] {dag.py:3096} INFO - Sync 1 DAGs
[2026-07-17T14:11:35.529+0000] {logging_mixin.py:188} INFO - [2026-07-17T14:11:35.529+0000] {dag.py:3954} INFO - Setting next_dagrun for e-commerce_kafka_streaming_pipeline_v1 to 2026-07-17 14:00:00+00:00, run_after=2026-07-17 15:00:00+00:00
[2026-07-17T14:11:35.667+0000] {processor.py:183} INFO - Processing /opt/airflow/dags/sdp_pipeline_dag.py took 0.204 seconds
[2026-07-17T14:12:05.766+0000] {processor.py:161} INFO - Started process (PID=4984) to work on /opt/airflow/dags/sdp_pipeline_dag.py
[2026-07-17T14:12:05.767+0000] {processor.py:830} INFO - Processing file /opt/airflow/dags/sdp_pipeline_dag.py for tasks to queue
[2026-07-17T14:12:05.768+0000] {logging_mixin.py:188} INFO - [2026-07-17T14:12:05.768+0000] {dagbag.py:540} INFO - Filling up the DagBag from /opt/airflow/dags/sdp_pipeline_dag.py
[2026-07-17T14:12:05.787+0000] {processor.py:840} INFO - DAG(s) 'e-commerce_kafka_streaming_pipeline_v1' retrieved from /opt/airflow/dags/sdp_pipeline_dag.py
[2026-07-17T14:12:05.818+0000] {logging_mixin.py:188} INFO - [2026-07-17T14:12:05.817+0000] {dag.py:3096} INFO - Sync 1 DAGs
[2026-07-17T14:12:05.838+0000] {logging_mixin.py:188} INFO - [2026-07-17T14:12:05.838+0000] {dag.py:3954} INFO - Setting next_dagrun for e-commerce_kafka_streaming_pipeline_v1 to 2026-07-17 14:00:00+00:00, run_after=2026-07-17 15:00:00+00:00
[2026-07-17T14:12:05.857+0000] {processor.py:183} INFO - Processing /opt/airflow/dags/sdp_pipeline_dag.py took 0.098 seconds
[2026-07-17T14:12:36.007+0000] {processor.py:161} INFO - Started process (PID=4989) to work on /opt/airflow/dags/sdp_pipeline_dag.py
[2026-07-17T14:12:36.009+0000] {processor.py:830} INFO - Processing file /opt/airflow/dags/sdp_pipeline_dag.py for tasks to queue
[2026-07-17T14:12:36.011+0000] {logging_mixin.py:188} INFO - [2026-07-17T14:12:36.010+0000] {dagbag.py:540} INFO - Filling up the DagBag from /opt/airflow/dags/sdp_pipeline_dag.py
[2026-07-17T14:12:36.045+0000] {processor.py:840} INFO - DAG(s) 'e-commerce_kafka_streaming_pipeline_v1' retrieved from /opt/airflow/dags/sdp_pipeline_dag.py
[2026-07-17T14:12:36.095+0000] {logging_mixin.py:188} INFO - [2026-07-17T14:12:36.095+0000] {dag.py:3096} INFO - Sync 1 DAGs
[2026-07-17T14:12:36.119+0000] {logging_mixin.py:188} INFO - [2026-07-17T14:12:36.119+0000] {dag.py:3954} INFO - Setting next_dagrun for e-commerce_kafka_streaming_pipeline_v1 to 2026-07-17 14:00:00+00:00, run_after=2026-07-17 15:00:00+00:00
[2026-07-17T14:12:36.142+0000] {processor.py:183} INFO - Processing /opt/airflow/dags/sdp_pipeline_dag.py took 0.146 seconds
[2026-07-17T14:13:06.415+0000] {processor.py:161} INFO - Started process (PID=4994) to work on /opt/airflow/dags/sdp_pipeline_dag.py
[2026-07-17T14:13:06.416+0000] {processor.py:830} INFO - Processing file /opt/airflow/dags/sdp_pipeline_dag.py for tasks to queue
[2026-07-17T14:13:06.418+0000] {logging_mixin.py:188} INFO - [2026-07-17T14:13:06.417+0000] {dagbag.py:540} INFO - Filling up the DagBag from /opt/airflow/dags/sdp_pipeline_dag.py
[2026-07-17T14:13:06.434+0000] {processor.py:840} INFO - DAG(s) 'e-commerce_kafka_streaming_pipeline_v1' retrieved from /opt/airflow/dags/sdp_pipeline_dag.py
[2026-07-17T14:13:06.460+0000] {logging_mixin.py:188} INFO - [2026-07-17T14:13:06.460+0000] {dag.py:3096} INFO - Sync 1 DAGs
[2026-07-17T14:13:06.480+0000] {logging_mixin.py:188} INFO - [2026-07-17T14:13:06.480+0000] {dag.py:3954} INFO - Setting next_dagrun for e-commerce_kafka_streaming_pipeline_v1 to 2026-07-17 14:00:00+00:00, run_after=2026-07-17 15:00:00+00:00
[2026-07-17T14:13:06.499+0000] {processor.py:183} INFO - Processing /opt/airflow/dags/sdp_pipeline_dag.py took 0.090 seconds
[2026-07-17T14:13:36.680+0000] {processor.py:161} INFO - Started process (PID=4999) to work on /opt/airflow/dags/sdp_pipeline_dag.py
[2026-07-17T14:13:36.681+0000] {processor.py:830} INFO - Processing file /opt/airflow/dags/sdp_pipeline_dag.py for tasks to queue
[2026-07-17T14:13:36.683+0000] {logging_mixin.py:188} INFO - [2026-07-17T14:13:36.682+0000] {dagbag.py:540} INFO - Filling up the DagBag from /opt/airflow/dags/sdp_pipeline_dag.py
[2026-07-17T14:13:36.708+0000] {processor.py:840} INFO - DAG(s) 'e-commerce_kafka_streaming_pipeline_v1' retrieved from /opt/airflow/dags/sdp_pipeline_dag.py
[2026-07-17T14:13:36.735+0000] {logging_mixin.py:188} INFO - [2026-07-17T14:13:36.735+0000] {dag.py:3096} INFO - Sync 1 DAGs
[2026-07-17T14:13:36.754+0000] {logging_mixin.py:188} INFO - [2026-07-17T14:13:36.754+0000] {dag.py:3954} INFO - Setting next_dagrun for e-commerce_kafka_streaming_pipeline_v1 to 2026-07-17 14:00:00+00:00, run_after=2026-07-17 15:00:00+00:00
[2026-07-17T14:13:36.771+0000] {processor.py:183} INFO - Processing /opt/airflow/dags/sdp_pipeline_dag.py took 0.099 seconds
[2026-07-17T14:14:07.002+0000] {processor.py:161} INFO - Started process (PID=5004) to work on /opt/airflow/dags/sdp_pipeline_dag.py
[2026-07-17T14:14:07.003+0000] {processor.py:830} INFO - Processing file /opt/airflow/dags/sdp_pipeline_dag.py for tasks to queue
[2026-07-17T14:14:07.004+0000] {logging_mixin.py:188} INFO - [2026-07-17T14:14:07.004+0000] {dagbag.py:540} INFO - Filling up the DagBag from /opt/airflow/dags/sdp_pipeline_dag.py
[2026-07-17T14:14:07.021+0000] {processor.py:840} INFO - DAG(s) 'e-commerce_kafka_streaming_pipeline_v1' retrieved from /opt/airflow/dags/sdp_pipeline_dag.py
[2026-07-17T14:14:07.047+0000] {logging_mixin.py:188} INFO - [2026-07-17T14:14:07.047+0000] {dag.py:3096} INFO - Sync 1 DAGs
[2026-07-17T14:14:07.068+0000] {logging_mixin.py:188} INFO - [2026-07-17T14:14:07.068+0000] {dag.py:3954} INFO - Setting next_dagrun for e-commerce_kafka_streaming_pipeline_v1 to 2026-07-17 14:00:00+00:00, run_after=2026-07-17 15:00:00+00:00
[2026-07-17T14:14:07.088+0000] {processor.py:183} INFO - Processing /opt/airflow/dags/sdp_pipeline_dag.py took 0.092 seconds
[2026-07-17T14:14:37.248+0000] {processor.py:161} INFO - Started process (PID=5009) to work on /opt/airflow/dags/sdp_pipeline_dag.py
[2026-07-17T14:14:37.249+0000] {processor.py:830} INFO - Processing file /opt/airflow/dags/sdp_pipeline_dag.py for tasks to queue
[2026-07-17T14:14:37.251+0000] {logging_mixin.py:188} INFO - [2026-07-17T14:14:37.250+0000] {dagbag.py:540} INFO - Filling up the DagBag from /opt/airflow/dags/sdp_pipeline_dag.py
[2026-07-17T14:14:37.266+0000] {processor.py:840} INFO - DAG(s) 'e-commerce_kafka_streaming_pipeline_v1' retrieved from /opt/airflow/dags/sdp_pipeline_dag.py
[2026-07-17T14:14:37.293+0000] {logging_mixin.py:188} INFO - [2026-07-17T14:14:37.292+0000] {dag.py:3096} INFO - Sync 1 DAGs
[2026-07-17T14:14:37.329+0000] {logging_mixin.py:188} INFO - [2026-07-17T14:14:37.329+0000] {dag.py:3954} INFO - Setting next_dagrun for e-commerce_kafka_streaming_pipeline_v1 to 2026-07-17 14:00:00+00:00, run_after=2026-07-17 15:00:00+00:00
[2026-07-17T14:14:37.506+0000] {processor.py:183} INFO - Processing /opt/airflow/dags/sdp_pipeline_dag.py took 0.263 seconds
[2026-07-17T14:15:07.732+0000] {processor.py:161} INFO - Started process (PID=5014) to work on /opt/airflow/dags/sdp_pipeline_dag.py
[2026-07-17T14:15:07.733+0000] {processor.py:830} INFO - Processing file /opt/airflow/dags/sdp_pipeline_dag.py for tasks to queue
[2026-07-17T14:15:07.734+0000] {logging_mixin.py:188} INFO - [2026-07-17T14:15:07.734+0000] {dagbag.py:540} INFO - Filling up the DagBag from /opt/airflow/dags/sdp_pipeline_dag.py
[2026-07-17T14:15:07.757+0000] {processor.py:840} INFO - DAG(s) 'e-commerce_kafka_streaming_pipeline_v1' retrieved from /opt/airflow/dags/sdp_pipeline_dag.py
[2026-07-17T14:15:07.785+0000] {logging_mixin.py:188} INFO - [2026-07-17T14:15:07.785+0000] {dag.py:3096} INFO - Sync 1 DAGs
[2026-07-17T14:15:07.809+0000] {logging_mixin.py:188} INFO - [2026-07-17T14:15:07.809+0000] {dag.py:3954} INFO - Setting next_dagrun for e-commerce_kafka_streaming_pipeline_v1 to 2026-07-17 14:00:00+00:00, run_after=2026-07-17 15:00:00+00:00
[2026-07-17T14:15:07.829+0000] {processor.py:183} INFO - Processing /opt/airflow/dags/sdp_pipeline_dag.py took 0.104 seconds
[2026-07-17T14:15:37.985+0000] {processor.py:161} INFO - Started process (PID=5019) to work on /opt/airflow/dags/sdp_pipeline_dag.py
[2026-07-17T14:15:37.987+0000] {processor.py:830} INFO - Processing file /opt/airflow/dags/sdp_pipeline_dag.py for tasks to queue
[2026-07-17T14:15:37.990+0000] {logging_mixin.py:188} INFO - [2026-07-17T14:15:37.989+0000] {dagbag.py:540} INFO - Filling up the DagBag from /opt/airflow/dags/sdp_pipeline_dag.py
[2026-07-17T14:15:38.018+0000] {processor.py:840} INFO - DAG(s) 'e-commerce_kafka_streaming_pipeline_v1' retrieved from /opt/airflow/dags/sdp_pipeline_dag.py
[2026-07-17T14:15:38.050+0000] {logging_mixin.py:188} INFO - [2026-07-17T14:15:38.049+0000] {dag.py:3096} INFO - Sync 1 DAGs
[2026-07-17T14:15:38.076+0000] {logging_mixin.py:188} INFO - [2026-07-17T14:15:38.075+0000] {dag.py:3954} INFO - Setting next_dagrun for e-commerce_kafka_streaming_pipeline_v1 to 2026-07-17 14:00:00+00:00, run_after=2026-07-17 15:00:00+00:00
[2026-07-17T14:15:38.103+0000] {processor.py:183} INFO - Processing /opt/airflow/dags/sdp_pipeline_dag.py took 0.133 seconds
[2026-07-17T14:16:08.230+0000] {processor.py:161} INFO - Started process (PID=5024) to work on /opt/airflow/dags/sdp_pipeline_dag.py
[2026-07-17T14:16:08.231+0000] {processor.py:830} INFO - Processing file /opt/airflow/dags/sdp_pipeline_dag.py for tasks to queue
[2026-07-17T14:16:08.233+0000] {logging_mixin.py:188} INFO - [2026-07-17T14:16:08.233+0000] {dagbag.py:540} INFO - Filling up the DagBag from /opt/airflow/dags/sdp_pipeline_dag.py
[2026-07-17T14:16:08.253+0000] {processor.py:840} INFO - DAG(s) 'e-commerce_kafka_streaming_pipeline_v1' retrieved from /opt/airflow/dags/sdp_pipeline_dag.py
[2026-07-17T14:16:08.280+0000] {logging_mixin.py:188} INFO - [2026-07-17T14:16:08.279+0000] {dag.py:3096} INFO - Sync 1 DAGs
[2026-07-17T14:16:08.301+0000] {logging_mixin.py:188} INFO - [2026-07-17T14:16:08.301+0000] {dag.py:3954} INFO - Setting next_dagrun for e-commerce_kafka_streaming_pipeline_v1 to 2026-07-17 14:00:00+00:00, run_after=2026-07-17 15:00:00+00:00
[2026-07-17T14:16:08.321+0000] {processor.py:183} INFO - Processing /opt/airflow/dags/sdp_pipeline_dag.py took 0.097 seconds
[2026-07-17T14:16:38.470+0000] {processor.py:161} INFO - Started process (PID=5029) to work on /opt/airflow/dags/sdp_pipeline_dag.py
[2026-07-17T14:16:38.472+0000] {processor.py:830} INFO - Processing file /opt/airflow/dags/sdp_pipeline_dag.py for tasks to queue
[2026-07-17T14:16:38.474+0000] {logging_mixin.py:188} INFO - [2026-07-17T14:16:38.473+0000] {dagbag.py:540} INFO - Filling up the DagBag from /opt/airflow/dags/sdp_pipeline_dag.py
[2026-07-17T14:16:38.497+0000] {processor.py:840} INFO - DAG(s) 'e-commerce_kafka_streaming_pipeline_v1' retrieved from /opt/airflow/dags/sdp_pipeline_dag.py
[2026-07-17T14:16:38.531+0000] {logging_mixin.py:188} INFO - [2026-07-17T14:16:38.530+0000] {dag.py:3096} INFO - Sync 1 DAGs
[2026-07-17T14:16:38.569+0000] {logging_mixin.py:188} INFO - [2026-07-17T14:16:38.569+0000] {dag.py:3954} INFO - Setting next_dagrun for e-commerce_kafka_streaming_pipeline_v1 to 2026-07-17 14:00:00+00:00, run_after=2026-07-17 15:00:00+00:00
[2026-07-17T14:16:38.614+0000] {processor.py:183} INFO - Processing /opt/airflow/dags/sdp_pipeline_dag.py took 0.152 seconds
[2026-07-17T14:17:08.742+0000] {processor.py:161} INFO - Started process (PID=5034) to work on /opt/airflow/dags/sdp_pipeline_dag.py
[2026-07-17T14:17:08.743+0000] {processor.py:830} INFO - Processing file /opt/airflow/dags/sdp_pipeline_dag.py for tasks to queue
[2026-07-17T14:17:08.746+0000] {logging_mixin.py:188} INFO - [2026-07-17T14:17:08.745+0000] {dagbag.py:540} INFO - Filling up the DagBag from /opt/airflow/dags/sdp_pipeline_dag.py
[2026-07-17T14:17:08.768+0000] {processor.py:840} INFO - DAG(s) 'e-commerce_kafka_streaming_pipeline_v1' retrieved from /opt/airflow/dags/sdp_pipeline_dag.py
[2026-07-17T14:17:08.797+0000] {logging_mixin.py:188} INFO - [2026-07-17T14:17:08.797+0000] {dag.py:3096} INFO - Sync 1 DAGs
[2026-07-17T14:17:08.824+0000] {logging_mixin.py:188} INFO - [2026-07-17T14:17:08.824+0000] {dag.py:3954} INFO - Setting next_dagrun for e-commerce_kafka_streaming_pipeline_v1 to 2026-07-17 14:00:00+00:00, run_after=2026-07-17 15:00:00+00:00
[2026-07-17T14:17:08.846+0000] {processor.py:183} INFO - Processing /opt/airflow/dags/sdp_pipeline_dag.py took 0.112 seconds
[2026-07-17T14:17:39.061+0000] {processor.py:161} INFO - Started process (PID=5039) to work on /opt/airflow/dags/sdp_pipeline_dag.py
[2026-07-17T14:17:39.062+0000] {processor.py:830} INFO - Processing file /opt/airflow/dags/sdp_pipeline_dag.py for tasks to queue
[2026-07-17T14:17:39.063+0000] {logging_mixin.py:188} INFO - [2026-07-17T14:17:39.062+0000] {dagbag.py:540} INFO - Filling up the DagBag from /opt/airflow/dags/sdp_pipeline_dag.py
[2026-07-17T14:17:39.077+0000] {processor.py:840} INFO - DAG(s) 'e-commerce_kafka_streaming_pipeline_v1' retrieved from /opt/airflow/dags/sdp_pipeline_dag.py
[2026-07-17T14:17:39.105+0000] {logging_mixin.py:188} INFO - [2026-07-17T14:17:39.104+0000] {dag.py:3096} INFO - Sync 1 DAGs
[2026-07-17T14:17:39.127+0000] {logging_mixin.py:188} INFO - [2026-07-17T14:17:39.127+0000] {dag.py:3954} INFO - Setting next_dagrun for e-commerce_kafka_streaming_pipeline_v1 to 2026-07-17 14:00:00+00:00, run_after=2026-07-17 15:00:00+00:00
[2026-07-17T14:17:39.323+0000] {processor.py:183} INFO - Processing /opt/airflow/dags/sdp_pipeline_dag.py took 0.268 seconds
[2026-07-17T14:18:09.550+0000] {processor.py:161} INFO - Started process (PID=5044) to work on /opt/airflow/dags/sdp_pipeline_dag.py
[2026-07-17T14:18:09.551+0000] {processor.py:830} INFO - Processing file /opt/airflow/dags/sdp_pipeline_dag.py for tasks to queue
[2026-07-17T14:18:09.552+0000] {logging_mixin.py:188} INFO - [2026-07-17T14:18:09.552+0000] {dagbag.py:540} INFO - Filling up the DagBag from /opt/airflow/dags/sdp_pipeline_dag.py
[2026-07-17T14:18:09.570+0000] {processor.py:840} INFO - DAG(s) 'e-commerce_kafka_streaming_pipeline_v1' retrieved from /opt/airflow/dags/sdp_pipeline_dag.py
[2026-07-17T14:18:09.599+0000] {logging_mixin.py:188} INFO - [2026-07-17T14:18:09.599+0000] {dag.py:3096} INFO - Sync 1 DAGs
[2026-07-17T14:18:09.623+0000] {logging_mixin.py:188} INFO - [2026-07-17T14:18:09.623+0000] {dag.py:3954} INFO - Setting next_dagrun for e-commerce_kafka_streaming_pipeline_v1 to 2026-07-17 14:00:00+00:00, run_after=2026-07-17 15:00:00+00:00
[2026-07-17T14:18:09.643+0000] {processor.py:183} INFO - Processing /opt/airflow/dags/sdp_pipeline_dag.py took 0.100 seconds
[2026-07-17T14:18:39.758+0000] {processor.py:161} INFO - Started process (PID=5049) to work on /opt/airflow/dags/sdp_pipeline_dag.py
[2026-07-17T14:18:39.759+0000] {processor.py:830} INFO - Processing file /opt/airflow/dags/sdp_pipeline_dag.py for tasks to queue
[2026-07-17T14:18:39.761+0000] {logging_mixin.py:188} INFO - [2026-07-17T14:18:39.761+0000] {dagbag.py:540} INFO - Filling up the DagBag from /opt/airflow/dags/sdp_pipeline_dag.py
[2026-07-17T14:18:39.779+0000] {processor.py:840} INFO - DAG(s) 'e-commerce_kafka_streaming_pipeline_v1' retrieved from /opt/airflow/dags/sdp_pipeline_dag.py
[2026-07-17T14:18:39.828+0000] {logging_mixin.py:188} INFO - [2026-07-17T14:18:39.828+0000] {dag.py:3096} INFO - Sync 1 DAGs
[2026-07-17T14:18:39.863+0000] {logging_mixin.py:188} INFO - [2026-07-17T14:18:39.863+0000] {dag.py:3954} INFO - Setting next_dagrun for e-commerce_kafka_streaming_pipeline_v1 to 2026-07-17 14:00:00+00:00, run_after=2026-07-17 15:00:00+00:00
[2026-07-17T14:18:39.881+0000] {processor.py:183} INFO - Processing /opt/airflow/dags/sdp_pipeline_dag.py took 0.129 seconds
[2026-07-17T14:19:10.104+0000] {processor.py:161} INFO - Started process (PID=5054) to work on /opt/airflow/dags/sdp_pipeline_dag.py
[2026-07-17T14:19:10.106+0000] {processor.py:830} INFO - Processing file /opt/airflow/dags/sdp_pipeline_dag.py for tasks to queue
[2026-07-17T14:19:10.107+0000] {logging_mixin.py:188} INFO - [2026-07-17T14:19:10.106+0000] {dagbag.py:540} INFO - Filling up the DagBag from /opt/airflow/dags/sdp_pipeline_dag.py
[2026-07-17T14:19:10.123+0000] {processor.py:840} INFO - DAG(s) 'e-commerce_kafka_streaming_pipeline_v1' retrieved from /opt/airflow/dags/sdp_pipeline_dag.py
[2026-07-17T14:19:10.149+0000] {logging_mixin.py:188} INFO - [2026-07-17T14:19:10.148+0000] {dag.py:3096} INFO - Sync 1 DAGs
[2026-07-17T14:19:10.168+0000] {logging_mixin.py:188} INFO - [2026-07-17T14:19:10.168+0000] {dag.py:3954} INFO - Setting next_dagrun for e-commerce_kafka_streaming_pipeline_v1 to 2026-07-17 14:00:00+00:00, run_after=2026-07-17 15:00:00+00:00
[2026-07-17T14:19:10.189+0000] {processor.py:183} INFO - Processing /opt/airflow/dags/sdp_pipeline_dag.py took 0.091 seconds
[2026-07-17T14:19:40.338+0000] {processor.py:161} INFO - Started process (PID=5059) to work on /opt/airflow/dags/sdp_pipeline_dag.py
[2026-07-17T14:19:40.341+0000] {processor.py:830} INFO - Processing file /opt/airflow/dags/sdp_pipeline_dag.py for tasks to queue
[2026-07-17T14:19:40.342+0000] {logging_mixin.py:188} INFO - [2026-07-17T14:19:40.341+0000] {dagbag.py:540} INFO - Filling up the DagBag from /opt/airflow/dags/sdp_pipeline_dag.py
[2026-07-17T14:19:40.361+0000] {processor.py:840} INFO - DAG(s) 'e-commerce_kafka_streaming_pipeline_v1' retrieved from /opt/airflow/dags/sdp_pipeline_dag.py
[2026-07-17T14:19:40.389+0000] {logging_mixin.py:188} INFO - [2026-07-17T14:19:40.389+0000] {dag.py:3096} INFO - Sync 1 DAGs
[2026-07-17T14:19:40.409+0000] {logging_mixin.py:188} INFO - [2026-07-17T14:19:40.409+0000] {dag.py:3954} INFO - Setting next_dagrun for e-commerce_kafka_streaming_pipeline_v1 to 2026-07-17 14:00:00+00:00, run_after=2026-07-17 15:00:00+00:00
[2026-07-17T14:19:40.438+0000] {processor.py:183} INFO - Processing /opt/airflow/dags/sdp_pipeline_dag.py took 0.107 seconds
[2026-07-17T14:20:10.656+0000] {processor.py:161} INFO - Started process (PID=5064) to work on /opt/airflow/dags/sdp_pipeline_dag.py
[2026-07-17T14:20:10.658+0000] {processor.py:830} INFO - Processing file /opt/airflow/dags/sdp_pipeline_dag.py for tasks to queue
[2026-07-17T14:20:10.661+0000] {logging_mixin.py:188} INFO - [2026-07-17T14:20:10.661+0000] {dagbag.py:540} INFO - Filling up the DagBag from /opt/airflow/dags/sdp_pipeline_dag.py
[2026-07-17T14:20:10.696+0000] {processor.py:840} INFO - DAG(s) 'e-commerce_kafka_streaming_pipeline_v1' retrieved from /opt/airflow/dags/sdp_pipeline_dag.py
[2026-07-17T14:20:10.746+0000] {logging_mixin.py:188} INFO - [2026-07-17T14:20:10.746+0000] {dag.py:3096} INFO - Sync 1 DAGs
[2026-07-17T14:20:10.775+0000] {logging_mixin.py:188} INFO - [2026-07-17T14:20:10.775+0000] {dag.py:3954} INFO - Setting next_dagrun for e-commerce_kafka_streaming_pipeline_v1 to 2026-07-17 14:00:00+00:00, run_after=2026-07-17 15:00:00+00:00
[2026-07-17T14:20:10.798+0000] {processor.py:183} INFO - Processing /opt/airflow/dags/sdp_pipeline_dag.py took 0.153 seconds
[2026-07-17T14:20:40.903+0000] {processor.py:161} INFO - Started process (PID=5069) to work on /opt/airflow/dags/sdp_pipeline_dag.py
[2026-07-17T14:20:40.904+0000] {processor.py:830} INFO - Processing file /opt/airflow/dags/sdp_pipeline_dag.py for tasks to queue
[2026-07-17T14:20:40.906+0000] {logging_mixin.py:188} INFO - [2026-07-17T14:20:40.905+0000] {dagbag.py:540} INFO - Filling up the DagBag from /opt/airflow/dags/sdp_pipeline_dag.py
[2026-07-17T14:20:40.924+0000] {processor.py:840} INFO - DAG(s) 'e-commerce_kafka_streaming_pipeline_v1' retrieved from /opt/airflow/dags/sdp_pipeline_dag.py
[2026-07-17T14:20:40.953+0000] {logging_mixin.py:188} INFO - [2026-07-17T14:20:40.953+0000] {dag.py:3096} INFO - Sync 1 DAGs
[2026-07-17T14:20:40.974+0000] {logging_mixin.py:188} INFO - [2026-07-17T14:20:40.974+0000] {dag.py:3954} INFO - Setting next_dagrun for e-commerce_kafka_streaming_pipeline_v1 to 2026-07-17 14:00:00+00:00, run_after=2026-07-17 15:00:00+00:00
[2026-07-17T14:20:41.153+0000] {processor.py:183} INFO - Processing /opt/airflow/dags/sdp_pipeline_dag.py took 0.257 seconds
[2026-07-17T14:21:11.229+0000] {processor.py:161} INFO - Started process (PID=5074) to work on /opt/airflow/dags/sdp_pipeline_dag.py
[2026-07-17T14:21:11.231+0000] {processor.py:830} INFO - Processing file /opt/airflow/dags/sdp_pipeline_dag.py for tasks to queue
[2026-07-17T14:21:11.232+0000] {logging_mixin.py:188} INFO - [2026-07-17T14:21:11.232+0000] {dagbag.py:540} INFO - Filling up the DagBag from /opt/airflow/dags/sdp_pipeline_dag.py
[2026-07-17T14:21:11.248+0000] {processor.py:840} INFO - DAG(s) 'e-commerce_kafka_streaming_pipeline_v1' retrieved from /opt/airflow/dags/sdp_pipeline_dag.py
[2026-07-17T14:21:11.274+0000] {logging_mixin.py:188} INFO - [2026-07-17T14:21:11.273+0000] {dag.py:3096} INFO - Sync 1 DAGs
[2026-07-17T14:21:11.292+0000] {logging_mixin.py:188} INFO - [2026-07-17T14:21:11.292+0000] {dag.py:3954} INFO - Setting next_dagrun for e-commerce_kafka_streaming_pipeline_v1 to 2026-07-17 14:00:00+00:00, run_after=2026-07-17 15:00:00+00:00
[2026-07-17T14:21:11.310+0000] {processor.py:183} INFO - Processing /opt/airflow/dags/sdp_pipeline_dag.py took 0.087 seconds
[2026-07-17T14:21:41.435+0000] {processor.py:161} INFO - Started process (PID=5079) to work on /opt/airflow/dags/sdp_pipeline_dag.py
[2026-07-17T14:21:41.436+0000] {processor.py:830} INFO - Processing file /opt/airflow/dags/sdp_pipeline_dag.py for tasks to queue
[2026-07-17T14:21:41.437+0000] {logging_mixin.py:188} INFO - [2026-07-17T14:21:41.437+0000] {dagbag.py:540} INFO - Filling up the DagBag from /opt/airflow/dags/sdp_pipeline_dag.py
[2026-07-17T14:21:41.455+0000] {processor.py:840} INFO - DAG(s) 'e-commerce_kafka_streaming_pipeline_v1' retrieved from /opt/airflow/dags/sdp_pipeline_dag.py
[2026-07-17T14:21:41.481+0000] {logging_mixin.py:188} INFO - [2026-07-17T14:21:41.481+0000] {dag.py:3096} INFO - Sync 1 DAGs
[2026-07-17T14:21:41.500+0000] {logging_mixin.py:188} INFO - [2026-07-17T14:21:41.500+0000] {dag.py:3954} INFO - Setting next_dagrun for e-commerce_kafka_streaming_pipeline_v1 to 2026-07-17 14:00:00+00:00, run_after=2026-07-17 15:00:00+00:00
[2026-07-17T14:21:41.517+0000] {processor.py:183} INFO - Processing /opt/airflow/dags/sdp_pipeline_dag.py took 0.087 seconds
[2026-07-17T14:22:11.752+0000] {processor.py:161} INFO - Started process (PID=5084) to work on /opt/airflow/dags/sdp_pipeline_dag.py
[2026-07-17T14:22:11.753+0000] {processor.py:830} INFO - Processing file /opt/airflow/dags/sdp_pipeline_dag.py for tasks to queue
[2026-07-17T14:22:11.754+0000] {logging_mixin.py:188} INFO - [2026-07-17T14:22:11.754+0000] {dagbag.py:540} INFO - Filling up the DagBag from /opt/airflow/dags/sdp_pipeline_dag.py
[2026-07-17T14:22:11.772+0000] {processor.py:840} INFO - DAG(s) 'e-commerce_kafka_streaming_pipeline_v1' retrieved from /opt/airflow/dags/sdp_pipeline_dag.py
[2026-07-17T14:22:11.798+0000] {logging_mixin.py:188} INFO - [2026-07-17T14:22:11.798+0000] {dag.py:3096} INFO - Sync 1 DAGs
[2026-07-17T14:22:11.817+0000] {logging_mixin.py:188} INFO - [2026-07-17T14:22:11.817+0000] {dag.py:3954} INFO - Setting next_dagrun for e-commerce_kafka_streaming_pipeline_v1 to 2026-07-17 14:00:00+00:00, run_after=2026-07-17 15:00:00+00:00
[2026-07-17T14:22:11.835+0000] {processor.py:183} INFO - Processing /opt/airflow/dags/sdp_pipeline_dag.py took 0.089 seconds
[2026-07-17T14:22:41.990+0000] {processor.py:161} INFO - Started process (PID=5089) to work on /opt/airflow/dags/sdp_pipeline_dag.py
[2026-07-17T14:22:41.991+0000] {processor.py:830} INFO - Processing file /opt/airflow/dags/sdp_pipeline_dag.py for tasks to queue
[2026-07-17T14:22:41.992+0000] {logging_mixin.py:188} INFO - [2026-07-17T14:22:41.992+0000] {dagbag.py:540} INFO - Filling up the DagBag from /opt/airflow/dags/sdp_pipeline_dag.py
[2026-07-17T14:22:42.013+0000] {processor.py:840} INFO - DAG(s) 'e-commerce_kafka_streaming_pipeline_v1' retrieved from /opt/airflow/dags/sdp_pipeline_dag.py
[2026-07-17T14:22:42.041+0000] {logging_mixin.py:188} INFO - [2026-07-17T14:22:42.040+0000] {dag.py:3096} INFO - Sync 1 DAGs
[2026-07-17T14:22:42.063+0000] {logging_mixin.py:188} INFO - [2026-07-17T14:22:42.062+0000] {dag.py:3954} INFO - Setting next_dagrun for e-commerce_kafka_streaming_pipeline_v1 to 2026-07-17 14:00:00+00:00, run_after=2026-07-17 15:00:00+00:00
[2026-07-17T14:22:42.084+0000] {processor.py:183} INFO - Processing /opt/airflow/dags/sdp_pipeline_dag.py took 0.101 seconds
[2026-07-17T14:23:12.333+0000] {processor.py:161} INFO - Started process (PID=5094) to work on /opt/airflow/dags/sdp_pipeline_dag.py
[2026-07-17T14:23:12.335+0000] {processor.py:830} INFO - Processing file /opt/airflow/dags/sdp_pipeline_dag.py for tasks to queue
[2026-07-17T14:23:12.336+0000] {logging_mixin.py:188} INFO - [2026-07-17T14:23:12.336+0000] {dagbag.py:540} INFO - Filling up the DagBag from /opt/airflow/dags/sdp_pipeline_dag.py
[2026-07-17T14:23:12.353+0000] {processor.py:840} INFO - DAG(s) 'e-commerce_kafka_streaming_pipeline_v1' retrieved from /opt/airflow/dags/sdp_pipeline_dag.py
[2026-07-17T14:23:12.378+0000] {logging_mixin.py:188} INFO - [2026-07-17T14:23:12.378+0000] {dag.py:3096} INFO - Sync 1 DAGs
[2026-07-17T14:23:12.397+0000] {logging_mixin.py:188} INFO - [2026-07-17T14:23:12.397+0000] {dag.py:3954} INFO - Setting next_dagrun for e-commerce_kafka_streaming_pipeline_v1 to 2026-07-17 14:00:00+00:00, run_after=2026-07-17 15:00:00+00:00
[2026-07-17T14:23:12.417+0000] {processor.py:183} INFO - Processing /opt/airflow/dags/sdp_pipeline_dag.py took 0.090 seconds
[2026-07-17T14:23:42.590+0000] {processor.py:161} INFO - Started process (PID=5099) to work on /opt/airflow/dags/sdp_pipeline_dag.py
[2026-07-17T14:23:42.591+0000] {processor.py:830} INFO - Processing file /opt/airflow/dags/sdp_pipeline_dag.py for tasks to queue
[2026-07-17T14:23:42.593+0000] {logging_mixin.py:188} INFO - [2026-07-17T14:23:42.592+0000] {dagbag.py:540} INFO - Filling up the DagBag from /opt/airflow/dags/sdp_pipeline_dag.py
[2026-07-17T14:23:42.611+0000] {processor.py:840} INFO - DAG(s) 'e-commerce_kafka_streaming_pipeline_v1' retrieved from /opt/airflow/dags/sdp_pipeline_dag.py
[2026-07-17T14:23:42.641+0000] {logging_mixin.py:188} INFO - [2026-07-17T14:23:42.640+0000] {dag.py:3096} INFO - Sync 1 DAGs
[2026-07-17T14:23:42.682+0000] {logging_mixin.py:188} INFO - [2026-07-17T14:23:42.681+0000] {dag.py:3954} INFO - Setting next_dagrun for e-commerce_kafka_streaming_pipeline_v1 to 2026-07-17 14:00:00+00:00, run_after=2026-07-17 15:00:00+00:00
[2026-07-17T14:23:42.892+0000] {processor.py:183} INFO - Processing /opt/airflow/dags/sdp_pipeline_dag.py took 0.310 seconds
[2026-07-17T14:24:13.119+0000] {processor.py:161} INFO - Started process (PID=5104) to work on /opt/airflow/dags/sdp_pipeline_dag.py
[2026-07-17T14:24:13.120+0000] {processor.py:830} INFO - Processing file /opt/airflow/dags/sdp_pipeline_dag.py for tasks to queue
[2026-07-17T14:24:13.121+0000] {logging_mixin.py:188} INFO - [2026-07-17T14:24:13.121+0000] {dagbag.py:540} INFO - Filling up the DagBag from /opt/airflow/dags/sdp_pipeline_dag.py
[2026-07-17T14:24:13.140+0000] {processor.py:840} INFO - DAG(s) 'e-commerce_kafka_streaming_pipeline_v1' retrieved from /opt/airflow/dags/sdp_pipeline_dag.py
[2026-07-17T14:24:13.169+0000] {logging_mixin.py:188} INFO - [2026-07-17T14:24:13.169+0000] {dag.py:3096} INFO - Sync 1 DAGs
[2026-07-17T14:24:13.194+0000] {logging_mixin.py:188} INFO - [2026-07-17T14:24:13.194+0000] {dag.py:3954} INFO - Setting next_dagrun for e-commerce_kafka_streaming_pipeline_v1 to 2026-07-17 14:00:00+00:00, run_after=2026-07-17 15:00:00+00:00
[2026-07-17T14:24:13.215+0000] {processor.py:183} INFO - Processing /opt/airflow/dags/sdp_pipeline_dag.py took 0.102 seconds
[2026-07-17T14:24:43.376+0000] {processor.py:161} INFO - Started process (PID=5109) to work on /opt/airflow/dags/sdp_pipeline_dag.py
[2026-07-17T14:24:43.378+0000] {processor.py:830} INFO - Processing file /opt/airflow/dags/sdp_pipeline_dag.py for tasks to queue
[2026-07-17T14:24:43.379+0000] {logging_mixin.py:188} INFO - [2026-07-17T14:24:43.379+0000] {dagbag.py:540} INFO - Filling up the DagBag from /opt/airflow/dags/sdp_pipeline_dag.py
[2026-07-17T14:24:43.398+0000] {processor.py:840} INFO - DAG(s) 'e-commerce_kafka_streaming_pipeline_v1' retrieved from /opt/airflow/dags/sdp_pipeline_dag.py
[2026-07-17T14:24:43.425+0000] {logging_mixin.py:188} INFO - [2026-07-17T14:24:43.424+0000] {dag.py:3096} INFO - Sync 1 DAGs
[2026-07-17T14:24:43.446+0000] {logging_mixin.py:188} INFO - [2026-07-17T14:24:43.446+0000] {dag.py:3954} INFO - Setting next_dagrun for e-commerce_kafka_streaming_pipeline_v1 to 2026-07-17 14:00:00+00:00, run_after=2026-07-17 15:00:00+00:00
[2026-07-17T14:24:43.462+0000] {processor.py:183} INFO - Processing /opt/airflow/dags/sdp_pipeline_dag.py took 0.093 seconds
[2026-07-17T14:25:13.679+0000] {processor.py:161} INFO - Started process (PID=5114) to work on /opt/airflow/dags/sdp_pipeline_dag.py
[2026-07-17T14:25:13.681+0000] {processor.py:830} INFO - Processing file /opt/airflow/dags/sdp_pipeline_dag.py for tasks to queue
[2026-07-17T14:25:13.682+0000] {logging_mixin.py:188} INFO - [2026-07-17T14:25:13.682+0000] {dagbag.py:540} INFO - Filling up the DagBag from /opt/airflow/dags/sdp_pipeline_dag.py
[2026-07-17T14:25:13.705+0000] {processor.py:840} INFO - DAG(s) 'e-commerce_kafka_streaming_pipeline_v1' retrieved from /opt/airflow/dags/sdp_pipeline_dag.py
[2026-07-17T14:25:13.737+0000] {logging_mixin.py:188} INFO - [2026-07-17T14:25:13.736+0000] {dag.py:3096} INFO - Sync 1 DAGs
[2026-07-17T14:25:13.760+0000] {logging_mixin.py:188} INFO - [2026-07-17T14:25:13.760+0000] {dag.py:3954} INFO - Setting next_dagrun for e-commerce_kafka_streaming_pipeline_v1 to 2026-07-17 14:00:00+00:00, run_after=2026-07-17 15:00:00+00:00
[2026-07-17T14:25:13.781+0000] {processor.py:183} INFO - Processing /opt/airflow/dags/sdp_pipeline_dag.py took 0.107 seconds
[2026-07-17T14:25:43.895+0000] {processor.py:161} INFO - Started process (PID=5119) to work on /opt/airflow/dags/sdp_pipeline_dag.py
[2026-07-17T14:25:43.896+0000] {processor.py:830} INFO - Processing file /opt/airflow/dags/sdp_pipeline_dag.py for tasks to queue
[2026-07-17T14:25:43.898+0000] {logging_mixin.py:188} INFO - [2026-07-17T14:25:43.898+0000] {dagbag.py:540} INFO - Filling up the DagBag from /opt/airflow/dags/sdp_pipeline_dag.py
[2026-07-17T14:25:43.919+0000] {processor.py:840} INFO - DAG(s) 'e-commerce_kafka_streaming_pipeline_v1' retrieved from /opt/airflow/dags/sdp_pipeline_dag.py
[2026-07-17T14:25:43.947+0000] {logging_mixin.py:188} INFO - [2026-07-17T14:25:43.947+0000] {dag.py:3096} INFO - Sync 1 DAGs
[2026-07-17T14:25:43.967+0000] {logging_mixin.py:188} INFO - [2026-07-17T14:25:43.967+0000] {dag.py:3954} INFO - Setting next_dagrun for e-commerce_kafka_streaming_pipeline_v1 to 2026-07-17 14:00:00+00:00, run_after=2026-07-17 15:00:00+00:00
[2026-07-17T14:25:43.986+0000] {processor.py:183} INFO - Processing /opt/airflow/dags/sdp_pipeline_dag.py took 0.098 seconds
[2026-07-17T14:26:14.230+0000] {processor.py:161} INFO - Started process (PID=5124) to work on /opt/airflow/dags/sdp_pipeline_dag.py
[2026-07-17T14:26:14.231+0000] {processor.py:830} INFO - Processing file /opt/airflow/dags/sdp_pipeline_dag.py for tasks to queue
[2026-07-17T14:26:14.232+0000] {logging_mixin.py:188} INFO - [2026-07-17T14:26:14.232+0000] {dagbag.py:540} INFO - Filling up the DagBag from /opt/airflow/dags/sdp_pipeline_dag.py
[2026-07-17T14:26:14.248+0000] {processor.py:840} INFO - DAG(s) 'e-commerce_kafka_streaming_pipeline_v1' retrieved from /opt/airflow/dags/sdp_pipeline_dag.py
[2026-07-17T14:26:14.273+0000] {logging_mixin.py:188} INFO - [2026-07-17T14:26:14.273+0000] {dag.py:3096} INFO - Sync 1 DAGs
[2026-07-17T14:26:14.292+0000] {logging_mixin.py:188} INFO - [2026-07-17T14:26:14.292+0000] {dag.py:3954} INFO - Setting next_dagrun for e-commerce_kafka_streaming_pipeline_v1 to 2026-07-17 14:00:00+00:00, run_after=2026-07-17 15:00:00+00:00
[2026-07-17T14:26:14.311+0000] {processor.py:183} INFO - Processing /opt/airflow/dags/sdp_pipeline_dag.py took 0.087 seconds
[2026-07-17T14:26:44.467+0000] {processor.py:161} INFO - Started process (PID=5129) to work on /opt/airflow/dags/sdp_pipeline_dag.py
[2026-07-17T14:26:44.468+0000] {processor.py:830} INFO - Processing file /opt/airflow/dags/sdp_pipeline_dag.py for tasks to queue
[2026-07-17T14:26:44.470+0000] {logging_mixin.py:188} INFO - [2026-07-17T14:26:44.469+0000] {dagbag.py:540} INFO - Filling up the DagBag from /opt/airflow/dags/sdp_pipeline_dag.py
[2026-07-17T14:26:44.487+0000] {processor.py:840} INFO - DAG(s) 'e-commerce_kafka_streaming_pipeline_v1' retrieved from /opt/airflow/dags/sdp_pipeline_dag.py
[2026-07-17T14:26:44.513+0000] {logging_mixin.py:188} INFO - [2026-07-17T14:26:44.513+0000] {dag.py:3096} INFO - Sync 1 DAGs
[2026-07-17T14:26:44.534+0000] {logging_mixin.py:188} INFO - [2026-07-17T14:26:44.534+0000] {dag.py:3954} INFO - Setting next_dagrun for e-commerce_kafka_streaming_pipeline_v1 to 2026-07-17 14:00:00+00:00, run_after=2026-07-17 15:00:00+00:00
[2026-07-17T14:26:44.697+0000] {processor.py:183} INFO - Processing /opt/airflow/dags/sdp_pipeline_dag.py took 0.236 seconds
[2026-07-17T14:27:14.766+0000] {processor.py:161} INFO - Started process (PID=5134) to work on /opt/airflow/dags/sdp_pipeline_dag.py
[2026-07-17T14:27:14.767+0000] {processor.py:830} INFO - Processing file /opt/airflow/dags/sdp_pipeline_dag.py for tasks to queue
[2026-07-17T14:27:14.769+0000] {logging_mixin.py:188} INFO - [2026-07-17T14:27:14.768+0000] {dagbag.py:540} INFO - Filling up the DagBag from /opt/airflow/dags/sdp_pipeline_dag.py
[2026-07-17T14:27:14.784+0000] {processor.py:840} INFO - DAG(s) 'e-commerce_kafka_streaming_pipeline_v1' retrieved from /opt/airflow/dags/sdp_pipeline_dag.py
[2026-07-17T14:27:14.810+0000] {logging_mixin.py:188} INFO - [2026-07-17T14:27:14.810+0000] {dag.py:3096} INFO - Sync 1 DAGs
[2026-07-17T14:27:14.968+0000] {logging_mixin.py:188} INFO - [2026-07-17T14:27:14.967+0000] {dag.py:3954} INFO - Setting next_dagrun for e-commerce_kafka_streaming_pipeline_v1 to 2026-07-17 14:00:00+00:00, run_after=2026-07-17 15:00:00+00:00
[2026-07-17T14:27:14.999+0000] {processor.py:183} INFO - Processing /opt/airflow/dags/sdp_pipeline_dag.py took 0.239 seconds
[2026-07-17T14:27:45.182+0000] {processor.py:161} INFO - Started process (PID=5139) to work on /opt/airflow/dags/sdp_pipeline_dag.py
[2026-07-17T14:27:45.184+0000] {processor.py:830} INFO - Processing file /opt/airflow/dags/sdp_pipeline_dag.py for tasks to queue
[2026-07-17T14:27:45.185+0000] {logging_mixin.py:188} INFO - [2026-07-17T14:27:45.185+0000] {dagbag.py:540} INFO - Filling up the DagBag from /opt/airflow/dags/sdp_pipeline_dag.py
[2026-07-17T14:27:45.203+0000] {processor.py:840} INFO - DAG(s) 'e-commerce_kafka_streaming_pipeline_v1' retrieved from /opt/airflow/dags/sdp_pipeline_dag.py
[2026-07-17T14:27:45.232+0000] {logging_mixin.py:188} INFO - [2026-07-17T14:27:45.232+0000] {dag.py:3096} INFO - Sync 1 DAGs
[2026-07-17T14:27:45.253+0000] {logging_mixin.py:188} INFO - [2026-07-17T14:27:45.253+0000] {dag.py:3954} INFO - Setting next_dagrun for e-commerce_kafka_streaming_pipeline_v1 to 2026-07-17 14:00:00+00:00, run_after=2026-07-17 15:00:00+00:00
[2026-07-17T14:27:45.272+0000] {processor.py:183} INFO - Processing /opt/airflow/dags/sdp_pipeline_dag.py took 0.096 seconds
[2026-07-17T14:28:15.445+0000] {processor.py:161} INFO - Started process (PID=5144) to work on /opt/airflow/dags/sdp_pipeline_dag.py
[2026-07-17T14:28:15.446+0000] {processor.py:830} INFO - Processing file /opt/airflow/dags/sdp_pipeline_dag.py for tasks to queue
[2026-07-17T14:28:15.447+0000] {logging_mixin.py:188} INFO - [2026-07-17T14:28:15.447+0000] {dagbag.py:540} INFO - Filling up the DagBag from /opt/airflow/dags/sdp_pipeline_dag.py
[2026-07-17T14:28:15.468+0000] {processor.py:840} INFO - DAG(s) 'e-commerce_kafka_streaming_pipeline_v1' retrieved from /opt/airflow/dags/sdp_pipeline_dag.py
[2026-07-17T14:28:15.527+0000] {logging_mixin.py:188} INFO - [2026-07-17T14:28:15.527+0000] {dag.py:3096} INFO - Sync 1 DAGs
[2026-07-17T14:28:15.549+0000] {logging_mixin.py:188} INFO - [2026-07-17T14:28:15.549+0000] {dag.py:3954} INFO - Setting next_dagrun for e-commerce_kafka_streaming_pipeline_v1 to 2026-07-17 14:00:00+00:00, run_after=2026-07-17 15:00:00+00:00
[2026-07-17T14:28:15.570+0000] {processor.py:183} INFO - Processing /opt/airflow/dags/sdp_pipeline_dag.py took 0.131 seconds
[2026-07-17T14:28:45.705+0000] {processor.py:161} INFO - Started process (PID=5149) to work on /opt/airflow/dags/sdp_pipeline_dag.py
[2026-07-17T14:28:45.706+0000] {processor.py:830} INFO - Processing file /opt/airflow/dags/sdp_pipeline_dag.py for tasks to queue
[2026-07-17T14:28:45.708+0000] {logging_mixin.py:188} INFO - [2026-07-17T14:28:45.707+0000] {dagbag.py:540} INFO - Filling up the DagBag from /opt/airflow/dags/sdp_pipeline_dag.py
[2026-07-17T14:28:45.728+0000] {processor.py:840} INFO - DAG(s) 'e-commerce_kafka_streaming_pipeline_v1' retrieved from /opt/airflow/dags/sdp_pipeline_dag.py
[2026-07-17T14:28:45.756+0000] {logging_mixin.py:188} INFO - [2026-07-17T14:28:45.756+0000] {dag.py:3096} INFO - Sync 1 DAGs
[2026-07-17T14:28:45.776+0000] {logging_mixin.py:188} INFO - [2026-07-17T14:28:45.776+0000] {dag.py:3954} INFO - Setting next_dagrun for e-commerce_kafka_streaming_pipeline_v1 to 2026-07-17 14:00:00+00:00, run_after=2026-07-17 15:00:00+00:00
[2026-07-17T14:28:45.798+0000] {processor.py:183} INFO - Processing /opt/airflow/dags/sdp_pipeline_dag.py took 0.101 seconds
[2026-07-17T14:29:16.050+0000] {processor.py:161} INFO - Started process (PID=5154) to work on /opt/airflow/dags/sdp_pipeline_dag.py
[2026-07-17T14:29:16.051+0000] {processor.py:830} INFO - Processing file /opt/airflow/dags/sdp_pipeline_dag.py for tasks to queue
[2026-07-17T14:29:16.052+0000] {logging_mixin.py:188} INFO - [2026-07-17T14:29:16.052+0000] {dagbag.py:540} INFO - Filling up the DagBag from /opt/airflow/dags/sdp_pipeline_dag.py
[2026-07-17T14:29:16.069+0000] {processor.py:840} INFO - DAG(s) 'e-commerce_kafka_streaming_pipeline_v1' retrieved from /opt/airflow/dags/sdp_pipeline_dag.py
[2026-07-17T14:29:16.095+0000] {logging_mixin.py:188} INFO - [2026-07-17T14:29:16.095+0000] {dag.py:3096} INFO - Sync 1 DAGs
[2026-07-17T14:29:16.114+0000] {logging_mixin.py:188} INFO - [2026-07-17T14:29:16.114+0000] {dag.py:3954} INFO - Setting next_dagrun for e-commerce_kafka_streaming_pipeline_v1 to 2026-07-17 14:00:00+00:00, run_after=2026-07-17 15:00:00+00:00
[2026-07-17T14:29:16.133+0000] {processor.py:183} INFO - Processing /opt/airflow/dags/sdp_pipeline_dag.py took 0.089 seconds
[2026-07-17T14:29:46.309+0000] {processor.py:161} INFO - Started process (PID=5159) to work on /opt/airflow/dags/sdp_pipeline_dag.py
[2026-07-17T14:29:46.311+0000] {processor.py:830} INFO - Processing file /opt/airflow/dags/sdp_pipeline_dag.py for tasks to queue
[2026-07-17T14:29:46.312+0000] {logging_mixin.py:188} INFO - [2026-07-17T14:29:46.311+0000] {dagbag.py:540} INFO - Filling up the DagBag from /opt/airflow/dags/sdp_pipeline_dag.py
[2026-07-17T14:29:46.327+0000] {processor.py:840} INFO - DAG(s) 'e-commerce_kafka_streaming_pipeline_v1' retrieved from /opt/airflow/dags/sdp_pipeline_dag.py
[2026-07-17T14:29:46.353+0000] {logging_mixin.py:188} INFO - [2026-07-17T14:29:46.353+0000] {dag.py:3096} INFO - Sync 1 DAGs
[2026-07-17T14:29:46.374+0000] {logging_mixin.py:188} INFO - [2026-07-17T14:29:46.374+0000] {dag.py:3954} INFO - Setting next_dagrun for e-commerce_kafka_streaming_pipeline_v1 to 2026-07-17 14:00:00+00:00, run_after=2026-07-17 15:00:00+00:00
[2026-07-17T14:29:46.524+0000] {processor.py:183} INFO - Processing /opt/airflow/dags/sdp_pipeline_dag.py took 0.220 seconds
[2026-07-17T14:30:16.625+0000] {processor.py:161} INFO - Started process (PID=5164) to work on /opt/airflow/dags/sdp_pipeline_dag.py
[2026-07-17T14:30:16.627+0000] {processor.py:830} INFO - Processing file /opt/airflow/dags/sdp_pipeline_dag.py for tasks to queue
[2026-07-17T14:30:16.628+0000] {logging_mixin.py:188} INFO - [2026-07-17T14:30:16.627+0000] {dagbag.py:540} INFO - Filling up the DagBag from /opt/airflow/dags/sdp_pipeline_dag.py
[2026-07-17T14:30:16.647+0000] {processor.py:840} INFO - DAG(s) 'e-commerce_kafka_streaming_pipeline_v1' retrieved from /opt/airflow/dags/sdp_pipeline_dag.py
[2026-07-17T14:30:16.676+0000] {logging_mixin.py:188} INFO - [2026-07-17T14:30:16.675+0000] {dag.py:3096} INFO - Sync 1 DAGs
[2026-07-17T14:30:16.836+0000] {logging_mixin.py:188} INFO - [2026-07-17T14:30:16.836+0000] {dag.py:3954} INFO - Setting next_dagrun for e-commerce_kafka_streaming_pipeline_v1 to 2026-07-17 14:00:00+00:00, run_after=2026-07-17 15:00:00+00:00
[2026-07-17T14:30:16.853+0000] {processor.py:183} INFO - Processing /opt/airflow/dags/sdp_pipeline_dag.py took 0.234 seconds
[2026-07-17T14:30:46.993+0000] {processor.py:161} INFO - Started process (PID=5169) to work on /opt/airflow/dags/sdp_pipeline_dag.py
[2026-07-17T14:30:46.994+0000] {processor.py:830} INFO - Processing file /opt/airflow/dags/sdp_pipeline_dag.py for tasks to queue
[2026-07-17T14:30:46.995+0000] {logging_mixin.py:188} INFO - [2026-07-17T14:30:46.995+0000] {dagbag.py:540} INFO - Filling up the DagBag from /opt/airflow/dags/sdp_pipeline_dag.py
[2026-07-17T14:30:47.015+0000] {processor.py:840} INFO - DAG(s) 'e-commerce_kafka_streaming_pipeline_v1' retrieved from /opt/airflow/dags/sdp_pipeline_dag.py
[2026-07-17T14:30:47.043+0000] {logging_mixin.py:188} INFO - [2026-07-17T14:30:47.043+0000] {dag.py:3096} INFO - Sync 1 DAGs
[2026-07-17T14:30:47.064+0000] {logging_mixin.py:188} INFO - [2026-07-17T14:30:47.064+0000] {dag.py:3954} INFO - Setting next_dagrun for e-commerce_kafka_streaming_pipeline_v1 to 2026-07-17 14:00:00+00:00, run_after=2026-07-17 15:00:00+00:00
[2026-07-17T14:30:47.084+0000] {processor.py:183} INFO - Processing /opt/airflow/dags/sdp_pipeline_dag.py took 0.099 seconds
[2026-07-17T14:31:17.274+0000] {processor.py:161} INFO - Started process (PID=5174) to work on /opt/airflow/dags/sdp_pipeline_dag.py
[2026-07-17T14:31:17.275+0000] {processor.py:830} INFO - Processing file /opt/airflow/dags/sdp_pipeline_dag.py for tasks to queue
[2026-07-17T14:31:17.277+0000] {logging_mixin.py:188} INFO - [2026-07-17T14:31:17.276+0000] {dagbag.py:540} INFO - Filling up the DagBag from /opt/airflow/dags/sdp_pipeline_dag.py
[2026-07-17T14:31:17.293+0000] {processor.py:840} INFO - DAG(s) 'e-commerce_kafka_streaming_pipeline_v1' retrieved from /opt/airflow/dags/sdp_pipeline_dag.py
[2026-07-17T14:31:17.322+0000] {logging_mixin.py:188} INFO - [2026-07-17T14:31:17.321+0000] {dag.py:3096} INFO - Sync 1 DAGs
[2026-07-17T14:31:17.342+0000] {logging_mixin.py:188} INFO - [2026-07-17T14:31:17.342+0000] {dag.py:3954} INFO - Setting next_dagrun for e-commerce_kafka_streaming_pipeline_v1 to 2026-07-17 14:00:00+00:00, run_after=2026-07-17 15:00:00+00:00
[2026-07-17T14:31:17.363+0000] {processor.py:183} INFO - Processing /opt/airflow/dags/sdp_pipeline_dag.py took 0.096 seconds
[2026-07-17T14:31:47.510+0000] {processor.py:161} INFO - Started process (PID=5179) to work on /opt/airflow/dags/sdp_pipeline_dag.py
[2026-07-17T14:31:47.512+0000] {processor.py:830} INFO - Processing file /opt/airflow/dags/sdp_pipeline_dag.py for tasks to queue
[2026-07-17T14:31:47.515+0000] {logging_mixin.py:188} INFO - [2026-07-17T14:31:47.514+0000] {dagbag.py:540} INFO - Filling up the DagBag from /opt/airflow/dags/sdp_pipeline_dag.py
[2026-07-17T14:31:47.542+0000] {processor.py:840} INFO - DAG(s) 'e-commerce_kafka_streaming_pipeline_v1' retrieved from /opt/airflow/dags/sdp_pipeline_dag.py
[2026-07-17T14:31:47.580+0000] {logging_mixin.py:188} INFO - [2026-07-17T14:31:47.580+0000] {dag.py:3096} INFO - Sync 1 DAGs
[2026-07-17T14:31:47.603+0000] {logging_mixin.py:188} INFO - [2026-07-17T14:31:47.603+0000] {dag.py:3954} INFO - Setting next_dagrun for e-commerce_kafka_streaming_pipeline_v1 to 2026-07-17 14:00:00+00:00, run_after=2026-07-17 15:00:00+00:00
[2026-07-17T14:31:47.622+0000] {processor.py:183} INFO - Processing /opt/airflow/dags/sdp_pipeline_dag.py took 0.120 seconds
[2026-07-17T14:32:17.848+0000] {processor.py:161} INFO - Started process (PID=5184) to work on /opt/airflow/dags/sdp_pipeline_dag.py
[2026-07-17T14:32:17.849+0000] {processor.py:830} INFO - Processing file /opt/airflow/dags/sdp_pipeline_dag.py for tasks to queue
[2026-07-17T14:32:17.851+0000] {logging_mixin.py:188} INFO - [2026-07-17T14:32:17.850+0000] {dagbag.py:540} INFO - Filling up the DagBag from /opt/airflow/dags/sdp_pipeline_dag.py
[2026-07-17T14:32:17.867+0000] {processor.py:840} INFO - DAG(s) 'e-commerce_kafka_streaming_pipeline_v1' retrieved from /opt/airflow/dags/sdp_pipeline_dag.py
[2026-07-17T14:32:17.894+0000] {logging_mixin.py:188} INFO - [2026-07-17T14:32:17.893+0000] {dag.py:3096} INFO - Sync 1 DAGs
[2026-07-17T14:32:17.913+0000] {logging_mixin.py:188} INFO - [2026-07-17T14:32:17.913+0000] {dag.py:3954} INFO - Setting next_dagrun for e-commerce_kafka_streaming_pipeline_v1 to 2026-07-17 14:00:00+00:00, run_after=2026-07-17 15:00:00+00:00
[2026-07-17T14:32:17.931+0000] {processor.py:183} INFO - Processing /opt/airflow/dags/sdp_pipeline_dag.py took 0.089 seconds
[2026-07-17T14:32:48.082+0000] {processor.py:161} INFO - Started process (PID=5189) to work on /opt/airflow/dags/sdp_pipeline_dag.py
[2026-07-17T14:32:48.083+0000] {processor.py:830} INFO - Processing file /opt/airflow/dags/sdp_pipeline_dag.py for tasks to queue
[2026-07-17T14:32:48.084+0000] {logging_mixin.py:188} INFO - [2026-07-17T14:32:48.084+0000] {dagbag.py:540} INFO - Filling up the DagBag from /opt/airflow/dags/sdp_pipeline_dag.py
[2026-07-17T14:32:48.101+0000] {processor.py:840} INFO - DAG(s) 'e-commerce_kafka_streaming_pipeline_v1' retrieved from /opt/airflow/dags/sdp_pipeline_dag.py
[2026-07-17T14:32:48.127+0000] {logging_mixin.py:188} INFO - [2026-07-17T14:32:48.127+0000] {dag.py:3096} INFO - Sync 1 DAGs
[2026-07-17T14:32:48.147+0000] {logging_mixin.py:188} INFO - [2026-07-17T14:32:48.147+0000] {dag.py:3954} INFO - Setting next_dagrun for e-commerce_kafka_streaming_pipeline_v1 to 2026-07-17 14:00:00+00:00, run_after=2026-07-17 15:00:00+00:00
[2026-07-17T14:32:48.298+0000] {processor.py:183} INFO - Processing /opt/airflow/dags/sdp_pipeline_dag.py took 0.222 seconds
[2026-07-17T14:33:18.443+0000] {processor.py:161} INFO - Started process (PID=5194) to work on /opt/airflow/dags/sdp_pipeline_dag.py
[2026-07-17T14:33:18.444+0000] {processor.py:830} INFO - Processing file /opt/airflow/dags/sdp_pipeline_dag.py for tasks to queue
[2026-07-17T14:33:18.446+0000] {logging_mixin.py:188} INFO - [2026-07-17T14:33:18.446+0000] {dagbag.py:540} INFO - Filling up the DagBag from /opt/airflow/dags/sdp_pipeline_dag.py
[2026-07-17T14:33:18.465+0000] {processor.py:840} INFO - DAG(s) 'e-commerce_kafka_streaming_pipeline_v1' retrieved from /opt/airflow/dags/sdp_pipeline_dag.py
[2026-07-17T14:33:18.493+0000] {logging_mixin.py:188} INFO - [2026-07-17T14:33:18.493+0000] {dag.py:3096} INFO - Sync 1 DAGs
[2026-07-17T14:33:18.646+0000] {logging_mixin.py:188} INFO - [2026-07-17T14:33:18.645+0000] {dag.py:3954} INFO - Setting next_dagrun for e-commerce_kafka_streaming_pipeline_v1 to 2026-07-17 14:00:00+00:00, run_after=2026-07-17 15:00:00+00:00
[2026-07-17T14:33:18.661+0000] {processor.py:183} INFO - Processing /opt/airflow/dags/sdp_pipeline_dag.py took 0.225 seconds
[2026-07-17T14:33:48.742+0000] {processor.py:161} INFO - Started process (PID=5199) to work on /opt/airflow/dags/sdp_pipeline_dag.py
[2026-07-17T14:33:48.743+0000] {processor.py:830} INFO - Processing file /opt/airflow/dags/sdp_pipeline_dag.py for tasks to queue
[2026-07-17T14:33:48.744+0000] {logging_mixin.py:188} INFO - [2026-07-17T14:33:48.744+0000] {dagbag.py:540} INFO - Filling up the DagBag from /opt/airflow/dags/sdp_pipeline_dag.py
[2026-07-17T14:33:48.763+0000] {processor.py:840} INFO - DAG(s) 'e-commerce_kafka_streaming_pipeline_v1' retrieved from /opt/airflow/dags/sdp_pipeline_dag.py
[2026-07-17T14:33:48.790+0000] {logging_mixin.py:188} INFO - [2026-07-17T14:33:48.790+0000] {dag.py:3096} INFO - Sync 1 DAGs
[2026-07-17T14:33:48.810+0000] {logging_mixin.py:188} INFO - [2026-07-17T14:33:48.809+0000] {dag.py:3954} INFO - Setting next_dagrun for e-commerce_kafka_streaming_pipeline_v1 to 2026-07-17 14:00:00+00:00, run_after=2026-07-17 15:00:00+00:00
[2026-07-17T14:33:48.827+0000] {processor.py:183} INFO - Processing /opt/airflow/dags/sdp_pipeline_dag.py took 0.093 seconds
[2026-07-17T14:34:18.976+0000] {processor.py:161} INFO - Started process (PID=5204) to work on /opt/airflow/dags/sdp_pipeline_dag.py
[2026-07-17T14:34:18.977+0000] {processor.py:830} INFO - Processing file /opt/airflow/dags/sdp_pipeline_dag.py for tasks to queue
[2026-07-17T14:34:18.978+0000] {logging_mixin.py:188} INFO - [2026-07-17T14:34:18.978+0000] {dagbag.py:540} INFO - Filling up the DagBag from /opt/airflow/dags/sdp_pipeline_dag.py
[2026-07-17T14:34:18.996+0000] {processor.py:840} INFO - DAG(s) 'e-commerce_kafka_streaming_pipeline_v1' retrieved from /opt/airflow/dags/sdp_pipeline_dag.py
[2026-07-17T14:34:19.024+0000] {logging_mixin.py:188} INFO - [2026-07-17T14:34:19.024+0000] {dag.py:3096} INFO - Sync 1 DAGs
[2026-07-17T14:34:19.045+0000] {logging_mixin.py:188} INFO - [2026-07-17T14:34:19.045+0000] {dag.py:3954} INFO - Setting next_dagrun for e-commerce_kafka_streaming_pipeline_v1 to 2026-07-17 14:00:00+00:00, run_after=2026-07-17 15:00:00+00:00
[2026-07-17T14:34:19.062+0000] {processor.py:183} INFO - Processing /opt/airflow/dags/sdp_pipeline_dag.py took 0.094 seconds
[2026-07-17T14:34:49.299+0000] {processor.py:161} INFO - Started process (PID=5209) to work on /opt/airflow/dags/sdp_pipeline_dag.py
[2026-07-17T14:34:49.300+0000] {processor.py:830} INFO - Processing file /opt/airflow/dags/sdp_pipeline_dag.py for tasks to queue
[2026-07-17T14:34:49.302+0000] {logging_mixin.py:188} INFO - [2026-07-17T14:34:49.302+0000] {dagbag.py:540} INFO - Filling up the DagBag from /opt/airflow/dags/sdp_pipeline_dag.py
[2026-07-17T14:34:49.320+0000] {processor.py:840} INFO - DAG(s) 'e-commerce_kafka_streaming_pipeline_v1' retrieved from /opt/airflow/dags/sdp_pipeline_dag.py
[2026-07-17T14:34:49.347+0000] {logging_mixin.py:188} INFO - [2026-07-17T14:34:49.347+0000] {dag.py:3096} INFO - Sync 1 DAGs
[2026-07-17T14:34:49.366+0000] {logging_mixin.py:188} INFO - [2026-07-17T14:34:49.366+0000] {dag.py:3954} INFO - Setting next_dagrun for e-commerce_kafka_streaming_pipeline_v1 to 2026-07-17 14:00:00+00:00, run_after=2026-07-17 15:00:00+00:00
[2026-07-17T14:34:49.383+0000] {processor.py:183} INFO - Processing /opt/airflow/dags/sdp_pipeline_dag.py took 0.091 seconds
[2026-07-17T14:35:19.563+0000] {processor.py:161} INFO - Started process (PID=5214) to work on /opt/airflow/dags/sdp_pipeline_dag.py
[2026-07-17T14:35:19.565+0000] {processor.py:830} INFO - Processing file /opt/airflow/dags/sdp_pipeline_dag.py for tasks to queue
[2026-07-17T14:35:19.566+0000] {logging_mixin.py:188} INFO - [2026-07-17T14:35:19.566+0000] {dagbag.py:540} INFO - Filling up the DagBag from /opt/airflow/dags/sdp_pipeline_dag.py
[2026-07-17T14:35:19.585+0000] {processor.py:840} INFO - DAG(s) 'e-commerce_kafka_streaming_pipeline_v1' retrieved from /opt/airflow/dags/sdp_pipeline_dag.py
[2026-07-17T14:35:19.615+0000] {logging_mixin.py:188} INFO - [2026-07-17T14:35:19.615+0000] {dag.py:3096} INFO - Sync 1 DAGs
[2026-07-17T14:35:19.636+0000] {logging_mixin.py:188} INFO - [2026-07-17T14:35:19.636+0000] {dag.py:3954} INFO - Setting next_dagrun for e-commerce_kafka_streaming_pipeline_v1 to 2026-07-17 14:00:00+00:00, run_after=2026-07-17 15:00:00+00:00
[2026-07-17T14:35:19.656+0000] {processor.py:183} INFO - Processing /opt/airflow/dags/sdp_pipeline_dag.py took 0.101 seconds
[2026-07-17T14:35:49.876+0000] {processor.py:161} INFO - Started process (PID=5219) to work on /opt/airflow/dags/sdp_pipeline_dag.py
[2026-07-17T14:35:49.877+0000] {processor.py:830} INFO - Processing file /opt/airflow/dags/sdp_pipeline_dag.py for tasks to queue
[2026-07-17T14:35:49.879+0000] {logging_mixin.py:188} INFO - [2026-07-17T14:35:49.878+0000] {dagbag.py:540} INFO - Filling up the DagBag from /opt/airflow/dags/sdp_pipeline_dag.py
[2026-07-17T14:35:49.899+0000] {processor.py:840} INFO - DAG(s) 'e-commerce_kafka_streaming_pipeline_v1' retrieved from /opt/airflow/dags/sdp_pipeline_dag.py
[2026-07-17T14:35:49.925+0000] {logging_mixin.py:188} INFO - [2026-07-17T14:35:49.925+0000] {dag.py:3096} INFO - Sync 1 DAGs
[2026-07-17T14:35:49.947+0000] {logging_mixin.py:188} INFO - [2026-07-17T14:35:49.947+0000] {dag.py:3954} INFO - Setting next_dagrun for e-commerce_kafka_streaming_pipeline_v1 to 2026-07-17 14:00:00+00:00, run_after=2026-07-17 15:00:00+00:00
[2026-07-17T14:35:50.171+0000] {processor.py:183} INFO - Processing /opt/airflow/dags/sdp_pipeline_dag.py took 0.300 seconds
[2026-07-17T14:36:20.427+0000] {processor.py:161} INFO - Started process (PID=5224) to work on /opt/airflow/dags/sdp_pipeline_dag.py
[2026-07-17T14:36:20.428+0000] {processor.py:830} INFO - Processing file /opt/airflow/dags/sdp_pipeline_dag.py for tasks to queue
[2026-07-17T14:36:20.430+0000] {logging_mixin.py:188} INFO - [2026-07-17T14:36:20.429+0000] {dagbag.py:540} INFO - Filling up the DagBag from /opt/airflow/dags/sdp_pipeline_dag.py
[2026-07-17T14:36:20.447+0000] {processor.py:840} INFO - DAG(s) 'e-commerce_kafka_streaming_pipeline_v1' retrieved from /opt/airflow/dags/sdp_pipeline_dag.py
[2026-07-17T14:36:20.475+0000] {logging_mixin.py:188} INFO - [2026-07-17T14:36:20.475+0000] {dag.py:3096} INFO - Sync 1 DAGs
[2026-07-17T14:36:20.641+0000] {logging_mixin.py:188} INFO - [2026-07-17T14:36:20.641+0000] {dag.py:3954} INFO - Setting next_dagrun for e-commerce_kafka_streaming_pipeline_v1 to 2026-07-17 14:00:00+00:00, run_after=2026-07-17 15:00:00+00:00
[2026-07-17T14:36:20.659+0000] {processor.py:183} INFO - Processing /opt/airflow/dags/sdp_pipeline_dag.py took 0.238 seconds
[2026-07-17T14:36:50.907+0000] {processor.py:161} INFO - Started process (PID=5229) to work on /opt/airflow/dags/sdp_pipeline_dag.py
[2026-07-17T14:36:50.908+0000] {processor.py:830} INFO - Processing file /opt/airflow/dags/sdp_pipeline_dag.py for tasks to queue
[2026-07-17T14:36:50.910+0000] {logging_mixin.py:188} INFO - [2026-07-17T14:36:50.909+0000] {dagbag.py:540} INFO - Filling up the DagBag from /opt/airflow/dags/sdp_pipeline_dag.py
[2026-07-17T14:36:50.927+0000] {processor.py:840} INFO - DAG(s) 'e-commerce_kafka_streaming_pipeline_v1' retrieved from /opt/airflow/dags/sdp_pipeline_dag.py
[2026-07-17T14:36:50.954+0000] {logging_mixin.py:188} INFO - [2026-07-17T14:36:50.954+0000] {dag.py:3096} INFO - Sync 1 DAGs
[2026-07-17T14:36:50.974+0000] {logging_mixin.py:188} INFO - [2026-07-17T14:36:50.974+0000] {dag.py:3954} INFO - Setting next_dagrun for e-commerce_kafka_streaming_pipeline_v1 to 2026-07-17 14:00:00+00:00, run_after=2026-07-17 15:00:00+00:00
[2026-07-17T14:36:50.994+0000] {processor.py:183} INFO - Processing /opt/airflow/dags/sdp_pipeline_dag.py took 0.094 seconds
[2026-07-17T14:37:21.149+0000] {processor.py:161} INFO - Started process (PID=5234) to work on /opt/airflow/dags/sdp_pipeline_dag.py
[2026-07-17T14:37:21.150+0000] {processor.py:830} INFO - Processing file /opt/airflow/dags/sdp_pipeline_dag.py for tasks to queue
[2026-07-17T14:37:21.152+0000] {logging_mixin.py:188} INFO - [2026-07-17T14:37:21.151+0000] {dagbag.py:540} INFO - Filling up the DagBag from /opt/airflow/dags/sdp_pipeline_dag.py
[2026-07-17T14:37:21.170+0000] {processor.py:840} INFO - DAG(s) 'e-commerce_kafka_streaming_pipeline_v1' retrieved from /opt/airflow/dags/sdp_pipeline_dag.py
[2026-07-17T14:37:21.196+0000] {logging_mixin.py:188} INFO - [2026-07-17T14:37:21.196+0000] {dag.py:3096} INFO - Sync 1 DAGs
[2026-07-17T14:37:21.217+0000] {logging_mixin.py:188} INFO - [2026-07-17T14:37:21.217+0000] {dag.py:3954} INFO - Setting next_dagrun for e-commerce_kafka_streaming_pipeline_v1 to 2026-07-17 14:00:00+00:00, run_after=2026-07-17 15:00:00+00:00
[2026-07-17T14:37:21.236+0000] {processor.py:183} INFO - Processing /opt/airflow/dags/sdp_pipeline_dag.py took 0.094 seconds
[2026-07-17T14:37:51.473+0000] {processor.py:161} INFO - Started process (PID=5239) to work on /opt/airflow/dags/sdp_pipeline_dag.py
[2026-07-17T14:37:51.474+0000] {processor.py:830} INFO - Processing file /opt/airflow/dags/sdp_pipeline_dag.py for tasks to queue
[2026-07-17T14:37:51.476+0000] {logging_mixin.py:188} INFO - [2026-07-17T14:37:51.475+0000] {dagbag.py:540} INFO - Filling up the DagBag from /opt/airflow/dags/sdp_pipeline_dag.py
[2026-07-17T14:37:51.494+0000] {processor.py:840} INFO - DAG(s) 'e-commerce_kafka_streaming_pipeline_v1' retrieved from /opt/airflow/dags/sdp_pipeline_dag.py
[2026-07-17T14:37:51.519+0000] {logging_mixin.py:188} INFO - [2026-07-17T14:37:51.518+0000] {dag.py:3096} INFO - Sync 1 DAGs
[2026-07-17T14:37:51.538+0000] {logging_mixin.py:188} INFO - [2026-07-17T14:37:51.537+0000] {dag.py:3954} INFO - Setting next_dagrun for e-commerce_kafka_streaming_pipeline_v1 to 2026-07-17 14:00:00+00:00, run_after=2026-07-17 15:00:00+00:00
[2026-07-17T14:37:51.555+0000] {processor.py:183} INFO - Processing /opt/airflow/dags/sdp_pipeline_dag.py took 0.088 seconds
[2026-07-17T14:38:21.688+0000] {processor.py:161} INFO - Started process (PID=5244) to work on /opt/airflow/dags/sdp_pipeline_dag.py
[2026-07-17T14:38:21.689+0000] {processor.py:830} INFO - Processing file /opt/airflow/dags/sdp_pipeline_dag.py for tasks to queue
[2026-07-17T14:38:21.692+0000] {logging_mixin.py:188} INFO - [2026-07-17T14:38:21.692+0000] {dagbag.py:540} INFO - Filling up the DagBag from /opt/airflow/dags/sdp_pipeline_dag.py
[2026-07-17T14:38:21.711+0000] {processor.py:840} INFO - DAG(s) 'e-commerce_kafka_streaming_pipeline_v1' retrieved from /opt/airflow/dags/sdp_pipeline_dag.py
[2026-07-17T14:38:21.739+0000] {logging_mixin.py:188} INFO - [2026-07-17T14:38:21.739+0000] {dag.py:3096} INFO - Sync 1 DAGs
[2026-07-17T14:38:21.768+0000] {logging_mixin.py:188} INFO - [2026-07-17T14:38:21.767+0000] {dag.py:3954} INFO - Setting next_dagrun for e-commerce_kafka_streaming_pipeline_v1 to 2026-07-17 14:00:00+00:00, run_after=2026-07-17 15:00:00+00:00
[2026-07-17T14:38:21.795+0000] {processor.py:183} INFO - Processing /opt/airflow/dags/sdp_pipeline_dag.py took 0.113 seconds
[2026-07-17T14:38:52.004+0000] {processor.py:161} INFO - Started process (PID=5249) to work on /opt/airflow/dags/sdp_pipeline_dag.py
[2026-07-17T14:38:52.005+0000] {processor.py:830} INFO - Processing file /opt/airflow/dags/sdp_pipeline_dag.py for tasks to queue
[2026-07-17T14:38:52.007+0000] {logging_mixin.py:188} INFO - [2026-07-17T14:38:52.006+0000] {dagbag.py:540} INFO - Filling up the DagBag from /opt/airflow/dags/sdp_pipeline_dag.py
[2026-07-17T14:38:52.022+0000] {processor.py:840} INFO - DAG(s) 'e-commerce_kafka_streaming_pipeline_v1' retrieved from /opt/airflow/dags/sdp_pipeline_dag.py
[2026-07-17T14:38:52.048+0000] {logging_mixin.py:188} INFO - [2026-07-17T14:38:52.048+0000] {dag.py:3096} INFO - Sync 1 DAGs
[2026-07-17T14:38:52.066+0000] {logging_mixin.py:188} INFO - [2026-07-17T14:38:52.066+0000] {dag.py:3954} INFO - Setting next_dagrun for e-commerce_kafka_streaming_pipeline_v1 to 2026-07-17 14:00:00+00:00, run_after=2026-07-17 15:00:00+00:00
[2026-07-17T14:38:52.200+0000] {processor.py:183} INFO - Processing /opt/airflow/dags/sdp_pipeline_dag.py took 0.201 seconds
[2026-07-17T14:39:22.423+0000] {processor.py:161} INFO - Started process (PID=5254) to work on /opt/airflow/dags/sdp_pipeline_dag.py
[2026-07-17T14:39:22.425+0000] {processor.py:830} INFO - Processing file /opt/airflow/dags/sdp_pipeline_dag.py for tasks to queue
[2026-07-17T14:39:22.426+0000] {logging_mixin.py:188} INFO - [2026-07-17T14:39:22.426+0000] {dagbag.py:540} INFO - Filling up the DagBag from /opt/airflow/dags/sdp_pipeline_dag.py
[2026-07-17T14:39:22.447+0000] {processor.py:840} INFO - DAG(s) 'e-commerce_kafka_streaming_pipeline_v1' retrieved from /opt/airflow/dags/sdp_pipeline_dag.py
[2026-07-17T14:39:22.477+0000] {logging_mixin.py:188} INFO - [2026-07-17T14:39:22.477+0000] {dag.py:3096} INFO - Sync 1 DAGs
[2026-07-17T14:39:22.651+0000] {logging_mixin.py:188} INFO - [2026-07-17T14:39:22.651+0000] {dag.py:3954} INFO - Setting next_dagrun for e-commerce_kafka_streaming_pipeline_v1 to 2026-07-17 14:00:00+00:00, run_after=2026-07-17 15:00:00+00:00
[2026-07-17T14:39:22.670+0000] {processor.py:183} INFO - Processing /opt/airflow/dags/sdp_pipeline_dag.py took 0.254 seconds
[2026-07-17T14:39:52.885+0000] {processor.py:161} INFO - Started process (PID=5259) to work on /opt/airflow/dags/sdp_pipeline_dag.py
[2026-07-17T14:39:52.887+0000] {processor.py:830} INFO - Processing file /opt/airflow/dags/sdp_pipeline_dag.py for tasks to queue
[2026-07-17T14:39:52.888+0000] {logging_mixin.py:188} INFO - [2026-07-17T14:39:52.888+0000] {dagbag.py:540} INFO - Filling up the DagBag from /opt/airflow/dags/sdp_pipeline_dag.py
[2026-07-17T14:39:52.907+0000] {processor.py:840} INFO - DAG(s) 'e-commerce_kafka_streaming_pipeline_v1' retrieved from /opt/airflow/dags/sdp_pipeline_dag.py
[2026-07-17T14:39:52.950+0000] {logging_mixin.py:188} INFO - [2026-07-17T14:39:52.950+0000] {dag.py:3096} INFO - Sync 1 DAGs
[2026-07-17T14:39:52.982+0000] {logging_mixin.py:188} INFO - [2026-07-17T14:39:52.982+0000] {dag.py:3954} INFO - Setting next_dagrun for e-commerce_kafka_streaming_pipeline_v1 to 2026-07-17 14:00:00+00:00, run_after=2026-07-17 15:00:00+00:00
[2026-07-17T14:39:53.001+0000] {processor.py:183} INFO - Processing /opt/airflow/dags/sdp_pipeline_dag.py took 0.123 seconds
[2026-07-17T14:40:23.090+0000] {processor.py:161} INFO - Started process (PID=5264) to work on /opt/airflow/dags/sdp_pipeline_dag.py
[2026-07-17T14:40:23.092+0000] {processor.py:830} INFO - Processing file /opt/airflow/dags/sdp_pipeline_dag.py for tasks to queue
[2026-07-17T14:40:23.093+0000] {logging_mixin.py:188} INFO - [2026-07-17T14:40:23.092+0000] {dagbag.py:540} INFO - Filling up the DagBag from /opt/airflow/dags/sdp_pipeline_dag.py
[2026-07-17T14:40:23.112+0000] {processor.py:840} INFO - DAG(s) 'e-commerce_kafka_streaming_pipeline_v1' retrieved from /opt/airflow/dags/sdp_pipeline_dag.py
[2026-07-17T14:40:23.140+0000] {logging_mixin.py:188} INFO - [2026-07-17T14:40:23.140+0000] {dag.py:3096} INFO - Sync 1 DAGs
[2026-07-17T14:40:23.164+0000] {logging_mixin.py:188} INFO - [2026-07-17T14:40:23.164+0000] {dag.py:3954} INFO - Setting next_dagrun for e-commerce_kafka_streaming_pipeline_v1 to 2026-07-17 14:00:00+00:00, run_after=2026-07-17 15:00:00+00:00
[2026-07-17T14:40:23.185+0000] {processor.py:183} INFO - Processing /opt/airflow/dags/sdp_pipeline_dag.py took 0.101 seconds
[2026-07-17T14:40:53.415+0000] {processor.py:161} INFO - Started process (PID=5269) to work on /opt/airflow/dags/sdp_pipeline_dag.py
[2026-07-17T14:40:53.417+0000] {processor.py:830} INFO - Processing file /opt/airflow/dags/sdp_pipeline_dag.py for tasks to queue
[2026-07-17T14:40:53.418+0000] {logging_mixin.py:188} INFO - [2026-07-17T14:40:53.418+0000] {dagbag.py:540} INFO - Filling up the DagBag from /opt/airflow/dags/sdp_pipeline_dag.py
[2026-07-17T14:40:53.437+0000] {processor.py:840} INFO - DAG(s) 'e-commerce_kafka_streaming_pipeline_v1' retrieved from /opt/airflow/dags/sdp_pipeline_dag.py
[2026-07-17T14:40:53.484+0000] {logging_mixin.py:188} INFO - [2026-07-17T14:40:53.483+0000] {dag.py:3096} INFO - Sync 1 DAGs
[2026-07-17T14:40:53.528+0000] {logging_mixin.py:188} INFO - [2026-07-17T14:40:53.528+0000] {dag.py:3954} INFO - Setting next_dagrun for e-commerce_kafka_streaming_pipeline_v1 to 2026-07-17 14:00:00+00:00, run_after=2026-07-17 15:00:00+00:00
[2026-07-17T14:40:53.565+0000] {processor.py:183} INFO - Processing /opt/airflow/dags/sdp_pipeline_dag.py took 0.155 seconds
[2026-07-17T14:41:23.639+0000] {processor.py:161} INFO - Started process (PID=5274) to work on /opt/airflow/dags/sdp_pipeline_dag.py
[2026-07-17T14:41:23.641+0000] {processor.py:830} INFO - Processing file /opt/airflow/dags/sdp_pipeline_dag.py for tasks to queue
[2026-07-17T14:41:23.642+0000] {logging_mixin.py:188} INFO - [2026-07-17T14:41:23.642+0000] {dagbag.py:540} INFO - Filling up the DagBag from /opt/airflow/dags/sdp_pipeline_dag.py
[2026-07-17T14:41:23.661+0000] {processor.py:840} INFO - DAG(s) 'e-commerce_kafka_streaming_pipeline_v1' retrieved from /opt/airflow/dags/sdp_pipeline_dag.py
[2026-07-17T14:41:23.694+0000] {logging_mixin.py:188} INFO - [2026-07-17T14:41:23.693+0000] {dag.py:3096} INFO - Sync 1 DAGs
[2026-07-17T14:41:23.720+0000] {logging_mixin.py:188} INFO - [2026-07-17T14:41:23.720+0000] {dag.py:3954} INFO - Setting next_dagrun for e-commerce_kafka_streaming_pipeline_v1 to 2026-07-17 14:00:00+00:00, run_after=2026-07-17 15:00:00+00:00
[2026-07-17T14:41:23.741+0000] {processor.py:183} INFO - Processing /opt/airflow/dags/sdp_pipeline_dag.py took 0.109 seconds
[2026-07-17T14:41:53.888+0000] {processor.py:161} INFO - Started process (PID=5279) to work on /opt/airflow/dags/sdp_pipeline_dag.py
[2026-07-17T14:41:53.890+0000] {processor.py:830} INFO - Processing file /opt/airflow/dags/sdp_pipeline_dag.py for tasks to queue
[2026-07-17T14:41:53.891+0000] {logging_mixin.py:188} INFO - [2026-07-17T14:41:53.891+0000] {dagbag.py:540} INFO - Filling up the DagBag from /opt/airflow/dags/sdp_pipeline_dag.py
[2026-07-17T14:41:53.909+0000] {processor.py:840} INFO - DAG(s) 'e-commerce_kafka_streaming_pipeline_v1' retrieved from /opt/airflow/dags/sdp_pipeline_dag.py
[2026-07-17T14:41:53.938+0000] {logging_mixin.py:188} INFO - [2026-07-17T14:41:53.938+0000] {dag.py:3096} INFO - Sync 1 DAGs
[2026-07-17T14:41:53.962+0000] {logging_mixin.py:188} INFO - [2026-07-17T14:41:53.962+0000] {dag.py:3954} INFO - Setting next_dagrun for e-commerce_kafka_streaming_pipeline_v1 to 2026-07-17 14:00:00+00:00, run_after=2026-07-17 15:00:00+00:00
[2026-07-17T14:41:54.116+0000] {processor.py:183} INFO - Processing /opt/airflow/dags/sdp_pipeline_dag.py took 0.235 seconds
[2026-07-17T14:42:24.195+0000] {processor.py:161} INFO - Started process (PID=5284) to work on /opt/airflow/dags/sdp_pipeline_dag.py
[2026-07-17T14:42:24.197+0000] {processor.py:830} INFO - Processing file /opt/airflow/dags/sdp_pipeline_dag.py for tasks to queue
[2026-07-17T14:42:24.198+0000] {logging_mixin.py:188} INFO - [2026-07-17T14:42:24.198+0000] {dagbag.py:540} INFO - Filling up the DagBag from /opt/airflow/dags/sdp_pipeline_dag.py
[2026-07-17T14:42:24.218+0000] {processor.py:840} INFO - DAG(s) 'e-commerce_kafka_streaming_pipeline_v1' retrieved from /opt/airflow/dags/sdp_pipeline_dag.py
[2026-07-17T14:42:24.245+0000] {logging_mixin.py:188} INFO - [2026-07-17T14:42:24.245+0000] {dag.py:3096} INFO - Sync 1 DAGs
[2026-07-17T14:42:24.399+0000] {logging_mixin.py:188} INFO - [2026-07-17T14:42:24.399+0000] {dag.py:3954} INFO - Setting next_dagrun for e-commerce_kafka_streaming_pipeline_v1 to 2026-07-17 14:00:00+00:00, run_after=2026-07-17 15:00:00+00:00
[2026-07-17T14:42:24.420+0000] {processor.py:183} INFO - Processing /opt/airflow/dags/sdp_pipeline_dag.py took 0.232 seconds
[2026-07-17T14:42:54.614+0000] {processor.py:161} INFO - Started process (PID=5289) to work on /opt/airflow/dags/sdp_pipeline_dag.py
[2026-07-17T14:42:54.615+0000] {processor.py:830} INFO - Processing file /opt/airflow/dags/sdp_pipeline_dag.py for tasks to queue
[2026-07-17T14:42:54.617+0000] {logging_mixin.py:188} INFO - [2026-07-17T14:42:54.617+0000] {dagbag.py:540} INFO - Filling up the DagBag from /opt/airflow/dags/sdp_pipeline_dag.py
[2026-07-17T14:42:54.633+0000] {processor.py:840} INFO - DAG(s) 'e-commerce_kafka_streaming_pipeline_v1' retrieved from /opt/airflow/dags/sdp_pipeline_dag.py
[2026-07-17T14:42:54.660+0000] {logging_mixin.py:188} INFO - [2026-07-17T14:42:54.660+0000] {dag.py:3096} INFO - Sync 1 DAGs
[2026-07-17T14:42:54.686+0000] {logging_mixin.py:188} INFO - [2026-07-17T14:42:54.685+0000] {dag.py:3954} INFO - Setting next_dagrun for e-commerce_kafka_streaming_pipeline_v1 to 2026-07-17 14:00:00+00:00, run_after=2026-07-17 15:00:00+00:00
[2026-07-17T14:42:54.705+0000] {processor.py:183} INFO - Processing /opt/airflow/dags/sdp_pipeline_dag.py took 0.097 seconds
[2026-07-17T14:43:24.819+0000] {processor.py:161} INFO - Started process (PID=5294) to work on /opt/airflow/dags/sdp_pipeline_dag.py
[2026-07-17T14:43:24.820+0000] {processor.py:830} INFO - Processing file /opt/airflow/dags/sdp_pipeline_dag.py for tasks to queue
[2026-07-17T14:43:24.823+0000] {logging_mixin.py:188} INFO - [2026-07-17T14:43:24.822+0000] {dagbag.py:540} INFO - Filling up the DagBag from /opt/airflow/dags/sdp_pipeline_dag.py
[2026-07-17T14:43:24.843+0000] {processor.py:840} INFO - DAG(s) 'e-commerce_kafka_streaming_pipeline_v1' retrieved from /opt/airflow/dags/sdp_pipeline_dag.py
[2026-07-17T14:43:24.878+0000] {logging_mixin.py:188} INFO - [2026-07-17T14:43:24.878+0000] {dag.py:3096} INFO - Sync 1 DAGs
[2026-07-17T14:43:24.901+0000] {logging_mixin.py:188} INFO - [2026-07-17T14:43:24.901+0000] {dag.py:3954} INFO - Setting next_dagrun for e-commerce_kafka_streaming_pipeline_v1 to 2026-07-17 14:00:00+00:00, run_after=2026-07-17 15:00:00+00:00
[2026-07-17T14:43:24.922+0000] {processor.py:183} INFO - Processing /opt/airflow/dags/sdp_pipeline_dag.py took 0.109 seconds
[2026-07-17T14:43:55.111+0000] {processor.py:161} INFO - Started process (PID=5299) to work on /opt/airflow/dags/sdp_pipeline_dag.py
[2026-07-17T14:43:55.112+0000] {processor.py:830} INFO - Processing file /opt/airflow/dags/sdp_pipeline_dag.py for tasks to queue
[2026-07-17T14:43:55.113+0000] {logging_mixin.py:188} INFO - [2026-07-17T14:43:55.113+0000] {dagbag.py:540} INFO - Filling up the DagBag from /opt/airflow/dags/sdp_pipeline_dag.py
[2026-07-17T14:43:55.130+0000] {processor.py:840} INFO - DAG(s) 'e-commerce_kafka_streaming_pipeline_v1' retrieved from /opt/airflow/dags/sdp_pipeline_dag.py
[2026-07-17T14:43:55.157+0000] {logging_mixin.py:188} INFO - [2026-07-17T14:43:55.157+0000] {dag.py:3096} INFO - Sync 1 DAGs
[2026-07-17T14:43:55.180+0000] {logging_mixin.py:188} INFO - [2026-07-17T14:43:55.180+0000] {dag.py:3954} INFO - Setting next_dagrun for e-commerce_kafka_streaming_pipeline_v1 to 2026-07-17 14:00:00+00:00, run_after=2026-07-17 15:00:00+00:00
[2026-07-17T14:43:55.204+0000] {processor.py:183} INFO - Processing /opt/airflow/dags/sdp_pipeline_dag.py took 0.098 seconds
[2026-07-17T14:44:25.342+0000] {processor.py:161} INFO - Started process (PID=5304) to work on /opt/airflow/dags/sdp_pipeline_dag.py
[2026-07-17T14:44:25.343+0000] {processor.py:830} INFO - Processing file /opt/airflow/dags/sdp_pipeline_dag.py for tasks to queue
[2026-07-17T14:44:25.344+0000] {logging_mixin.py:188} INFO - [2026-07-17T14:44:25.344+0000] {dagbag.py:540} INFO - Filling up the DagBag from /opt/airflow/dags/sdp_pipeline_dag.py
[2026-07-17T14:44:25.362+0000] {processor.py:840} INFO - DAG(s) 'e-commerce_kafka_streaming_pipeline_v1' retrieved from /opt/airflow/dags/sdp_pipeline_dag.py
[2026-07-17T14:44:25.389+0000] {logging_mixin.py:188} INFO - [2026-07-17T14:44:25.389+0000] {dag.py:3096} INFO - Sync 1 DAGs
[2026-07-17T14:44:25.410+0000] {logging_mixin.py:188} INFO - [2026-07-17T14:44:25.410+0000] {dag.py:3954} INFO - Setting next_dagrun for e-commerce_kafka_streaming_pipeline_v1 to 2026-07-17 14:00:00+00:00, run_after=2026-07-17 15:00:00+00:00
[2026-07-17T14:44:25.435+0000] {processor.py:183} INFO - Processing /opt/airflow/dags/sdp_pipeline_dag.py took 0.099 seconds
[2026-07-17T14:44:55.635+0000] {processor.py:161} INFO - Started process (PID=5309) to work on /opt/airflow/dags/sdp_pipeline_dag.py
[2026-07-17T14:44:55.638+0000] {processor.py:830} INFO - Processing file /opt/airflow/dags/sdp_pipeline_dag.py for tasks to queue
[2026-07-17T14:44:55.640+0000] {logging_mixin.py:188} INFO - [2026-07-17T14:44:55.640+0000] {dagbag.py:540} INFO - Filling up the DagBag from /opt/airflow/dags/sdp_pipeline_dag.py
[2026-07-17T14:44:55.662+0000] {processor.py:840} INFO - DAG(s) 'e-commerce_kafka_streaming_pipeline_v1' retrieved from /opt/airflow/dags/sdp_pipeline_dag.py
[2026-07-17T14:44:55.689+0000] {logging_mixin.py:188} INFO - [2026-07-17T14:44:55.689+0000] {dag.py:3096} INFO - Sync 1 DAGs
[2026-07-17T14:44:55.715+0000] {logging_mixin.py:188} INFO - [2026-07-17T14:44:55.715+0000] {dag.py:3954} INFO - Setting next_dagrun for e-commerce_kafka_streaming_pipeline_v1 to 2026-07-17 14:00:00+00:00, run_after=2026-07-17 15:00:00+00:00
[2026-07-17T14:44:55.958+0000] {processor.py:183} INFO - Processing /opt/airflow/dags/sdp_pipeline_dag.py took 0.331 seconds
[2026-07-17T14:45:26.168+0000] {processor.py:161} INFO - Started process (PID=5314) to work on /opt/airflow/dags/sdp_pipeline_dag.py
[2026-07-17T14:45:26.170+0000] {processor.py:830} INFO - Processing file /opt/airflow/dags/sdp_pipeline_dag.py for tasks to queue
[2026-07-17T14:45:26.171+0000] {logging_mixin.py:188} INFO - [2026-07-17T14:45:26.171+0000] {dagbag.py:540} INFO - Filling up the DagBag from /opt/airflow/dags/sdp_pipeline_dag.py
[2026-07-17T14:45:26.192+0000] {processor.py:840} INFO - DAG(s) 'e-commerce_kafka_streaming_pipeline_v1' retrieved from /opt/airflow/dags/sdp_pipeline_dag.py
[2026-07-17T14:45:26.221+0000] {logging_mixin.py:188} INFO - [2026-07-17T14:45:26.221+0000] {dag.py:3096} INFO - Sync 1 DAGs
[2026-07-17T14:45:26.398+0000] {logging_mixin.py:188} INFO - [2026-07-17T14:45:26.398+0000] {dag.py:3954} INFO - Setting next_dagrun for e-commerce_kafka_streaming_pipeline_v1 to 2026-07-17 14:00:00+00:00, run_after=2026-07-17 15:00:00+00:00
[2026-07-17T14:45:26.417+0000] {processor.py:183} INFO - Processing /opt/airflow/dags/sdp_pipeline_dag.py took 0.257 seconds
[2026-07-17T14:45:56.666+0000] {processor.py:161} INFO - Started process (PID=5319) to work on /opt/airflow/dags/sdp_pipeline_dag.py
[2026-07-17T14:45:56.667+0000] {processor.py:830} INFO - Processing file /opt/airflow/dags/sdp_pipeline_dag.py for tasks to queue
[2026-07-17T14:45:56.669+0000] {logging_mixin.py:188} INFO - [2026-07-17T14:45:56.668+0000] {dagbag.py:540} INFO - Filling up the DagBag from /opt/airflow/dags/sdp_pipeline_dag.py
[2026-07-17T14:45:56.687+0000] {processor.py:840} INFO - DAG(s) 'e-commerce_kafka_streaming_pipeline_v1' retrieved from /opt/airflow/dags/sdp_pipeline_dag.py
[2026-07-17T14:45:56.863+0000] {logging_mixin.py:188} INFO - [2026-07-17T14:45:56.862+0000] {dag.py:3096} INFO - Sync 1 DAGs
[2026-07-17T14:45:56.883+0000] {logging_mixin.py:188} INFO - [2026-07-17T14:45:56.883+0000] {dag.py:3954} INFO - Setting next_dagrun for e-commerce_kafka_streaming_pipeline_v1 to 2026-07-17 14:00:00+00:00, run_after=2026-07-17 15:00:00+00:00
[2026-07-17T14:45:56.900+0000] {processor.py:183} INFO - Processing /opt/airflow/dags/sdp_pipeline_dag.py took 0.241 seconds
[2026-07-17T14:46:27.114+0000] {processor.py:161} INFO - Started process (PID=5324) to work on /opt/airflow/dags/sdp_pipeline_dag.py
[2026-07-17T14:46:27.115+0000] {processor.py:830} INFO - Processing file /opt/airflow/dags/sdp_pipeline_dag.py for tasks to queue
[2026-07-17T14:46:27.116+0000] {logging_mixin.py:188} INFO - [2026-07-17T14:46:27.116+0000] {dagbag.py:540} INFO - Filling up the DagBag from /opt/airflow/dags/sdp_pipeline_dag.py
[2026-07-17T14:46:27.134+0000] {processor.py:840} INFO - DAG(s) 'e-commerce_kafka_streaming_pipeline_v1' retrieved from /opt/airflow/dags/sdp_pipeline_dag.py
[2026-07-17T14:46:27.160+0000] {logging_mixin.py:188} INFO - [2026-07-17T14:46:27.160+0000] {dag.py:3096} INFO - Sync 1 DAGs
[2026-07-17T14:46:27.180+0000] {logging_mixin.py:188} INFO - [2026-07-17T14:46:27.180+0000] {dag.py:3954} INFO - Setting next_dagrun for e-commerce_kafka_streaming_pipeline_v1 to 2026-07-17 14:00:00+00:00, run_after=2026-07-17 15:00:00+00:00
[2026-07-17T14:46:27.198+0000] {processor.py:183} INFO - Processing /opt/airflow/dags/sdp_pipeline_dag.py took 0.091 seconds
[2026-07-17T14:46:57.357+0000] {processor.py:161} INFO - Started process (PID=5329) to work on /opt/airflow/dags/sdp_pipeline_dag.py
[2026-07-17T14:46:57.359+0000] {processor.py:830} INFO - Processing file /opt/airflow/dags/sdp_pipeline_dag.py for tasks to queue
[2026-07-17T14:46:57.361+0000] {logging_mixin.py:188} INFO - [2026-07-17T14:46:57.360+0000] {dagbag.py:540} INFO - Filling up the DagBag from /opt/airflow/dags/sdp_pipeline_dag.py
[2026-07-17T14:46:57.380+0000] {processor.py:840} INFO - DAG(s) 'e-commerce_kafka_streaming_pipeline_v1' retrieved from /opt/airflow/dags/sdp_pipeline_dag.py
[2026-07-17T14:46:57.409+0000] {logging_mixin.py:188} INFO - [2026-07-17T14:46:57.409+0000] {dag.py:3096} INFO - Sync 1 DAGs
[2026-07-17T14:46:57.429+0000] {logging_mixin.py:188} INFO - [2026-07-17T14:46:57.429+0000] {dag.py:3954} INFO - Setting next_dagrun for e-commerce_kafka_streaming_pipeline_v1 to 2026-07-17 14:00:00+00:00, run_after=2026-07-17 15:00:00+00:00
[2026-07-17T14:46:57.452+0000] {processor.py:183} INFO - Processing /opt/airflow/dags/sdp_pipeline_dag.py took 0.101 seconds
[2026-07-17T14:47:27.696+0000] {processor.py:161} INFO - Started process (PID=5334) to work on /opt/airflow/dags/sdp_pipeline_dag.py
[2026-07-17T14:47:27.697+0000] {processor.py:830} INFO - Processing file /opt/airflow/dags/sdp_pipeline_dag.py for tasks to queue
[2026-07-17T14:47:27.699+0000] {logging_mixin.py:188} INFO - [2026-07-17T14:47:27.698+0000] {dagbag.py:540} INFO - Filling up the DagBag from /opt/airflow/dags/sdp_pipeline_dag.py
[2026-07-17T14:47:27.717+0000] {processor.py:840} INFO - DAG(s) 'e-commerce_kafka_streaming_pipeline_v1' retrieved from /opt/airflow/dags/sdp_pipeline_dag.py
[2026-07-17T14:47:27.751+0000] {logging_mixin.py:188} INFO - [2026-07-17T14:47:27.751+0000] {dag.py:3096} INFO - Sync 1 DAGs
[2026-07-17T14:47:27.773+0000] {logging_mixin.py:188} INFO - [2026-07-17T14:47:27.773+0000] {dag.py:3954} INFO - Setting next_dagrun for e-commerce_kafka_streaming_pipeline_v1 to 2026-07-17 14:00:00+00:00, run_after=2026-07-17 15:00:00+00:00
[2026-07-17T14:47:27.798+0000] {processor.py:183} INFO - Processing /opt/airflow/dags/sdp_pipeline_dag.py took 0.108 seconds
[2026-07-17T14:47:58.006+0000] {processor.py:161} INFO - Started process (PID=5339) to work on /opt/airflow/dags/sdp_pipeline_dag.py
[2026-07-17T14:47:58.007+0000] {processor.py:830} INFO - Processing file /opt/airflow/dags/sdp_pipeline_dag.py for tasks to queue
[2026-07-17T14:47:58.009+0000] {logging_mixin.py:188} INFO - [2026-07-17T14:47:58.008+0000] {dagbag.py:540} INFO - Filling up the DagBag from /opt/airflow/dags/sdp_pipeline_dag.py
[2026-07-17T14:47:58.039+0000] {processor.py:840} INFO - DAG(s) 'e-commerce_kafka_streaming_pipeline_v1' retrieved from /opt/airflow/dags/sdp_pipeline_dag.py
[2026-07-17T14:47:58.067+0000] {logging_mixin.py:188} INFO - [2026-07-17T14:47:58.067+0000] {dag.py:3096} INFO - Sync 1 DAGs
[2026-07-17T14:47:58.090+0000] {logging_mixin.py:188} INFO - [2026-07-17T14:47:58.090+0000] {dag.py:3954} INFO - Setting next_dagrun for e-commerce_kafka_streaming_pipeline_v1 to 2026-07-17 14:00:00+00:00, run_after=2026-07-17 15:00:00+00:00
[2026-07-17T14:47:58.261+0000] {processor.py:183} INFO - Processing /opt/airflow/dags/sdp_pipeline_dag.py took 0.262 seconds
[2026-07-17T14:48:28.538+0000] {processor.py:161} INFO - Started process (PID=5344) to work on /opt/airflow/dags/sdp_pipeline_dag.py
[2026-07-17T14:48:28.540+0000] {processor.py:830} INFO - Processing file /opt/airflow/dags/sdp_pipeline_dag.py for tasks to queue
[2026-07-17T14:48:28.542+0000] {logging_mixin.py:188} INFO - [2026-07-17T14:48:28.541+0000] {dagbag.py:540} INFO - Filling up the DagBag from /opt/airflow/dags/sdp_pipeline_dag.py
[2026-07-17T14:48:28.568+0000] {processor.py:840} INFO - DAG(s) 'e-commerce_kafka_streaming_pipeline_v1' retrieved from /opt/airflow/dags/sdp_pipeline_dag.py
[2026-07-17T14:48:28.598+0000] {logging_mixin.py:188} INFO - [2026-07-17T14:48:28.598+0000] {dag.py:3096} INFO - Sync 1 DAGs
[2026-07-17T14:48:28.774+0000] {logging_mixin.py:188} INFO - [2026-07-17T14:48:28.774+0000] {dag.py:3954} INFO - Setting next_dagrun for e-commerce_kafka_streaming_pipeline_v1 to 2026-07-17 14:00:00+00:00, run_after=2026-07-17 15:00:00+00:00
[2026-07-17T14:48:28.799+0000] {processor.py:183} INFO - Processing /opt/airflow/dags/sdp_pipeline_dag.py took 0.267 seconds
[2026-07-17T14:48:59.067+0000] {processor.py:161} INFO - Started process (PID=5349) to work on /opt/airflow/dags/sdp_pipeline_dag.py
[2026-07-17T14:48:59.070+0000] {processor.py:830} INFO - Processing file /opt/airflow/dags/sdp_pipeline_dag.py for tasks to queue
[2026-07-17T14:48:59.071+0000] {logging_mixin.py:188} INFO - [2026-07-17T14:48:59.071+0000] {dagbag.py:540} INFO - Filling up the DagBag from /opt/airflow/dags/sdp_pipeline_dag.py
[2026-07-17T14:48:59.097+0000] {processor.py:840} INFO - DAG(s) 'e-commerce_kafka_streaming_pipeline_v1' retrieved from /opt/airflow/dags/sdp_pipeline_dag.py
[2026-07-17T14:48:59.281+0000] {logging_mixin.py:188} INFO - [2026-07-17T14:48:59.281+0000] {dag.py:3096} INFO - Sync 1 DAGs
[2026-07-17T14:48:59.300+0000] {logging_mixin.py:188} INFO - [2026-07-17T14:48:59.300+0000] {dag.py:3954} INFO - Setting next_dagrun for e-commerce_kafka_streaming_pipeline_v1 to 2026-07-17 14:00:00+00:00, run_after=2026-07-17 15:00:00+00:00
[2026-07-17T14:48:59.321+0000] {processor.py:183} INFO - Processing /opt/airflow/dags/sdp_pipeline_dag.py took 0.261 seconds
[2026-07-17T14:49:29.621+0000] {processor.py:161} INFO - Started process (PID=5354) to work on /opt/airflow/dags/sdp_pipeline_dag.py
[2026-07-17T14:49:29.624+0000] {processor.py:830} INFO - Processing file /opt/airflow/dags/sdp_pipeline_dag.py for tasks to queue
[2026-07-17T14:49:29.627+0000] {logging_mixin.py:188} INFO - [2026-07-17T14:49:29.626+0000] {dagbag.py:540} INFO - Filling up the DagBag from /opt/airflow/dags/sdp_pipeline_dag.py
[2026-07-17T14:49:29.668+0000] {processor.py:840} INFO - DAG(s) 'e-commerce_kafka_streaming_pipeline_v1' retrieved from /opt/airflow/dags/sdp_pipeline_dag.py
[2026-07-17T14:49:29.707+0000] {logging_mixin.py:188} INFO - [2026-07-17T14:49:29.706+0000] {dag.py:3096} INFO - Sync 1 DAGs
[2026-07-17T14:49:29.732+0000] {logging_mixin.py:188} INFO - [2026-07-17T14:49:29.732+0000] {dag.py:3954} INFO - Setting next_dagrun for e-commerce_kafka_streaming_pipeline_v1 to 2026-07-17 14:00:00+00:00, run_after=2026-07-17 15:00:00+00:00
[2026-07-17T14:49:29.757+0000] {processor.py:183} INFO - Processing /opt/airflow/dags/sdp_pipeline_dag.py took 0.144 seconds
[2026-07-17T14:49:59.879+0000] {processor.py:161} INFO - Started process (PID=5359) to work on /opt/airflow/dags/sdp_pipeline_dag.py
[2026-07-17T14:49:59.881+0000] {processor.py:830} INFO - Processing file /opt/airflow/dags/sdp_pipeline_dag.py for tasks to queue
[2026-07-17T14:49:59.882+0000] {logging_mixin.py:188} INFO - [2026-07-17T14:49:59.882+0000] {dagbag.py:540} INFO - Filling up the DagBag from /opt/airflow/dags/sdp_pipeline_dag.py
[2026-07-17T14:49:59.906+0000] {processor.py:840} INFO - DAG(s) 'e-commerce_kafka_streaming_pipeline_v1' retrieved from /opt/airflow/dags/sdp_pipeline_dag.py
[2026-07-17T14:49:59.938+0000] {logging_mixin.py:188} INFO - [2026-07-17T14:49:59.937+0000] {dag.py:3096} INFO - Sync 1 DAGs
[2026-07-17T14:49:59.962+0000] {logging_mixin.py:188} INFO - [2026-07-17T14:49:59.962+0000] {dag.py:3954} INFO - Setting next_dagrun for e-commerce_kafka_streaming_pipeline_v1 to 2026-07-17 14:00:00+00:00, run_after=2026-07-17 15:00:00+00:00
[2026-07-17T14:49:59.983+0000] {processor.py:183} INFO - Processing /opt/airflow/dags/sdp_pipeline_dag.py took 0.110 seconds
[2026-07-17T14:50:30.155+0000] {processor.py:161} INFO - Started process (PID=5364) to work on /opt/airflow/dags/sdp_pipeline_dag.py
[2026-07-17T14:50:30.156+0000] {processor.py:830} INFO - Processing file /opt/airflow/dags/sdp_pipeline_dag.py for tasks to queue
[2026-07-17T14:50:30.158+0000] {logging_mixin.py:188} INFO - [2026-07-17T14:50:30.157+0000] {dagbag.py:540} INFO - Filling up the DagBag from /opt/airflow/dags/sdp_pipeline_dag.py
[2026-07-17T14:50:30.175+0000] {processor.py:840} INFO - DAG(s) 'e-commerce_kafka_streaming_pipeline_v1' retrieved from /opt/airflow/dags/sdp_pipeline_dag.py
[2026-07-17T14:50:30.201+0000] {logging_mixin.py:188} INFO - [2026-07-17T14:50:30.201+0000] {dag.py:3096} INFO - Sync 1 DAGs
[2026-07-17T14:50:30.221+0000] {logging_mixin.py:188} INFO - [2026-07-17T14:50:30.221+0000] {dag.py:3954} INFO - Setting next_dagrun for e-commerce_kafka_streaming_pipeline_v1 to 2026-07-17 14:00:00+00:00, run_after=2026-07-17 15:00:00+00:00
[2026-07-17T14:50:30.244+0000] {processor.py:183} INFO - Processing /opt/airflow/dags/sdp_pipeline_dag.py took 0.094 seconds
[2026-07-17T14:51:00.509+0000] {processor.py:161} INFO - Started process (PID=5369) to work on /opt/airflow/dags/sdp_pipeline_dag.py
[2026-07-17T14:51:00.511+0000] {processor.py:830} INFO - Processing file /opt/airflow/dags/sdp_pipeline_dag.py for tasks to queue
[2026-07-17T14:51:00.513+0000] {logging_mixin.py:188} INFO - [2026-07-17T14:51:00.513+0000] {dagbag.py:540} INFO - Filling up the DagBag from /opt/airflow/dags/sdp_pipeline_dag.py
[2026-07-17T14:51:00.541+0000] {processor.py:840} INFO - DAG(s) 'e-commerce_kafka_streaming_pipeline_v1' retrieved from /opt/airflow/dags/sdp_pipeline_dag.py
[2026-07-17T14:51:00.576+0000] {logging_mixin.py:188} INFO - [2026-07-17T14:51:00.576+0000] {dag.py:3096} INFO - Sync 1 DAGs
[2026-07-17T14:51:00.605+0000] {logging_mixin.py:188} INFO - [2026-07-17T14:51:00.605+0000] {dag.py:3954} INFO - Setting next_dagrun for e-commerce_kafka_streaming_pipeline_v1 to 2026-07-17 14:00:00+00:00, run_after=2026-07-17 15:00:00+00:00
[2026-07-17T14:51:00.809+0000] {processor.py:183} INFO - Processing /opt/airflow/dags/sdp_pipeline_dag.py took 0.308 seconds
[2026-07-17T17:50:38.260+0000] {processor.py:161} INFO - Started process (PID=5374) to work on /opt/airflow/dags/sdp_pipeline_dag.py
[2026-07-17T17:50:38.265+0000] {processor.py:830} INFO - Processing file /opt/airflow/dags/sdp_pipeline_dag.py for tasks to queue
[2026-07-17T17:50:38.269+0000] {logging_mixin.py:188} INFO - [2026-07-17T17:50:38.268+0000] {dagbag.py:540} INFO - Filling up the DagBag from /opt/airflow/dags/sdp_pipeline_dag.py
[2026-07-17T17:50:38.311+0000] {processor.py:840} INFO - DAG(s) 'e-commerce_kafka_streaming_pipeline_v1' retrieved from /opt/airflow/dags/sdp_pipeline_dag.py
[2026-07-17T17:50:38.393+0000] {logging_mixin.py:188} INFO - [2026-07-17T17:50:38.393+0000] {dag.py:3096} INFO - Sync 1 DAGs
[2026-07-17T17:50:38.864+0000] {logging_mixin.py:188} INFO - [2026-07-17T17:50:38.864+0000] {dag.py:3954} INFO - Setting next_dagrun for e-commerce_kafka_streaming_pipeline_v1 to 2026-07-17 16:00:00+00:00, run_after=2026-07-17 17:00:00+00:00
[2026-07-17T17:50:38.905+0000] {processor.py:183} INFO - Processing /opt/airflow/dags/sdp_pipeline_dag.py took 0.661 seconds
