[2026-06-16T11:20:07.055+0000] {processor.py:161} INFO - Started process (PID=176) to work on /opt/airflow/dags/sdp_pipeline_dag.py
[2026-06-16T11:20:07.057+0000] {processor.py:830} INFO - Processing file /opt/airflow/dags/sdp_pipeline_dag.py for tasks to queue
[2026-06-16T11:20:07.060+0000] {logging_mixin.py:188} INFO - [2026-06-16T11:20:07.060+0000] {dagbag.py:540} INFO - Filling up the DagBag from /opt/airflow/dags/sdp_pipeline_dag.py
[2026-06-16T11:20:07.100+0000] {processor.py:840} INFO - DAG(s) 'e-commerce_kafka_streaming_pipeline_v10' retrieved from /opt/airflow/dags/sdp_pipeline_dag.py
[2026-06-16T11:20:07.389+0000] {logging_mixin.py:188} INFO - [2026-06-16T11:20:07.388+0000] {dag.py:3096} INFO - Sync 1 DAGs
[2026-06-16T11:20:07.430+0000] {logging_mixin.py:188} INFO - [2026-06-16T11:20:07.429+0000] {dag.py:3954} INFO - Setting next_dagrun for e-commerce_kafka_streaming_pipeline_v10 to 2026-06-16 10:00:00+00:00, run_after=2026-06-16 11:00:00+00:00
[2026-06-16T11:20:07.464+0000] {processor.py:183} INFO - Processing /opt/airflow/dags/sdp_pipeline_dag.py took 0.423 seconds
[2026-06-16T11:20:37.887+0000] {processor.py:161} INFO - Started process (PID=181) to work on /opt/airflow/dags/sdp_pipeline_dag.py
[2026-06-16T11:20:37.888+0000] {processor.py:830} INFO - Processing file /opt/airflow/dags/sdp_pipeline_dag.py for tasks to queue
[2026-06-16T11:20:37.891+0000] {logging_mixin.py:188} INFO - [2026-06-16T11:20:37.891+0000] {dagbag.py:540} INFO - Filling up the DagBag from /opt/airflow/dags/sdp_pipeline_dag.py
[2026-06-16T11:20:37.922+0000] {processor.py:840} INFO - DAG(s) 'e-commerce_kafka_streaming_pipeline_v10' retrieved from /opt/airflow/dags/sdp_pipeline_dag.py
[2026-06-16T11:20:37.948+0000] {logging_mixin.py:188} INFO - [2026-06-16T11:20:37.947+0000] {dag.py:3096} INFO - Sync 1 DAGs
[2026-06-16T11:20:38.006+0000] {logging_mixin.py:188} INFO - [2026-06-16T11:20:38.005+0000] {dag.py:3954} INFO - Setting next_dagrun for e-commerce_kafka_streaming_pipeline_v10 to 2026-06-16 10:00:00+00:00, run_after=2026-06-16 11:00:00+00:00
[2026-06-16T11:20:38.047+0000] {processor.py:183} INFO - Processing /opt/airflow/dags/sdp_pipeline_dag.py took 0.172 seconds
[2026-06-16T11:21:08.412+0000] {processor.py:161} INFO - Started process (PID=186) to work on /opt/airflow/dags/sdp_pipeline_dag.py
[2026-06-16T11:21:08.416+0000] {processor.py:830} INFO - Processing file /opt/airflow/dags/sdp_pipeline_dag.py for tasks to queue
[2026-06-16T11:21:08.423+0000] {logging_mixin.py:188} INFO - [2026-06-16T11:21:08.421+0000] {dagbag.py:540} INFO - Filling up the DagBag from /opt/airflow/dags/sdp_pipeline_dag.py
[2026-06-16T11:21:08.485+0000] {processor.py:840} INFO - DAG(s) 'e-commerce_kafka_streaming_pipeline_v10' retrieved from /opt/airflow/dags/sdp_pipeline_dag.py
[2026-06-16T11:21:08.769+0000] {logging_mixin.py:188} INFO - [2026-06-16T11:21:08.769+0000] {dag.py:3096} INFO - Sync 1 DAGs
[2026-06-16T11:21:08.819+0000] {logging_mixin.py:188} INFO - [2026-06-16T11:21:08.818+0000] {dag.py:3954} INFO - Setting next_dagrun for e-commerce_kafka_streaming_pipeline_v10 to 2026-06-16 10:00:00+00:00, run_after=2026-06-16 11:00:00+00:00
[2026-06-16T11:21:08.861+0000] {processor.py:183} INFO - Processing /opt/airflow/dags/sdp_pipeline_dag.py took 0.477 seconds
[2026-06-16T11:21:39.328+0000] {processor.py:161} INFO - Started process (PID=191) to work on /opt/airflow/dags/sdp_pipeline_dag.py
[2026-06-16T11:21:39.332+0000] {processor.py:830} INFO - Processing file /opt/airflow/dags/sdp_pipeline_dag.py for tasks to queue
[2026-06-16T11:21:39.338+0000] {logging_mixin.py:188} INFO - [2026-06-16T11:21:39.336+0000] {dagbag.py:540} INFO - Filling up the DagBag from /opt/airflow/dags/sdp_pipeline_dag.py
[2026-06-16T11:21:39.407+0000] {processor.py:840} INFO - DAG(s) 'e-commerce_kafka_streaming_pipeline_v10' retrieved from /opt/airflow/dags/sdp_pipeline_dag.py
[2026-06-16T11:21:39.556+0000] {logging_mixin.py:188} INFO - [2026-06-16T11:21:39.555+0000] {dag.py:3096} INFO - Sync 1 DAGs
[2026-06-16T11:21:39.682+0000] {logging_mixin.py:188} INFO - [2026-06-16T11:21:39.681+0000] {dag.py:3954} INFO - Setting next_dagrun for e-commerce_kafka_streaming_pipeline_v10 to 2026-06-16 10:00:00+00:00, run_after=2026-06-16 11:00:00+00:00
[2026-06-16T11:21:39.722+0000] {processor.py:183} INFO - Processing /opt/airflow/dags/sdp_pipeline_dag.py took 0.419 seconds
[2026-06-16T11:22:09.887+0000] {processor.py:161} INFO - Started process (PID=196) to work on /opt/airflow/dags/sdp_pipeline_dag.py
[2026-06-16T11:22:09.890+0000] {processor.py:830} INFO - Processing file /opt/airflow/dags/sdp_pipeline_dag.py for tasks to queue
[2026-06-16T11:22:09.893+0000] {logging_mixin.py:188} INFO - [2026-06-16T11:22:09.893+0000] {dagbag.py:540} INFO - Filling up the DagBag from /opt/airflow/dags/sdp_pipeline_dag.py
[2026-06-16T11:22:09.926+0000] {processor.py:840} INFO - DAG(s) 'e-commerce_kafka_streaming_pipeline_v10' retrieved from /opt/airflow/dags/sdp_pipeline_dag.py
[2026-06-16T11:22:09.948+0000] {logging_mixin.py:188} INFO - [2026-06-16T11:22:09.947+0000] {dag.py:3096} INFO - Sync 1 DAGs
[2026-06-16T11:22:09.998+0000] {logging_mixin.py:188} INFO - [2026-06-16T11:22:09.997+0000] {dag.py:3954} INFO - Setting next_dagrun for e-commerce_kafka_streaming_pipeline_v10 to 2026-06-16 10:00:00+00:00, run_after=2026-06-16 11:00:00+00:00
[2026-06-16T11:22:10.036+0000] {processor.py:183} INFO - Processing /opt/airflow/dags/sdp_pipeline_dag.py took 0.162 seconds
[2026-06-16T11:22:40.537+0000] {processor.py:161} INFO - Started process (PID=201) to work on /opt/airflow/dags/sdp_pipeline_dag.py
[2026-06-16T11:22:40.540+0000] {processor.py:830} INFO - Processing file /opt/airflow/dags/sdp_pipeline_dag.py for tasks to queue
[2026-06-16T11:22:40.548+0000] {logging_mixin.py:188} INFO - [2026-06-16T11:22:40.547+0000] {dagbag.py:540} INFO - Filling up the DagBag from /opt/airflow/dags/sdp_pipeline_dag.py
[2026-06-16T11:22:40.601+0000] {processor.py:840} INFO - DAG(s) 'e-commerce_kafka_streaming_pipeline_v10' retrieved from /opt/airflow/dags/sdp_pipeline_dag.py
[2026-06-16T11:22:40.904+0000] {logging_mixin.py:188} INFO - [2026-06-16T11:22:40.904+0000] {dag.py:3096} INFO - Sync 1 DAGs
[2026-06-16T11:22:40.957+0000] {logging_mixin.py:188} INFO - [2026-06-16T11:22:40.956+0000] {dag.py:3954} INFO - Setting next_dagrun for e-commerce_kafka_streaming_pipeline_v10 to 2026-06-16 10:00:00+00:00, run_after=2026-06-16 11:00:00+00:00
[2026-06-16T11:22:41.004+0000] {processor.py:183} INFO - Processing /opt/airflow/dags/sdp_pipeline_dag.py took 0.484 seconds
[2026-06-16T11:23:11.398+0000] {processor.py:161} INFO - Started process (PID=206) to work on /opt/airflow/dags/sdp_pipeline_dag.py
[2026-06-16T11:23:11.403+0000] {processor.py:830} INFO - Processing file /opt/airflow/dags/sdp_pipeline_dag.py for tasks to queue
[2026-06-16T11:23:11.415+0000] {logging_mixin.py:188} INFO - [2026-06-16T11:23:11.413+0000] {dagbag.py:540} INFO - Filling up the DagBag from /opt/airflow/dags/sdp_pipeline_dag.py
[2026-06-16T11:23:11.518+0000] {processor.py:840} INFO - DAG(s) 'e-commerce_kafka_streaming_pipeline_v10' retrieved from /opt/airflow/dags/sdp_pipeline_dag.py
[2026-06-16T11:23:11.609+0000] {logging_mixin.py:188} INFO - [2026-06-16T11:23:11.608+0000] {dag.py:3096} INFO - Sync 1 DAGs
[2026-06-16T11:23:11.651+0000] {logging_mixin.py:188} INFO - [2026-06-16T11:23:11.651+0000] {dag.py:3954} INFO - Setting next_dagrun for e-commerce_kafka_streaming_pipeline_v10 to 2026-06-16 10:00:00+00:00, run_after=2026-06-16 11:00:00+00:00
[2026-06-16T11:23:11.687+0000] {processor.py:183} INFO - Processing /opt/airflow/dags/sdp_pipeline_dag.py took 0.328 seconds
[2026-06-16T11:23:42.373+0000] {processor.py:161} INFO - Started process (PID=219) to work on /opt/airflow/dags/sdp_pipeline_dag.py
[2026-06-16T11:23:42.378+0000] {processor.py:830} INFO - Processing file /opt/airflow/dags/sdp_pipeline_dag.py for tasks to queue
[2026-06-16T11:23:42.402+0000] {logging_mixin.py:188} INFO - [2026-06-16T11:23:42.401+0000] {dagbag.py:540} INFO - Filling up the DagBag from /opt/airflow/dags/sdp_pipeline_dag.py
[2026-06-16T11:23:42.494+0000] {processor.py:840} INFO - DAG(s) 'e-commerce_kafka_streaming_pipeline_v10' retrieved from /opt/airflow/dags/sdp_pipeline_dag.py
[2026-06-16T11:23:42.688+0000] {logging_mixin.py:188} INFO - [2026-06-16T11:23:42.687+0000] {dag.py:3096} INFO - Sync 1 DAGs
[2026-06-16T11:23:42.789+0000] {logging_mixin.py:188} INFO - [2026-06-16T11:23:42.789+0000] {dag.py:3954} INFO - Setting next_dagrun for e-commerce_kafka_streaming_pipeline_v10 to 2026-06-16 11:00:00+00:00, run_after=2026-06-16 12:00:00+00:00
[2026-06-16T11:23:42.853+0000] {processor.py:183} INFO - Processing /opt/airflow/dags/sdp_pipeline_dag.py took 0.513 seconds
[2026-06-16T11:24:13.496+0000] {processor.py:161} INFO - Started process (PID=250) to work on /opt/airflow/dags/sdp_pipeline_dag.py
[2026-06-16T11:24:13.502+0000] {processor.py:830} INFO - Processing file /opt/airflow/dags/sdp_pipeline_dag.py for tasks to queue
[2026-06-16T11:24:13.515+0000] {logging_mixin.py:188} INFO - [2026-06-16T11:24:13.513+0000] {dagbag.py:540} INFO - Filling up the DagBag from /opt/airflow/dags/sdp_pipeline_dag.py
[2026-06-16T11:24:13.631+0000] {processor.py:840} INFO - DAG(s) 'e-commerce_kafka_streaming_pipeline_v10' retrieved from /opt/airflow/dags/sdp_pipeline_dag.py
[2026-06-16T11:24:13.823+0000] {logging_mixin.py:188} INFO - [2026-06-16T11:24:13.821+0000] {dag.py:3096} INFO - Sync 1 DAGs
[2026-06-16T11:24:14.070+0000] {logging_mixin.py:188} INFO - [2026-06-16T11:24:14.067+0000] {dag.py:3954} INFO - Setting next_dagrun for e-commerce_kafka_streaming_pipeline_v10 to 2026-06-16 11:00:00+00:00, run_after=2026-06-16 12:00:00+00:00
[2026-06-16T11:24:14.170+0000] {processor.py:183} INFO - Processing /opt/airflow/dags/sdp_pipeline_dag.py took 0.724 seconds
[2026-06-16T11:24:44.993+0000] {processor.py:161} INFO - Started process (PID=255) to work on /opt/airflow/dags/sdp_pipeline_dag.py
[2026-06-16T11:24:45.030+0000] {processor.py:830} INFO - Processing file /opt/airflow/dags/sdp_pipeline_dag.py for tasks to queue
[2026-06-16T11:24:45.060+0000] {logging_mixin.py:188} INFO - [2026-06-16T11:24:45.059+0000] {dagbag.py:540} INFO - Filling up the DagBag from /opt/airflow/dags/sdp_pipeline_dag.py
[2026-06-16T11:24:46.364+0000] {processor.py:840} INFO - DAG(s) 'e-commerce_kafka_streaming_pipeline_v10' retrieved from /opt/airflow/dags/sdp_pipeline_dag.py
[2026-06-16T11:24:47.728+0000] {logging_mixin.py:188} INFO - [2026-06-16T11:24:47.727+0000] {dag.py:3096} INFO - Sync 1 DAGs
[2026-06-16T11:24:48.456+0000] {logging_mixin.py:188} INFO - [2026-06-16T11:24:48.456+0000] {dag.py:3954} INFO - Setting next_dagrun for e-commerce_kafka_streaming_pipeline_v10 to 2026-06-16 11:00:00+00:00, run_after=2026-06-16 12:00:00+00:00
[2026-06-16T11:24:48.611+0000] {processor.py:183} INFO - Processing /opt/airflow/dags/sdp_pipeline_dag.py took 3.734 seconds
[2026-06-16T11:25:18.918+0000] {processor.py:161} INFO - Started process (PID=260) to work on /opt/airflow/dags/sdp_pipeline_dag.py
[2026-06-16T11:25:18.923+0000] {processor.py:830} INFO - Processing file /opt/airflow/dags/sdp_pipeline_dag.py for tasks to queue
[2026-06-16T11:25:18.939+0000] {logging_mixin.py:188} INFO - [2026-06-16T11:25:18.938+0000] {dagbag.py:540} INFO - Filling up the DagBag from /opt/airflow/dags/sdp_pipeline_dag.py
[2026-06-16T11:25:19.020+0000] {processor.py:840} INFO - DAG(s) 'e-commerce_kafka_streaming_pipeline_v10' retrieved from /opt/airflow/dags/sdp_pipeline_dag.py
[2026-06-16T11:25:19.191+0000] {logging_mixin.py:188} INFO - [2026-06-16T11:25:19.190+0000] {dag.py:3096} INFO - Sync 1 DAGs
[2026-06-16T11:25:19.280+0000] {logging_mixin.py:188} INFO - [2026-06-16T11:25:19.279+0000] {dag.py:3954} INFO - Setting next_dagrun for e-commerce_kafka_streaming_pipeline_v10 to 2026-06-16 11:00:00+00:00, run_after=2026-06-16 12:00:00+00:00
[2026-06-16T11:25:19.436+0000] {processor.py:183} INFO - Processing /opt/airflow/dags/sdp_pipeline_dag.py took 0.545 seconds
[2026-06-16T11:25:49.810+0000] {processor.py:161} INFO - Started process (PID=265) to work on /opt/airflow/dags/sdp_pipeline_dag.py
[2026-06-16T11:25:49.824+0000] {processor.py:830} INFO - Processing file /opt/airflow/dags/sdp_pipeline_dag.py for tasks to queue
[2026-06-16T11:25:49.839+0000] {logging_mixin.py:188} INFO - [2026-06-16T11:25:49.833+0000] {dagbag.py:540} INFO - Filling up the DagBag from /opt/airflow/dags/sdp_pipeline_dag.py
[2026-06-16T11:25:50.122+0000] {processor.py:840} INFO - DAG(s) 'e-commerce_kafka_streaming_pipeline_v10' retrieved from /opt/airflow/dags/sdp_pipeline_dag.py
[2026-06-16T11:25:50.329+0000] {logging_mixin.py:188} INFO - [2026-06-16T11:25:50.329+0000] {dag.py:3096} INFO - Sync 1 DAGs
[2026-06-16T11:25:50.487+0000] {logging_mixin.py:188} INFO - [2026-06-16T11:25:50.477+0000] {dag.py:3954} INFO - Setting next_dagrun for e-commerce_kafka_streaming_pipeline_v10 to 2026-06-16 11:00:00+00:00, run_after=2026-06-16 12:00:00+00:00
[2026-06-16T11:25:50.564+0000] {processor.py:183} INFO - Processing /opt/airflow/dags/sdp_pipeline_dag.py took 0.799 seconds
[2026-06-16T11:26:20.776+0000] {processor.py:161} INFO - Started process (PID=270) to work on /opt/airflow/dags/sdp_pipeline_dag.py
[2026-06-16T11:26:20.782+0000] {processor.py:830} INFO - Processing file /opt/airflow/dags/sdp_pipeline_dag.py for tasks to queue
[2026-06-16T11:26:20.786+0000] {logging_mixin.py:188} INFO - [2026-06-16T11:26:20.785+0000] {dagbag.py:540} INFO - Filling up the DagBag from /opt/airflow/dags/sdp_pipeline_dag.py
[2026-06-16T11:26:20.825+0000] {processor.py:840} INFO - DAG(s) 'e-commerce_kafka_streaming_pipeline_v10' retrieved from /opt/airflow/dags/sdp_pipeline_dag.py
[2026-06-16T11:26:20.903+0000] {logging_mixin.py:188} INFO - [2026-06-16T11:26:20.902+0000] {dag.py:3096} INFO - Sync 1 DAGs
[2026-06-16T11:26:20.956+0000] {logging_mixin.py:188} INFO - [2026-06-16T11:26:20.955+0000] {dag.py:3954} INFO - Setting next_dagrun for e-commerce_kafka_streaming_pipeline_v10 to 2026-06-16 11:00:00+00:00, run_after=2026-06-16 12:00:00+00:00
[2026-06-16T11:26:21.001+0000] {processor.py:183} INFO - Processing /opt/airflow/dags/sdp_pipeline_dag.py took 0.243 seconds
[2026-06-16T11:26:51.469+0000] {processor.py:161} INFO - Started process (PID=275) to work on /opt/airflow/dags/sdp_pipeline_dag.py
[2026-06-16T11:26:51.471+0000] {processor.py:830} INFO - Processing file /opt/airflow/dags/sdp_pipeline_dag.py for tasks to queue
[2026-06-16T11:26:51.474+0000] {logging_mixin.py:188} INFO - [2026-06-16T11:26:51.474+0000] {dagbag.py:540} INFO - Filling up the DagBag from /opt/airflow/dags/sdp_pipeline_dag.py
[2026-06-16T11:26:51.528+0000] {processor.py:840} INFO - DAG(s) 'e-commerce_kafka_streaming_pipeline_v10' retrieved from /opt/airflow/dags/sdp_pipeline_dag.py
[2026-06-16T11:26:51.618+0000] {logging_mixin.py:188} INFO - [2026-06-16T11:26:51.612+0000] {dag.py:3096} INFO - Sync 1 DAGs
[2026-06-16T11:26:51.687+0000] {logging_mixin.py:188} INFO - [2026-06-16T11:26:51.686+0000] {dag.py:3954} INFO - Setting next_dagrun for e-commerce_kafka_streaming_pipeline_v10 to 2026-06-16 11:00:00+00:00, run_after=2026-06-16 12:00:00+00:00
[2026-06-16T11:26:51.757+0000] {processor.py:183} INFO - Processing /opt/airflow/dags/sdp_pipeline_dag.py took 0.303 seconds
[2026-06-16T11:27:21.962+0000] {processor.py:161} INFO - Started process (PID=280) to work on /opt/airflow/dags/sdp_pipeline_dag.py
[2026-06-16T11:27:21.964+0000] {processor.py:830} INFO - Processing file /opt/airflow/dags/sdp_pipeline_dag.py for tasks to queue
[2026-06-16T11:27:21.970+0000] {logging_mixin.py:188} INFO - [2026-06-16T11:27:21.969+0000] {dagbag.py:540} INFO - Filling up the DagBag from /opt/airflow/dags/sdp_pipeline_dag.py
[2026-06-16T11:27:22.006+0000] {processor.py:840} INFO - DAG(s) 'e-commerce_kafka_streaming_pipeline_v10' retrieved from /opt/airflow/dags/sdp_pipeline_dag.py
[2026-06-16T11:27:22.073+0000] {logging_mixin.py:188} INFO - [2026-06-16T11:27:22.072+0000] {dag.py:3096} INFO - Sync 1 DAGs
[2026-06-16T11:27:22.127+0000] {logging_mixin.py:188} INFO - [2026-06-16T11:27:22.127+0000] {dag.py:3954} INFO - Setting next_dagrun for e-commerce_kafka_streaming_pipeline_v10 to 2026-06-16 11:00:00+00:00, run_after=2026-06-16 12:00:00+00:00
[2026-06-16T11:27:22.170+0000] {processor.py:183} INFO - Processing /opt/airflow/dags/sdp_pipeline_dag.py took 0.219 seconds
[2026-06-16T11:27:52.668+0000] {processor.py:161} INFO - Started process (PID=311) to work on /opt/airflow/dags/sdp_pipeline_dag.py
[2026-06-16T11:27:52.678+0000] {processor.py:830} INFO - Processing file /opt/airflow/dags/sdp_pipeline_dag.py for tasks to queue
[2026-06-16T11:27:52.695+0000] {logging_mixin.py:188} INFO - [2026-06-16T11:27:52.694+0000] {dagbag.py:540} INFO - Filling up the DagBag from /opt/airflow/dags/sdp_pipeline_dag.py
[2026-06-16T11:27:52.810+0000] {processor.py:840} INFO - DAG(s) 'e-commerce_kafka_streaming_pipeline_v10' retrieved from /opt/airflow/dags/sdp_pipeline_dag.py
[2026-06-16T11:27:52.916+0000] {logging_mixin.py:188} INFO - [2026-06-16T11:27:52.916+0000] {dag.py:3096} INFO - Sync 1 DAGs
[2026-06-16T11:27:53.005+0000] {logging_mixin.py:188} INFO - [2026-06-16T11:27:53.005+0000] {dag.py:3954} INFO - Setting next_dagrun for e-commerce_kafka_streaming_pipeline_v10 to 2026-06-16 11:00:00+00:00, run_after=2026-06-16 12:00:00+00:00
[2026-06-16T11:27:53.110+0000] {processor.py:183} INFO - Processing /opt/airflow/dags/sdp_pipeline_dag.py took 0.485 seconds
[2026-06-16T11:28:23.459+0000] {processor.py:161} INFO - Started process (PID=316) to work on /opt/airflow/dags/sdp_pipeline_dag.py
[2026-06-16T11:28:23.463+0000] {processor.py:830} INFO - Processing file /opt/airflow/dags/sdp_pipeline_dag.py for tasks to queue
[2026-06-16T11:28:23.469+0000] {logging_mixin.py:188} INFO - [2026-06-16T11:28:23.469+0000] {dagbag.py:540} INFO - Filling up the DagBag from /opt/airflow/dags/sdp_pipeline_dag.py
[2026-06-16T11:28:23.525+0000] {processor.py:840} INFO - DAG(s) 'e-commerce_kafka_streaming_pipeline_v10' retrieved from /opt/airflow/dags/sdp_pipeline_dag.py
[2026-06-16T11:28:23.623+0000] {logging_mixin.py:188} INFO - [2026-06-16T11:28:23.622+0000] {dag.py:3096} INFO - Sync 1 DAGs
[2026-06-16T11:28:23.696+0000] {logging_mixin.py:188} INFO - [2026-06-16T11:28:23.695+0000] {dag.py:3954} INFO - Setting next_dagrun for e-commerce_kafka_streaming_pipeline_v10 to 2026-06-16 11:00:00+00:00, run_after=2026-06-16 12:00:00+00:00
[2026-06-16T11:28:23.810+0000] {processor.py:183} INFO - Processing /opt/airflow/dags/sdp_pipeline_dag.py took 0.372 seconds
[2026-06-16T11:28:54.110+0000] {processor.py:161} INFO - Started process (PID=321) to work on /opt/airflow/dags/sdp_pipeline_dag.py
[2026-06-16T11:28:54.121+0000] {processor.py:830} INFO - Processing file /opt/airflow/dags/sdp_pipeline_dag.py for tasks to queue
[2026-06-16T11:28:54.146+0000] {logging_mixin.py:188} INFO - [2026-06-16T11:28:54.140+0000] {dagbag.py:540} INFO - Filling up the DagBag from /opt/airflow/dags/sdp_pipeline_dag.py
[2026-06-16T11:28:54.280+0000] {processor.py:840} INFO - DAG(s) 'e-commerce_kafka_streaming_pipeline_v10' retrieved from /opt/airflow/dags/sdp_pipeline_dag.py
[2026-06-16T11:28:54.410+0000] {logging_mixin.py:188} INFO - [2026-06-16T11:28:54.406+0000] {dag.py:3096} INFO - Sync 1 DAGs
[2026-06-16T11:28:54.552+0000] {logging_mixin.py:188} INFO - [2026-06-16T11:28:54.551+0000] {dag.py:3954} INFO - Setting next_dagrun for e-commerce_kafka_streaming_pipeline_v10 to 2026-06-16 11:00:00+00:00, run_after=2026-06-16 12:00:00+00:00
[2026-06-16T11:28:54.644+0000] {processor.py:183} INFO - Processing /opt/airflow/dags/sdp_pipeline_dag.py took 0.602 seconds
[2026-06-16T11:29:25.136+0000] {processor.py:161} INFO - Started process (PID=326) to work on /opt/airflow/dags/sdp_pipeline_dag.py
[2026-06-16T11:29:25.147+0000] {processor.py:830} INFO - Processing file /opt/airflow/dags/sdp_pipeline_dag.py for tasks to queue
[2026-06-16T11:29:25.161+0000] {logging_mixin.py:188} INFO - [2026-06-16T11:29:25.160+0000] {dagbag.py:540} INFO - Filling up the DagBag from /opt/airflow/dags/sdp_pipeline_dag.py
[2026-06-16T11:29:25.316+0000] {processor.py:840} INFO - DAG(s) 'e-commerce_kafka_streaming_pipeline_v10' retrieved from /opt/airflow/dags/sdp_pipeline_dag.py
[2026-06-16T11:29:25.630+0000] {logging_mixin.py:188} INFO - [2026-06-16T11:29:25.626+0000] {dag.py:3096} INFO - Sync 1 DAGs
[2026-06-16T11:29:26.076+0000] {logging_mixin.py:188} INFO - [2026-06-16T11:29:26.076+0000] {dag.py:3954} INFO - Setting next_dagrun for e-commerce_kafka_streaming_pipeline_v10 to 2026-06-16 11:00:00+00:00, run_after=2026-06-16 12:00:00+00:00
[2026-06-16T11:29:26.280+0000] {processor.py:183} INFO - Processing /opt/airflow/dags/sdp_pipeline_dag.py took 1.209 seconds
[2026-06-16T11:29:56.672+0000] {processor.py:161} INFO - Started process (PID=332) to work on /opt/airflow/dags/sdp_pipeline_dag.py
[2026-06-16T11:29:56.677+0000] {processor.py:830} INFO - Processing file /opt/airflow/dags/sdp_pipeline_dag.py for tasks to queue
[2026-06-16T11:29:56.700+0000] {logging_mixin.py:188} INFO - [2026-06-16T11:29:56.691+0000] {dagbag.py:540} INFO - Filling up the DagBag from /opt/airflow/dags/sdp_pipeline_dag.py
[2026-06-16T11:29:56.997+0000] {processor.py:840} INFO - DAG(s) 'e-commerce_kafka_streaming_pipeline_v10' retrieved from /opt/airflow/dags/sdp_pipeline_dag.py
[2026-06-16T11:29:57.572+0000] {logging_mixin.py:188} INFO - [2026-06-16T11:29:57.571+0000] {dag.py:3096} INFO - Sync 1 DAGs
[2026-06-16T11:29:57.727+0000] {logging_mixin.py:188} INFO - [2026-06-16T11:29:57.726+0000] {dag.py:3954} INFO - Setting next_dagrun for e-commerce_kafka_streaming_pipeline_v10 to 2026-06-16 11:00:00+00:00, run_after=2026-06-16 12:00:00+00:00
[2026-06-16T11:29:57.784+0000] {processor.py:183} INFO - Processing /opt/airflow/dags/sdp_pipeline_dag.py took 1.146 seconds
[2026-06-16T11:30:28.294+0000] {processor.py:161} INFO - Started process (PID=337) to work on /opt/airflow/dags/sdp_pipeline_dag.py
[2026-06-16T11:30:28.296+0000] {processor.py:830} INFO - Processing file /opt/airflow/dags/sdp_pipeline_dag.py for tasks to queue
[2026-06-16T11:30:28.302+0000] {logging_mixin.py:188} INFO - [2026-06-16T11:30:28.301+0000] {dagbag.py:540} INFO - Filling up the DagBag from /opt/airflow/dags/sdp_pipeline_dag.py
[2026-06-16T11:30:28.347+0000] {processor.py:840} INFO - DAG(s) 'e-commerce_kafka_streaming_pipeline_v10' retrieved from /opt/airflow/dags/sdp_pipeline_dag.py
[2026-06-16T11:30:28.697+0000] {logging_mixin.py:188} INFO - [2026-06-16T11:30:28.696+0000] {dag.py:3096} INFO - Sync 1 DAGs
[2026-06-16T11:30:28.722+0000] {logging_mixin.py:188} INFO - [2026-06-16T11:30:28.722+0000] {dag.py:3118} INFO - Creating ORM DAG for e-commerce_kafka_streaming_pipeline_v10
[2026-06-16T11:30:28.756+0000] {logging_mixin.py:188} INFO - [2026-06-16T11:30:28.756+0000] {dag.py:3954} INFO - Setting next_dagrun for e-commerce_kafka_streaming_pipeline_v10 to 2026-06-16 10:00:00+00:00, run_after=2026-06-16 11:00:00+00:00
[2026-06-16T11:30:28.809+0000] {processor.py:183} INFO - Processing /opt/airflow/dags/sdp_pipeline_dag.py took 0.531 seconds
[2026-06-16T11:30:59.162+0000] {processor.py:161} INFO - Started process (PID=359) to work on /opt/airflow/dags/sdp_pipeline_dag.py
[2026-06-16T11:30:59.165+0000] {processor.py:830} INFO - Processing file /opt/airflow/dags/sdp_pipeline_dag.py for tasks to queue
[2026-06-16T11:30:59.169+0000] {logging_mixin.py:188} INFO - [2026-06-16T11:30:59.168+0000] {dagbag.py:540} INFO - Filling up the DagBag from /opt/airflow/dags/sdp_pipeline_dag.py
[2026-06-16T11:30:59.210+0000] {processor.py:840} INFO - DAG(s) 'e-commerce_kafka_streaming_pipeline_v10' retrieved from /opt/airflow/dags/sdp_pipeline_dag.py
[2026-06-16T11:30:59.369+0000] {logging_mixin.py:188} INFO - [2026-06-16T11:30:59.368+0000] {dag.py:3096} INFO - Sync 1 DAGs
[2026-06-16T11:30:59.442+0000] {logging_mixin.py:188} INFO - [2026-06-16T11:30:59.442+0000] {dag.py:3954} INFO - Setting next_dagrun for e-commerce_kafka_streaming_pipeline_v10 to 2026-06-16 11:00:00+00:00, run_after=2026-06-16 12:00:00+00:00
[2026-06-16T11:30:59.505+0000] {processor.py:183} INFO - Processing /opt/airflow/dags/sdp_pipeline_dag.py took 0.367 seconds
[2026-06-16T11:31:29.953+0000] {processor.py:161} INFO - Started process (PID=364) to work on /opt/airflow/dags/sdp_pipeline_dag.py
[2026-06-16T11:31:29.962+0000] {processor.py:830} INFO - Processing file /opt/airflow/dags/sdp_pipeline_dag.py for tasks to queue
[2026-06-16T11:31:29.984+0000] {logging_mixin.py:188} INFO - [2026-06-16T11:31:29.982+0000] {dagbag.py:540} INFO - Filling up the DagBag from /opt/airflow/dags/sdp_pipeline_dag.py
[2026-06-16T11:31:30.102+0000] {processor.py:840} INFO - DAG(s) 'e-commerce_kafka_streaming_pipeline_v10' retrieved from /opt/airflow/dags/sdp_pipeline_dag.py
[2026-06-16T11:31:30.210+0000] {logging_mixin.py:188} INFO - [2026-06-16T11:31:30.210+0000] {dag.py:3096} INFO - Sync 1 DAGs
[2026-06-16T11:31:30.290+0000] {logging_mixin.py:188} INFO - [2026-06-16T11:31:30.289+0000] {dag.py:3954} INFO - Setting next_dagrun for e-commerce_kafka_streaming_pipeline_v10 to 2026-06-16 11:00:00+00:00, run_after=2026-06-16 12:00:00+00:00
[2026-06-16T11:31:30.378+0000] {processor.py:183} INFO - Processing /opt/airflow/dags/sdp_pipeline_dag.py took 0.448 seconds
[2026-06-16T11:32:00.899+0000] {processor.py:161} INFO - Started process (PID=369) to work on /opt/airflow/dags/sdp_pipeline_dag.py
[2026-06-16T11:32:00.904+0000] {processor.py:830} INFO - Processing file /opt/airflow/dags/sdp_pipeline_dag.py for tasks to queue
[2026-06-16T11:32:00.911+0000] {logging_mixin.py:188} INFO - [2026-06-16T11:32:00.910+0000] {dagbag.py:540} INFO - Filling up the DagBag from /opt/airflow/dags/sdp_pipeline_dag.py
[2026-06-16T11:32:00.988+0000] {processor.py:840} INFO - DAG(s) 'e-commerce_kafka_streaming_pipeline_v10' retrieved from /opt/airflow/dags/sdp_pipeline_dag.py
[2026-06-16T11:32:01.118+0000] {logging_mixin.py:188} INFO - [2026-06-16T11:32:01.117+0000] {dag.py:3096} INFO - Sync 1 DAGs
[2026-06-16T11:32:01.203+0000] {logging_mixin.py:188} INFO - [2026-06-16T11:32:01.202+0000] {dag.py:3954} INFO - Setting next_dagrun for e-commerce_kafka_streaming_pipeline_v10 to 2026-06-16 11:00:00+00:00, run_after=2026-06-16 12:00:00+00:00
[2026-06-16T11:32:01.267+0000] {processor.py:183} INFO - Processing /opt/airflow/dags/sdp_pipeline_dag.py took 0.386 seconds
[2026-06-16T11:32:31.568+0000] {processor.py:161} INFO - Started process (PID=374) to work on /opt/airflow/dags/sdp_pipeline_dag.py
[2026-06-16T11:32:31.573+0000] {processor.py:830} INFO - Processing file /opt/airflow/dags/sdp_pipeline_dag.py for tasks to queue
[2026-06-16T11:32:31.577+0000] {logging_mixin.py:188} INFO - [2026-06-16T11:32:31.576+0000] {dagbag.py:540} INFO - Filling up the DagBag from /opt/airflow/dags/sdp_pipeline_dag.py
[2026-06-16T11:32:31.620+0000] {processor.py:840} INFO - DAG(s) 'e-commerce_kafka_streaming_pipeline_v10' retrieved from /opt/airflow/dags/sdp_pipeline_dag.py
[2026-06-16T11:32:31.687+0000] {logging_mixin.py:188} INFO - [2026-06-16T11:32:31.686+0000] {dag.py:3096} INFO - Sync 1 DAGs
[2026-06-16T11:32:31.756+0000] {logging_mixin.py:188} INFO - [2026-06-16T11:32:31.756+0000] {dag.py:3954} INFO - Setting next_dagrun for e-commerce_kafka_streaming_pipeline_v10 to 2026-06-16 11:00:00+00:00, run_after=2026-06-16 12:00:00+00:00
[2026-06-16T11:32:31.827+0000] {processor.py:183} INFO - Processing /opt/airflow/dags/sdp_pipeline_dag.py took 0.279 seconds
[2026-06-16T11:33:02.015+0000] {processor.py:161} INFO - Started process (PID=379) to work on /opt/airflow/dags/sdp_pipeline_dag.py
[2026-06-16T11:33:02.016+0000] {processor.py:830} INFO - Processing file /opt/airflow/dags/sdp_pipeline_dag.py for tasks to queue
[2026-06-16T11:33:02.019+0000] {logging_mixin.py:188} INFO - [2026-06-16T11:33:02.019+0000] {dagbag.py:540} INFO - Filling up the DagBag from /opt/airflow/dags/sdp_pipeline_dag.py
[2026-06-16T11:33:02.049+0000] {processor.py:840} INFO - DAG(s) 'e-commerce_kafka_streaming_pipeline_v10' retrieved from /opt/airflow/dags/sdp_pipeline_dag.py
[2026-06-16T11:33:02.094+0000] {logging_mixin.py:188} INFO - [2026-06-16T11:33:02.093+0000] {dag.py:3096} INFO - Sync 1 DAGs
[2026-06-16T11:33:02.132+0000] {logging_mixin.py:188} INFO - [2026-06-16T11:33:02.132+0000] {dag.py:3954} INFO - Setting next_dagrun for e-commerce_kafka_streaming_pipeline_v10 to 2026-06-16 11:00:00+00:00, run_after=2026-06-16 12:00:00+00:00
[2026-06-16T11:33:02.168+0000] {processor.py:183} INFO - Processing /opt/airflow/dags/sdp_pipeline_dag.py took 0.162 seconds
[2026-06-16T11:33:32.435+0000] {processor.py:161} INFO - Started process (PID=384) to work on /opt/airflow/dags/sdp_pipeline_dag.py
[2026-06-16T11:33:32.437+0000] {processor.py:830} INFO - Processing file /opt/airflow/dags/sdp_pipeline_dag.py for tasks to queue
[2026-06-16T11:33:32.440+0000] {logging_mixin.py:188} INFO - [2026-06-16T11:33:32.439+0000] {dagbag.py:540} INFO - Filling up the DagBag from /opt/airflow/dags/sdp_pipeline_dag.py
[2026-06-16T11:33:32.475+0000] {processor.py:840} INFO - DAG(s) 'e-commerce_kafka_streaming_pipeline_v10' retrieved from /opt/airflow/dags/sdp_pipeline_dag.py
[2026-06-16T11:33:32.519+0000] {logging_mixin.py:188} INFO - [2026-06-16T11:33:32.519+0000] {dag.py:3096} INFO - Sync 1 DAGs
[2026-06-16T11:33:32.554+0000] {logging_mixin.py:188} INFO - [2026-06-16T11:33:32.554+0000] {dag.py:3954} INFO - Setting next_dagrun for e-commerce_kafka_streaming_pipeline_v10 to 2026-06-16 11:00:00+00:00, run_after=2026-06-16 12:00:00+00:00
[2026-06-16T11:33:32.591+0000] {processor.py:183} INFO - Processing /opt/airflow/dags/sdp_pipeline_dag.py took 0.165 seconds
[2026-06-16T11:34:03.112+0000] {processor.py:161} INFO - Started process (PID=389) to work on /opt/airflow/dags/sdp_pipeline_dag.py
[2026-06-16T11:34:03.113+0000] {processor.py:830} INFO - Processing file /opt/airflow/dags/sdp_pipeline_dag.py for tasks to queue
[2026-06-16T11:34:03.116+0000] {logging_mixin.py:188} INFO - [2026-06-16T11:34:03.116+0000] {dagbag.py:540} INFO - Filling up the DagBag from /opt/airflow/dags/sdp_pipeline_dag.py
[2026-06-16T11:34:03.148+0000] {processor.py:840} INFO - DAG(s) 'e-commerce_kafka_streaming_pipeline_v10' retrieved from /opt/airflow/dags/sdp_pipeline_dag.py
[2026-06-16T11:34:03.189+0000] {logging_mixin.py:188} INFO - [2026-06-16T11:34:03.189+0000] {dag.py:3096} INFO - Sync 1 DAGs
[2026-06-16T11:34:03.224+0000] {logging_mixin.py:188} INFO - [2026-06-16T11:34:03.223+0000] {dag.py:3954} INFO - Setting next_dagrun for e-commerce_kafka_streaming_pipeline_v10 to 2026-06-16 11:00:00+00:00, run_after=2026-06-16 12:00:00+00:00
[2026-06-16T11:34:03.254+0000] {processor.py:183} INFO - Processing /opt/airflow/dags/sdp_pipeline_dag.py took 0.154 seconds
[2026-06-16T11:34:33.647+0000] {processor.py:161} INFO - Started process (PID=394) to work on /opt/airflow/dags/sdp_pipeline_dag.py
[2026-06-16T11:34:33.649+0000] {processor.py:830} INFO - Processing file /opt/airflow/dags/sdp_pipeline_dag.py for tasks to queue
[2026-06-16T11:34:33.652+0000] {logging_mixin.py:188} INFO - [2026-06-16T11:34:33.651+0000] {dagbag.py:540} INFO - Filling up the DagBag from /opt/airflow/dags/sdp_pipeline_dag.py
[2026-06-16T11:34:33.690+0000] {processor.py:840} INFO - DAG(s) 'e-commerce_kafka_streaming_pipeline_v10' retrieved from /opt/airflow/dags/sdp_pipeline_dag.py
[2026-06-16T11:34:33.735+0000] {logging_mixin.py:188} INFO - [2026-06-16T11:34:33.735+0000] {dag.py:3096} INFO - Sync 1 DAGs
[2026-06-16T11:34:33.772+0000] {logging_mixin.py:188} INFO - [2026-06-16T11:34:33.772+0000] {dag.py:3954} INFO - Setting next_dagrun for e-commerce_kafka_streaming_pipeline_v10 to 2026-06-16 11:00:00+00:00, run_after=2026-06-16 12:00:00+00:00
[2026-06-16T11:34:33.806+0000] {processor.py:183} INFO - Processing /opt/airflow/dags/sdp_pipeline_dag.py took 0.168 seconds
[2026-06-16T11:35:04.181+0000] {processor.py:161} INFO - Started process (PID=411) to work on /opt/airflow/dags/sdp_pipeline_dag.py
[2026-06-16T11:35:04.183+0000] {processor.py:830} INFO - Processing file /opt/airflow/dags/sdp_pipeline_dag.py for tasks to queue
[2026-06-16T11:35:04.188+0000] {logging_mixin.py:188} INFO - [2026-06-16T11:35:04.187+0000] {dagbag.py:540} INFO - Filling up the DagBag from /opt/airflow/dags/sdp_pipeline_dag.py
[2026-06-16T11:35:04.243+0000] {processor.py:840} INFO - DAG(s) 'e-commerce_kafka_streaming_pipeline_v10' retrieved from /opt/airflow/dags/sdp_pipeline_dag.py
[2026-06-16T11:35:04.318+0000] {logging_mixin.py:188} INFO - [2026-06-16T11:35:04.317+0000] {dag.py:3096} INFO - Sync 1 DAGs
[2026-06-16T11:35:04.390+0000] {logging_mixin.py:188} INFO - [2026-06-16T11:35:04.389+0000] {dag.py:3954} INFO - Setting next_dagrun for e-commerce_kafka_streaming_pipeline_v10 to 2026-06-16 11:00:00+00:00, run_after=2026-06-16 12:00:00+00:00
[2026-06-16T11:35:04.448+0000] {processor.py:183} INFO - Processing /opt/airflow/dags/sdp_pipeline_dag.py took 0.289 seconds
[2026-06-16T11:35:34.612+0000] {processor.py:161} INFO - Started process (PID=416) to work on /opt/airflow/dags/sdp_pipeline_dag.py
[2026-06-16T11:35:34.618+0000] {processor.py:830} INFO - Processing file /opt/airflow/dags/sdp_pipeline_dag.py for tasks to queue
[2026-06-16T11:35:34.623+0000] {logging_mixin.py:188} INFO - [2026-06-16T11:35:34.622+0000] {dagbag.py:540} INFO - Filling up the DagBag from /opt/airflow/dags/sdp_pipeline_dag.py
[2026-06-16T11:35:34.696+0000] {processor.py:840} INFO - DAG(s) 'e-commerce_kafka_streaming_pipeline_v10' retrieved from /opt/airflow/dags/sdp_pipeline_dag.py
[2026-06-16T11:35:34.856+0000] {logging_mixin.py:188} INFO - [2026-06-16T11:35:34.856+0000] {dag.py:3096} INFO - Sync 1 DAGs
[2026-06-16T11:35:34.963+0000] {logging_mixin.py:188} INFO - [2026-06-16T11:35:34.962+0000] {dag.py:3954} INFO - Setting next_dagrun for e-commerce_kafka_streaming_pipeline_v10 to 2026-06-16 11:00:00+00:00, run_after=2026-06-16 12:00:00+00:00
[2026-06-16T11:35:35.036+0000] {processor.py:183} INFO - Processing /opt/airflow/dags/sdp_pipeline_dag.py took 0.452 seconds
[2026-06-16T11:36:05.246+0000] {processor.py:161} INFO - Started process (PID=421) to work on /opt/airflow/dags/sdp_pipeline_dag.py
[2026-06-16T11:36:05.248+0000] {processor.py:830} INFO - Processing file /opt/airflow/dags/sdp_pipeline_dag.py for tasks to queue
[2026-06-16T11:36:05.252+0000] {logging_mixin.py:188} INFO - [2026-06-16T11:36:05.252+0000] {dagbag.py:540} INFO - Filling up the DagBag from /opt/airflow/dags/sdp_pipeline_dag.py
[2026-06-16T11:36:05.307+0000] {processor.py:840} INFO - DAG(s) 'e-commerce_kafka_streaming_pipeline_v10' retrieved from /opt/airflow/dags/sdp_pipeline_dag.py
[2026-06-16T11:36:05.405+0000] {logging_mixin.py:188} INFO - [2026-06-16T11:36:05.405+0000] {dag.py:3096} INFO - Sync 1 DAGs
[2026-06-16T11:36:05.473+0000] {logging_mixin.py:188} INFO - [2026-06-16T11:36:05.472+0000] {dag.py:3954} INFO - Setting next_dagrun for e-commerce_kafka_streaming_pipeline_v10 to 2026-06-16 11:00:00+00:00, run_after=2026-06-16 12:00:00+00:00
[2026-06-16T11:36:05.542+0000] {processor.py:183} INFO - Processing /opt/airflow/dags/sdp_pipeline_dag.py took 0.322 seconds
[2026-06-16T11:36:35.894+0000] {processor.py:161} INFO - Started process (PID=426) to work on /opt/airflow/dags/sdp_pipeline_dag.py
[2026-06-16T11:36:35.896+0000] {processor.py:830} INFO - Processing file /opt/airflow/dags/sdp_pipeline_dag.py for tasks to queue
[2026-06-16T11:36:35.905+0000] {logging_mixin.py:188} INFO - [2026-06-16T11:36:35.904+0000] {dagbag.py:540} INFO - Filling up the DagBag from /opt/airflow/dags/sdp_pipeline_dag.py
[2026-06-16T11:36:35.960+0000] {processor.py:840} INFO - DAG(s) 'e-commerce_kafka_streaming_pipeline_v10' retrieved from /opt/airflow/dags/sdp_pipeline_dag.py
[2026-06-16T11:36:36.029+0000] {logging_mixin.py:188} INFO - [2026-06-16T11:36:36.028+0000] {dag.py:3096} INFO - Sync 1 DAGs
[2026-06-16T11:36:36.099+0000] {logging_mixin.py:188} INFO - [2026-06-16T11:36:36.099+0000] {dag.py:3954} INFO - Setting next_dagrun for e-commerce_kafka_streaming_pipeline_v10 to 2026-06-16 11:00:00+00:00, run_after=2026-06-16 12:00:00+00:00
[2026-06-16T11:36:36.158+0000] {processor.py:183} INFO - Processing /opt/airflow/dags/sdp_pipeline_dag.py took 0.279 seconds
[2026-06-16T11:37:06.351+0000] {processor.py:161} INFO - Started process (PID=432) to work on /opt/airflow/dags/sdp_pipeline_dag.py
[2026-06-16T11:37:06.352+0000] {processor.py:830} INFO - Processing file /opt/airflow/dags/sdp_pipeline_dag.py for tasks to queue
[2026-06-16T11:37:06.356+0000] {logging_mixin.py:188} INFO - [2026-06-16T11:37:06.355+0000] {dagbag.py:540} INFO - Filling up the DagBag from /opt/airflow/dags/sdp_pipeline_dag.py
[2026-06-16T11:37:06.384+0000] {processor.py:840} INFO - DAG(s) 'e-commerce_kafka_streaming_pipeline_v10' retrieved from /opt/airflow/dags/sdp_pipeline_dag.py
[2026-06-16T11:37:06.427+0000] {logging_mixin.py:188} INFO - [2026-06-16T11:37:06.427+0000] {dag.py:3096} INFO - Sync 1 DAGs
[2026-06-16T11:37:06.474+0000] {logging_mixin.py:188} INFO - [2026-06-16T11:37:06.474+0000] {dag.py:3954} INFO - Setting next_dagrun for e-commerce_kafka_streaming_pipeline_v10 to 2026-06-16 11:00:00+00:00, run_after=2026-06-16 12:00:00+00:00
[2026-06-16T11:37:06.509+0000] {processor.py:183} INFO - Processing /opt/airflow/dags/sdp_pipeline_dag.py took 0.174 seconds
[2026-06-16T11:37:36.739+0000] {processor.py:161} INFO - Started process (PID=437) to work on /opt/airflow/dags/sdp_pipeline_dag.py
[2026-06-16T11:37:36.741+0000] {processor.py:830} INFO - Processing file /opt/airflow/dags/sdp_pipeline_dag.py for tasks to queue
[2026-06-16T11:37:36.744+0000] {logging_mixin.py:188} INFO - [2026-06-16T11:37:36.743+0000] {dagbag.py:540} INFO - Filling up the DagBag from /opt/airflow/dags/sdp_pipeline_dag.py
[2026-06-16T11:37:36.785+0000] {processor.py:840} INFO - DAG(s) 'e-commerce_kafka_streaming_pipeline_v10' retrieved from /opt/airflow/dags/sdp_pipeline_dag.py
[2026-06-16T11:37:36.843+0000] {logging_mixin.py:188} INFO - [2026-06-16T11:37:36.843+0000] {dag.py:3096} INFO - Sync 1 DAGs
[2026-06-16T11:37:36.884+0000] {logging_mixin.py:188} INFO - [2026-06-16T11:37:36.884+0000] {dag.py:3954} INFO - Setting next_dagrun for e-commerce_kafka_streaming_pipeline_v10 to 2026-06-16 11:00:00+00:00, run_after=2026-06-16 12:00:00+00:00
[2026-06-16T11:37:36.917+0000] {processor.py:183} INFO - Processing /opt/airflow/dags/sdp_pipeline_dag.py took 0.188 seconds
[2026-06-16T11:38:07.303+0000] {processor.py:161} INFO - Started process (PID=442) to work on /opt/airflow/dags/sdp_pipeline_dag.py
[2026-06-16T11:38:07.305+0000] {processor.py:830} INFO - Processing file /opt/airflow/dags/sdp_pipeline_dag.py for tasks to queue
[2026-06-16T11:38:07.308+0000] {logging_mixin.py:188} INFO - [2026-06-16T11:38:07.307+0000] {dagbag.py:540} INFO - Filling up the DagBag from /opt/airflow/dags/sdp_pipeline_dag.py
[2026-06-16T11:38:07.349+0000] {processor.py:840} INFO - DAG(s) 'e-commerce_kafka_streaming_pipeline_v10' retrieved from /opt/airflow/dags/sdp_pipeline_dag.py
[2026-06-16T11:38:07.394+0000] {logging_mixin.py:188} INFO - [2026-06-16T11:38:07.393+0000] {dag.py:3096} INFO - Sync 1 DAGs
[2026-06-16T11:38:07.430+0000] {logging_mixin.py:188} INFO - [2026-06-16T11:38:07.430+0000] {dag.py:3954} INFO - Setting next_dagrun for e-commerce_kafka_streaming_pipeline_v10 to 2026-06-16 11:00:00+00:00, run_after=2026-06-16 12:00:00+00:00
[2026-06-16T11:38:07.465+0000] {processor.py:183} INFO - Processing /opt/airflow/dags/sdp_pipeline_dag.py took 0.172 seconds
[2026-06-16T11:38:37.714+0000] {processor.py:161} INFO - Started process (PID=447) to work on /opt/airflow/dags/sdp_pipeline_dag.py
[2026-06-16T11:38:37.716+0000] {processor.py:830} INFO - Processing file /opt/airflow/dags/sdp_pipeline_dag.py for tasks to queue
[2026-06-16T11:38:37.721+0000] {logging_mixin.py:188} INFO - [2026-06-16T11:38:37.720+0000] {dagbag.py:540} INFO - Filling up the DagBag from /opt/airflow/dags/sdp_pipeline_dag.py
[2026-06-16T11:38:37.757+0000] {processor.py:840} INFO - DAG(s) 'e-commerce_kafka_streaming_pipeline_v10' retrieved from /opt/airflow/dags/sdp_pipeline_dag.py
[2026-06-16T11:38:37.801+0000] {logging_mixin.py:188} INFO - [2026-06-16T11:38:37.800+0000] {dag.py:3096} INFO - Sync 1 DAGs
[2026-06-16T11:38:37.836+0000] {logging_mixin.py:188} INFO - [2026-06-16T11:38:37.835+0000] {dag.py:3954} INFO - Setting next_dagrun for e-commerce_kafka_streaming_pipeline_v10 to 2026-06-16 11:00:00+00:00, run_after=2026-06-16 12:00:00+00:00
[2026-06-16T11:38:37.870+0000] {processor.py:183} INFO - Processing /opt/airflow/dags/sdp_pipeline_dag.py took 0.170 seconds
[2026-06-16T11:39:08.289+0000] {processor.py:161} INFO - Started process (PID=452) to work on /opt/airflow/dags/sdp_pipeline_dag.py
[2026-06-16T11:39:08.291+0000] {processor.py:830} INFO - Processing file /opt/airflow/dags/sdp_pipeline_dag.py for tasks to queue
[2026-06-16T11:39:08.294+0000] {logging_mixin.py:188} INFO - [2026-06-16T11:39:08.294+0000] {dagbag.py:540} INFO - Filling up the DagBag from /opt/airflow/dags/sdp_pipeline_dag.py
[2026-06-16T11:39:08.334+0000] {processor.py:840} INFO - DAG(s) 'e-commerce_kafka_streaming_pipeline_v10' retrieved from /opt/airflow/dags/sdp_pipeline_dag.py
[2026-06-16T11:39:08.382+0000] {logging_mixin.py:188} INFO - [2026-06-16T11:39:08.382+0000] {dag.py:3096} INFO - Sync 1 DAGs
[2026-06-16T11:39:08.420+0000] {logging_mixin.py:188} INFO - [2026-06-16T11:39:08.419+0000] {dag.py:3954} INFO - Setting next_dagrun for e-commerce_kafka_streaming_pipeline_v10 to 2026-06-16 11:00:00+00:00, run_after=2026-06-16 12:00:00+00:00
[2026-06-16T11:39:08.452+0000] {processor.py:183} INFO - Processing /opt/airflow/dags/sdp_pipeline_dag.py took 0.173 seconds
[2026-06-16T11:39:38.647+0000] {processor.py:161} INFO - Started process (PID=457) to work on /opt/airflow/dags/sdp_pipeline_dag.py
[2026-06-16T11:39:38.650+0000] {processor.py:830} INFO - Processing file /opt/airflow/dags/sdp_pipeline_dag.py for tasks to queue
[2026-06-16T11:39:38.653+0000] {logging_mixin.py:188} INFO - [2026-06-16T11:39:38.652+0000] {dagbag.py:540} INFO - Filling up the DagBag from /opt/airflow/dags/sdp_pipeline_dag.py
[2026-06-16T11:39:38.701+0000] {processor.py:840} INFO - DAG(s) 'e-commerce_kafka_streaming_pipeline_v10' retrieved from /opt/airflow/dags/sdp_pipeline_dag.py
[2026-06-16T11:39:38.758+0000] {logging_mixin.py:188} INFO - [2026-06-16T11:39:38.757+0000] {dag.py:3096} INFO - Sync 1 DAGs
[2026-06-16T11:39:38.793+0000] {logging_mixin.py:188} INFO - [2026-06-16T11:39:38.793+0000] {dag.py:3954} INFO - Setting next_dagrun for e-commerce_kafka_streaming_pipeline_v10 to 2026-06-16 11:00:00+00:00, run_after=2026-06-16 12:00:00+00:00
[2026-06-16T11:39:38.824+0000] {processor.py:183} INFO - Processing /opt/airflow/dags/sdp_pipeline_dag.py took 0.186 seconds
[2026-06-16T11:40:09.089+0000] {processor.py:161} INFO - Started process (PID=462) to work on /opt/airflow/dags/sdp_pipeline_dag.py
[2026-06-16T11:40:09.091+0000] {processor.py:830} INFO - Processing file /opt/airflow/dags/sdp_pipeline_dag.py for tasks to queue
[2026-06-16T11:40:09.094+0000] {logging_mixin.py:188} INFO - [2026-06-16T11:40:09.093+0000] {dagbag.py:540} INFO - Filling up the DagBag from /opt/airflow/dags/sdp_pipeline_dag.py
[2026-06-16T11:40:09.133+0000] {processor.py:840} INFO - DAG(s) 'e-commerce_kafka_streaming_pipeline_v10' retrieved from /opt/airflow/dags/sdp_pipeline_dag.py
[2026-06-16T11:40:09.182+0000] {logging_mixin.py:188} INFO - [2026-06-16T11:40:09.182+0000] {dag.py:3096} INFO - Sync 1 DAGs
[2026-06-16T11:40:09.220+0000] {logging_mixin.py:188} INFO - [2026-06-16T11:40:09.220+0000] {dag.py:3954} INFO - Setting next_dagrun for e-commerce_kafka_streaming_pipeline_v10 to 2026-06-16 11:00:00+00:00, run_after=2026-06-16 12:00:00+00:00
[2026-06-16T11:40:09.254+0000] {processor.py:183} INFO - Processing /opt/airflow/dags/sdp_pipeline_dag.py took 0.175 seconds
[2026-06-16T11:40:39.573+0000] {processor.py:161} INFO - Started process (PID=467) to work on /opt/airflow/dags/sdp_pipeline_dag.py
[2026-06-16T11:40:39.575+0000] {processor.py:830} INFO - Processing file /opt/airflow/dags/sdp_pipeline_dag.py for tasks to queue
[2026-06-16T11:40:39.580+0000] {logging_mixin.py:188} INFO - [2026-06-16T11:40:39.579+0000] {dagbag.py:540} INFO - Filling up the DagBag from /opt/airflow/dags/sdp_pipeline_dag.py
[2026-06-16T11:40:39.618+0000] {processor.py:840} INFO - DAG(s) 'e-commerce_kafka_streaming_pipeline_v10' retrieved from /opt/airflow/dags/sdp_pipeline_dag.py
[2026-06-16T11:40:39.663+0000] {logging_mixin.py:188} INFO - [2026-06-16T11:40:39.662+0000] {dag.py:3096} INFO - Sync 1 DAGs
[2026-06-16T11:40:39.700+0000] {logging_mixin.py:188} INFO - [2026-06-16T11:40:39.699+0000] {dag.py:3954} INFO - Setting next_dagrun for e-commerce_kafka_streaming_pipeline_v10 to 2026-06-16 11:00:00+00:00, run_after=2026-06-16 12:00:00+00:00
[2026-06-16T11:40:39.733+0000] {processor.py:183} INFO - Processing /opt/airflow/dags/sdp_pipeline_dag.py took 0.173 seconds
[2026-06-16T11:41:10.115+0000] {processor.py:161} INFO - Started process (PID=472) to work on /opt/airflow/dags/sdp_pipeline_dag.py
[2026-06-16T11:41:10.117+0000] {processor.py:830} INFO - Processing file /opt/airflow/dags/sdp_pipeline_dag.py for tasks to queue
[2026-06-16T11:41:10.121+0000] {logging_mixin.py:188} INFO - [2026-06-16T11:41:10.121+0000] {dagbag.py:540} INFO - Filling up the DagBag from /opt/airflow/dags/sdp_pipeline_dag.py
[2026-06-16T11:41:10.174+0000] {processor.py:840} INFO - DAG(s) 'e-commerce_kafka_streaming_pipeline_v10' retrieved from /opt/airflow/dags/sdp_pipeline_dag.py
[2026-06-16T11:41:10.243+0000] {logging_mixin.py:188} INFO - [2026-06-16T11:41:10.243+0000] {dag.py:3096} INFO - Sync 1 DAGs
[2026-06-16T11:41:10.318+0000] {logging_mixin.py:188} INFO - [2026-06-16T11:41:10.318+0000] {dag.py:3954} INFO - Setting next_dagrun for e-commerce_kafka_streaming_pipeline_v10 to 2026-06-16 11:00:00+00:00, run_after=2026-06-16 12:00:00+00:00
[2026-06-16T11:41:10.361+0000] {processor.py:183} INFO - Processing /opt/airflow/dags/sdp_pipeline_dag.py took 0.257 seconds
[2026-06-16T11:41:40.857+0000] {processor.py:161} INFO - Started process (PID=477) to work on /opt/airflow/dags/sdp_pipeline_dag.py
[2026-06-16T11:41:40.859+0000] {processor.py:830} INFO - Processing file /opt/airflow/dags/sdp_pipeline_dag.py for tasks to queue
[2026-06-16T11:41:40.863+0000] {logging_mixin.py:188} INFO - [2026-06-16T11:41:40.862+0000] {dagbag.py:540} INFO - Filling up the DagBag from /opt/airflow/dags/sdp_pipeline_dag.py
[2026-06-16T11:41:40.901+0000] {processor.py:840} INFO - DAG(s) 'e-commerce_kafka_streaming_pipeline_v10' retrieved from /opt/airflow/dags/sdp_pipeline_dag.py
[2026-06-16T11:41:40.961+0000] {logging_mixin.py:188} INFO - [2026-06-16T11:41:40.961+0000] {dag.py:3096} INFO - Sync 1 DAGs
[2026-06-16T11:41:41.019+0000] {logging_mixin.py:188} INFO - [2026-06-16T11:41:41.019+0000] {dag.py:3954} INFO - Setting next_dagrun for e-commerce_kafka_streaming_pipeline_v10 to 2026-06-16 11:00:00+00:00, run_after=2026-06-16 12:00:00+00:00
[2026-06-16T11:41:41.068+0000] {processor.py:183} INFO - Processing /opt/airflow/dags/sdp_pipeline_dag.py took 0.225 seconds
[2026-06-16T11:42:11.311+0000] {processor.py:161} INFO - Started process (PID=482) to work on /opt/airflow/dags/sdp_pipeline_dag.py
[2026-06-16T11:42:11.314+0000] {processor.py:830} INFO - Processing file /opt/airflow/dags/sdp_pipeline_dag.py for tasks to queue
[2026-06-16T11:42:11.319+0000] {logging_mixin.py:188} INFO - [2026-06-16T11:42:11.318+0000] {dagbag.py:540} INFO - Filling up the DagBag from /opt/airflow/dags/sdp_pipeline_dag.py
[2026-06-16T11:42:11.360+0000] {processor.py:840} INFO - DAG(s) 'e-commerce_kafka_streaming_pipeline_v10' retrieved from /opt/airflow/dags/sdp_pipeline_dag.py
[2026-06-16T11:42:11.407+0000] {logging_mixin.py:188} INFO - [2026-06-16T11:42:11.406+0000] {dag.py:3096} INFO - Sync 1 DAGs
[2026-06-16T11:42:11.443+0000] {logging_mixin.py:188} INFO - [2026-06-16T11:42:11.443+0000] {dag.py:3954} INFO - Setting next_dagrun for e-commerce_kafka_streaming_pipeline_v10 to 2026-06-16 11:00:00+00:00, run_after=2026-06-16 12:00:00+00:00
[2026-06-16T11:42:11.477+0000] {processor.py:183} INFO - Processing /opt/airflow/dags/sdp_pipeline_dag.py took 0.184 seconds
[2026-06-16T11:42:42.032+0000] {processor.py:161} INFO - Started process (PID=487) to work on /opt/airflow/dags/sdp_pipeline_dag.py
[2026-06-16T11:42:42.033+0000] {processor.py:830} INFO - Processing file /opt/airflow/dags/sdp_pipeline_dag.py for tasks to queue
[2026-06-16T11:42:42.037+0000] {logging_mixin.py:188} INFO - [2026-06-16T11:42:42.036+0000] {dagbag.py:540} INFO - Filling up the DagBag from /opt/airflow/dags/sdp_pipeline_dag.py
[2026-06-16T11:42:42.077+0000] {processor.py:840} INFO - DAG(s) 'e-commerce_kafka_streaming_pipeline_v10' retrieved from /opt/airflow/dags/sdp_pipeline_dag.py
[2026-06-16T11:42:42.121+0000] {logging_mixin.py:188} INFO - [2026-06-16T11:42:42.120+0000] {dag.py:3096} INFO - Sync 1 DAGs
[2026-06-16T11:42:42.158+0000] {logging_mixin.py:188} INFO - [2026-06-16T11:42:42.158+0000] {dag.py:3954} INFO - Setting next_dagrun for e-commerce_kafka_streaming_pipeline_v10 to 2026-06-16 11:00:00+00:00, run_after=2026-06-16 12:00:00+00:00
[2026-06-16T11:42:42.194+0000] {processor.py:183} INFO - Processing /opt/airflow/dags/sdp_pipeline_dag.py took 0.170 seconds
[2026-06-16T11:43:12.512+0000] {processor.py:161} INFO - Started process (PID=492) to work on /opt/airflow/dags/sdp_pipeline_dag.py
[2026-06-16T11:43:12.514+0000] {processor.py:830} INFO - Processing file /opt/airflow/dags/sdp_pipeline_dag.py for tasks to queue
[2026-06-16T11:43:12.516+0000] {logging_mixin.py:188} INFO - [2026-06-16T11:43:12.516+0000] {dagbag.py:540} INFO - Filling up the DagBag from /opt/airflow/dags/sdp_pipeline_dag.py
[2026-06-16T11:43:12.544+0000] {processor.py:840} INFO - DAG(s) 'e-commerce_kafka_streaming_pipeline_v10' retrieved from /opt/airflow/dags/sdp_pipeline_dag.py
[2026-06-16T11:43:12.586+0000] {logging_mixin.py:188} INFO - [2026-06-16T11:43:12.586+0000] {dag.py:3096} INFO - Sync 1 DAGs
[2026-06-16T11:43:12.625+0000] {logging_mixin.py:188} INFO - [2026-06-16T11:43:12.625+0000] {dag.py:3954} INFO - Setting next_dagrun for e-commerce_kafka_streaming_pipeline_v10 to 2026-06-16 11:00:00+00:00, run_after=2026-06-16 12:00:00+00:00
[2026-06-16T11:43:12.656+0000] {processor.py:183} INFO - Processing /opt/airflow/dags/sdp_pipeline_dag.py took 0.154 seconds
[2026-06-16T11:43:43.121+0000] {processor.py:161} INFO - Started process (PID=497) to work on /opt/airflow/dags/sdp_pipeline_dag.py
[2026-06-16T11:43:43.127+0000] {processor.py:830} INFO - Processing file /opt/airflow/dags/sdp_pipeline_dag.py for tasks to queue
[2026-06-16T11:43:43.131+0000] {logging_mixin.py:188} INFO - [2026-06-16T11:43:43.130+0000] {dagbag.py:540} INFO - Filling up the DagBag from /opt/airflow/dags/sdp_pipeline_dag.py
[2026-06-16T11:43:43.168+0000] {processor.py:840} INFO - DAG(s) 'e-commerce_kafka_streaming_pipeline_v10' retrieved from /opt/airflow/dags/sdp_pipeline_dag.py
[2026-06-16T11:43:43.219+0000] {logging_mixin.py:188} INFO - [2026-06-16T11:43:43.219+0000] {dag.py:3096} INFO - Sync 1 DAGs
[2026-06-16T11:43:43.270+0000] {logging_mixin.py:188} INFO - [2026-06-16T11:43:43.270+0000] {dag.py:3954} INFO - Setting next_dagrun for e-commerce_kafka_streaming_pipeline_v10 to 2026-06-16 11:00:00+00:00, run_after=2026-06-16 12:00:00+00:00
[2026-06-16T11:43:43.308+0000] {processor.py:183} INFO - Processing /opt/airflow/dags/sdp_pipeline_dag.py took 0.199 seconds
[2026-06-16T11:44:13.567+0000] {processor.py:161} INFO - Started process (PID=502) to work on /opt/airflow/dags/sdp_pipeline_dag.py
[2026-06-16T11:44:13.569+0000] {processor.py:830} INFO - Processing file /opt/airflow/dags/sdp_pipeline_dag.py for tasks to queue
[2026-06-16T11:44:13.573+0000] {logging_mixin.py:188} INFO - [2026-06-16T11:44:13.572+0000] {dagbag.py:540} INFO - Filling up the DagBag from /opt/airflow/dags/sdp_pipeline_dag.py
[2026-06-16T11:44:13.608+0000] {processor.py:840} INFO - DAG(s) 'e-commerce_kafka_streaming_pipeline_v10' retrieved from /opt/airflow/dags/sdp_pipeline_dag.py
[2026-06-16T11:44:13.654+0000] {logging_mixin.py:188} INFO - [2026-06-16T11:44:13.654+0000] {dag.py:3096} INFO - Sync 1 DAGs
[2026-06-16T11:44:13.691+0000] {logging_mixin.py:188} INFO - [2026-06-16T11:44:13.691+0000] {dag.py:3954} INFO - Setting next_dagrun for e-commerce_kafka_streaming_pipeline_v10 to 2026-06-16 11:00:00+00:00, run_after=2026-06-16 12:00:00+00:00
[2026-06-16T11:44:13.724+0000] {processor.py:183} INFO - Processing /opt/airflow/dags/sdp_pipeline_dag.py took 0.167 seconds
[2026-06-16T11:44:44.117+0000] {processor.py:161} INFO - Started process (PID=507) to work on /opt/airflow/dags/sdp_pipeline_dag.py
[2026-06-16T11:44:44.119+0000] {processor.py:830} INFO - Processing file /opt/airflow/dags/sdp_pipeline_dag.py for tasks to queue
[2026-06-16T11:44:44.123+0000] {logging_mixin.py:188} INFO - [2026-06-16T11:44:44.122+0000] {dagbag.py:540} INFO - Filling up the DagBag from /opt/airflow/dags/sdp_pipeline_dag.py
[2026-06-16T11:44:44.156+0000] {processor.py:840} INFO - DAG(s) 'e-commerce_kafka_streaming_pipeline_v10' retrieved from /opt/airflow/dags/sdp_pipeline_dag.py
[2026-06-16T11:44:44.199+0000] {logging_mixin.py:188} INFO - [2026-06-16T11:44:44.199+0000] {dag.py:3096} INFO - Sync 1 DAGs
[2026-06-16T11:44:44.234+0000] {logging_mixin.py:188} INFO - [2026-06-16T11:44:44.233+0000] {dag.py:3954} INFO - Setting next_dagrun for e-commerce_kafka_streaming_pipeline_v10 to 2026-06-16 11:00:00+00:00, run_after=2026-06-16 12:00:00+00:00
[2026-06-16T11:44:44.266+0000] {processor.py:183} INFO - Processing /opt/airflow/dags/sdp_pipeline_dag.py took 0.158 seconds
[2026-06-16T11:45:14.609+0000] {processor.py:161} INFO - Started process (PID=512) to work on /opt/airflow/dags/sdp_pipeline_dag.py
[2026-06-16T11:45:14.610+0000] {processor.py:830} INFO - Processing file /opt/airflow/dags/sdp_pipeline_dag.py for tasks to queue
[2026-06-16T11:45:14.613+0000] {logging_mixin.py:188} INFO - [2026-06-16T11:45:14.612+0000] {dagbag.py:540} INFO - Filling up the DagBag from /opt/airflow/dags/sdp_pipeline_dag.py
[2026-06-16T11:45:14.643+0000] {processor.py:840} INFO - DAG(s) 'e-commerce_kafka_streaming_pipeline_v10' retrieved from /opt/airflow/dags/sdp_pipeline_dag.py
[2026-06-16T11:45:14.683+0000] {logging_mixin.py:188} INFO - [2026-06-16T11:45:14.683+0000] {dag.py:3096} INFO - Sync 1 DAGs
[2026-06-16T11:45:14.720+0000] {logging_mixin.py:188} INFO - [2026-06-16T11:45:14.720+0000] {dag.py:3954} INFO - Setting next_dagrun for e-commerce_kafka_streaming_pipeline_v10 to 2026-06-16 11:00:00+00:00, run_after=2026-06-16 12:00:00+00:00
[2026-06-16T11:45:14.751+0000] {processor.py:183} INFO - Processing /opt/airflow/dags/sdp_pipeline_dag.py took 0.152 seconds
[2026-06-16T11:45:45.089+0000] {processor.py:161} INFO - Started process (PID=517) to work on /opt/airflow/dags/sdp_pipeline_dag.py
[2026-06-16T11:45:45.091+0000] {processor.py:830} INFO - Processing file /opt/airflow/dags/sdp_pipeline_dag.py for tasks to queue
[2026-06-16T11:45:45.095+0000] {logging_mixin.py:188} INFO - [2026-06-16T11:45:45.095+0000] {dagbag.py:540} INFO - Filling up the DagBag from /opt/airflow/dags/sdp_pipeline_dag.py
[2026-06-16T11:45:45.135+0000] {processor.py:840} INFO - DAG(s) 'e-commerce_kafka_streaming_pipeline_v10' retrieved from /opt/airflow/dags/sdp_pipeline_dag.py
[2026-06-16T11:45:45.185+0000] {logging_mixin.py:188} INFO - [2026-06-16T11:45:45.185+0000] {dag.py:3096} INFO - Sync 1 DAGs
[2026-06-16T11:45:45.231+0000] {logging_mixin.py:188} INFO - [2026-06-16T11:45:45.231+0000] {dag.py:3954} INFO - Setting next_dagrun for e-commerce_kafka_streaming_pipeline_v10 to 2026-06-16 11:00:00+00:00, run_after=2026-06-16 12:00:00+00:00
[2026-06-16T11:45:45.268+0000] {processor.py:183} INFO - Processing /opt/airflow/dags/sdp_pipeline_dag.py took 0.192 seconds
[2026-06-16T11:46:15.558+0000] {processor.py:161} INFO - Started process (PID=522) to work on /opt/airflow/dags/sdp_pipeline_dag.py
[2026-06-16T11:46:15.560+0000] {processor.py:830} INFO - Processing file /opt/airflow/dags/sdp_pipeline_dag.py for tasks to queue
[2026-06-16T11:46:15.564+0000] {logging_mixin.py:188} INFO - [2026-06-16T11:46:15.563+0000] {dagbag.py:540} INFO - Filling up the DagBag from /opt/airflow/dags/sdp_pipeline_dag.py
[2026-06-16T11:46:15.602+0000] {processor.py:840} INFO - DAG(s) 'e-commerce_kafka_streaming_pipeline_v10' retrieved from /opt/airflow/dags/sdp_pipeline_dag.py
[2026-06-16T11:46:15.658+0000] {logging_mixin.py:188} INFO - [2026-06-16T11:46:15.658+0000] {dag.py:3096} INFO - Sync 1 DAGs
[2026-06-16T11:46:15.696+0000] {logging_mixin.py:188} INFO - [2026-06-16T11:46:15.696+0000] {dag.py:3954} INFO - Setting next_dagrun for e-commerce_kafka_streaming_pipeline_v10 to 2026-06-16 11:00:00+00:00, run_after=2026-06-16 12:00:00+00:00
[2026-06-16T11:46:15.726+0000] {processor.py:183} INFO - Processing /opt/airflow/dags/sdp_pipeline_dag.py took 0.177 seconds
[2026-06-16T11:46:46.116+0000] {processor.py:161} INFO - Started process (PID=527) to work on /opt/airflow/dags/sdp_pipeline_dag.py
[2026-06-16T11:46:46.118+0000] {processor.py:830} INFO - Processing file /opt/airflow/dags/sdp_pipeline_dag.py for tasks to queue
[2026-06-16T11:46:46.121+0000] {logging_mixin.py:188} INFO - [2026-06-16T11:46:46.121+0000] {dagbag.py:540} INFO - Filling up the DagBag from /opt/airflow/dags/sdp_pipeline_dag.py
[2026-06-16T11:46:46.154+0000] {processor.py:840} INFO - DAG(s) 'e-commerce_kafka_streaming_pipeline_v10' retrieved from /opt/airflow/dags/sdp_pipeline_dag.py
[2026-06-16T11:46:46.198+0000] {logging_mixin.py:188} INFO - [2026-06-16T11:46:46.198+0000] {dag.py:3096} INFO - Sync 1 DAGs
[2026-06-16T11:46:46.237+0000] {logging_mixin.py:188} INFO - [2026-06-16T11:46:46.236+0000] {dag.py:3954} INFO - Setting next_dagrun for e-commerce_kafka_streaming_pipeline_v10 to 2026-06-16 11:00:00+00:00, run_after=2026-06-16 12:00:00+00:00
[2026-06-16T11:46:46.275+0000] {processor.py:183} INFO - Processing /opt/airflow/dags/sdp_pipeline_dag.py took 0.167 seconds
[2026-06-16T11:47:16.593+0000] {processor.py:161} INFO - Started process (PID=532) to work on /opt/airflow/dags/sdp_pipeline_dag.py
[2026-06-16T11:47:16.595+0000] {processor.py:830} INFO - Processing file /opt/airflow/dags/sdp_pipeline_dag.py for tasks to queue
[2026-06-16T11:47:16.598+0000] {logging_mixin.py:188} INFO - [2026-06-16T11:47:16.597+0000] {dagbag.py:540} INFO - Filling up the DagBag from /opt/airflow/dags/sdp_pipeline_dag.py
[2026-06-16T11:47:16.630+0000] {processor.py:840} INFO - DAG(s) 'e-commerce_kafka_streaming_pipeline_v10' retrieved from /opt/airflow/dags/sdp_pipeline_dag.py
[2026-06-16T11:47:16.673+0000] {logging_mixin.py:188} INFO - [2026-06-16T11:47:16.672+0000] {dag.py:3096} INFO - Sync 1 DAGs
[2026-06-16T11:47:16.710+0000] {logging_mixin.py:188} INFO - [2026-06-16T11:47:16.710+0000] {dag.py:3954} INFO - Setting next_dagrun for e-commerce_kafka_streaming_pipeline_v10 to 2026-06-16 11:00:00+00:00, run_after=2026-06-16 12:00:00+00:00
[2026-06-16T11:47:16.743+0000] {processor.py:183} INFO - Processing /opt/airflow/dags/sdp_pipeline_dag.py took 0.161 seconds
[2026-06-16T11:47:47.049+0000] {processor.py:161} INFO - Started process (PID=537) to work on /opt/airflow/dags/sdp_pipeline_dag.py
[2026-06-16T11:47:47.051+0000] {processor.py:830} INFO - Processing file /opt/airflow/dags/sdp_pipeline_dag.py for tasks to queue
[2026-06-16T11:47:47.058+0000] {logging_mixin.py:188} INFO - [2026-06-16T11:47:47.058+0000] {dagbag.py:540} INFO - Filling up the DagBag from /opt/airflow/dags/sdp_pipeline_dag.py
[2026-06-16T11:47:47.098+0000] {processor.py:840} INFO - DAG(s) 'e-commerce_kafka_streaming_pipeline_v10' retrieved from /opt/airflow/dags/sdp_pipeline_dag.py
[2026-06-16T11:47:47.157+0000] {logging_mixin.py:188} INFO - [2026-06-16T11:47:47.156+0000] {dag.py:3096} INFO - Sync 1 DAGs
[2026-06-16T11:47:47.214+0000] {logging_mixin.py:188} INFO - [2026-06-16T11:47:47.214+0000] {dag.py:3954} INFO - Setting next_dagrun for e-commerce_kafka_streaming_pipeline_v10 to 2026-06-16 11:00:00+00:00, run_after=2026-06-16 12:00:00+00:00
[2026-06-16T11:47:47.251+0000] {processor.py:183} INFO - Processing /opt/airflow/dags/sdp_pipeline_dag.py took 0.214 seconds
[2026-06-16T11:48:17.486+0000] {processor.py:161} INFO - Started process (PID=542) to work on /opt/airflow/dags/sdp_pipeline_dag.py
[2026-06-16T11:48:17.487+0000] {processor.py:830} INFO - Processing file /opt/airflow/dags/sdp_pipeline_dag.py for tasks to queue
[2026-06-16T11:48:17.491+0000] {logging_mixin.py:188} INFO - [2026-06-16T11:48:17.490+0000] {dagbag.py:540} INFO - Filling up the DagBag from /opt/airflow/dags/sdp_pipeline_dag.py
[2026-06-16T11:48:17.521+0000] {processor.py:840} INFO - DAG(s) 'e-commerce_kafka_streaming_pipeline_v10' retrieved from /opt/airflow/dags/sdp_pipeline_dag.py
[2026-06-16T11:48:17.563+0000] {logging_mixin.py:188} INFO - [2026-06-16T11:48:17.563+0000] {dag.py:3096} INFO - Sync 1 DAGs
[2026-06-16T11:48:17.599+0000] {logging_mixin.py:188} INFO - [2026-06-16T11:48:17.599+0000] {dag.py:3954} INFO - Setting next_dagrun for e-commerce_kafka_streaming_pipeline_v10 to 2026-06-16 11:00:00+00:00, run_after=2026-06-16 12:00:00+00:00
[2026-06-16T11:48:17.631+0000] {processor.py:183} INFO - Processing /opt/airflow/dags/sdp_pipeline_dag.py took 0.156 seconds
[2026-06-16T11:48:47.981+0000] {processor.py:161} INFO - Started process (PID=547) to work on /opt/airflow/dags/sdp_pipeline_dag.py
[2026-06-16T11:48:47.982+0000] {processor.py:830} INFO - Processing file /opt/airflow/dags/sdp_pipeline_dag.py for tasks to queue
[2026-06-16T11:48:47.986+0000] {logging_mixin.py:188} INFO - [2026-06-16T11:48:47.985+0000] {dagbag.py:540} INFO - Filling up the DagBag from /opt/airflow/dags/sdp_pipeline_dag.py
[2026-06-16T11:48:48.020+0000] {processor.py:840} INFO - DAG(s) 'e-commerce_kafka_streaming_pipeline_v10' retrieved from /opt/airflow/dags/sdp_pipeline_dag.py
[2026-06-16T11:48:48.062+0000] {logging_mixin.py:188} INFO - [2026-06-16T11:48:48.062+0000] {dag.py:3096} INFO - Sync 1 DAGs
[2026-06-16T11:48:48.098+0000] {logging_mixin.py:188} INFO - [2026-06-16T11:48:48.097+0000] {dag.py:3954} INFO - Setting next_dagrun for e-commerce_kafka_streaming_pipeline_v10 to 2026-06-16 11:00:00+00:00, run_after=2026-06-16 12:00:00+00:00
[2026-06-16T11:48:48.129+0000] {processor.py:183} INFO - Processing /opt/airflow/dags/sdp_pipeline_dag.py took 0.160 seconds
[2026-06-16T11:49:18.391+0000] {processor.py:161} INFO - Started process (PID=552) to work on /opt/airflow/dags/sdp_pipeline_dag.py
[2026-06-16T11:49:18.393+0000] {processor.py:830} INFO - Processing file /opt/airflow/dags/sdp_pipeline_dag.py for tasks to queue
[2026-06-16T11:49:18.396+0000] {logging_mixin.py:188} INFO - [2026-06-16T11:49:18.395+0000] {dagbag.py:540} INFO - Filling up the DagBag from /opt/airflow/dags/sdp_pipeline_dag.py
[2026-06-16T11:49:18.432+0000] {processor.py:840} INFO - DAG(s) 'e-commerce_kafka_streaming_pipeline_v10' retrieved from /opt/airflow/dags/sdp_pipeline_dag.py
[2026-06-16T11:49:18.477+0000] {logging_mixin.py:188} INFO - [2026-06-16T11:49:18.477+0000] {dag.py:3096} INFO - Sync 1 DAGs
[2026-06-16T11:49:18.515+0000] {logging_mixin.py:188} INFO - [2026-06-16T11:49:18.515+0000] {dag.py:3954} INFO - Setting next_dagrun for e-commerce_kafka_streaming_pipeline_v10 to 2026-06-16 11:00:00+00:00, run_after=2026-06-16 12:00:00+00:00
[2026-06-16T11:49:18.549+0000] {processor.py:183} INFO - Processing /opt/airflow/dags/sdp_pipeline_dag.py took 0.170 seconds
[2026-06-16T11:49:48.903+0000] {processor.py:161} INFO - Started process (PID=557) to work on /opt/airflow/dags/sdp_pipeline_dag.py
[2026-06-16T11:49:48.904+0000] {processor.py:830} INFO - Processing file /opt/airflow/dags/sdp_pipeline_dag.py for tasks to queue
[2026-06-16T11:49:48.909+0000] {logging_mixin.py:188} INFO - [2026-06-16T11:49:48.908+0000] {dagbag.py:540} INFO - Filling up the DagBag from /opt/airflow/dags/sdp_pipeline_dag.py
[2026-06-16T11:49:48.953+0000] {processor.py:840} INFO - DAG(s) 'e-commerce_kafka_streaming_pipeline_v10' retrieved from /opt/airflow/dags/sdp_pipeline_dag.py
[2026-06-16T11:49:49.012+0000] {logging_mixin.py:188} INFO - [2026-06-16T11:49:49.012+0000] {dag.py:3096} INFO - Sync 1 DAGs
[2026-06-16T11:49:49.061+0000] {logging_mixin.py:188} INFO - [2026-06-16T11:49:49.060+0000] {dag.py:3954} INFO - Setting next_dagrun for e-commerce_kafka_streaming_pipeline_v10 to 2026-06-16 11:00:00+00:00, run_after=2026-06-16 12:00:00+00:00
[2026-06-16T11:49:49.110+0000] {processor.py:183} INFO - Processing /opt/airflow/dags/sdp_pipeline_dag.py took 0.218 seconds
[2026-06-16T11:50:19.503+0000] {processor.py:161} INFO - Started process (PID=562) to work on /opt/airflow/dags/sdp_pipeline_dag.py
[2026-06-16T11:50:19.505+0000] {processor.py:830} INFO - Processing file /opt/airflow/dags/sdp_pipeline_dag.py for tasks to queue
[2026-06-16T11:50:19.508+0000] {logging_mixin.py:188} INFO - [2026-06-16T11:50:19.507+0000] {dagbag.py:540} INFO - Filling up the DagBag from /opt/airflow/dags/sdp_pipeline_dag.py
[2026-06-16T11:50:19.544+0000] {processor.py:840} INFO - DAG(s) 'e-commerce_kafka_streaming_pipeline_v10' retrieved from /opt/airflow/dags/sdp_pipeline_dag.py
[2026-06-16T11:50:19.587+0000] {logging_mixin.py:188} INFO - [2026-06-16T11:50:19.587+0000] {dag.py:3096} INFO - Sync 1 DAGs
[2026-06-16T11:50:19.624+0000] {logging_mixin.py:188} INFO - [2026-06-16T11:50:19.624+0000] {dag.py:3954} INFO - Setting next_dagrun for e-commerce_kafka_streaming_pipeline_v10 to 2026-06-16 11:00:00+00:00, run_after=2026-06-16 12:00:00+00:00
[2026-06-16T11:50:19.657+0000] {processor.py:183} INFO - Processing /opt/airflow/dags/sdp_pipeline_dag.py took 0.163 seconds
[2026-06-16T11:50:50.083+0000] {processor.py:161} INFO - Started process (PID=567) to work on /opt/airflow/dags/sdp_pipeline_dag.py
[2026-06-16T11:50:50.084+0000] {processor.py:830} INFO - Processing file /opt/airflow/dags/sdp_pipeline_dag.py for tasks to queue
[2026-06-16T11:50:50.088+0000] {logging_mixin.py:188} INFO - [2026-06-16T11:50:50.087+0000] {dagbag.py:540} INFO - Filling up the DagBag from /opt/airflow/dags/sdp_pipeline_dag.py
[2026-06-16T11:50:50.117+0000] {processor.py:840} INFO - DAG(s) 'e-commerce_kafka_streaming_pipeline_v10' retrieved from /opt/airflow/dags/sdp_pipeline_dag.py
[2026-06-16T11:50:50.159+0000] {logging_mixin.py:188} INFO - [2026-06-16T11:50:50.159+0000] {dag.py:3096} INFO - Sync 1 DAGs
[2026-06-16T11:50:50.194+0000] {logging_mixin.py:188} INFO - [2026-06-16T11:50:50.194+0000] {dag.py:3954} INFO - Setting next_dagrun for e-commerce_kafka_streaming_pipeline_v10 to 2026-06-16 11:00:00+00:00, run_after=2026-06-16 12:00:00+00:00
[2026-06-16T11:50:50.227+0000] {processor.py:183} INFO - Processing /opt/airflow/dags/sdp_pipeline_dag.py took 0.153 seconds
[2026-06-16T11:51:20.577+0000] {processor.py:161} INFO - Started process (PID=572) to work on /opt/airflow/dags/sdp_pipeline_dag.py
[2026-06-16T11:51:20.579+0000] {processor.py:830} INFO - Processing file /opt/airflow/dags/sdp_pipeline_dag.py for tasks to queue
[2026-06-16T11:51:20.583+0000] {logging_mixin.py:188} INFO - [2026-06-16T11:51:20.583+0000] {dagbag.py:540} INFO - Filling up the DagBag from /opt/airflow/dags/sdp_pipeline_dag.py
[2026-06-16T11:51:20.627+0000] {processor.py:840} INFO - DAG(s) 'e-commerce_kafka_streaming_pipeline_v10' retrieved from /opt/airflow/dags/sdp_pipeline_dag.py
[2026-06-16T11:51:20.703+0000] {logging_mixin.py:188} INFO - [2026-06-16T11:51:20.702+0000] {dag.py:3096} INFO - Sync 1 DAGs
[2026-06-16T11:51:20.766+0000] {logging_mixin.py:188} INFO - [2026-06-16T11:51:20.766+0000] {dag.py:3954} INFO - Setting next_dagrun for e-commerce_kafka_streaming_pipeline_v10 to 2026-06-16 11:00:00+00:00, run_after=2026-06-16 12:00:00+00:00
[2026-06-16T11:51:20.846+0000] {processor.py:183} INFO - Processing /opt/airflow/dags/sdp_pipeline_dag.py took 0.289 seconds
[2026-06-16T11:51:51.089+0000] {processor.py:161} INFO - Started process (PID=577) to work on /opt/airflow/dags/sdp_pipeline_dag.py
[2026-06-16T11:51:51.091+0000] {processor.py:830} INFO - Processing file /opt/airflow/dags/sdp_pipeline_dag.py for tasks to queue
[2026-06-16T11:51:51.094+0000] {logging_mixin.py:188} INFO - [2026-06-16T11:51:51.093+0000] {dagbag.py:540} INFO - Filling up the DagBag from /opt/airflow/dags/sdp_pipeline_dag.py
[2026-06-16T11:51:51.135+0000] {processor.py:840} INFO - DAG(s) 'e-commerce_kafka_streaming_pipeline_v10' retrieved from /opt/airflow/dags/sdp_pipeline_dag.py
[2026-06-16T11:51:51.201+0000] {logging_mixin.py:188} INFO - [2026-06-16T11:51:51.201+0000] {dag.py:3096} INFO - Sync 1 DAGs
[2026-06-16T11:51:51.256+0000] {logging_mixin.py:188} INFO - [2026-06-16T11:51:51.255+0000] {dag.py:3954} INFO - Setting next_dagrun for e-commerce_kafka_streaming_pipeline_v10 to 2026-06-16 11:00:00+00:00, run_after=2026-06-16 12:00:00+00:00
[2026-06-16T11:51:51.294+0000] {processor.py:183} INFO - Processing /opt/airflow/dags/sdp_pipeline_dag.py took 0.218 seconds
[2026-06-16T11:52:21.649+0000] {processor.py:161} INFO - Started process (PID=582) to work on /opt/airflow/dags/sdp_pipeline_dag.py
[2026-06-16T11:52:21.651+0000] {processor.py:830} INFO - Processing file /opt/airflow/dags/sdp_pipeline_dag.py for tasks to queue
[2026-06-16T11:52:21.654+0000] {logging_mixin.py:188} INFO - [2026-06-16T11:52:21.653+0000] {dagbag.py:540} INFO - Filling up the DagBag from /opt/airflow/dags/sdp_pipeline_dag.py
[2026-06-16T11:52:21.690+0000] {processor.py:840} INFO - DAG(s) 'e-commerce_kafka_streaming_pipeline_v10' retrieved from /opt/airflow/dags/sdp_pipeline_dag.py
[2026-06-16T11:52:21.734+0000] {logging_mixin.py:188} INFO - [2026-06-16T11:52:21.733+0000] {dag.py:3096} INFO - Sync 1 DAGs
[2026-06-16T11:52:21.769+0000] {logging_mixin.py:188} INFO - [2026-06-16T11:52:21.769+0000] {dag.py:3954} INFO - Setting next_dagrun for e-commerce_kafka_streaming_pipeline_v10 to 2026-06-16 11:00:00+00:00, run_after=2026-06-16 12:00:00+00:00
[2026-06-16T11:52:21.802+0000] {processor.py:183} INFO - Processing /opt/airflow/dags/sdp_pipeline_dag.py took 0.164 seconds
[2026-06-16T11:52:52.138+0000] {processor.py:161} INFO - Started process (PID=587) to work on /opt/airflow/dags/sdp_pipeline_dag.py
[2026-06-16T11:52:52.139+0000] {processor.py:830} INFO - Processing file /opt/airflow/dags/sdp_pipeline_dag.py for tasks to queue
[2026-06-16T11:52:52.143+0000] {logging_mixin.py:188} INFO - [2026-06-16T11:52:52.142+0000] {dagbag.py:540} INFO - Filling up the DagBag from /opt/airflow/dags/sdp_pipeline_dag.py
[2026-06-16T11:52:52.178+0000] {processor.py:840} INFO - DAG(s) 'e-commerce_kafka_streaming_pipeline_v10' retrieved from /opt/airflow/dags/sdp_pipeline_dag.py
[2026-06-16T11:52:52.220+0000] {logging_mixin.py:188} INFO - [2026-06-16T11:52:52.220+0000] {dag.py:3096} INFO - Sync 1 DAGs
[2026-06-16T11:52:52.255+0000] {logging_mixin.py:188} INFO - [2026-06-16T11:52:52.255+0000] {dag.py:3954} INFO - Setting next_dagrun for e-commerce_kafka_streaming_pipeline_v10 to 2026-06-16 11:00:00+00:00, run_after=2026-06-16 12:00:00+00:00
[2026-06-16T11:52:52.287+0000] {processor.py:183} INFO - Processing /opt/airflow/dags/sdp_pipeline_dag.py took 0.159 seconds
[2026-06-16T11:53:22.734+0000] {processor.py:161} INFO - Started process (PID=592) to work on /opt/airflow/dags/sdp_pipeline_dag.py
[2026-06-16T11:53:22.736+0000] {processor.py:830} INFO - Processing file /opt/airflow/dags/sdp_pipeline_dag.py for tasks to queue
[2026-06-16T11:53:22.739+0000] {logging_mixin.py:188} INFO - [2026-06-16T11:53:22.739+0000] {dagbag.py:540} INFO - Filling up the DagBag from /opt/airflow/dags/sdp_pipeline_dag.py
[2026-06-16T11:53:22.780+0000] {processor.py:840} INFO - DAG(s) 'e-commerce_kafka_streaming_pipeline_v10' retrieved from /opt/airflow/dags/sdp_pipeline_dag.py
[2026-06-16T11:53:22.822+0000] {logging_mixin.py:188} INFO - [2026-06-16T11:53:22.822+0000] {dag.py:3096} INFO - Sync 1 DAGs
[2026-06-16T11:53:22.859+0000] {logging_mixin.py:188} INFO - [2026-06-16T11:53:22.858+0000] {dag.py:3954} INFO - Setting next_dagrun for e-commerce_kafka_streaming_pipeline_v10 to 2026-06-16 11:00:00+00:00, run_after=2026-06-16 12:00:00+00:00
[2026-06-16T11:53:22.892+0000] {processor.py:183} INFO - Processing /opt/airflow/dags/sdp_pipeline_dag.py took 0.171 seconds
[2026-06-16T11:53:53.291+0000] {processor.py:161} INFO - Started process (PID=597) to work on /opt/airflow/dags/sdp_pipeline_dag.py
[2026-06-16T11:53:53.293+0000] {processor.py:830} INFO - Processing file /opt/airflow/dags/sdp_pipeline_dag.py for tasks to queue
[2026-06-16T11:53:53.297+0000] {logging_mixin.py:188} INFO - [2026-06-16T11:53:53.296+0000] {dagbag.py:540} INFO - Filling up the DagBag from /opt/airflow/dags/sdp_pipeline_dag.py
[2026-06-16T11:53:53.340+0000] {processor.py:840} INFO - DAG(s) 'e-commerce_kafka_streaming_pipeline_v10' retrieved from /opt/airflow/dags/sdp_pipeline_dag.py
[2026-06-16T11:53:53.405+0000] {logging_mixin.py:188} INFO - [2026-06-16T11:53:53.404+0000] {dag.py:3096} INFO - Sync 1 DAGs
[2026-06-16T11:53:53.457+0000] {logging_mixin.py:188} INFO - [2026-06-16T11:53:53.457+0000] {dag.py:3954} INFO - Setting next_dagrun for e-commerce_kafka_streaming_pipeline_v10 to 2026-06-16 11:00:00+00:00, run_after=2026-06-16 12:00:00+00:00
[2026-06-16T11:53:53.491+0000] {processor.py:183} INFO - Processing /opt/airflow/dags/sdp_pipeline_dag.py took 0.212 seconds
[2026-06-16T11:54:23.838+0000] {processor.py:161} INFO - Started process (PID=602) to work on /opt/airflow/dags/sdp_pipeline_dag.py
[2026-06-16T11:54:23.840+0000] {processor.py:830} INFO - Processing file /opt/airflow/dags/sdp_pipeline_dag.py for tasks to queue
[2026-06-16T11:54:23.843+0000] {logging_mixin.py:188} INFO - [2026-06-16T11:54:23.843+0000] {dagbag.py:540} INFO - Filling up the DagBag from /opt/airflow/dags/sdp_pipeline_dag.py
[2026-06-16T11:54:23.883+0000] {processor.py:840} INFO - DAG(s) 'e-commerce_kafka_streaming_pipeline_v10' retrieved from /opt/airflow/dags/sdp_pipeline_dag.py
[2026-06-16T11:54:23.927+0000] {logging_mixin.py:188} INFO - [2026-06-16T11:54:23.926+0000] {dag.py:3096} INFO - Sync 1 DAGs
[2026-06-16T11:54:23.965+0000] {logging_mixin.py:188} INFO - [2026-06-16T11:54:23.965+0000] {dag.py:3954} INFO - Setting next_dagrun for e-commerce_kafka_streaming_pipeline_v10 to 2026-06-16 11:00:00+00:00, run_after=2026-06-16 12:00:00+00:00
[2026-06-16T11:54:24.001+0000] {processor.py:183} INFO - Processing /opt/airflow/dags/sdp_pipeline_dag.py took 0.172 seconds
[2026-06-16T11:54:54.317+0000] {processor.py:161} INFO - Started process (PID=607) to work on /opt/airflow/dags/sdp_pipeline_dag.py
[2026-06-16T11:54:54.319+0000] {processor.py:830} INFO - Processing file /opt/airflow/dags/sdp_pipeline_dag.py for tasks to queue
[2026-06-16T11:54:54.323+0000] {logging_mixin.py:188} INFO - [2026-06-16T11:54:54.323+0000] {dagbag.py:540} INFO - Filling up the DagBag from /opt/airflow/dags/sdp_pipeline_dag.py
[2026-06-16T11:54:54.360+0000] {processor.py:840} INFO - DAG(s) 'e-commerce_kafka_streaming_pipeline_v10' retrieved from /opt/airflow/dags/sdp_pipeline_dag.py
[2026-06-16T11:54:54.407+0000] {logging_mixin.py:188} INFO - [2026-06-16T11:54:54.407+0000] {dag.py:3096} INFO - Sync 1 DAGs
[2026-06-16T11:54:54.448+0000] {logging_mixin.py:188} INFO - [2026-06-16T11:54:54.447+0000] {dag.py:3954} INFO - Setting next_dagrun for e-commerce_kafka_streaming_pipeline_v10 to 2026-06-16 11:00:00+00:00, run_after=2026-06-16 12:00:00+00:00
[2026-06-16T11:54:54.478+0000] {processor.py:183} INFO - Processing /opt/airflow/dags/sdp_pipeline_dag.py took 0.173 seconds
[2026-06-16T11:55:24.892+0000] {processor.py:161} INFO - Started process (PID=612) to work on /opt/airflow/dags/sdp_pipeline_dag.py
[2026-06-16T11:55:24.894+0000] {processor.py:830} INFO - Processing file /opt/airflow/dags/sdp_pipeline_dag.py for tasks to queue
[2026-06-16T11:55:24.897+0000] {logging_mixin.py:188} INFO - [2026-06-16T11:55:24.896+0000] {dagbag.py:540} INFO - Filling up the DagBag from /opt/airflow/dags/sdp_pipeline_dag.py
[2026-06-16T11:55:24.924+0000] {processor.py:840} INFO - DAG(s) 'e-commerce_kafka_streaming_pipeline_v10' retrieved from /opt/airflow/dags/sdp_pipeline_dag.py
[2026-06-16T11:55:24.965+0000] {logging_mixin.py:188} INFO - [2026-06-16T11:55:24.965+0000] {dag.py:3096} INFO - Sync 1 DAGs
[2026-06-16T11:55:25.002+0000] {logging_mixin.py:188} INFO - [2026-06-16T11:55:25.001+0000] {dag.py:3954} INFO - Setting next_dagrun for e-commerce_kafka_streaming_pipeline_v10 to 2026-06-16 11:00:00+00:00, run_after=2026-06-16 12:00:00+00:00
[2026-06-16T11:55:25.031+0000] {processor.py:183} INFO - Processing /opt/airflow/dags/sdp_pipeline_dag.py took 0.148 seconds
[2026-06-16T11:55:55.243+0000] {processor.py:161} INFO - Started process (PID=617) to work on /opt/airflow/dags/sdp_pipeline_dag.py
[2026-06-16T11:55:55.245+0000] {processor.py:830} INFO - Processing file /opt/airflow/dags/sdp_pipeline_dag.py for tasks to queue
[2026-06-16T11:55:55.251+0000] {logging_mixin.py:188} INFO - [2026-06-16T11:55:55.250+0000] {dagbag.py:540} INFO - Filling up the DagBag from /opt/airflow/dags/sdp_pipeline_dag.py
[2026-06-16T11:55:55.287+0000] {processor.py:840} INFO - DAG(s) 'e-commerce_kafka_streaming_pipeline_v10' retrieved from /opt/airflow/dags/sdp_pipeline_dag.py
[2026-06-16T11:55:55.339+0000] {logging_mixin.py:188} INFO - [2026-06-16T11:55:55.339+0000] {dag.py:3096} INFO - Sync 1 DAGs
[2026-06-16T11:55:55.387+0000] {logging_mixin.py:188} INFO - [2026-06-16T11:55:55.386+0000] {dag.py:3954} INFO - Setting next_dagrun for e-commerce_kafka_streaming_pipeline_v10 to 2026-06-16 11:00:00+00:00, run_after=2026-06-16 12:00:00+00:00
[2026-06-16T11:55:55.426+0000] {processor.py:183} INFO - Processing /opt/airflow/dags/sdp_pipeline_dag.py took 0.194 seconds
[2026-06-16T11:56:25.782+0000] {processor.py:161} INFO - Started process (PID=622) to work on /opt/airflow/dags/sdp_pipeline_dag.py
[2026-06-16T11:56:25.784+0000] {processor.py:830} INFO - Processing file /opt/airflow/dags/sdp_pipeline_dag.py for tasks to queue
[2026-06-16T11:56:25.787+0000] {logging_mixin.py:188} INFO - [2026-06-16T11:56:25.786+0000] {dagbag.py:540} INFO - Filling up the DagBag from /opt/airflow/dags/sdp_pipeline_dag.py
[2026-06-16T11:56:25.828+0000] {processor.py:840} INFO - DAG(s) 'e-commerce_kafka_streaming_pipeline_v10' retrieved from /opt/airflow/dags/sdp_pipeline_dag.py
[2026-06-16T11:56:25.879+0000] {logging_mixin.py:188} INFO - [2026-06-16T11:56:25.879+0000] {dag.py:3096} INFO - Sync 1 DAGs
[2026-06-16T11:56:25.926+0000] {logging_mixin.py:188} INFO - [2026-06-16T11:56:25.926+0000] {dag.py:3954} INFO - Setting next_dagrun for e-commerce_kafka_streaming_pipeline_v10 to 2026-06-16 11:00:00+00:00, run_after=2026-06-16 12:00:00+00:00
[2026-06-16T11:56:25.961+0000] {processor.py:183} INFO - Processing /opt/airflow/dags/sdp_pipeline_dag.py took 0.188 seconds
[2026-06-16T11:56:56.229+0000] {processor.py:161} INFO - Started process (PID=627) to work on /opt/airflow/dags/sdp_pipeline_dag.py
[2026-06-16T11:56:56.231+0000] {processor.py:830} INFO - Processing file /opt/airflow/dags/sdp_pipeline_dag.py for tasks to queue
[2026-06-16T11:56:56.234+0000] {logging_mixin.py:188} INFO - [2026-06-16T11:56:56.233+0000] {dagbag.py:540} INFO - Filling up the DagBag from /opt/airflow/dags/sdp_pipeline_dag.py
[2026-06-16T11:56:56.269+0000] {processor.py:840} INFO - DAG(s) 'e-commerce_kafka_streaming_pipeline_v10' retrieved from /opt/airflow/dags/sdp_pipeline_dag.py
[2026-06-16T11:56:56.312+0000] {logging_mixin.py:188} INFO - [2026-06-16T11:56:56.311+0000] {dag.py:3096} INFO - Sync 1 DAGs
[2026-06-16T11:56:56.347+0000] {logging_mixin.py:188} INFO - [2026-06-16T11:56:56.347+0000] {dag.py:3954} INFO - Setting next_dagrun for e-commerce_kafka_streaming_pipeline_v10 to 2026-06-16 11:00:00+00:00, run_after=2026-06-16 12:00:00+00:00
[2026-06-16T11:56:56.384+0000] {processor.py:183} INFO - Processing /opt/airflow/dags/sdp_pipeline_dag.py took 0.164 seconds
[2026-06-16T11:57:26.832+0000] {processor.py:161} INFO - Started process (PID=632) to work on /opt/airflow/dags/sdp_pipeline_dag.py
[2026-06-16T11:57:26.834+0000] {processor.py:830} INFO - Processing file /opt/airflow/dags/sdp_pipeline_dag.py for tasks to queue
[2026-06-16T11:57:26.837+0000] {logging_mixin.py:188} INFO - [2026-06-16T11:57:26.837+0000] {dagbag.py:540} INFO - Filling up the DagBag from /opt/airflow/dags/sdp_pipeline_dag.py
[2026-06-16T11:57:26.876+0000] {processor.py:840} INFO - DAG(s) 'e-commerce_kafka_streaming_pipeline_v10' retrieved from /opt/airflow/dags/sdp_pipeline_dag.py
[2026-06-16T11:57:26.918+0000] {logging_mixin.py:188} INFO - [2026-06-16T11:57:26.918+0000] {dag.py:3096} INFO - Sync 1 DAGs
[2026-06-16T11:57:26.952+0000] {logging_mixin.py:188} INFO - [2026-06-16T11:57:26.952+0000] {dag.py:3954} INFO - Setting next_dagrun for e-commerce_kafka_streaming_pipeline_v10 to 2026-06-16 11:00:00+00:00, run_after=2026-06-16 12:00:00+00:00
[2026-06-16T11:57:26.985+0000] {processor.py:183} INFO - Processing /opt/airflow/dags/sdp_pipeline_dag.py took 0.161 seconds
[2026-06-16T11:57:57.237+0000] {processor.py:161} INFO - Started process (PID=637) to work on /opt/airflow/dags/sdp_pipeline_dag.py
[2026-06-16T11:57:57.239+0000] {processor.py:830} INFO - Processing file /opt/airflow/dags/sdp_pipeline_dag.py for tasks to queue
[2026-06-16T11:57:57.242+0000] {logging_mixin.py:188} INFO - [2026-06-16T11:57:57.241+0000] {dagbag.py:540} INFO - Filling up the DagBag from /opt/airflow/dags/sdp_pipeline_dag.py
[2026-06-16T11:57:57.276+0000] {processor.py:840} INFO - DAG(s) 'e-commerce_kafka_streaming_pipeline_v10' retrieved from /opt/airflow/dags/sdp_pipeline_dag.py
[2026-06-16T11:57:57.334+0000] {logging_mixin.py:188} INFO - [2026-06-16T11:57:57.333+0000] {dag.py:3096} INFO - Sync 1 DAGs
[2026-06-16T11:57:57.376+0000] {logging_mixin.py:188} INFO - [2026-06-16T11:57:57.376+0000] {dag.py:3954} INFO - Setting next_dagrun for e-commerce_kafka_streaming_pipeline_v10 to 2026-06-16 11:00:00+00:00, run_after=2026-06-16 12:00:00+00:00
[2026-06-16T11:57:57.415+0000] {processor.py:183} INFO - Processing /opt/airflow/dags/sdp_pipeline_dag.py took 0.190 seconds
[2026-06-16T11:58:27.862+0000] {processor.py:161} INFO - Started process (PID=642) to work on /opt/airflow/dags/sdp_pipeline_dag.py
[2026-06-16T11:58:27.864+0000] {processor.py:830} INFO - Processing file /opt/airflow/dags/sdp_pipeline_dag.py for tasks to queue
[2026-06-16T11:58:27.867+0000] {logging_mixin.py:188} INFO - [2026-06-16T11:58:27.866+0000] {dagbag.py:540} INFO - Filling up the DagBag from /opt/airflow/dags/sdp_pipeline_dag.py
[2026-06-16T11:58:27.903+0000] {processor.py:840} INFO - DAG(s) 'e-commerce_kafka_streaming_pipeline_v10' retrieved from /opt/airflow/dags/sdp_pipeline_dag.py
[2026-06-16T11:58:27.945+0000] {logging_mixin.py:188} INFO - [2026-06-16T11:58:27.945+0000] {dag.py:3096} INFO - Sync 1 DAGs
[2026-06-16T11:58:27.986+0000] {logging_mixin.py:188} INFO - [2026-06-16T11:58:27.985+0000] {dag.py:3954} INFO - Setting next_dagrun for e-commerce_kafka_streaming_pipeline_v10 to 2026-06-16 11:00:00+00:00, run_after=2026-06-16 12:00:00+00:00
[2026-06-16T11:58:28.019+0000] {processor.py:183} INFO - Processing /opt/airflow/dags/sdp_pipeline_dag.py took 0.166 seconds
[2026-06-16T11:58:58.392+0000] {processor.py:161} INFO - Started process (PID=647) to work on /opt/airflow/dags/sdp_pipeline_dag.py
[2026-06-16T11:58:58.394+0000] {processor.py:830} INFO - Processing file /opt/airflow/dags/sdp_pipeline_dag.py for tasks to queue
[2026-06-16T11:58:58.398+0000] {logging_mixin.py:188} INFO - [2026-06-16T11:58:58.397+0000] {dagbag.py:540} INFO - Filling up the DagBag from /opt/airflow/dags/sdp_pipeline_dag.py
[2026-06-16T11:58:58.427+0000] {processor.py:840} INFO - DAG(s) 'e-commerce_kafka_streaming_pipeline_v10' retrieved from /opt/airflow/dags/sdp_pipeline_dag.py
[2026-06-16T11:58:58.474+0000] {logging_mixin.py:188} INFO - [2026-06-16T11:58:58.474+0000] {dag.py:3096} INFO - Sync 1 DAGs
[2026-06-16T11:58:58.509+0000] {logging_mixin.py:188} INFO - [2026-06-16T11:58:58.509+0000] {dag.py:3954} INFO - Setting next_dagrun for e-commerce_kafka_streaming_pipeline_v10 to 2026-06-16 11:00:00+00:00, run_after=2026-06-16 12:00:00+00:00
[2026-06-16T11:58:58.544+0000] {processor.py:183} INFO - Processing /opt/airflow/dags/sdp_pipeline_dag.py took 0.162 seconds
[2026-06-16T11:59:28.884+0000] {processor.py:161} INFO - Started process (PID=652) to work on /opt/airflow/dags/sdp_pipeline_dag.py
[2026-06-16T11:59:28.885+0000] {processor.py:830} INFO - Processing file /opt/airflow/dags/sdp_pipeline_dag.py for tasks to queue
[2026-06-16T11:59:28.889+0000] {logging_mixin.py:188} INFO - [2026-06-16T11:59:28.888+0000] {dagbag.py:540} INFO - Filling up the DagBag from /opt/airflow/dags/sdp_pipeline_dag.py
[2026-06-16T11:59:28.927+0000] {processor.py:840} INFO - DAG(s) 'e-commerce_kafka_streaming_pipeline_v10' retrieved from /opt/airflow/dags/sdp_pipeline_dag.py
[2026-06-16T11:59:28.968+0000] {logging_mixin.py:188} INFO - [2026-06-16T11:59:28.968+0000] {dag.py:3096} INFO - Sync 1 DAGs
[2026-06-16T11:59:29.005+0000] {logging_mixin.py:188} INFO - [2026-06-16T11:59:29.005+0000] {dag.py:3954} INFO - Setting next_dagrun for e-commerce_kafka_streaming_pipeline_v10 to 2026-06-16 11:00:00+00:00, run_after=2026-06-16 12:00:00+00:00
[2026-06-16T11:59:29.039+0000] {processor.py:183} INFO - Processing /opt/airflow/dags/sdp_pipeline_dag.py took 0.165 seconds
[2026-06-16T11:59:59.371+0000] {processor.py:161} INFO - Started process (PID=657) to work on /opt/airflow/dags/sdp_pipeline_dag.py
[2026-06-16T11:59:59.373+0000] {processor.py:830} INFO - Processing file /opt/airflow/dags/sdp_pipeline_dag.py for tasks to queue
[2026-06-16T11:59:59.377+0000] {logging_mixin.py:188} INFO - [2026-06-16T11:59:59.376+0000] {dagbag.py:540} INFO - Filling up the DagBag from /opt/airflow/dags/sdp_pipeline_dag.py
[2026-06-16T11:59:59.411+0000] {processor.py:840} INFO - DAG(s) 'e-commerce_kafka_streaming_pipeline_v10' retrieved from /opt/airflow/dags/sdp_pipeline_dag.py
[2026-06-16T11:59:59.465+0000] {logging_mixin.py:188} INFO - [2026-06-16T11:59:59.465+0000] {dag.py:3096} INFO - Sync 1 DAGs
[2026-06-16T11:59:59.511+0000] {logging_mixin.py:188} INFO - [2026-06-16T11:59:59.511+0000] {dag.py:3954} INFO - Setting next_dagrun for e-commerce_kafka_streaming_pipeline_v10 to 2026-06-16 11:00:00+00:00, run_after=2026-06-16 12:00:00+00:00
[2026-06-16T11:59:59.569+0000] {processor.py:183} INFO - Processing /opt/airflow/dags/sdp_pipeline_dag.py took 0.208 seconds
[2026-06-16T12:00:29.710+0000] {processor.py:161} INFO - Started process (PID=678) to work on /opt/airflow/dags/sdp_pipeline_dag.py
[2026-06-16T12:00:29.712+0000] {processor.py:830} INFO - Processing file /opt/airflow/dags/sdp_pipeline_dag.py for tasks to queue
[2026-06-16T12:00:29.725+0000] {logging_mixin.py:188} INFO - [2026-06-16T12:00:29.725+0000] {dagbag.py:540} INFO - Filling up the DagBag from /opt/airflow/dags/sdp_pipeline_dag.py
[2026-06-16T12:00:29.795+0000] {processor.py:840} INFO - DAG(s) 'e-commerce_kafka_streaming_pipeline_v10' retrieved from /opt/airflow/dags/sdp_pipeline_dag.py
[2026-06-16T12:00:29.892+0000] {logging_mixin.py:188} INFO - [2026-06-16T12:00:29.892+0000] {dag.py:3096} INFO - Sync 1 DAGs
[2026-06-16T12:00:29.964+0000] {logging_mixin.py:188} INFO - [2026-06-16T12:00:29.963+0000] {dag.py:3954} INFO - Setting next_dagrun for e-commerce_kafka_streaming_pipeline_v10 to 2026-06-16 12:00:00+00:00, run_after=2026-06-16 13:00:00+00:00
[2026-06-16T12:00:30.032+0000] {processor.py:183} INFO - Processing /opt/airflow/dags/sdp_pipeline_dag.py took 0.341 seconds
[2026-06-16T12:01:00.452+0000] {processor.py:161} INFO - Started process (PID=683) to work on /opt/airflow/dags/sdp_pipeline_dag.py
[2026-06-16T12:01:00.454+0000] {processor.py:830} INFO - Processing file /opt/airflow/dags/sdp_pipeline_dag.py for tasks to queue
[2026-06-16T12:01:00.458+0000] {logging_mixin.py:188} INFO - [2026-06-16T12:01:00.457+0000] {dagbag.py:540} INFO - Filling up the DagBag from /opt/airflow/dags/sdp_pipeline_dag.py
[2026-06-16T12:01:00.508+0000] {processor.py:840} INFO - DAG(s) 'e-commerce_kafka_streaming_pipeline_v10' retrieved from /opt/airflow/dags/sdp_pipeline_dag.py
[2026-06-16T12:01:00.599+0000] {logging_mixin.py:188} INFO - [2026-06-16T12:01:00.598+0000] {dag.py:3096} INFO - Sync 1 DAGs
[2026-06-16T12:01:00.674+0000] {logging_mixin.py:188} INFO - [2026-06-16T12:01:00.673+0000] {dag.py:3954} INFO - Setting next_dagrun for e-commerce_kafka_streaming_pipeline_v10 to 2026-06-16 12:00:00+00:00, run_after=2026-06-16 13:00:00+00:00
[2026-06-16T12:01:00.736+0000] {processor.py:183} INFO - Processing /opt/airflow/dags/sdp_pipeline_dag.py took 0.311 seconds
[2026-06-16T12:42:35.732+0000] {processor.py:161} INFO - Started process (PID=688) to work on /opt/airflow/dags/sdp_pipeline_dag.py
[2026-06-16T12:42:35.745+0000] {processor.py:830} INFO - Processing file /opt/airflow/dags/sdp_pipeline_dag.py for tasks to queue
[2026-06-16T12:42:35.762+0000] {logging_mixin.py:188} INFO - [2026-06-16T12:42:35.761+0000] {dagbag.py:540} INFO - Filling up the DagBag from /opt/airflow/dags/sdp_pipeline_dag.py
[2026-06-16T12:42:35.937+0000] {processor.py:840} INFO - DAG(s) 'e-commerce_kafka_streaming_pipeline_v10' retrieved from /opt/airflow/dags/sdp_pipeline_dag.py
[2026-06-16T12:42:36.141+0000] {logging_mixin.py:188} INFO - [2026-06-16T12:42:36.140+0000] {dag.py:3096} INFO - Sync 1 DAGs
[2026-06-16T12:42:36.230+0000] {logging_mixin.py:188} INFO - [2026-06-16T12:42:36.229+0000] {dag.py:3954} INFO - Setting next_dagrun for e-commerce_kafka_streaming_pipeline_v10 to 2026-06-16 12:00:00+00:00, run_after=2026-06-16 13:00:00+00:00
[2026-06-16T12:42:36.304+0000] {processor.py:183} INFO - Processing /opt/airflow/dags/sdp_pipeline_dag.py took 0.687 seconds
[2026-06-16T12:43:06.724+0000] {processor.py:161} INFO - Started process (PID=695) to work on /opt/airflow/dags/sdp_pipeline_dag.py
[2026-06-16T12:43:06.735+0000] {processor.py:830} INFO - Processing file /opt/airflow/dags/sdp_pipeline_dag.py for tasks to queue
[2026-06-16T12:43:06.747+0000] {logging_mixin.py:188} INFO - [2026-06-16T12:43:06.746+0000] {dagbag.py:540} INFO - Filling up the DagBag from /opt/airflow/dags/sdp_pipeline_dag.py
[2026-06-16T12:43:06.823+0000] {processor.py:840} INFO - DAG(s) 'e-commerce_kafka_streaming_pipeline_v10' retrieved from /opt/airflow/dags/sdp_pipeline_dag.py
[2026-06-16T12:43:06.980+0000] {logging_mixin.py:188} INFO - [2026-06-16T12:43:06.979+0000] {taskinstance.py:2892} ERROR - {'DAG Id': 'e-commerce_kafka_streaming_pipeline_v10', 'Task Id': 'run_bronze', 'Run Id': 'scheduled__2026-06-16T11:00:00+00:00', 'Hostname': 'c5880b5b3b6f'}
[2026-06-16T12:43:07.102+0000] {logging_mixin.py:188} INFO - [2026-06-16T12:43:07.101+0000] {taskinstance.py:1205} INFO - Marking task as FAILED. dag_id=e-commerce_kafka_streaming_pipeline_v10, task_id=run_bronze, execution_date=20260616T110000, start_date=20260616T120006, end_date=20260616T124307
[2026-06-16T12:43:07.143+0000] {processor.py:791} INFO - Executed failure callback for <TaskInstance: e-commerce_kafka_streaming_pipeline_v10.run_bronze scheduled__2026-06-16T11:00:00+00:00 [failed]> in state failed
[2026-06-16T12:43:07.233+0000] {logging_mixin.py:188} INFO - [2026-06-16T12:43:07.233+0000] {dag.py:3096} INFO - Sync 1 DAGs
[2026-06-16T12:43:07.378+0000] {logging_mixin.py:188} INFO - [2026-06-16T12:43:07.377+0000] {dag.py:3954} INFO - Setting next_dagrun for e-commerce_kafka_streaming_pipeline_v10 to 2026-06-16 12:00:00+00:00, run_after=2026-06-16 13:00:00+00:00
[2026-06-16T12:43:07.519+0000] {processor.py:183} INFO - Processing /opt/airflow/dags/sdp_pipeline_dag.py took 0.829 seconds
[2026-06-16T12:43:37.942+0000] {processor.py:161} INFO - Started process (PID=700) to work on /opt/airflow/dags/sdp_pipeline_dag.py
[2026-06-16T12:43:37.944+0000] {processor.py:830} INFO - Processing file /opt/airflow/dags/sdp_pipeline_dag.py for tasks to queue
[2026-06-16T12:43:37.949+0000] {logging_mixin.py:188} INFO - [2026-06-16T12:43:37.948+0000] {dagbag.py:540} INFO - Filling up the DagBag from /opt/airflow/dags/sdp_pipeline_dag.py
[2026-06-16T12:43:37.994+0000] {processor.py:840} INFO - DAG(s) 'e-commerce_kafka_streaming_pipeline_v10' retrieved from /opt/airflow/dags/sdp_pipeline_dag.py
[2026-06-16T12:43:38.043+0000] {logging_mixin.py:188} INFO - [2026-06-16T12:43:38.042+0000] {dag.py:3096} INFO - Sync 1 DAGs
[2026-06-16T12:43:38.092+0000] {logging_mixin.py:188} INFO - [2026-06-16T12:43:38.091+0000] {dag.py:3954} INFO - Setting next_dagrun for e-commerce_kafka_streaming_pipeline_v10 to 2026-06-16 12:00:00+00:00, run_after=2026-06-16 13:00:00+00:00
[2026-06-16T12:43:38.143+0000] {processor.py:183} INFO - Processing /opt/airflow/dags/sdp_pipeline_dag.py took 0.214 seconds
[2026-06-16T12:44:08.409+0000] {processor.py:161} INFO - Started process (PID=705) to work on /opt/airflow/dags/sdp_pipeline_dag.py
[2026-06-16T12:44:08.411+0000] {processor.py:830} INFO - Processing file /opt/airflow/dags/sdp_pipeline_dag.py for tasks to queue
[2026-06-16T12:44:08.414+0000] {logging_mixin.py:188} INFO - [2026-06-16T12:44:08.413+0000] {dagbag.py:540} INFO - Filling up the DagBag from /opt/airflow/dags/sdp_pipeline_dag.py
[2026-06-16T12:44:08.448+0000] {processor.py:840} INFO - DAG(s) 'e-commerce_kafka_streaming_pipeline_v10' retrieved from /opt/airflow/dags/sdp_pipeline_dag.py
[2026-06-16T12:44:08.514+0000] {logging_mixin.py:188} INFO - [2026-06-16T12:44:08.513+0000] {dag.py:3096} INFO - Sync 1 DAGs
[2026-06-16T12:44:08.574+0000] {logging_mixin.py:188} INFO - [2026-06-16T12:44:08.573+0000] {dag.py:3954} INFO - Setting next_dagrun for e-commerce_kafka_streaming_pipeline_v10 to 2026-06-16 12:00:00+00:00, run_after=2026-06-16 13:00:00+00:00
[2026-06-16T12:44:08.618+0000] {processor.py:183} INFO - Processing /opt/airflow/dags/sdp_pipeline_dag.py took 0.218 seconds
[2026-06-16T12:44:38.723+0000] {processor.py:161} INFO - Started process (PID=710) to work on /opt/airflow/dags/sdp_pipeline_dag.py
[2026-06-16T12:44:38.724+0000] {processor.py:830} INFO - Processing file /opt/airflow/dags/sdp_pipeline_dag.py for tasks to queue
[2026-06-16T12:44:38.727+0000] {logging_mixin.py:188} INFO - [2026-06-16T12:44:38.727+0000] {dagbag.py:540} INFO - Filling up the DagBag from /opt/airflow/dags/sdp_pipeline_dag.py
[2026-06-16T12:44:38.760+0000] {processor.py:840} INFO - DAG(s) 'e-commerce_kafka_streaming_pipeline_v10' retrieved from /opt/airflow/dags/sdp_pipeline_dag.py
[2026-06-16T12:44:38.808+0000] {logging_mixin.py:188} INFO - [2026-06-16T12:44:38.807+0000] {dag.py:3096} INFO - Sync 1 DAGs
[2026-06-16T12:44:38.846+0000] {logging_mixin.py:188} INFO - [2026-06-16T12:44:38.845+0000] {dag.py:3954} INFO - Setting next_dagrun for e-commerce_kafka_streaming_pipeline_v10 to 2026-06-16 12:00:00+00:00, run_after=2026-06-16 13:00:00+00:00
[2026-06-16T12:44:38.886+0000] {processor.py:183} INFO - Processing /opt/airflow/dags/sdp_pipeline_dag.py took 0.174 seconds
[2026-06-16T12:45:09.062+0000] {processor.py:161} INFO - Started process (PID=715) to work on /opt/airflow/dags/sdp_pipeline_dag.py
[2026-06-16T12:45:09.063+0000] {processor.py:830} INFO - Processing file /opt/airflow/dags/sdp_pipeline_dag.py for tasks to queue
[2026-06-16T12:45:09.066+0000] {logging_mixin.py:188} INFO - [2026-06-16T12:45:09.066+0000] {dagbag.py:540} INFO - Filling up the DagBag from /opt/airflow/dags/sdp_pipeline_dag.py
[2026-06-16T12:45:09.103+0000] {processor.py:840} INFO - DAG(s) 'e-commerce_kafka_streaming_pipeline_v10' retrieved from /opt/airflow/dags/sdp_pipeline_dag.py
[2026-06-16T12:45:09.152+0000] {logging_mixin.py:188} INFO - [2026-06-16T12:45:09.152+0000] {dag.py:3096} INFO - Sync 1 DAGs
[2026-06-16T12:45:09.197+0000] {logging_mixin.py:188} INFO - [2026-06-16T12:45:09.197+0000] {dag.py:3954} INFO - Setting next_dagrun for e-commerce_kafka_streaming_pipeline_v10 to 2026-06-16 12:00:00+00:00, run_after=2026-06-16 13:00:00+00:00
[2026-06-16T12:45:09.233+0000] {processor.py:183} INFO - Processing /opt/airflow/dags/sdp_pipeline_dag.py took 0.183 seconds
[2026-06-16T12:45:39.593+0000] {processor.py:161} INFO - Started process (PID=720) to work on /opt/airflow/dags/sdp_pipeline_dag.py
[2026-06-16T12:45:39.595+0000] {processor.py:830} INFO - Processing file /opt/airflow/dags/sdp_pipeline_dag.py for tasks to queue
[2026-06-16T12:45:39.598+0000] {logging_mixin.py:188} INFO - [2026-06-16T12:45:39.597+0000] {dagbag.py:540} INFO - Filling up the DagBag from /opt/airflow/dags/sdp_pipeline_dag.py
[2026-06-16T12:45:39.637+0000] {processor.py:840} INFO - DAG(s) 'e-commerce_kafka_streaming_pipeline_v10' retrieved from /opt/airflow/dags/sdp_pipeline_dag.py
[2026-06-16T12:45:39.688+0000] {logging_mixin.py:188} INFO - [2026-06-16T12:45:39.687+0000] {dag.py:3096} INFO - Sync 1 DAGs
[2026-06-16T12:45:39.729+0000] {logging_mixin.py:188} INFO - [2026-06-16T12:45:39.729+0000] {dag.py:3954} INFO - Setting next_dagrun for e-commerce_kafka_streaming_pipeline_v10 to 2026-06-16 12:00:00+00:00, run_after=2026-06-16 13:00:00+00:00
[2026-06-16T12:45:39.763+0000] {processor.py:183} INFO - Processing /opt/airflow/dags/sdp_pipeline_dag.py took 0.180 seconds
[2026-06-16T12:46:09.972+0000] {processor.py:161} INFO - Started process (PID=725) to work on /opt/airflow/dags/sdp_pipeline_dag.py
[2026-06-16T12:46:09.974+0000] {processor.py:830} INFO - Processing file /opt/airflow/dags/sdp_pipeline_dag.py for tasks to queue
[2026-06-16T12:46:09.979+0000] {logging_mixin.py:188} INFO - [2026-06-16T12:46:09.976+0000] {dagbag.py:540} INFO - Filling up the DagBag from /opt/airflow/dags/sdp_pipeline_dag.py
[2026-06-16T12:46:10.020+0000] {processor.py:840} INFO - DAG(s) 'e-commerce_kafka_streaming_pipeline_v10' retrieved from /opt/airflow/dags/sdp_pipeline_dag.py
[2026-06-16T12:46:10.069+0000] {logging_mixin.py:188} INFO - [2026-06-16T12:46:10.068+0000] {dag.py:3096} INFO - Sync 1 DAGs
[2026-06-16T12:46:10.114+0000] {logging_mixin.py:188} INFO - [2026-06-16T12:46:10.114+0000] {dag.py:3954} INFO - Setting next_dagrun for e-commerce_kafka_streaming_pipeline_v10 to 2026-06-16 12:00:00+00:00, run_after=2026-06-16 13:00:00+00:00
[2026-06-16T12:46:10.152+0000] {processor.py:183} INFO - Processing /opt/airflow/dags/sdp_pipeline_dag.py took 0.192 seconds
[2026-06-16T12:46:40.354+0000] {processor.py:161} INFO - Started process (PID=730) to work on /opt/airflow/dags/sdp_pipeline_dag.py
[2026-06-16T12:46:40.356+0000] {processor.py:830} INFO - Processing file /opt/airflow/dags/sdp_pipeline_dag.py for tasks to queue
[2026-06-16T12:46:40.360+0000] {logging_mixin.py:188} INFO - [2026-06-16T12:46:40.359+0000] {dagbag.py:540} INFO - Filling up the DagBag from /opt/airflow/dags/sdp_pipeline_dag.py
[2026-06-16T12:46:40.405+0000] {processor.py:840} INFO - DAG(s) 'e-commerce_kafka_streaming_pipeline_v10' retrieved from /opt/airflow/dags/sdp_pipeline_dag.py
[2026-06-16T12:46:40.472+0000] {logging_mixin.py:188} INFO - [2026-06-16T12:46:40.472+0000] {dag.py:3096} INFO - Sync 1 DAGs
[2026-06-16T12:46:40.529+0000] {logging_mixin.py:188} INFO - [2026-06-16T12:46:40.529+0000] {dag.py:3954} INFO - Setting next_dagrun for e-commerce_kafka_streaming_pipeline_v10 to 2026-06-16 12:00:00+00:00, run_after=2026-06-16 13:00:00+00:00
[2026-06-16T12:46:40.576+0000] {processor.py:183} INFO - Processing /opt/airflow/dags/sdp_pipeline_dag.py took 0.235 seconds
[2026-06-16T12:47:10.761+0000] {processor.py:161} INFO - Started process (PID=735) to work on /opt/airflow/dags/sdp_pipeline_dag.py
[2026-06-16T12:47:10.763+0000] {processor.py:830} INFO - Processing file /opt/airflow/dags/sdp_pipeline_dag.py for tasks to queue
[2026-06-16T12:47:10.767+0000] {logging_mixin.py:188} INFO - [2026-06-16T12:47:10.767+0000] {dagbag.py:540} INFO - Filling up the DagBag from /opt/airflow/dags/sdp_pipeline_dag.py
[2026-06-16T12:47:10.813+0000] {processor.py:840} INFO - DAG(s) 'e-commerce_kafka_streaming_pipeline_v10' retrieved from /opt/airflow/dags/sdp_pipeline_dag.py
[2026-06-16T12:47:10.872+0000] {logging_mixin.py:188} INFO - [2026-06-16T12:47:10.872+0000] {dag.py:3096} INFO - Sync 1 DAGs
[2026-06-16T12:47:10.920+0000] {logging_mixin.py:188} INFO - [2026-06-16T12:47:10.920+0000] {dag.py:3954} INFO - Setting next_dagrun for e-commerce_kafka_streaming_pipeline_v10 to 2026-06-16 12:00:00+00:00, run_after=2026-06-16 13:00:00+00:00
[2026-06-16T12:47:10.962+0000] {processor.py:183} INFO - Processing /opt/airflow/dags/sdp_pipeline_dag.py took 0.213 seconds
[2026-06-16T12:47:41.295+0000] {processor.py:161} INFO - Started process (PID=740) to work on /opt/airflow/dags/sdp_pipeline_dag.py
[2026-06-16T12:47:41.296+0000] {processor.py:830} INFO - Processing file /opt/airflow/dags/sdp_pipeline_dag.py for tasks to queue
[2026-06-16T12:47:41.300+0000] {logging_mixin.py:188} INFO - [2026-06-16T12:47:41.300+0000] {dagbag.py:540} INFO - Filling up the DagBag from /opt/airflow/dags/sdp_pipeline_dag.py
[2026-06-16T12:47:41.358+0000] {processor.py:840} INFO - DAG(s) 'e-commerce_kafka_streaming_pipeline_v10' retrieved from /opt/airflow/dags/sdp_pipeline_dag.py
[2026-06-16T12:47:41.431+0000] {logging_mixin.py:188} INFO - [2026-06-16T12:47:41.431+0000] {dag.py:3096} INFO - Sync 1 DAGs
[2026-06-16T12:47:41.500+0000] {logging_mixin.py:188} INFO - [2026-06-16T12:47:41.499+0000] {dag.py:3954} INFO - Setting next_dagrun for e-commerce_kafka_streaming_pipeline_v10 to 2026-06-16 12:00:00+00:00, run_after=2026-06-16 13:00:00+00:00
[2026-06-16T12:47:41.561+0000] {processor.py:183} INFO - Processing /opt/airflow/dags/sdp_pipeline_dag.py took 0.284 seconds
[2026-06-16T12:48:11.969+0000] {processor.py:161} INFO - Started process (PID=745) to work on /opt/airflow/dags/sdp_pipeline_dag.py
[2026-06-16T12:48:11.972+0000] {processor.py:830} INFO - Processing file /opt/airflow/dags/sdp_pipeline_dag.py for tasks to queue
[2026-06-16T12:48:11.977+0000] {logging_mixin.py:188} INFO - [2026-06-16T12:48:11.976+0000] {dagbag.py:540} INFO - Filling up the DagBag from /opt/airflow/dags/sdp_pipeline_dag.py
[2026-06-16T12:48:12.018+0000] {processor.py:840} INFO - DAG(s) 'e-commerce_kafka_streaming_pipeline_v10' retrieved from /opt/airflow/dags/sdp_pipeline_dag.py
[2026-06-16T12:48:12.077+0000] {logging_mixin.py:188} INFO - [2026-06-16T12:48:12.076+0000] {dag.py:3096} INFO - Sync 1 DAGs
[2026-06-16T12:48:12.118+0000] {logging_mixin.py:188} INFO - [2026-06-16T12:48:12.118+0000] {dag.py:3954} INFO - Setting next_dagrun for e-commerce_kafka_streaming_pipeline_v10 to 2026-06-16 12:00:00+00:00, run_after=2026-06-16 13:00:00+00:00
[2026-06-16T12:48:12.152+0000] {processor.py:183} INFO - Processing /opt/airflow/dags/sdp_pipeline_dag.py took 0.195 seconds
[2026-06-16T12:48:42.300+0000] {processor.py:161} INFO - Started process (PID=750) to work on /opt/airflow/dags/sdp_pipeline_dag.py
[2026-06-16T12:48:42.301+0000] {processor.py:830} INFO - Processing file /opt/airflow/dags/sdp_pipeline_dag.py for tasks to queue
[2026-06-16T12:48:42.304+0000] {logging_mixin.py:188} INFO - [2026-06-16T12:48:42.304+0000] {dagbag.py:540} INFO - Filling up the DagBag from /opt/airflow/dags/sdp_pipeline_dag.py
[2026-06-16T12:48:42.347+0000] {processor.py:840} INFO - DAG(s) 'e-commerce_kafka_streaming_pipeline_v10' retrieved from /opt/airflow/dags/sdp_pipeline_dag.py
[2026-06-16T12:48:42.394+0000] {logging_mixin.py:188} INFO - [2026-06-16T12:48:42.394+0000] {dag.py:3096} INFO - Sync 1 DAGs
[2026-06-16T12:48:42.431+0000] {logging_mixin.py:188} INFO - [2026-06-16T12:48:42.431+0000] {dag.py:3954} INFO - Setting next_dagrun for e-commerce_kafka_streaming_pipeline_v10 to 2026-06-16 12:00:00+00:00, run_after=2026-06-16 13:00:00+00:00
[2026-06-16T12:48:42.464+0000] {processor.py:183} INFO - Processing /opt/airflow/dags/sdp_pipeline_dag.py took 0.177 seconds
[2026-06-16T12:49:12.844+0000] {processor.py:161} INFO - Started process (PID=755) to work on /opt/airflow/dags/sdp_pipeline_dag.py
[2026-06-16T12:49:12.846+0000] {processor.py:830} INFO - Processing file /opt/airflow/dags/sdp_pipeline_dag.py for tasks to queue
[2026-06-16T12:49:12.850+0000] {logging_mixin.py:188} INFO - [2026-06-16T12:49:12.849+0000] {dagbag.py:540} INFO - Filling up the DagBag from /opt/airflow/dags/sdp_pipeline_dag.py
[2026-06-16T12:49:12.891+0000] {processor.py:840} INFO - DAG(s) 'e-commerce_kafka_streaming_pipeline_v10' retrieved from /opt/airflow/dags/sdp_pipeline_dag.py
[2026-06-16T12:49:12.940+0000] {logging_mixin.py:188} INFO - [2026-06-16T12:49:12.940+0000] {dag.py:3096} INFO - Sync 1 DAGs
[2026-06-16T12:49:12.981+0000] {logging_mixin.py:188} INFO - [2026-06-16T12:49:12.981+0000] {dag.py:3954} INFO - Setting next_dagrun for e-commerce_kafka_streaming_pipeline_v10 to 2026-06-16 12:00:00+00:00, run_after=2026-06-16 13:00:00+00:00
[2026-06-16T12:49:13.013+0000] {processor.py:183} INFO - Processing /opt/airflow/dags/sdp_pipeline_dag.py took 0.177 seconds
[2026-06-16T12:49:43.117+0000] {processor.py:161} INFO - Started process (PID=760) to work on /opt/airflow/dags/sdp_pipeline_dag.py
[2026-06-16T12:49:43.119+0000] {processor.py:830} INFO - Processing file /opt/airflow/dags/sdp_pipeline_dag.py for tasks to queue
[2026-06-16T12:49:43.122+0000] {logging_mixin.py:188} INFO - [2026-06-16T12:49:43.122+0000] {dagbag.py:540} INFO - Filling up the DagBag from /opt/airflow/dags/sdp_pipeline_dag.py
[2026-06-16T12:49:43.160+0000] {processor.py:840} INFO - DAG(s) 'e-commerce_kafka_streaming_pipeline_v10' retrieved from /opt/airflow/dags/sdp_pipeline_dag.py
[2026-06-16T12:49:43.212+0000] {logging_mixin.py:188} INFO - [2026-06-16T12:49:43.211+0000] {dag.py:3096} INFO - Sync 1 DAGs
[2026-06-16T12:49:43.262+0000] {logging_mixin.py:188} INFO - [2026-06-16T12:49:43.261+0000] {dag.py:3954} INFO - Setting next_dagrun for e-commerce_kafka_streaming_pipeline_v10 to 2026-06-16 12:00:00+00:00, run_after=2026-06-16 13:00:00+00:00
[2026-06-16T12:49:43.295+0000] {processor.py:183} INFO - Processing /opt/airflow/dags/sdp_pipeline_dag.py took 0.188 seconds
[2026-06-16T12:50:13.622+0000] {processor.py:161} INFO - Started process (PID=765) to work on /opt/airflow/dags/sdp_pipeline_dag.py
[2026-06-16T12:50:13.624+0000] {processor.py:830} INFO - Processing file /opt/airflow/dags/sdp_pipeline_dag.py for tasks to queue
[2026-06-16T12:50:13.627+0000] {logging_mixin.py:188} INFO - [2026-06-16T12:50:13.627+0000] {dagbag.py:540} INFO - Filling up the DagBag from /opt/airflow/dags/sdp_pipeline_dag.py
[2026-06-16T12:50:13.663+0000] {processor.py:840} INFO - DAG(s) 'e-commerce_kafka_streaming_pipeline_v10' retrieved from /opt/airflow/dags/sdp_pipeline_dag.py
[2026-06-16T12:50:13.720+0000] {logging_mixin.py:188} INFO - [2026-06-16T12:50:13.719+0000] {dag.py:3096} INFO - Sync 1 DAGs
[2026-06-16T12:50:13.757+0000] {logging_mixin.py:188} INFO - [2026-06-16T12:50:13.756+0000] {dag.py:3954} INFO - Setting next_dagrun for e-commerce_kafka_streaming_pipeline_v10 to 2026-06-16 12:00:00+00:00, run_after=2026-06-16 13:00:00+00:00
[2026-06-16T12:50:13.791+0000] {processor.py:183} INFO - Processing /opt/airflow/dags/sdp_pipeline_dag.py took 0.180 seconds
[2026-06-16T12:50:43.993+0000] {processor.py:161} INFO - Started process (PID=770) to work on /opt/airflow/dags/sdp_pipeline_dag.py
[2026-06-16T12:50:43.996+0000] {processor.py:830} INFO - Processing file /opt/airflow/dags/sdp_pipeline_dag.py for tasks to queue
[2026-06-16T12:50:44.005+0000] {logging_mixin.py:188} INFO - [2026-06-16T12:50:44.004+0000] {dagbag.py:540} INFO - Filling up the DagBag from /opt/airflow/dags/sdp_pipeline_dag.py
[2026-06-16T12:50:44.062+0000] {processor.py:840} INFO - DAG(s) 'e-commerce_kafka_streaming_pipeline_v10' retrieved from /opt/airflow/dags/sdp_pipeline_dag.py
[2026-06-16T12:50:44.168+0000] {logging_mixin.py:188} INFO - [2026-06-16T12:50:44.167+0000] {dag.py:3096} INFO - Sync 1 DAGs
[2026-06-16T12:50:44.212+0000] {logging_mixin.py:188} INFO - [2026-06-16T12:50:44.212+0000] {dag.py:3954} INFO - Setting next_dagrun for e-commerce_kafka_streaming_pipeline_v10 to 2026-06-16 12:00:00+00:00, run_after=2026-06-16 13:00:00+00:00
[2026-06-16T12:50:44.248+0000] {processor.py:183} INFO - Processing /opt/airflow/dags/sdp_pipeline_dag.py took 0.272 seconds
[2026-06-16T12:51:14.471+0000] {processor.py:161} INFO - Started process (PID=775) to work on /opt/airflow/dags/sdp_pipeline_dag.py
[2026-06-16T12:51:14.476+0000] {processor.py:830} INFO - Processing file /opt/airflow/dags/sdp_pipeline_dag.py for tasks to queue
[2026-06-16T12:51:14.481+0000] {logging_mixin.py:188} INFO - [2026-06-16T12:51:14.480+0000] {dagbag.py:540} INFO - Filling up the DagBag from /opt/airflow/dags/sdp_pipeline_dag.py
[2026-06-16T12:51:14.525+0000] {processor.py:840} INFO - DAG(s) 'e-commerce_kafka_streaming_pipeline_v10' retrieved from /opt/airflow/dags/sdp_pipeline_dag.py
[2026-06-16T12:51:14.595+0000] {logging_mixin.py:188} INFO - [2026-06-16T12:51:14.594+0000] {dag.py:3096} INFO - Sync 1 DAGs
[2026-06-16T12:51:14.643+0000] {logging_mixin.py:188} INFO - [2026-06-16T12:51:14.642+0000] {dag.py:3954} INFO - Setting next_dagrun for e-commerce_kafka_streaming_pipeline_v10 to 2026-06-16 12:00:00+00:00, run_after=2026-06-16 13:00:00+00:00
[2026-06-16T12:51:14.673+0000] {processor.py:183} INFO - Processing /opt/airflow/dags/sdp_pipeline_dag.py took 0.217 seconds
[2026-06-16T12:51:44.927+0000] {processor.py:161} INFO - Started process (PID=780) to work on /opt/airflow/dags/sdp_pipeline_dag.py
[2026-06-16T12:51:44.929+0000] {processor.py:830} INFO - Processing file /opt/airflow/dags/sdp_pipeline_dag.py for tasks to queue
[2026-06-16T12:51:44.933+0000] {logging_mixin.py:188} INFO - [2026-06-16T12:51:44.932+0000] {dagbag.py:540} INFO - Filling up the DagBag from /opt/airflow/dags/sdp_pipeline_dag.py
[2026-06-16T12:51:44.975+0000] {processor.py:840} INFO - DAG(s) 'e-commerce_kafka_streaming_pipeline_v10' retrieved from /opt/airflow/dags/sdp_pipeline_dag.py
[2026-06-16T12:51:45.025+0000] {logging_mixin.py:188} INFO - [2026-06-16T12:51:45.025+0000] {dag.py:3096} INFO - Sync 1 DAGs
[2026-06-16T12:51:45.068+0000] {logging_mixin.py:188} INFO - [2026-06-16T12:51:45.068+0000] {dag.py:3954} INFO - Setting next_dagrun for e-commerce_kafka_streaming_pipeline_v10 to 2026-06-16 12:00:00+00:00, run_after=2026-06-16 13:00:00+00:00
[2026-06-16T12:51:45.111+0000] {processor.py:183} INFO - Processing /opt/airflow/dags/sdp_pipeline_dag.py took 0.198 seconds
[2026-06-16T12:52:15.255+0000] {processor.py:161} INFO - Started process (PID=785) to work on /opt/airflow/dags/sdp_pipeline_dag.py
[2026-06-16T12:52:15.256+0000] {processor.py:830} INFO - Processing file /opt/airflow/dags/sdp_pipeline_dag.py for tasks to queue
[2026-06-16T12:52:15.259+0000] {logging_mixin.py:188} INFO - [2026-06-16T12:52:15.259+0000] {dagbag.py:540} INFO - Filling up the DagBag from /opt/airflow/dags/sdp_pipeline_dag.py
[2026-06-16T12:52:15.290+0000] {processor.py:840} INFO - DAG(s) 'e-commerce_kafka_streaming_pipeline_v10' retrieved from /opt/airflow/dags/sdp_pipeline_dag.py
[2026-06-16T12:52:15.341+0000] {logging_mixin.py:188} INFO - [2026-06-16T12:52:15.340+0000] {dag.py:3096} INFO - Sync 1 DAGs
[2026-06-16T12:52:15.389+0000] {logging_mixin.py:188} INFO - [2026-06-16T12:52:15.389+0000] {dag.py:3954} INFO - Setting next_dagrun for e-commerce_kafka_streaming_pipeline_v10 to 2026-06-16 12:00:00+00:00, run_after=2026-06-16 13:00:00+00:00
[2026-06-16T12:52:15.424+0000] {processor.py:183} INFO - Processing /opt/airflow/dags/sdp_pipeline_dag.py took 0.179 seconds
[2026-06-16T12:52:46.010+0000] {processor.py:161} INFO - Started process (PID=790) to work on /opt/airflow/dags/sdp_pipeline_dag.py
[2026-06-16T12:52:46.012+0000] {processor.py:830} INFO - Processing file /opt/airflow/dags/sdp_pipeline_dag.py for tasks to queue
[2026-06-16T12:52:46.018+0000] {logging_mixin.py:188} INFO - [2026-06-16T12:52:46.018+0000] {dagbag.py:540} INFO - Filling up the DagBag from /opt/airflow/dags/sdp_pipeline_dag.py
[2026-06-16T12:52:46.051+0000] {processor.py:840} INFO - DAG(s) 'e-commerce_kafka_streaming_pipeline_v10' retrieved from /opt/airflow/dags/sdp_pipeline_dag.py
[2026-06-16T12:52:46.102+0000] {logging_mixin.py:188} INFO - [2026-06-16T12:52:46.102+0000] {dag.py:3096} INFO - Sync 1 DAGs
[2026-06-16T12:52:46.142+0000] {logging_mixin.py:188} INFO - [2026-06-16T12:52:46.142+0000] {dag.py:3954} INFO - Setting next_dagrun for e-commerce_kafka_streaming_pipeline_v10 to 2026-06-16 12:00:00+00:00, run_after=2026-06-16 13:00:00+00:00
[2026-06-16T12:52:46.178+0000] {processor.py:183} INFO - Processing /opt/airflow/dags/sdp_pipeline_dag.py took 0.176 seconds
[2026-06-16T12:53:16.366+0000] {processor.py:161} INFO - Started process (PID=795) to work on /opt/airflow/dags/sdp_pipeline_dag.py
[2026-06-16T12:53:16.371+0000] {processor.py:830} INFO - Processing file /opt/airflow/dags/sdp_pipeline_dag.py for tasks to queue
[2026-06-16T12:53:16.374+0000] {logging_mixin.py:188} INFO - [2026-06-16T12:53:16.373+0000] {dagbag.py:540} INFO - Filling up the DagBag from /opt/airflow/dags/sdp_pipeline_dag.py
[2026-06-16T12:53:16.414+0000] {processor.py:840} INFO - DAG(s) 'e-commerce_kafka_streaming_pipeline_v10' retrieved from /opt/airflow/dags/sdp_pipeline_dag.py
[2026-06-16T12:53:16.488+0000] {logging_mixin.py:188} INFO - [2026-06-16T12:53:16.488+0000] {dag.py:3096} INFO - Sync 1 DAGs
[2026-06-16T12:53:16.560+0000] {logging_mixin.py:188} INFO - [2026-06-16T12:53:16.560+0000] {dag.py:3954} INFO - Setting next_dagrun for e-commerce_kafka_streaming_pipeline_v10 to 2026-06-16 12:00:00+00:00, run_after=2026-06-16 13:00:00+00:00
[2026-06-16T12:53:16.625+0000] {processor.py:183} INFO - Processing /opt/airflow/dags/sdp_pipeline_dag.py took 0.275 seconds
[2026-06-16T12:53:46.941+0000] {processor.py:161} INFO - Started process (PID=800) to work on /opt/airflow/dags/sdp_pipeline_dag.py
[2026-06-16T12:53:46.943+0000] {processor.py:830} INFO - Processing file /opt/airflow/dags/sdp_pipeline_dag.py for tasks to queue
[2026-06-16T12:53:46.946+0000] {logging_mixin.py:188} INFO - [2026-06-16T12:53:46.945+0000] {dagbag.py:540} INFO - Filling up the DagBag from /opt/airflow/dags/sdp_pipeline_dag.py
[2026-06-16T12:53:46.984+0000] {processor.py:840} INFO - DAG(s) 'e-commerce_kafka_streaming_pipeline_v10' retrieved from /opt/airflow/dags/sdp_pipeline_dag.py
[2026-06-16T12:53:47.028+0000] {logging_mixin.py:188} INFO - [2026-06-16T12:53:47.028+0000] {dag.py:3096} INFO - Sync 1 DAGs
[2026-06-16T12:53:47.072+0000] {logging_mixin.py:188} INFO - [2026-06-16T12:53:47.071+0000] {dag.py:3954} INFO - Setting next_dagrun for e-commerce_kafka_streaming_pipeline_v10 to 2026-06-16 12:00:00+00:00, run_after=2026-06-16 13:00:00+00:00
[2026-06-16T12:53:47.105+0000] {processor.py:183} INFO - Processing /opt/airflow/dags/sdp_pipeline_dag.py took 0.173 seconds
[2026-06-16T12:54:17.474+0000] {processor.py:161} INFO - Started process (PID=805) to work on /opt/airflow/dags/sdp_pipeline_dag.py
[2026-06-16T12:54:17.476+0000] {processor.py:830} INFO - Processing file /opt/airflow/dags/sdp_pipeline_dag.py for tasks to queue
[2026-06-16T12:54:17.479+0000] {logging_mixin.py:188} INFO - [2026-06-16T12:54:17.478+0000] {dagbag.py:540} INFO - Filling up the DagBag from /opt/airflow/dags/sdp_pipeline_dag.py
[2026-06-16T12:54:17.515+0000] {processor.py:840} INFO - DAG(s) 'e-commerce_kafka_streaming_pipeline_v10' retrieved from /opt/airflow/dags/sdp_pipeline_dag.py
[2026-06-16T12:54:17.557+0000] {logging_mixin.py:188} INFO - [2026-06-16T12:54:17.556+0000] {dag.py:3096} INFO - Sync 1 DAGs
[2026-06-16T12:54:17.592+0000] {logging_mixin.py:188} INFO - [2026-06-16T12:54:17.592+0000] {dag.py:3954} INFO - Setting next_dagrun for e-commerce_kafka_streaming_pipeline_v10 to 2026-06-16 12:00:00+00:00, run_after=2026-06-16 13:00:00+00:00
[2026-06-16T12:54:17.625+0000] {processor.py:183} INFO - Processing /opt/airflow/dags/sdp_pipeline_dag.py took 0.159 seconds
[2026-06-16T12:54:47.905+0000] {processor.py:161} INFO - Started process (PID=810) to work on /opt/airflow/dags/sdp_pipeline_dag.py
[2026-06-16T12:54:47.907+0000] {processor.py:830} INFO - Processing file /opt/airflow/dags/sdp_pipeline_dag.py for tasks to queue
[2026-06-16T12:54:47.910+0000] {logging_mixin.py:188} INFO - [2026-06-16T12:54:47.909+0000] {dagbag.py:540} INFO - Filling up the DagBag from /opt/airflow/dags/sdp_pipeline_dag.py
[2026-06-16T12:54:47.935+0000] {processor.py:840} INFO - DAG(s) 'e-commerce_kafka_streaming_pipeline_v10' retrieved from /opt/airflow/dags/sdp_pipeline_dag.py
[2026-06-16T12:54:47.979+0000] {logging_mixin.py:188} INFO - [2026-06-16T12:54:47.978+0000] {dag.py:3096} INFO - Sync 1 DAGs
[2026-06-16T12:54:48.023+0000] {logging_mixin.py:188} INFO - [2026-06-16T12:54:48.022+0000] {dag.py:3954} INFO - Setting next_dagrun for e-commerce_kafka_streaming_pipeline_v10 to 2026-06-16 12:00:00+00:00, run_after=2026-06-16 13:00:00+00:00
[2026-06-16T12:54:48.055+0000] {processor.py:183} INFO - Processing /opt/airflow/dags/sdp_pipeline_dag.py took 0.159 seconds
[2026-06-16T12:55:18.283+0000] {processor.py:161} INFO - Started process (PID=815) to work on /opt/airflow/dags/sdp_pipeline_dag.py
[2026-06-16T12:55:18.285+0000] {processor.py:830} INFO - Processing file /opt/airflow/dags/sdp_pipeline_dag.py for tasks to queue
[2026-06-16T12:55:18.288+0000] {logging_mixin.py:188} INFO - [2026-06-16T12:55:18.288+0000] {dagbag.py:540} INFO - Filling up the DagBag from /opt/airflow/dags/sdp_pipeline_dag.py
[2026-06-16T12:55:18.326+0000] {processor.py:840} INFO - DAG(s) 'e-commerce_kafka_streaming_pipeline_v10' retrieved from /opt/airflow/dags/sdp_pipeline_dag.py
[2026-06-16T12:55:18.375+0000] {logging_mixin.py:188} INFO - [2026-06-16T12:55:18.374+0000] {dag.py:3096} INFO - Sync 1 DAGs
[2026-06-16T12:55:18.412+0000] {logging_mixin.py:188} INFO - [2026-06-16T12:55:18.412+0000] {dag.py:3954} INFO - Setting next_dagrun for e-commerce_kafka_streaming_pipeline_v10 to 2026-06-16 12:00:00+00:00, run_after=2026-06-16 13:00:00+00:00
[2026-06-16T12:55:18.447+0000] {processor.py:183} INFO - Processing /opt/airflow/dags/sdp_pipeline_dag.py took 0.174 seconds
[2026-06-16T12:55:48.754+0000] {processor.py:161} INFO - Started process (PID=820) to work on /opt/airflow/dags/sdp_pipeline_dag.py
[2026-06-16T12:55:48.756+0000] {processor.py:830} INFO - Processing file /opt/airflow/dags/sdp_pipeline_dag.py for tasks to queue
[2026-06-16T12:55:48.759+0000] {logging_mixin.py:188} INFO - [2026-06-16T12:55:48.759+0000] {dagbag.py:540} INFO - Filling up the DagBag from /opt/airflow/dags/sdp_pipeline_dag.py
[2026-06-16T12:55:48.797+0000] {processor.py:840} INFO - DAG(s) 'e-commerce_kafka_streaming_pipeline_v10' retrieved from /opt/airflow/dags/sdp_pipeline_dag.py
[2026-06-16T12:55:48.840+0000] {logging_mixin.py:188} INFO - [2026-06-16T12:55:48.839+0000] {dag.py:3096} INFO - Sync 1 DAGs
[2026-06-16T12:55:48.875+0000] {logging_mixin.py:188} INFO - [2026-06-16T12:55:48.875+0000] {dag.py:3954} INFO - Setting next_dagrun for e-commerce_kafka_streaming_pipeline_v10 to 2026-06-16 12:00:00+00:00, run_after=2026-06-16 13:00:00+00:00
[2026-06-16T12:55:48.909+0000] {processor.py:183} INFO - Processing /opt/airflow/dags/sdp_pipeline_dag.py took 0.163 seconds
[2026-06-16T12:56:19.204+0000] {processor.py:161} INFO - Started process (PID=825) to work on /opt/airflow/dags/sdp_pipeline_dag.py
[2026-06-16T12:56:19.206+0000] {processor.py:830} INFO - Processing file /opt/airflow/dags/sdp_pipeline_dag.py for tasks to queue
[2026-06-16T12:56:19.209+0000] {logging_mixin.py:188} INFO - [2026-06-16T12:56:19.209+0000] {dagbag.py:540} INFO - Filling up the DagBag from /opt/airflow/dags/sdp_pipeline_dag.py
[2026-06-16T12:56:19.248+0000] {processor.py:840} INFO - DAG(s) 'e-commerce_kafka_streaming_pipeline_v10' retrieved from /opt/airflow/dags/sdp_pipeline_dag.py
[2026-06-16T12:56:19.293+0000] {logging_mixin.py:188} INFO - [2026-06-16T12:56:19.292+0000] {dag.py:3096} INFO - Sync 1 DAGs
[2026-06-16T12:56:19.328+0000] {logging_mixin.py:188} INFO - [2026-06-16T12:56:19.327+0000] {dag.py:3954} INFO - Setting next_dagrun for e-commerce_kafka_streaming_pipeline_v10 to 2026-06-16 12:00:00+00:00, run_after=2026-06-16 13:00:00+00:00
[2026-06-16T12:56:19.376+0000] {processor.py:183} INFO - Processing /opt/airflow/dags/sdp_pipeline_dag.py took 0.181 seconds
[2026-06-16T12:56:49.677+0000] {processor.py:161} INFO - Started process (PID=830) to work on /opt/airflow/dags/sdp_pipeline_dag.py
[2026-06-16T12:56:49.681+0000] {processor.py:830} INFO - Processing file /opt/airflow/dags/sdp_pipeline_dag.py for tasks to queue
[2026-06-16T12:56:49.685+0000] {logging_mixin.py:188} INFO - [2026-06-16T12:56:49.685+0000] {dagbag.py:540} INFO - Filling up the DagBag from /opt/airflow/dags/sdp_pipeline_dag.py
[2026-06-16T12:56:49.728+0000] {processor.py:840} INFO - DAG(s) 'e-commerce_kafka_streaming_pipeline_v10' retrieved from /opt/airflow/dags/sdp_pipeline_dag.py
[2026-06-16T12:56:49.790+0000] {logging_mixin.py:188} INFO - [2026-06-16T12:56:49.789+0000] {dag.py:3096} INFO - Sync 1 DAGs
[2026-06-16T12:56:49.837+0000] {logging_mixin.py:188} INFO - [2026-06-16T12:56:49.837+0000] {dag.py:3954} INFO - Setting next_dagrun for e-commerce_kafka_streaming_pipeline_v10 to 2026-06-16 12:00:00+00:00, run_after=2026-06-16 13:00:00+00:00
[2026-06-16T12:56:49.875+0000] {processor.py:183} INFO - Processing /opt/airflow/dags/sdp_pipeline_dag.py took 0.219 seconds
[2026-06-16T12:57:20.120+0000] {processor.py:161} INFO - Started process (PID=835) to work on /opt/airflow/dags/sdp_pipeline_dag.py
[2026-06-16T12:57:20.123+0000] {processor.py:830} INFO - Processing file /opt/airflow/dags/sdp_pipeline_dag.py for tasks to queue
[2026-06-16T12:57:20.127+0000] {logging_mixin.py:188} INFO - [2026-06-16T12:57:20.126+0000] {dagbag.py:540} INFO - Filling up the DagBag from /opt/airflow/dags/sdp_pipeline_dag.py
[2026-06-16T12:57:20.167+0000] {processor.py:840} INFO - DAG(s) 'e-commerce_kafka_streaming_pipeline_v10' retrieved from /opt/airflow/dags/sdp_pipeline_dag.py
[2026-06-16T12:57:20.211+0000] {logging_mixin.py:188} INFO - [2026-06-16T12:57:20.210+0000] {dag.py:3096} INFO - Sync 1 DAGs
[2026-06-16T12:57:20.247+0000] {logging_mixin.py:188} INFO - [2026-06-16T12:57:20.247+0000] {dag.py:3954} INFO - Setting next_dagrun for e-commerce_kafka_streaming_pipeline_v10 to 2026-06-16 12:00:00+00:00, run_after=2026-06-16 13:00:00+00:00
[2026-06-16T12:57:20.277+0000] {processor.py:183} INFO - Processing /opt/airflow/dags/sdp_pipeline_dag.py took 0.167 seconds
[2026-06-16T12:57:50.632+0000] {processor.py:161} INFO - Started process (PID=840) to work on /opt/airflow/dags/sdp_pipeline_dag.py
[2026-06-16T12:57:50.635+0000] {processor.py:830} INFO - Processing file /opt/airflow/dags/sdp_pipeline_dag.py for tasks to queue
[2026-06-16T12:57:50.639+0000] {logging_mixin.py:188} INFO - [2026-06-16T12:57:50.638+0000] {dagbag.py:540} INFO - Filling up the DagBag from /opt/airflow/dags/sdp_pipeline_dag.py
[2026-06-16T12:57:50.689+0000] {processor.py:840} INFO - DAG(s) 'e-commerce_kafka_streaming_pipeline_v10' retrieved from /opt/airflow/dags/sdp_pipeline_dag.py
[2026-06-16T12:57:50.732+0000] {logging_mixin.py:188} INFO - [2026-06-16T12:57:50.731+0000] {dag.py:3096} INFO - Sync 1 DAGs
[2026-06-16T12:57:50.767+0000] {logging_mixin.py:188} INFO - [2026-06-16T12:57:50.767+0000] {dag.py:3954} INFO - Setting next_dagrun for e-commerce_kafka_streaming_pipeline_v10 to 2026-06-16 12:00:00+00:00, run_after=2026-06-16 13:00:00+00:00
[2026-06-16T12:57:50.799+0000] {processor.py:183} INFO - Processing /opt/airflow/dags/sdp_pipeline_dag.py took 0.175 seconds
[2026-06-16T12:58:21.100+0000] {processor.py:161} INFO - Started process (PID=845) to work on /opt/airflow/dags/sdp_pipeline_dag.py
[2026-06-16T12:58:21.102+0000] {processor.py:830} INFO - Processing file /opt/airflow/dags/sdp_pipeline_dag.py for tasks to queue
[2026-06-16T12:58:21.105+0000] {logging_mixin.py:188} INFO - [2026-06-16T12:58:21.104+0000] {dagbag.py:540} INFO - Filling up the DagBag from /opt/airflow/dags/sdp_pipeline_dag.py
[2026-06-16T12:58:21.134+0000] {processor.py:840} INFO - DAG(s) 'e-commerce_kafka_streaming_pipeline_v10' retrieved from /opt/airflow/dags/sdp_pipeline_dag.py
[2026-06-16T12:58:21.180+0000] {logging_mixin.py:188} INFO - [2026-06-16T12:58:21.180+0000] {dag.py:3096} INFO - Sync 1 DAGs
[2026-06-16T12:58:21.217+0000] {logging_mixin.py:188} INFO - [2026-06-16T12:58:21.217+0000] {dag.py:3954} INFO - Setting next_dagrun for e-commerce_kafka_streaming_pipeline_v10 to 2026-06-16 12:00:00+00:00, run_after=2026-06-16 13:00:00+00:00
[2026-06-16T12:58:21.251+0000] {processor.py:183} INFO - Processing /opt/airflow/dags/sdp_pipeline_dag.py took 0.161 seconds
[2026-06-16T12:58:51.604+0000] {processor.py:161} INFO - Started process (PID=850) to work on /opt/airflow/dags/sdp_pipeline_dag.py
[2026-06-16T12:58:51.605+0000] {processor.py:830} INFO - Processing file /opt/airflow/dags/sdp_pipeline_dag.py for tasks to queue
[2026-06-16T12:58:51.608+0000] {logging_mixin.py:188} INFO - [2026-06-16T12:58:51.608+0000] {dagbag.py:540} INFO - Filling up the DagBag from /opt/airflow/dags/sdp_pipeline_dag.py
[2026-06-16T12:58:51.652+0000] {processor.py:840} INFO - DAG(s) 'e-commerce_kafka_streaming_pipeline_v10' retrieved from /opt/airflow/dags/sdp_pipeline_dag.py
[2026-06-16T12:58:51.704+0000] {logging_mixin.py:188} INFO - [2026-06-16T12:58:51.704+0000] {dag.py:3096} INFO - Sync 1 DAGs
[2026-06-16T12:58:51.755+0000] {logging_mixin.py:188} INFO - [2026-06-16T12:58:51.755+0000] {dag.py:3954} INFO - Setting next_dagrun for e-commerce_kafka_streaming_pipeline_v10 to 2026-06-16 12:00:00+00:00, run_after=2026-06-16 13:00:00+00:00
[2026-06-16T12:58:51.792+0000] {processor.py:183} INFO - Processing /opt/airflow/dags/sdp_pipeline_dag.py took 0.198 seconds
[2026-06-16T12:59:22.067+0000] {processor.py:161} INFO - Started process (PID=855) to work on /opt/airflow/dags/sdp_pipeline_dag.py
[2026-06-16T12:59:22.068+0000] {processor.py:830} INFO - Processing file /opt/airflow/dags/sdp_pipeline_dag.py for tasks to queue
[2026-06-16T12:59:22.072+0000] {logging_mixin.py:188} INFO - [2026-06-16T12:59:22.071+0000] {dagbag.py:540} INFO - Filling up the DagBag from /opt/airflow/dags/sdp_pipeline_dag.py
[2026-06-16T12:59:22.110+0000] {processor.py:840} INFO - DAG(s) 'e-commerce_kafka_streaming_pipeline_v10' retrieved from /opt/airflow/dags/sdp_pipeline_dag.py
[2026-06-16T12:59:22.156+0000] {logging_mixin.py:188} INFO - [2026-06-16T12:59:22.156+0000] {dag.py:3096} INFO - Sync 1 DAGs
[2026-06-16T12:59:22.192+0000] {logging_mixin.py:188} INFO - [2026-06-16T12:59:22.192+0000] {dag.py:3954} INFO - Setting next_dagrun for e-commerce_kafka_streaming_pipeline_v10 to 2026-06-16 12:00:00+00:00, run_after=2026-06-16 13:00:00+00:00
[2026-06-16T12:59:22.226+0000] {processor.py:183} INFO - Processing /opt/airflow/dags/sdp_pipeline_dag.py took 0.170 seconds
[2026-06-16T12:59:52.524+0000] {processor.py:161} INFO - Started process (PID=860) to work on /opt/airflow/dags/sdp_pipeline_dag.py
[2026-06-16T12:59:52.525+0000] {processor.py:830} INFO - Processing file /opt/airflow/dags/sdp_pipeline_dag.py for tasks to queue
[2026-06-16T12:59:52.529+0000] {logging_mixin.py:188} INFO - [2026-06-16T12:59:52.528+0000] {dagbag.py:540} INFO - Filling up the DagBag from /opt/airflow/dags/sdp_pipeline_dag.py
[2026-06-16T12:59:52.570+0000] {processor.py:840} INFO - DAG(s) 'e-commerce_kafka_streaming_pipeline_v10' retrieved from /opt/airflow/dags/sdp_pipeline_dag.py
[2026-06-16T12:59:52.612+0000] {logging_mixin.py:188} INFO - [2026-06-16T12:59:52.612+0000] {dag.py:3096} INFO - Sync 1 DAGs
[2026-06-16T12:59:52.647+0000] {logging_mixin.py:188} INFO - [2026-06-16T12:59:52.646+0000] {dag.py:3954} INFO - Setting next_dagrun for e-commerce_kafka_streaming_pipeline_v10 to 2026-06-16 12:00:00+00:00, run_after=2026-06-16 13:00:00+00:00
[2026-06-16T12:59:52.679+0000] {processor.py:183} INFO - Processing /opt/airflow/dags/sdp_pipeline_dag.py took 0.165 seconds
[2026-06-16T13:00:23.002+0000] {processor.py:161} INFO - Started process (PID=881) to work on /opt/airflow/dags/sdp_pipeline_dag.py
[2026-06-16T13:00:23.010+0000] {processor.py:830} INFO - Processing file /opt/airflow/dags/sdp_pipeline_dag.py for tasks to queue
[2026-06-16T13:00:23.019+0000] {logging_mixin.py:188} INFO - [2026-06-16T13:00:23.018+0000] {dagbag.py:540} INFO - Filling up the DagBag from /opt/airflow/dags/sdp_pipeline_dag.py
[2026-06-16T13:00:23.111+0000] {processor.py:840} INFO - DAG(s) 'e-commerce_kafka_streaming_pipeline_v10' retrieved from /opt/airflow/dags/sdp_pipeline_dag.py
[2026-06-16T13:00:23.267+0000] {logging_mixin.py:188} INFO - [2026-06-16T13:00:23.266+0000] {dag.py:3096} INFO - Sync 1 DAGs
[2026-06-16T13:00:23.365+0000] {logging_mixin.py:188} INFO - [2026-06-16T13:00:23.365+0000] {dag.py:3954} INFO - Setting next_dagrun for e-commerce_kafka_streaming_pipeline_v10 to 2026-06-16 13:00:00+00:00, run_after=2026-06-16 14:00:00+00:00
[2026-06-16T13:00:23.456+0000] {processor.py:183} INFO - Processing /opt/airflow/dags/sdp_pipeline_dag.py took 0.485 seconds
[2026-06-16T13:00:53.981+0000] {processor.py:161} INFO - Started process (PID=886) to work on /opt/airflow/dags/sdp_pipeline_dag.py
[2026-06-16T13:00:53.985+0000] {processor.py:830} INFO - Processing file /opt/airflow/dags/sdp_pipeline_dag.py for tasks to queue
[2026-06-16T13:00:53.995+0000] {logging_mixin.py:188} INFO - [2026-06-16T13:00:53.994+0000] {dagbag.py:540} INFO - Filling up the DagBag from /opt/airflow/dags/sdp_pipeline_dag.py
[2026-06-16T13:00:54.068+0000] {processor.py:840} INFO - DAG(s) 'e-commerce_kafka_streaming_pipeline_v10' retrieved from /opt/airflow/dags/sdp_pipeline_dag.py
[2026-06-16T13:00:54.179+0000] {logging_mixin.py:188} INFO - [2026-06-16T13:00:54.178+0000] {dag.py:3096} INFO - Sync 1 DAGs
[2026-06-16T13:00:54.281+0000] {logging_mixin.py:188} INFO - [2026-06-16T13:00:54.280+0000] {dag.py:3954} INFO - Setting next_dagrun for e-commerce_kafka_streaming_pipeline_v10 to 2026-06-16 13:00:00+00:00, run_after=2026-06-16 14:00:00+00:00
[2026-06-16T13:00:54.350+0000] {processor.py:183} INFO - Processing /opt/airflow/dags/sdp_pipeline_dag.py took 0.397 seconds
[2026-06-16T13:01:24.829+0000] {processor.py:161} INFO - Started process (PID=891) to work on /opt/airflow/dags/sdp_pipeline_dag.py
[2026-06-16T13:01:24.839+0000] {processor.py:830} INFO - Processing file /opt/airflow/dags/sdp_pipeline_dag.py for tasks to queue
[2026-06-16T13:01:24.848+0000] {logging_mixin.py:188} INFO - [2026-06-16T13:01:24.847+0000] {dagbag.py:540} INFO - Filling up the DagBag from /opt/airflow/dags/sdp_pipeline_dag.py
[2026-06-16T13:01:24.918+0000] {processor.py:840} INFO - DAG(s) 'e-commerce_kafka_streaming_pipeline_v10' retrieved from /opt/airflow/dags/sdp_pipeline_dag.py
[2026-06-16T13:01:25.056+0000] {logging_mixin.py:188} INFO - [2026-06-16T13:01:25.056+0000] {dag.py:3096} INFO - Sync 1 DAGs
[2026-06-16T13:01:25.184+0000] {logging_mixin.py:188} INFO - [2026-06-16T13:01:25.183+0000] {dag.py:3954} INFO - Setting next_dagrun for e-commerce_kafka_streaming_pipeline_v10 to 2026-06-16 13:00:00+00:00, run_after=2026-06-16 14:00:00+00:00
[2026-06-16T13:01:25.250+0000] {processor.py:183} INFO - Processing /opt/airflow/dags/sdp_pipeline_dag.py took 0.492 seconds
[2026-06-16T13:01:55.644+0000] {processor.py:161} INFO - Started process (PID=896) to work on /opt/airflow/dags/sdp_pipeline_dag.py
[2026-06-16T13:01:55.647+0000] {processor.py:830} INFO - Processing file /opt/airflow/dags/sdp_pipeline_dag.py for tasks to queue
[2026-06-16T13:01:55.659+0000] {logging_mixin.py:188} INFO - [2026-06-16T13:01:55.658+0000] {dagbag.py:540} INFO - Filling up the DagBag from /opt/airflow/dags/sdp_pipeline_dag.py
[2026-06-16T13:01:55.832+0000] {processor.py:840} INFO - DAG(s) 'e-commerce_kafka_streaming_pipeline_v10' retrieved from /opt/airflow/dags/sdp_pipeline_dag.py
[2026-06-16T13:01:55.968+0000] {logging_mixin.py:188} INFO - [2026-06-16T13:01:55.967+0000] {dag.py:3096} INFO - Sync 1 DAGs
[2026-06-16T13:01:56.074+0000] {logging_mixin.py:188} INFO - [2026-06-16T13:01:56.074+0000] {dag.py:3954} INFO - Setting next_dagrun for e-commerce_kafka_streaming_pipeline_v10 to 2026-06-16 13:00:00+00:00, run_after=2026-06-16 14:00:00+00:00
[2026-06-16T13:01:56.147+0000] {processor.py:183} INFO - Processing /opt/airflow/dags/sdp_pipeline_dag.py took 0.527 seconds
[2026-06-16T13:02:27.539+0000] {processor.py:161} INFO - Started process (PID=901) to work on /opt/airflow/dags/sdp_pipeline_dag.py
[2026-06-16T13:02:27.547+0000] {processor.py:830} INFO - Processing file /opt/airflow/dags/sdp_pipeline_dag.py for tasks to queue
[2026-06-16T13:02:27.578+0000] {logging_mixin.py:188} INFO - [2026-06-16T13:02:27.578+0000] {dagbag.py:540} INFO - Filling up the DagBag from /opt/airflow/dags/sdp_pipeline_dag.py
[2026-06-16T13:02:28.046+0000] {processor.py:840} INFO - DAG(s) 'e-commerce_kafka_streaming_pipeline_v10' retrieved from /opt/airflow/dags/sdp_pipeline_dag.py
[2026-06-16T13:02:28.145+0000] {logging_mixin.py:188} INFO - [2026-06-16T13:02:28.144+0000] {dag.py:3096} INFO - Sync 1 DAGs
[2026-06-16T13:02:28.185+0000] {logging_mixin.py:188} INFO - [2026-06-16T13:02:28.185+0000] {dag.py:3954} INFO - Setting next_dagrun for e-commerce_kafka_streaming_pipeline_v10 to 2026-06-16 13:00:00+00:00, run_after=2026-06-16 14:00:00+00:00
[2026-06-16T13:02:28.219+0000] {processor.py:183} INFO - Processing /opt/airflow/dags/sdp_pipeline_dag.py took 0.725 seconds
[2026-06-16T13:02:58.722+0000] {processor.py:161} INFO - Started process (PID=906) to work on /opt/airflow/dags/sdp_pipeline_dag.py
[2026-06-16T13:02:58.723+0000] {processor.py:830} INFO - Processing file /opt/airflow/dags/sdp_pipeline_dag.py for tasks to queue
[2026-06-16T13:02:58.726+0000] {logging_mixin.py:188} INFO - [2026-06-16T13:02:58.726+0000] {dagbag.py:540} INFO - Filling up the DagBag from /opt/airflow/dags/sdp_pipeline_dag.py
[2026-06-16T13:02:58.757+0000] {processor.py:840} INFO - DAG(s) 'e-commerce_kafka_streaming_pipeline_v10' retrieved from /opt/airflow/dags/sdp_pipeline_dag.py
[2026-06-16T13:02:58.798+0000] {logging_mixin.py:188} INFO - [2026-06-16T13:02:58.797+0000] {dag.py:3096} INFO - Sync 1 DAGs
[2026-06-16T13:02:58.833+0000] {logging_mixin.py:188} INFO - [2026-06-16T13:02:58.832+0000] {dag.py:3954} INFO - Setting next_dagrun for e-commerce_kafka_streaming_pipeline_v10 to 2026-06-16 13:00:00+00:00, run_after=2026-06-16 14:00:00+00:00
[2026-06-16T13:02:58.863+0000] {processor.py:183} INFO - Processing /opt/airflow/dags/sdp_pipeline_dag.py took 0.151 seconds
[2026-06-16T13:03:29.140+0000] {processor.py:161} INFO - Started process (PID=911) to work on /opt/airflow/dags/sdp_pipeline_dag.py
[2026-06-16T13:03:29.145+0000] {processor.py:830} INFO - Processing file /opt/airflow/dags/sdp_pipeline_dag.py for tasks to queue
[2026-06-16T13:03:29.149+0000] {logging_mixin.py:188} INFO - [2026-06-16T13:03:29.148+0000] {dagbag.py:540} INFO - Filling up the DagBag from /opt/airflow/dags/sdp_pipeline_dag.py
[2026-06-16T13:03:29.190+0000] {processor.py:840} INFO - DAG(s) 'e-commerce_kafka_streaming_pipeline_v10' retrieved from /opt/airflow/dags/sdp_pipeline_dag.py
[2026-06-16T13:03:29.231+0000] {logging_mixin.py:188} INFO - [2026-06-16T13:03:29.230+0000] {dag.py:3096} INFO - Sync 1 DAGs
[2026-06-16T13:03:29.266+0000] {logging_mixin.py:188} INFO - [2026-06-16T13:03:29.266+0000] {dag.py:3954} INFO - Setting next_dagrun for e-commerce_kafka_streaming_pipeline_v10 to 2026-06-16 13:00:00+00:00, run_after=2026-06-16 14:00:00+00:00
[2026-06-16T13:03:29.299+0000] {processor.py:183} INFO - Processing /opt/airflow/dags/sdp_pipeline_dag.py took 0.171 seconds
[2026-06-16T13:03:59.674+0000] {processor.py:161} INFO - Started process (PID=916) to work on /opt/airflow/dags/sdp_pipeline_dag.py
[2026-06-16T13:03:59.676+0000] {processor.py:830} INFO - Processing file /opt/airflow/dags/sdp_pipeline_dag.py for tasks to queue
[2026-06-16T13:03:59.679+0000] {logging_mixin.py:188} INFO - [2026-06-16T13:03:59.678+0000] {dagbag.py:540} INFO - Filling up the DagBag from /opt/airflow/dags/sdp_pipeline_dag.py
[2026-06-16T13:03:59.712+0000] {processor.py:840} INFO - DAG(s) 'e-commerce_kafka_streaming_pipeline_v10' retrieved from /opt/airflow/dags/sdp_pipeline_dag.py
[2026-06-16T13:03:59.760+0000] {logging_mixin.py:188} INFO - [2026-06-16T13:03:59.760+0000] {dag.py:3096} INFO - Sync 1 DAGs
[2026-06-16T13:03:59.797+0000] {logging_mixin.py:188} INFO - [2026-06-16T13:03:59.797+0000] {dag.py:3954} INFO - Setting next_dagrun for e-commerce_kafka_streaming_pipeline_v10 to 2026-06-16 13:00:00+00:00, run_after=2026-06-16 14:00:00+00:00
[2026-06-16T13:03:59.831+0000] {processor.py:183} INFO - Processing /opt/airflow/dags/sdp_pipeline_dag.py took 0.167 seconds
[2026-06-16T13:04:30.072+0000] {processor.py:161} INFO - Started process (PID=934) to work on /opt/airflow/dags/sdp_pipeline_dag.py
[2026-06-16T13:04:30.074+0000] {processor.py:830} INFO - Processing file /opt/airflow/dags/sdp_pipeline_dag.py for tasks to queue
[2026-06-16T13:04:30.080+0000] {logging_mixin.py:188} INFO - [2026-06-16T13:04:30.079+0000] {dagbag.py:540} INFO - Filling up the DagBag from /opt/airflow/dags/sdp_pipeline_dag.py
[2026-06-16T13:04:30.138+0000] {processor.py:840} INFO - DAG(s) 'e-commerce_kafka_streaming_pipeline_v10' retrieved from /opt/airflow/dags/sdp_pipeline_dag.py
[2026-06-16T13:04:30.212+0000] {logging_mixin.py:188} INFO - [2026-06-16T13:04:30.212+0000] {dag.py:3096} INFO - Sync 1 DAGs
[2026-06-16T13:04:30.308+0000] {logging_mixin.py:188} INFO - [2026-06-16T13:04:30.307+0000] {dag.py:3954} INFO - Setting next_dagrun for e-commerce_kafka_streaming_pipeline_v10 to 2026-06-16 13:00:00+00:00, run_after=2026-06-16 14:00:00+00:00
[2026-06-16T13:04:30.374+0000] {processor.py:183} INFO - Processing /opt/airflow/dags/sdp_pipeline_dag.py took 0.321 seconds
[2026-06-16T13:05:00.558+0000] {processor.py:161} INFO - Started process (PID=939) to work on /opt/airflow/dags/sdp_pipeline_dag.py
[2026-06-16T13:05:00.560+0000] {processor.py:830} INFO - Processing file /opt/airflow/dags/sdp_pipeline_dag.py for tasks to queue
[2026-06-16T13:05:00.565+0000] {logging_mixin.py:188} INFO - [2026-06-16T13:05:00.564+0000] {dagbag.py:540} INFO - Filling up the DagBag from /opt/airflow/dags/sdp_pipeline_dag.py
[2026-06-16T13:05:00.629+0000] {processor.py:840} INFO - DAG(s) 'e-commerce_kafka_streaming_pipeline_v10' retrieved from /opt/airflow/dags/sdp_pipeline_dag.py
[2026-06-16T13:05:00.738+0000] {logging_mixin.py:188} INFO - [2026-06-16T13:05:00.737+0000] {dag.py:3096} INFO - Sync 1 DAGs
[2026-06-16T13:05:00.897+0000] {logging_mixin.py:188} INFO - [2026-06-16T13:05:00.893+0000] {dag.py:3954} INFO - Setting next_dagrun for e-commerce_kafka_streaming_pipeline_v10 to 2026-06-16 13:00:00+00:00, run_after=2026-06-16 14:00:00+00:00
[2026-06-16T13:05:01.001+0000] {processor.py:183} INFO - Processing /opt/airflow/dags/sdp_pipeline_dag.py took 0.471 seconds
[2026-06-16T13:05:31.248+0000] {processor.py:161} INFO - Started process (PID=944) to work on /opt/airflow/dags/sdp_pipeline_dag.py
[2026-06-16T13:05:31.251+0000] {processor.py:830} INFO - Processing file /opt/airflow/dags/sdp_pipeline_dag.py for tasks to queue
[2026-06-16T13:05:31.256+0000] {logging_mixin.py:188} INFO - [2026-06-16T13:05:31.254+0000] {dagbag.py:540} INFO - Filling up the DagBag from /opt/airflow/dags/sdp_pipeline_dag.py
[2026-06-16T13:05:31.311+0000] {processor.py:840} INFO - DAG(s) 'e-commerce_kafka_streaming_pipeline_v10' retrieved from /opt/airflow/dags/sdp_pipeline_dag.py
[2026-06-16T13:05:31.421+0000] {logging_mixin.py:188} INFO - [2026-06-16T13:05:31.420+0000] {dag.py:3096} INFO - Sync 1 DAGs
[2026-06-16T13:05:31.496+0000] {logging_mixin.py:188} INFO - [2026-06-16T13:05:31.496+0000] {dag.py:3954} INFO - Setting next_dagrun for e-commerce_kafka_streaming_pipeline_v10 to 2026-06-16 13:00:00+00:00, run_after=2026-06-16 14:00:00+00:00
[2026-06-16T13:05:31.551+0000] {processor.py:183} INFO - Processing /opt/airflow/dags/sdp_pipeline_dag.py took 0.326 seconds
[2026-06-16T13:06:01.700+0000] {processor.py:161} INFO - Started process (PID=949) to work on /opt/airflow/dags/sdp_pipeline_dag.py
[2026-06-16T13:06:01.705+0000] {processor.py:830} INFO - Processing file /opt/airflow/dags/sdp_pipeline_dag.py for tasks to queue
[2026-06-16T13:06:01.714+0000] {logging_mixin.py:188} INFO - [2026-06-16T13:06:01.713+0000] {dagbag.py:540} INFO - Filling up the DagBag from /opt/airflow/dags/sdp_pipeline_dag.py
[2026-06-16T13:06:01.782+0000] {processor.py:840} INFO - DAG(s) 'e-commerce_kafka_streaming_pipeline_v10' retrieved from /opt/airflow/dags/sdp_pipeline_dag.py
[2026-06-16T13:06:01.856+0000] {logging_mixin.py:188} INFO - [2026-06-16T13:06:01.856+0000] {dag.py:3096} INFO - Sync 1 DAGs
[2026-06-16T13:06:01.933+0000] {logging_mixin.py:188} INFO - [2026-06-16T13:06:01.932+0000] {dag.py:3954} INFO - Setting next_dagrun for e-commerce_kafka_streaming_pipeline_v10 to 2026-06-16 13:00:00+00:00, run_after=2026-06-16 14:00:00+00:00
[2026-06-16T13:06:01.985+0000] {processor.py:183} INFO - Processing /opt/airflow/dags/sdp_pipeline_dag.py took 0.321 seconds
[2026-06-16T13:06:32.256+0000] {processor.py:161} INFO - Started process (PID=954) to work on /opt/airflow/dags/sdp_pipeline_dag.py
[2026-06-16T13:06:32.258+0000] {processor.py:830} INFO - Processing file /opt/airflow/dags/sdp_pipeline_dag.py for tasks to queue
[2026-06-16T13:06:32.262+0000] {logging_mixin.py:188} INFO - [2026-06-16T13:06:32.261+0000] {dagbag.py:540} INFO - Filling up the DagBag from /opt/airflow/dags/sdp_pipeline_dag.py
[2026-06-16T13:06:32.294+0000] {processor.py:840} INFO - DAG(s) 'e-commerce_kafka_streaming_pipeline_v10' retrieved from /opt/airflow/dags/sdp_pipeline_dag.py
[2026-06-16T13:06:32.339+0000] {logging_mixin.py:188} INFO - [2026-06-16T13:06:32.339+0000] {dag.py:3096} INFO - Sync 1 DAGs
[2026-06-16T13:06:32.377+0000] {logging_mixin.py:188} INFO - [2026-06-16T13:06:32.376+0000] {dag.py:3954} INFO - Setting next_dagrun for e-commerce_kafka_streaming_pipeline_v10 to 2026-06-16 13:00:00+00:00, run_after=2026-06-16 14:00:00+00:00
[2026-06-16T13:06:32.413+0000] {processor.py:183} INFO - Processing /opt/airflow/dags/sdp_pipeline_dag.py took 0.170 seconds
[2026-06-16T13:07:02.875+0000] {processor.py:161} INFO - Started process (PID=959) to work on /opt/airflow/dags/sdp_pipeline_dag.py
[2026-06-16T13:07:02.876+0000] {processor.py:830} INFO - Processing file /opt/airflow/dags/sdp_pipeline_dag.py for tasks to queue
[2026-06-16T13:07:02.880+0000] {logging_mixin.py:188} INFO - [2026-06-16T13:07:02.879+0000] {dagbag.py:540} INFO - Filling up the DagBag from /opt/airflow/dags/sdp_pipeline_dag.py
[2026-06-16T13:07:02.913+0000] {processor.py:840} INFO - DAG(s) 'e-commerce_kafka_streaming_pipeline_v10' retrieved from /opt/airflow/dags/sdp_pipeline_dag.py
[2026-06-16T13:07:02.955+0000] {logging_mixin.py:188} INFO - [2026-06-16T13:07:02.955+0000] {dag.py:3096} INFO - Sync 1 DAGs
[2026-06-16T13:07:02.993+0000] {logging_mixin.py:188} INFO - [2026-06-16T13:07:02.992+0000] {dag.py:3954} INFO - Setting next_dagrun for e-commerce_kafka_streaming_pipeline_v10 to 2026-06-16 13:00:00+00:00, run_after=2026-06-16 14:00:00+00:00
[2026-06-16T13:07:03.028+0000] {processor.py:183} INFO - Processing /opt/airflow/dags/sdp_pipeline_dag.py took 0.163 seconds
[2026-06-16T13:07:33.316+0000] {processor.py:161} INFO - Started process (PID=964) to work on /opt/airflow/dags/sdp_pipeline_dag.py
[2026-06-16T13:07:33.318+0000] {processor.py:830} INFO - Processing file /opt/airflow/dags/sdp_pipeline_dag.py for tasks to queue
[2026-06-16T13:07:33.321+0000] {logging_mixin.py:188} INFO - [2026-06-16T13:07:33.321+0000] {dagbag.py:540} INFO - Filling up the DagBag from /opt/airflow/dags/sdp_pipeline_dag.py
[2026-06-16T13:07:33.356+0000] {processor.py:840} INFO - DAG(s) 'e-commerce_kafka_streaming_pipeline_v10' retrieved from /opt/airflow/dags/sdp_pipeline_dag.py
[2026-06-16T13:07:33.401+0000] {logging_mixin.py:188} INFO - [2026-06-16T13:07:33.401+0000] {dag.py:3096} INFO - Sync 1 DAGs
[2026-06-16T13:07:33.436+0000] {logging_mixin.py:188} INFO - [2026-06-16T13:07:33.436+0000] {dag.py:3954} INFO - Setting next_dagrun for e-commerce_kafka_streaming_pipeline_v10 to 2026-06-16 13:00:00+00:00, run_after=2026-06-16 14:00:00+00:00
[2026-06-16T13:07:33.471+0000] {processor.py:183} INFO - Processing /opt/airflow/dags/sdp_pipeline_dag.py took 0.164 seconds
[2026-06-16T13:08:03.595+0000] {processor.py:161} INFO - Started process (PID=969) to work on /opt/airflow/dags/sdp_pipeline_dag.py
[2026-06-16T13:08:03.597+0000] {processor.py:830} INFO - Processing file /opt/airflow/dags/sdp_pipeline_dag.py for tasks to queue
[2026-06-16T13:08:03.600+0000] {logging_mixin.py:188} INFO - [2026-06-16T13:08:03.599+0000] {dagbag.py:540} INFO - Filling up the DagBag from /opt/airflow/dags/sdp_pipeline_dag.py
[2026-06-16T13:08:03.636+0000] {processor.py:840} INFO - DAG(s) 'e-commerce_kafka_streaming_pipeline_v10' retrieved from /opt/airflow/dags/sdp_pipeline_dag.py
[2026-06-16T13:08:03.681+0000] {logging_mixin.py:188} INFO - [2026-06-16T13:08:03.681+0000] {dag.py:3096} INFO - Sync 1 DAGs
[2026-06-16T13:08:03.726+0000] {logging_mixin.py:188} INFO - [2026-06-16T13:08:03.725+0000] {dag.py:3954} INFO - Setting next_dagrun for e-commerce_kafka_streaming_pipeline_v10 to 2026-06-16 13:00:00+00:00, run_after=2026-06-16 14:00:00+00:00
[2026-06-16T13:08:03.759+0000] {processor.py:183} INFO - Processing /opt/airflow/dags/sdp_pipeline_dag.py took 0.173 seconds
[2026-06-16T13:08:34.038+0000] {processor.py:161} INFO - Started process (PID=974) to work on /opt/airflow/dags/sdp_pipeline_dag.py
[2026-06-16T13:08:34.040+0000] {processor.py:830} INFO - Processing file /opt/airflow/dags/sdp_pipeline_dag.py for tasks to queue
[2026-06-16T13:08:34.044+0000] {logging_mixin.py:188} INFO - [2026-06-16T13:08:34.044+0000] {dagbag.py:540} INFO - Filling up the DagBag from /opt/airflow/dags/sdp_pipeline_dag.py
[2026-06-16T13:08:34.082+0000] {processor.py:840} INFO - DAG(s) 'e-commerce_kafka_streaming_pipeline_v10' retrieved from /opt/airflow/dags/sdp_pipeline_dag.py
[2026-06-16T13:08:34.127+0000] {logging_mixin.py:188} INFO - [2026-06-16T13:08:34.127+0000] {dag.py:3096} INFO - Sync 1 DAGs
[2026-06-16T13:08:34.164+0000] {logging_mixin.py:188} INFO - [2026-06-16T13:08:34.164+0000] {dag.py:3954} INFO - Setting next_dagrun for e-commerce_kafka_streaming_pipeline_v10 to 2026-06-16 13:00:00+00:00, run_after=2026-06-16 14:00:00+00:00
[2026-06-16T13:08:34.197+0000] {processor.py:183} INFO - Processing /opt/airflow/dags/sdp_pipeline_dag.py took 0.173 seconds
[2026-06-16T13:09:04.686+0000] {processor.py:161} INFO - Started process (PID=979) to work on /opt/airflow/dags/sdp_pipeline_dag.py
[2026-06-16T13:09:04.688+0000] {processor.py:830} INFO - Processing file /opt/airflow/dags/sdp_pipeline_dag.py for tasks to queue
[2026-06-16T13:09:04.691+0000] {logging_mixin.py:188} INFO - [2026-06-16T13:09:04.690+0000] {dagbag.py:540} INFO - Filling up the DagBag from /opt/airflow/dags/sdp_pipeline_dag.py
[2026-06-16T13:09:04.724+0000] {processor.py:840} INFO - DAG(s) 'e-commerce_kafka_streaming_pipeline_v10' retrieved from /opt/airflow/dags/sdp_pipeline_dag.py
[2026-06-16T13:09:04.765+0000] {logging_mixin.py:188} INFO - [2026-06-16T13:09:04.765+0000] {dag.py:3096} INFO - Sync 1 DAGs
[2026-06-16T13:09:04.805+0000] {logging_mixin.py:188} INFO - [2026-06-16T13:09:04.805+0000] {dag.py:3954} INFO - Setting next_dagrun for e-commerce_kafka_streaming_pipeline_v10 to 2026-06-16 13:00:00+00:00, run_after=2026-06-16 14:00:00+00:00
[2026-06-16T13:09:04.850+0000] {processor.py:183} INFO - Processing /opt/airflow/dags/sdp_pipeline_dag.py took 0.173 seconds
[2026-06-16T13:09:35.146+0000] {processor.py:161} INFO - Started process (PID=984) to work on /opt/airflow/dags/sdp_pipeline_dag.py
[2026-06-16T13:09:35.148+0000] {processor.py:830} INFO - Processing file /opt/airflow/dags/sdp_pipeline_dag.py for tasks to queue
[2026-06-16T13:09:35.152+0000] {logging_mixin.py:188} INFO - [2026-06-16T13:09:35.151+0000] {dagbag.py:540} INFO - Filling up the DagBag from /opt/airflow/dags/sdp_pipeline_dag.py
[2026-06-16T13:09:35.179+0000] {processor.py:840} INFO - DAG(s) 'e-commerce_kafka_streaming_pipeline_v10' retrieved from /opt/airflow/dags/sdp_pipeline_dag.py
[2026-06-16T13:09:35.223+0000] {logging_mixin.py:188} INFO - [2026-06-16T13:09:35.223+0000] {dag.py:3096} INFO - Sync 1 DAGs
[2026-06-16T13:09:35.259+0000] {logging_mixin.py:188} INFO - [2026-06-16T13:09:35.258+0000] {dag.py:3954} INFO - Setting next_dagrun for e-commerce_kafka_streaming_pipeline_v10 to 2026-06-16 13:00:00+00:00, run_after=2026-06-16 14:00:00+00:00
[2026-06-16T13:09:35.288+0000] {processor.py:183} INFO - Processing /opt/airflow/dags/sdp_pipeline_dag.py took 0.163 seconds
[2026-06-16T13:10:05.571+0000] {processor.py:161} INFO - Started process (PID=989) to work on /opt/airflow/dags/sdp_pipeline_dag.py
[2026-06-16T13:10:05.573+0000] {processor.py:830} INFO - Processing file /opt/airflow/dags/sdp_pipeline_dag.py for tasks to queue
[2026-06-16T13:10:05.576+0000] {logging_mixin.py:188} INFO - [2026-06-16T13:10:05.575+0000] {dagbag.py:540} INFO - Filling up the DagBag from /opt/airflow/dags/sdp_pipeline_dag.py
[2026-06-16T13:10:05.613+0000] {processor.py:840} INFO - DAG(s) 'e-commerce_kafka_streaming_pipeline_v10' retrieved from /opt/airflow/dags/sdp_pipeline_dag.py
[2026-06-16T13:10:05.658+0000] {logging_mixin.py:188} INFO - [2026-06-16T13:10:05.657+0000] {dag.py:3096} INFO - Sync 1 DAGs
[2026-06-16T13:10:05.695+0000] {logging_mixin.py:188} INFO - [2026-06-16T13:10:05.694+0000] {dag.py:3954} INFO - Setting next_dagrun for e-commerce_kafka_streaming_pipeline_v10 to 2026-06-16 13:00:00+00:00, run_after=2026-06-16 14:00:00+00:00
[2026-06-16T13:10:05.725+0000] {processor.py:183} INFO - Processing /opt/airflow/dags/sdp_pipeline_dag.py took 0.165 seconds
[2026-06-16T13:10:36.194+0000] {processor.py:161} INFO - Started process (PID=994) to work on /opt/airflow/dags/sdp_pipeline_dag.py
[2026-06-16T13:10:36.195+0000] {processor.py:830} INFO - Processing file /opt/airflow/dags/sdp_pipeline_dag.py for tasks to queue
[2026-06-16T13:10:36.199+0000] {logging_mixin.py:188} INFO - [2026-06-16T13:10:36.198+0000] {dagbag.py:540} INFO - Filling up the DagBag from /opt/airflow/dags/sdp_pipeline_dag.py
[2026-06-16T13:10:36.224+0000] {processor.py:840} INFO - DAG(s) 'e-commerce_kafka_streaming_pipeline_v10' retrieved from /opt/airflow/dags/sdp_pipeline_dag.py
[2026-06-16T13:10:36.266+0000] {logging_mixin.py:188} INFO - [2026-06-16T13:10:36.265+0000] {dag.py:3096} INFO - Sync 1 DAGs
[2026-06-16T13:10:36.302+0000] {logging_mixin.py:188} INFO - [2026-06-16T13:10:36.302+0000] {dag.py:3954} INFO - Setting next_dagrun for e-commerce_kafka_streaming_pipeline_v10 to 2026-06-16 13:00:00+00:00, run_after=2026-06-16 14:00:00+00:00
[2026-06-16T13:10:36.332+0000] {processor.py:183} INFO - Processing /opt/airflow/dags/sdp_pipeline_dag.py took 0.146 seconds
[2026-06-16T13:11:06.688+0000] {processor.py:161} INFO - Started process (PID=999) to work on /opt/airflow/dags/sdp_pipeline_dag.py
[2026-06-16T13:11:06.690+0000] {processor.py:830} INFO - Processing file /opt/airflow/dags/sdp_pipeline_dag.py for tasks to queue
[2026-06-16T13:11:06.693+0000] {logging_mixin.py:188} INFO - [2026-06-16T13:11:06.693+0000] {dagbag.py:540} INFO - Filling up the DagBag from /opt/airflow/dags/sdp_pipeline_dag.py
[2026-06-16T13:11:06.729+0000] {processor.py:840} INFO - DAG(s) 'e-commerce_kafka_streaming_pipeline_v10' retrieved from /opt/airflow/dags/sdp_pipeline_dag.py
[2026-06-16T13:11:06.771+0000] {logging_mixin.py:188} INFO - [2026-06-16T13:11:06.771+0000] {dag.py:3096} INFO - Sync 1 DAGs
[2026-06-16T13:11:06.807+0000] {logging_mixin.py:188} INFO - [2026-06-16T13:11:06.807+0000] {dag.py:3954} INFO - Setting next_dagrun for e-commerce_kafka_streaming_pipeline_v10 to 2026-06-16 13:00:00+00:00, run_after=2026-06-16 14:00:00+00:00
[2026-06-16T13:11:06.838+0000] {processor.py:183} INFO - Processing /opt/airflow/dags/sdp_pipeline_dag.py took 0.165 seconds
[2026-06-16T13:11:37.162+0000] {processor.py:161} INFO - Started process (PID=1004) to work on /opt/airflow/dags/sdp_pipeline_dag.py
[2026-06-16T13:11:37.164+0000] {processor.py:830} INFO - Processing file /opt/airflow/dags/sdp_pipeline_dag.py for tasks to queue
[2026-06-16T13:11:37.167+0000] {logging_mixin.py:188} INFO - [2026-06-16T13:11:37.167+0000] {dagbag.py:540} INFO - Filling up the DagBag from /opt/airflow/dags/sdp_pipeline_dag.py
[2026-06-16T13:11:37.207+0000] {processor.py:840} INFO - DAG(s) 'e-commerce_kafka_streaming_pipeline_v10' retrieved from /opt/airflow/dags/sdp_pipeline_dag.py
[2026-06-16T13:11:37.254+0000] {logging_mixin.py:188} INFO - [2026-06-16T13:11:37.254+0000] {dag.py:3096} INFO - Sync 1 DAGs
[2026-06-16T13:11:37.328+0000] {logging_mixin.py:188} INFO - [2026-06-16T13:11:37.328+0000] {dag.py:3954} INFO - Setting next_dagrun for e-commerce_kafka_streaming_pipeline_v10 to 2026-06-16 13:00:00+00:00, run_after=2026-06-16 14:00:00+00:00
[2026-06-16T13:11:37.362+0000] {processor.py:183} INFO - Processing /opt/airflow/dags/sdp_pipeline_dag.py took 0.209 seconds
[2026-06-16T13:12:07.572+0000] {processor.py:161} INFO - Started process (PID=1009) to work on /opt/airflow/dags/sdp_pipeline_dag.py
[2026-06-16T13:12:07.574+0000] {processor.py:830} INFO - Processing file /opt/airflow/dags/sdp_pipeline_dag.py for tasks to queue
[2026-06-16T13:12:07.577+0000] {logging_mixin.py:188} INFO - [2026-06-16T13:12:07.577+0000] {dagbag.py:540} INFO - Filling up the DagBag from /opt/airflow/dags/sdp_pipeline_dag.py
[2026-06-16T13:12:07.614+0000] {processor.py:840} INFO - DAG(s) 'e-commerce_kafka_streaming_pipeline_v10' retrieved from /opt/airflow/dags/sdp_pipeline_dag.py
[2026-06-16T13:12:07.657+0000] {logging_mixin.py:188} INFO - [2026-06-16T13:12:07.657+0000] {dag.py:3096} INFO - Sync 1 DAGs
[2026-06-16T13:12:07.692+0000] {logging_mixin.py:188} INFO - [2026-06-16T13:12:07.692+0000] {dag.py:3954} INFO - Setting next_dagrun for e-commerce_kafka_streaming_pipeline_v10 to 2026-06-16 13:00:00+00:00, run_after=2026-06-16 14:00:00+00:00
[2026-06-16T13:12:07.725+0000] {processor.py:183} INFO - Processing /opt/airflow/dags/sdp_pipeline_dag.py took 0.162 seconds
[2026-06-16T13:12:38.287+0000] {processor.py:161} INFO - Started process (PID=1014) to work on /opt/airflow/dags/sdp_pipeline_dag.py
[2026-06-16T13:12:38.289+0000] {processor.py:830} INFO - Processing file /opt/airflow/dags/sdp_pipeline_dag.py for tasks to queue
[2026-06-16T13:12:38.292+0000] {logging_mixin.py:188} INFO - [2026-06-16T13:12:38.291+0000] {dagbag.py:540} INFO - Filling up the DagBag from /opt/airflow/dags/sdp_pipeline_dag.py
[2026-06-16T13:12:38.326+0000] {processor.py:840} INFO - DAG(s) 'e-commerce_kafka_streaming_pipeline_v10' retrieved from /opt/airflow/dags/sdp_pipeline_dag.py
[2026-06-16T13:12:38.368+0000] {logging_mixin.py:188} INFO - [2026-06-16T13:12:38.368+0000] {dag.py:3096} INFO - Sync 1 DAGs
[2026-06-16T13:12:38.408+0000] {logging_mixin.py:188} INFO - [2026-06-16T13:12:38.408+0000] {dag.py:3954} INFO - Setting next_dagrun for e-commerce_kafka_streaming_pipeline_v10 to 2026-06-16 13:00:00+00:00, run_after=2026-06-16 14:00:00+00:00
[2026-06-16T13:12:38.440+0000] {processor.py:183} INFO - Processing /opt/airflow/dags/sdp_pipeline_dag.py took 0.163 seconds
[2026-06-16T13:13:08.609+0000] {processor.py:161} INFO - Started process (PID=1019) to work on /opt/airflow/dags/sdp_pipeline_dag.py
[2026-06-16T13:13:08.611+0000] {processor.py:830} INFO - Processing file /opt/airflow/dags/sdp_pipeline_dag.py for tasks to queue
[2026-06-16T13:13:08.614+0000] {logging_mixin.py:188} INFO - [2026-06-16T13:13:08.613+0000] {dagbag.py:540} INFO - Filling up the DagBag from /opt/airflow/dags/sdp_pipeline_dag.py
[2026-06-16T13:13:08.653+0000] {processor.py:840} INFO - DAG(s) 'e-commerce_kafka_streaming_pipeline_v10' retrieved from /opt/airflow/dags/sdp_pipeline_dag.py
[2026-06-16T13:13:08.697+0000] {logging_mixin.py:188} INFO - [2026-06-16T13:13:08.697+0000] {dag.py:3096} INFO - Sync 1 DAGs
[2026-06-16T13:13:08.732+0000] {logging_mixin.py:188} INFO - [2026-06-16T13:13:08.732+0000] {dag.py:3954} INFO - Setting next_dagrun for e-commerce_kafka_streaming_pipeline_v10 to 2026-06-16 13:00:00+00:00, run_after=2026-06-16 14:00:00+00:00
[2026-06-16T13:13:08.766+0000] {processor.py:183} INFO - Processing /opt/airflow/dags/sdp_pipeline_dag.py took 0.165 seconds
[2026-06-16T13:13:39.192+0000] {processor.py:161} INFO - Started process (PID=1024) to work on /opt/airflow/dags/sdp_pipeline_dag.py
[2026-06-16T13:13:39.194+0000] {processor.py:830} INFO - Processing file /opt/airflow/dags/sdp_pipeline_dag.py for tasks to queue
[2026-06-16T13:13:39.198+0000] {logging_mixin.py:188} INFO - [2026-06-16T13:13:39.197+0000] {dagbag.py:540} INFO - Filling up the DagBag from /opt/airflow/dags/sdp_pipeline_dag.py
[2026-06-16T13:13:39.229+0000] {processor.py:840} INFO - DAG(s) 'e-commerce_kafka_streaming_pipeline_v10' retrieved from /opt/airflow/dags/sdp_pipeline_dag.py
[2026-06-16T13:13:39.273+0000] {logging_mixin.py:188} INFO - [2026-06-16T13:13:39.272+0000] {dag.py:3096} INFO - Sync 1 DAGs
[2026-06-16T13:13:39.308+0000] {logging_mixin.py:188} INFO - [2026-06-16T13:13:39.308+0000] {dag.py:3954} INFO - Setting next_dagrun for e-commerce_kafka_streaming_pipeline_v10 to 2026-06-16 13:00:00+00:00, run_after=2026-06-16 14:00:00+00:00
[2026-06-16T13:13:39.338+0000] {processor.py:183} INFO - Processing /opt/airflow/dags/sdp_pipeline_dag.py took 0.155 seconds
[2026-06-16T13:14:09.624+0000] {processor.py:161} INFO - Started process (PID=1029) to work on /opt/airflow/dags/sdp_pipeline_dag.py
[2026-06-16T13:14:09.626+0000] {processor.py:830} INFO - Processing file /opt/airflow/dags/sdp_pipeline_dag.py for tasks to queue
[2026-06-16T13:14:09.629+0000] {logging_mixin.py:188} INFO - [2026-06-16T13:14:09.629+0000] {dagbag.py:540} INFO - Filling up the DagBag from /opt/airflow/dags/sdp_pipeline_dag.py
[2026-06-16T13:14:09.660+0000] {processor.py:840} INFO - DAG(s) 'e-commerce_kafka_streaming_pipeline_v10' retrieved from /opt/airflow/dags/sdp_pipeline_dag.py
[2026-06-16T13:14:09.703+0000] {logging_mixin.py:188} INFO - [2026-06-16T13:14:09.703+0000] {dag.py:3096} INFO - Sync 1 DAGs
[2026-06-16T13:14:09.740+0000] {logging_mixin.py:188} INFO - [2026-06-16T13:14:09.740+0000] {dag.py:3954} INFO - Setting next_dagrun for e-commerce_kafka_streaming_pipeline_v10 to 2026-06-16 13:00:00+00:00, run_after=2026-06-16 14:00:00+00:00
[2026-06-16T13:14:09.770+0000] {processor.py:183} INFO - Processing /opt/airflow/dags/sdp_pipeline_dag.py took 0.157 seconds
[2026-06-16T14:02:32.713+0000] {processor.py:161} INFO - Started process (PID=1037) to work on /opt/airflow/dags/sdp_pipeline_dag.py
[2026-06-16T14:02:32.720+0000] {processor.py:830} INFO - Processing file /opt/airflow/dags/sdp_pipeline_dag.py for tasks to queue
[2026-06-16T14:02:32.743+0000] {logging_mixin.py:188} INFO - [2026-06-16T14:02:32.743+0000] {dagbag.py:540} INFO - Filling up the DagBag from /opt/airflow/dags/sdp_pipeline_dag.py
[2026-06-16T14:02:33.022+0000] {processor.py:840} INFO - DAG(s) 'e-commerce_kafka_streaming_pipeline_v10' retrieved from /opt/airflow/dags/sdp_pipeline_dag.py
[2026-06-16T14:02:33.195+0000] {logging_mixin.py:188} INFO - [2026-06-16T14:02:33.194+0000] {dag.py:3096} INFO - Sync 1 DAGs
[2026-06-16T14:02:33.355+0000] {logging_mixin.py:188} INFO - [2026-06-16T14:02:33.355+0000] {dag.py:3954} INFO - Setting next_dagrun for e-commerce_kafka_streaming_pipeline_v10 to 2026-06-16 14:00:00+00:00, run_after=2026-06-16 15:00:00+00:00
[2026-06-16T14:02:33.532+0000] {processor.py:183} INFO - Processing /opt/airflow/dags/sdp_pipeline_dag.py took 0.844 seconds
[2026-06-16T14:03:03.640+0000] {processor.py:161} INFO - Started process (PID=1057) to work on /opt/airflow/dags/sdp_pipeline_dag.py
[2026-06-16T14:03:03.642+0000] {processor.py:830} INFO - Processing file /opt/airflow/dags/sdp_pipeline_dag.py for tasks to queue
[2026-06-16T14:03:03.650+0000] {logging_mixin.py:188} INFO - [2026-06-16T14:03:03.646+0000] {dagbag.py:540} INFO - Filling up the DagBag from /opt/airflow/dags/sdp_pipeline_dag.py
[2026-06-16T14:03:03.729+0000] {processor.py:840} INFO - DAG(s) 'e-commerce_kafka_streaming_pipeline_v10' retrieved from /opt/airflow/dags/sdp_pipeline_dag.py
[2026-06-16T14:03:03.828+0000] {logging_mixin.py:188} INFO - [2026-06-16T14:03:03.828+0000] {dag.py:3096} INFO - Sync 1 DAGs
[2026-06-16T14:03:04.023+0000] {logging_mixin.py:188} INFO - [2026-06-16T14:03:04.021+0000] {dag.py:3954} INFO - Setting next_dagrun for e-commerce_kafka_streaming_pipeline_v10 to 2026-06-16 14:00:00+00:00, run_after=2026-06-16 15:00:00+00:00
[2026-06-16T14:03:04.108+0000] {processor.py:183} INFO - Processing /opt/airflow/dags/sdp_pipeline_dag.py took 0.485 seconds
[2026-06-16T14:03:34.551+0000] {processor.py:161} INFO - Started process (PID=1062) to work on /opt/airflow/dags/sdp_pipeline_dag.py
[2026-06-16T14:03:34.555+0000] {processor.py:830} INFO - Processing file /opt/airflow/dags/sdp_pipeline_dag.py for tasks to queue
[2026-06-16T14:03:34.560+0000] {logging_mixin.py:188} INFO - [2026-06-16T14:03:34.559+0000] {dagbag.py:540} INFO - Filling up the DagBag from /opt/airflow/dags/sdp_pipeline_dag.py
[2026-06-16T14:03:34.621+0000] {processor.py:840} INFO - DAG(s) 'e-commerce_kafka_streaming_pipeline_v10' retrieved from /opt/airflow/dags/sdp_pipeline_dag.py
[2026-06-16T14:03:34.722+0000] {logging_mixin.py:188} INFO - [2026-06-16T14:03:34.722+0000] {dag.py:3096} INFO - Sync 1 DAGs
[2026-06-16T14:03:34.802+0000] {logging_mixin.py:188} INFO - [2026-06-16T14:03:34.800+0000] {dag.py:3954} INFO - Setting next_dagrun for e-commerce_kafka_streaming_pipeline_v10 to 2026-06-16 14:00:00+00:00, run_after=2026-06-16 15:00:00+00:00
[2026-06-16T14:03:34.869+0000] {processor.py:183} INFO - Processing /opt/airflow/dags/sdp_pipeline_dag.py took 0.342 seconds
[2026-06-16T14:04:05.368+0000] {processor.py:161} INFO - Started process (PID=1067) to work on /opt/airflow/dags/sdp_pipeline_dag.py
[2026-06-16T14:04:05.378+0000] {processor.py:830} INFO - Processing file /opt/airflow/dags/sdp_pipeline_dag.py for tasks to queue
[2026-06-16T14:04:05.387+0000] {logging_mixin.py:188} INFO - [2026-06-16T14:04:05.385+0000] {dagbag.py:540} INFO - Filling up the DagBag from /opt/airflow/dags/sdp_pipeline_dag.py
[2026-06-16T14:04:05.523+0000] {processor.py:840} INFO - DAG(s) 'e-commerce_kafka_streaming_pipeline_v10' retrieved from /opt/airflow/dags/sdp_pipeline_dag.py
[2026-06-16T14:04:05.744+0000] {logging_mixin.py:188} INFO - [2026-06-16T14:04:05.739+0000] {dag.py:3096} INFO - Sync 1 DAGs
[2026-06-16T14:04:05.858+0000] {logging_mixin.py:188} INFO - [2026-06-16T14:04:05.857+0000] {dag.py:3954} INFO - Setting next_dagrun for e-commerce_kafka_streaming_pipeline_v10 to 2026-06-16 14:00:00+00:00, run_after=2026-06-16 15:00:00+00:00
[2026-06-16T14:04:06.126+0000] {processor.py:183} INFO - Processing /opt/airflow/dags/sdp_pipeline_dag.py took 0.783 seconds
[2026-06-16T14:04:36.480+0000] {processor.py:161} INFO - Started process (PID=1072) to work on /opt/airflow/dags/sdp_pipeline_dag.py
[2026-06-16T14:04:36.489+0000] {processor.py:830} INFO - Processing file /opt/airflow/dags/sdp_pipeline_dag.py for tasks to queue
[2026-06-16T14:04:36.496+0000] {logging_mixin.py:188} INFO - [2026-06-16T14:04:36.495+0000] {dagbag.py:540} INFO - Filling up the DagBag from /opt/airflow/dags/sdp_pipeline_dag.py
[2026-06-16T14:04:36.571+0000] {processor.py:840} INFO - DAG(s) 'e-commerce_kafka_streaming_pipeline_v10' retrieved from /opt/airflow/dags/sdp_pipeline_dag.py
[2026-06-16T14:04:36.727+0000] {logging_mixin.py:188} INFO - [2026-06-16T14:04:36.726+0000] {dag.py:3096} INFO - Sync 1 DAGs
[2026-06-16T14:04:36.846+0000] {logging_mixin.py:188} INFO - [2026-06-16T14:04:36.846+0000] {dag.py:3954} INFO - Setting next_dagrun for e-commerce_kafka_streaming_pipeline_v10 to 2026-06-16 14:00:00+00:00, run_after=2026-06-16 15:00:00+00:00
[2026-06-16T14:04:36.915+0000] {processor.py:183} INFO - Processing /opt/airflow/dags/sdp_pipeline_dag.py took 0.470 seconds
[2026-06-16T14:05:07.312+0000] {processor.py:161} INFO - Started process (PID=1077) to work on /opt/airflow/dags/sdp_pipeline_dag.py
[2026-06-16T14:05:07.314+0000] {processor.py:830} INFO - Processing file /opt/airflow/dags/sdp_pipeline_dag.py for tasks to queue
[2026-06-16T14:05:07.317+0000] {logging_mixin.py:188} INFO - [2026-06-16T14:05:07.317+0000] {dagbag.py:540} INFO - Filling up the DagBag from /opt/airflow/dags/sdp_pipeline_dag.py
[2026-06-16T14:05:07.359+0000] {processor.py:840} INFO - DAG(s) 'e-commerce_kafka_streaming_pipeline_v10' retrieved from /opt/airflow/dags/sdp_pipeline_dag.py
[2026-06-16T14:05:07.407+0000] {logging_mixin.py:188} INFO - [2026-06-16T14:05:07.406+0000] {dag.py:3096} INFO - Sync 1 DAGs
[2026-06-16T14:05:07.446+0000] {logging_mixin.py:188} INFO - [2026-06-16T14:05:07.445+0000] {dag.py:3954} INFO - Setting next_dagrun for e-commerce_kafka_streaming_pipeline_v10 to 2026-06-16 14:00:00+00:00, run_after=2026-06-16 15:00:00+00:00
[2026-06-16T14:05:07.479+0000] {processor.py:183} INFO - Processing /opt/airflow/dags/sdp_pipeline_dag.py took 0.176 seconds
[2026-06-16T14:05:37.663+0000] {processor.py:161} INFO - Started process (PID=1082) to work on /opt/airflow/dags/sdp_pipeline_dag.py
[2026-06-16T14:05:37.665+0000] {processor.py:830} INFO - Processing file /opt/airflow/dags/sdp_pipeline_dag.py for tasks to queue
[2026-06-16T14:05:37.670+0000] {logging_mixin.py:188} INFO - [2026-06-16T14:05:37.669+0000] {dagbag.py:540} INFO - Filling up the DagBag from /opt/airflow/dags/sdp_pipeline_dag.py
[2026-06-16T14:05:37.712+0000] {processor.py:840} INFO - DAG(s) 'e-commerce_kafka_streaming_pipeline_v10' retrieved from /opt/airflow/dags/sdp_pipeline_dag.py
[2026-06-16T14:05:37.778+0000] {logging_mixin.py:188} INFO - [2026-06-16T14:05:37.778+0000] {dag.py:3096} INFO - Sync 1 DAGs
[2026-06-16T14:05:37.818+0000] {logging_mixin.py:188} INFO - [2026-06-16T14:05:37.818+0000] {dag.py:3954} INFO - Setting next_dagrun for e-commerce_kafka_streaming_pipeline_v10 to 2026-06-16 14:00:00+00:00, run_after=2026-06-16 15:00:00+00:00
[2026-06-16T14:05:37.854+0000] {processor.py:183} INFO - Processing /opt/airflow/dags/sdp_pipeline_dag.py took 0.203 seconds
[2026-06-16T14:06:08.136+0000] {processor.py:161} INFO - Started process (PID=1087) to work on /opt/airflow/dags/sdp_pipeline_dag.py
[2026-06-16T14:06:08.138+0000] {processor.py:830} INFO - Processing file /opt/airflow/dags/sdp_pipeline_dag.py for tasks to queue
[2026-06-16T14:06:08.142+0000] {logging_mixin.py:188} INFO - [2026-06-16T14:06:08.141+0000] {dagbag.py:540} INFO - Filling up the DagBag from /opt/airflow/dags/sdp_pipeline_dag.py
[2026-06-16T14:06:08.222+0000] {processor.py:840} INFO - DAG(s) 'e-commerce_kafka_streaming_pipeline_v10' retrieved from /opt/airflow/dags/sdp_pipeline_dag.py
[2026-06-16T14:06:08.276+0000] {logging_mixin.py:188} INFO - [2026-06-16T14:06:08.276+0000] {dag.py:3096} INFO - Sync 1 DAGs
[2026-06-16T14:06:08.338+0000] {logging_mixin.py:188} INFO - [2026-06-16T14:06:08.338+0000] {dag.py:3954} INFO - Setting next_dagrun for e-commerce_kafka_streaming_pipeline_v10 to 2026-06-16 14:00:00+00:00, run_after=2026-06-16 15:00:00+00:00
[2026-06-16T14:06:08.384+0000] {processor.py:183} INFO - Processing /opt/airflow/dags/sdp_pipeline_dag.py took 0.261 seconds
[2026-06-16T14:06:38.524+0000] {processor.py:161} INFO - Started process (PID=1092) to work on /opt/airflow/dags/sdp_pipeline_dag.py
[2026-06-16T14:06:38.526+0000] {processor.py:830} INFO - Processing file /opt/airflow/dags/sdp_pipeline_dag.py for tasks to queue
[2026-06-16T14:06:38.529+0000] {logging_mixin.py:188} INFO - [2026-06-16T14:06:38.528+0000] {dagbag.py:540} INFO - Filling up the DagBag from /opt/airflow/dags/sdp_pipeline_dag.py
[2026-06-16T14:06:38.572+0000] {processor.py:840} INFO - DAG(s) 'e-commerce_kafka_streaming_pipeline_v10' retrieved from /opt/airflow/dags/sdp_pipeline_dag.py
[2026-06-16T14:06:38.622+0000] {logging_mixin.py:188} INFO - [2026-06-16T14:06:38.622+0000] {dag.py:3096} INFO - Sync 1 DAGs
[2026-06-16T14:06:38.661+0000] {logging_mixin.py:188} INFO - [2026-06-16T14:06:38.661+0000] {dag.py:3954} INFO - Setting next_dagrun for e-commerce_kafka_streaming_pipeline_v10 to 2026-06-16 14:00:00+00:00, run_after=2026-06-16 15:00:00+00:00
[2026-06-16T14:06:38.697+0000] {processor.py:183} INFO - Processing /opt/airflow/dags/sdp_pipeline_dag.py took 0.183 seconds
[2026-06-16T14:07:09.143+0000] {processor.py:161} INFO - Started process (PID=1110) to work on /opt/airflow/dags/sdp_pipeline_dag.py
[2026-06-16T14:07:09.147+0000] {processor.py:830} INFO - Processing file /opt/airflow/dags/sdp_pipeline_dag.py for tasks to queue
[2026-06-16T14:07:09.158+0000] {logging_mixin.py:188} INFO - [2026-06-16T14:07:09.155+0000] {dagbag.py:540} INFO - Filling up the DagBag from /opt/airflow/dags/sdp_pipeline_dag.py
[2026-06-16T14:07:09.238+0000] {processor.py:840} INFO - DAG(s) 'e-commerce_kafka_streaming_pipeline_v10' retrieved from /opt/airflow/dags/sdp_pipeline_dag.py
[2026-06-16T14:07:09.322+0000] {logging_mixin.py:188} INFO - [2026-06-16T14:07:09.321+0000] {dag.py:3096} INFO - Sync 1 DAGs
[2026-06-16T14:07:09.476+0000] {logging_mixin.py:188} INFO - [2026-06-16T14:07:09.475+0000] {dag.py:3954} INFO - Setting next_dagrun for e-commerce_kafka_streaming_pipeline_v10 to 2026-06-16 14:00:00+00:00, run_after=2026-06-16 15:00:00+00:00
[2026-06-16T14:07:09.535+0000] {processor.py:183} INFO - Processing /opt/airflow/dags/sdp_pipeline_dag.py took 0.426 seconds
[2026-06-16T14:07:40.231+0000] {processor.py:161} INFO - Started process (PID=1115) to work on /opt/airflow/dags/sdp_pipeline_dag.py
[2026-06-16T14:07:40.237+0000] {processor.py:830} INFO - Processing file /opt/airflow/dags/sdp_pipeline_dag.py for tasks to queue
[2026-06-16T14:07:40.248+0000] {logging_mixin.py:188} INFO - [2026-06-16T14:07:40.247+0000] {dagbag.py:540} INFO - Filling up the DagBag from /opt/airflow/dags/sdp_pipeline_dag.py
[2026-06-16T14:07:40.318+0000] {processor.py:840} INFO - DAG(s) 'e-commerce_kafka_streaming_pipeline_v10' retrieved from /opt/airflow/dags/sdp_pipeline_dag.py
[2026-06-16T14:07:40.452+0000] {logging_mixin.py:188} INFO - [2026-06-16T14:07:40.451+0000] {dag.py:3096} INFO - Sync 1 DAGs
[2026-06-16T14:07:40.608+0000] {logging_mixin.py:188} INFO - [2026-06-16T14:07:40.606+0000] {dag.py:3954} INFO - Setting next_dagrun for e-commerce_kafka_streaming_pipeline_v10 to 2026-06-16 14:00:00+00:00, run_after=2026-06-16 15:00:00+00:00
[2026-06-16T14:07:40.700+0000] {processor.py:183} INFO - Processing /opt/airflow/dags/sdp_pipeline_dag.py took 0.499 seconds
[2026-06-16T14:08:11.041+0000] {processor.py:161} INFO - Started process (PID=1120) to work on /opt/airflow/dags/sdp_pipeline_dag.py
[2026-06-16T14:08:11.053+0000] {processor.py:830} INFO - Processing file /opt/airflow/dags/sdp_pipeline_dag.py for tasks to queue
[2026-06-16T14:08:11.071+0000] {logging_mixin.py:188} INFO - [2026-06-16T14:08:11.068+0000] {dagbag.py:540} INFO - Filling up the DagBag from /opt/airflow/dags/sdp_pipeline_dag.py
[2026-06-16T14:08:11.225+0000] {processor.py:840} INFO - DAG(s) 'e-commerce_kafka_streaming_pipeline_v10' retrieved from /opt/airflow/dags/sdp_pipeline_dag.py
[2026-06-16T14:08:11.367+0000] {logging_mixin.py:188} INFO - [2026-06-16T14:08:11.367+0000] {dag.py:3096} INFO - Sync 1 DAGs
[2026-06-16T14:08:11.470+0000] {logging_mixin.py:188} INFO - [2026-06-16T14:08:11.470+0000] {dag.py:3954} INFO - Setting next_dagrun for e-commerce_kafka_streaming_pipeline_v10 to 2026-06-16 14:00:00+00:00, run_after=2026-06-16 15:00:00+00:00
[2026-06-16T14:08:11.634+0000] {processor.py:183} INFO - Processing /opt/airflow/dags/sdp_pipeline_dag.py took 0.648 seconds
[2026-06-16T14:08:42.112+0000] {processor.py:161} INFO - Started process (PID=1125) to work on /opt/airflow/dags/sdp_pipeline_dag.py
[2026-06-16T14:08:42.128+0000] {processor.py:830} INFO - Processing file /opt/airflow/dags/sdp_pipeline_dag.py for tasks to queue
[2026-06-16T14:08:42.144+0000] {logging_mixin.py:188} INFO - [2026-06-16T14:08:42.138+0000] {dagbag.py:540} INFO - Filling up the DagBag from /opt/airflow/dags/sdp_pipeline_dag.py
[2026-06-16T14:08:42.237+0000] {processor.py:840} INFO - DAG(s) 'e-commerce_kafka_streaming_pipeline_v10' retrieved from /opt/airflow/dags/sdp_pipeline_dag.py
[2026-06-16T14:08:42.385+0000] {logging_mixin.py:188} INFO - [2026-06-16T14:08:42.384+0000] {dag.py:3096} INFO - Sync 1 DAGs
[2026-06-16T14:08:42.496+0000] {logging_mixin.py:188} INFO - [2026-06-16T14:08:42.495+0000] {dag.py:3954} INFO - Setting next_dagrun for e-commerce_kafka_streaming_pipeline_v10 to 2026-06-16 14:00:00+00:00, run_after=2026-06-16 15:00:00+00:00
[2026-06-16T14:08:42.593+0000] {processor.py:183} INFO - Processing /opt/airflow/dags/sdp_pipeline_dag.py took 0.645 seconds
[2026-06-16T14:09:12.990+0000] {processor.py:161} INFO - Started process (PID=1130) to work on /opt/airflow/dags/sdp_pipeline_dag.py
[2026-06-16T14:09:12.991+0000] {processor.py:830} INFO - Processing file /opt/airflow/dags/sdp_pipeline_dag.py for tasks to queue
[2026-06-16T14:09:12.995+0000] {logging_mixin.py:188} INFO - [2026-06-16T14:09:12.994+0000] {dagbag.py:540} INFO - Filling up the DagBag from /opt/airflow/dags/sdp_pipeline_dag.py
[2026-06-16T14:09:13.032+0000] {processor.py:840} INFO - DAG(s) 'e-commerce_kafka_streaming_pipeline_v10' retrieved from /opt/airflow/dags/sdp_pipeline_dag.py
[2026-06-16T14:09:13.074+0000] {logging_mixin.py:188} INFO - [2026-06-16T14:09:13.074+0000] {dag.py:3096} INFO - Sync 1 DAGs
[2026-06-16T14:09:13.112+0000] {logging_mixin.py:188} INFO - [2026-06-16T14:09:13.112+0000] {dag.py:3954} INFO - Setting next_dagrun for e-commerce_kafka_streaming_pipeline_v10 to 2026-06-16 14:00:00+00:00, run_after=2026-06-16 15:00:00+00:00
[2026-06-16T14:09:13.145+0000] {processor.py:183} INFO - Processing /opt/airflow/dags/sdp_pipeline_dag.py took 0.164 seconds
[2026-06-16T14:09:43.454+0000] {processor.py:161} INFO - Started process (PID=1135) to work on /opt/airflow/dags/sdp_pipeline_dag.py
[2026-06-16T14:09:43.455+0000] {processor.py:830} INFO - Processing file /opt/airflow/dags/sdp_pipeline_dag.py for tasks to queue
[2026-06-16T14:09:43.459+0000] {logging_mixin.py:188} INFO - [2026-06-16T14:09:43.458+0000] {dagbag.py:540} INFO - Filling up the DagBag from /opt/airflow/dags/sdp_pipeline_dag.py
[2026-06-16T14:09:43.491+0000] {processor.py:840} INFO - DAG(s) 'e-commerce_kafka_streaming_pipeline_v10' retrieved from /opt/airflow/dags/sdp_pipeline_dag.py
[2026-06-16T14:09:43.544+0000] {logging_mixin.py:188} INFO - [2026-06-16T14:09:43.543+0000] {dag.py:3096} INFO - Sync 1 DAGs
[2026-06-16T14:09:43.591+0000] {logging_mixin.py:188} INFO - [2026-06-16T14:09:43.590+0000] {dag.py:3954} INFO - Setting next_dagrun for e-commerce_kafka_streaming_pipeline_v10 to 2026-06-16 14:00:00+00:00, run_after=2026-06-16 15:00:00+00:00
[2026-06-16T14:09:43.631+0000] {processor.py:183} INFO - Processing /opt/airflow/dags/sdp_pipeline_dag.py took 0.189 seconds
[2026-06-16T14:10:14.010+0000] {processor.py:161} INFO - Started process (PID=1140) to work on /opt/airflow/dags/sdp_pipeline_dag.py
[2026-06-16T14:10:14.011+0000] {processor.py:830} INFO - Processing file /opt/airflow/dags/sdp_pipeline_dag.py for tasks to queue
[2026-06-16T14:10:14.015+0000] {logging_mixin.py:188} INFO - [2026-06-16T14:10:14.014+0000] {dagbag.py:540} INFO - Filling up the DagBag from /opt/airflow/dags/sdp_pipeline_dag.py
[2026-06-16T14:10:14.043+0000] {processor.py:840} INFO - DAG(s) 'e-commerce_kafka_streaming_pipeline_v10' retrieved from /opt/airflow/dags/sdp_pipeline_dag.py
[2026-06-16T14:10:14.087+0000] {logging_mixin.py:188} INFO - [2026-06-16T14:10:14.087+0000] {dag.py:3096} INFO - Sync 1 DAGs
[2026-06-16T14:10:14.131+0000] {logging_mixin.py:188} INFO - [2026-06-16T14:10:14.130+0000] {dag.py:3954} INFO - Setting next_dagrun for e-commerce_kafka_streaming_pipeline_v10 to 2026-06-16 14:00:00+00:00, run_after=2026-06-16 15:00:00+00:00
[2026-06-16T14:10:14.159+0000] {processor.py:183} INFO - Processing /opt/airflow/dags/sdp_pipeline_dag.py took 0.161 seconds
[2026-06-16T14:10:44.411+0000] {processor.py:161} INFO - Started process (PID=1145) to work on /opt/airflow/dags/sdp_pipeline_dag.py
[2026-06-16T14:10:44.414+0000] {processor.py:830} INFO - Processing file /opt/airflow/dags/sdp_pipeline_dag.py for tasks to queue
[2026-06-16T14:10:44.418+0000] {logging_mixin.py:188} INFO - [2026-06-16T14:10:44.417+0000] {dagbag.py:540} INFO - Filling up the DagBag from /opt/airflow/dags/sdp_pipeline_dag.py
[2026-06-16T14:10:44.459+0000] {processor.py:840} INFO - DAG(s) 'e-commerce_kafka_streaming_pipeline_v10' retrieved from /opt/airflow/dags/sdp_pipeline_dag.py
[2026-06-16T14:10:44.522+0000] {logging_mixin.py:188} INFO - [2026-06-16T14:10:44.522+0000] {dag.py:3096} INFO - Sync 1 DAGs
[2026-06-16T14:10:44.568+0000] {logging_mixin.py:188} INFO - [2026-06-16T14:10:44.567+0000] {dag.py:3954} INFO - Setting next_dagrun for e-commerce_kafka_streaming_pipeline_v10 to 2026-06-16 14:00:00+00:00, run_after=2026-06-16 15:00:00+00:00
[2026-06-16T14:10:44.612+0000] {processor.py:183} INFO - Processing /opt/airflow/dags/sdp_pipeline_dag.py took 0.211 seconds
[2026-06-16T14:11:15.014+0000] {processor.py:161} INFO - Started process (PID=1150) to work on /opt/airflow/dags/sdp_pipeline_dag.py
[2026-06-16T14:11:15.016+0000] {processor.py:830} INFO - Processing file /opt/airflow/dags/sdp_pipeline_dag.py for tasks to queue
[2026-06-16T14:11:15.020+0000] {logging_mixin.py:188} INFO - [2026-06-16T14:11:15.020+0000] {dagbag.py:540} INFO - Filling up the DagBag from /opt/airflow/dags/sdp_pipeline_dag.py
[2026-06-16T14:11:15.061+0000] {processor.py:840} INFO - DAG(s) 'e-commerce_kafka_streaming_pipeline_v10' retrieved from /opt/airflow/dags/sdp_pipeline_dag.py
[2026-06-16T14:11:15.106+0000] {logging_mixin.py:188} INFO - [2026-06-16T14:11:15.106+0000] {dag.py:3096} INFO - Sync 1 DAGs
[2026-06-16T14:11:15.145+0000] {logging_mixin.py:188} INFO - [2026-06-16T14:11:15.145+0000] {dag.py:3954} INFO - Setting next_dagrun for e-commerce_kafka_streaming_pipeline_v10 to 2026-06-16 14:00:00+00:00, run_after=2026-06-16 15:00:00+00:00
[2026-06-16T14:11:15.179+0000] {processor.py:183} INFO - Processing /opt/airflow/dags/sdp_pipeline_dag.py took 0.176 seconds
[2026-06-16T14:11:45.445+0000] {processor.py:161} INFO - Started process (PID=1155) to work on /opt/airflow/dags/sdp_pipeline_dag.py
[2026-06-16T14:11:45.447+0000] {processor.py:830} INFO - Processing file /opt/airflow/dags/sdp_pipeline_dag.py for tasks to queue
[2026-06-16T14:11:45.451+0000] {logging_mixin.py:188} INFO - [2026-06-16T14:11:45.450+0000] {dagbag.py:540} INFO - Filling up the DagBag from /opt/airflow/dags/sdp_pipeline_dag.py
[2026-06-16T14:11:45.488+0000] {processor.py:840} INFO - DAG(s) 'e-commerce_kafka_streaming_pipeline_v10' retrieved from /opt/airflow/dags/sdp_pipeline_dag.py
[2026-06-16T14:11:45.532+0000] {logging_mixin.py:188} INFO - [2026-06-16T14:11:45.532+0000] {dag.py:3096} INFO - Sync 1 DAGs
[2026-06-16T14:11:45.571+0000] {logging_mixin.py:188} INFO - [2026-06-16T14:11:45.571+0000] {dag.py:3954} INFO - Setting next_dagrun for e-commerce_kafka_streaming_pipeline_v10 to 2026-06-16 14:00:00+00:00, run_after=2026-06-16 15:00:00+00:00
[2026-06-16T14:11:45.601+0000] {processor.py:183} INFO - Processing /opt/airflow/dags/sdp_pipeline_dag.py took 0.170 seconds
[2026-06-16T14:12:16.033+0000] {processor.py:161} INFO - Started process (PID=1160) to work on /opt/airflow/dags/sdp_pipeline_dag.py
[2026-06-16T14:12:16.035+0000] {processor.py:830} INFO - Processing file /opt/airflow/dags/sdp_pipeline_dag.py for tasks to queue
[2026-06-16T14:12:16.038+0000] {logging_mixin.py:188} INFO - [2026-06-16T14:12:16.037+0000] {dagbag.py:540} INFO - Filling up the DagBag from /opt/airflow/dags/sdp_pipeline_dag.py
[2026-06-16T14:12:16.078+0000] {processor.py:840} INFO - DAG(s) 'e-commerce_kafka_streaming_pipeline_v10' retrieved from /opt/airflow/dags/sdp_pipeline_dag.py
[2026-06-16T14:12:16.122+0000] {logging_mixin.py:188} INFO - [2026-06-16T14:12:16.122+0000] {dag.py:3096} INFO - Sync 1 DAGs
[2026-06-16T14:12:16.160+0000] {logging_mixin.py:188} INFO - [2026-06-16T14:12:16.159+0000] {dag.py:3954} INFO - Setting next_dagrun for e-commerce_kafka_streaming_pipeline_v10 to 2026-06-16 14:00:00+00:00, run_after=2026-06-16 15:00:00+00:00
[2026-06-16T14:12:16.193+0000] {processor.py:183} INFO - Processing /opt/airflow/dags/sdp_pipeline_dag.py took 0.173 seconds
[2026-06-16T14:12:46.645+0000] {processor.py:161} INFO - Started process (PID=1165) to work on /opt/airflow/dags/sdp_pipeline_dag.py
[2026-06-16T14:12:46.647+0000] {processor.py:830} INFO - Processing file /opt/airflow/dags/sdp_pipeline_dag.py for tasks to queue
[2026-06-16T14:12:46.650+0000] {logging_mixin.py:188} INFO - [2026-06-16T14:12:46.650+0000] {dagbag.py:540} INFO - Filling up the DagBag from /opt/airflow/dags/sdp_pipeline_dag.py
[2026-06-16T14:12:46.685+0000] {processor.py:840} INFO - DAG(s) 'e-commerce_kafka_streaming_pipeline_v10' retrieved from /opt/airflow/dags/sdp_pipeline_dag.py
[2026-06-16T14:12:46.729+0000] {logging_mixin.py:188} INFO - [2026-06-16T14:12:46.728+0000] {dag.py:3096} INFO - Sync 1 DAGs
[2026-06-16T14:12:46.765+0000] {logging_mixin.py:188} INFO - [2026-06-16T14:12:46.764+0000] {dag.py:3954} INFO - Setting next_dagrun for e-commerce_kafka_streaming_pipeline_v10 to 2026-06-16 14:00:00+00:00, run_after=2026-06-16 15:00:00+00:00
[2026-06-16T14:12:46.798+0000] {processor.py:183} INFO - Processing /opt/airflow/dags/sdp_pipeline_dag.py took 0.161 seconds
[2026-06-16T14:13:17.060+0000] {processor.py:161} INFO - Started process (PID=1170) to work on /opt/airflow/dags/sdp_pipeline_dag.py
[2026-06-16T14:13:17.062+0000] {processor.py:830} INFO - Processing file /opt/airflow/dags/sdp_pipeline_dag.py for tasks to queue
[2026-06-16T14:13:17.065+0000] {logging_mixin.py:188} INFO - [2026-06-16T14:13:17.064+0000] {dagbag.py:540} INFO - Filling up the DagBag from /opt/airflow/dags/sdp_pipeline_dag.py
[2026-06-16T14:13:17.102+0000] {processor.py:840} INFO - DAG(s) 'e-commerce_kafka_streaming_pipeline_v10' retrieved from /opt/airflow/dags/sdp_pipeline_dag.py
[2026-06-16T14:13:17.146+0000] {logging_mixin.py:188} INFO - [2026-06-16T14:13:17.145+0000] {dag.py:3096} INFO - Sync 1 DAGs
[2026-06-16T14:13:17.184+0000] {logging_mixin.py:188} INFO - [2026-06-16T14:13:17.183+0000] {dag.py:3954} INFO - Setting next_dagrun for e-commerce_kafka_streaming_pipeline_v10 to 2026-06-16 14:00:00+00:00, run_after=2026-06-16 15:00:00+00:00
[2026-06-16T14:13:17.223+0000] {processor.py:183} INFO - Processing /opt/airflow/dags/sdp_pipeline_dag.py took 0.173 seconds
[2026-06-16T14:13:47.458+0000] {processor.py:161} INFO - Started process (PID=1175) to work on /opt/airflow/dags/sdp_pipeline_dag.py
[2026-06-16T14:13:47.461+0000] {processor.py:830} INFO - Processing file /opt/airflow/dags/sdp_pipeline_dag.py for tasks to queue
[2026-06-16T14:13:47.465+0000] {logging_mixin.py:188} INFO - [2026-06-16T14:13:47.464+0000] {dagbag.py:540} INFO - Filling up the DagBag from /opt/airflow/dags/sdp_pipeline_dag.py
[2026-06-16T14:13:47.504+0000] {processor.py:840} INFO - DAG(s) 'e-commerce_kafka_streaming_pipeline_v10' retrieved from /opt/airflow/dags/sdp_pipeline_dag.py
[2026-06-16T14:13:47.547+0000] {logging_mixin.py:188} INFO - [2026-06-16T14:13:47.547+0000] {dag.py:3096} INFO - Sync 1 DAGs
[2026-06-16T14:13:47.584+0000] {logging_mixin.py:188} INFO - [2026-06-16T14:13:47.584+0000] {dag.py:3954} INFO - Setting next_dagrun for e-commerce_kafka_streaming_pipeline_v10 to 2026-06-16 14:00:00+00:00, run_after=2026-06-16 15:00:00+00:00
[2026-06-16T14:13:47.618+0000] {processor.py:183} INFO - Processing /opt/airflow/dags/sdp_pipeline_dag.py took 0.172 seconds
[2026-06-16T14:14:17.994+0000] {processor.py:161} INFO - Started process (PID=1180) to work on /opt/airflow/dags/sdp_pipeline_dag.py
[2026-06-16T14:14:17.995+0000] {processor.py:830} INFO - Processing file /opt/airflow/dags/sdp_pipeline_dag.py for tasks to queue
[2026-06-16T14:14:17.999+0000] {logging_mixin.py:188} INFO - [2026-06-16T14:14:17.998+0000] {dagbag.py:540} INFO - Filling up the DagBag from /opt/airflow/dags/sdp_pipeline_dag.py
[2026-06-16T14:14:18.032+0000] {processor.py:840} INFO - DAG(s) 'e-commerce_kafka_streaming_pipeline_v10' retrieved from /opt/airflow/dags/sdp_pipeline_dag.py
[2026-06-16T14:14:18.075+0000] {logging_mixin.py:188} INFO - [2026-06-16T14:14:18.075+0000] {dag.py:3096} INFO - Sync 1 DAGs
[2026-06-16T14:14:18.112+0000] {logging_mixin.py:188} INFO - [2026-06-16T14:14:18.111+0000] {dag.py:3954} INFO - Setting next_dagrun for e-commerce_kafka_streaming_pipeline_v10 to 2026-06-16 14:00:00+00:00, run_after=2026-06-16 15:00:00+00:00
[2026-06-16T14:14:18.144+0000] {processor.py:183} INFO - Processing /opt/airflow/dags/sdp_pipeline_dag.py took 0.159 seconds
[2026-06-16T14:14:48.408+0000] {processor.py:161} INFO - Started process (PID=1185) to work on /opt/airflow/dags/sdp_pipeline_dag.py
[2026-06-16T14:14:48.410+0000] {processor.py:830} INFO - Processing file /opt/airflow/dags/sdp_pipeline_dag.py for tasks to queue
[2026-06-16T14:14:48.413+0000] {logging_mixin.py:188} INFO - [2026-06-16T14:14:48.413+0000] {dagbag.py:540} INFO - Filling up the DagBag from /opt/airflow/dags/sdp_pipeline_dag.py
[2026-06-16T14:14:48.449+0000] {processor.py:840} INFO - DAG(s) 'e-commerce_kafka_streaming_pipeline_v10' retrieved from /opt/airflow/dags/sdp_pipeline_dag.py
[2026-06-16T14:14:48.494+0000] {logging_mixin.py:188} INFO - [2026-06-16T14:14:48.493+0000] {dag.py:3096} INFO - Sync 1 DAGs
[2026-06-16T14:14:48.530+0000] {logging_mixin.py:188} INFO - [2026-06-16T14:14:48.530+0000] {dag.py:3954} INFO - Setting next_dagrun for e-commerce_kafka_streaming_pipeline_v10 to 2026-06-16 14:00:00+00:00, run_after=2026-06-16 15:00:00+00:00
[2026-06-16T14:14:48.563+0000] {processor.py:183} INFO - Processing /opt/airflow/dags/sdp_pipeline_dag.py took 0.166 seconds
[2026-06-16T14:15:18.840+0000] {processor.py:161} INFO - Started process (PID=1190) to work on /opt/airflow/dags/sdp_pipeline_dag.py
[2026-06-16T14:15:18.842+0000] {processor.py:830} INFO - Processing file /opt/airflow/dags/sdp_pipeline_dag.py for tasks to queue
[2026-06-16T14:15:18.846+0000] {logging_mixin.py:188} INFO - [2026-06-16T14:15:18.845+0000] {dagbag.py:540} INFO - Filling up the DagBag from /opt/airflow/dags/sdp_pipeline_dag.py
[2026-06-16T14:15:18.886+0000] {processor.py:840} INFO - DAG(s) 'e-commerce_kafka_streaming_pipeline_v10' retrieved from /opt/airflow/dags/sdp_pipeline_dag.py
[2026-06-16T14:15:18.953+0000] {logging_mixin.py:188} INFO - [2026-06-16T14:15:18.953+0000] {dag.py:3096} INFO - Sync 1 DAGs
[2026-06-16T14:15:18.994+0000] {logging_mixin.py:188} INFO - [2026-06-16T14:15:18.994+0000] {dag.py:3954} INFO - Setting next_dagrun for e-commerce_kafka_streaming_pipeline_v10 to 2026-06-16 14:00:00+00:00, run_after=2026-06-16 15:00:00+00:00
[2026-06-16T14:15:19.023+0000] {processor.py:183} INFO - Processing /opt/airflow/dags/sdp_pipeline_dag.py took 0.194 seconds
[2026-06-16T14:15:49.353+0000] {processor.py:161} INFO - Started process (PID=1195) to work on /opt/airflow/dags/sdp_pipeline_dag.py
[2026-06-16T14:15:49.354+0000] {processor.py:830} INFO - Processing file /opt/airflow/dags/sdp_pipeline_dag.py for tasks to queue
[2026-06-16T14:15:49.358+0000] {logging_mixin.py:188} INFO - [2026-06-16T14:15:49.357+0000] {dagbag.py:540} INFO - Filling up the DagBag from /opt/airflow/dags/sdp_pipeline_dag.py
[2026-06-16T14:15:49.394+0000] {processor.py:840} INFO - DAG(s) 'e-commerce_kafka_streaming_pipeline_v10' retrieved from /opt/airflow/dags/sdp_pipeline_dag.py
[2026-06-16T14:15:49.437+0000] {logging_mixin.py:188} INFO - [2026-06-16T14:15:49.437+0000] {dag.py:3096} INFO - Sync 1 DAGs
[2026-06-16T14:15:49.475+0000] {logging_mixin.py:188} INFO - [2026-06-16T14:15:49.475+0000] {dag.py:3954} INFO - Setting next_dagrun for e-commerce_kafka_streaming_pipeline_v10 to 2026-06-16 14:00:00+00:00, run_after=2026-06-16 15:00:00+00:00
[2026-06-16T14:15:49.508+0000] {processor.py:183} INFO - Processing /opt/airflow/dags/sdp_pipeline_dag.py took 0.165 seconds
[2026-06-16T14:16:19.824+0000] {processor.py:161} INFO - Started process (PID=1200) to work on /opt/airflow/dags/sdp_pipeline_dag.py
[2026-06-16T14:16:19.827+0000] {processor.py:830} INFO - Processing file /opt/airflow/dags/sdp_pipeline_dag.py for tasks to queue
[2026-06-16T14:16:19.832+0000] {logging_mixin.py:188} INFO - [2026-06-16T14:16:19.831+0000] {dagbag.py:540} INFO - Filling up the DagBag from /opt/airflow/dags/sdp_pipeline_dag.py
[2026-06-16T14:16:19.871+0000] {processor.py:840} INFO - DAG(s) 'e-commerce_kafka_streaming_pipeline_v10' retrieved from /opt/airflow/dags/sdp_pipeline_dag.py
[2026-06-16T14:16:19.913+0000] {logging_mixin.py:188} INFO - [2026-06-16T14:16:19.913+0000] {dag.py:3096} INFO - Sync 1 DAGs
[2026-06-16T14:16:19.950+0000] {logging_mixin.py:188} INFO - [2026-06-16T14:16:19.950+0000] {dag.py:3954} INFO - Setting next_dagrun for e-commerce_kafka_streaming_pipeline_v10 to 2026-06-16 14:00:00+00:00, run_after=2026-06-16 15:00:00+00:00
[2026-06-16T14:16:19.982+0000] {processor.py:183} INFO - Processing /opt/airflow/dags/sdp_pipeline_dag.py took 0.176 seconds
[2026-06-16T14:16:50.224+0000] {processor.py:161} INFO - Started process (PID=1205) to work on /opt/airflow/dags/sdp_pipeline_dag.py
[2026-06-16T14:16:50.226+0000] {processor.py:830} INFO - Processing file /opt/airflow/dags/sdp_pipeline_dag.py for tasks to queue
[2026-06-16T14:16:50.229+0000] {logging_mixin.py:188} INFO - [2026-06-16T14:16:50.229+0000] {dagbag.py:540} INFO - Filling up the DagBag from /opt/airflow/dags/sdp_pipeline_dag.py
[2026-06-16T14:16:50.269+0000] {processor.py:840} INFO - DAG(s) 'e-commerce_kafka_streaming_pipeline_v10' retrieved from /opt/airflow/dags/sdp_pipeline_dag.py
[2026-06-16T14:16:50.315+0000] {logging_mixin.py:188} INFO - [2026-06-16T14:16:50.314+0000] {dag.py:3096} INFO - Sync 1 DAGs
[2026-06-16T14:16:50.351+0000] {logging_mixin.py:188} INFO - [2026-06-16T14:16:50.351+0000] {dag.py:3954} INFO - Setting next_dagrun for e-commerce_kafka_streaming_pipeline_v10 to 2026-06-16 14:00:00+00:00, run_after=2026-06-16 15:00:00+00:00
[2026-06-16T14:16:50.385+0000] {processor.py:183} INFO - Processing /opt/airflow/dags/sdp_pipeline_dag.py took 0.176 seconds
[2026-06-16T14:17:20.665+0000] {processor.py:161} INFO - Started process (PID=1210) to work on /opt/airflow/dags/sdp_pipeline_dag.py
[2026-06-16T14:17:20.667+0000] {processor.py:830} INFO - Processing file /opt/airflow/dags/sdp_pipeline_dag.py for tasks to queue
[2026-06-16T14:17:20.671+0000] {logging_mixin.py:188} INFO - [2026-06-16T14:17:20.670+0000] {dagbag.py:540} INFO - Filling up the DagBag from /opt/airflow/dags/sdp_pipeline_dag.py
[2026-06-16T14:17:20.719+0000] {processor.py:840} INFO - DAG(s) 'e-commerce_kafka_streaming_pipeline_v10' retrieved from /opt/airflow/dags/sdp_pipeline_dag.py
[2026-06-16T14:17:20.777+0000] {logging_mixin.py:188} INFO - [2026-06-16T14:17:20.777+0000] {dag.py:3096} INFO - Sync 1 DAGs
[2026-06-16T14:17:20.853+0000] {logging_mixin.py:188} INFO - [2026-06-16T14:17:20.853+0000] {dag.py:3954} INFO - Setting next_dagrun for e-commerce_kafka_streaming_pipeline_v10 to 2026-06-16 14:00:00+00:00, run_after=2026-06-16 15:00:00+00:00
[2026-06-16T14:17:20.919+0000] {processor.py:183} INFO - Processing /opt/airflow/dags/sdp_pipeline_dag.py took 0.269 seconds
[2026-06-16T14:17:51.154+0000] {processor.py:161} INFO - Started process (PID=1215) to work on /opt/airflow/dags/sdp_pipeline_dag.py
[2026-06-16T14:17:51.155+0000] {processor.py:830} INFO - Processing file /opt/airflow/dags/sdp_pipeline_dag.py for tasks to queue
[2026-06-16T14:17:51.159+0000] {logging_mixin.py:188} INFO - [2026-06-16T14:17:51.158+0000] {dagbag.py:540} INFO - Filling up the DagBag from /opt/airflow/dags/sdp_pipeline_dag.py
[2026-06-16T14:17:51.196+0000] {processor.py:840} INFO - DAG(s) 'e-commerce_kafka_streaming_pipeline_v10' retrieved from /opt/airflow/dags/sdp_pipeline_dag.py
[2026-06-16T14:17:51.240+0000] {logging_mixin.py:188} INFO - [2026-06-16T14:17:51.239+0000] {dag.py:3096} INFO - Sync 1 DAGs
[2026-06-16T14:17:51.277+0000] {logging_mixin.py:188} INFO - [2026-06-16T14:17:51.277+0000] {dag.py:3954} INFO - Setting next_dagrun for e-commerce_kafka_streaming_pipeline_v10 to 2026-06-16 14:00:00+00:00, run_after=2026-06-16 15:00:00+00:00
[2026-06-16T14:17:51.309+0000] {processor.py:183} INFO - Processing /opt/airflow/dags/sdp_pipeline_dag.py took 0.168 seconds
[2026-06-16T14:18:21.657+0000] {processor.py:161} INFO - Started process (PID=1220) to work on /opt/airflow/dags/sdp_pipeline_dag.py
[2026-06-16T14:18:21.659+0000] {processor.py:830} INFO - Processing file /opt/airflow/dags/sdp_pipeline_dag.py for tasks to queue
[2026-06-16T14:18:21.662+0000] {logging_mixin.py:188} INFO - [2026-06-16T14:18:21.661+0000] {dagbag.py:540} INFO - Filling up the DagBag from /opt/airflow/dags/sdp_pipeline_dag.py
[2026-06-16T14:18:21.699+0000] {processor.py:840} INFO - DAG(s) 'e-commerce_kafka_streaming_pipeline_v10' retrieved from /opt/airflow/dags/sdp_pipeline_dag.py
[2026-06-16T14:18:21.742+0000] {logging_mixin.py:188} INFO - [2026-06-16T14:18:21.741+0000] {dag.py:3096} INFO - Sync 1 DAGs
[2026-06-16T14:18:21.777+0000] {logging_mixin.py:188} INFO - [2026-06-16T14:18:21.777+0000] {dag.py:3954} INFO - Setting next_dagrun for e-commerce_kafka_streaming_pipeline_v10 to 2026-06-16 14:00:00+00:00, run_after=2026-06-16 15:00:00+00:00
[2026-06-16T14:18:21.812+0000] {processor.py:183} INFO - Processing /opt/airflow/dags/sdp_pipeline_dag.py took 0.163 seconds
[2026-06-16T14:18:52.121+0000] {processor.py:161} INFO - Started process (PID=1225) to work on /opt/airflow/dags/sdp_pipeline_dag.py
[2026-06-16T14:18:52.123+0000] {processor.py:830} INFO - Processing file /opt/airflow/dags/sdp_pipeline_dag.py for tasks to queue
[2026-06-16T14:18:52.130+0000] {logging_mixin.py:188} INFO - [2026-06-16T14:18:52.130+0000] {dagbag.py:540} INFO - Filling up the DagBag from /opt/airflow/dags/sdp_pipeline_dag.py
[2026-06-16T14:18:52.206+0000] {processor.py:840} INFO - DAG(s) 'e-commerce_kafka_streaming_pipeline_v10' retrieved from /opt/airflow/dags/sdp_pipeline_dag.py
[2026-06-16T14:18:52.271+0000] {logging_mixin.py:188} INFO - [2026-06-16T14:18:52.271+0000] {dag.py:3096} INFO - Sync 1 DAGs
[2026-06-16T14:18:52.357+0000] {logging_mixin.py:188} INFO - [2026-06-16T14:18:52.357+0000] {dag.py:3954} INFO - Setting next_dagrun for e-commerce_kafka_streaming_pipeline_v10 to 2026-06-16 14:00:00+00:00, run_after=2026-06-16 15:00:00+00:00
[2026-06-16T14:18:52.389+0000] {processor.py:183} INFO - Processing /opt/airflow/dags/sdp_pipeline_dag.py took 0.279 seconds
[2026-06-16T14:19:22.546+0000] {processor.py:161} INFO - Started process (PID=1230) to work on /opt/airflow/dags/sdp_pipeline_dag.py
[2026-06-16T14:19:22.548+0000] {processor.py:830} INFO - Processing file /opt/airflow/dags/sdp_pipeline_dag.py for tasks to queue
[2026-06-16T14:19:22.552+0000] {logging_mixin.py:188} INFO - [2026-06-16T14:19:22.551+0000] {dagbag.py:540} INFO - Filling up the DagBag from /opt/airflow/dags/sdp_pipeline_dag.py
[2026-06-16T14:19:22.583+0000] {processor.py:840} INFO - DAG(s) 'e-commerce_kafka_streaming_pipeline_v10' retrieved from /opt/airflow/dags/sdp_pipeline_dag.py
[2026-06-16T14:19:22.636+0000] {logging_mixin.py:188} INFO - [2026-06-16T14:19:22.635+0000] {dag.py:3096} INFO - Sync 1 DAGs
[2026-06-16T14:19:22.680+0000] {logging_mixin.py:188} INFO - [2026-06-16T14:19:22.679+0000] {dag.py:3954} INFO - Setting next_dagrun for e-commerce_kafka_streaming_pipeline_v10 to 2026-06-16 14:00:00+00:00, run_after=2026-06-16 15:00:00+00:00
[2026-06-16T14:19:22.721+0000] {processor.py:183} INFO - Processing /opt/airflow/dags/sdp_pipeline_dag.py took 0.188 seconds
[2026-06-16T14:19:53.080+0000] {processor.py:161} INFO - Started process (PID=1235) to work on /opt/airflow/dags/sdp_pipeline_dag.py
[2026-06-16T14:19:53.081+0000] {processor.py:830} INFO - Processing file /opt/airflow/dags/sdp_pipeline_dag.py for tasks to queue
[2026-06-16T14:19:53.084+0000] {logging_mixin.py:188} INFO - [2026-06-16T14:19:53.084+0000] {dagbag.py:540} INFO - Filling up the DagBag from /opt/airflow/dags/sdp_pipeline_dag.py
[2026-06-16T14:19:53.117+0000] {processor.py:840} INFO - DAG(s) 'e-commerce_kafka_streaming_pipeline_v10' retrieved from /opt/airflow/dags/sdp_pipeline_dag.py
[2026-06-16T14:19:53.158+0000] {logging_mixin.py:188} INFO - [2026-06-16T14:19:53.158+0000] {dag.py:3096} INFO - Sync 1 DAGs
[2026-06-16T14:19:53.198+0000] {logging_mixin.py:188} INFO - [2026-06-16T14:19:53.198+0000] {dag.py:3954} INFO - Setting next_dagrun for e-commerce_kafka_streaming_pipeline_v10 to 2026-06-16 14:00:00+00:00, run_after=2026-06-16 15:00:00+00:00
[2026-06-16T14:19:53.230+0000] {processor.py:183} INFO - Processing /opt/airflow/dags/sdp_pipeline_dag.py took 0.159 seconds
[2026-06-16T14:20:23.497+0000] {processor.py:161} INFO - Started process (PID=1240) to work on /opt/airflow/dags/sdp_pipeline_dag.py
[2026-06-16T14:20:23.499+0000] {processor.py:830} INFO - Processing file /opt/airflow/dags/sdp_pipeline_dag.py for tasks to queue
[2026-06-16T14:20:23.502+0000] {logging_mixin.py:188} INFO - [2026-06-16T14:20:23.502+0000] {dagbag.py:540} INFO - Filling up the DagBag from /opt/airflow/dags/sdp_pipeline_dag.py
[2026-06-16T14:20:23.530+0000] {processor.py:840} INFO - DAG(s) 'e-commerce_kafka_streaming_pipeline_v10' retrieved from /opt/airflow/dags/sdp_pipeline_dag.py
[2026-06-16T14:20:23.573+0000] {logging_mixin.py:188} INFO - [2026-06-16T14:20:23.573+0000] {dag.py:3096} INFO - Sync 1 DAGs
[2026-06-16T14:20:23.613+0000] {logging_mixin.py:188} INFO - [2026-06-16T14:20:23.613+0000] {dag.py:3954} INFO - Setting next_dagrun for e-commerce_kafka_streaming_pipeline_v10 to 2026-06-16 14:00:00+00:00, run_after=2026-06-16 15:00:00+00:00
[2026-06-16T14:20:23.653+0000] {processor.py:183} INFO - Processing /opt/airflow/dags/sdp_pipeline_dag.py took 0.166 seconds
[2026-06-16T14:20:54.025+0000] {processor.py:161} INFO - Started process (PID=1245) to work on /opt/airflow/dags/sdp_pipeline_dag.py
[2026-06-16T14:20:54.027+0000] {processor.py:830} INFO - Processing file /opt/airflow/dags/sdp_pipeline_dag.py for tasks to queue
[2026-06-16T14:20:54.030+0000] {logging_mixin.py:188} INFO - [2026-06-16T14:20:54.029+0000] {dagbag.py:540} INFO - Filling up the DagBag from /opt/airflow/dags/sdp_pipeline_dag.py
[2026-06-16T14:20:54.067+0000] {processor.py:840} INFO - DAG(s) 'e-commerce_kafka_streaming_pipeline_v10' retrieved from /opt/airflow/dags/sdp_pipeline_dag.py
[2026-06-16T14:20:54.108+0000] {logging_mixin.py:188} INFO - [2026-06-16T14:20:54.108+0000] {dag.py:3096} INFO - Sync 1 DAGs
[2026-06-16T14:20:54.152+0000] {logging_mixin.py:188} INFO - [2026-06-16T14:20:54.152+0000] {dag.py:3954} INFO - Setting next_dagrun for e-commerce_kafka_streaming_pipeline_v10 to 2026-06-16 14:00:00+00:00, run_after=2026-06-16 15:00:00+00:00
[2026-06-16T14:20:54.184+0000] {processor.py:183} INFO - Processing /opt/airflow/dags/sdp_pipeline_dag.py took 0.169 seconds
[2026-06-16T14:21:24.395+0000] {processor.py:161} INFO - Started process (PID=1250) to work on /opt/airflow/dags/sdp_pipeline_dag.py
[2026-06-16T14:21:24.396+0000] {processor.py:830} INFO - Processing file /opt/airflow/dags/sdp_pipeline_dag.py for tasks to queue
[2026-06-16T14:21:24.399+0000] {logging_mixin.py:188} INFO - [2026-06-16T14:21:24.399+0000] {dagbag.py:540} INFO - Filling up the DagBag from /opt/airflow/dags/sdp_pipeline_dag.py
[2026-06-16T14:21:24.429+0000] {processor.py:840} INFO - DAG(s) 'e-commerce_kafka_streaming_pipeline_v10' retrieved from /opt/airflow/dags/sdp_pipeline_dag.py
[2026-06-16T14:21:24.471+0000] {logging_mixin.py:188} INFO - [2026-06-16T14:21:24.471+0000] {dag.py:3096} INFO - Sync 1 DAGs
[2026-06-16T14:21:24.552+0000] {logging_mixin.py:188} INFO - [2026-06-16T14:21:24.551+0000] {dag.py:3954} INFO - Setting next_dagrun for e-commerce_kafka_streaming_pipeline_v10 to 2026-06-16 14:00:00+00:00, run_after=2026-06-16 15:00:00+00:00
[2026-06-16T14:21:24.583+0000] {processor.py:183} INFO - Processing /opt/airflow/dags/sdp_pipeline_dag.py took 0.197 seconds
[2026-06-16T14:21:54.997+0000] {processor.py:161} INFO - Started process (PID=1255) to work on /opt/airflow/dags/sdp_pipeline_dag.py
[2026-06-16T14:21:54.999+0000] {processor.py:830} INFO - Processing file /opt/airflow/dags/sdp_pipeline_dag.py for tasks to queue
[2026-06-16T14:21:55.004+0000] {logging_mixin.py:188} INFO - [2026-06-16T14:21:55.003+0000] {dagbag.py:540} INFO - Filling up the DagBag from /opt/airflow/dags/sdp_pipeline_dag.py
[2026-06-16T14:21:55.048+0000] {processor.py:840} INFO - DAG(s) 'e-commerce_kafka_streaming_pipeline_v10' retrieved from /opt/airflow/dags/sdp_pipeline_dag.py
[2026-06-16T14:21:55.097+0000] {logging_mixin.py:188} INFO - [2026-06-16T14:21:55.097+0000] {dag.py:3096} INFO - Sync 1 DAGs
[2026-06-16T14:21:55.133+0000] {logging_mixin.py:188} INFO - [2026-06-16T14:21:55.133+0000] {dag.py:3954} INFO - Setting next_dagrun for e-commerce_kafka_streaming_pipeline_v10 to 2026-06-16 14:00:00+00:00, run_after=2026-06-16 15:00:00+00:00
[2026-06-16T14:21:55.167+0000] {processor.py:183} INFO - Processing /opt/airflow/dags/sdp_pipeline_dag.py took 0.180 seconds
[2026-06-16T14:22:25.637+0000] {processor.py:161} INFO - Started process (PID=1260) to work on /opt/airflow/dags/sdp_pipeline_dag.py
[2026-06-16T14:22:25.639+0000] {processor.py:830} INFO - Processing file /opt/airflow/dags/sdp_pipeline_dag.py for tasks to queue
[2026-06-16T14:22:25.643+0000] {logging_mixin.py:188} INFO - [2026-06-16T14:22:25.642+0000] {dagbag.py:540} INFO - Filling up the DagBag from /opt/airflow/dags/sdp_pipeline_dag.py
[2026-06-16T14:22:25.684+0000] {processor.py:840} INFO - DAG(s) 'e-commerce_kafka_streaming_pipeline_v10' retrieved from /opt/airflow/dags/sdp_pipeline_dag.py
[2026-06-16T14:22:25.724+0000] {logging_mixin.py:188} INFO - [2026-06-16T14:22:25.724+0000] {dag.py:3096} INFO - Sync 1 DAGs
[2026-06-16T14:22:25.761+0000] {logging_mixin.py:188} INFO - [2026-06-16T14:22:25.761+0000] {dag.py:3954} INFO - Setting next_dagrun for e-commerce_kafka_streaming_pipeline_v10 to 2026-06-16 14:00:00+00:00, run_after=2026-06-16 15:00:00+00:00
[2026-06-16T14:22:25.793+0000] {processor.py:183} INFO - Processing /opt/airflow/dags/sdp_pipeline_dag.py took 0.165 seconds
[2026-06-16T14:22:56.033+0000] {processor.py:161} INFO - Started process (PID=1265) to work on /opt/airflow/dags/sdp_pipeline_dag.py
[2026-06-16T14:22:56.035+0000] {processor.py:830} INFO - Processing file /opt/airflow/dags/sdp_pipeline_dag.py for tasks to queue
[2026-06-16T14:22:56.038+0000] {logging_mixin.py:188} INFO - [2026-06-16T14:22:56.037+0000] {dagbag.py:540} INFO - Filling up the DagBag from /opt/airflow/dags/sdp_pipeline_dag.py
[2026-06-16T14:22:56.077+0000] {processor.py:840} INFO - DAG(s) 'e-commerce_kafka_streaming_pipeline_v10' retrieved from /opt/airflow/dags/sdp_pipeline_dag.py
[2026-06-16T14:22:56.123+0000] {logging_mixin.py:188} INFO - [2026-06-16T14:22:56.123+0000] {dag.py:3096} INFO - Sync 1 DAGs
[2026-06-16T14:22:56.159+0000] {logging_mixin.py:188} INFO - [2026-06-16T14:22:56.158+0000] {dag.py:3954} INFO - Setting next_dagrun for e-commerce_kafka_streaming_pipeline_v10 to 2026-06-16 14:00:00+00:00, run_after=2026-06-16 15:00:00+00:00
[2026-06-16T14:22:56.192+0000] {processor.py:183} INFO - Processing /opt/airflow/dags/sdp_pipeline_dag.py took 0.171 seconds
[2026-06-16T14:23:26.408+0000] {processor.py:161} INFO - Started process (PID=1270) to work on /opt/airflow/dags/sdp_pipeline_dag.py
[2026-06-16T14:23:26.410+0000] {processor.py:830} INFO - Processing file /opt/airflow/dags/sdp_pipeline_dag.py for tasks to queue
[2026-06-16T14:23:26.413+0000] {logging_mixin.py:188} INFO - [2026-06-16T14:23:26.413+0000] {dagbag.py:540} INFO - Filling up the DagBag from /opt/airflow/dags/sdp_pipeline_dag.py
[2026-06-16T14:23:26.451+0000] {processor.py:840} INFO - DAG(s) 'e-commerce_kafka_streaming_pipeline_v10' retrieved from /opt/airflow/dags/sdp_pipeline_dag.py
[2026-06-16T14:23:26.509+0000] {logging_mixin.py:188} INFO - [2026-06-16T14:23:26.508+0000] {dag.py:3096} INFO - Sync 1 DAGs
[2026-06-16T14:23:26.546+0000] {logging_mixin.py:188} INFO - [2026-06-16T14:23:26.546+0000] {dag.py:3954} INFO - Setting next_dagrun for e-commerce_kafka_streaming_pipeline_v10 to 2026-06-16 14:00:00+00:00, run_after=2026-06-16 15:00:00+00:00
[2026-06-16T14:23:26.576+0000] {processor.py:183} INFO - Processing /opt/airflow/dags/sdp_pipeline_dag.py took 0.177 seconds
[2026-06-16T14:23:57.028+0000] {processor.py:161} INFO - Started process (PID=1275) to work on /opt/airflow/dags/sdp_pipeline_dag.py
[2026-06-16T14:23:57.030+0000] {processor.py:830} INFO - Processing file /opt/airflow/dags/sdp_pipeline_dag.py for tasks to queue
[2026-06-16T14:23:57.034+0000] {logging_mixin.py:188} INFO - [2026-06-16T14:23:57.033+0000] {dagbag.py:540} INFO - Filling up the DagBag from /opt/airflow/dags/sdp_pipeline_dag.py
[2026-06-16T14:23:57.071+0000] {processor.py:840} INFO - DAG(s) 'e-commerce_kafka_streaming_pipeline_v10' retrieved from /opt/airflow/dags/sdp_pipeline_dag.py
[2026-06-16T14:23:57.116+0000] {logging_mixin.py:188} INFO - [2026-06-16T14:23:57.115+0000] {dag.py:3096} INFO - Sync 1 DAGs
[2026-06-16T14:23:57.152+0000] {logging_mixin.py:188} INFO - [2026-06-16T14:23:57.152+0000] {dag.py:3954} INFO - Setting next_dagrun for e-commerce_kafka_streaming_pipeline_v10 to 2026-06-16 14:00:00+00:00, run_after=2026-06-16 15:00:00+00:00
[2026-06-16T14:23:57.185+0000] {processor.py:183} INFO - Processing /opt/airflow/dags/sdp_pipeline_dag.py took 0.165 seconds
[2026-06-16T14:24:27.409+0000] {processor.py:161} INFO - Started process (PID=1280) to work on /opt/airflow/dags/sdp_pipeline_dag.py
[2026-06-16T14:24:27.411+0000] {processor.py:830} INFO - Processing file /opt/airflow/dags/sdp_pipeline_dag.py for tasks to queue
[2026-06-16T14:24:27.414+0000] {logging_mixin.py:188} INFO - [2026-06-16T14:24:27.413+0000] {dagbag.py:540} INFO - Filling up the DagBag from /opt/airflow/dags/sdp_pipeline_dag.py
[2026-06-16T14:24:27.448+0000] {processor.py:840} INFO - DAG(s) 'e-commerce_kafka_streaming_pipeline_v10' retrieved from /opt/airflow/dags/sdp_pipeline_dag.py
[2026-06-16T14:24:27.490+0000] {logging_mixin.py:188} INFO - [2026-06-16T14:24:27.489+0000] {dag.py:3096} INFO - Sync 1 DAGs
[2026-06-16T14:24:27.537+0000] {logging_mixin.py:188} INFO - [2026-06-16T14:24:27.537+0000] {dag.py:3954} INFO - Setting next_dagrun for e-commerce_kafka_streaming_pipeline_v10 to 2026-06-16 14:00:00+00:00, run_after=2026-06-16 15:00:00+00:00
[2026-06-16T14:24:27.568+0000] {processor.py:183} INFO - Processing /opt/airflow/dags/sdp_pipeline_dag.py took 0.168 seconds
[2026-06-16T14:24:57.974+0000] {processor.py:161} INFO - Started process (PID=1285) to work on /opt/airflow/dags/sdp_pipeline_dag.py
[2026-06-16T14:24:57.976+0000] {processor.py:830} INFO - Processing file /opt/airflow/dags/sdp_pipeline_dag.py for tasks to queue
[2026-06-16T14:24:57.979+0000] {logging_mixin.py:188} INFO - [2026-06-16T14:24:57.978+0000] {dagbag.py:540} INFO - Filling up the DagBag from /opt/airflow/dags/sdp_pipeline_dag.py
[2026-06-16T14:24:58.021+0000] {processor.py:840} INFO - DAG(s) 'e-commerce_kafka_streaming_pipeline_v10' retrieved from /opt/airflow/dags/sdp_pipeline_dag.py
[2026-06-16T14:24:58.066+0000] {logging_mixin.py:188} INFO - [2026-06-16T14:24:58.066+0000] {dag.py:3096} INFO - Sync 1 DAGs
[2026-06-16T14:24:58.102+0000] {logging_mixin.py:188} INFO - [2026-06-16T14:24:58.101+0000] {dag.py:3954} INFO - Setting next_dagrun for e-commerce_kafka_streaming_pipeline_v10 to 2026-06-16 14:00:00+00:00, run_after=2026-06-16 15:00:00+00:00
[2026-06-16T14:24:58.145+0000] {processor.py:183} INFO - Processing /opt/airflow/dags/sdp_pipeline_dag.py took 0.179 seconds
[2026-06-16T14:25:28.388+0000] {processor.py:161} INFO - Started process (PID=1290) to work on /opt/airflow/dags/sdp_pipeline_dag.py
[2026-06-16T14:25:28.390+0000] {processor.py:830} INFO - Processing file /opt/airflow/dags/sdp_pipeline_dag.py for tasks to queue
[2026-06-16T14:25:28.393+0000] {logging_mixin.py:188} INFO - [2026-06-16T14:25:28.393+0000] {dagbag.py:540} INFO - Filling up the DagBag from /opt/airflow/dags/sdp_pipeline_dag.py
[2026-06-16T14:25:28.448+0000] {processor.py:840} INFO - DAG(s) 'e-commerce_kafka_streaming_pipeline_v10' retrieved from /opt/airflow/dags/sdp_pipeline_dag.py
[2026-06-16T14:25:28.508+0000] {logging_mixin.py:188} INFO - [2026-06-16T14:25:28.508+0000] {dag.py:3096} INFO - Sync 1 DAGs
[2026-06-16T14:25:28.559+0000] {logging_mixin.py:188} INFO - [2026-06-16T14:25:28.559+0000] {dag.py:3954} INFO - Setting next_dagrun for e-commerce_kafka_streaming_pipeline_v10 to 2026-06-16 14:00:00+00:00, run_after=2026-06-16 15:00:00+00:00
[2026-06-16T14:25:28.586+0000] {processor.py:183} INFO - Processing /opt/airflow/dags/sdp_pipeline_dag.py took 0.211 seconds
[2026-06-16T14:25:58.928+0000] {processor.py:161} INFO - Started process (PID=1295) to work on /opt/airflow/dags/sdp_pipeline_dag.py
[2026-06-16T14:25:58.930+0000] {processor.py:830} INFO - Processing file /opt/airflow/dags/sdp_pipeline_dag.py for tasks to queue
[2026-06-16T14:25:58.937+0000] {logging_mixin.py:188} INFO - [2026-06-16T14:25:58.936+0000] {dagbag.py:540} INFO - Filling up the DagBag from /opt/airflow/dags/sdp_pipeline_dag.py
[2026-06-16T14:25:58.978+0000] {processor.py:840} INFO - DAG(s) 'e-commerce_kafka_streaming_pipeline_v10' retrieved from /opt/airflow/dags/sdp_pipeline_dag.py
[2026-06-16T14:25:59.028+0000] {logging_mixin.py:188} INFO - [2026-06-16T14:25:59.028+0000] {dag.py:3096} INFO - Sync 1 DAGs
[2026-06-16T14:25:59.065+0000] {logging_mixin.py:188} INFO - [2026-06-16T14:25:59.064+0000] {dag.py:3954} INFO - Setting next_dagrun for e-commerce_kafka_streaming_pipeline_v10 to 2026-06-16 14:00:00+00:00, run_after=2026-06-16 15:00:00+00:00
[2026-06-16T14:25:59.095+0000] {processor.py:183} INFO - Processing /opt/airflow/dags/sdp_pipeline_dag.py took 0.180 seconds
[2026-06-16T14:26:29.301+0000] {processor.py:161} INFO - Started process (PID=1300) to work on /opt/airflow/dags/sdp_pipeline_dag.py
[2026-06-16T14:26:29.303+0000] {processor.py:830} INFO - Processing file /opt/airflow/dags/sdp_pipeline_dag.py for tasks to queue
[2026-06-16T14:26:29.307+0000] {logging_mixin.py:188} INFO - [2026-06-16T14:26:29.306+0000] {dagbag.py:540} INFO - Filling up the DagBag from /opt/airflow/dags/sdp_pipeline_dag.py
[2026-06-16T14:26:29.350+0000] {processor.py:840} INFO - DAG(s) 'e-commerce_kafka_streaming_pipeline_v10' retrieved from /opt/airflow/dags/sdp_pipeline_dag.py
[2026-06-16T14:26:29.394+0000] {logging_mixin.py:188} INFO - [2026-06-16T14:26:29.394+0000] {dag.py:3096} INFO - Sync 1 DAGs
[2026-06-16T14:26:29.431+0000] {logging_mixin.py:188} INFO - [2026-06-16T14:26:29.430+0000] {dag.py:3954} INFO - Setting next_dagrun for e-commerce_kafka_streaming_pipeline_v10 to 2026-06-16 14:00:00+00:00, run_after=2026-06-16 15:00:00+00:00
[2026-06-16T14:26:29.461+0000] {processor.py:183} INFO - Processing /opt/airflow/dags/sdp_pipeline_dag.py took 0.171 seconds
[2026-06-16T14:26:59.910+0000] {processor.py:161} INFO - Started process (PID=1305) to work on /opt/airflow/dags/sdp_pipeline_dag.py
[2026-06-16T14:26:59.912+0000] {processor.py:830} INFO - Processing file /opt/airflow/dags/sdp_pipeline_dag.py for tasks to queue
[2026-06-16T14:26:59.915+0000] {logging_mixin.py:188} INFO - [2026-06-16T14:26:59.914+0000] {dagbag.py:540} INFO - Filling up the DagBag from /opt/airflow/dags/sdp_pipeline_dag.py
[2026-06-16T14:26:59.947+0000] {processor.py:840} INFO - DAG(s) 'e-commerce_kafka_streaming_pipeline_v10' retrieved from /opt/airflow/dags/sdp_pipeline_dag.py
[2026-06-16T14:26:59.990+0000] {logging_mixin.py:188} INFO - [2026-06-16T14:26:59.990+0000] {dag.py:3096} INFO - Sync 1 DAGs
[2026-06-16T14:27:00.038+0000] {logging_mixin.py:188} INFO - [2026-06-16T14:27:00.038+0000] {dag.py:3954} INFO - Setting next_dagrun for e-commerce_kafka_streaming_pipeline_v10 to 2026-06-16 14:00:00+00:00, run_after=2026-06-16 15:00:00+00:00
[2026-06-16T14:27:00.071+0000] {processor.py:183} INFO - Processing /opt/airflow/dags/sdp_pipeline_dag.py took 0.173 seconds
[2026-06-16T14:27:30.300+0000] {processor.py:161} INFO - Started process (PID=1310) to work on /opt/airflow/dags/sdp_pipeline_dag.py
[2026-06-16T14:27:30.302+0000] {processor.py:830} INFO - Processing file /opt/airflow/dags/sdp_pipeline_dag.py for tasks to queue
[2026-06-16T14:27:30.305+0000] {logging_mixin.py:188} INFO - [2026-06-16T14:27:30.305+0000] {dagbag.py:540} INFO - Filling up the DagBag from /opt/airflow/dags/sdp_pipeline_dag.py
[2026-06-16T14:27:30.343+0000] {processor.py:840} INFO - DAG(s) 'e-commerce_kafka_streaming_pipeline_v10' retrieved from /opt/airflow/dags/sdp_pipeline_dag.py
[2026-06-16T14:27:30.390+0000] {logging_mixin.py:188} INFO - [2026-06-16T14:27:30.390+0000] {dag.py:3096} INFO - Sync 1 DAGs
[2026-06-16T14:27:30.427+0000] {logging_mixin.py:188} INFO - [2026-06-16T14:27:30.427+0000] {dag.py:3954} INFO - Setting next_dagrun for e-commerce_kafka_streaming_pipeline_v10 to 2026-06-16 14:00:00+00:00, run_after=2026-06-16 15:00:00+00:00
[2026-06-16T14:27:30.459+0000] {processor.py:183} INFO - Processing /opt/airflow/dags/sdp_pipeline_dag.py took 0.172 seconds
[2026-06-16T14:28:00.862+0000] {processor.py:161} INFO - Started process (PID=1315) to work on /opt/airflow/dags/sdp_pipeline_dag.py
[2026-06-16T14:28:00.864+0000] {processor.py:830} INFO - Processing file /opt/airflow/dags/sdp_pipeline_dag.py for tasks to queue
[2026-06-16T14:28:00.869+0000] {logging_mixin.py:188} INFO - [2026-06-16T14:28:00.869+0000] {dagbag.py:540} INFO - Filling up the DagBag from /opt/airflow/dags/sdp_pipeline_dag.py
[2026-06-16T14:28:00.907+0000] {processor.py:840} INFO - DAG(s) 'e-commerce_kafka_streaming_pipeline_v10' retrieved from /opt/airflow/dags/sdp_pipeline_dag.py
[2026-06-16T14:28:00.959+0000] {logging_mixin.py:188} INFO - [2026-06-16T14:28:00.959+0000] {dag.py:3096} INFO - Sync 1 DAGs
[2026-06-16T14:28:00.999+0000] {logging_mixin.py:188} INFO - [2026-06-16T14:28:00.998+0000] {dag.py:3954} INFO - Setting next_dagrun for e-commerce_kafka_streaming_pipeline_v10 to 2026-06-16 14:00:00+00:00, run_after=2026-06-16 15:00:00+00:00
[2026-06-16T14:28:01.029+0000] {processor.py:183} INFO - Processing /opt/airflow/dags/sdp_pipeline_dag.py took 0.179 seconds
[2026-06-16T14:28:31.281+0000] {processor.py:161} INFO - Started process (PID=1320) to work on /opt/airflow/dags/sdp_pipeline_dag.py
[2026-06-16T14:28:31.283+0000] {processor.py:830} INFO - Processing file /opt/airflow/dags/sdp_pipeline_dag.py for tasks to queue
[2026-06-16T14:28:31.287+0000] {logging_mixin.py:188} INFO - [2026-06-16T14:28:31.286+0000] {dagbag.py:540} INFO - Filling up the DagBag from /opt/airflow/dags/sdp_pipeline_dag.py
[2026-06-16T14:28:31.327+0000] {processor.py:840} INFO - DAG(s) 'e-commerce_kafka_streaming_pipeline_v10' retrieved from /opt/airflow/dags/sdp_pipeline_dag.py
[2026-06-16T14:28:31.372+0000] {logging_mixin.py:188} INFO - [2026-06-16T14:28:31.372+0000] {dag.py:3096} INFO - Sync 1 DAGs
[2026-06-16T14:28:31.409+0000] {logging_mixin.py:188} INFO - [2026-06-16T14:28:31.409+0000] {dag.py:3954} INFO - Setting next_dagrun for e-commerce_kafka_streaming_pipeline_v10 to 2026-06-16 14:00:00+00:00, run_after=2026-06-16 15:00:00+00:00
[2026-06-16T14:28:31.443+0000] {processor.py:183} INFO - Processing /opt/airflow/dags/sdp_pipeline_dag.py took 0.174 seconds
[2026-06-16T14:29:01.725+0000] {processor.py:161} INFO - Started process (PID=1325) to work on /opt/airflow/dags/sdp_pipeline_dag.py
[2026-06-16T14:29:01.727+0000] {processor.py:830} INFO - Processing file /opt/airflow/dags/sdp_pipeline_dag.py for tasks to queue
[2026-06-16T14:29:01.730+0000] {logging_mixin.py:188} INFO - [2026-06-16T14:29:01.730+0000] {dagbag.py:540} INFO - Filling up the DagBag from /opt/airflow/dags/sdp_pipeline_dag.py
[2026-06-16T14:29:01.774+0000] {processor.py:840} INFO - DAG(s) 'e-commerce_kafka_streaming_pipeline_v10' retrieved from /opt/airflow/dags/sdp_pipeline_dag.py
[2026-06-16T14:29:01.816+0000] {logging_mixin.py:188} INFO - [2026-06-16T14:29:01.815+0000] {dag.py:3096} INFO - Sync 1 DAGs
[2026-06-16T14:29:01.851+0000] {logging_mixin.py:188} INFO - [2026-06-16T14:29:01.851+0000] {dag.py:3954} INFO - Setting next_dagrun for e-commerce_kafka_streaming_pipeline_v10 to 2026-06-16 14:00:00+00:00, run_after=2026-06-16 15:00:00+00:00
[2026-06-16T14:29:01.886+0000] {processor.py:183} INFO - Processing /opt/airflow/dags/sdp_pipeline_dag.py took 0.169 seconds
[2026-06-16T14:29:32.254+0000] {processor.py:161} INFO - Started process (PID=1330) to work on /opt/airflow/dags/sdp_pipeline_dag.py
[2026-06-16T14:29:32.256+0000] {processor.py:830} INFO - Processing file /opt/airflow/dags/sdp_pipeline_dag.py for tasks to queue
[2026-06-16T14:29:32.259+0000] {logging_mixin.py:188} INFO - [2026-06-16T14:29:32.258+0000] {dagbag.py:540} INFO - Filling up the DagBag from /opt/airflow/dags/sdp_pipeline_dag.py
[2026-06-16T14:29:32.293+0000] {processor.py:840} INFO - DAG(s) 'e-commerce_kafka_streaming_pipeline_v10' retrieved from /opt/airflow/dags/sdp_pipeline_dag.py
[2026-06-16T14:29:32.339+0000] {logging_mixin.py:188} INFO - [2026-06-16T14:29:32.338+0000] {dag.py:3096} INFO - Sync 1 DAGs
[2026-06-16T14:29:32.388+0000] {logging_mixin.py:188} INFO - [2026-06-16T14:29:32.388+0000] {dag.py:3954} INFO - Setting next_dagrun for e-commerce_kafka_streaming_pipeline_v10 to 2026-06-16 14:00:00+00:00, run_after=2026-06-16 15:00:00+00:00
[2026-06-16T14:29:32.419+0000] {processor.py:183} INFO - Processing /opt/airflow/dags/sdp_pipeline_dag.py took 0.175 seconds
[2026-06-16T14:30:02.794+0000] {processor.py:161} INFO - Started process (PID=1335) to work on /opt/airflow/dags/sdp_pipeline_dag.py
[2026-06-16T14:30:02.796+0000] {processor.py:830} INFO - Processing file /opt/airflow/dags/sdp_pipeline_dag.py for tasks to queue
[2026-06-16T14:30:02.802+0000] {logging_mixin.py:188} INFO - [2026-06-16T14:30:02.801+0000] {dagbag.py:540} INFO - Filling up the DagBag from /opt/airflow/dags/sdp_pipeline_dag.py
[2026-06-16T14:30:02.850+0000] {processor.py:840} INFO - DAG(s) 'e-commerce_kafka_streaming_pipeline_v10' retrieved from /opt/airflow/dags/sdp_pipeline_dag.py
[2026-06-16T14:30:02.932+0000] {logging_mixin.py:188} INFO - [2026-06-16T14:30:02.931+0000] {dag.py:3096} INFO - Sync 1 DAGs
[2026-06-16T14:30:02.968+0000] {logging_mixin.py:188} INFO - [2026-06-16T14:30:02.967+0000] {dag.py:3954} INFO - Setting next_dagrun for e-commerce_kafka_streaming_pipeline_v10 to 2026-06-16 14:00:00+00:00, run_after=2026-06-16 15:00:00+00:00
[2026-06-16T14:30:02.999+0000] {processor.py:183} INFO - Processing /opt/airflow/dags/sdp_pipeline_dag.py took 0.221 seconds
[2026-06-16T14:30:33.274+0000] {processor.py:161} INFO - Started process (PID=1340) to work on /opt/airflow/dags/sdp_pipeline_dag.py
[2026-06-16T14:30:33.276+0000] {processor.py:830} INFO - Processing file /opt/airflow/dags/sdp_pipeline_dag.py for tasks to queue
[2026-06-16T14:30:33.280+0000] {logging_mixin.py:188} INFO - [2026-06-16T14:30:33.279+0000] {dagbag.py:540} INFO - Filling up the DagBag from /opt/airflow/dags/sdp_pipeline_dag.py
[2026-06-16T14:30:33.321+0000] {processor.py:840} INFO - DAG(s) 'e-commerce_kafka_streaming_pipeline_v10' retrieved from /opt/airflow/dags/sdp_pipeline_dag.py
[2026-06-16T14:30:33.365+0000] {logging_mixin.py:188} INFO - [2026-06-16T14:30:33.365+0000] {dag.py:3096} INFO - Sync 1 DAGs
[2026-06-16T14:30:33.401+0000] {logging_mixin.py:188} INFO - [2026-06-16T14:30:33.401+0000] {dag.py:3954} INFO - Setting next_dagrun for e-commerce_kafka_streaming_pipeline_v10 to 2026-06-16 14:00:00+00:00, run_after=2026-06-16 15:00:00+00:00
[2026-06-16T14:30:33.433+0000] {processor.py:183} INFO - Processing /opt/airflow/dags/sdp_pipeline_dag.py took 0.171 seconds
[2026-06-16T14:31:03.814+0000] {processor.py:161} INFO - Started process (PID=1345) to work on /opt/airflow/dags/sdp_pipeline_dag.py
[2026-06-16T14:31:03.816+0000] {processor.py:830} INFO - Processing file /opt/airflow/dags/sdp_pipeline_dag.py for tasks to queue
[2026-06-16T14:31:03.819+0000] {logging_mixin.py:188} INFO - [2026-06-16T14:31:03.819+0000] {dagbag.py:540} INFO - Filling up the DagBag from /opt/airflow/dags/sdp_pipeline_dag.py
[2026-06-16T14:31:03.863+0000] {processor.py:840} INFO - DAG(s) 'e-commerce_kafka_streaming_pipeline_v10' retrieved from /opt/airflow/dags/sdp_pipeline_dag.py
[2026-06-16T14:31:03.925+0000] {logging_mixin.py:188} INFO - [2026-06-16T14:31:03.925+0000] {dag.py:3096} INFO - Sync 1 DAGs
[2026-06-16T14:31:03.959+0000] {logging_mixin.py:188} INFO - [2026-06-16T14:31:03.959+0000] {dag.py:3954} INFO - Setting next_dagrun for e-commerce_kafka_streaming_pipeline_v10 to 2026-06-16 14:00:00+00:00, run_after=2026-06-16 15:00:00+00:00
[2026-06-16T14:31:03.988+0000] {processor.py:183} INFO - Processing /opt/airflow/dags/sdp_pipeline_dag.py took 0.182 seconds
[2026-06-16T14:31:34.212+0000] {processor.py:161} INFO - Started process (PID=1350) to work on /opt/airflow/dags/sdp_pipeline_dag.py
[2026-06-16T14:31:34.214+0000] {processor.py:830} INFO - Processing file /opt/airflow/dags/sdp_pipeline_dag.py for tasks to queue
[2026-06-16T14:31:34.217+0000] {logging_mixin.py:188} INFO - [2026-06-16T14:31:34.216+0000] {dagbag.py:540} INFO - Filling up the DagBag from /opt/airflow/dags/sdp_pipeline_dag.py
[2026-06-16T14:31:34.254+0000] {processor.py:840} INFO - DAG(s) 'e-commerce_kafka_streaming_pipeline_v10' retrieved from /opt/airflow/dags/sdp_pipeline_dag.py
[2026-06-16T14:31:34.299+0000] {logging_mixin.py:188} INFO - [2026-06-16T14:31:34.299+0000] {dag.py:3096} INFO - Sync 1 DAGs
[2026-06-16T14:31:34.337+0000] {logging_mixin.py:188} INFO - [2026-06-16T14:31:34.336+0000] {dag.py:3954} INFO - Setting next_dagrun for e-commerce_kafka_streaming_pipeline_v10 to 2026-06-16 14:00:00+00:00, run_after=2026-06-16 15:00:00+00:00
[2026-06-16T14:31:34.370+0000] {processor.py:183} INFO - Processing /opt/airflow/dags/sdp_pipeline_dag.py took 0.168 seconds
[2026-06-16T14:32:04.708+0000] {processor.py:161} INFO - Started process (PID=1355) to work on /opt/airflow/dags/sdp_pipeline_dag.py
[2026-06-16T14:32:04.709+0000] {processor.py:830} INFO - Processing file /opt/airflow/dags/sdp_pipeline_dag.py for tasks to queue
[2026-06-16T14:32:04.713+0000] {logging_mixin.py:188} INFO - [2026-06-16T14:32:04.712+0000] {dagbag.py:540} INFO - Filling up the DagBag from /opt/airflow/dags/sdp_pipeline_dag.py
[2026-06-16T14:32:04.751+0000] {processor.py:840} INFO - DAG(s) 'e-commerce_kafka_streaming_pipeline_v10' retrieved from /opt/airflow/dags/sdp_pipeline_dag.py
[2026-06-16T14:32:04.796+0000] {logging_mixin.py:188} INFO - [2026-06-16T14:32:04.796+0000] {dag.py:3096} INFO - Sync 1 DAGs
[2026-06-16T14:32:04.834+0000] {logging_mixin.py:188} INFO - [2026-06-16T14:32:04.833+0000] {dag.py:3954} INFO - Setting next_dagrun for e-commerce_kafka_streaming_pipeline_v10 to 2026-06-16 14:00:00+00:00, run_after=2026-06-16 15:00:00+00:00
[2026-06-16T14:32:04.868+0000] {processor.py:183} INFO - Processing /opt/airflow/dags/sdp_pipeline_dag.py took 0.169 seconds
[2026-06-16T14:32:35.236+0000] {processor.py:161} INFO - Started process (PID=1360) to work on /opt/airflow/dags/sdp_pipeline_dag.py
[2026-06-16T14:32:35.238+0000] {processor.py:830} INFO - Processing file /opt/airflow/dags/sdp_pipeline_dag.py for tasks to queue
[2026-06-16T14:32:35.242+0000] {logging_mixin.py:188} INFO - [2026-06-16T14:32:35.241+0000] {dagbag.py:540} INFO - Filling up the DagBag from /opt/airflow/dags/sdp_pipeline_dag.py
[2026-06-16T14:32:35.276+0000] {processor.py:840} INFO - DAG(s) 'e-commerce_kafka_streaming_pipeline_v10' retrieved from /opt/airflow/dags/sdp_pipeline_dag.py
[2026-06-16T14:32:35.327+0000] {logging_mixin.py:188} INFO - [2026-06-16T14:32:35.326+0000] {dag.py:3096} INFO - Sync 1 DAGs
[2026-06-16T14:32:35.366+0000] {logging_mixin.py:188} INFO - [2026-06-16T14:32:35.366+0000] {dag.py:3954} INFO - Setting next_dagrun for e-commerce_kafka_streaming_pipeline_v10 to 2026-06-16 14:00:00+00:00, run_after=2026-06-16 15:00:00+00:00
[2026-06-16T14:32:35.399+0000] {processor.py:183} INFO - Processing /opt/airflow/dags/sdp_pipeline_dag.py took 0.174 seconds
[2026-06-16T14:33:05.679+0000] {processor.py:161} INFO - Started process (PID=1365) to work on /opt/airflow/dags/sdp_pipeline_dag.py
[2026-06-16T14:33:05.682+0000] {processor.py:830} INFO - Processing file /opt/airflow/dags/sdp_pipeline_dag.py for tasks to queue
[2026-06-16T14:33:05.684+0000] {logging_mixin.py:188} INFO - [2026-06-16T14:33:05.684+0000] {dagbag.py:540} INFO - Filling up the DagBag from /opt/airflow/dags/sdp_pipeline_dag.py
[2026-06-16T14:33:05.712+0000] {processor.py:840} INFO - DAG(s) 'e-commerce_kafka_streaming_pipeline_v10' retrieved from /opt/airflow/dags/sdp_pipeline_dag.py
[2026-06-16T14:33:05.754+0000] {logging_mixin.py:188} INFO - [2026-06-16T14:33:05.754+0000] {dag.py:3096} INFO - Sync 1 DAGs
[2026-06-16T14:33:05.790+0000] {logging_mixin.py:188} INFO - [2026-06-16T14:33:05.790+0000] {dag.py:3954} INFO - Setting next_dagrun for e-commerce_kafka_streaming_pipeline_v10 to 2026-06-16 14:00:00+00:00, run_after=2026-06-16 15:00:00+00:00
[2026-06-16T14:33:05.826+0000] {processor.py:183} INFO - Processing /opt/airflow/dags/sdp_pipeline_dag.py took 0.158 seconds
[2026-06-16T14:33:36.222+0000] {processor.py:161} INFO - Started process (PID=1370) to work on /opt/airflow/dags/sdp_pipeline_dag.py
[2026-06-16T14:33:36.224+0000] {processor.py:830} INFO - Processing file /opt/airflow/dags/sdp_pipeline_dag.py for tasks to queue
[2026-06-16T14:33:36.227+0000] {logging_mixin.py:188} INFO - [2026-06-16T14:33:36.227+0000] {dagbag.py:540} INFO - Filling up the DagBag from /opt/airflow/dags/sdp_pipeline_dag.py
[2026-06-16T14:33:36.263+0000] {processor.py:840} INFO - DAG(s) 'e-commerce_kafka_streaming_pipeline_v10' retrieved from /opt/airflow/dags/sdp_pipeline_dag.py
[2026-06-16T14:33:36.310+0000] {logging_mixin.py:188} INFO - [2026-06-16T14:33:36.310+0000] {dag.py:3096} INFO - Sync 1 DAGs
[2026-06-16T14:33:36.350+0000] {logging_mixin.py:188} INFO - [2026-06-16T14:33:36.350+0000] {dag.py:3954} INFO - Setting next_dagrun for e-commerce_kafka_streaming_pipeline_v10 to 2026-06-16 14:00:00+00:00, run_after=2026-06-16 15:00:00+00:00
[2026-06-16T14:33:36.382+0000] {processor.py:183} INFO - Processing /opt/airflow/dags/sdp_pipeline_dag.py took 0.169 seconds
[2026-06-16T14:34:06.620+0000] {processor.py:161} INFO - Started process (PID=1375) to work on /opt/airflow/dags/sdp_pipeline_dag.py
[2026-06-16T14:34:06.621+0000] {processor.py:830} INFO - Processing file /opt/airflow/dags/sdp_pipeline_dag.py for tasks to queue
[2026-06-16T14:34:06.625+0000] {logging_mixin.py:188} INFO - [2026-06-16T14:34:06.624+0000] {dagbag.py:540} INFO - Filling up the DagBag from /opt/airflow/dags/sdp_pipeline_dag.py
[2026-06-16T14:34:06.662+0000] {processor.py:840} INFO - DAG(s) 'e-commerce_kafka_streaming_pipeline_v10' retrieved from /opt/airflow/dags/sdp_pipeline_dag.py
[2026-06-16T14:34:06.704+0000] {logging_mixin.py:188} INFO - [2026-06-16T14:34:06.703+0000] {dag.py:3096} INFO - Sync 1 DAGs
[2026-06-16T14:34:06.738+0000] {logging_mixin.py:188} INFO - [2026-06-16T14:34:06.738+0000] {dag.py:3954} INFO - Setting next_dagrun for e-commerce_kafka_streaming_pipeline_v10 to 2026-06-16 14:00:00+00:00, run_after=2026-06-16 15:00:00+00:00
[2026-06-16T14:34:06.770+0000] {processor.py:183} INFO - Processing /opt/airflow/dags/sdp_pipeline_dag.py took 0.160 seconds
[2026-06-16T14:34:37.084+0000] {processor.py:161} INFO - Started process (PID=1380) to work on /opt/airflow/dags/sdp_pipeline_dag.py
[2026-06-16T14:34:37.087+0000] {processor.py:830} INFO - Processing file /opt/airflow/dags/sdp_pipeline_dag.py for tasks to queue
[2026-06-16T14:34:37.091+0000] {logging_mixin.py:188} INFO - [2026-06-16T14:34:37.090+0000] {dagbag.py:540} INFO - Filling up the DagBag from /opt/airflow/dags/sdp_pipeline_dag.py
[2026-06-16T14:34:37.128+0000] {processor.py:840} INFO - DAG(s) 'e-commerce_kafka_streaming_pipeline_v10' retrieved from /opt/airflow/dags/sdp_pipeline_dag.py
[2026-06-16T14:34:37.171+0000] {logging_mixin.py:188} INFO - [2026-06-16T14:34:37.171+0000] {dag.py:3096} INFO - Sync 1 DAGs
[2026-06-16T14:34:37.206+0000] {logging_mixin.py:188} INFO - [2026-06-16T14:34:37.206+0000] {dag.py:3954} INFO - Setting next_dagrun for e-commerce_kafka_streaming_pipeline_v10 to 2026-06-16 14:00:00+00:00, run_after=2026-06-16 15:00:00+00:00
[2026-06-16T14:34:37.235+0000] {processor.py:183} INFO - Processing /opt/airflow/dags/sdp_pipeline_dag.py took 0.172 seconds
[2026-06-16T14:35:07.535+0000] {processor.py:161} INFO - Started process (PID=1385) to work on /opt/airflow/dags/sdp_pipeline_dag.py
[2026-06-16T14:35:07.537+0000] {processor.py:830} INFO - Processing file /opt/airflow/dags/sdp_pipeline_dag.py for tasks to queue
[2026-06-16T14:35:07.540+0000] {logging_mixin.py:188} INFO - [2026-06-16T14:35:07.540+0000] {dagbag.py:540} INFO - Filling up the DagBag from /opt/airflow/dags/sdp_pipeline_dag.py
[2026-06-16T14:35:07.578+0000] {processor.py:840} INFO - DAG(s) 'e-commerce_kafka_streaming_pipeline_v10' retrieved from /opt/airflow/dags/sdp_pipeline_dag.py
[2026-06-16T14:35:07.622+0000] {logging_mixin.py:188} INFO - [2026-06-16T14:35:07.622+0000] {dag.py:3096} INFO - Sync 1 DAGs
[2026-06-16T14:35:07.661+0000] {logging_mixin.py:188} INFO - [2026-06-16T14:35:07.660+0000] {dag.py:3954} INFO - Setting next_dagrun for e-commerce_kafka_streaming_pipeline_v10 to 2026-06-16 14:00:00+00:00, run_after=2026-06-16 15:00:00+00:00
[2026-06-16T14:35:07.698+0000] {processor.py:183} INFO - Processing /opt/airflow/dags/sdp_pipeline_dag.py took 0.172 seconds
[2026-06-16T14:35:38.009+0000] {processor.py:161} INFO - Started process (PID=1390) to work on /opt/airflow/dags/sdp_pipeline_dag.py
[2026-06-16T14:35:38.011+0000] {processor.py:830} INFO - Processing file /opt/airflow/dags/sdp_pipeline_dag.py for tasks to queue
[2026-06-16T14:35:38.014+0000] {logging_mixin.py:188} INFO - [2026-06-16T14:35:38.013+0000] {dagbag.py:540} INFO - Filling up the DagBag from /opt/airflow/dags/sdp_pipeline_dag.py
[2026-06-16T14:35:38.050+0000] {processor.py:840} INFO - DAG(s) 'e-commerce_kafka_streaming_pipeline_v10' retrieved from /opt/airflow/dags/sdp_pipeline_dag.py
[2026-06-16T14:35:38.092+0000] {logging_mixin.py:188} INFO - [2026-06-16T14:35:38.092+0000] {dag.py:3096} INFO - Sync 1 DAGs
[2026-06-16T14:35:38.132+0000] {logging_mixin.py:188} INFO - [2026-06-16T14:35:38.132+0000] {dag.py:3954} INFO - Setting next_dagrun for e-commerce_kafka_streaming_pipeline_v10 to 2026-06-16 14:00:00+00:00, run_after=2026-06-16 15:00:00+00:00
[2026-06-16T14:35:38.163+0000] {processor.py:183} INFO - Processing /opt/airflow/dags/sdp_pipeline_dag.py took 0.164 seconds
[2026-06-16T14:36:08.433+0000] {processor.py:161} INFO - Started process (PID=1395) to work on /opt/airflow/dags/sdp_pipeline_dag.py
[2026-06-16T14:36:08.435+0000] {processor.py:830} INFO - Processing file /opt/airflow/dags/sdp_pipeline_dag.py for tasks to queue
[2026-06-16T14:36:08.438+0000] {logging_mixin.py:188} INFO - [2026-06-16T14:36:08.437+0000] {dagbag.py:540} INFO - Filling up the DagBag from /opt/airflow/dags/sdp_pipeline_dag.py
[2026-06-16T14:36:08.474+0000] {processor.py:840} INFO - DAG(s) 'e-commerce_kafka_streaming_pipeline_v10' retrieved from /opt/airflow/dags/sdp_pipeline_dag.py
[2026-06-16T14:36:08.517+0000] {logging_mixin.py:188} INFO - [2026-06-16T14:36:08.517+0000] {dag.py:3096} INFO - Sync 1 DAGs
[2026-06-16T14:36:08.554+0000] {logging_mixin.py:188} INFO - [2026-06-16T14:36:08.554+0000] {dag.py:3954} INFO - Setting next_dagrun for e-commerce_kafka_streaming_pipeline_v10 to 2026-06-16 14:00:00+00:00, run_after=2026-06-16 15:00:00+00:00
[2026-06-16T14:36:08.586+0000] {processor.py:183} INFO - Processing /opt/airflow/dags/sdp_pipeline_dag.py took 0.164 seconds
[2026-06-16T14:36:38.890+0000] {processor.py:161} INFO - Started process (PID=1400) to work on /opt/airflow/dags/sdp_pipeline_dag.py
[2026-06-16T14:36:38.892+0000] {processor.py:830} INFO - Processing file /opt/airflow/dags/sdp_pipeline_dag.py for tasks to queue
[2026-06-16T14:36:38.895+0000] {logging_mixin.py:188} INFO - [2026-06-16T14:36:38.894+0000] {dagbag.py:540} INFO - Filling up the DagBag from /opt/airflow/dags/sdp_pipeline_dag.py
[2026-06-16T14:36:38.930+0000] {processor.py:840} INFO - DAG(s) 'e-commerce_kafka_streaming_pipeline_v10' retrieved from /opt/airflow/dags/sdp_pipeline_dag.py
[2026-06-16T14:36:38.974+0000] {logging_mixin.py:188} INFO - [2026-06-16T14:36:38.973+0000] {dag.py:3096} INFO - Sync 1 DAGs
[2026-06-16T14:36:39.009+0000] {logging_mixin.py:188} INFO - [2026-06-16T14:36:39.008+0000] {dag.py:3954} INFO - Setting next_dagrun for e-commerce_kafka_streaming_pipeline_v10 to 2026-06-16 14:00:00+00:00, run_after=2026-06-16 15:00:00+00:00
[2026-06-16T14:36:39.042+0000] {processor.py:183} INFO - Processing /opt/airflow/dags/sdp_pipeline_dag.py took 0.163 seconds
[2026-06-16T14:37:09.313+0000] {processor.py:161} INFO - Started process (PID=1405) to work on /opt/airflow/dags/sdp_pipeline_dag.py
[2026-06-16T14:37:09.315+0000] {processor.py:830} INFO - Processing file /opt/airflow/dags/sdp_pipeline_dag.py for tasks to queue
[2026-06-16T14:37:09.318+0000] {logging_mixin.py:188} INFO - [2026-06-16T14:37:09.318+0000] {dagbag.py:540} INFO - Filling up the DagBag from /opt/airflow/dags/sdp_pipeline_dag.py
[2026-06-16T14:37:09.354+0000] {processor.py:840} INFO - DAG(s) 'e-commerce_kafka_streaming_pipeline_v10' retrieved from /opt/airflow/dags/sdp_pipeline_dag.py
[2026-06-16T14:37:09.399+0000] {logging_mixin.py:188} INFO - [2026-06-16T14:37:09.399+0000] {dag.py:3096} INFO - Sync 1 DAGs
[2026-06-16T14:37:09.433+0000] {logging_mixin.py:188} INFO - [2026-06-16T14:37:09.433+0000] {dag.py:3954} INFO - Setting next_dagrun for e-commerce_kafka_streaming_pipeline_v10 to 2026-06-16 14:00:00+00:00, run_after=2026-06-16 15:00:00+00:00
[2026-06-16T14:37:09.467+0000] {processor.py:183} INFO - Processing /opt/airflow/dags/sdp_pipeline_dag.py took 0.163 seconds
[2026-06-16T14:37:39.903+0000] {processor.py:161} INFO - Started process (PID=1410) to work on /opt/airflow/dags/sdp_pipeline_dag.py
[2026-06-16T14:37:39.905+0000] {processor.py:830} INFO - Processing file /opt/airflow/dags/sdp_pipeline_dag.py for tasks to queue
[2026-06-16T14:37:39.908+0000] {logging_mixin.py:188} INFO - [2026-06-16T14:37:39.908+0000] {dagbag.py:540} INFO - Filling up the DagBag from /opt/airflow/dags/sdp_pipeline_dag.py
[2026-06-16T14:37:39.946+0000] {processor.py:840} INFO - DAG(s) 'e-commerce_kafka_streaming_pipeline_v10' retrieved from /opt/airflow/dags/sdp_pipeline_dag.py
[2026-06-16T14:37:39.988+0000] {logging_mixin.py:188} INFO - [2026-06-16T14:37:39.987+0000] {dag.py:3096} INFO - Sync 1 DAGs
[2026-06-16T14:37:40.024+0000] {logging_mixin.py:188} INFO - [2026-06-16T14:37:40.023+0000] {dag.py:3954} INFO - Setting next_dagrun for e-commerce_kafka_streaming_pipeline_v10 to 2026-06-16 14:00:00+00:00, run_after=2026-06-16 15:00:00+00:00
[2026-06-16T14:37:40.056+0000] {processor.py:183} INFO - Processing /opt/airflow/dags/sdp_pipeline_dag.py took 0.162 seconds
[2026-06-16T14:38:10.343+0000] {processor.py:161} INFO - Started process (PID=1415) to work on /opt/airflow/dags/sdp_pipeline_dag.py
[2026-06-16T14:38:10.345+0000] {processor.py:830} INFO - Processing file /opt/airflow/dags/sdp_pipeline_dag.py for tasks to queue
[2026-06-16T14:38:10.350+0000] {logging_mixin.py:188} INFO - [2026-06-16T14:38:10.349+0000] {dagbag.py:540} INFO - Filling up the DagBag from /opt/airflow/dags/sdp_pipeline_dag.py
[2026-06-16T14:38:10.389+0000] {processor.py:840} INFO - DAG(s) 'e-commerce_kafka_streaming_pipeline_v10' retrieved from /opt/airflow/dags/sdp_pipeline_dag.py
[2026-06-16T14:38:10.435+0000] {logging_mixin.py:188} INFO - [2026-06-16T14:38:10.435+0000] {dag.py:3096} INFO - Sync 1 DAGs
[2026-06-16T14:38:10.471+0000] {logging_mixin.py:188} INFO - [2026-06-16T14:38:10.470+0000] {dag.py:3954} INFO - Setting next_dagrun for e-commerce_kafka_streaming_pipeline_v10 to 2026-06-16 14:00:00+00:00, run_after=2026-06-16 15:00:00+00:00
[2026-06-16T14:38:10.506+0000] {processor.py:183} INFO - Processing /opt/airflow/dags/sdp_pipeline_dag.py took 0.175 seconds
[2026-06-16T14:38:40.795+0000] {processor.py:161} INFO - Started process (PID=1420) to work on /opt/airflow/dags/sdp_pipeline_dag.py
[2026-06-16T14:38:40.797+0000] {processor.py:830} INFO - Processing file /opt/airflow/dags/sdp_pipeline_dag.py for tasks to queue
[2026-06-16T14:38:40.801+0000] {logging_mixin.py:188} INFO - [2026-06-16T14:38:40.800+0000] {dagbag.py:540} INFO - Filling up the DagBag from /opt/airflow/dags/sdp_pipeline_dag.py
[2026-06-16T14:38:40.842+0000] {processor.py:840} INFO - DAG(s) 'e-commerce_kafka_streaming_pipeline_v10' retrieved from /opt/airflow/dags/sdp_pipeline_dag.py
[2026-06-16T14:38:40.888+0000] {logging_mixin.py:188} INFO - [2026-06-16T14:38:40.887+0000] {dag.py:3096} INFO - Sync 1 DAGs
[2026-06-16T14:38:40.927+0000] {logging_mixin.py:188} INFO - [2026-06-16T14:38:40.927+0000] {dag.py:3954} INFO - Setting next_dagrun for e-commerce_kafka_streaming_pipeline_v10 to 2026-06-16 14:00:00+00:00, run_after=2026-06-16 15:00:00+00:00
[2026-06-16T14:38:40.960+0000] {processor.py:183} INFO - Processing /opt/airflow/dags/sdp_pipeline_dag.py took 0.175 seconds
[2026-06-16T15:16:36.586+0000] {processor.py:161} INFO - Started process (PID=1427) to work on /opt/airflow/dags/sdp_pipeline_dag.py
[2026-06-16T15:16:36.617+0000] {processor.py:830} INFO - Processing file /opt/airflow/dags/sdp_pipeline_dag.py for tasks to queue
[2026-06-16T15:16:36.666+0000] {logging_mixin.py:188} INFO - [2026-06-16T15:16:36.665+0000] {dagbag.py:540} INFO - Filling up the DagBag from /opt/airflow/dags/sdp_pipeline_dag.py
[2026-06-16T15:16:36.909+0000] {processor.py:840} INFO - DAG(s) 'e-commerce_kafka_streaming_pipeline_v10' retrieved from /opt/airflow/dags/sdp_pipeline_dag.py
[2026-06-16T15:16:37.266+0000] {logging_mixin.py:188} INFO - [2026-06-16T15:16:37.265+0000] {dag.py:3096} INFO - Sync 1 DAGs
[2026-06-16T15:16:37.463+0000] {logging_mixin.py:188} INFO - [2026-06-16T15:16:37.462+0000] {dag.py:3954} INFO - Setting next_dagrun for e-commerce_kafka_streaming_pipeline_v10 to 2026-06-16 15:00:00+00:00, run_after=2026-06-16 16:00:00+00:00
[2026-06-16T15:16:37.600+0000] {processor.py:183} INFO - Processing /opt/airflow/dags/sdp_pipeline_dag.py took 1.101 seconds
[2026-06-16T15:17:08.065+0000] {processor.py:161} INFO - Started process (PID=1447) to work on /opt/airflow/dags/sdp_pipeline_dag.py
[2026-06-16T15:17:08.072+0000] {processor.py:830} INFO - Processing file /opt/airflow/dags/sdp_pipeline_dag.py for tasks to queue
[2026-06-16T15:17:08.078+0000] {logging_mixin.py:188} INFO - [2026-06-16T15:17:08.076+0000] {dagbag.py:540} INFO - Filling up the DagBag from /opt/airflow/dags/sdp_pipeline_dag.py
[2026-06-16T15:17:08.137+0000] {processor.py:840} INFO - DAG(s) 'e-commerce_kafka_streaming_pipeline_v10' retrieved from /opt/airflow/dags/sdp_pipeline_dag.py
[2026-06-16T15:17:08.241+0000] {logging_mixin.py:188} INFO - [2026-06-16T15:17:08.240+0000] {dag.py:3096} INFO - Sync 1 DAGs
[2026-06-16T15:17:08.329+0000] {logging_mixin.py:188} INFO - [2026-06-16T15:17:08.329+0000] {dag.py:3954} INFO - Setting next_dagrun for e-commerce_kafka_streaming_pipeline_v10 to 2026-06-16 15:00:00+00:00, run_after=2026-06-16 16:00:00+00:00
[2026-06-16T15:17:08.425+0000] {processor.py:183} INFO - Processing /opt/airflow/dags/sdp_pipeline_dag.py took 0.392 seconds
[2026-06-16T15:17:38.925+0000] {processor.py:161} INFO - Started process (PID=1452) to work on /opt/airflow/dags/sdp_pipeline_dag.py
[2026-06-16T15:17:38.928+0000] {processor.py:830} INFO - Processing file /opt/airflow/dags/sdp_pipeline_dag.py for tasks to queue
[2026-06-16T15:17:38.942+0000] {logging_mixin.py:188} INFO - [2026-06-16T15:17:38.940+0000] {dagbag.py:540} INFO - Filling up the DagBag from /opt/airflow/dags/sdp_pipeline_dag.py
[2026-06-16T15:17:39.004+0000] {processor.py:840} INFO - DAG(s) 'e-commerce_kafka_streaming_pipeline_v10' retrieved from /opt/airflow/dags/sdp_pipeline_dag.py
[2026-06-16T15:17:39.121+0000] {logging_mixin.py:188} INFO - [2026-06-16T15:17:39.120+0000] {dag.py:3096} INFO - Sync 1 DAGs
[2026-06-16T15:17:39.191+0000] {logging_mixin.py:188} INFO - [2026-06-16T15:17:39.191+0000] {dag.py:3954} INFO - Setting next_dagrun for e-commerce_kafka_streaming_pipeline_v10 to 2026-06-16 15:00:00+00:00, run_after=2026-06-16 16:00:00+00:00
[2026-06-16T15:17:39.240+0000] {processor.py:183} INFO - Processing /opt/airflow/dags/sdp_pipeline_dag.py took 0.345 seconds
[2026-06-16T15:18:09.390+0000] {processor.py:161} INFO - Started process (PID=1457) to work on /opt/airflow/dags/sdp_pipeline_dag.py
[2026-06-16T15:18:09.399+0000] {processor.py:830} INFO - Processing file /opt/airflow/dags/sdp_pipeline_dag.py for tasks to queue
[2026-06-16T15:18:09.406+0000] {logging_mixin.py:188} INFO - [2026-06-16T15:18:09.405+0000] {dagbag.py:540} INFO - Filling up the DagBag from /opt/airflow/dags/sdp_pipeline_dag.py
[2026-06-16T15:18:09.459+0000] {processor.py:840} INFO - DAG(s) 'e-commerce_kafka_streaming_pipeline_v10' retrieved from /opt/airflow/dags/sdp_pipeline_dag.py
[2026-06-16T15:18:09.666+0000] {logging_mixin.py:188} INFO - [2026-06-16T15:18:09.665+0000] {dag.py:3096} INFO - Sync 1 DAGs
[2026-06-16T15:18:09.784+0000] {logging_mixin.py:188} INFO - [2026-06-16T15:18:09.783+0000] {dag.py:3954} INFO - Setting next_dagrun for e-commerce_kafka_streaming_pipeline_v10 to 2026-06-16 15:00:00+00:00, run_after=2026-06-16 16:00:00+00:00
[2026-06-16T15:18:09.878+0000] {processor.py:183} INFO - Processing /opt/airflow/dags/sdp_pipeline_dag.py took 0.510 seconds
[2026-06-16T15:18:40.183+0000] {processor.py:161} INFO - Started process (PID=1462) to work on /opt/airflow/dags/sdp_pipeline_dag.py
[2026-06-16T15:18:40.188+0000] {processor.py:830} INFO - Processing file /opt/airflow/dags/sdp_pipeline_dag.py for tasks to queue
[2026-06-16T15:18:40.199+0000] {logging_mixin.py:188} INFO - [2026-06-16T15:18:40.198+0000] {dagbag.py:540} INFO - Filling up the DagBag from /opt/airflow/dags/sdp_pipeline_dag.py
[2026-06-16T15:18:40.287+0000] {processor.py:840} INFO - DAG(s) 'e-commerce_kafka_streaming_pipeline_v10' retrieved from /opt/airflow/dags/sdp_pipeline_dag.py
[2026-06-16T15:18:40.481+0000] {logging_mixin.py:188} INFO - [2026-06-16T15:18:40.480+0000] {dag.py:3096} INFO - Sync 1 DAGs
[2026-06-16T15:18:40.613+0000] {logging_mixin.py:188} INFO - [2026-06-16T15:18:40.613+0000] {dag.py:3954} INFO - Setting next_dagrun for e-commerce_kafka_streaming_pipeline_v10 to 2026-06-16 15:00:00+00:00, run_after=2026-06-16 16:00:00+00:00
[2026-06-16T15:18:40.730+0000] {processor.py:183} INFO - Processing /opt/airflow/dags/sdp_pipeline_dag.py took 0.595 seconds
[2026-06-16T15:19:10.941+0000] {processor.py:161} INFO - Started process (PID=1467) to work on /opt/airflow/dags/sdp_pipeline_dag.py
[2026-06-16T15:19:10.942+0000] {processor.py:830} INFO - Processing file /opt/airflow/dags/sdp_pipeline_dag.py for tasks to queue
[2026-06-16T15:19:10.947+0000] {logging_mixin.py:188} INFO - [2026-06-16T15:19:10.946+0000] {dagbag.py:540} INFO - Filling up the DagBag from /opt/airflow/dags/sdp_pipeline_dag.py
[2026-06-16T15:19:10.975+0000] {processor.py:840} INFO - DAG(s) 'e-commerce_kafka_streaming_pipeline_v10' retrieved from /opt/airflow/dags/sdp_pipeline_dag.py
[2026-06-16T15:19:11.025+0000] {logging_mixin.py:188} INFO - [2026-06-16T15:19:11.024+0000] {dag.py:3096} INFO - Sync 1 DAGs
[2026-06-16T15:19:11.066+0000] {logging_mixin.py:188} INFO - [2026-06-16T15:19:11.066+0000] {dag.py:3954} INFO - Setting next_dagrun for e-commerce_kafka_streaming_pipeline_v10 to 2026-06-16 15:00:00+00:00, run_after=2026-06-16 16:00:00+00:00
[2026-06-16T15:19:11.101+0000] {processor.py:183} INFO - Processing /opt/airflow/dags/sdp_pipeline_dag.py took 0.173 seconds
[2026-06-16T15:19:41.557+0000] {processor.py:161} INFO - Started process (PID=1472) to work on /opt/airflow/dags/sdp_pipeline_dag.py
[2026-06-16T15:19:41.559+0000] {processor.py:830} INFO - Processing file /opt/airflow/dags/sdp_pipeline_dag.py for tasks to queue
[2026-06-16T15:19:41.566+0000] {logging_mixin.py:188} INFO - [2026-06-16T15:19:41.565+0000] {dagbag.py:540} INFO - Filling up the DagBag from /opt/airflow/dags/sdp_pipeline_dag.py
[2026-06-16T15:19:41.607+0000] {processor.py:840} INFO - DAG(s) 'e-commerce_kafka_streaming_pipeline_v10' retrieved from /opt/airflow/dags/sdp_pipeline_dag.py
[2026-06-16T15:19:41.669+0000] {logging_mixin.py:188} INFO - [2026-06-16T15:19:41.669+0000] {dag.py:3096} INFO - Sync 1 DAGs
[2026-06-16T15:19:41.736+0000] {logging_mixin.py:188} INFO - [2026-06-16T15:19:41.736+0000] {dag.py:3954} INFO - Setting next_dagrun for e-commerce_kafka_streaming_pipeline_v10 to 2026-06-16 15:00:00+00:00, run_after=2026-06-16 16:00:00+00:00
[2026-06-16T15:19:41.785+0000] {processor.py:183} INFO - Processing /opt/airflow/dags/sdp_pipeline_dag.py took 0.244 seconds
[2026-06-16T15:20:12.550+0000] {processor.py:161} INFO - Started process (PID=1477) to work on /opt/airflow/dags/sdp_pipeline_dag.py
[2026-06-16T15:20:12.558+0000] {processor.py:830} INFO - Processing file /opt/airflow/dags/sdp_pipeline_dag.py for tasks to queue
[2026-06-16T15:20:12.566+0000] {logging_mixin.py:188} INFO - [2026-06-16T15:20:12.565+0000] {dagbag.py:540} INFO - Filling up the DagBag from /opt/airflow/dags/sdp_pipeline_dag.py
[2026-06-16T15:20:12.657+0000] {processor.py:840} INFO - DAG(s) 'e-commerce_kafka_streaming_pipeline_v10' retrieved from /opt/airflow/dags/sdp_pipeline_dag.py
[2026-06-16T15:20:12.798+0000] {logging_mixin.py:188} INFO - [2026-06-16T15:20:12.797+0000] {dag.py:3096} INFO - Sync 1 DAGs
[2026-06-16T15:20:12.866+0000] {logging_mixin.py:188} INFO - [2026-06-16T15:20:12.865+0000] {dag.py:3954} INFO - Setting next_dagrun for e-commerce_kafka_streaming_pipeline_v10 to 2026-06-16 15:00:00+00:00, run_after=2026-06-16 16:00:00+00:00
[2026-06-16T15:20:12.923+0000] {processor.py:183} INFO - Processing /opt/airflow/dags/sdp_pipeline_dag.py took 0.400 seconds
[2026-06-16T15:20:43.269+0000] {processor.py:161} INFO - Started process (PID=1482) to work on /opt/airflow/dags/sdp_pipeline_dag.py
[2026-06-16T15:20:43.270+0000] {processor.py:830} INFO - Processing file /opt/airflow/dags/sdp_pipeline_dag.py for tasks to queue
[2026-06-16T15:20:43.275+0000] {logging_mixin.py:188} INFO - [2026-06-16T15:20:43.274+0000] {dagbag.py:540} INFO - Filling up the DagBag from /opt/airflow/dags/sdp_pipeline_dag.py
[2026-06-16T15:20:43.317+0000] {processor.py:840} INFO - DAG(s) 'e-commerce_kafka_streaming_pipeline_v10' retrieved from /opt/airflow/dags/sdp_pipeline_dag.py
[2026-06-16T15:20:43.383+0000] {logging_mixin.py:188} INFO - [2026-06-16T15:20:43.382+0000] {dag.py:3096} INFO - Sync 1 DAGs
[2026-06-16T15:20:43.448+0000] {logging_mixin.py:188} INFO - [2026-06-16T15:20:43.447+0000] {dag.py:3954} INFO - Setting next_dagrun for e-commerce_kafka_streaming_pipeline_v10 to 2026-06-16 15:00:00+00:00, run_after=2026-06-16 16:00:00+00:00
[2026-06-16T15:20:43.491+0000] {processor.py:183} INFO - Processing /opt/airflow/dags/sdp_pipeline_dag.py took 0.240 seconds
[2026-06-16T15:21:13.771+0000] {processor.py:161} INFO - Started process (PID=1500) to work on /opt/airflow/dags/sdp_pipeline_dag.py
[2026-06-16T15:21:13.777+0000] {processor.py:830} INFO - Processing file /opt/airflow/dags/sdp_pipeline_dag.py for tasks to queue
[2026-06-16T15:21:13.783+0000] {logging_mixin.py:188} INFO - [2026-06-16T15:21:13.783+0000] {dagbag.py:540} INFO - Filling up the DagBag from /opt/airflow/dags/sdp_pipeline_dag.py
[2026-06-16T15:21:13.856+0000] {processor.py:840} INFO - DAG(s) 'e-commerce_kafka_streaming_pipeline_v10' retrieved from /opt/airflow/dags/sdp_pipeline_dag.py
[2026-06-16T15:21:13.976+0000] {logging_mixin.py:188} INFO - [2026-06-16T15:21:13.975+0000] {dag.py:3096} INFO - Sync 1 DAGs
[2026-06-16T15:21:14.085+0000] {logging_mixin.py:188} INFO - [2026-06-16T15:21:14.084+0000] {dag.py:3954} INFO - Setting next_dagrun for e-commerce_kafka_streaming_pipeline_v10 to 2026-06-16 15:00:00+00:00, run_after=2026-06-16 16:00:00+00:00
[2026-06-16T15:21:14.168+0000] {processor.py:183} INFO - Processing /opt/airflow/dags/sdp_pipeline_dag.py took 0.423 seconds
[2026-06-16T15:21:44.453+0000] {processor.py:161} INFO - Started process (PID=1505) to work on /opt/airflow/dags/sdp_pipeline_dag.py
[2026-06-16T15:21:44.456+0000] {processor.py:830} INFO - Processing file /opt/airflow/dags/sdp_pipeline_dag.py for tasks to queue
[2026-06-16T15:21:44.462+0000] {logging_mixin.py:188} INFO - [2026-06-16T15:21:44.461+0000] {dagbag.py:540} INFO - Filling up the DagBag from /opt/airflow/dags/sdp_pipeline_dag.py
[2026-06-16T15:21:44.515+0000] {processor.py:840} INFO - DAG(s) 'e-commerce_kafka_streaming_pipeline_v10' retrieved from /opt/airflow/dags/sdp_pipeline_dag.py
[2026-06-16T15:21:44.611+0000] {logging_mixin.py:188} INFO - [2026-06-16T15:21:44.611+0000] {dag.py:3096} INFO - Sync 1 DAGs
[2026-06-16T15:21:44.783+0000] {logging_mixin.py:188} INFO - [2026-06-16T15:21:44.783+0000] {dag.py:3954} INFO - Setting next_dagrun for e-commerce_kafka_streaming_pipeline_v10 to 2026-06-16 15:00:00+00:00, run_after=2026-06-16 16:00:00+00:00
[2026-06-16T15:21:45.053+0000] {processor.py:183} INFO - Processing /opt/airflow/dags/sdp_pipeline_dag.py took 0.632 seconds
[2026-06-16T15:22:15.740+0000] {processor.py:161} INFO - Started process (PID=1510) to work on /opt/airflow/dags/sdp_pipeline_dag.py
[2026-06-16T15:22:15.744+0000] {processor.py:830} INFO - Processing file /opt/airflow/dags/sdp_pipeline_dag.py for tasks to queue
[2026-06-16T15:22:15.753+0000] {logging_mixin.py:188} INFO - [2026-06-16T15:22:15.752+0000] {dagbag.py:540} INFO - Filling up the DagBag from /opt/airflow/dags/sdp_pipeline_dag.py
[2026-06-16T15:22:15.832+0000] {processor.py:840} INFO - DAG(s) 'e-commerce_kafka_streaming_pipeline_v10' retrieved from /opt/airflow/dags/sdp_pipeline_dag.py
[2026-06-16T15:22:16.017+0000] {logging_mixin.py:188} INFO - [2026-06-16T15:22:16.016+0000] {dag.py:3096} INFO - Sync 1 DAGs
[2026-06-16T15:22:16.169+0000] {logging_mixin.py:188} INFO - [2026-06-16T15:22:16.169+0000] {dag.py:3954} INFO - Setting next_dagrun for e-commerce_kafka_streaming_pipeline_v10 to 2026-06-16 15:00:00+00:00, run_after=2026-06-16 16:00:00+00:00
[2026-06-16T15:22:16.261+0000] {processor.py:183} INFO - Processing /opt/airflow/dags/sdp_pipeline_dag.py took 0.565 seconds
[2026-06-16T15:22:46.412+0000] {processor.py:161} INFO - Started process (PID=1515) to work on /opt/airflow/dags/sdp_pipeline_dag.py
[2026-06-16T15:22:46.414+0000] {processor.py:830} INFO - Processing file /opt/airflow/dags/sdp_pipeline_dag.py for tasks to queue
[2026-06-16T15:22:46.423+0000] {logging_mixin.py:188} INFO - [2026-06-16T15:22:46.422+0000] {dagbag.py:540} INFO - Filling up the DagBag from /opt/airflow/dags/sdp_pipeline_dag.py
[2026-06-16T15:22:46.477+0000] {processor.py:840} INFO - DAG(s) 'e-commerce_kafka_streaming_pipeline_v10' retrieved from /opt/airflow/dags/sdp_pipeline_dag.py
[2026-06-16T15:22:46.633+0000] {logging_mixin.py:188} INFO - [2026-06-16T15:22:46.633+0000] {dag.py:3096} INFO - Sync 1 DAGs
[2026-06-16T15:22:46.725+0000] {logging_mixin.py:188} INFO - [2026-06-16T15:22:46.724+0000] {dag.py:3954} INFO - Setting next_dagrun for e-commerce_kafka_streaming_pipeline_v10 to 2026-06-16 15:00:00+00:00, run_after=2026-06-16 16:00:00+00:00
[2026-06-16T15:22:46.793+0000] {processor.py:183} INFO - Processing /opt/airflow/dags/sdp_pipeline_dag.py took 0.404 seconds
[2026-06-16T15:23:17.275+0000] {processor.py:161} INFO - Started process (PID=1520) to work on /opt/airflow/dags/sdp_pipeline_dag.py
[2026-06-16T15:23:17.277+0000] {processor.py:830} INFO - Processing file /opt/airflow/dags/sdp_pipeline_dag.py for tasks to queue
[2026-06-16T15:23:17.281+0000] {logging_mixin.py:188} INFO - [2026-06-16T15:23:17.280+0000] {dagbag.py:540} INFO - Filling up the DagBag from /opt/airflow/dags/sdp_pipeline_dag.py
[2026-06-16T15:23:17.310+0000] {processor.py:840} INFO - DAG(s) 'e-commerce_kafka_streaming_pipeline_v10' retrieved from /opt/airflow/dags/sdp_pipeline_dag.py
[2026-06-16T15:23:17.361+0000] {logging_mixin.py:188} INFO - [2026-06-16T15:23:17.361+0000] {dag.py:3096} INFO - Sync 1 DAGs
[2026-06-16T15:23:17.399+0000] {logging_mixin.py:188} INFO - [2026-06-16T15:23:17.399+0000] {dag.py:3954} INFO - Setting next_dagrun for e-commerce_kafka_streaming_pipeline_v10 to 2026-06-16 15:00:00+00:00, run_after=2026-06-16 16:00:00+00:00
[2026-06-16T15:23:17.434+0000] {processor.py:183} INFO - Processing /opt/airflow/dags/sdp_pipeline_dag.py took 0.189 seconds
[2026-06-16T15:23:48.172+0000] {processor.py:161} INFO - Started process (PID=1525) to work on /opt/airflow/dags/sdp_pipeline_dag.py
[2026-06-16T15:23:48.176+0000] {processor.py:830} INFO - Processing file /opt/airflow/dags/sdp_pipeline_dag.py for tasks to queue
[2026-06-16T15:23:48.187+0000] {logging_mixin.py:188} INFO - [2026-06-16T15:23:48.184+0000] {dagbag.py:540} INFO - Filling up the DagBag from /opt/airflow/dags/sdp_pipeline_dag.py
[2026-06-16T15:23:48.266+0000] {processor.py:840} INFO - DAG(s) 'e-commerce_kafka_streaming_pipeline_v10' retrieved from /opt/airflow/dags/sdp_pipeline_dag.py
[2026-06-16T15:23:48.325+0000] {logging_mixin.py:188} INFO - [2026-06-16T15:23:48.325+0000] {dag.py:3096} INFO - Sync 1 DAGs
[2026-06-16T15:23:48.375+0000] {logging_mixin.py:188} INFO - [2026-06-16T15:23:48.374+0000] {dag.py:3954} INFO - Setting next_dagrun for e-commerce_kafka_streaming_pipeline_v10 to 2026-06-16 15:00:00+00:00, run_after=2026-06-16 16:00:00+00:00
[2026-06-16T15:23:48.414+0000] {processor.py:183} INFO - Processing /opt/airflow/dags/sdp_pipeline_dag.py took 0.279 seconds
[2026-06-16T15:24:18.870+0000] {processor.py:161} INFO - Started process (PID=1530) to work on /opt/airflow/dags/sdp_pipeline_dag.py
[2026-06-16T15:24:18.875+0000] {processor.py:830} INFO - Processing file /opt/airflow/dags/sdp_pipeline_dag.py for tasks to queue
[2026-06-16T15:24:18.884+0000] {logging_mixin.py:188} INFO - [2026-06-16T15:24:18.882+0000] {dagbag.py:540} INFO - Filling up the DagBag from /opt/airflow/dags/sdp_pipeline_dag.py
[2026-06-16T15:24:18.992+0000] {processor.py:840} INFO - DAG(s) 'e-commerce_kafka_streaming_pipeline_v10' retrieved from /opt/airflow/dags/sdp_pipeline_dag.py
[2026-06-16T15:24:19.114+0000] {logging_mixin.py:188} INFO - [2026-06-16T15:24:19.113+0000] {dag.py:3096} INFO - Sync 1 DAGs
[2026-06-16T15:24:19.188+0000] {logging_mixin.py:188} INFO - [2026-06-16T15:24:19.187+0000] {dag.py:3954} INFO - Setting next_dagrun for e-commerce_kafka_streaming_pipeline_v10 to 2026-06-16 15:00:00+00:00, run_after=2026-06-16 16:00:00+00:00
[2026-06-16T15:24:19.241+0000] {processor.py:183} INFO - Processing /opt/airflow/dags/sdp_pipeline_dag.py took 0.399 seconds
[2026-06-16T15:24:49.679+0000] {processor.py:161} INFO - Started process (PID=1535) to work on /opt/airflow/dags/sdp_pipeline_dag.py
[2026-06-16T15:24:49.680+0000] {processor.py:830} INFO - Processing file /opt/airflow/dags/sdp_pipeline_dag.py for tasks to queue
[2026-06-16T15:24:49.683+0000] {logging_mixin.py:188} INFO - [2026-06-16T15:24:49.682+0000] {dagbag.py:540} INFO - Filling up the DagBag from /opt/airflow/dags/sdp_pipeline_dag.py
[2026-06-16T15:24:49.709+0000] {processor.py:840} INFO - DAG(s) 'e-commerce_kafka_streaming_pipeline_v10' retrieved from /opt/airflow/dags/sdp_pipeline_dag.py
[2026-06-16T15:24:49.749+0000] {logging_mixin.py:188} INFO - [2026-06-16T15:24:49.749+0000] {dag.py:3096} INFO - Sync 1 DAGs
[2026-06-16T15:24:49.784+0000] {logging_mixin.py:188} INFO - [2026-06-16T15:24:49.784+0000] {dag.py:3954} INFO - Setting next_dagrun for e-commerce_kafka_streaming_pipeline_v10 to 2026-06-16 15:00:00+00:00, run_after=2026-06-16 16:00:00+00:00
[2026-06-16T15:24:49.815+0000] {processor.py:183} INFO - Processing /opt/airflow/dags/sdp_pipeline_dag.py took 0.149 seconds
[2026-06-16T15:25:20.396+0000] {processor.py:161} INFO - Started process (PID=1540) to work on /opt/airflow/dags/sdp_pipeline_dag.py
[2026-06-16T15:25:20.399+0000] {processor.py:830} INFO - Processing file /opt/airflow/dags/sdp_pipeline_dag.py for tasks to queue
[2026-06-16T15:25:20.405+0000] {logging_mixin.py:188} INFO - [2026-06-16T15:25:20.404+0000] {dagbag.py:540} INFO - Filling up the DagBag from /opt/airflow/dags/sdp_pipeline_dag.py
[2026-06-16T15:25:20.471+0000] {processor.py:840} INFO - DAG(s) 'e-commerce_kafka_streaming_pipeline_v10' retrieved from /opt/airflow/dags/sdp_pipeline_dag.py
[2026-06-16T15:25:20.565+0000] {logging_mixin.py:188} INFO - [2026-06-16T15:25:20.564+0000] {dag.py:3096} INFO - Sync 1 DAGs
[2026-06-16T15:25:20.650+0000] {logging_mixin.py:188} INFO - [2026-06-16T15:25:20.649+0000] {dag.py:3954} INFO - Setting next_dagrun for e-commerce_kafka_streaming_pipeline_v10 to 2026-06-16 15:00:00+00:00, run_after=2026-06-16 16:00:00+00:00
[2026-06-16T15:25:20.724+0000] {processor.py:183} INFO - Processing /opt/airflow/dags/sdp_pipeline_dag.py took 0.357 seconds
[2026-06-16T15:25:51.004+0000] {processor.py:161} INFO - Started process (PID=1545) to work on /opt/airflow/dags/sdp_pipeline_dag.py
[2026-06-16T15:25:51.007+0000] {processor.py:830} INFO - Processing file /opt/airflow/dags/sdp_pipeline_dag.py for tasks to queue
[2026-06-16T15:25:51.013+0000] {logging_mixin.py:188} INFO - [2026-06-16T15:25:51.012+0000] {dagbag.py:540} INFO - Filling up the DagBag from /opt/airflow/dags/sdp_pipeline_dag.py
[2026-06-16T15:25:51.085+0000] {processor.py:840} INFO - DAG(s) 'e-commerce_kafka_streaming_pipeline_v10' retrieved from /opt/airflow/dags/sdp_pipeline_dag.py
[2026-06-16T15:25:51.178+0000] {logging_mixin.py:188} INFO - [2026-06-16T15:25:51.178+0000] {dag.py:3096} INFO - Sync 1 DAGs
[2026-06-16T15:25:51.257+0000] {logging_mixin.py:188} INFO - [2026-06-16T15:25:51.256+0000] {dag.py:3954} INFO - Setting next_dagrun for e-commerce_kafka_streaming_pipeline_v10 to 2026-06-16 15:00:00+00:00, run_after=2026-06-16 16:00:00+00:00
[2026-06-16T15:25:51.318+0000] {processor.py:183} INFO - Processing /opt/airflow/dags/sdp_pipeline_dag.py took 0.332 seconds
[2026-06-16T15:26:22.252+0000] {processor.py:161} INFO - Started process (PID=1550) to work on /opt/airflow/dags/sdp_pipeline_dag.py
[2026-06-16T15:26:22.257+0000] {processor.py:830} INFO - Processing file /opt/airflow/dags/sdp_pipeline_dag.py for tasks to queue
[2026-06-16T15:26:22.262+0000] {logging_mixin.py:188} INFO - [2026-06-16T15:26:22.262+0000] {dagbag.py:540} INFO - Filling up the DagBag from /opt/airflow/dags/sdp_pipeline_dag.py
[2026-06-16T15:26:22.315+0000] {processor.py:840} INFO - DAG(s) 'e-commerce_kafka_streaming_pipeline_v10' retrieved from /opt/airflow/dags/sdp_pipeline_dag.py
[2026-06-16T15:26:22.391+0000] {logging_mixin.py:188} INFO - [2026-06-16T15:26:22.390+0000] {dag.py:3096} INFO - Sync 1 DAGs
[2026-06-16T15:26:22.455+0000] {logging_mixin.py:188} INFO - [2026-06-16T15:26:22.455+0000] {dag.py:3954} INFO - Setting next_dagrun for e-commerce_kafka_streaming_pipeline_v10 to 2026-06-16 15:00:00+00:00, run_after=2026-06-16 16:00:00+00:00
[2026-06-16T15:26:22.518+0000] {processor.py:183} INFO - Processing /opt/airflow/dags/sdp_pipeline_dag.py took 0.294 seconds
[2026-06-16T15:26:52.950+0000] {processor.py:161} INFO - Started process (PID=1555) to work on /opt/airflow/dags/sdp_pipeline_dag.py
[2026-06-16T15:26:52.956+0000] {processor.py:830} INFO - Processing file /opt/airflow/dags/sdp_pipeline_dag.py for tasks to queue
[2026-06-16T15:26:52.966+0000] {logging_mixin.py:188} INFO - [2026-06-16T15:26:52.963+0000] {dagbag.py:540} INFO - Filling up the DagBag from /opt/airflow/dags/sdp_pipeline_dag.py
[2026-06-16T15:26:53.080+0000] {processor.py:840} INFO - DAG(s) 'e-commerce_kafka_streaming_pipeline_v10' retrieved from /opt/airflow/dags/sdp_pipeline_dag.py
[2026-06-16T15:26:53.229+0000] {logging_mixin.py:188} INFO - [2026-06-16T15:26:53.228+0000] {dag.py:3096} INFO - Sync 1 DAGs
[2026-06-16T15:26:53.307+0000] {logging_mixin.py:188} INFO - [2026-06-16T15:26:53.306+0000] {dag.py:3954} INFO - Setting next_dagrun for e-commerce_kafka_streaming_pipeline_v10 to 2026-06-16 15:00:00+00:00, run_after=2026-06-16 16:00:00+00:00
[2026-06-16T15:26:53.377+0000] {processor.py:183} INFO - Processing /opt/airflow/dags/sdp_pipeline_dag.py took 0.471 seconds
[2026-06-16T15:27:23.969+0000] {processor.py:161} INFO - Started process (PID=1560) to work on /opt/airflow/dags/sdp_pipeline_dag.py
[2026-06-16T15:27:23.972+0000] {processor.py:830} INFO - Processing file /opt/airflow/dags/sdp_pipeline_dag.py for tasks to queue
[2026-06-16T15:27:23.978+0000] {logging_mixin.py:188} INFO - [2026-06-16T15:27:23.977+0000] {dagbag.py:540} INFO - Filling up the DagBag from /opt/airflow/dags/sdp_pipeline_dag.py
[2026-06-16T15:27:24.041+0000] {processor.py:840} INFO - DAG(s) 'e-commerce_kafka_streaming_pipeline_v10' retrieved from /opt/airflow/dags/sdp_pipeline_dag.py
[2026-06-16T15:27:24.123+0000] {logging_mixin.py:188} INFO - [2026-06-16T15:27:24.123+0000] {dag.py:3096} INFO - Sync 1 DAGs
[2026-06-16T15:27:24.158+0000] {logging_mixin.py:188} INFO - [2026-06-16T15:27:24.158+0000] {dag.py:3954} INFO - Setting next_dagrun for e-commerce_kafka_streaming_pipeline_v10 to 2026-06-16 15:00:00+00:00, run_after=2026-06-16 16:00:00+00:00
[2026-06-16T15:27:24.203+0000] {processor.py:183} INFO - Processing /opt/airflow/dags/sdp_pipeline_dag.py took 0.296 seconds
[2026-06-16T15:27:54.769+0000] {processor.py:161} INFO - Started process (PID=1565) to work on /opt/airflow/dags/sdp_pipeline_dag.py
[2026-06-16T15:27:54.775+0000] {processor.py:830} INFO - Processing file /opt/airflow/dags/sdp_pipeline_dag.py for tasks to queue
[2026-06-16T15:27:54.784+0000] {logging_mixin.py:188} INFO - [2026-06-16T15:27:54.782+0000] {dagbag.py:540} INFO - Filling up the DagBag from /opt/airflow/dags/sdp_pipeline_dag.py
[2026-06-16T15:27:54.845+0000] {processor.py:840} INFO - DAG(s) 'e-commerce_kafka_streaming_pipeline_v10' retrieved from /opt/airflow/dags/sdp_pipeline_dag.py
[2026-06-16T15:27:54.937+0000] {logging_mixin.py:188} INFO - [2026-06-16T15:27:54.937+0000] {dag.py:3096} INFO - Sync 1 DAGs
[2026-06-16T15:27:54.977+0000] {logging_mixin.py:188} INFO - [2026-06-16T15:27:54.977+0000] {dag.py:3954} INFO - Setting next_dagrun for e-commerce_kafka_streaming_pipeline_v10 to 2026-06-16 15:00:00+00:00, run_after=2026-06-16 16:00:00+00:00
[2026-06-16T15:27:55.010+0000] {processor.py:183} INFO - Processing /opt/airflow/dags/sdp_pipeline_dag.py took 0.287 seconds
[2026-06-16T15:28:25.595+0000] {processor.py:161} INFO - Started process (PID=1570) to work on /opt/airflow/dags/sdp_pipeline_dag.py
[2026-06-16T15:28:25.598+0000] {processor.py:830} INFO - Processing file /opt/airflow/dags/sdp_pipeline_dag.py for tasks to queue
[2026-06-16T15:28:25.604+0000] {logging_mixin.py:188} INFO - [2026-06-16T15:28:25.603+0000] {dagbag.py:540} INFO - Filling up the DagBag from /opt/airflow/dags/sdp_pipeline_dag.py
[2026-06-16T15:28:25.678+0000] {processor.py:840} INFO - DAG(s) 'e-commerce_kafka_streaming_pipeline_v10' retrieved from /opt/airflow/dags/sdp_pipeline_dag.py
[2026-06-16T15:28:25.768+0000] {logging_mixin.py:188} INFO - [2026-06-16T15:28:25.766+0000] {dag.py:3096} INFO - Sync 1 DAGs
[2026-06-16T15:28:25.842+0000] {logging_mixin.py:188} INFO - [2026-06-16T15:28:25.842+0000] {dag.py:3954} INFO - Setting next_dagrun for e-commerce_kafka_streaming_pipeline_v10 to 2026-06-16 15:00:00+00:00, run_after=2026-06-16 16:00:00+00:00
[2026-06-16T15:28:25.876+0000] {processor.py:183} INFO - Processing /opt/airflow/dags/sdp_pipeline_dag.py took 0.320 seconds
[2026-06-16T15:28:56.275+0000] {processor.py:161} INFO - Started process (PID=1575) to work on /opt/airflow/dags/sdp_pipeline_dag.py
[2026-06-16T15:28:56.279+0000] {processor.py:830} INFO - Processing file /opt/airflow/dags/sdp_pipeline_dag.py for tasks to queue
[2026-06-16T15:28:56.288+0000] {logging_mixin.py:188} INFO - [2026-06-16T15:28:56.286+0000] {dagbag.py:540} INFO - Filling up the DagBag from /opt/airflow/dags/sdp_pipeline_dag.py
[2026-06-16T15:28:56.369+0000] {processor.py:840} INFO - DAG(s) 'e-commerce_kafka_streaming_pipeline_v10' retrieved from /opt/airflow/dags/sdp_pipeline_dag.py
[2026-06-16T15:28:56.513+0000] {logging_mixin.py:188} INFO - [2026-06-16T15:28:56.512+0000] {dag.py:3096} INFO - Sync 1 DAGs
[2026-06-16T15:28:56.616+0000] {logging_mixin.py:188} INFO - [2026-06-16T15:28:56.615+0000] {dag.py:3954} INFO - Setting next_dagrun for e-commerce_kafka_streaming_pipeline_v10 to 2026-06-16 15:00:00+00:00, run_after=2026-06-16 16:00:00+00:00
[2026-06-16T15:28:56.716+0000] {processor.py:183} INFO - Processing /opt/airflow/dags/sdp_pipeline_dag.py took 0.467 seconds
[2026-06-16T15:29:27.334+0000] {processor.py:161} INFO - Started process (PID=1580) to work on /opt/airflow/dags/sdp_pipeline_dag.py
[2026-06-16T15:29:27.335+0000] {processor.py:830} INFO - Processing file /opt/airflow/dags/sdp_pipeline_dag.py for tasks to queue
[2026-06-16T15:29:27.338+0000] {logging_mixin.py:188} INFO - [2026-06-16T15:29:27.337+0000] {dagbag.py:540} INFO - Filling up the DagBag from /opt/airflow/dags/sdp_pipeline_dag.py
[2026-06-16T15:29:27.364+0000] {processor.py:840} INFO - DAG(s) 'e-commerce_kafka_streaming_pipeline_v10' retrieved from /opt/airflow/dags/sdp_pipeline_dag.py
[2026-06-16T15:29:27.406+0000] {logging_mixin.py:188} INFO - [2026-06-16T15:29:27.405+0000] {dag.py:3096} INFO - Sync 1 DAGs
[2026-06-16T15:29:27.441+0000] {logging_mixin.py:188} INFO - [2026-06-16T15:29:27.441+0000] {dag.py:3954} INFO - Setting next_dagrun for e-commerce_kafka_streaming_pipeline_v10 to 2026-06-16 15:00:00+00:00, run_after=2026-06-16 16:00:00+00:00
[2026-06-16T15:29:27.473+0000] {processor.py:183} INFO - Processing /opt/airflow/dags/sdp_pipeline_dag.py took 0.149 seconds
[2026-06-16T15:29:58.099+0000] {processor.py:161} INFO - Started process (PID=1585) to work on /opt/airflow/dags/sdp_pipeline_dag.py
[2026-06-16T15:29:58.101+0000] {processor.py:830} INFO - Processing file /opt/airflow/dags/sdp_pipeline_dag.py for tasks to queue
[2026-06-16T15:29:58.104+0000] {logging_mixin.py:188} INFO - [2026-06-16T15:29:58.104+0000] {dagbag.py:540} INFO - Filling up the DagBag from /opt/airflow/dags/sdp_pipeline_dag.py
[2026-06-16T15:29:58.135+0000] {processor.py:840} INFO - DAG(s) 'e-commerce_kafka_streaming_pipeline_v10' retrieved from /opt/airflow/dags/sdp_pipeline_dag.py
[2026-06-16T15:29:58.190+0000] {logging_mixin.py:188} INFO - [2026-06-16T15:29:58.189+0000] {dag.py:3096} INFO - Sync 1 DAGs
[2026-06-16T15:29:58.228+0000] {logging_mixin.py:188} INFO - [2026-06-16T15:29:58.228+0000] {dag.py:3954} INFO - Setting next_dagrun for e-commerce_kafka_streaming_pipeline_v10 to 2026-06-16 15:00:00+00:00, run_after=2026-06-16 16:00:00+00:00
[2026-06-16T15:29:58.257+0000] {processor.py:183} INFO - Processing /opt/airflow/dags/sdp_pipeline_dag.py took 0.166 seconds
[2026-06-16T15:30:28.967+0000] {processor.py:161} INFO - Started process (PID=1590) to work on /opt/airflow/dags/sdp_pipeline_dag.py
[2026-06-16T15:30:28.973+0000] {processor.py:830} INFO - Processing file /opt/airflow/dags/sdp_pipeline_dag.py for tasks to queue
[2026-06-16T15:30:28.982+0000] {logging_mixin.py:188} INFO - [2026-06-16T15:30:28.980+0000] {dagbag.py:540} INFO - Filling up the DagBag from /opt/airflow/dags/sdp_pipeline_dag.py
[2026-06-16T15:30:29.042+0000] {processor.py:840} INFO - DAG(s) 'e-commerce_kafka_streaming_pipeline_v10' retrieved from /opt/airflow/dags/sdp_pipeline_dag.py
[2026-06-16T15:30:29.128+0000] {logging_mixin.py:188} INFO - [2026-06-16T15:30:29.128+0000] {dag.py:3096} INFO - Sync 1 DAGs
[2026-06-16T15:30:29.163+0000] {logging_mixin.py:188} INFO - [2026-06-16T15:30:29.163+0000] {dag.py:3954} INFO - Setting next_dagrun for e-commerce_kafka_streaming_pipeline_v10 to 2026-06-16 15:00:00+00:00, run_after=2026-06-16 16:00:00+00:00
[2026-06-16T15:30:29.203+0000] {processor.py:183} INFO - Processing /opt/airflow/dags/sdp_pipeline_dag.py took 0.278 seconds
[2026-06-16T15:30:59.546+0000] {processor.py:161} INFO - Started process (PID=1595) to work on /opt/airflow/dags/sdp_pipeline_dag.py
[2026-06-16T15:30:59.549+0000] {processor.py:830} INFO - Processing file /opt/airflow/dags/sdp_pipeline_dag.py for tasks to queue
[2026-06-16T15:30:59.556+0000] {logging_mixin.py:188} INFO - [2026-06-16T15:30:59.555+0000] {dagbag.py:540} INFO - Filling up the DagBag from /opt/airflow/dags/sdp_pipeline_dag.py
[2026-06-16T15:30:59.662+0000] {processor.py:840} INFO - DAG(s) 'e-commerce_kafka_streaming_pipeline_v10' retrieved from /opt/airflow/dags/sdp_pipeline_dag.py
[2026-06-16T15:30:59.763+0000] {logging_mixin.py:188} INFO - [2026-06-16T15:30:59.762+0000] {dag.py:3096} INFO - Sync 1 DAGs
[2026-06-16T15:30:59.814+0000] {logging_mixin.py:188} INFO - [2026-06-16T15:30:59.814+0000] {dag.py:3954} INFO - Setting next_dagrun for e-commerce_kafka_streaming_pipeline_v10 to 2026-06-16 15:00:00+00:00, run_after=2026-06-16 16:00:00+00:00
[2026-06-16T15:30:59.844+0000] {processor.py:183} INFO - Processing /opt/airflow/dags/sdp_pipeline_dag.py took 0.322 seconds
[2026-06-16T15:31:30.503+0000] {processor.py:161} INFO - Started process (PID=1600) to work on /opt/airflow/dags/sdp_pipeline_dag.py
[2026-06-16T15:31:30.505+0000] {processor.py:830} INFO - Processing file /opt/airflow/dags/sdp_pipeline_dag.py for tasks to queue
[2026-06-16T15:31:30.509+0000] {logging_mixin.py:188} INFO - [2026-06-16T15:31:30.508+0000] {dagbag.py:540} INFO - Filling up the DagBag from /opt/airflow/dags/sdp_pipeline_dag.py
[2026-06-16T15:31:30.541+0000] {processor.py:840} INFO - DAG(s) 'e-commerce_kafka_streaming_pipeline_v10' retrieved from /opt/airflow/dags/sdp_pipeline_dag.py
[2026-06-16T15:31:30.586+0000] {logging_mixin.py:188} INFO - [2026-06-16T15:31:30.586+0000] {dag.py:3096} INFO - Sync 1 DAGs
[2026-06-16T15:31:30.625+0000] {logging_mixin.py:188} INFO - [2026-06-16T15:31:30.624+0000] {dag.py:3954} INFO - Setting next_dagrun for e-commerce_kafka_streaming_pipeline_v10 to 2026-06-16 15:00:00+00:00, run_after=2026-06-16 16:00:00+00:00
[2026-06-16T15:31:30.655+0000] {processor.py:183} INFO - Processing /opt/airflow/dags/sdp_pipeline_dag.py took 0.162 seconds
[2026-06-16T15:32:01.159+0000] {processor.py:161} INFO - Started process (PID=1605) to work on /opt/airflow/dags/sdp_pipeline_dag.py
[2026-06-16T15:32:01.165+0000] {processor.py:830} INFO - Processing file /opt/airflow/dags/sdp_pipeline_dag.py for tasks to queue
[2026-06-16T15:32:01.175+0000] {logging_mixin.py:188} INFO - [2026-06-16T15:32:01.173+0000] {dagbag.py:540} INFO - Filling up the DagBag from /opt/airflow/dags/sdp_pipeline_dag.py
[2026-06-16T15:32:01.271+0000] {processor.py:840} INFO - DAG(s) 'e-commerce_kafka_streaming_pipeline_v10' retrieved from /opt/airflow/dags/sdp_pipeline_dag.py
[2026-06-16T15:32:01.351+0000] {logging_mixin.py:188} INFO - [2026-06-16T15:32:01.351+0000] {dag.py:3096} INFO - Sync 1 DAGs
[2026-06-16T15:32:01.391+0000] {logging_mixin.py:188} INFO - [2026-06-16T15:32:01.391+0000] {dag.py:3954} INFO - Setting next_dagrun for e-commerce_kafka_streaming_pipeline_v10 to 2026-06-16 15:00:00+00:00, run_after=2026-06-16 16:00:00+00:00
[2026-06-16T15:32:01.426+0000] {processor.py:183} INFO - Processing /opt/airflow/dags/sdp_pipeline_dag.py took 0.297 seconds
[2026-06-16T15:32:31.977+0000] {processor.py:161} INFO - Started process (PID=1610) to work on /opt/airflow/dags/sdp_pipeline_dag.py
[2026-06-16T15:32:31.981+0000] {processor.py:830} INFO - Processing file /opt/airflow/dags/sdp_pipeline_dag.py for tasks to queue
[2026-06-16T15:32:31.989+0000] {logging_mixin.py:188} INFO - [2026-06-16T15:32:31.988+0000] {dagbag.py:540} INFO - Filling up the DagBag from /opt/airflow/dags/sdp_pipeline_dag.py
[2026-06-16T15:32:32.079+0000] {processor.py:840} INFO - DAG(s) 'e-commerce_kafka_streaming_pipeline_v10' retrieved from /opt/airflow/dags/sdp_pipeline_dag.py
[2026-06-16T15:32:32.207+0000] {logging_mixin.py:188} INFO - [2026-06-16T15:32:32.206+0000] {dag.py:3096} INFO - Sync 1 DAGs
[2026-06-16T15:32:32.287+0000] {logging_mixin.py:188} INFO - [2026-06-16T15:32:32.287+0000] {dag.py:3954} INFO - Setting next_dagrun for e-commerce_kafka_streaming_pipeline_v10 to 2026-06-16 15:00:00+00:00, run_after=2026-06-16 16:00:00+00:00
[2026-06-16T15:32:32.339+0000] {processor.py:183} INFO - Processing /opt/airflow/dags/sdp_pipeline_dag.py took 0.418 seconds
[2026-06-16T15:33:02.759+0000] {processor.py:161} INFO - Started process (PID=1615) to work on /opt/airflow/dags/sdp_pipeline_dag.py
[2026-06-16T15:33:02.763+0000] {processor.py:830} INFO - Processing file /opt/airflow/dags/sdp_pipeline_dag.py for tasks to queue
[2026-06-16T15:33:02.770+0000] {logging_mixin.py:188} INFO - [2026-06-16T15:33:02.769+0000] {dagbag.py:540} INFO - Filling up the DagBag from /opt/airflow/dags/sdp_pipeline_dag.py
[2026-06-16T15:33:02.853+0000] {processor.py:840} INFO - DAG(s) 'e-commerce_kafka_streaming_pipeline_v10' retrieved from /opt/airflow/dags/sdp_pipeline_dag.py
[2026-06-16T15:33:02.982+0000] {logging_mixin.py:188} INFO - [2026-06-16T15:33:02.981+0000] {dag.py:3096} INFO - Sync 1 DAGs
[2026-06-16T15:33:03.051+0000] {logging_mixin.py:188} INFO - [2026-06-16T15:33:03.051+0000] {dag.py:3954} INFO - Setting next_dagrun for e-commerce_kafka_streaming_pipeline_v10 to 2026-06-16 15:00:00+00:00, run_after=2026-06-16 16:00:00+00:00
[2026-06-16T15:33:03.102+0000] {processor.py:183} INFO - Processing /opt/airflow/dags/sdp_pipeline_dag.py took 0.387 seconds
[2026-06-16T15:33:33.638+0000] {processor.py:161} INFO - Started process (PID=1620) to work on /opt/airflow/dags/sdp_pipeline_dag.py
[2026-06-16T15:33:33.640+0000] {processor.py:830} INFO - Processing file /opt/airflow/dags/sdp_pipeline_dag.py for tasks to queue
[2026-06-16T15:33:33.644+0000] {logging_mixin.py:188} INFO - [2026-06-16T15:33:33.643+0000] {dagbag.py:540} INFO - Filling up the DagBag from /opt/airflow/dags/sdp_pipeline_dag.py
[2026-06-16T15:33:33.680+0000] {processor.py:840} INFO - DAG(s) 'e-commerce_kafka_streaming_pipeline_v10' retrieved from /opt/airflow/dags/sdp_pipeline_dag.py
[2026-06-16T15:33:33.737+0000] {logging_mixin.py:188} INFO - [2026-06-16T15:33:33.737+0000] {dag.py:3096} INFO - Sync 1 DAGs
[2026-06-16T15:33:33.795+0000] {logging_mixin.py:188} INFO - [2026-06-16T15:33:33.795+0000] {dag.py:3954} INFO - Setting next_dagrun for e-commerce_kafka_streaming_pipeline_v10 to 2026-06-16 15:00:00+00:00, run_after=2026-06-16 16:00:00+00:00
[2026-06-16T15:33:33.835+0000] {processor.py:183} INFO - Processing /opt/airflow/dags/sdp_pipeline_dag.py took 0.211 seconds
[2026-06-16T15:34:04.514+0000] {processor.py:161} INFO - Started process (PID=1625) to work on /opt/airflow/dags/sdp_pipeline_dag.py
[2026-06-16T15:34:04.521+0000] {processor.py:830} INFO - Processing file /opt/airflow/dags/sdp_pipeline_dag.py for tasks to queue
[2026-06-16T15:34:04.530+0000] {logging_mixin.py:188} INFO - [2026-06-16T15:34:04.528+0000] {dagbag.py:540} INFO - Filling up the DagBag from /opt/airflow/dags/sdp_pipeline_dag.py
[2026-06-16T15:34:04.609+0000] {processor.py:840} INFO - DAG(s) 'e-commerce_kafka_streaming_pipeline_v10' retrieved from /opt/airflow/dags/sdp_pipeline_dag.py
[2026-06-16T15:34:04.695+0000] {logging_mixin.py:188} INFO - [2026-06-16T15:34:04.694+0000] {dag.py:3096} INFO - Sync 1 DAGs
[2026-06-16T15:34:04.769+0000] {logging_mixin.py:188} INFO - [2026-06-16T15:34:04.768+0000] {dag.py:3954} INFO - Setting next_dagrun for e-commerce_kafka_streaming_pipeline_v10 to 2026-06-16 15:00:00+00:00, run_after=2026-06-16 16:00:00+00:00
[2026-06-16T15:34:04.831+0000] {processor.py:183} INFO - Processing /opt/airflow/dags/sdp_pipeline_dag.py took 0.372 seconds
[2026-06-16T15:34:35.326+0000] {processor.py:161} INFO - Started process (PID=1630) to work on /opt/airflow/dags/sdp_pipeline_dag.py
[2026-06-16T15:34:35.333+0000] {processor.py:830} INFO - Processing file /opt/airflow/dags/sdp_pipeline_dag.py for tasks to queue
[2026-06-16T15:34:35.345+0000] {logging_mixin.py:188} INFO - [2026-06-16T15:34:35.343+0000] {dagbag.py:540} INFO - Filling up the DagBag from /opt/airflow/dags/sdp_pipeline_dag.py
[2026-06-16T15:34:35.446+0000] {processor.py:840} INFO - DAG(s) 'e-commerce_kafka_streaming_pipeline_v10' retrieved from /opt/airflow/dags/sdp_pipeline_dag.py
[2026-06-16T15:34:35.527+0000] {logging_mixin.py:188} INFO - [2026-06-16T15:34:35.526+0000] {dag.py:3096} INFO - Sync 1 DAGs
[2026-06-16T15:34:35.567+0000] {logging_mixin.py:188} INFO - [2026-06-16T15:34:35.567+0000] {dag.py:3954} INFO - Setting next_dagrun for e-commerce_kafka_streaming_pipeline_v10 to 2026-06-16 15:00:00+00:00, run_after=2026-06-16 16:00:00+00:00
[2026-06-16T15:34:35.603+0000] {processor.py:183} INFO - Processing /opt/airflow/dags/sdp_pipeline_dag.py took 0.322 seconds
[2026-06-16T15:35:06.103+0000] {processor.py:161} INFO - Started process (PID=1635) to work on /opt/airflow/dags/sdp_pipeline_dag.py
[2026-06-16T15:35:06.105+0000] {processor.py:830} INFO - Processing file /opt/airflow/dags/sdp_pipeline_dag.py for tasks to queue
[2026-06-16T15:35:06.112+0000] {logging_mixin.py:188} INFO - [2026-06-16T15:35:06.112+0000] {dagbag.py:540} INFO - Filling up the DagBag from /opt/airflow/dags/sdp_pipeline_dag.py
[2026-06-16T15:35:06.147+0000] {processor.py:840} INFO - DAG(s) 'e-commerce_kafka_streaming_pipeline_v10' retrieved from /opt/airflow/dags/sdp_pipeline_dag.py
[2026-06-16T15:35:06.197+0000] {logging_mixin.py:188} INFO - [2026-06-16T15:35:06.197+0000] {dag.py:3096} INFO - Sync 1 DAGs
[2026-06-16T15:35:06.235+0000] {logging_mixin.py:188} INFO - [2026-06-16T15:35:06.234+0000] {dag.py:3954} INFO - Setting next_dagrun for e-commerce_kafka_streaming_pipeline_v10 to 2026-06-16 15:00:00+00:00, run_after=2026-06-16 16:00:00+00:00
[2026-06-16T15:35:06.265+0000] {processor.py:183} INFO - Processing /opt/airflow/dags/sdp_pipeline_dag.py took 0.189 seconds
[2026-06-16T15:35:36.827+0000] {processor.py:161} INFO - Started process (PID=1640) to work on /opt/airflow/dags/sdp_pipeline_dag.py
[2026-06-16T15:35:36.829+0000] {processor.py:830} INFO - Processing file /opt/airflow/dags/sdp_pipeline_dag.py for tasks to queue
[2026-06-16T15:35:36.835+0000] {logging_mixin.py:188} INFO - [2026-06-16T15:35:36.834+0000] {dagbag.py:540} INFO - Filling up the DagBag from /opt/airflow/dags/sdp_pipeline_dag.py
[2026-06-16T15:35:36.881+0000] {processor.py:840} INFO - DAG(s) 'e-commerce_kafka_streaming_pipeline_v10' retrieved from /opt/airflow/dags/sdp_pipeline_dag.py
[2026-06-16T15:35:36.939+0000] {logging_mixin.py:188} INFO - [2026-06-16T15:35:36.938+0000] {dag.py:3096} INFO - Sync 1 DAGs
[2026-06-16T15:35:36.993+0000] {logging_mixin.py:188} INFO - [2026-06-16T15:35:36.993+0000] {dag.py:3954} INFO - Setting next_dagrun for e-commerce_kafka_streaming_pipeline_v10 to 2026-06-16 15:00:00+00:00, run_after=2026-06-16 16:00:00+00:00
[2026-06-16T15:35:37.037+0000] {processor.py:183} INFO - Processing /opt/airflow/dags/sdp_pipeline_dag.py took 0.223 seconds
[2026-06-16T15:36:07.660+0000] {processor.py:161} INFO - Started process (PID=1645) to work on /opt/airflow/dags/sdp_pipeline_dag.py
[2026-06-16T15:36:07.663+0000] {processor.py:830} INFO - Processing file /opt/airflow/dags/sdp_pipeline_dag.py for tasks to queue
[2026-06-16T15:36:07.669+0000] {logging_mixin.py:188} INFO - [2026-06-16T15:36:07.668+0000] {dagbag.py:540} INFO - Filling up the DagBag from /opt/airflow/dags/sdp_pipeline_dag.py
[2026-06-16T15:36:07.726+0000] {processor.py:840} INFO - DAG(s) 'e-commerce_kafka_streaming_pipeline_v10' retrieved from /opt/airflow/dags/sdp_pipeline_dag.py
[2026-06-16T15:36:07.813+0000] {logging_mixin.py:188} INFO - [2026-06-16T15:36:07.813+0000] {dag.py:3096} INFO - Sync 1 DAGs
[2026-06-16T15:36:07.893+0000] {logging_mixin.py:188} INFO - [2026-06-16T15:36:07.892+0000] {dag.py:3954} INFO - Setting next_dagrun for e-commerce_kafka_streaming_pipeline_v10 to 2026-06-16 15:00:00+00:00, run_after=2026-06-16 16:00:00+00:00
[2026-06-16T15:36:07.961+0000] {processor.py:183} INFO - Processing /opt/airflow/dags/sdp_pipeline_dag.py took 0.332 seconds
[2026-06-16T15:36:38.449+0000] {processor.py:161} INFO - Started process (PID=1650) to work on /opt/airflow/dags/sdp_pipeline_dag.py
[2026-06-16T15:36:38.451+0000] {processor.py:830} INFO - Processing file /opt/airflow/dags/sdp_pipeline_dag.py for tasks to queue
[2026-06-16T15:36:38.454+0000] {logging_mixin.py:188} INFO - [2026-06-16T15:36:38.453+0000] {dagbag.py:540} INFO - Filling up the DagBag from /opt/airflow/dags/sdp_pipeline_dag.py
[2026-06-16T15:36:38.492+0000] {processor.py:840} INFO - DAG(s) 'e-commerce_kafka_streaming_pipeline_v10' retrieved from /opt/airflow/dags/sdp_pipeline_dag.py
[2026-06-16T15:36:38.538+0000] {logging_mixin.py:188} INFO - [2026-06-16T15:36:38.538+0000] {dag.py:3096} INFO - Sync 1 DAGs
[2026-06-16T15:36:38.572+0000] {logging_mixin.py:188} INFO - [2026-06-16T15:36:38.572+0000] {dag.py:3954} INFO - Setting next_dagrun for e-commerce_kafka_streaming_pipeline_v10 to 2026-06-16 15:00:00+00:00, run_after=2026-06-16 16:00:00+00:00
[2026-06-16T15:36:38.604+0000] {processor.py:183} INFO - Processing /opt/airflow/dags/sdp_pipeline_dag.py took 0.166 seconds
[2026-06-16T15:37:09.214+0000] {processor.py:161} INFO - Started process (PID=1655) to work on /opt/airflow/dags/sdp_pipeline_dag.py
[2026-06-16T15:37:09.217+0000] {processor.py:830} INFO - Processing file /opt/airflow/dags/sdp_pipeline_dag.py for tasks to queue
[2026-06-16T15:37:09.224+0000] {logging_mixin.py:188} INFO - [2026-06-16T15:37:09.222+0000] {dagbag.py:540} INFO - Filling up the DagBag from /opt/airflow/dags/sdp_pipeline_dag.py
[2026-06-16T15:37:09.297+0000] {processor.py:840} INFO - DAG(s) 'e-commerce_kafka_streaming_pipeline_v10' retrieved from /opt/airflow/dags/sdp_pipeline_dag.py
[2026-06-16T15:37:09.403+0000] {logging_mixin.py:188} INFO - [2026-06-16T15:37:09.402+0000] {dag.py:3096} INFO - Sync 1 DAGs
[2026-06-16T15:37:09.484+0000] {logging_mixin.py:188} INFO - [2026-06-16T15:37:09.483+0000] {dag.py:3954} INFO - Setting next_dagrun for e-commerce_kafka_streaming_pipeline_v10 to 2026-06-16 15:00:00+00:00, run_after=2026-06-16 16:00:00+00:00
[2026-06-16T15:37:09.544+0000] {processor.py:183} INFO - Processing /opt/airflow/dags/sdp_pipeline_dag.py took 0.364 seconds
[2026-06-16T15:37:40.043+0000] {processor.py:161} INFO - Started process (PID=1660) to work on /opt/airflow/dags/sdp_pipeline_dag.py
[2026-06-16T15:37:40.048+0000] {processor.py:830} INFO - Processing file /opt/airflow/dags/sdp_pipeline_dag.py for tasks to queue
[2026-06-16T15:37:40.055+0000] {logging_mixin.py:188} INFO - [2026-06-16T15:37:40.054+0000] {dagbag.py:540} INFO - Filling up the DagBag from /opt/airflow/dags/sdp_pipeline_dag.py
[2026-06-16T15:37:40.109+0000] {processor.py:840} INFO - DAG(s) 'e-commerce_kafka_streaming_pipeline_v10' retrieved from /opt/airflow/dags/sdp_pipeline_dag.py
[2026-06-16T15:37:40.215+0000] {logging_mixin.py:188} INFO - [2026-06-16T15:37:40.215+0000] {dag.py:3096} INFO - Sync 1 DAGs
[2026-06-16T15:37:40.289+0000] {logging_mixin.py:188} INFO - [2026-06-16T15:37:40.288+0000] {dag.py:3954} INFO - Setting next_dagrun for e-commerce_kafka_streaming_pipeline_v10 to 2026-06-16 15:00:00+00:00, run_after=2026-06-16 16:00:00+00:00
[2026-06-16T15:37:40.347+0000] {processor.py:183} INFO - Processing /opt/airflow/dags/sdp_pipeline_dag.py took 0.337 seconds
[2026-06-16T15:38:10.928+0000] {processor.py:161} INFO - Started process (PID=1665) to work on /opt/airflow/dags/sdp_pipeline_dag.py
[2026-06-16T15:38:10.929+0000] {processor.py:830} INFO - Processing file /opt/airflow/dags/sdp_pipeline_dag.py for tasks to queue
[2026-06-16T15:38:10.932+0000] {logging_mixin.py:188} INFO - [2026-06-16T15:38:10.932+0000] {dagbag.py:540} INFO - Filling up the DagBag from /opt/airflow/dags/sdp_pipeline_dag.py
[2026-06-16T15:38:10.961+0000] {processor.py:840} INFO - DAG(s) 'e-commerce_kafka_streaming_pipeline_v10' retrieved from /opt/airflow/dags/sdp_pipeline_dag.py
[2026-06-16T15:38:11.013+0000] {logging_mixin.py:188} INFO - [2026-06-16T15:38:11.012+0000] {dag.py:3096} INFO - Sync 1 DAGs
[2026-06-16T15:38:11.050+0000] {logging_mixin.py:188} INFO - [2026-06-16T15:38:11.050+0000] {dag.py:3954} INFO - Setting next_dagrun for e-commerce_kafka_streaming_pipeline_v10 to 2026-06-16 15:00:00+00:00, run_after=2026-06-16 16:00:00+00:00
[2026-06-16T15:38:11.079+0000] {processor.py:183} INFO - Processing /opt/airflow/dags/sdp_pipeline_dag.py took 0.174 seconds
[2026-06-16T18:39:03.233+0000] {processor.py:161} INFO - Started process (PID=1674) to work on /opt/airflow/dags/sdp_pipeline_dag.py
[2026-06-16T18:39:03.286+0000] {processor.py:830} INFO - Processing file /opt/airflow/dags/sdp_pipeline_dag.py for tasks to queue
[2026-06-16T18:39:03.315+0000] {logging_mixin.py:188} INFO - [2026-06-16T18:39:03.313+0000] {dagbag.py:540} INFO - Filling up the DagBag from /opt/airflow/dags/sdp_pipeline_dag.py
[2026-06-16T18:39:03.742+0000] {processor.py:840} INFO - DAG(s) 'e-commerce_kafka_streaming_pipeline_v10' retrieved from /opt/airflow/dags/sdp_pipeline_dag.py
[2026-06-16T18:39:04.352+0000] {logging_mixin.py:188} INFO - [2026-06-16T18:39:04.339+0000] {dag.py:3096} INFO - Sync 1 DAGs
[2026-06-16T18:39:04.966+0000] {logging_mixin.py:188} INFO - [2026-06-16T18:39:04.966+0000] {dag.py:3954} INFO - Setting next_dagrun for e-commerce_kafka_streaming_pipeline_v10 to 2026-06-16 18:00:00+00:00, run_after=2026-06-16 19:00:00+00:00
[2026-06-16T18:39:16.372+0000] {processor.py:183} INFO - Processing /opt/airflow/dags/sdp_pipeline_dag.py took 13.287 seconds
